{
"type": "FeatureCollection",
"name": "crane_parcels_enriched",
"crs": { "type": "name", "properties": { "name": "urn:ogc:def:crs:OGC:1.3:CRS84" } },
"features": [
{ "type": "Feature", "properties": { "ABSTRACT_L": "A-1", "ABSTRACT_N": "1031", "LEVEL1_SUR": "CORDONA, J", "LEVEL2_BLO": null, "LEVEL3_SUR": null, "Surv_Sect": null, "SHAPE_AREA": 4129.728511525027, "owner_count": 0, "owners_json": [ ], "top_operator": "", "top_owner": "", "max_propensity_score": 0, "field_name": "Unknown", "production_status": "none", "pdp_well_count": 0, "pud_well_count": 0, "well_count": 0, "permit_count": 0 }, "geometry": { "type": "Polygon", "coordinates": [ [ [ -102.531497815616447, 31.299708913127571 ], [ -102.554724241456142, 31.300028837437424 ], [ -102.569877210016202, 31.300235306268096 ], [ -102.574760872920123, 31.300301465452339 ], [ -102.574710724377567, 31.303012974269762 ], [ -102.574311751677456, 31.324578786603901 ], [ -102.574088016747169, 31.336667830328231 ], [ -102.562592479541408, 31.336628664818974 ], [ -102.546081815338383, 31.336570626326807 ], [ -102.530799072394274, 31.336515015307558 ], [ -102.530854130212887, 31.333616098535437 ], [ -102.530943453388119, 31.328912138201712 ], [ -102.53094533723916, 31.328813037385835 ], [ -102.531042448158175, 31.323698678383462 ], [ -102.531042446153108, 31.323698602759141 ], [ -102.531218931802215, 31.314402476713457 ], [ -102.531497815616447, 31.299708913127571 ] ] ] } },
{ "type": "Feature", "properties": { "ABSTRACT_L": "A-10", "ABSTRACT_N": "10310", "LEVEL1_SUR": "CCSD&RGNG RR CO", "LEVEL2_BLO": "F", "LEVEL3_SUR": "209", "Surv_Sect": "209", "SHAPE_AREA": 643.16364141950078, "owner_count": 0, "owners_json": [ ], "top_operator": "", "top_owner": "", "max_propensity_score": 0, "field_name": "Unknown", "production_status": "none", "pdp_well_count": 0, "pud_well_count": 0, "well_count": 0, "permit_count": 0 }, "geometry": { "type": "Polygon", "coordinates": [ [ [ -102.322937160661837, 31.323598195530387 ], [ -102.325986741459488, 31.322909991153672 ], [ -102.326825362650055, 31.322685144831084 ], [ -102.331538519007481, 31.33685344706123 ], [ -102.330750643328741, 31.337044392786794 ], [ -102.327637715849377, 31.337731773920332 ], [ -102.315020893948599, 31.340547458674397 ], [ -102.311929251111451, 31.331257020113192 ], [ -102.311762096074105, 31.32617544800874 ], [ -102.322937160661837, 31.323598195530387 ] ] ] } },
{ "type": "Feature", "properties": { "ABSTRACT_L": "A-100", "ABSTRACT_N": "103100", "LEVEL1_SUR": "H&TC RR CO", "LEVEL2_BLO": "31", "LEVEL3_SUR": "11", "Surv_Sect": "11", "SHAPE_AREA": 569.32669634816182, "owner_count": 0, "owners_json": [ ], "top_operator": "", "top_owner": "", "max_propensity_score": 0, "field_name": "Unknown", "production_status": "none", "pdp_well_count": 0, "pud_well_count": 0, "well_count": 0, "permit_count": 0 }, "geometry": { "type": "Polygon", "coordinates": [ [ [ -102.359914606324153, 31.086904131815924 ], [ -102.37107956609772, 31.087025450433874 ], [ -102.352988011709627, 31.105524127410224 ], [ -102.349926044524508, 31.108673822443166 ], [ -102.343336297210826, 31.10384571079382 ], [ -102.359914606324153, 31.086904131815924 ] ] ] } },
{ "type": "Feature", "properties": { "ABSTRACT_L": "A-1000", "ABSTRACT_N": "1031000", "LEVEL1_SUR": "CROSS, J F", "LEVEL2_BLO": null, "LEVEL3_SUR": "3", "Surv_Sect": "3", "SHAPE_AREA": 73.896875148042199, "owner_count": 0, "owners_json": [ ], "top_operator": "", "top_owner": "", "max_propensity_score": 0, "field_name": "Unknown", "production_status": "none", "pdp_well_count": 0, "pud_well_count": 0, "well_count": 0, "permit_count": 0 }, "geometry": { "type": "Polygon", "coordinates": [ [ [ -102.547666409991677, 31.351535148125706 ], [ -102.563310855310945, 31.363013588082207 ], [ -102.562145677174215, 31.364102118564539 ], [ -102.546705551635441, 31.352517015214481 ], [ -102.547666409991677, 31.351535148125706 ] ] ] } },
{ "type": "Feature", "properties": { "ABSTRACT_L": "A-1002", "ABSTRACT_N": "1031002", "LEVEL1_SUR": "MILLS, N", "LEVEL2_BLO": null, "LEVEL3_SUR": "2", "Surv_Sect": "2", "SHAPE_AREA": 113.1721139387692, "owner_count": 0, "owners_json": [ ], "top_operator": "", "top_owner": "", "max_propensity_score": 0, "field_name": "Unknown", "production_status": "none", "pdp_well_count": 0, "pud_well_count": 0, "well_count": 0, "permit_count": 0 }, "geometry": { "type": "Polygon", "coordinates": [ [ [ -102.378500891071241, 31.11385967369598 ], [ -102.378964028839363, 31.114174444861813 ], [ -102.384935913375429, 31.118778993445556 ], [ -102.381146210900397, 31.122541294626497 ], [ -102.374678198939506, 31.117760661446606 ], [ -102.378500891071241, 31.11385967369598 ] ] ] } },
{ "type": "Feature", "properties": { "ABSTRACT_L": "A-1005", "ABSTRACT_N": "1031005", "LEVEL1_SUR": "BATES, W A", "LEVEL2_BLO": null, "LEVEL3_SUR": "40", "Surv_Sect": "40", "SHAPE_AREA": 308.10079374519364, "owner_count": 0, "owners_json": [ ], "top_operator": "", "top_owner": "", "max_propensity_score": 0, "field_name": "Unknown", "production_status": "none", "pdp_well_count": 0, "pud_well_count": 0, "well_count": 0, "permit_count": 0 }, "geometry": { "type": "Polygon", "coordinates": [ [ [ -102.36073251960552, 31.400108292908527 ], [ -102.362283643400175, 31.404915204501105 ], [ -102.362283595476384, 31.404915212252384 ], [ -102.365508389209765, 31.414910311865878 ], [ -102.358182683944207, 31.416689672219299 ], [ -102.354712104964818, 31.406270517306076 ], [ -102.353249652482518, 31.401877881900855 ], [ -102.36073251960552, 31.400108292908527 ] ] ] } },
{ "type": "Feature", "properties": { "ABSTRACT_L": "A-1006", "ABSTRACT_N": "1031006", "LEVEL1_SUR": "H&TC RR CO", "LEVEL2_BLO": "1", "LEVEL3_SUR": "16", "Surv_Sect": "16", "SHAPE_AREA": 320.63643491046469, "owner_count": 0, "owners_json": [ ], "top_operator": "", "top_owner": "", "max_propensity_score": 0, "field_name": "Unknown", "production_status": "none", "pdp_well_count": 0, "pud_well_count": 0, "well_count": 0, "permit_count": 0 }, "geometry": { "type": "Polygon", "coordinates": [ [ [ -102.612602075888134, 31.284679052327181 ], [ -102.612756964689638, 31.284780022149448 ], [ -102.612935567542138, 31.284966957649964 ], [ -102.613205550977654, 31.285283486596953 ], [ -102.591174614894655, 31.307609792220177 ], [ -102.590226987314225, 31.308544283536111 ], [ -102.587055929920979, 31.30612837182219 ], [ -102.608354132875817, 31.28454961050355 ], [ -102.608411419698442, 31.28491303317842 ], [ -102.60832777035067, 31.285176788857257 ], [ -102.608251219668333, 31.285408085455941 ], [ -102.608270108601744, 31.28562782253989 ], [ -102.608302025413352, 31.285754448849911 ], [ -102.60838512917735, 31.285892398144224 ], [ -102.608512507571419, 31.286096206126832 ], [ -102.608685149045769, 31.286140190995976 ], [ -102.608972572161349, 31.286047040995193 ], [ -102.6092346844991, 31.285937196808007 ], [ -102.609733438185543, 31.285722842106804 ], [ -102.610014671212795, 31.285580294905021 ], [ -102.610327810928851, 31.285476319200271 ], [ -102.610672936190127, 31.285311825826852 ], [ -102.610999022692127, 31.285169059949759 ], [ -102.611197402761832, 31.285086642640174 ], [ -102.611561659017667, 31.285020814014565 ], [ -102.612034772724144, 31.284878519363314 ], [ -102.612187967785431, 31.284741294671718 ], [ -102.612348764103743, 31.284655665293421 ], [ -102.612455325369055, 31.284665503188531 ], [ -102.612602075888134, 31.284679052327181 ] ] ] } },
{ "type": "Feature", "properties": { "ABSTRACT_L": "A-1007", "ABSTRACT_N": "1031007", "LEVEL1_SUR": "H&TC RR CO", "LEVEL2_BLO": "4", "LEVEL3_SUR": "18", "Surv_Sect": "18", "SHAPE_AREA": 658.17436493014964, "owner_count": 0, "owners_json": [ ], "top_operator": "", "top_owner": "", "max_propensity_score": 0, "field_name": "Unknown", "production_status": "none", "pdp_well_count": 0, "pud_well_count": 0, "well_count": 0, "permit_count": 0 }, "geometry": { "type": "Polygon", "coordinates": [ [ [ -102.725656794845207, 31.37544536066908 ], [ -102.725243950596479, 31.375137622314568 ], [ -102.712628574537391, 31.365746658174761 ], [ -102.723724110988172, 31.354758390131682 ], [ -102.73691071934546, 31.364359081518181 ], [ -102.725969140442217, 31.375138206637082 ], [ -102.725656794845207, 31.37544536066908 ] ] ] } },
{ "type": "Feature", "properties": { "ABSTRACT_L": "A-1008", "ABSTRACT_N": "1031008", "LEVEL1_SUR": "H&TC RR CO", "LEVEL2_BLO": "4", "LEVEL3_SUR": "24", "Surv_Sect": "24", "SHAPE_AREA": 224.80291610389546, "owner_count": 0, "owners_json": [ ], "top_operator": "", "top_owner": "", "max_propensity_score": 0, "field_name": "Unknown", "production_status": "none", "pdp_well_count": 0, "pud_well_count": 0, "well_count": 0, "permit_count": 0 }, "geometry": { "type": "Polygon", "coordinates": [ [ [ -102.750438019215665, 31.342659776080037 ], [ -102.742003500739017, 31.336402086636141 ], [ -102.745715920405402, 31.332595153372985 ], [ -102.750438024316281, 31.336082961362067 ], [ -102.75043814722855, 31.336083055055813 ], [ -102.75229553072063, 31.337454809046829 ], [ -102.758874703768697, 31.342313253875719 ], [ -102.755064583582111, 31.346091673801773 ], [ -102.750438182977931, 31.342659896421765 ], [ -102.750438019215665, 31.342659776080037 ] ] ] } },
{ "type": "Feature", "properties": { "ABSTRACT_L": "A-1009", "ABSTRACT_N": "1031009", "LEVEL1_SUR": "H&TC RR CO", "LEVEL2_BLO": "1", "LEVEL3_SUR": "14", "Surv_Sect": "14", "SHAPE_AREA": 327.12586911951257, "owner_count": 0, "owners_json": [ ], "top_operator": "", "top_owner": "", "max_propensity_score": 0, "field_name": "Unknown", "production_status": "none", "pdp_well_count": 0, "pud_well_count": 0, "well_count": 0, "permit_count": 0 }, "geometry": { "type": "Polygon", "coordinates": [ [ [ -102.581364793367101, 31.295350583953354 ], [ -102.578139888085857, 31.293129062665408 ], [ -102.600935167572473, 31.269831157024264 ], [ -102.601072157362708, 31.269838771016634 ], [ -102.601276381360663, 31.269955044852171 ], [ -102.601525104761237, 31.270174980267392 ], [ -102.601575942947164, 31.270422293130196 ], [ -102.601543558861025, 31.270686397656625 ], [ -102.60143473942199, 31.270967164272299 ], [ -102.601185213474409, 31.271373893235129 ], [ -102.60110809861014, 31.271802608998428 ], [ -102.601248325271698, 31.272110701376871 ], [ -102.601266915350379, 31.272291925167604 ], [ -102.601388490229496, 31.272242714243934 ], [ -102.601503728885447, 31.272166108899398 ], [ -102.601726859441158, 31.272138939246314 ], [ -102.601899436416147, 31.272094879965678 ], [ -102.602155148232569, 31.271825592218001 ], [ -102.602264042782124, 31.271562027120297 ], [ -102.602436721070148, 31.271171960131948 ], [ -102.602645178546879, 31.270848570989909 ], [ -102.602759794998818, 31.270770683762674 ], [ -102.603050235376003, 31.270633413320965 ], [ -102.603298999767063, 31.270650423203424 ], [ -102.603688374068895, 31.270727881956478 ], [ -102.603937399339856, 31.271118412084267 ], [ -102.604032712058313, 31.27136619152752 ], [ -102.604039064602119, 31.27164120450924 ], [ -102.604045217598966, 31.271894209678546 ], [ -102.604084547247609, 31.272147407365065 ], [ -102.581364793367101, 31.295350583953354 ] ] ] } },
{ "type": "Feature", "properties": { "ABSTRACT_L": "A-101", "ABSTRACT_N": "103101", "LEVEL1_SUR": "H&TC RR CO", "LEVEL2_BLO": "31", "LEVEL3_SUR": "13", "Surv_Sect": "13", "SHAPE_AREA": 335.4670225964469, "owner_count": 0, "owners_json": [ ], "top_operator": "", "top_owner": "", "max_propensity_score": 0, "field_name": "Unknown", "production_status": "none", "pdp_well_count": 0, "pud_well_count": 0, "well_count": 0, "permit_count": 0 }, "geometry": { "type": "Polygon", "coordinates": [ [ [ -102.349272589391504, 31.08678759248933 ], [ -102.335991394487976, 31.100408012981848 ], [ -102.329337343884717, 31.095512267850793 ], [ -102.337979944993108, 31.086662973059848 ], [ -102.349272589391504, 31.08678759248933 ] ] ] } },
{ "type": "Feature", "properties": { "ABSTRACT_L": "A-1010", "ABSTRACT_N": "1031010", "LEVEL1_SUR": "PSL", "LEVEL2_BLO": "B17", "LEVEL3_SUR": "2", "Surv_Sect": "2", "SHAPE_AREA": 693.13225781907693, "owner_count": 0, "owners_json": [ ], "top_operator": "", "top_owner": "", "max_propensity_score": 0, "field_name": "Unknown", "production_status": "none", "pdp_well_count": 0, "pud_well_count": 0, "well_count": 0, "permit_count": 0 }, "geometry": { "type": "Polygon", "coordinates": [ [ [ -102.748564946962077, 31.631422475705861 ], [ -102.750439447528095, 31.637019482230738 ], [ -102.750439553084661, 31.637019796393009 ], [ -102.753236063081701, 31.645368839813347 ], [ -102.750439716509803, 31.646065636817525 ], [ -102.750439596774541, 31.64606566686366 ], [ -102.735550520327081, 31.649775557494486 ], [ -102.735281062562407, 31.648988881826426 ], [ -102.731003081972574, 31.635754505014738 ], [ -102.748564946962077, 31.631422475705861 ] ] ] } },
{ "type": "Feature", "properties": { "ABSTRACT_L": "A-1011", "ABSTRACT_N": "1031011", "LEVEL1_SUR": "PSL", "LEVEL2_BLO": "B17", "LEVEL3_SUR": "5", "Surv_Sect": "5", "SHAPE_AREA": 706.58933140376587, "owner_count": 0, "owners_json": [ ], "top_operator": "", "top_owner": "", "max_propensity_score": 0, "field_name": "Unknown", "production_status": "none", "pdp_well_count": 0, "pud_well_count": 0, "well_count": 0, "permit_count": 0 }, "geometry": { "type": "Polygon", "coordinates": [ [ [ -102.743938295346126, 31.617074647605016 ], [ -102.748564946962077, 31.631422475705861 ], [ -102.731003081972574, 31.635754505014738 ], [ -102.730822812895497, 31.635188094242416 ], [ -102.726357524979406, 31.621460177860641 ], [ -102.743938295346126, 31.617074647605016 ] ] ] } },
{ "type": "Feature", "properties": { "ABSTRACT_L": "A-1012", "ABSTRACT_N": "1031012", "LEVEL1_SUR": "PSL", "LEVEL2_BLO": "B17", "LEVEL3_SUR": "6", "Surv_Sect": "6", "SHAPE_AREA": 698.46336670756614, "owner_count": 0, "owners_json": [ ], "top_operator": "", "top_owner": "", "max_propensity_score": 0, "field_name": "Unknown", "production_status": "none", "pdp_well_count": 0, "pud_well_count": 0, "well_count": 0, "permit_count": 0 }, "geometry": { "type": "Polygon", "coordinates": [ [ [ -102.726357524979406, 31.621460177860641 ], [ -102.726209951673283, 31.620939149989084 ], [ -102.721816408190918, 31.607115996386923 ], [ -102.722980743965749, 31.606828165699088 ], [ -102.739567393844837, 31.603130483470146 ], [ -102.739669688503582, 31.603446114827051 ], [ -102.743938295346126, 31.617074647605016 ], [ -102.726357524979406, 31.621460177860641 ] ] ] } },
{ "type": "Feature", "properties": { "ABSTRACT_L": "A-1013", "ABSTRACT_N": "1031013", "LEVEL1_SUR": "H&TC RR CO", "LEVEL2_BLO": "3", "LEVEL3_SUR": "14", "Surv_Sect": "14", "SHAPE_AREA": 614.83012394471587, "owner_count": 0, "owners_json": [ ], "top_operator": "", "top_owner": "", "max_propensity_score": 0, "field_name": "Unknown", "production_status": "none", "pdp_well_count": 0, "pud_well_count": 0, "well_count": 0, "permit_count": 0 }, "geometry": { "type": "Polygon", "coordinates": [ [ [ -102.653577598090564, 31.379452490783795 ], [ -102.647578947152311, 31.375138488954359 ], [ -102.64126432235831, 31.370594493344797 ], [ -102.652310216513058, 31.359653882164903 ], [ -102.664976794359845, 31.368794095061777 ], [ -102.658192980782388, 31.375137892790491 ], [ -102.653577598090564, 31.379452490783795 ] ] ] } },
{ "type": "Feature", "properties": { "ABSTRACT_L": "A-1014", "ABSTRACT_N": "1031014", "LEVEL1_SUR": "PSL", "LEVEL2_BLO": "B27", "LEVEL3_SUR": "26", "Surv_Sect": "26", "SHAPE_AREA": 626.81780964094071, "owner_count": 0, "owners_json": [ ], "top_operator": "", "top_owner": "", "max_propensity_score": 0, "field_name": "Unknown", "production_status": "none", "pdp_well_count": 0, "pud_well_count": 0, "well_count": 0, "permit_count": 0 }, "geometry": { "type": "Polygon", "coordinates": [ [ [ -102.672677120305849, 31.394001718420416 ], [ -102.676572806921484, 31.406180346254146 ], [ -102.660172522232244, 31.409917936779419 ], [ -102.655821624031262, 31.396153775446937 ], [ -102.67082396237663, 31.392727486167075 ], [ -102.672677120305849, 31.394001718420416 ] ] ] } },
{ "type": "Feature", "properties": { "ABSTRACT_L": "A-1015", "ABSTRACT_N": "1031015", "LEVEL1_SUR": "PSL", "LEVEL2_BLO": "B27", "LEVEL3_SUR": "27", "Surv_Sect": "27", "SHAPE_AREA": 635.33889615593034, "owner_count": 0, "owners_json": [ ], "top_operator": "", "top_owner": "", "max_propensity_score": 0, "field_name": "Unknown", "production_status": "none", "pdp_well_count": 0, "pud_well_count": 0, "well_count": 0, "permit_count": 0 }, "geometry": { "type": "Polygon", "coordinates": [ [ [ -102.660172522232244, 31.409917936779419 ], [ -102.643686847704302, 31.413673048130626 ], [ -102.639266096243048, 31.399911864949935 ], [ -102.655821624031262, 31.396153775446937 ], [ -102.660172522232244, 31.409917936779419 ] ] ] } },
{ "type": "Feature", "properties": { "ABSTRACT_L": "A-1016", "ABSTRACT_N": "1031016", "LEVEL1_SUR": "PSL", "LEVEL2_BLO": "B27", "LEVEL3_SUR": "30", "Surv_Sect": "30", "SHAPE_AREA": 784.06786935810271, "owner_count": 0, "owners_json": [ ], "top_operator": "", "top_owner": "", "max_propensity_score": 0, "field_name": "Unknown", "production_status": "none", "pdp_well_count": 0, "pud_well_count": 0, "well_count": 0, "permit_count": 0 }, "geometry": { "type": "Polygon", "coordinates": [ [ [ -102.653970302634178, 31.380499603292193 ], [ -102.666474901748245, 31.389597844010197 ], [ -102.67082396237663, 31.392727486167075 ], [ -102.655821624031262, 31.396153775446937 ], [ -102.639266096243048, 31.399911864949935 ], [ -102.633336418971737, 31.401284325186989 ], [ -102.642928314228669, 31.391623874893877 ], [ -102.653970302634178, 31.380499603292193 ] ] ] } },
{ "type": "Feature", "properties": { "ABSTRACT_L": "A-1017", "ABSTRACT_N": "1031017", "LEVEL1_SUR": "PSL", "LEVEL2_BLO": "32", "LEVEL3_SUR": "27", "Surv_Sect": "27", "SHAPE_AREA": 644.66794441235015, "owner_count": 0, "owners_json": [ ], "top_operator": "", "top_owner": "", "max_propensity_score": 0, "field_name": "Unknown", "production_status": "none", "pdp_well_count": 0, "pud_well_count": 0, "well_count": 0, "permit_count": 0 }, "geometry": { "type": "Polygon", "coordinates": [ [ [ -102.562549029852548, 31.447818620128 ], [ -102.54618722566174, 31.451765680109936 ], [ -102.541551697692597, 31.43766874037366 ], [ -102.55792344854126, 31.433862340765749 ], [ -102.562549029852548, 31.447818620128 ] ] ] } },
{ "type": "Feature", "properties": { "ABSTRACT_L": "A-1018", "ABSTRACT_N": "1031018", "LEVEL1_SUR": "PSL", "LEVEL2_BLO": "32", "LEVEL3_SUR": "28", "Surv_Sect": "28", "SHAPE_AREA": 639.44422409725803, "owner_count": 0, "owners_json": [ ], "top_operator": "", "top_owner": "", "max_propensity_score": 0, "field_name": "Unknown", "production_status": "none", "pdp_well_count": 0, "pud_well_count": 0, "well_count": 0, "permit_count": 0 }, "geometry": { "type": "Polygon", "coordinates": [ [ [ -102.578871022206755, 31.443900521645098 ], [ -102.562549029852548, 31.447818620128 ], [ -102.55792344854126, 31.433862340765749 ], [ -102.574246312711949, 31.429983954415022 ], [ -102.578871022206755, 31.443900521645098 ] ] ] } },
{ "type": "Feature", "properties": { "ABSTRACT_L": "A-1019", "ABSTRACT_N": "1031019", "LEVEL1_SUR": "PSL", "LEVEL2_BLO": "32", "LEVEL3_SUR": "33", "Surv_Sect": "33", "SHAPE_AREA": 640.69768936529169, "owner_count": 0, "owners_json": [ ], "top_operator": "", "top_owner": "", "max_propensity_score": 0, "field_name": "Unknown", "production_status": "none", "pdp_well_count": 0, "pud_well_count": 0, "well_count": 0, "permit_count": 0 }, "geometry": { "type": "Polygon", "coordinates": [ [ [ -102.569663403660357, 31.41596042469132 ], [ -102.574246312711949, 31.429983954415022 ], [ -102.55792344854126, 31.433862340765749 ], [ -102.553389799463801, 31.419887528584841 ], [ -102.569663403660357, 31.41596042469132 ] ] ] } },
{ "type": "Feature", "properties": { "ABSTRACT_L": "A-102", "ABSTRACT_N": "103102", "LEVEL1_SUR": "H&TC RR CO", "LEVEL2_BLO": "31", "LEVEL3_SUR": "15", "Surv_Sect": "15", "SHAPE_AREA": 122.25898041808058, "owner_count": 0, "owners_json": [ ], "top_operator": "", "top_owner": "", "max_propensity_score": 0, "field_name": "Unknown", "production_status": "none", "pdp_well_count": 0, "pud_well_count": 0, "well_count": 0, "permit_count": 0 }, "geometry": { "type": "Polygon", "coordinates": [ [ [ -102.316079740527371, 31.086418486963971 ], [ -102.327099371031224, 31.086541970704175 ], [ -102.322933357685088, 31.090830431425282 ], [ -102.32075372948411, 31.093056976836937 ], [ -102.314247468349251, 31.088285758285423 ], [ -102.316079740527371, 31.086418486963971 ] ] ] } },
{ "type": "Feature", "properties": { "ABSTRACT_L": "A-1020", "ABSTRACT_N": "1031020", "LEVEL1_SUR": "PSL", "LEVEL2_BLO": "32", "LEVEL3_SUR": "34", "Surv_Sect": "34", "SHAPE_AREA": 640.21487729416526, "owner_count": 0, "owners_json": [ ], "top_operator": "", "top_owner": "", "max_propensity_score": 0, "field_name": "Unknown", "production_status": "none", "pdp_well_count": 0, "pud_well_count": 0, "well_count": 0, "permit_count": 0 }, "geometry": { "type": "Polygon", "coordinates": [ [ [ -102.553389799463801, 31.419887528584841 ], [ -102.55792344854126, 31.433862340765749 ], [ -102.541551697692597, 31.43766874037366 ], [ -102.536967353123245, 31.423816159620525 ], [ -102.553389799463801, 31.419887528584841 ] ] ] } },
{ "type": "Feature", "properties": { "ABSTRACT_L": "A-1021", "ABSTRACT_N": "1031021", "LEVEL1_SUR": "PSL", "LEVEL2_BLO": "32", "LEVEL3_SUR": "41", "Surv_Sect": "41", "SHAPE_AREA": 640.52225319225465, "owner_count": 0, "owners_json": [ ], "top_operator": "", "top_owner": "", "max_propensity_score": 0, "field_name": "Unknown", "production_status": "none", "pdp_well_count": 0, "pud_well_count": 0, "well_count": 0, "permit_count": 0 }, "geometry": { "type": "Polygon", "coordinates": [ [ [ -102.586033043413011, 31.412014193191748 ], [ -102.569663403660357, 31.41596042469132 ], [ -102.565091588853321, 31.401986002710153 ], [ -102.581482611566202, 31.398141650465334 ], [ -102.586033043413011, 31.412014193191748 ] ] ] } },
{ "type": "Feature", "properties": { "ABSTRACT_L": "A-1022", "ABSTRACT_N": "1031022", "LEVEL1_SUR": "PSL", "LEVEL2_BLO": "32", "LEVEL3_SUR": "42", "Surv_Sect": "42", "SHAPE_AREA": 658.01228743554373, "owner_count": 0, "owners_json": [ ], "top_operator": "", "top_owner": "", "max_propensity_score": 0, "field_name": "Unknown", "production_status": "none", "pdp_well_count": 0, "pud_well_count": 0, "well_count": 0, "permit_count": 0 }, "geometry": { "type": "Polygon", "coordinates": [ [ [ -102.599222110226364, 31.396864126672622 ], [ -102.602843292859461, 31.408184951863294 ], [ -102.586033043413011, 31.412014193191748 ], [ -102.581482611566202, 31.398141650465334 ], [ -102.598336669242343, 31.394165570380849 ], [ -102.599222110226364, 31.396864126672622 ] ] ] } },
{ "type": "Feature", "properties": { "ABSTRACT_L": "A-1023", "ABSTRACT_N": "1031023", "LEVEL1_SUR": "PSL", "LEVEL2_BLO": "32", "LEVEL3_SUR": "43", "Surv_Sect": "43", "SHAPE_AREA": 675.61528658206032, "owner_count": 0, "owners_json": [ ], "top_operator": "", "top_owner": "", "max_propensity_score": 0, "field_name": "Unknown", "production_status": "none", "pdp_well_count": 0, "pud_well_count": 0, "well_count": 0, "permit_count": 0 }, "geometry": { "type": "Polygon", "coordinates": [ [ [ -102.598336669242343, 31.394165570380849 ], [ -102.581482611566202, 31.398141650465334 ], [ -102.576923159783732, 31.383901124056543 ], [ -102.593713502168612, 31.379789981708488 ], [ -102.598336669242343, 31.394165570380849 ] ] ] } },
{ "type": "Feature", "properties": { "ABSTRACT_L": "A-1024", "ABSTRACT_N": "1031024", "LEVEL1_SUR": "PSL", "LEVEL2_BLO": "32", "LEVEL3_SUR": "44", "Surv_Sect": "44", "SHAPE_AREA": 653.56294174610559, "owner_count": 0, "owners_json": [ ], "top_operator": "", "top_owner": "", "max_propensity_score": 0, "field_name": "Unknown", "production_status": "none", "pdp_well_count": 0, "pud_well_count": 0, "well_count": 0, "permit_count": 0 }, "geometry": { "type": "Polygon", "coordinates": [ [ [ -102.581482611566202, 31.398141650465334 ], [ -102.565091588853321, 31.401986002710153 ], [ -102.56044402676234, 31.387903535097504 ], [ -102.576923159783732, 31.383901124056543 ], [ -102.581482611566202, 31.398141650465334 ] ] ] } },
{ "type": "Feature", "properties": { "ABSTRACT_L": "A-1025", "ABSTRACT_N": "1031025", "LEVEL1_SUR": "BARNSLEY, T C", "LEVEL2_BLO": null, "LEVEL3_SUR": "1", "Surv_Sect": "1", "SHAPE_AREA": 742.55381969274765, "owner_count": 0, "owners_json": [ ], "top_operator": "", "top_owner": "", "max_propensity_score": 0, "field_name": "Unknown", "production_status": "none", "pdp_well_count": 0, "pud_well_count": 0, "well_count": 0, "permit_count": 0 }, "geometry": { "type": "Polygon", "coordinates": [ [ [ -102.630712086114215, 31.401837663291655 ], [ -102.62543482659359, 31.403089232904136 ], [ -102.623081217424243, 31.403647256485769 ], [ -102.602843292859461, 31.408184951863294 ], [ -102.599222110226364, 31.396864126672622 ], [ -102.61786662906988, 31.392521450549204 ], [ -102.618587442871927, 31.393044309449223 ], [ -102.625434978872221, 31.398010837099434 ], [ -102.630712086114215, 31.401837663291655 ] ] ] } },
{ "type": "Feature", "properties": { "ABSTRACT_L": "A-1026", "ABSTRACT_N": "1031026", "LEVEL1_SUR": "BARNSLEY, T C", "LEVEL2_BLO": null, "LEVEL3_SUR": "2", "Surv_Sect": "2", "SHAPE_AREA": 572.23935011432241, "owner_count": 0, "owners_json": [ ], "top_operator": "", "top_owner": "", "max_propensity_score": 0, "field_name": "Unknown", "production_status": "none", "pdp_well_count": 0, "pud_well_count": 0, "well_count": 0, "permit_count": 0 }, "geometry": { "type": "Polygon", "coordinates": [ [ [ -102.593713502168612, 31.379789981708488 ], [ -102.59895118159362, 31.378620956624243 ], [ -102.606162051828179, 31.383828325462762 ], [ -102.61786662906988, 31.392521450549204 ], [ -102.599222110226364, 31.396864126672622 ], [ -102.598336669242343, 31.394165570380849 ], [ -102.593713502168612, 31.379789981708488 ] ] ] } },
{ "type": "Feature", "properties": { "ABSTRACT_L": "A-1027", "ABSTRACT_N": "1031027", "LEVEL1_SUR": "BARNSLEY, T C", "LEVEL2_BLO": null, "LEVEL3_SUR": "10", "Surv_Sect": "10", "SHAPE_AREA": 1440.2897476752023, "owner_count": 0, "owners_json": [ ], "top_operator": "", "top_owner": "", "max_propensity_score": 0, "field_name": "Unknown", "production_status": "none", "pdp_well_count": 0, "pud_well_count": 0, "well_count": 0, "permit_count": 0 }, "geometry": { "type": "Polygon", "coordinates": [ [ [ -102.562145677174215, 31.364102118564539 ], [ -102.563310855310945, 31.363013588082207 ], [ -102.564802399792342, 31.36151278473811 ], [ -102.566218202335307, 31.360089112186518 ], [ -102.563426741427264, 31.358091814176102 ], [ -102.566731584789991, 31.354724033588219 ], [ -102.580095973788787, 31.364561782072457 ], [ -102.593125181354026, 31.374177196303958 ], [ -102.594384719387151, 31.37513767910897 ], [ -102.59895118159362, 31.378620956624243 ], [ -102.593713502168612, 31.379789981708488 ], [ -102.576923159783732, 31.383901124056543 ], [ -102.56044402676234, 31.387903535097504 ], [ -102.555954207779791, 31.38897849179892 ], [ -102.558432554499177, 31.386553100230099 ], [ -102.570115649298913, 31.375138324484151 ], [ -102.57264611995096, 31.372665518541922 ], [ -102.561921499639453, 31.364365868763191 ], [ -102.562145677174215, 31.364102118564539 ] ] ] } },
{ "type": "Feature", "properties": { "ABSTRACT_L": "A-1028", "ABSTRACT_N": "1031028", "LEVEL1_SUR": "CCSD&RGNG RR CO", "LEVEL2_BLO": "X", "LEVEL3_SUR": "8", "Surv_Sect": "8", "SHAPE_AREA": 635.52911626559819, "owner_count": 0, "owners_json": [ ], "top_operator": "", "top_owner": "", "max_propensity_score": 0, "field_name": "Unknown", "production_status": "none", "pdp_well_count": 0, "pud_well_count": 0, "well_count": 0, "permit_count": 0 }, "geometry": { "type": "Polygon", "coordinates": [ [ [ -102.378684584572724, 31.401061457420628 ], [ -102.383122094269382, 31.414910043831007 ], [ -102.366790852264302, 31.418747439101107 ], [ -102.3666565367419, 31.418338731370351 ], [ -102.365508389209765, 31.414910311865878 ], [ -102.362283595476384, 31.404915212252384 ], [ -102.362283643400175, 31.404915204501105 ], [ -102.378684584572724, 31.401061457420628 ] ] ] } },
{ "type": "Feature", "properties": { "ABSTRACT_L": "A-1029", "ABSTRACT_N": "1031029", "LEVEL1_SUR": "CCSD&RGNG RR CO", "LEVEL2_BLO": "X", "LEVEL3_SUR": "10", "Surv_Sect": "10", "SHAPE_AREA": 668.2497158490595, "owner_count": 0, "owners_json": [ ], "top_operator": "", "top_owner": "", "max_propensity_score": 0, "field_name": "Unknown", "production_status": "none", "pdp_well_count": 0, "pud_well_count": 0, "well_count": 0, "permit_count": 0 }, "geometry": { "type": "Polygon", "coordinates": [ [ [ -102.399874773556718, 31.410971154125445 ], [ -102.404442555984247, 31.425189043852992 ], [ -102.397027206515006, 31.426946639808573 ], [ -102.387689379113098, 31.429159198869684 ], [ -102.383122094269382, 31.414910043831007 ], [ -102.399874773556718, 31.410971154125445 ] ] ] } },
{ "type": "Feature", "properties": { "ABSTRACT_L": "A-103", "ABSTRACT_N": "103103", "LEVEL1_SUR": "H&TC RR CO", "LEVEL2_BLO": "1", "LEVEL3_SUR": "1", "Surv_Sect": "1", "SHAPE_AREA": 634.05369407963417, "owner_count": 0, "owners_json": [ ], "top_operator": "", "top_owner": "", "max_propensity_score": 0, "field_name": "Unknown", "production_status": "none", "pdp_well_count": 0, "pud_well_count": 0, "well_count": 0, "permit_count": 0 }, "geometry": { "type": "Polygon", "coordinates": [ [ [ -102.468806409793729, 31.250142121704744 ], [ -102.46880788478515, 31.250140642201401 ], [ -102.4832226019697, 31.235711060179991 ], [ -102.483332230794872, 31.235669955107443 ], [ -102.483658828620975, 31.235637549249951 ], [ -102.483786803036978, 31.235709381891702 ], [ -102.483844861927565, 31.235847214890537 ], [ -102.483838683302992, 31.236023425049655 ], [ -102.483806988626995, 31.236188431322951 ], [ -102.483615580383443, 31.236628206390368 ], [ -102.48359905164574, 31.237008048986748 ], [ -102.483559906441712, 31.237183344022498 ], [ -102.483672002445715, 31.2374117214416 ], [ -102.483745089083328, 31.237520630551554 ], [ -102.484078517897018, 31.23770270421338 ], [ -102.484309772706453, 31.23783514903069 ], [ -102.484687678030767, 31.237973039256655 ], [ -102.48495067211833, 31.238094555743789 ], [ -102.485181462835897, 31.238193990781365 ], [ -102.485367467400962, 31.238249574729572 ], [ -102.485585592146748, 31.238293535823196 ], [ -102.485790610171833, 31.238387274039237 ], [ -102.486034423469647, 31.238388093815662 ], [ -102.486072439607952, 31.23825047989769 ], [ -102.486039810649331, 31.238029616485523 ], [ -102.485955659242265, 31.23772169692662 ], [ -102.485916647822165, 31.237440424576839 ], [ -102.48588985084335, 31.236862443981909 ], [ -102.485844629452288, 31.236542770803787 ], [ -102.485767100847568, 31.236212712393726 ], [ -102.485683265188257, 31.235931606097385 ], [ -102.485766219919313, 31.235782811196213 ], [ -102.485913607680587, 31.235816436700812 ], [ -102.486105693637242, 31.23584438840264 ], [ -102.486393993810708, 31.235954416963395 ], [ -102.486644078380209, 31.23602665223266 ], [ -102.487002986168349, 31.236142194498925 ], [ -102.487131228678663, 31.236208515870267 ], [ -102.487349235861473, 31.236263481928177 ], [ -102.487540933492255, 31.236170375944283 ], [ -102.487604901749705, 31.235999933290355 ], [ -102.487591145646491, 31.235735372270931 ], [ -102.487629072273762, 31.235427170608535 ], [ -102.487673275537958, 31.235250910188771 ], [ -102.487685636683295, 31.235096592307194 ], [ -102.487756109535098, 31.234975550292763 ], [ -102.487896947438969, 31.234695525927449 ], [ -102.488600093670499, 31.234585816754482 ], [ -102.488824487148534, 31.234624836741151 ], [ -102.488901679740479, 31.234789814016391 ], [ -102.488934288476472, 31.235009996383148 ], [ -102.488909003929194, 31.235174880841015 ], [ -102.488851865908018, 31.235285349183453 ], [ -102.488705043423096, 31.235456010117129 ], [ -102.488519694532457, 31.235653550293886 ], [ -102.488468843223657, 31.235774903292132 ], [ -102.488481771302332, 31.235901220653275 ], [ -102.488571906482605, 31.235995099813909 ], [ -102.488860273777206, 31.236061779692928 ], [ -102.489095430885726, 31.236066722121553 ], [ -102.489116608577575, 31.236067167759138 ], [ -102.489359787100909, 31.236028785435018 ], [ -102.489538737923681, 31.235907719423544 ], [ -102.489755708197848, 31.235710257300646 ], [ -102.489864286389633, 31.235561654553365 ], [ -102.490100372435464, 31.235330118967276 ], [ -102.490305305541497, 31.235253262731526 ], [ -102.490452520734635, 31.235264874927761 ], [ -102.490599786086733, 31.235308815353633 ], [ -102.490766778723184, 31.23540258963834 ], [ -102.490876074450838, 31.235600653009289 ], [ -102.490941035956311, 31.235848414447243 ], [ -102.49094801528382, 31.236052574151369 ], [ -102.490878361686143, 31.236311173899214 ], [ -102.490782873965969, 31.236531062845586 ], [ -102.490502821802053, 31.237054409801093 ], [ -102.490349542518899, 31.237208000326355 ], [ -102.490228206401966, 31.237312825945871 ], [ -102.490074695443766, 31.237472611303119 ], [ -102.48972321222557, 31.237791667907111 ], [ -102.489646881995384, 31.237918326465799 ], [ -102.489582746479854, 31.238043546641851 ], [ -102.489571223777162, 31.238167569008809 ], [ -102.489596723812099, 31.238309306920527 ], [ -102.48966754935968, 31.238490914757339 ], [ -102.489789780151511, 31.238678412232233 ], [ -102.489963239263489, 31.238865611885878 ], [ -102.490053695293454, 31.23898699818541 ], [ -102.490099061096188, 31.239235136869972 ], [ -102.490093142524643, 31.239405839542339 ], [ -102.490235386792179, 31.239791054652525 ], [ -102.490346457788263, 31.239956947466712 ], [ -102.479913439263285, 31.250140785539077 ], [ -102.479911807248982, 31.250142378237463 ], [ -102.468760908330964, 31.26102275358393 ], [ -102.462577908598263, 31.256375085401405 ], [ -102.468806409793729, 31.250142121704744 ] ] ] } },
{ "type": "Feature", "properties": { "ABSTRACT_L": "A-1030", "ABSTRACT_N": "1031030", "LEVEL1_SUR": "CCSD&RGNG RR CO", "LEVEL2_BLO": "X", "LEVEL3_SUR": "12", "Surv_Sect": "12", "SHAPE_AREA": 323.37690223342349, "owner_count": 0, "owners_json": [ ], "top_operator": "", "top_owner": "", "max_propensity_score": 0, "field_name": "Unknown", "production_status": "none", "pdp_well_count": 0, "pud_well_count": 0, "well_count": 0, "permit_count": 0 }, "geometry": { "type": "Polygon", "coordinates": [ [ [ -102.37542781780887, 31.38698115755615 ], [ -102.382622955510428, 31.385326858028787 ], [ -102.387052949668387, 31.39909421897335 ], [ -102.378684584572724, 31.401061457420628 ], [ -102.375427703160923, 31.390937489441225 ], [ -102.374243142645938, 31.387253226178636 ], [ -102.37542781780887, 31.38698115755615 ] ] ] } },
{ "type": "Feature", "properties": { "ABSTRACT_L": "A-1031", "ABSTRACT_N": "1031031", "LEVEL1_SUR": "CCSD&RGNG RR CO", "LEVEL2_BLO": "X", "LEVEL3_SUR": "12", "Surv_Sect": "12", "SHAPE_AREA": 322.13874903420026, "owner_count": 0, "owners_json": [ ], "top_operator": "", "top_owner": "", "max_propensity_score": 0, "field_name": "Unknown", "production_status": "none", "pdp_well_count": 0, "pud_well_count": 0, "well_count": 0, "permit_count": 0 }, "geometry": { "type": "Polygon", "coordinates": [ [ [ -102.390980541073858, 31.383404704919354 ], [ -102.395427753390678, 31.39712484214402 ], [ -102.387052949668387, 31.39909421897335 ], [ -102.382622955510428, 31.385326858028787 ], [ -102.390980541073858, 31.383404704919354 ] ] ] } },
{ "type": "Feature", "properties": { "ABSTRACT_L": "A-1032", "ABSTRACT_N": "1031032", "LEVEL1_SUR": "CCSD&RGNG RR CO", "LEVEL2_BLO": "F", "LEVEL3_SUR": "198", "Surv_Sect": "198", "SHAPE_AREA": 214.32574018353597, "owner_count": 0, "owners_json": [ ], "top_operator": "", "top_owner": "", "max_propensity_score": 0, "field_name": "Unknown", "production_status": "none", "pdp_well_count": 0, "pud_well_count": 0, "well_count": 0, "permit_count": 0 }, "geometry": { "type": "Polygon", "coordinates": [ [ [ -102.317295514542465, 31.400039743398093 ], [ -102.321895194878579, 31.41369776104704 ], [ -102.314178444322266, 31.415448517701559 ], [ -102.313822005595355, 31.400824262903129 ], [ -102.317295514542465, 31.400039743398093 ] ] ] } },
{ "type": "Feature", "properties": { "ABSTRACT_L": "A-1033", "ABSTRACT_N": "1031033", "LEVEL1_SUR": "CCSD&RGNG RR CO", "LEVEL2_BLO": "F", "LEVEL3_SUR": "204", "Surv_Sect": "204", "SHAPE_AREA": 642.29409948588898, "owner_count": 0, "owners_json": [ ], "top_operator": "", "top_owner": "", "max_propensity_score": 0, "field_name": "Unknown", "production_status": "none", "pdp_well_count": 0, "pud_well_count": 0, "well_count": 0, "permit_count": 0 }, "geometry": { "type": "Polygon", "coordinates": [ [ [ -102.32902776726263, 31.382334369786591 ], [ -102.333691471065222, 31.396346497903455 ], [ -102.317295514542465, 31.400039743398093 ], [ -102.313530270924304, 31.388854738154802 ], [ -102.313455392620398, 31.385782570871676 ], [ -102.32902776726263, 31.382334369786591 ] ] ] } },
{ "type": "Feature", "properties": { "ABSTRACT_L": "A-1034", "ABSTRACT_N": "1031034", "LEVEL1_SUR": "CCSD&RGNG RR CO", "LEVEL2_BLO": "F", "LEVEL3_SUR": "212", "Surv_Sect": "212", "SHAPE_AREA": 643.22922911994749, "owner_count": 0, "owners_json": [ ], "top_operator": "", "top_owner": "", "max_propensity_score": 0, "field_name": "Unknown", "production_status": "none", "pdp_well_count": 0, "pud_well_count": 0, "well_count": 0, "permit_count": 0 }, "geometry": { "type": "Polygon", "coordinates": [ [ [ -102.336891683435283, 31.365678407198896 ], [ -102.340149751164034, 31.364876777040653 ], [ -102.340819002046359, 31.364742947339554 ], [ -102.344332480827987, 31.375139063434506 ], [ -102.345551497476549, 31.378745234840085 ], [ -102.344873955638775, 31.378871670843505 ], [ -102.341518354143588, 31.379555491075109 ], [ -102.32902776726263, 31.382334369786591 ], [ -102.326581369117761, 31.375138388395762 ], [ -102.324297692287871, 31.368420905358974 ], [ -102.336891683435283, 31.365678407198896 ] ] ] } },
{ "type": "Feature", "properties": { "ABSTRACT_L": "A-1035", "ABSTRACT_N": "1031035", "LEVEL1_SUR": "CCSD&RGNG RR CO", "LEVEL2_BLO": "F", "LEVEL3_SUR": "214", "Surv_Sect": "214", "SHAPE_AREA": 551.32532087769323, "owner_count": 0, "owners_json": [ ], "top_operator": "", "top_owner": "", "max_propensity_score": 0, "field_name": "Unknown", "production_status": "none", "pdp_well_count": 0, "pud_well_count": 0, "well_count": 0, "permit_count": 0 }, "geometry": { "type": "Polygon", "coordinates": [ [ [ -102.349555397704393, 31.392730595286213 ], [ -102.350127410298896, 31.392584397709886 ], [ -102.35016531238756, 31.392694723610994 ], [ -102.350266908542224, 31.392990429641333 ], [ -102.352305792098107, 31.398999322665286 ], [ -102.353249652482518, 31.401877881900855 ], [ -102.354712104964818, 31.406270517306076 ], [ -102.354174819774855, 31.406384821027462 ], [ -102.352657789692586, 31.402005551096188 ], [ -102.351728396273444, 31.399143920832405 ], [ -102.351392187826278, 31.398126554811352 ], [ -102.348072778924518, 31.398921986538607 ], [ -102.349381399057009, 31.402827057237516 ], [ -102.350793830357404, 31.407149106801821 ], [ -102.338271079872698, 31.409947260769982 ], [ -102.333691471065222, 31.396346497903455 ], [ -102.346212396520116, 31.393525393299395 ], [ -102.349555397704393, 31.392730595286213 ] ] ] } },
{ "type": "Feature", "properties": { "ABSTRACT_L": "A-1036", "ABSTRACT_N": "1031036", "LEVEL1_SUR": "PSL", "LEVEL2_BLO": "B22", "LEVEL3_SUR": "2", "Surv_Sect": "2", "SHAPE_AREA": 618.96506497556413, "owner_count": 0, "owners_json": [ ], "top_operator": "", "top_owner": "", "max_propensity_score": 0, "field_name": "Unknown", "production_status": "none", "pdp_well_count": 0, "pud_well_count": 0, "well_count": 0, "permit_count": 0 }, "geometry": { "type": "Polygon", "coordinates": [ [ [ -102.592299640654716, 31.638039123509078 ], [ -102.608803379220575, 31.634133070656166 ], [ -102.613055135436639, 31.647419110200541 ], [ -102.597358859959257, 31.651280562414719 ], [ -102.596373054546746, 31.651280487417182 ], [ -102.592299640654716, 31.638039123509078 ] ] ] } },
{ "type": "Feature", "properties": { "ABSTRACT_L": "A-1037", "ABSTRACT_N": "1031037", "LEVEL1_SUR": "PSL", "LEVEL2_BLO": "B22", "LEVEL3_SUR": "3", "Surv_Sect": "3", "SHAPE_AREA": 604.96040094734838, "owner_count": 0, "owners_json": [ ], "top_operator": "", "top_owner": "", "max_propensity_score": 0, "field_name": "Unknown", "production_status": "none", "pdp_well_count": 0, "pud_well_count": 0, "well_count": 0, "permit_count": 0 }, "geometry": { "type": "Polygon", "coordinates": [ [ [ -102.62930490929287, 31.643456444502888 ], [ -102.62543605076678, 31.644399879412401 ], [ -102.613055135436639, 31.647419110200541 ], [ -102.608803379220575, 31.634133070656166 ], [ -102.625080288150912, 31.630181332638447 ], [ -102.625435903438671, 31.631299390629376 ], [ -102.62930490929287, 31.643456444502888 ] ] ] } },
{ "type": "Feature", "properties": { "ABSTRACT_L": "A-1038", "ABSTRACT_N": "1031038", "LEVEL1_SUR": "MC DANIEL, M A", "LEVEL2_BLO": null, "LEVEL3_SUR": "10", "Surv_Sect": "10", "SHAPE_AREA": 463.29861758823245, "owner_count": 0, "owners_json": [ ], "top_operator": "", "top_owner": "", "max_propensity_score": 0, "field_name": "Unknown", "production_status": "none", "pdp_well_count": 0, "pud_well_count": 0, "well_count": 0, "permit_count": 0 }, "geometry": { "type": "Polygon", "coordinates": [ [ [ -102.462953289302064, 31.323178483698914 ], [ -102.467112729109473, 31.319068541340116 ], [ -102.480090069156859, 31.328563330995227 ], [ -102.492720087768404, 31.337961041783512 ], [ -102.488899631478645, 31.341762589305791 ], [ -102.475965499462191, 31.332492760920726 ], [ -102.462953289302064, 31.323178483698914 ] ] ] } },
{ "type": "Feature", "properties": { "ABSTRACT_L": "A-1039", "ABSTRACT_N": "1031039", "LEVEL1_SUR": "H&TC RR CO", "LEVEL2_BLO": "4", "LEVEL3_SUR": "30", "Surv_Sect": "30", "SHAPE_AREA": 164.54952072822769, "owner_count": 0, "owners_json": [ ], "top_operator": "", "top_owner": "", "max_propensity_score": 0, "field_name": "Unknown", "production_status": "none", "pdp_well_count": 0, "pud_well_count": 0, "well_count": 0, "permit_count": 0 }, "geometry": { "type": "Polygon", "coordinates": [ [ [ -102.764156311960306, 31.337109972625996 ], [ -102.766796911769859, 31.334508234673027 ], [ -102.767435803678495, 31.333878713097267 ], [ -102.767456354381196, 31.348602566394813 ], [ -102.758874703768697, 31.342313253875719 ], [ -102.764156311960306, 31.337109972625996 ] ] ] } },
{ "type": "Feature", "properties": { "ABSTRACT_L": "A-104", "ABSTRACT_N": "103104", "LEVEL1_SUR": "H&TC RR CO", "LEVEL2_BLO": "1", "LEVEL3_SUR": "3", "Surv_Sect": "3", "SHAPE_AREA": 645.03354307493623, "owner_count": 0, "owners_json": [ ], "top_operator": "", "top_owner": "", "max_propensity_score": 0, "field_name": "Unknown", "production_status": "none", "pdp_well_count": 0, "pud_well_count": 0, "well_count": 0, "permit_count": 0 }, "geometry": { "type": "Polygon", "coordinates": [ [ [ -102.499858691755222, 31.247784809787571 ], [ -102.500103697186944, 31.247745794788884 ], [ -102.500285874966039, 31.247852333124353 ], [ -102.500430754566736, 31.248247769897901 ], [ -102.500493431308016, 31.248418578655965 ], [ -102.500541553745862, 31.248482974885928 ], [ -102.500671493680173, 31.248642812821476 ], [ -102.500738846735487, 31.248706864964134 ], [ -102.500866122676825, 31.248811704895708 ], [ -102.500951303353176, 31.2488527062849 ], [ -102.50114647074632, 31.248906034264333 ], [ -102.5012488627697, 31.248901978346581 ], [ -102.501420826247326, 31.248879408933586 ], [ -102.501503996717332, 31.248875731153984 ], [ -102.501686682353721, 31.248940979379142 ], [ -102.501811471587175, 31.248996361310688 ], [ -102.501902030065736, 31.249136302837936 ], [ -102.50205035419684, 31.249158191807002 ], [ -102.502138969109524, 31.249254168454819 ], [ -102.502164142761927, 31.249374057005102 ], [ -102.502179067066365, 31.249544343567358 ], [ -102.502119677458367, 31.249629424067979 ], [ -102.502009498067196, 31.249732675874732 ], [ -102.501922563450279, 31.249790760630784 ], [ -102.501836845057412, 31.249865330411087 ], [ -102.501780537367154, 31.250140585181754 ], [ -102.501780508957935, 31.250140723302469 ], [ -102.501780480728726, 31.250140868298235 ], [ -102.501714953572801, 31.250463378205673 ], [ -102.501870399308913, 31.250770590811022 ], [ -102.501984223479496, 31.25083336577471 ], [ -102.500430778029781, 31.252371813863856 ], [ -102.481051546022584, 31.271554737372998 ], [ -102.474467778662031, 31.266556245250069 ], [ -102.474814263166067, 31.266206384287763 ], [ -102.491326262212453, 31.250141924746266 ], [ -102.491327441186655, 31.250140773969701 ], [ -102.496135584947524, 31.245461404219576 ], [ -102.496257798113717, 31.245602348699958 ], [ -102.496392492455556, 31.24568504528164 ], [ -102.496642806125408, 31.245795096358005 ], [ -102.496796591761324, 31.245812077765148 ], [ -102.496995328304152, 31.245773163173993 ], [ -102.497187113941379, 31.245713058780904 ], [ -102.497244750185502, 31.24565210312328 ], [ -102.497385168433183, 31.245542087988476 ], [ -102.497518349570285, 31.24511235141415 ], [ -102.497569200076285, 31.244869931959872 ], [ -102.497645376387496, 31.24467723741034 ], [ -102.497786007062984, 31.244605737745861 ], [ -102.497907780891893, 31.244577936919988 ], [ -102.498055024710013, 31.244605360929651 ], [ -102.498112895131598, 31.244704671322122 ], [ -102.498087610515029, 31.24485373672681 ], [ -102.498017831173229, 31.24498577655471 ], [ -102.497896530226498, 31.245167648592979 ], [ -102.497813442625613, 31.245310957735185 ], [ -102.497768929123197, 31.245399174748691 ], [ -102.497673304394255, 31.245613568234237 ], [ -102.497661219540305, 31.245822910302817 ], [ -102.497687236048804, 31.246004690654367 ], [ -102.497892988200149, 31.246291684037367 ], [ -102.498104476513745, 31.246401786869299 ], [ -102.498341663357621, 31.24648456686505 ], [ -102.498636133792488, 31.246522905562703 ], [ -102.498924340756091, 31.246506342746645 ], [ -102.499180376887395, 31.246484202860472 ], [ -102.499570753857185, 31.246440208171595 ], [ -102.499884336960548, 31.246429337000471 ], [ -102.500081620659245, 31.246453302232741 ], [ -102.50015303897888, 31.246461979220133 ], [ -102.500307328622611, 31.246362010828229 ], [ -102.500307048975515, 31.246314920668098 ], [ -102.500344859977503, 31.246290051203985 ], [ -102.500351060226734, 31.246037487390559 ], [ -102.500373313470774, 31.245740590509271 ], [ -102.500353389426721, 31.245453450542687 ], [ -102.500430739207232, 31.245224110021034 ], [ -102.500502966254416, 31.245080176626132 ], [ -102.500606805362409, 31.245060293065041 ], [ -102.500734669606246, 31.245096342765947 ], [ -102.500878658029791, 31.245151347713367 ], [ -102.501022910384933, 31.245217346263154 ], [ -102.50110779214053, 31.245247354438487 ], [ -102.501201547426618, 31.245326703150649 ], [ -102.501295309055664, 31.245405370693828 ], [ -102.501421095368528, 31.245483426141941 ], [ -102.501487732225797, 31.24553578439458 ], [ -102.501569397242378, 31.24562638600533 ], [ -102.501633129359305, 31.245750344505243 ], [ -102.501652333871164, 31.245871036448843 ], [ -102.501636609192971, 31.24594287079065 ], [ -102.501591270375812, 31.246059988302601 ], [ -102.501512261158922, 31.246145447815689 ], [ -102.501430875283802, 31.246186923380961 ], [ -102.50128538815899, 31.246225510506129 ], [ -102.501164507026317, 31.24624158299623 ], [ -102.500999646379213, 31.246275034420567 ], [ -102.50084062762231, 31.246302883648493 ], [ -102.500675910353877, 31.246341820995887 ], [ -102.500561421248349, 31.246357102199962 ], [ -102.50047337897405, 31.24638838099165 ], [ -102.500430745067263, 31.246465439955372 ], [ -102.500372164523114, 31.246571325564044 ], [ -102.500249793493794, 31.246654086319722 ], [ -102.500064956721829, 31.246764962531792 ], [ -102.499848373484099, 31.246931480270746 ], [ -102.499701820449005, 31.247036801528417 ], [ -102.499536539382078, 31.247236032980425 ], [ -102.499383735627163, 31.247346977428084 ], [ -102.499185986702145, 31.247529638891201 ], [ -102.499071283728227, 31.247613020814445 ], [ -102.498733175469496, 31.247801830744365 ], [ -102.498255011260198, 31.248205898010376 ], [ -102.49810918706541, 31.248399249089015 ], [ -102.498053100652911, 31.24868579249322 ], [ -102.498112224054381, 31.248877939447176 ], [ -102.498248018072388, 31.249032150131555 ], [ -102.498408748153778, 31.249130162890516 ], [ -102.498639650177253, 31.249156659402104 ], [ -102.498837746601481, 31.249062725868995 ], [ -102.498913943169839, 31.248946382596042 ], [ -102.499046637491418, 31.248665238316491 ], [ -102.4992289966481, 31.248393282604336 ], [ -102.499341253357272, 31.248262951575029 ], [ -102.499596741243721, 31.247960175481946 ], [ -102.499858691755222, 31.247784809787571 ] ] ] } },
{ "type": "Feature", "properties": { "ABSTRACT_L": "A-1040", "ABSTRACT_N": "1031040", "LEVEL1_SUR": "GC&SF RR CO", "LEVEL2_BLO": "Y", "LEVEL3_SUR": "90", "Surv_Sect": "90", "SHAPE_AREA": 25.529308273302643, "owner_count": 0, "owners_json": [ ], "top_operator": "", "top_owner": "", "max_propensity_score": 0, "field_name": "Unknown", "production_status": "none", "pdp_well_count": 0, "pud_well_count": 0, "well_count": 0, "permit_count": 0 }, "geometry": { "type": "Polygon", "coordinates": [ [ [ -102.313474000057937, 31.310748450530703 ], [ -102.311229798400817, 31.311277839785806 ], [ -102.31088226372313, 31.302636351247923 ], [ -102.313474000057937, 31.310748450530703 ] ] ] } },
{ "type": "Feature", "properties": { "ABSTRACT_L": "A-1041", "ABSTRACT_N": "1031041", "LEVEL1_SUR": "PSL", "LEVEL2_BLO": "B17", "LEVEL3_SUR": "9", "Surv_Sect": "9", "SHAPE_AREA": 462.97900475992753, "owner_count": 0, "owners_json": [ ], "top_operator": "", "top_owner": "", "max_propensity_score": 0, "field_name": "Unknown", "production_status": "none", "pdp_well_count": 0, "pud_well_count": 0, "well_count": 0, "permit_count": 0 }, "geometry": { "type": "Polygon", "coordinates": [ [ [ -102.726854522032809, 31.591534852297873 ], [ -102.735125874590523, 31.589606513491375 ], [ -102.736377521657019, 31.59341806556257 ], [ -102.739567393844837, 31.603130483470146 ], [ -102.722980743965749, 31.606828165699088 ], [ -102.720895149579491, 31.600301929585015 ], [ -102.729073911742717, 31.598478940795932 ], [ -102.726854522032809, 31.591534852297873 ] ] ] } },
{ "type": "Feature", "properties": { "ABSTRACT_L": "A-1042", "ABSTRACT_N": "1031042", "LEVEL1_SUR": "PSL", "LEVEL2_BLO": "B17", "LEVEL3_SUR": "16", "Surv_Sect": "16", "SHAPE_AREA": 658.46813079776143, "owner_count": 0, "owners_json": [ ], "top_operator": "", "top_owner": "", "max_propensity_score": 0, "field_name": "Unknown", "production_status": "none", "pdp_well_count": 0, "pud_well_count": 0, "well_count": 0, "permit_count": 0 }, "geometry": { "type": "Polygon", "coordinates": [ [ [ -102.730487319041814, 31.575248029334244 ], [ -102.735125874590523, 31.589606513491375 ], [ -102.726854522032809, 31.591534852297873 ], [ -102.718701049320586, 31.593435118358098 ], [ -102.714100440805865, 31.579085624833844 ], [ -102.730487319041814, 31.575248029334244 ] ] ] } },
{ "type": "Feature", "properties": { "ABSTRACT_L": "A-1043", "ABSTRACT_N": "1031043", "LEVEL1_SUR": "PSL", "LEVEL2_BLO": "B17", "LEVEL3_SUR": "17", "Surv_Sect": "17", "SHAPE_AREA": 675.60108152569819, "owner_count": 0, "owners_json": [ ], "top_operator": "", "top_owner": "", "max_propensity_score": 0, "field_name": "Unknown", "production_status": "none", "pdp_well_count": 0, "pud_well_count": 0, "well_count": 0, "permit_count": 0 }, "geometry": { "type": "Polygon", "coordinates": [ [ [ -102.730487319041814, 31.575248029334244 ], [ -102.747365519447015, 31.571219092252534 ], [ -102.75043928728563, 31.580577255423393 ], [ -102.750439322185485, 31.580577350980676 ], [ -102.752010607377088, 31.585360939343104 ], [ -102.7504393113893, 31.585756649260183 ], [ -102.750439143945599, 31.585756694075254 ], [ -102.735125874590523, 31.589606513491375 ], [ -102.730487319041814, 31.575248029334244 ] ] ] } },
{ "type": "Feature", "properties": { "ABSTRACT_L": "A-1044", "ABSTRACT_N": "1031044", "LEVEL1_SUR": "PSL", "LEVEL2_BLO": "B17", "LEVEL3_SUR": "19", "Surv_Sect": "19", "SHAPE_AREA": 631.46463195739, "owner_count": 0, "owners_json": [ ], "top_operator": "", "top_owner": "", "max_propensity_score": 0, "field_name": "Unknown", "production_status": "none", "pdp_well_count": 0, "pud_well_count": 0, "well_count": 0, "permit_count": 0 }, "geometry": { "type": "Polygon", "coordinates": [ [ [ -102.730487319041814, 31.575248029334244 ], [ -102.714100440805865, 31.579085624833844 ], [ -102.70973477313342, 31.565265483681952 ], [ -102.726049387468493, 31.561436089645522 ], [ -102.730487319041814, 31.575248029334244 ] ] ] } },
{ "type": "Feature", "properties": { "ABSTRACT_L": "A-1045", "ABSTRACT_N": "1031045", "LEVEL1_SUR": "PSL", "LEVEL2_BLO": "B18", "LEVEL3_SUR": "2", "Surv_Sect": "2", "SHAPE_AREA": 157.49259634527516, "owner_count": 0, "owners_json": [ ], "top_operator": "", "top_owner": "", "max_propensity_score": 0, "field_name": "Unknown", "production_status": "none", "pdp_well_count": 0, "pud_well_count": 0, "well_count": 0, "permit_count": 0 }, "geometry": { "type": "Polygon", "coordinates": [ [ [ -102.765620944603157, 31.627549329905886 ], [ -102.76129569805228, 31.613560869596345 ], [ -102.767484348530161, 31.61209134909215 ], [ -102.767495754408372, 31.62336871282206 ], [ -102.767497973479422, 31.625130868267181 ], [ -102.767500385236374, 31.627115089813575 ], [ -102.765620944603157, 31.627549329905886 ] ] ] } },
{ "type": "Feature", "properties": { "ABSTRACT_L": "A-1046", "ABSTRACT_N": "1031046", "LEVEL1_SUR": "PSL", "LEVEL2_BLO": "B18", "LEVEL3_SUR": "11", "Surv_Sect": "11", "SHAPE_AREA": 360.09800338727706, "owner_count": 0, "owners_json": [ ], "top_operator": "", "top_owner": "", "max_propensity_score": 0, "field_name": "Unknown", "production_status": "none", "pdp_well_count": 0, "pud_well_count": 0, "well_count": 0, "permit_count": 0 }, "geometry": { "type": "Polygon", "coordinates": [ [ [ -102.767457776567596, 31.585804845245104 ], [ -102.767468955633078, 31.59686246994691 ], [ -102.756624171368429, 31.599434462358062 ], [ -102.753260306096465, 31.589173544106337 ], [ -102.767457776567596, 31.585804845245104 ] ] ] } },
{ "type": "Feature", "properties": { "ABSTRACT_L": "A-1047", "ABSTRACT_N": "1031047", "LEVEL1_SUR": "PSL", "LEVEL2_BLO": "B18", "LEVEL3_SUR": "20", "Surv_Sect": "20", "SHAPE_AREA": 638.34214525766038, "owner_count": 0, "owners_json": [ ], "top_operator": "", "top_owner": "", "max_propensity_score": 0, "field_name": "Unknown", "production_status": "none", "pdp_well_count": 0, "pud_well_count": 0, "well_count": 0, "permit_count": 0 }, "geometry": { "type": "Polygon", "coordinates": [ [ [ -102.750439072165705, 31.570473788900625 ], [ -102.75043924761151, 31.570473743915322 ], [ -102.763523757000343, 31.567300934631671 ], [ -102.766918159422758, 31.578115707994364 ], [ -102.767040707905622, 31.578469436547245 ], [ -102.767451561770699, 31.579655285437369 ], [ -102.767453626838446, 31.581696627158006 ], [ -102.752010607377088, 31.585360939343104 ], [ -102.750439322185485, 31.580577350980676 ], [ -102.75043928728563, 31.580577255423393 ], [ -102.747365519447015, 31.571219092252534 ], [ -102.750439072165705, 31.570473788900625 ] ] ] } },
{ "type": "Feature", "properties": { "ABSTRACT_L": "A-1048", "ABSTRACT_N": "1031048", "LEVEL1_SUR": "PSL", "LEVEL2_BLO": "B20", "LEVEL3_SUR": "23", "Surv_Sect": "23", "SHAPE_AREA": 158.55765096604782, "owner_count": 0, "owners_json": [ ], "top_operator": "", "top_owner": "", "max_propensity_score": 0, "field_name": "Unknown", "production_status": "none", "pdp_well_count": 0, "pud_well_count": 0, "well_count": 0, "permit_count": 0 }, "geometry": { "type": "Polygon", "coordinates": [ [ [ -102.752040732076466, 31.475438330815386 ], [ -102.750876764933921, 31.472038891769685 ], [ -102.767119279309725, 31.467999699788201 ], [ -102.767449714093317, 31.469013431846296 ], [ -102.767442754934294, 31.471880563483762 ], [ -102.752040732076466, 31.475438330815386 ] ] ] } },
{ "type": "Feature", "properties": { "ABSTRACT_L": "A-1049", "ABSTRACT_N": "1031049", "LEVEL1_SUR": "PSL", "LEVEL2_BLO": "B20", "LEVEL3_SUR": "23", "Surv_Sect": "23", "SHAPE_AREA": 318.34376363412406, "owner_count": 0, "owners_json": [ ], "top_operator": "", "top_owner": "", "max_propensity_score": 0, "field_name": "Unknown", "production_status": "none", "pdp_well_count": 0, "pud_well_count": 0, "well_count": 0, "permit_count": 0 }, "geometry": { "type": "Polygon", "coordinates": [ [ [ -102.765127053996096, 31.461140891437672 ], [ -102.767119279309725, 31.467999699788201 ], [ -102.750876764933921, 31.472038891769685 ], [ -102.750438794791123, 31.470628452880838 ], [ -102.750438777162927, 31.470628398226186 ], [ -102.74867386307848, 31.464947032784238 ], [ -102.750438745055703, 31.464538873848259 ], [ -102.750438800799301, 31.464538858909322 ], [ -102.765127053996096, 31.461140891437672 ] ] ] } },
{ "type": "Feature", "properties": { "ABSTRACT_L": "A-105", "ABSTRACT_N": "103105", "LEVEL1_SUR": "H&TC RR CO", "LEVEL2_BLO": "1", "LEVEL3_SUR": "5", "Surv_Sect": "5", "SHAPE_AREA": 662.70063949498979, "owner_count": 0, "owners_json": [ ], "top_operator": "", "top_owner": "", "max_propensity_score": 0, "field_name": "Unknown", "production_status": "none", "pdp_well_count": 0, "pud_well_count": 0, "well_count": 0, "permit_count": 0 }, "geometry": { "type": "Polygon", "coordinates": [ [ [ -102.508636684282266, 31.257113782348888 ], [ -102.508674475074841, 31.257285035073028 ], [ -102.508788966908, 31.257511185001665 ], [ -102.508858227989364, 31.258023672418798 ], [ -102.508978987026083, 31.258244190961779 ], [ -102.509272603145163, 31.258459996876439 ], [ -102.509470710175449, 31.258471275718822 ], [ -102.509719872675433, 31.258460963089973 ], [ -102.510097117332137, 31.2583573417262 ], [ -102.510378365609668, 31.258259013315559 ], [ -102.510602033870398, 31.25823747915376 ], [ -102.510870220387545, 31.258310012392769 ], [ -102.51097855618211, 31.258469564518606 ], [ -102.511041613628578, 31.258839089908101 ], [ -102.5110536890855, 31.259142207874564 ], [ -102.511123483237085, 31.259478599087 ], [ -102.511218959824006, 31.259561346615037 ], [ -102.511647082406384, 31.259655552267322 ], [ -102.511909131420779, 31.259541084520752 ], [ -102.512088261738938, 31.259381464760008 ], [ -102.51217474215953, 31.259315444288926 ], [ -102.512418659357721, 31.259222720817981 ], [ -102.512539167081172, 31.259176911873297 ], [ -102.512746757982612, 31.259118998947468 ], [ -102.513066317500545, 31.259075637558759 ], [ -102.513628551183672, 31.259033093831796 ], [ -102.514056597902851, 31.258973192109369 ], [ -102.514260779569653, 31.258957519202681 ], [ -102.51454872371292, 31.258914100953319 ], [ -102.514669925858357, 31.258864972205252 ], [ -102.514810503951665, 31.258820956040108 ], [ -102.514867771358212, 31.258881764522091 ], [ -102.514867582607792, 31.259145905817132 ], [ -102.514835055078066, 31.259487715473792 ], [ -102.514764154223784, 31.259878427501373 ], [ -102.514712665721149, 31.26006514943986 ], [ -102.514769873076418, 31.260319233524317 ], [ -102.514902657043038, 31.260376614573111 ], [ -102.50043101146403, 31.274941721927284 ], [ -102.500430870801708, 31.274941855336021 ], [ -102.494262695167876, 31.281148193630099 ], [ -102.492350451838547, 31.283048405583905 ], [ -102.485787303097993, 31.278034258590569 ], [ -102.48618207050923, 31.277600899019372 ], [ -102.500430784762727, 31.263415344117046 ], [ -102.50043082370091, 31.263415302093637 ], [ -102.50723168985769, 31.256642993745398 ], [ -102.507596073245566, 31.256675831361903 ], [ -102.50782606486267, 31.256682395362105 ], [ -102.508170828826508, 31.256743806750741 ], [ -102.508255962731127, 31.256778668670645 ], [ -102.50838174877633, 31.256839548388125 ], [ -102.508523428669548, 31.256908121667749 ], [ -102.508636684282266, 31.257113782348888 ] ] ] } },
{ "type": "Feature", "properties": { "ABSTRACT_L": "A-1050", "ABSTRACT_N": "1031050", "LEVEL1_SUR": "PSL", "LEVEL2_BLO": "B20", "LEVEL3_SUR": "24", "Surv_Sect": "24", "SHAPE_AREA": 25.911710130415905, "owner_count": 0, "owners_json": [ ], "top_operator": "", "top_owner": "", "max_propensity_score": 0, "field_name": "Unknown", "production_status": "none", "pdp_well_count": 0, "pud_well_count": 0, "well_count": 0, "permit_count": 0 }, "geometry": { "type": "Polygon", "coordinates": [ [ [ -102.767119279309725, 31.467999699788201 ], [ -102.765127053996096, 31.461140891437672 ], [ -102.767469987869021, 31.460620284065026 ], [ -102.767469923755044, 31.460687172841357 ], [ -102.767449714093317, 31.469013431846296 ], [ -102.767119279309725, 31.467999699788201 ] ] ] } },
{ "type": "Feature", "properties": { "ABSTRACT_L": "A-1051", "ABSTRACT_N": "1031051", "LEVEL1_SUR": "PSL", "LEVEL2_BLO": "B28", "LEVEL3_SUR": "1", "Surv_Sect": "1", "SHAPE_AREA": 367.05898885478814, "owner_count": 0, "owners_json": [ ], "top_operator": "", "top_owner": "", "max_propensity_score": 0, "field_name": "Unknown", "production_status": "none", "pdp_well_count": 0, "pud_well_count": 0, "well_count": 0, "permit_count": 0 }, "geometry": { "type": "Polygon", "coordinates": [ [ [ -102.732614033580347, 31.468730362421006 ], [ -102.723431708704354, 31.470900328072052 ], [ -102.718880688814878, 31.456588060175672 ], [ -102.727992305151631, 31.454404053906178 ], [ -102.732614033580347, 31.468730362421006 ] ] ] } },
{ "type": "Feature", "properties": { "ABSTRACT_L": "A-1052", "ABSTRACT_N": "1031052", "LEVEL1_SUR": "PSL", "LEVEL2_BLO": "B28", "LEVEL3_SUR": "2", "Surv_Sect": "2", "SHAPE_AREA": 642.07921859418218, "owner_count": 0, "owners_json": [ ], "top_operator": "", "top_owner": "", "max_propensity_score": 0, "field_name": "Unknown", "production_status": "none", "pdp_well_count": 0, "pud_well_count": 0, "well_count": 0, "permit_count": 0 }, "geometry": { "type": "Polygon", "coordinates": [ [ [ -102.74867386307848, 31.464947032784238 ], [ -102.732614033580347, 31.468730362421006 ], [ -102.727992305151631, 31.454404053906178 ], [ -102.744027829404388, 31.450704269764497 ], [ -102.74867386307848, 31.464947032784238 ] ] ] } },
{ "type": "Feature", "properties": { "ABSTRACT_L": "A-1053", "ABSTRACT_N": "1031053", "LEVEL1_SUR": "PSL", "LEVEL2_BLO": "B28", "LEVEL3_SUR": "3", "Surv_Sect": "3", "SHAPE_AREA": 654.70020963753927, "owner_count": 0, "owners_json": [ ], "top_operator": "", "top_owner": "", "max_propensity_score": 0, "field_name": "Unknown", "production_status": "none", "pdp_well_count": 0, "pud_well_count": 0, "well_count": 0, "permit_count": 0 }, "geometry": { "type": "Polygon", "coordinates": [ [ [ -102.76065398567772, 31.447034621743917 ], [ -102.765127053996096, 31.461140891437672 ], [ -102.750438800799301, 31.464538858909322 ], [ -102.750438745055703, 31.464538873848259 ], [ -102.74867386307848, 31.464947032784238 ], [ -102.744027829404388, 31.450704269764497 ], [ -102.750438641314716, 31.449293203642423 ], [ -102.750438673191439, 31.449293196087933 ], [ -102.760063091730942, 31.447174457840831 ], [ -102.76065398567772, 31.447034621743917 ] ] ] } },
{ "type": "Feature", "properties": { "ABSTRACT_L": "A-1054", "ABSTRACT_N": "1031054", "LEVEL1_SUR": "PSL", "LEVEL2_BLO": "B28", "LEVEL3_SUR": "4", "Surv_Sect": "4", "SHAPE_AREA": 180.50002051135561, "owner_count": 0, "owners_json": [ ], "top_operator": "", "top_owner": "", "max_propensity_score": 0, "field_name": "Unknown", "production_status": "none", "pdp_well_count": 0, "pud_well_count": 0, "well_count": 0, "permit_count": 0 }, "geometry": { "type": "Polygon", "coordinates": [ [ [ -102.767469987869021, 31.460620284065026 ], [ -102.765127053996096, 31.461140891437672 ], [ -102.76065398567772, 31.447034621743917 ], [ -102.767485670035796, 31.445505060815947 ], [ -102.767482705966856, 31.448362931026882 ], [ -102.767469987869021, 31.460620284065026 ] ] ] } },
{ "type": "Feature", "properties": { "ABSTRACT_L": "A-1057", "ABSTRACT_N": "1031057", "LEVEL1_SUR": "PSL", "LEVEL2_BLO": "B28", "LEVEL3_SUR": "7", "Surv_Sect": "7", "SHAPE_AREA": 380.64153160313919, "owner_count": 0, "owners_json": [ ], "top_operator": "", "top_owner": "", "max_propensity_score": 0, "field_name": "Unknown", "production_status": "none", "pdp_well_count": 0, "pud_well_count": 0, "well_count": 0, "permit_count": 0 }, "geometry": { "type": "Polygon", "coordinates": [ [ [ -102.76065398567772, 31.447034621743917 ], [ -102.760063091730942, 31.447174457840831 ], [ -102.755650266208448, 31.433021981423735 ], [ -102.767501419417286, 31.43031995916202 ], [ -102.767485670035796, 31.445505060815947 ], [ -102.76065398567772, 31.447034621743917 ] ] ] } },
{ "type": "Feature", "properties": { "ABSTRACT_L": "A-1058", "ABSTRACT_N": "1031058", "LEVEL1_SUR": "PSL", "LEVEL2_BLO": "B28", "LEVEL3_SUR": "8", "Surv_Sect": "8", "SHAPE_AREA": 634.27329834460534, "owner_count": 0, "owners_json": [ ], "top_operator": "", "top_owner": "", "max_propensity_score": 0, "field_name": "Unknown", "production_status": "none", "pdp_well_count": 0, "pud_well_count": 0, "well_count": 0, "permit_count": 0 }, "geometry": { "type": "Polygon", "coordinates": [ [ [ -102.755650266208448, 31.433021981423735 ], [ -102.760063091730942, 31.447174457840831 ], [ -102.750438673191439, 31.449293196087933 ], [ -102.750438641314716, 31.449293203642423 ], [ -102.744027829404388, 31.450704269764497 ], [ -102.739469764079956, 31.43659840708133 ], [ -102.75043853049803, 31.434174032581836 ], [ -102.750438610276348, 31.434174017132701 ], [ -102.755650266208448, 31.433021981423735 ] ] ] } },
{ "type": "Feature", "properties": { "ABSTRACT_L": "A-1059", "ABSTRACT_N": "1031059", "LEVEL1_SUR": "PSL", "LEVEL2_BLO": "B28", "LEVEL3_SUR": "9", "Surv_Sect": "9", "SHAPE_AREA": 630.3520867715489, "owner_count": 0, "owners_json": [ ], "top_operator": "", "top_owner": "", "max_propensity_score": 0, "field_name": "Unknown", "production_status": "none", "pdp_well_count": 0, "pud_well_count": 0, "well_count": 0, "permit_count": 0 }, "geometry": { "type": "Polygon", "coordinates": [ [ [ -102.739469764079956, 31.43659840708133 ], [ -102.744027829404388, 31.450704269764497 ], [ -102.727992305151631, 31.454404053906178 ], [ -102.723525387829639, 31.440335670886718 ], [ -102.739469764079956, 31.43659840708133 ] ] ] } },
{ "type": "Feature", "properties": { "ABSTRACT_L": "A-106", "ABSTRACT_N": "103106", "LEVEL1_SUR": "H&TC RR CO", "LEVEL2_BLO": "1", "LEVEL3_SUR": "7", "Surv_Sect": "7", "SHAPE_AREA": 656.25337991994809, "owner_count": 0, "owners_json": [ ], "top_operator": "", "top_owner": "", "max_propensity_score": 0, "field_name": "Unknown", "production_status": "none", "pdp_well_count": 0, "pud_well_count": 0, "well_count": 0, "permit_count": 0 }, "geometry": { "type": "Polygon", "coordinates": [ [ [ -102.533250473827223, 31.260894424335078 ], [ -102.533282304834273, 31.261186155975448 ], [ -102.533231553588081, 31.261488425187359 ], [ -102.533174408985502, 31.261746796383417 ], [ -102.533276556999752, 31.261972493096717 ], [ -102.533525927226606, 31.262088676430427 ], [ -102.533774943779562, 31.262132633978002 ], [ -102.534062088094132, 31.262089181154067 ], [ -102.534464633430275, 31.262018719192561 ], [ -102.534669103900939, 31.262117895014253 ], [ -102.534765232634342, 31.26244824952758 ], [ -102.534949057127577, 31.262745540956917 ], [ -102.512908621987961, 31.284720135863328 ], [ -102.510813443505384, 31.286841529329401 ], [ -102.509153826906271, 31.285651383687313 ], [ -102.504449376957638, 31.282045256132132 ], [ -102.524557396768174, 31.262069201318496 ], [ -102.524712885100229, 31.26206274344171 ], [ -102.524910679623432, 31.262167553792516 ], [ -102.525076829711509, 31.26231632998195 ], [ -102.525110943121405, 31.26232576235688 ], [ -102.525357981604955, 31.262394083558789 ], [ -102.525530199993753, 31.262350133305443 ], [ -102.525683404943365, 31.262284556031013 ], [ -102.525798598938692, 31.262063060220079 ], [ -102.525969149394797, 31.261959999748363 ], [ -102.526016977282097, 31.26194905127047 ], [ -102.52639526958248, 31.261862434659612 ], [ -102.526441855566858, 31.261851764767197 ], [ -102.526449837157898, 31.26185138888291 ], [ -102.526649328537957, 31.261890417875662 ], [ -102.526673637250056, 31.261895178036536 ], [ -102.52697368304149, 31.261989728321485 ], [ -102.52709487841814, 31.262045156484177 ], [ -102.527401608884134, 31.262149900073158 ], [ -102.527503476871971, 31.262276540982409 ], [ -102.527650500139657, 31.262354163733566 ], [ -102.527899611473813, 31.262370623179045 ], [ -102.528091014647572, 31.26226645107225 ], [ -102.528148364693465, 31.262150483694672 ], [ -102.528497692689143, 31.261859742443367 ], [ -102.528781631482872, 31.261707445777827 ], [ -102.528851224905978, 31.261690309255208 ], [ -102.529246912977484, 31.261767866768601 ], [ -102.52945761094108, 31.261861439915865 ], [ -102.529770700839421, 31.26199427657361 ], [ -102.529975023508655, 31.262043922920999 ], [ -102.530037007534588, 31.26202447636414 ], [ -102.53011913731639, 31.26203854066415 ], [ -102.530179820287941, 31.2619796546395 ], [ -102.530428486234328, 31.261901621986862 ], [ -102.530584465383527, 31.261825446582208 ], [ -102.530736231983312, 31.261647701354889 ], [ -102.530861117983349, 31.261342759562535 ], [ -102.530960953684328, 31.261168089986604 ], [ -102.531134558562627, 31.261028165179361 ], [ -102.531631600597706, 31.260891342973085 ], [ -102.531973128609209, 31.260847883584194 ], [ -102.532279153101996, 31.260795735371726 ], [ -102.532653926546431, 31.260799657150216 ], [ -102.533226150195688, 31.260825089449259 ], [ -102.533250473827223, 31.260894424335078 ] ] ] } },
{ "type": "Feature", "properties": { "ABSTRACT_L": "A-1060", "ABSTRACT_N": "1031060", "LEVEL1_SUR": "PSL", "LEVEL2_BLO": "B28", "LEVEL3_SUR": "10", "Surv_Sect": "10", "SHAPE_AREA": 357.61694647824174, "owner_count": 0, "owners_json": [ ], "top_operator": "", "top_owner": "", "max_propensity_score": 0, "field_name": "Unknown", "production_status": "none", "pdp_well_count": 0, "pud_well_count": 0, "well_count": 0, "permit_count": 0 }, "geometry": { "type": "Polygon", "coordinates": [ [ [ -102.723525387829639, 31.440335670886718 ], [ -102.727992305151631, 31.454404053906178 ], [ -102.718880688814878, 31.456588060175672 ], [ -102.714506502111377, 31.442464492904566 ], [ -102.723525387829639, 31.440335670886718 ] ] ] } },
{ "type": "Feature", "properties": { "ABSTRACT_L": "A-1061", "ABSTRACT_N": "1031061", "LEVEL1_SUR": "PSL", "LEVEL2_BLO": "B28", "LEVEL3_SUR": "11", "Surv_Sect": "11", "SHAPE_AREA": 352.13549821394793, "owner_count": 0, "owners_json": [ ], "top_operator": "", "top_owner": "", "max_propensity_score": 0, "field_name": "Unknown", "production_status": "none", "pdp_well_count": 0, "pud_well_count": 0, "well_count": 0, "permit_count": 0 }, "geometry": { "type": "Polygon", "coordinates": [ [ [ -102.71921221145854, 31.427323169210272 ], [ -102.719294469356541, 31.427240283966093 ], [ -102.723525387829639, 31.440335670886718 ], [ -102.714506502111377, 31.442464492904566 ], [ -102.709994761559727, 31.428492873379948 ], [ -102.718182566869999, 31.426547534405579 ], [ -102.71921221145854, 31.427323169210272 ] ] ] } },
{ "type": "Feature", "properties": { "ABSTRACT_L": "A-1062", "ABSTRACT_N": "1031062", "LEVEL1_SUR": "PSL", "LEVEL2_BLO": "B28", "LEVEL3_SUR": "12", "Surv_Sect": "12", "SHAPE_AREA": 622.403613646704, "owner_count": 0, "owners_json": [ ], "top_operator": "", "top_owner": "", "max_propensity_score": 0, "field_name": "Unknown", "production_status": "none", "pdp_well_count": 0, "pud_well_count": 0, "well_count": 0, "permit_count": 0 }, "geometry": { "type": "Polygon", "coordinates": [ [ [ -102.734915919508708, 31.422606465413129 ], [ -102.739469764079956, 31.43659840708133 ], [ -102.723525387829639, 31.440335670886718 ], [ -102.719294469356541, 31.427240283966093 ], [ -102.720404932736542, 31.426040060898089 ], [ -102.734915919508708, 31.422606465413129 ] ] ] } },
{ "type": "Feature", "properties": { "ABSTRACT_L": "A-1063", "ABSTRACT_N": "1031063", "LEVEL1_SUR": "PSL", "LEVEL2_BLO": "B28", "LEVEL3_SUR": "13", "Surv_Sect": "13", "SHAPE_AREA": 639.70784569569003, "owner_count": 0, "owners_json": [ ], "top_operator": "", "top_owner": "", "max_propensity_score": 0, "field_name": "Unknown", "production_status": "none", "pdp_well_count": 0, "pud_well_count": 0, "well_count": 0, "permit_count": 0 }, "geometry": { "type": "Polygon", "coordinates": [ [ [ -102.750438612189285, 31.41896468867602 ], [ -102.751177575014538, 31.418791511858878 ], [ -102.755650266208448, 31.433021981423735 ], [ -102.750438610276348, 31.434174017132701 ], [ -102.75043853049803, 31.434174032581836 ], [ -102.739469764079956, 31.43659840708133 ], [ -102.734915919508708, 31.422606465413129 ], [ -102.750438532423672, 31.418964704125244 ], [ -102.750438612189285, 31.41896468867602 ] ] ] } },
{ "type": "Feature", "properties": { "ABSTRACT_L": "A-1064", "ABSTRACT_N": "1031064", "LEVEL1_SUR": "PSL", "LEVEL2_BLO": "B28", "LEVEL3_SUR": "14", "Surv_Sect": "14", "SHAPE_AREA": 559.78867425249541, "owner_count": 0, "owners_json": [ ], "top_operator": "", "top_owner": "", "max_propensity_score": 0, "field_name": "Unknown", "production_status": "none", "pdp_well_count": 0, "pud_well_count": 0, "well_count": 0, "permit_count": 0 }, "geometry": { "type": "Polygon", "coordinates": [ [ [ -102.755650266208448, 31.433021981423735 ], [ -102.751177575014538, 31.418791511858878 ], [ -102.767517231437338, 31.415074463193474 ], [ -102.767501419417286, 31.43031995916202 ], [ -102.755650266208448, 31.433021981423735 ] ] ] } },
{ "type": "Feature", "properties": { "ABSTRACT_L": "A-1066", "ABSTRACT_N": "1031066", "LEVEL1_SUR": "PSL", "LEVEL2_BLO": "B28", "LEVEL3_SUR": "19", "Surv_Sect": "19", "SHAPE_AREA": 680.90626468230857, "owner_count": 0, "owners_json": [ ], "top_operator": "", "top_owner": "", "max_propensity_score": 0, "field_name": "Unknown", "production_status": "none", "pdp_well_count": 0, "pud_well_count": 0, "well_count": 0, "permit_count": 0 }, "geometry": { "type": "Polygon", "coordinates": [ [ [ -102.751177575014538, 31.418791511858878 ], [ -102.750438585347482, 31.416502827752144 ], [ -102.750438524080408, 31.416502650206844 ], [ -102.746578350980997, 31.404549762047495 ], [ -102.750438275299658, 31.4036576113796 ], [ -102.750438466468523, 31.403657566051944 ], [ -102.755149981822044, 31.402567773628746 ], [ -102.763778088025632, 31.400571541796928 ], [ -102.767519453341663, 31.412789299586812 ], [ -102.767517251250709, 31.415055359708838 ], [ -102.767517231437338, 31.415074463193474 ], [ -102.751177575014538, 31.418791511858878 ] ] ] } },
{ "type": "Feature", "properties": { "ABSTRACT_L": "A-1067", "ABSTRACT_N": "1031067", "LEVEL1_SUR": "PSL", "LEVEL2_BLO": "B28", "LEVEL3_SUR": "20", "Surv_Sect": "20", "SHAPE_AREA": 607.92394078221253, "owner_count": 0, "owners_json": [ ], "top_operator": "", "top_owner": "", "max_propensity_score": 0, "field_name": "Unknown", "production_status": "none", "pdp_well_count": 0, "pud_well_count": 0, "well_count": 0, "permit_count": 0 }, "geometry": { "type": "Polygon", "coordinates": [ [ [ -102.740040362769349, 31.40607896694852 ], [ -102.745369247953207, 31.400714359773676 ], [ -102.745426622475819, 31.400896378885598 ], [ -102.746578350980997, 31.404549762047495 ], [ -102.750438524080408, 31.416502650206844 ], [ -102.750438585347482, 31.416502827752144 ], [ -102.751177575014538, 31.418791511858878 ], [ -102.750438612189285, 31.41896468867602 ], [ -102.750438532423672, 31.418964704125244 ], [ -102.734915919508708, 31.422606465413129 ], [ -102.73209802287171, 31.414053827494556 ], [ -102.740040362769349, 31.40607896694852 ] ] ] } },
{ "type": "Feature", "properties": { "ABSTRACT_L": "A-1068", "ABSTRACT_N": "1031068", "LEVEL1_SUR": "BATES, W A", "LEVEL2_BLO": null, "LEVEL3_SUR": "40", "Surv_Sect": "40", "SHAPE_AREA": 201.8605046455499, "owner_count": 0, "owners_json": [ ], "top_operator": "", "top_owner": "", "max_propensity_score": 0, "field_name": "Unknown", "production_status": "none", "pdp_well_count": 0, "pud_well_count": 0, "well_count": 0, "permit_count": 0 }, "geometry": { "type": "Polygon", "coordinates": [ [ [ -102.35046048881081, 31.368047951266739 ], [ -102.352724437381269, 31.375139014670701 ], [ -102.35332825848603, 31.377030553093643 ], [ -102.355607726532725, 31.384184388970979 ], [ -102.352404493975868, 31.384988150070615 ], [ -102.352839518569823, 31.386272479584502 ], [ -102.351681059843216, 31.386555640627538 ], [ -102.346088685203242, 31.369034626836996 ], [ -102.35046048881081, 31.368047951266739 ] ] ] } },
{ "type": "Feature", "properties": { "ABSTRACT_L": "A-1069", "ABSTRACT_N": "1031069", "LEVEL1_SUR": "PSL", "LEVEL2_BLO": "B22", "LEVEL3_SUR": "8", "Surv_Sect": "8", "SHAPE_AREA": 637.48377187533208, "owner_count": 0, "owners_json": [ ], "top_operator": "", "top_owner": "", "max_propensity_score": 0, "field_name": "Unknown", "production_status": "none", "pdp_well_count": 0, "pud_well_count": 0, "well_count": 0, "permit_count": 0 }, "geometry": { "type": "Polygon", "coordinates": [ [ [ -102.653871441240241, 31.608784247964522 ], [ -102.658092287806369, 31.622604078823041 ], [ -102.641293135799614, 31.626372569852929 ], [ -102.64093554415409, 31.625131473216761 ], [ -102.639291768555296, 31.619423750208284 ], [ -102.637134476268812, 31.612784141180729 ], [ -102.653871441240241, 31.608784247964522 ] ] ] } },
{ "type": "Feature", "properties": { "ABSTRACT_L": "A-107", "ABSTRACT_N": "103107", "LEVEL1_SUR": "H&TC RR CO", "LEVEL2_BLO": "1", "LEVEL3_SUR": "9", "Surv_Sect": "9", "SHAPE_AREA": 659.5805413781793, "owner_count": 0, "owners_json": [ ], "top_operator": "", "top_owner": "", "max_propensity_score": 0, "field_name": "Unknown", "production_status": "none", "pdp_well_count": 0, "pud_well_count": 0, "well_count": 0, "permit_count": 0 }, "geometry": { "type": "Polygon", "coordinates": [ [ [ -102.550302188398291, 31.268956355164597 ], [ -102.550305608113689, 31.268956363464682 ], [ -102.550701685864681, 31.268824752289557 ], [ -102.551002266804048, 31.268655118746569 ], [ -102.551270725785614, 31.268616797515993 ], [ -102.551501002227567, 31.268617769150303 ], [ -102.551589551667035, 31.268625385768004 ], [ -102.53177364040998, 31.288267937714132 ], [ -102.52828060232018, 31.291748628323873 ], [ -102.521919055948771, 31.287017811875302 ], [ -102.541534034858316, 31.267373154292589 ], [ -102.54155085430267, 31.267369639305095 ], [ -102.541832044508453, 31.267298771996614 ], [ -102.541959534181558, 31.26709542032096 ], [ -102.541984903615287, 31.266892003217329 ], [ -102.542067473719527, 31.266463199603873 ], [ -102.542099107943784, 31.266254177172524 ], [ -102.542200916288166, 31.265930245255976 ], [ -102.542347833867879, 31.265721001806146 ], [ -102.542520021267521, 31.265452098935803 ], [ -102.542711677483666, 31.265193826073801 ], [ -102.543005363703756, 31.265051179897096 ], [ -102.543128479960103, 31.265000820914626 ], [ -102.543141094951991, 31.264999310868923 ], [ -102.543150807684682, 31.264998150196064 ], [ -102.543369740317857, 31.265035079606815 ], [ -102.543549239578013, 31.265173245591726 ], [ -102.543702826954444, 31.265420609457006 ], [ -102.543799064222938, 31.265662923051373 ], [ -102.543799709438233, 31.266059118525796 ], [ -102.54378718214366, 31.266427370479605 ], [ -102.543755552696908, 31.266784985075887 ], [ -102.543813545245655, 31.267065187691724 ], [ -102.543941526075457, 31.267208492604542 ], [ -102.544159237010717, 31.267263391072028 ], [ -102.544402018371315, 31.267297133102936 ], [ -102.544619437210542, 31.267176618165525 ], [ -102.544810967428731, 31.26701739676664 ], [ -102.544995998729746, 31.266825271720375 ], [ -102.54520071786024, 31.266665790432196 ], [ -102.545449653187603, 31.266451799992005 ], [ -102.545692282757614, 31.266331468453306 ], [ -102.545800881230349, 31.266216243120038 ], [ -102.546288268619264, 31.266222188286903 ], [ -102.546773905747514, 31.266291388924056 ], [ -102.546969572556534, 31.266356277601911 ], [ -102.546984114507211, 31.266367038545322 ], [ -102.547013930679825, 31.266389103858554 ], [ -102.547259745489001, 31.266619804471681 ], [ -102.547381217882517, 31.266818263087153 ], [ -102.547541623128083, 31.267153541573702 ], [ -102.547650235793938, 31.267291047056155 ], [ -102.547880702858109, 31.267417879371784 ], [ -102.548046973325611, 31.267407047374174 ], [ -102.548225934872235, 31.267286588462863 ], [ -102.548334271064832, 31.267160647767113 ], [ -102.54844312675985, 31.266890906102809 ], [ -102.548519158889718, 31.266621831110296 ], [ -102.548787363427479, 31.266083471762514 ], [ -102.548991825913959, 31.265824937206062 ], [ -102.549033037817424, 31.265797147807341 ], [ -102.549216823526535, 31.265698879144672 ], [ -102.549380113878669, 31.265657514819139 ], [ -102.549548470172766, 31.26563374233347 ], [ -102.549804258477977, 31.265689236518302 ], [ -102.549989680304122, 31.265793578739366 ], [ -102.550219936229155, 31.265898420127815 ], [ -102.550411950085035, 31.266069368298865 ], [ -102.550629691047973, 31.266273487055713 ], [ -102.550860172171497, 31.2665489196173 ], [ -102.550981716185788, 31.266735686812932 ], [ -102.551039795284666, 31.267077104643061 ], [ -102.551014255245477, 31.267363070711212 ], [ -102.550924943412141, 31.267555354599725 ], [ -102.550739539842866, 31.267703465576474 ], [ -102.550438973906054, 31.26772450635179 ], [ -102.550176717023035, 31.267740692155645 ], [ -102.549856877451106, 31.267745609421574 ], [ -102.549543411244599, 31.267718084632911 ], [ -102.549313518928287, 31.267761125154664 ], [ -102.549191966810895, 31.267931356927896 ], [ -102.549153924690415, 31.268228588175123 ], [ -102.549154227425291, 31.268388166137584 ], [ -102.549250012112097, 31.26867379940493 ], [ -102.549346238832257, 31.268811547386758 ], [ -102.549582739561401, 31.268954787248497 ], [ -102.54977490237188, 31.26898263065732 ], [ -102.549908058596259, 31.268966092949661 ], [ -102.549928313588822, 31.268983172281743 ], [ -102.550241671733346, 31.26897769473468 ], [ -102.550298768899509, 31.268956346864965 ], [ -102.550302188398291, 31.268956355164597 ] ] ] } },
{ "type": "Feature", "properties": { "ABSTRACT_L": "A-1070", "ABSTRACT_N": "1031070", "LEVEL1_SUR": "PSL", "LEVEL2_BLO": "B22", "LEVEL3_SUR": "17", "Surv_Sect": "17", "SHAPE_AREA": 660.02786044966251, "owner_count": 0, "owners_json": [ ], "top_operator": "", "top_owner": "", "max_propensity_score": 0, "field_name": "Unknown", "production_status": "none", "pdp_well_count": 0, "pud_well_count": 0, "well_count": 0, "permit_count": 0 }, "geometry": { "type": "Polygon", "coordinates": [ [ [ -102.649259533935364, 31.594684028796269 ], [ -102.653871441240241, 31.608784247964522 ], [ -102.637134476268812, 31.612784141180729 ], [ -102.632609572745352, 31.59865205489108 ], [ -102.649259533935364, 31.594684028796269 ] ] ] } },
{ "type": "Feature", "properties": { "ABSTRACT_L": "A-1071", "ABSTRACT_N": "1031071", "LEVEL1_SUR": "PSL", "LEVEL2_BLO": "B22", "LEVEL3_SUR": "20", "Surv_Sect": "20", "SHAPE_AREA": 650.85818601642382, "owner_count": 0, "owners_json": [ ], "top_operator": "", "top_owner": "", "max_propensity_score": 0, "field_name": "Unknown", "production_status": "none", "pdp_well_count": 0, "pud_well_count": 0, "well_count": 0, "permit_count": 0 }, "geometry": { "type": "Polygon", "coordinates": [ [ [ -102.649259533935364, 31.594684028796269 ], [ -102.632609572745352, 31.59865205489108 ], [ -102.630394418933918, 31.591818828512721 ], [ -102.628095377655612, 31.584656401338467 ], [ -102.644650960102553, 31.580712820897606 ], [ -102.649259533935364, 31.594684028796269 ] ] ] } },
{ "type": "Feature", "properties": { "ABSTRACT_L": "A-1072", "ABSTRACT_N": "1031072", "LEVEL1_SUR": "PSL", "LEVEL2_BLO": "B22", "LEVEL3_SUR": "29", "Surv_Sect": "29", "SHAPE_AREA": 653.16654205179623, "owner_count": 0, "owners_json": [ ], "top_operator": "", "top_owner": "", "max_propensity_score": 0, "field_name": "Unknown", "production_status": "none", "pdp_well_count": 0, "pud_well_count": 0, "well_count": 0, "permit_count": 0 }, "geometry": { "type": "Polygon", "coordinates": [ [ [ -102.640040144586621, 31.566611481175194 ], [ -102.644650960102553, 31.580712820897606 ], [ -102.628095377655612, 31.584656401338467 ], [ -102.625839904931993, 31.577764749316568 ], [ -102.625435902652526, 31.576515594094531 ], [ -102.623521785009075, 31.570598501114322 ], [ -102.625435528785559, 31.570136832402447 ], [ -102.640040144586621, 31.566611481175194 ] ] ] } },
{ "type": "Feature", "properties": { "ABSTRACT_L": "A-1073", "ABSTRACT_N": "1031073", "LEVEL1_SUR": "PSL", "LEVEL2_BLO": "B26", "LEVEL3_SUR": "4", "Surv_Sect": "4", "SHAPE_AREA": 632.5565501711219, "owner_count": 0, "owners_json": [ ], "top_operator": "", "top_owner": "", "max_propensity_score": 0, "field_name": "Unknown", "production_status": "none", "pdp_well_count": 0, "pud_well_count": 0, "well_count": 0, "permit_count": 0 }, "geometry": { "type": "Polygon", "coordinates": [ [ [ -102.623521785009075, 31.570598501114322 ], [ -102.607395680554902, 31.574333384035835 ], [ -102.602880374174759, 31.56033757732849 ], [ -102.619012323128658, 31.556545292460697 ], [ -102.623521785009075, 31.570598501114322 ] ] ] } },
{ "type": "Feature", "properties": { "ABSTRACT_L": "A-1074", "ABSTRACT_N": "1031074", "LEVEL1_SUR": "PSL", "LEVEL2_BLO": "B26", "LEVEL3_SUR": "5", "Surv_Sect": "5", "SHAPE_AREA": 650.02347181372443, "owner_count": 0, "owners_json": [ ], "top_operator": "", "top_owner": "", "max_propensity_score": 0, "field_name": "Unknown", "production_status": "none", "pdp_well_count": 0, "pud_well_count": 0, "well_count": 0, "permit_count": 0 }, "geometry": { "type": "Polygon", "coordinates": [ [ [ -102.635427652547904, 31.552530602306614 ], [ -102.640040144586621, 31.566611481175194 ], [ -102.625435528785559, 31.570136832402447 ], [ -102.623521785009075, 31.570598501114322 ], [ -102.619012323128658, 31.556545292460697 ], [ -102.625435567314923, 31.55497460224688 ], [ -102.635427652547904, 31.552530602306614 ] ] ] } },
{ "type": "Feature", "properties": { "ABSTRACT_L": "A-1075", "ABSTRACT_N": "1031075", "LEVEL1_SUR": "PSL", "LEVEL2_BLO": "B22", "LEVEL3_SUR": "25", "Surv_Sect": "25", "SHAPE_AREA": 641.77305009527538, "owner_count": 0, "owners_json": [ ], "top_operator": "", "top_owner": "", "max_propensity_score": 0, "field_name": "Unknown", "production_status": "none", "pdp_well_count": 0, "pud_well_count": 0, "well_count": 0, "permit_count": 0 }, "geometry": { "type": "Polygon", "coordinates": [ [ [ -102.578933215890686, 31.596197413984036 ], [ -102.562667898462848, 31.599798254317427 ], [ -102.55810535499991, 31.585680197093616 ], [ -102.574437268064003, 31.582042877315192 ], [ -102.578933215890686, 31.596197413984036 ] ] ] } },
{ "type": "Feature", "properties": { "ABSTRACT_L": "A-1076", "ABSTRACT_N": "1031076", "LEVEL1_SUR": "PSL", "LEVEL2_BLO": "B23", "LEVEL3_SUR": "3", "Surv_Sect": "3", "SHAPE_AREA": 646.97181045519051, "owner_count": 0, "owners_json": [ ], "top_operator": "", "top_owner": "", "max_propensity_score": 0, "field_name": "Unknown", "production_status": "none", "pdp_well_count": 0, "pud_well_count": 0, "well_count": 0, "permit_count": 0 }, "geometry": { "type": "Polygon", "coordinates": [ [ [ -102.522453705804296, 31.639385846621089 ], [ -102.520859700387746, 31.639771645772012 ], [ -102.506162958411778, 31.643233392726234 ], [ -102.501662008657689, 31.629048624048096 ], [ -102.517926557194457, 31.625146369648672 ], [ -102.522453705804296, 31.639385846621089 ] ] ] } },
{ "type": "Feature", "properties": { "ABSTRACT_L": "A-1077", "ABSTRACT_N": "1031077", "LEVEL1_SUR": "PSL", "LEVEL2_BLO": "B23", "LEVEL3_SUR": "4", "Surv_Sect": "4", "SHAPE_AREA": 660.79649303172096, "owner_count": 0, "owners_json": [ ], "top_operator": "", "top_owner": "", "max_propensity_score": 0, "field_name": "Unknown", "production_status": "none", "pdp_well_count": 0, "pud_well_count": 0, "well_count": 0, "permit_count": 0 }, "geometry": { "type": "Polygon", "coordinates": [ [ [ -102.534454698039113, 31.621297626693487 ], [ -102.535733383471651, 31.625130973914644 ], [ -102.539180251997522, 31.635452038352518 ], [ -102.536945488346277, 31.635997072993057 ], [ -102.522453705804296, 31.639385846621089 ], [ -102.517926557194457, 31.625146369648672 ], [ -102.534454698039113, 31.621297626693487 ] ] ] } },
{ "type": "Feature", "properties": { "ABSTRACT_L": "A-1078", "ABSTRACT_N": "1031078", "LEVEL1_SUR": "PSL", "LEVEL2_BLO": "B23", "LEVEL3_SUR": "5", "Surv_Sect": "5", "SHAPE_AREA": 638.34970664672051, "owner_count": 0, "owners_json": [ ], "top_operator": "", "top_owner": "", "max_propensity_score": 0, "field_name": "Unknown", "production_status": "none", "pdp_well_count": 0, "pud_well_count": 0, "well_count": 0, "permit_count": 0 }, "geometry": { "type": "Polygon", "coordinates": [ [ [ -102.550686679316783, 31.617515490394066 ], [ -102.553137980972835, 31.625131364950484 ], [ -102.555224352341483, 31.631613360834987 ], [ -102.553624268353175, 31.631989411838962 ], [ -102.539180251997522, 31.635452038352518 ], [ -102.535733383471651, 31.625130973914644 ], [ -102.534454698039113, 31.621297626693487 ], [ -102.550686679316783, 31.617515490394066 ] ] ] } },
{ "type": "Feature", "properties": { "ABSTRACT_L": "A-1079", "ABSTRACT_N": "1031079", "LEVEL1_SUR": "PSL", "LEVEL2_BLO": "B23", "LEVEL3_SUR": "6", "Surv_Sect": "6", "SHAPE_AREA": 652.29258692185795, "owner_count": 0, "owners_json": [ ], "top_operator": "", "top_owner": "", "max_propensity_score": 0, "field_name": "Unknown", "production_status": "none", "pdp_well_count": 0, "pud_well_count": 0, "well_count": 0, "permit_count": 0 }, "geometry": { "type": "Polygon", "coordinates": [ [ [ -102.567162349093891, 31.613674285892273 ], [ -102.570912386675559, 31.625131051810268 ], [ -102.571790993090275, 31.627809130876237 ], [ -102.569705348512457, 31.628311908236363 ], [ -102.555224352341483, 31.631613360834987 ], [ -102.553137980972835, 31.625131364950484 ], [ -102.550686679316783, 31.617515490394066 ], [ -102.567162349093891, 31.613674285892273 ] ] ] } },
{ "type": "Feature", "properties": { "ABSTRACT_L": "A-108", "ABSTRACT_N": "103108", "LEVEL1_SUR": "H&TC RR CO", "LEVEL2_BLO": "1", "LEVEL3_SUR": "11", "Surv_Sect": "11", "SHAPE_AREA": 651.66548023985035, "owner_count": 0, "owners_json": [ ], "top_operator": "", "top_owner": "", "max_propensity_score": 0, "field_name": "Unknown", "production_status": "none", "pdp_well_count": 0, "pud_well_count": 0, "well_count": 0, "permit_count": 0 }, "geometry": { "type": "Polygon", "coordinates": [ [ [ -102.567758045528009, 31.272065734792019 ], [ -102.567758896276274, 31.272063420454014 ], [ -102.567771796822228, 31.272028227993616 ], [ -102.567783981630811, 31.271995010138756 ], [ -102.567797374763757, 31.271958480328063 ], [ -102.567778415656235, 31.271732562913744 ], [ -102.567727609186562, 31.271556768924153 ], [ -102.567529675190968, 31.271286938344822 ], [ -102.567351002331307, 31.27113776892357 ], [ -102.567012670414172, 31.270933303467867 ], [ -102.566737738284417, 31.270762668162618 ], [ -102.566469727205771, 31.270492815179662 ], [ -102.566392979778655, 31.270365712899814 ], [ -102.566374433709711, 31.270079922284648 ], [ -102.566432077342384, 31.269975600022402 ], [ -102.566605028838097, 31.269827045893258 ], [ -102.566615154332581, 31.269822092017922 ], [ -102.566988834307693, 31.269729326307186 ], [ -102.567232670278329, 31.269810371204102 ], [ -102.567270066724845, 31.269822802240878 ], [ -102.567615120197189, 31.26999412310818 ], [ -102.567761935207642, 31.270077194334071 ], [ -102.568132474614956, 31.270259000437811 ], [ -102.56836227240845, 31.270374818096165 ], [ -102.568700865348575, 31.270573765099879 ], [ -102.568963063048145, 31.270717148180456 ], [ -102.569250278432008, 31.270794687171382 ], [ -102.569512479266947, 31.270850015599834 ], [ -102.569780970855973, 31.270856373396715 ], [ -102.569870949520734, 31.270819932774803 ], [ -102.569889891056818, 31.270812258549171 ], [ -102.570267311972998, 31.270642416497722 ], [ -102.570337838381221, 31.270570874799258 ], [ -102.570484994493938, 31.270488841882496 ], [ -102.570709541424378, 31.270131515811251 ], [ -102.570850582036371, 31.269972563052569 ], [ -102.571087471162826, 31.269818585318717 ], [ -102.571336844011469, 31.269769602482675 ], [ -102.571566993239401, 31.269824896085115 ], [ -102.571623878363837, 31.270105770039383 ], [ -102.571585206128347, 31.270391321026526 ], [ -102.571546015725815, 31.27060052242706 ], [ -102.571596670987276, 31.270887057400664 ], [ -102.571692553925146, 31.271016094727973 ], [ -102.555054552984075, 31.287477042820996 ], [ -102.547362001111111, 31.295133816762863 ], [ -102.540897761290438, 31.290412798393625 ], [ -102.562523575988379, 31.269054758674159 ], [ -102.562609036127355, 31.269077314294904 ], [ -102.562845817662279, 31.269023094173736 ], [ -102.563076053930573, 31.268962819300459 ], [ -102.563408779613169, 31.26888675746774 ], [ -102.563661080042408, 31.268852149786355 ], [ -102.563721337119148, 31.268864240798635 ], [ -102.563778759631163, 31.268875764946237 ], [ -102.563939617609009, 31.26892578562633 ], [ -102.564105432202425, 31.269074526446857 ], [ -102.56422697311352, 31.269184908224666 ], [ -102.564341715766076, 31.269400007347965 ], [ -102.564405404570806, 31.269740620967607 ], [ -102.564398662031806, 31.26999388146746 ], [ -102.564270137584003, 31.270334862929513 ], [ -102.564148405246314, 31.270675021833792 ], [ -102.564071348123491, 31.270889785640463 ], [ -102.564141348399204, 31.27104935243916 ], [ -102.564269353397961, 31.271088095870223 ], [ -102.564422872398637, 31.271093997347801 ], [ -102.564665706200017, 31.271099498246354 ], [ -102.564876674657512, 31.271067123380583 ], [ -102.565273064815841, 31.27103518775148 ], [ -102.565503519279787, 31.271057447967877 ], [ -102.565675810653019, 31.271090504270109 ], [ -102.565816278561385, 31.271234228583896 ], [ -102.5658930184767, 31.271377152190329 ], [ -102.565918494854117, 31.27150390892222 ], [ -102.565918031154979, 31.271723346596353 ], [ -102.565981879452167, 31.271965591750178 ], [ -102.566109156438259, 31.272169428192271 ], [ -102.566275264776792, 31.272373175800976 ], [ -102.566447451895854, 31.272505973396154 ], [ -102.566664800817222, 31.272604844255866 ], [ -102.567035485442588, 31.272644269784557 ], [ -102.567259456402809, 31.272589621657506 ], [ -102.56747034215573, 31.272480189777919 ], [ -102.567617739839122, 31.272392645684935 ], [ -102.567700815964301, 31.272221797374364 ], [ -102.567700890646705, 31.272221596412734 ], [ -102.567746606784254, 31.272096915527367 ], [ -102.567749942361985, 31.272087831478661 ], [ -102.567753088632102, 31.272079253237553 ], [ -102.567756357751463, 31.27207355488386 ], [ -102.567755756690332, 31.27207197262501 ], [ -102.567758045528009, 31.272065734792019 ] ] ] } },
{ "type": "Feature", "properties": { "ABSTRACT_L": "A-1080", "ABSTRACT_N": "1031080", "LEVEL1_SUR": "PSL", "LEVEL2_BLO": "B25", "LEVEL3_SUR": "6", "Surv_Sect": "6", "SHAPE_AREA": 646.19804867214611, "owner_count": 0, "owners_json": [ ], "top_operator": "", "top_owner": "", "max_propensity_score": 0, "field_name": "Unknown", "production_status": "none", "pdp_well_count": 0, "pud_well_count": 0, "well_count": 0, "permit_count": 0 }, "geometry": { "type": "Polygon", "coordinates": [ [ [ -102.55810535499991, 31.585680197093616 ], [ -102.541739444329394, 31.589574891024242 ], [ -102.537174808130118, 31.575412424956344 ], [ -102.553627845442477, 31.57166474558268 ], [ -102.55810535499991, 31.585680197093616 ] ] ] } },
{ "type": "Feature", "properties": { "ABSTRACT_L": "A-1081", "ABSTRACT_N": "1031081", "LEVEL1_SUR": "PSL", "LEVEL2_BLO": "B25", "LEVEL3_SUR": "20", "Surv_Sect": "20", "SHAPE_AREA": 328.33607902430327, "owner_count": 0, "owners_json": [ ], "top_operator": "", "top_owner": "", "max_propensity_score": 0, "field_name": "Unknown", "production_status": "none", "pdp_well_count": 0, "pud_well_count": 0, "well_count": 0, "permit_count": 0 }, "geometry": { "type": "Polygon", "coordinates": [ [ [ -102.528382023584598, 31.547382612269036 ], [ -102.511872318702515, 31.551277542023801 ], [ -102.50956296429969, 31.544170274267547 ], [ -102.52603821114765, 31.540283492623935 ], [ -102.528382023584598, 31.547382612269036 ] ] ] } },
{ "type": "Feature", "properties": { "ABSTRACT_L": "A-1082", "ABSTRACT_N": "1031082", "LEVEL1_SUR": "PSL", "LEVEL2_BLO": "B25", "LEVEL3_SUR": "23", "Surv_Sect": "23", "SHAPE_AREA": 322.88671984755342, "owner_count": 0, "owners_json": [ ], "top_operator": "", "top_owner": "", "max_propensity_score": 0, "field_name": "Unknown", "production_status": "none", "pdp_well_count": 0, "pud_well_count": 0, "well_count": 0, "permit_count": 0 }, "geometry": { "type": "Polygon", "coordinates": [ [ [ -102.47086530616302, 31.54579643988296 ], [ -102.474736387508969, 31.544896600109627 ], [ -102.476982596816114, 31.551913564963019 ], [ -102.460529866059844, 31.555737130875841 ], [ -102.458263534110586, 31.548724824930297 ], [ -102.47086530616302, 31.54579643988296 ] ] ] } },
{ "type": "Feature", "properties": { "ABSTRACT_L": "A-1083", "ABSTRACT_N": "1031083", "LEVEL1_SUR": "PSL", "LEVEL2_BLO": "B26", "LEVEL3_SUR": "1", "Surv_Sect": "1", "SHAPE_AREA": 642.49913884382681, "owner_count": 0, "owners_json": [ ], "top_operator": "", "top_owner": "", "max_propensity_score": 0, "field_name": "Unknown", "production_status": "none", "pdp_well_count": 0, "pud_well_count": 0, "well_count": 0, "permit_count": 0 }, "geometry": { "type": "Polygon", "coordinates": [ [ [ -102.574437268064003, 31.582042877315192 ], [ -102.55810535499991, 31.585680197093616 ], [ -102.553627845442477, 31.57166474558268 ], [ -102.570057429089118, 31.567898228169614 ], [ -102.574437268064003, 31.582042877315192 ] ] ] } },
{ "type": "Feature", "properties": { "ABSTRACT_L": "A-1084", "ABSTRACT_N": "1031084", "LEVEL1_SUR": "PSL", "LEVEL2_BLO": "B16", "LEVEL3_SUR": "32", "Surv_Sect": "32", "SHAPE_AREA": 513.32042065649262, "owner_count": 0, "owners_json": [ ], "top_operator": "", "top_owner": "", "max_propensity_score": 0, "field_name": "Unknown", "production_status": "none", "pdp_well_count": 0, "pud_well_count": 0, "well_count": 0, "permit_count": 0 }, "geometry": { "type": "Polygon", "coordinates": [ [ [ -102.681046653899443, 31.644323298052271 ], [ -102.665882310432877, 31.647933205641255 ], [ -102.665020854621957, 31.64525194044127 ], [ -102.662053167846196, 31.635723383168692 ], [ -102.677119115688484, 31.632237645442647 ], [ -102.681046653899443, 31.644323298052271 ] ] ] } },
{ "type": "Feature", "properties": { "ABSTRACT_L": "A-1085", "ABSTRACT_N": "1031085", "LEVEL1_SUR": "PSL", "LEVEL2_BLO": "B16", "LEVEL3_SUR": "30", "Surv_Sect": "30", "SHAPE_AREA": 421.79123651344042, "owner_count": 0, "owners_json": [ ], "top_operator": "", "top_owner": "", "max_propensity_score": 0, "field_name": "Unknown", "production_status": "none", "pdp_well_count": 0, "pud_well_count": 0, "well_count": 0, "permit_count": 0 }, "geometry": { "type": "Polygon", "coordinates": [ [ [ -102.62930490929287, 31.643456444502888 ], [ -102.645792548204739, 31.639536360588245 ], [ -102.648766291918463, 31.649134596681026 ], [ -102.639525192534549, 31.651315744161888 ], [ -102.631901034342874, 31.651300444563965 ], [ -102.62930490929287, 31.643456444502888 ] ] ] } },
{ "type": "Feature", "properties": { "ABSTRACT_L": "A-1086", "ABSTRACT_N": "1031086", "LEVEL1_SUR": "PSL", "LEVEL2_BLO": "B16", "LEVEL3_SUR": "31", "Surv_Sect": "31", "SHAPE_AREA": 433.80088070740601, "owner_count": 0, "owners_json": [ ], "top_operator": "", "top_owner": "", "max_propensity_score": 0, "field_name": "Unknown", "production_status": "none", "pdp_well_count": 0, "pud_well_count": 0, "well_count": 0, "permit_count": 0 }, "geometry": { "type": "Polygon", "coordinates": [ [ [ -102.665020854621957, 31.64525194044127 ], [ -102.648766291918463, 31.649134596681026 ], [ -102.645792548204739, 31.639536360588245 ], [ -102.662053167846196, 31.635723383168692 ], [ -102.665020854621957, 31.64525194044127 ] ] ] } },
{ "type": "Feature", "properties": { "ABSTRACT_L": "A-1087", "ABSTRACT_N": "1031087", "LEVEL1_SUR": "CROSS, J F", "LEVEL2_BLO": null, "LEVEL3_SUR": "3", "Surv_Sect": "3", "SHAPE_AREA": 105.36124921360147, "owner_count": 0, "owners_json": [ ], "top_operator": "", "top_owner": "", "max_propensity_score": 0, "field_name": "Unknown", "production_status": "none", "pdp_well_count": 0, "pud_well_count": 0, "well_count": 0, "permit_count": 0 }, "geometry": { "type": "Polygon", "coordinates": [ [ [ -102.54916511697671, 31.350059824199718 ], [ -102.564802399792342, 31.36151278473811 ], [ -102.563310855310945, 31.363013588082207 ], [ -102.547666409991677, 31.351535148125706 ], [ -102.54916511697671, 31.350059824199718 ] ] ] } },
{ "type": "Feature", "properties": { "ABSTRACT_L": "A-1088", "ABSTRACT_N": "1031088", "LEVEL1_SUR": "CCSD&RGNG RR CO", "LEVEL2_BLO": "F", "LEVEL3_SUR": "200", "Surv_Sect": "200", "SHAPE_AREA": 568.08034623363426, "owner_count": 0, "owners_json": [ ], "top_operator": "", "top_owner": "", "max_propensity_score": 0, "field_name": "Unknown", "production_status": "none", "pdp_well_count": 0, "pud_well_count": 0, "well_count": 0, "permit_count": 0 }, "geometry": { "type": "Polygon", "coordinates": [ [ [ -102.326617747283976, 31.427718606157597 ], [ -102.331095956416021, 31.441040019483555 ], [ -102.33142030295177, 31.441982798233632 ], [ -102.31515626444579, 31.445581969254647 ], [ -102.314926719826303, 31.444891713127632 ], [ -102.314894990187142, 31.444797909474907 ], [ -102.314835002738135, 31.442386324507925 ], [ -102.314545752037262, 31.430518714085828 ], [ -102.326617747283976, 31.427718606157597 ] ] ] } },
{ "type": "Feature", "properties": { "ABSTRACT_L": "A-1089", "ABSTRACT_N": "1031089", "LEVEL1_SUR": "CCSD&RGNG RR CO", "LEVEL2_BLO": "F", "LEVEL3_SUR": "202", "Surv_Sect": "202", "SHAPE_AREA": 642.56663721264999, "owner_count": 0, "owners_json": [ ], "top_operator": "", "top_owner": "", "max_propensity_score": 0, "field_name": "Unknown", "production_status": "none", "pdp_well_count": 0, "pud_well_count": 0, "well_count": 0, "permit_count": 0 }, "geometry": { "type": "Polygon", "coordinates": [ [ [ -102.338271079872698, 31.409947260769982 ], [ -102.342926643396794, 31.423956490380153 ], [ -102.342898291517329, 31.423963096558548 ], [ -102.326617747283976, 31.427718606157597 ], [ -102.321895194878579, 31.41369776104704 ], [ -102.338271079872698, 31.409947260769982 ] ] ] } },
{ "type": "Feature", "properties": { "ABSTRACT_L": "A-109", "ABSTRACT_N": "103109", "LEVEL1_SUR": "H&TC RR CO", "LEVEL2_BLO": "1", "LEVEL3_SUR": "13", "Surv_Sect": "13", "SHAPE_AREA": 677.37707203846185, "owner_count": 0, "owners_json": [ ], "top_operator": "", "top_owner": "", "max_propensity_score": 0, "field_name": "Unknown", "production_status": "none", "pdp_well_count": 0, "pud_well_count": 0, "well_count": 0, "permit_count": 0 }, "geometry": { "type": "Polygon", "coordinates": [ [ [ -102.596158684255599, 31.264091047221488 ], [ -102.596252581347343, 31.264067957142132 ], [ -102.596348295447726, 31.264068114923663 ], [ -102.596475693245168, 31.264128836888119 ], [ -102.596571029129279, 31.264305089723511 ], [ -102.596570804839359, 31.264442661174467 ], [ -102.596579120206272, 31.264455151181863 ], [ -102.596664639249781, 31.264712425466993 ], [ -102.596681122804071, 31.265028039989975 ], [ -102.596617175091382, 31.265298602736163 ], [ -102.596568187322276, 31.26539953266786 ], [ -102.596478209350238, 31.265608385896865 ], [ -102.596497212502072, 31.265746266415913 ], [ -102.596452328736135, 31.265905390226806 ], [ -102.596489223189948, 31.266345581078944 ], [ -102.596590844505172, 31.266692285494845 ], [ -102.596813528518808, 31.266912752012082 ], [ -102.596941161736524, 31.266923956042046 ], [ -102.59710091307808, 31.266907681867792 ], [ -102.597292314133981, 31.266819908278542 ], [ -102.597580220398669, 31.26660021837171 ], [ -102.597708701913334, 31.26620417241811 ], [ -102.597862093530779, 31.266000924502624 ], [ -102.598136599745629, 31.26584751694223 ], [ -102.598360237938337, 31.265781821910899 ], [ -102.598500590319205, 31.265803761243831 ], [ -102.59864721827114, 31.265776735740531 ], [ -102.598844798264423, 31.265826430216372 ], [ -102.598978719983805, 31.265876019776783 ], [ -102.599215143464562, 31.266035935343886 ], [ -102.574871763515162, 31.290724656297371 ], [ -102.574033748405654, 31.291625225723443 ], [ -102.56756598045952, 31.286888386628078 ], [ -102.590613030547686, 31.26367072975215 ], [ -102.590741418767223, 31.263689169229142 ], [ -102.59083991505365, 31.263703318039738 ], [ -102.591111187650682, 31.263796765264662 ], [ -102.59144205193131, 31.263990298452708 ], [ -102.591521353729334, 31.264039303703086 ], [ -102.591615820978731, 31.264182408376954 ], [ -102.591667905526307, 31.264369587125177 ], [ -102.591686585434175, 31.264583773082904 ], [ -102.591663222362968, 31.264683383273958 ], [ -102.591681404254572, 31.264996680382005 ], [ -102.591782659584069, 31.265271864203719 ], [ -102.591948015978929, 31.265568175309763 ], [ -102.591950783734703, 31.265580164469192 ], [ -102.591960742961248, 31.265590984720721 ], [ -102.591979311383739, 31.265624256589508 ], [ -102.592170044016399, 31.265877693529561 ], [ -102.592386670383519, 31.265993732773193 ], [ -102.592584195092101, 31.266114969275545 ], [ -102.592870784183376, 31.266286011818721 ], [ -102.593080453065809, 31.266660153644455 ], [ -102.59348155641878, 31.267034566845162 ], [ -102.59367880617792, 31.267232841596069 ], [ -102.59395914711304, 31.267409516794881 ], [ -102.594227005979292, 31.267525214366348 ], [ -102.594433657790475, 31.267512605524168 ], [ -102.594495266369861, 31.267508846382984 ], [ -102.594667606389692, 31.267470999034622 ], [ -102.594717564775095, 31.267426029209407 ], [ -102.594785174726894, 31.267421214145539 ], [ -102.594893458473308, 31.267271385935508 ], [ -102.59498749474028, 31.267190802023418 ], [ -102.595096510969995, 31.267047617508691 ], [ -102.595301355927319, 31.266690613925725 ], [ -102.595499893638475, 31.266410110469828 ], [ -102.595500629139224, 31.266261529845512 ], [ -102.595469111319559, 31.26600283522939 ], [ -102.595501780026595, 31.265733911448677 ], [ -102.595566654096615, 31.265398292778382 ], [ -102.595573971422283, 31.265007443426118 ], [ -102.595612653420361, 31.264782429469392 ], [ -102.595703212591957, 31.264463492371991 ], [ -102.595813004417337, 31.264324838342045 ], [ -102.595955609520871, 31.264210839799944 ], [ -102.596158684255599, 31.264091047221488 ] ] ] } },
{ "type": "Feature", "properties": { "ABSTRACT_L": "A-1090", "ABSTRACT_N": "1031090", "LEVEL1_SUR": "CCSD&RGNG RR CO", "LEVEL2_BLO": "F", "LEVEL3_SUR": "216", "Surv_Sect": "216", "SHAPE_AREA": 668.95186889824492, "owner_count": 0, "owners_json": [ ], "top_operator": "", "top_owner": "", "max_propensity_score": 0, "field_name": "Unknown", "production_status": "none", "pdp_well_count": 0, "pud_well_count": 0, "well_count": 0, "permit_count": 0 }, "geometry": { "type": "Polygon", "coordinates": [ [ [ -102.359947678325597, 31.422026600436531 ], [ -102.364183116762575, 31.434725485550523 ], [ -102.360786056362514, 31.435529506788193 ], [ -102.347717756433468, 31.438373914439211 ], [ -102.347308975974144, 31.437138320780221 ], [ -102.347308593121454, 31.437138410245502 ], [ -102.342926643396794, 31.423956490380153 ], [ -102.355467238471249, 31.421033702776079 ], [ -102.358758000989738, 31.420218674123866 ], [ -102.359298856839587, 31.420083653943518 ], [ -102.35936347806927, 31.420277176288355 ], [ -102.359947678325597, 31.422026600436531 ] ] ] } },
{ "type": "Feature", "properties": { "ABSTRACT_L": "A-1091", "ABSTRACT_N": "1031091", "LEVEL1_SUR": "T&P RR CO", "LEVEL2_BLO": "42 T5S", "LEVEL3_SUR": "6", "Surv_Sect": "6", "SHAPE_AREA": 611.18124680213077, "owner_count": 0, "owners_json": [ ], "top_operator": "", "top_owner": "", "max_propensity_score": 0, "field_name": "Unknown", "production_status": "none", "pdp_well_count": 0, "pud_well_count": 0, "well_count": 0, "permit_count": 0 }, "geometry": { "type": "Polygon", "coordinates": [ [ [ -102.330924531389101, 31.548006841790041 ], [ -102.335508902072235, 31.562093751423717 ], [ -102.31928723569817, 31.565801578067308 ], [ -102.318481021295142, 31.565985796940591 ], [ -102.317540322279783, 31.5630969642305 ], [ -102.317527407366995, 31.551207965774726 ], [ -102.330924531389101, 31.548006841790041 ] ] ] } },
{ "type": "Feature", "properties": { "ABSTRACT_L": "A-1092", "ABSTRACT_N": "1031092", "LEVEL1_SUR": "T&P RR CO", "LEVEL2_BLO": "42 T5S", "LEVEL3_SUR": "18", "Surv_Sect": "18", "SHAPE_AREA": 276.95289341892982, "owner_count": 0, "owners_json": [ ], "top_operator": "", "top_owner": "", "max_propensity_score": 0, "field_name": "Unknown", "production_status": "none", "pdp_well_count": 0, "pud_well_count": 0, "well_count": 0, "permit_count": 0 }, "geometry": { "type": "Polygon", "coordinates": [ [ [ -102.321788017460534, 31.519869038689663 ], [ -102.321862785051536, 31.520100715652276 ], [ -102.326268058974037, 31.533748479157161 ], [ -102.317038291058992, 31.535892609902387 ], [ -102.317004783469869, 31.534937815352173 ], [ -102.316765193118314, 31.521040339771783 ], [ -102.321788017460534, 31.519869038689663 ] ] ] } },
{ "type": "Feature", "properties": { "ABSTRACT_L": "A-1094", "ABSTRACT_N": "1031094", "LEVEL1_SUR": "CCSD&RGNG RR CO", "LEVEL2_BLO": "X", "LEVEL3_SUR": "4", "Surv_Sect": "4", "SHAPE_AREA": 647.10647999935259, "owner_count": 0, "owners_json": [ ], "top_operator": "", "top_owner": "", "max_propensity_score": 0, "field_name": "Unknown", "production_status": "none", "pdp_well_count": 0, "pud_well_count": 0, "well_count": 0, "permit_count": 0 }, "geometry": { "type": "Polygon", "coordinates": [ [ [ -102.365129123954588, 31.359127107184086 ], [ -102.348828482814952, 31.362935577855673 ], [ -102.344117489587319, 31.348803829744082 ], [ -102.360651377096545, 31.345116659688298 ], [ -102.365129123954588, 31.359127107184086 ] ] ] } },
{ "type": "Feature", "properties": { "ABSTRACT_L": "A-1095", "ABSTRACT_N": "1031095", "LEVEL1_SUR": "PSL", "LEVEL2_BLO": "B17", "LEVEL3_SUR": "10", "Surv_Sect": "10", "SHAPE_AREA": 600.48094803036815, "owner_count": 0, "owners_json": [ ], "top_operator": "", "top_owner": "", "max_propensity_score": 0, "field_name": "Unknown", "production_status": "none", "pdp_well_count": 0, "pud_well_count": 0, "well_count": 0, "permit_count": 0 }, "geometry": { "type": "Polygon", "coordinates": [ [ [ -102.718701049320586, 31.593435118358098 ], [ -102.720895149579491, 31.600301929585015 ], [ -102.722980743965749, 31.606828165699088 ], [ -102.721816408190918, 31.607115996386923 ], [ -102.721702476085184, 31.606757951448245 ], [ -102.706601380025617, 31.610499187471287 ], [ -102.702387702711931, 31.597251358350814 ], [ -102.718701049320586, 31.593435118358098 ] ] ] } },
{ "type": "Feature", "properties": { "ABSTRACT_L": "A-1096", "ABSTRACT_N": "1031096", "LEVEL1_SUR": "PSL", "LEVEL2_BLO": "B17", "LEVEL3_SUR": "11", "Surv_Sect": "11", "SHAPE_AREA": 600.71121216281506, "owner_count": 0, "owners_json": [ ], "top_operator": "", "top_owner": "", "max_propensity_score": 0, "field_name": "Unknown", "production_status": "none", "pdp_well_count": 0, "pud_well_count": 0, "well_count": 0, "permit_count": 0 }, "geometry": { "type": "Polygon", "coordinates": [ [ [ -102.702387702711931, 31.597251358350814 ], [ -102.706601380025617, 31.610499187471287 ], [ -102.705871027852936, 31.61067283719952 ], [ -102.690679431452125, 31.614477575776309 ], [ -102.686163832604208, 31.601090513889652 ], [ -102.702387702711931, 31.597251358350814 ] ] ] } },
{ "type": "Feature", "properties": { "ABSTRACT_L": "A-1097", "ABSTRACT_N": "1031097", "LEVEL1_SUR": "PSL", "LEVEL2_BLO": "B17", "LEVEL3_SUR": "12", "Surv_Sect": "12", "SHAPE_AREA": 610.50438453520007, "owner_count": 0, "owners_json": [ ], "top_operator": "", "top_owner": "", "max_propensity_score": 0, "field_name": "Unknown", "production_status": "none", "pdp_well_count": 0, "pud_well_count": 0, "well_count": 0, "permit_count": 0 }, "geometry": { "type": "Polygon", "coordinates": [ [ [ -102.690679431452125, 31.614477575776309 ], [ -102.689951698918733, 31.614664595867264 ], [ -102.674484477497657, 31.618400922487584 ], [ -102.669963395457586, 31.604985952169343 ], [ -102.686163832604208, 31.601090513889652 ], [ -102.690679431452125, 31.614477575776309 ] ] ] } },
{ "type": "Feature", "properties": { "ABSTRACT_L": "A-1098", "ABSTRACT_N": "1031098", "LEVEL1_SUR": "PSL", "LEVEL2_BLO": "B17", "LEVEL3_SUR": "13", "Surv_Sect": "13", "SHAPE_AREA": 644.26300045520668, "owner_count": 0, "owners_json": [ ], "top_operator": "", "top_owner": "", "max_propensity_score": 0, "field_name": "Unknown", "production_status": "none", "pdp_well_count": 0, "pud_well_count": 0, "well_count": 0, "permit_count": 0 }, "geometry": { "type": "Polygon", "coordinates": [ [ [ -102.681454554743297, 31.586943119832675 ], [ -102.686163832604208, 31.601090513889652 ], [ -102.669963395457586, 31.604985952169343 ], [ -102.665182062826588, 31.590912394264546 ], [ -102.681454554743297, 31.586943119832675 ] ] ] } },
{ "type": "Feature", "properties": { "ABSTRACT_L": "A-1099", "ABSTRACT_N": "1031099", "LEVEL1_SUR": "PSL", "LEVEL2_BLO": "B17", "LEVEL3_SUR": "14", "Surv_Sect": "14", "SHAPE_AREA": 649.24868826381567, "owner_count": 0, "owners_json": [ ], "top_operator": "", "top_owner": "", "max_propensity_score": 0, "field_name": "Unknown", "production_status": "none", "pdp_well_count": 0, "pud_well_count": 0, "well_count": 0, "permit_count": 0 }, "geometry": { "type": "Polygon", "coordinates": [ [ [ -102.697843728662733, 31.582987935868857 ], [ -102.702387702711931, 31.597251358350814 ], [ -102.686163832604208, 31.601090513889652 ], [ -102.681454554743297, 31.586943119832675 ], [ -102.697843728662733, 31.582987935868857 ] ] ] } },
{ "type": "Feature", "properties": { "ABSTRACT_L": "A-11", "ABSTRACT_N": "10311", "LEVEL1_SUR": "CCSD&RGNG RR CO", "LEVEL2_BLO": "F", "LEVEL3_SUR": "211", "Surv_Sect": "211", "SHAPE_AREA": 650.96536312349815, "owner_count": 0, "owners_json": [ ], "top_operator": "", "top_owner": "", "max_propensity_score": 0, "field_name": "Unknown", "production_status": "none", "pdp_well_count": 0, "pud_well_count": 0, "well_count": 0, "permit_count": 0 }, "geometry": { "type": "Polygon", "coordinates": [ [ [ -102.335387221374276, 31.350814280895733 ], [ -102.336125535588977, 31.350640710707847 ], [ -102.340819002046359, 31.364742947339554 ], [ -102.340149751164034, 31.364876777040653 ], [ -102.336891683435283, 31.365678407198896 ], [ -102.324297692287871, 31.368420905358974 ], [ -102.319638183536739, 31.354385610666231 ], [ -102.332127201780906, 31.351583509903978 ], [ -102.335387221374276, 31.350814280895733 ] ] ] } },
{ "type": "Feature", "properties": { "ABSTRACT_L": "A-110", "ABSTRACT_N": "103110", "LEVEL1_SUR": "H&TC RR CO", "LEVEL2_BLO": "1", "LEVEL3_SUR": "15", "Surv_Sect": "15", "SHAPE_AREA": 636.85321220661103, "owner_count": 0, "owners_json": [ ], "top_operator": "", "top_owner": "", "max_propensity_score": 0, "field_name": "Unknown", "production_status": "none", "pdp_well_count": 0, "pud_well_count": 0, "well_count": 0, "permit_count": 0 }, "geometry": { "type": "Polygon", "coordinates": [ [ [ -102.603049226975443, 31.274650174397483 ], [ -102.602962047792062, 31.274760816696933 ], [ -102.602848316496932, 31.274911909728946 ], [ -102.602477051376141, 31.275407071577931 ], [ -102.602477071106236, 31.275654689976189 ], [ -102.602585456735767, 31.27594074183374 ], [ -102.602750947802392, 31.276177474232821 ], [ -102.603070397046721, 31.276303803747364 ], [ -102.603364027178515, 31.276364636932612 ], [ -102.603804950615697, 31.276392908397444 ], [ -102.604092255195482, 31.276398837693264 ], [ -102.604469219003974, 31.276548075515169 ], [ -102.604711806084168, 31.276762646085356 ], [ -102.604871357554984, 31.277060027763888 ], [ -102.604877455974048, 31.277252501311139 ], [ -102.604800666138331, 31.277488609278318 ], [ -102.60468546149545, 31.277697287389987 ], [ -102.604621300895715, 31.277840292703999 ], [ -102.6044807152809, 31.277999940918612 ], [ -102.604448374494467, 31.278396129354871 ], [ -102.60448648208957, 31.278660178228037 ], [ -102.604658958886816, 31.279034361930695 ], [ -102.604837234277554, 31.279254325690971 ], [ -102.605086678594233, 31.279397900344673 ], [ -102.605284483020824, 31.279337508319035 ], [ -102.60547645192328, 31.279299258947869 ], [ -102.605636248337774, 31.279255445291611 ], [ -102.605790236321297, 31.279194544751558 ], [ -102.60599786077286, 31.279126875819944 ], [ -102.606177249079948, 31.279103096838607 ], [ -102.606427963774678, 31.279111497915302 ], [ -102.606744600152084, 31.279239567353006 ], [ -102.607090118751884, 31.279433371852466 ], [ -102.607105430611327, 31.279449448561561 ], [ -102.607373522812935, 31.279702688556423 ], [ -102.6075070122874, 31.279783672624678 ], [ -102.585576152733381, 31.301971847305314 ], [ -102.579808653486594, 31.297762976829954 ], [ -102.57930323679129, 31.297394018843967 ], [ -102.581364793367101, 31.295350583953354 ], [ -102.604084547247609, 31.272147407365065 ], [ -102.604108490740572, 31.272301544956523 ], [ -102.604287209262651, 31.272582033101706 ], [ -102.604516893877573, 31.272851886199582 ], [ -102.604535840415878, 31.273016579834742 ], [ -102.60442733380431, 31.273104766874223 ], [ -102.604242043354517, 31.273269434760994 ], [ -102.603998927107085, 31.273428421124276 ], [ -102.60357746686816, 31.27371409452946 ], [ -102.603379038461568, 31.273983615720965 ], [ -102.603361057387445, 31.274070236001439 ], [ -102.60332160928148, 31.274126457658134 ], [ -102.603110442696973, 31.274533106578708 ], [ -102.603060055315595, 31.274632362410848 ], [ -102.603049226975443, 31.274650174397483 ] ] ] } },
{ "type": "Feature", "properties": { "ABSTRACT_L": "A-1100", "ABSTRACT_N": "1031100", "LEVEL1_SUR": "PSL", "LEVEL2_BLO": "B17", "LEVEL3_SUR": "15", "Surv_Sect": "15", "SHAPE_AREA": 651.75940472397792, "owner_count": 0, "owners_json": [ ], "top_operator": "", "top_owner": "", "max_propensity_score": 0, "field_name": "Unknown", "production_status": "none", "pdp_well_count": 0, "pud_well_count": 0, "well_count": 0, "permit_count": 0 }, "geometry": { "type": "Polygon", "coordinates": [ [ [ -102.714100440805865, 31.579085624833844 ], [ -102.718701049320586, 31.593435118358098 ], [ -102.702387702711931, 31.597251358350814 ], [ -102.697843728662733, 31.582987935868857 ], [ -102.714100440805865, 31.579085624833844 ] ] ] } },
{ "type": "Feature", "properties": { "ABSTRACT_L": "A-1101", "ABSTRACT_N": "1031101", "LEVEL1_SUR": "PSL", "LEVEL2_BLO": "B17", "LEVEL3_SUR": "20", "Surv_Sect": "20", "SHAPE_AREA": 630.74525626182663, "owner_count": 0, "owners_json": [ ], "top_operator": "", "top_owner": "", "max_propensity_score": 0, "field_name": "Unknown", "production_status": "none", "pdp_well_count": 0, "pud_well_count": 0, "well_count": 0, "permit_count": 0 }, "geometry": { "type": "Polygon", "coordinates": [ [ [ -102.70973477313342, 31.565265483681952 ], [ -102.714100440805865, 31.579085624833844 ], [ -102.697843728662733, 31.582987935868857 ], [ -102.693424548960351, 31.56911234980462 ], [ -102.70973477313342, 31.565265483681952 ] ] ] } },
{ "type": "Feature", "properties": { "ABSTRACT_L": "A-1102", "ABSTRACT_N": "1031102", "LEVEL1_SUR": "PSL", "LEVEL2_BLO": "B17", "LEVEL3_SUR": "21", "Surv_Sect": "21", "SHAPE_AREA": 641.96234303244535, "owner_count": 0, "owners_json": [ ], "top_operator": "", "top_owner": "", "max_propensity_score": 0, "field_name": "Unknown", "production_status": "none", "pdp_well_count": 0, "pud_well_count": 0, "well_count": 0, "permit_count": 0 }, "geometry": { "type": "Polygon", "coordinates": [ [ [ -102.693424548960351, 31.56911234980462 ], [ -102.697843728662733, 31.582987935868857 ], [ -102.681454554743297, 31.586943119832675 ], [ -102.676818934600362, 31.573064973378294 ], [ -102.693424548960351, 31.56911234980462 ] ] ] } },
{ "type": "Feature", "properties": { "ABSTRACT_L": "A-1103", "ABSTRACT_N": "1031103", "LEVEL1_SUR": "PSL", "LEVEL2_BLO": "B17", "LEVEL3_SUR": "22", "Surv_Sect": "22", "SHAPE_AREA": 634.9437822626528, "owner_count": 0, "owners_json": [ ], "top_operator": "", "top_owner": "", "max_propensity_score": 0, "field_name": "Unknown", "production_status": "none", "pdp_well_count": 0, "pud_well_count": 0, "well_count": 0, "permit_count": 0 }, "geometry": { "type": "Polygon", "coordinates": [ [ [ -102.681454554743297, 31.586943119832675 ], [ -102.665182062826588, 31.590912394264546 ], [ -102.660639449864931, 31.576906662950869 ], [ -102.676818934600362, 31.573064973378294 ], [ -102.681454554743297, 31.586943119832675 ] ] ] } },
{ "type": "Feature", "properties": { "ABSTRACT_L": "A-1104", "ABSTRACT_N": "1031104", "LEVEL1_SUR": "O`NEAL, M C", "LEVEL2_BLO": "B17", "LEVEL3_SUR": "23", "Surv_Sect": "23", "SHAPE_AREA": 637.65575846019146, "owner_count": 0, "owners_json": [ ], "top_operator": "", "top_owner": "", "max_propensity_score": 0, "field_name": "Unknown", "production_status": "none", "pdp_well_count": 0, "pud_well_count": 0, "well_count": 0, "permit_count": 0 }, "geometry": { "type": "Polygon", "coordinates": [ [ [ -102.672327393225515, 31.559006890658473 ], [ -102.676818934600362, 31.573064973378294 ], [ -102.660639449864931, 31.576906662950869 ], [ -102.656107649264399, 31.562851651557231 ], [ -102.656501436036649, 31.562756257904439 ], [ -102.658512968981995, 31.562283145400325 ], [ -102.664017974309928, 31.560961822406231 ], [ -102.672327393225515, 31.559006890658473 ] ] ] } },
{ "type": "Feature", "properties": { "ABSTRACT_L": "A-1105", "ABSTRACT_N": "1031105", "LEVEL1_SUR": "PSL", "LEVEL2_BLO": "B17", "LEVEL3_SUR": "24", "Surv_Sect": "24", "SHAPE_AREA": 653.09610871554048, "owner_count": 0, "owners_json": [ ], "top_operator": "", "top_owner": "", "max_propensity_score": 0, "field_name": "Unknown", "production_status": "none", "pdp_well_count": 0, "pud_well_count": 0, "well_count": 0, "permit_count": 0 }, "geometry": { "type": "Polygon", "coordinates": [ [ [ -102.688955626997199, 31.555076421658573 ], [ -102.693424548960351, 31.56911234980462 ], [ -102.676818934600362, 31.573064973378294 ], [ -102.672327393225515, 31.559006890658473 ], [ -102.688955626997199, 31.555076421658573 ] ] ] } },
{ "type": "Feature", "properties": { "ABSTRACT_L": "A-1106", "ABSTRACT_N": "1031106", "LEVEL1_SUR": "PSL", "LEVEL2_BLO": "B17", "LEVEL3_SUR": "25", "Surv_Sect": "25", "SHAPE_AREA": 640.84140133148424, "owner_count": 0, "owners_json": [ ], "top_operator": "", "top_owner": "", "max_propensity_score": 0, "field_name": "Unknown", "production_status": "none", "pdp_well_count": 0, "pud_well_count": 0, "well_count": 0, "permit_count": 0 }, "geometry": { "type": "Polygon", "coordinates": [ [ [ -102.705172357189696, 31.551161064740139 ], [ -102.70973477313342, 31.565265483681952 ], [ -102.693424548960351, 31.56911234980462 ], [ -102.688955626997199, 31.555076421658573 ], [ -102.705172357189696, 31.551161064740139 ] ] ] } },
{ "type": "Feature", "properties": { "ABSTRACT_L": "A-1107", "ABSTRACT_N": "1031107", "LEVEL1_SUR": "O`NEAL, M C", "LEVEL2_BLO": "B17", "LEVEL3_SUR": "26", "Surv_Sect": "26", "SHAPE_AREA": 643.74865680371533, "owner_count": 0, "owners_json": [ ], "top_operator": "", "top_owner": "", "max_propensity_score": 0, "field_name": "Unknown", "production_status": "none", "pdp_well_count": 0, "pud_well_count": 0, "well_count": 0, "permit_count": 0 }, "geometry": { "type": "Polygon", "coordinates": [ [ [ -102.721309878447286, 31.54724233203882 ], [ -102.723590011081143, 31.554132699933547 ], [ -102.724841663726082, 31.557844817475072 ], [ -102.726049387468493, 31.561436089645522 ], [ -102.70973477313342, 31.565265483681952 ], [ -102.705172357189696, 31.551161064740139 ], [ -102.721309878447286, 31.54724233203882 ] ] ] } },
{ "type": "Feature", "properties": { "ABSTRACT_L": "A-1108", "ABSTRACT_N": "1031108", "LEVEL1_SUR": "PSL", "LEVEL2_BLO": "B21", "LEVEL3_SUR": "1", "Surv_Sect": "1", "SHAPE_AREA": 632.29757617656958, "owner_count": 0, "owners_json": [ ], "top_operator": "", "top_owner": "", "max_propensity_score": 0, "field_name": "Unknown", "production_status": "none", "pdp_well_count": 0, "pud_well_count": 0, "well_count": 0, "permit_count": 0 }, "geometry": { "type": "Polygon", "coordinates": [ [ [ -102.651817421263829, 31.548596878720311 ], [ -102.667801233338366, 31.544782192182172 ], [ -102.672327393225515, 31.559006890658473 ], [ -102.664017974309928, 31.560961822406231 ], [ -102.658512968981995, 31.562283145400325 ], [ -102.656501436036649, 31.562756257904439 ], [ -102.651817421263829, 31.548596878720311 ] ] ] } },
{ "type": "Feature", "properties": { "ABSTRACT_L": "A-1109", "ABSTRACT_N": "1031109", "LEVEL1_SUR": "PSL", "LEVEL2_BLO": "B21", "LEVEL3_SUR": "2", "Surv_Sect": "2", "SHAPE_AREA": 659.91179602267459, "owner_count": 0, "owners_json": [ ], "top_operator": "", "top_owner": "", "max_propensity_score": 0, "field_name": "Unknown", "production_status": "none", "pdp_well_count": 0, "pud_well_count": 0, "well_count": 0, "permit_count": 0 }, "geometry": { "type": "Polygon", "coordinates": [ [ [ -102.684382968665417, 31.540891675852535 ], [ -102.688955626997199, 31.555076421658573 ], [ -102.672327393225515, 31.559006890658473 ], [ -102.667801233338366, 31.544782192182172 ], [ -102.684382968665417, 31.540891675852535 ] ] ] } },
{ "type": "Feature", "properties": { "ABSTRACT_L": "A-111", "ABSTRACT_N": "103111", "LEVEL1_SUR": "H&TC RR CO", "LEVEL2_BLO": "1", "LEVEL3_SUR": "17", "Surv_Sect": "17", "SHAPE_AREA": 655.77608911943457, "owner_count": 0, "owners_json": [ ], "top_operator": "", "top_owner": "", "max_propensity_score": 0, "field_name": "Unknown", "production_status": "none", "pdp_well_count": 0, "pud_well_count": 0, "well_count": 0, "permit_count": 0 }, "geometry": { "type": "Polygon", "coordinates": [ [ [ -102.616910897378744, 31.287285666470847 ], [ -102.616845480591749, 31.287677340017293 ], [ -102.616698088864027, 31.287837159418963 ], [ -102.616563882209377, 31.2880242131796 ], [ -102.616429533463958, 31.288221594553924 ], [ -102.61632707356749, 31.288397702297939 ], [ -102.61625654462101, 31.288469276093991 ], [ -102.616084062292302, 31.288705948127607 ], [ -102.615981577025792, 31.289084977110562 ], [ -102.616070537775641, 31.289288845519913 ], [ -102.616204723479868, 31.28937693310138 ], [ -102.616422319128688, 31.289437884130287 ], [ -102.616735325411568, 31.289459775681703 ], [ -102.617042029627854, 31.289339384527622 ], [ -102.617215026238796, 31.289251287221614 ], [ -102.617585491951388, 31.289278880277628 ], [ -102.617853812990248, 31.289422716558764 ], [ -102.61816705626201, 31.289626197061803 ], [ -102.618428889904209, 31.28970893619778 ], [ -102.618876448885615, 31.289786563684654 ], [ -102.619279208332372, 31.289737152320978 ], [ -102.619701090219635, 31.289566962113817 ], [ -102.619957081411172, 31.289539764312984 ], [ -102.620263454475463, 31.289295335706832 ], [ -102.613316552843614, 31.296442305124334 ], [ -102.598663435996357, 31.311512633606679 ], [ -102.597817811775812, 31.312381857312335 ], [ -102.591174614894655, 31.307609792220177 ], [ -102.613205550977654, 31.285283486596953 ], [ -102.613255119070985, 31.285341601621415 ], [ -102.613497668857832, 31.285495596970385 ], [ -102.613785100244513, 31.28549048310509 ], [ -102.613945252489515, 31.285430157130179 ], [ -102.614405334944806, 31.285353464356032 ], [ -102.614807981714733, 31.285227708518427 ], [ -102.615229979421088, 31.285178608719647 ], [ -102.615574896298412, 31.285239046174304 ], [ -102.616054354317058, 31.285399277644981 ], [ -102.616367161718685, 31.2855594079263 ], [ -102.616712104037745, 31.285939033533044 ], [ -102.616801972200477, 31.286090918383227 ], [ -102.616810083340823, 31.286395786137643 ], [ -102.616835244387588, 31.286802475149184 ], [ -102.616898500655353, 31.287182282755087 ], [ -102.616910897378744, 31.287285666470847 ] ] ] } },
{ "type": "Feature", "properties": { "ABSTRACT_L": "A-1110", "ABSTRACT_N": "1031110", "LEVEL1_SUR": "PSL", "LEVEL2_BLO": "B21", "LEVEL3_SUR": "3", "Surv_Sect": "3", "SHAPE_AREA": 645.15473770071014, "owner_count": 0, "owners_json": [ ], "top_operator": "", "top_owner": "", "max_propensity_score": 0, "field_name": "Unknown", "production_status": "none", "pdp_well_count": 0, "pud_well_count": 0, "well_count": 0, "permit_count": 0 }, "geometry": { "type": "Polygon", "coordinates": [ [ [ -102.700615533416084, 31.536979976982195 ], [ -102.705172357189696, 31.551161064740139 ], [ -102.688955626997199, 31.555076421658573 ], [ -102.684382968665417, 31.540891675852535 ], [ -102.700615533416084, 31.536979976982195 ] ] ] } },
{ "type": "Feature", "properties": { "ABSTRACT_L": "A-1111", "ABSTRACT_N": "1031111", "LEVEL1_SUR": "PSL", "LEVEL2_BLO": "B21", "LEVEL3_SUR": "4", "Surv_Sect": "4", "SHAPE_AREA": 651.5393900118188, "owner_count": 0, "owners_json": [ ], "top_operator": "", "top_owner": "", "max_propensity_score": 0, "field_name": "Unknown", "production_status": "none", "pdp_well_count": 0, "pud_well_count": 0, "well_count": 0, "permit_count": 0 }, "geometry": { "type": "Polygon", "coordinates": [ [ [ -102.721309878447286, 31.54724233203882 ], [ -102.705172357189696, 31.551161064740139 ], [ -102.700615533416084, 31.536979976982195 ], [ -102.70889232463874, 31.534963469040949 ], [ -102.71716361019989, 31.532877763451445 ], [ -102.721309878447286, 31.54724233203882 ] ] ] } },
{ "type": "Feature", "properties": { "ABSTRACT_L": "A-1112", "ABSTRACT_N": "1031112", "LEVEL1_SUR": "PSL", "LEVEL2_BLO": "B21", "LEVEL3_SUR": "9", "Surv_Sect": "9", "SHAPE_AREA": 649.81001697888041, "owner_count": 0, "owners_json": [ ], "top_operator": "", "top_owner": "", "max_propensity_score": 0, "field_name": "Unknown", "production_status": "none", "pdp_well_count": 0, "pud_well_count": 0, "well_count": 0, "permit_count": 0 }, "geometry": { "type": "Polygon", "coordinates": [ [ [ -102.679907883959444, 31.527000809840231 ], [ -102.684382968665417, 31.540891675852535 ], [ -102.667801233338366, 31.544782192182172 ], [ -102.663133831967585, 31.530844262651122 ], [ -102.679907883959444, 31.527000809840231 ] ] ] } },
{ "type": "Feature", "properties": { "ABSTRACT_L": "A-1113", "ABSTRACT_N": "1031113", "LEVEL1_SUR": "PSL", "LEVEL2_BLO": "B21", "LEVEL3_SUR": "8", "Surv_Sect": "8", "SHAPE_AREA": 626.17273705777097, "owner_count": 0, "owners_json": [ ], "top_operator": "", "top_owner": "", "max_propensity_score": 0, "field_name": "Unknown", "production_status": "none", "pdp_well_count": 0, "pud_well_count": 0, "well_count": 0, "permit_count": 0 }, "geometry": { "type": "Polygon", "coordinates": [ [ [ -102.696154387876788, 31.523322219453149 ], [ -102.700615533416084, 31.536979976982195 ], [ -102.684382968665417, 31.540891675852535 ], [ -102.679907883959444, 31.527000809840231 ], [ -102.696154387876788, 31.523322219453149 ] ] ] } },
{ "type": "Feature", "properties": { "ABSTRACT_L": "A-1114", "ABSTRACT_N": "1031114", "LEVEL1_SUR": "PSL", "LEVEL2_BLO": "B21", "LEVEL3_SUR": "10", "Surv_Sect": "10", "SHAPE_AREA": 642.52593461198762, "owner_count": 0, "owners_json": [ ], "top_operator": "", "top_owner": "", "max_propensity_score": 0, "field_name": "Unknown", "production_status": "none", "pdp_well_count": 0, "pud_well_count": 0, "well_count": 0, "permit_count": 0 }, "geometry": { "type": "Polygon", "coordinates": [ [ [ -102.663133831967585, 31.530844262651122 ], [ -102.667801233338366, 31.544782192182172 ], [ -102.651817421263829, 31.548596878720311 ], [ -102.647042890449455, 31.534221794181224 ], [ -102.663020697777682, 31.530502682799334 ], [ -102.663133831967585, 31.530844262651122 ] ] ] } },
{ "type": "Feature", "properties": { "ABSTRACT_L": "A-1115", "ABSTRACT_N": "1031115", "LEVEL1_SUR": "PSL", "LEVEL2_BLO": "B22", "LEVEL3_SUR": "4", "Surv_Sect": "4", "SHAPE_AREA": 605.61944993049894, "owner_count": 0, "owners_json": [ ], "top_operator": "", "top_owner": "", "max_propensity_score": 0, "field_name": "Unknown", "production_status": "none", "pdp_well_count": 0, "pud_well_count": 0, "well_count": 0, "permit_count": 0 }, "geometry": { "type": "Polygon", "coordinates": [ [ [ -102.641293135799614, 31.626372569852929 ], [ -102.645792548204739, 31.639536360588245 ], [ -102.62930490929287, 31.643456444502888 ], [ -102.625435903438671, 31.631299390629376 ], [ -102.625080288150912, 31.630181332638447 ], [ -102.625436107039803, 31.630097785736268 ], [ -102.641293135799614, 31.626372569852929 ] ] ] } },
{ "type": "Feature", "properties": { "ABSTRACT_L": "A-1116", "ABSTRACT_N": "1031116", "LEVEL1_SUR": "PSL", "LEVEL2_BLO": "B22", "LEVEL3_SUR": "5", "Surv_Sect": "5", "SHAPE_AREA": 606.33236296412815, "owner_count": 0, "owners_json": [ ], "top_operator": "", "top_owner": "", "max_propensity_score": 0, "field_name": "Unknown", "production_status": "none", "pdp_well_count": 0, "pud_well_count": 0, "well_count": 0, "permit_count": 0 }, "geometry": { "type": "Polygon", "coordinates": [ [ [ -102.662053167846196, 31.635723383168692 ], [ -102.645792548204739, 31.639536360588245 ], [ -102.641293135799614, 31.626372569852929 ], [ -102.658092287806369, 31.622604078823041 ], [ -102.662053167846196, 31.635723383168692 ] ] ] } },
{ "type": "Feature", "properties": { "ABSTRACT_L": "A-1117", "ABSTRACT_N": "1031117", "LEVEL1_SUR": "PSL", "LEVEL2_BLO": "B22", "LEVEL3_SUR": "6", "Surv_Sect": "6", "SHAPE_AREA": 544.05323868964581, "owner_count": 0, "owners_json": [ ], "top_operator": "", "top_owner": "", "max_propensity_score": 0, "field_name": "Unknown", "production_status": "none", "pdp_well_count": 0, "pud_well_count": 0, "well_count": 0, "permit_count": 0 }, "geometry": { "type": "Polygon", "coordinates": [ [ [ -102.672918933585819, 31.619224782026322 ], [ -102.677119115688484, 31.632237645442647 ], [ -102.662053167846196, 31.635723383168692 ], [ -102.658092287806369, 31.622604078823041 ], [ -102.672918933585819, 31.619224782026322 ] ] ] } },
{ "type": "Feature", "properties": { "ABSTRACT_L": "A-1118", "ABSTRACT_N": "1031118", "LEVEL1_SUR": "PSL", "LEVEL2_BLO": "B22", "LEVEL3_SUR": "7", "Surv_Sect": "7", "SHAPE_AREA": 628.55231068079377, "owner_count": 0, "owners_json": [ ], "top_operator": "", "top_owner": "", "max_propensity_score": 0, "field_name": "Unknown", "production_status": "none", "pdp_well_count": 0, "pud_well_count": 0, "well_count": 0, "permit_count": 0 }, "geometry": { "type": "Polygon", "coordinates": [ [ [ -102.674484477497657, 31.618400922487584 ], [ -102.672797861578303, 31.61883453963285 ], [ -102.672918933585819, 31.619224782026322 ], [ -102.658092287806369, 31.622604078823041 ], [ -102.653871441240241, 31.608784247964522 ], [ -102.669963395457586, 31.604985952169343 ], [ -102.674484477497657, 31.618400922487584 ] ] ] } },
{ "type": "Feature", "properties": { "ABSTRACT_L": "A-1119", "ABSTRACT_N": "1031119", "LEVEL1_SUR": "PSL", "LEVEL2_BLO": "B22", "LEVEL3_SUR": "18", "Surv_Sect": "18", "SHAPE_AREA": 632.54720060094212, "owner_count": 0, "owners_json": [ ], "top_operator": "", "top_owner": "", "max_propensity_score": 0, "field_name": "Unknown", "production_status": "none", "pdp_well_count": 0, "pud_well_count": 0, "well_count": 0, "permit_count": 0 }, "geometry": { "type": "Polygon", "coordinates": [ [ [ -102.665182062826588, 31.590912394264546 ], [ -102.669963395457586, 31.604985952169343 ], [ -102.653871441240241, 31.608784247964522 ], [ -102.649259533935364, 31.594684028796269 ], [ -102.665182062826588, 31.590912394264546 ] ] ] } },
{ "type": "Feature", "properties": { "ABSTRACT_L": "A-112", "ABSTRACT_N": "103112", "LEVEL1_SUR": "H&TC RR CO", "LEVEL2_BLO": "1", "LEVEL3_SUR": "19", "Surv_Sect": "19", "SHAPE_AREA": 654.77184971285396, "owner_count": 0, "owners_json": [ ], "top_operator": "", "top_owner": "", "max_propensity_score": 0, "field_name": "Unknown", "production_status": "none", "pdp_well_count": 0, "pud_well_count": 0, "well_count": 0, "permit_count": 0 }, "geometry": { "type": "Polygon", "coordinates": [ [ [ -102.635594452066144, 31.294198164219011 ], [ -102.635616836647756, 31.294297834983158 ], [ -102.6356879612852, 31.294550899259548 ], [ -102.635648803166617, 31.294755979837284 ], [ -102.635680900723472, 31.294987847200915 ], [ -102.63564910086086, 31.295226476731202 ], [ -102.635711197702889, 31.295385486536684 ], [ -102.635830988468086, 31.295515827867241 ], [ -102.635993755691558, 31.295578536540507 ], [ -102.636282983678811, 31.295550637075291 ], [ -102.636442842462259, 31.295508861941855 ], [ -102.636577066524964, 31.295565987675317 ], [ -102.625434635739722, 31.306966603386915 ], [ -102.614142634691305, 31.318516567905711 ], [ -102.60746086460486, 31.313654606196877 ], [ -102.625434318853806, 31.295724107448152 ], [ -102.629753271289047, 31.291414140711243 ], [ -102.629767003694369, 31.291469221574584 ], [ -102.629733465798424, 31.29164668512626 ], [ -102.629685227745867, 31.291769417622927 ], [ -102.629632378181284, 31.291958272329193 ], [ -102.629588504958775, 31.292224687722207 ], [ -102.62962407029147, 31.292351214467246 ], [ -102.629725613278836, 31.292531437803639 ], [ -102.629901806286057, 31.29261660855267 ], [ -102.630095943923479, 31.292640166716392 ], [ -102.630327328218584, 31.292635467018382 ], [ -102.630505305485173, 31.292648711481149 ], [ -102.630559726815335, 31.292652758124866 ], [ -102.630726897006426, 31.292643859180938 ], [ -102.630925909027837, 31.292612315035104 ], [ -102.631284690766677, 31.292781807736667 ], [ -102.631461927921137, 31.293364952071659 ], [ -102.63147993903236, 31.293767684443292 ], [ -102.631604361559368, 31.293848381342379 ], [ -102.631840755457915, 31.294009353729823 ], [ -102.632029475219568, 31.294083254269953 ], [ -102.63233409511507, 31.294148614709584 ], [ -102.632734168095624, 31.294174180419422 ], [ -102.632882461406368, 31.294176654674718 ], [ -102.633146114085051, 31.294165804746942 ], [ -102.63336310165316, 31.29408915236737 ], [ -102.633565482679671, 31.293963297565515 ], [ -102.633810189795938, 31.293732004741823 ], [ -102.63383747169803, 31.293677059995989 ], [ -102.634014455612885, 31.293595538306786 ], [ -102.634224409810201, 31.293544210409824 ], [ -102.634591057305059, 31.293555103906765 ], [ -102.634623660473608, 31.293571685494364 ], [ -102.634754113456381, 31.293624081578585 ], [ -102.63497005122764, 31.293741420249159 ], [ -102.63525523354636, 31.293812679190186 ], [ -102.635498376253921, 31.293985180842185 ], [ -102.635545243598614, 31.2940701657364 ], [ -102.635583779326495, 31.294170399935634 ], [ -102.635594452066144, 31.294198164219011 ] ] ] } },
{ "type": "Feature", "properties": { "ABSTRACT_L": "A-1120", "ABSTRACT_N": "1031120", "LEVEL1_SUR": "PSL", "LEVEL2_BLO": "B22", "LEVEL3_SUR": "19", "Surv_Sect": "19", "SHAPE_AREA": 625.51719903682135, "owner_count": 0, "owners_json": [ ], "top_operator": "", "top_owner": "", "max_propensity_score": 0, "field_name": "Unknown", "production_status": "none", "pdp_well_count": 0, "pud_well_count": 0, "well_count": 0, "permit_count": 0 }, "geometry": { "type": "Polygon", "coordinates": [ [ [ -102.665182062826588, 31.590912394264546 ], [ -102.649259533935364, 31.594684028796269 ], [ -102.644650960102553, 31.580712820897606 ], [ -102.660639449864931, 31.576906662950869 ], [ -102.665182062826588, 31.590912394264546 ] ] ] } },
{ "type": "Feature", "properties": { "ABSTRACT_L": "A-1121", "ABSTRACT_N": "1031121", "LEVEL1_SUR": "PSL", "LEVEL2_BLO": "B22", "LEVEL3_SUR": "30", "Surv_Sect": "30", "SHAPE_AREA": 631.87428719493005, "owner_count": 0, "owners_json": [ ], "top_operator": "", "top_owner": "", "max_propensity_score": 0, "field_name": "Unknown", "production_status": "none", "pdp_well_count": 0, "pud_well_count": 0, "well_count": 0, "permit_count": 0 }, "geometry": { "type": "Polygon", "coordinates": [ [ [ -102.660639449864931, 31.576906662950869 ], [ -102.644650960102553, 31.580712820897606 ], [ -102.640040144586621, 31.566611481175194 ], [ -102.656107649264399, 31.562851651557231 ], [ -102.660639449864931, 31.576906662950869 ] ] ] } },
{ "type": "Feature", "properties": { "ABSTRACT_L": "A-1122", "ABSTRACT_N": "1031122", "LEVEL1_SUR": "PSL", "LEVEL2_BLO": "B26", "LEVEL3_SUR": "6", "Surv_Sect": "6", "SHAPE_AREA": 650.49164198033475, "owner_count": 0, "owners_json": [ ], "top_operator": "", "top_owner": "", "max_propensity_score": 0, "field_name": "Unknown", "production_status": "none", "pdp_well_count": 0, "pud_well_count": 0, "well_count": 0, "permit_count": 0 }, "geometry": { "type": "Polygon", "coordinates": [ [ [ -102.656501436036649, 31.562756257904439 ], [ -102.656107649264399, 31.562851651557231 ], [ -102.640040144586621, 31.566611481175194 ], [ -102.635427652547904, 31.552530602306614 ], [ -102.651817421263829, 31.548596878720311 ], [ -102.656501436036649, 31.562756257904439 ] ] ] } },
{ "type": "Feature", "properties": { "ABSTRACT_L": "A-1123", "ABSTRACT_N": "1031123", "LEVEL1_SUR": "PSL", "LEVEL2_BLO": "B26", "LEVEL3_SUR": "7", "Surv_Sect": "7", "SHAPE_AREA": 663.45803978093591, "owner_count": 0, "owners_json": [ ], "top_operator": "", "top_owner": "", "max_propensity_score": 0, "field_name": "Unknown", "production_status": "none", "pdp_well_count": 0, "pud_well_count": 0, "well_count": 0, "permit_count": 0 }, "geometry": { "type": "Polygon", "coordinates": [ [ [ -102.651817421263829, 31.548596878720311 ], [ -102.635427652547904, 31.552530602306614 ], [ -102.630642877093436, 31.538065068675014 ], [ -102.647042890449455, 31.534221794181224 ], [ -102.651817421263829, 31.548596878720311 ] ] ] } },
{ "type": "Feature", "properties": { "ABSTRACT_L": "A-1124", "ABSTRACT_N": "1031124", "LEVEL1_SUR": "H&TC RR CO", "LEVEL2_BLO": "4", "LEVEL3_SUR": "2", "Surv_Sect": "2", "SHAPE_AREA": 642.36826424408127, "owner_count": 0, "owners_json": [ ], "top_operator": "", "top_owner": "", "max_propensity_score": 0, "field_name": "Unknown", "production_status": "none", "pdp_well_count": 0, "pud_well_count": 0, "well_count": 0, "permit_count": 0 }, "geometry": { "type": "Polygon", "coordinates": [ [ [ -102.672677120305849, 31.394001718420416 ], [ -102.67082396237663, 31.392727486167075 ], [ -102.666474901748245, 31.389597844010197 ], [ -102.677596087287526, 31.37849629819241 ], [ -102.690470384769796, 31.387822612776421 ], [ -102.679519685495848, 31.398899034081506 ], [ -102.672677120305849, 31.394001718420416 ] ] ] } },
{ "type": "Feature", "properties": { "ABSTRACT_L": "A-1125", "ABSTRACT_N": "1031125", "LEVEL1_SUR": "H&TC RR CO", "LEVEL2_BLO": "4", "LEVEL3_SUR": "10", "Surv_Sect": "10", "SHAPE_AREA": 653.68918139835978, "owner_count": 0, "owners_json": [ ], "top_operator": "", "top_owner": "", "max_propensity_score": 0, "field_name": "Unknown", "production_status": "none", "pdp_well_count": 0, "pud_well_count": 0, "well_count": 0, "permit_count": 0 }, "geometry": { "type": "Polygon", "coordinates": [ [ [ -102.672485453819831, 31.361200238155966 ], [ -102.676089264584064, 31.357604696051467 ], [ -102.688850375301939, 31.367173571161675 ], [ -102.680934839285072, 31.375137918881009 ], [ -102.677596087287526, 31.37849629819241 ], [ -102.673226596562557, 31.375137548787574 ], [ -102.664976794359845, 31.368794095061777 ], [ -102.672485453819831, 31.361200238155966 ] ] ] } },
{ "type": "Feature", "properties": { "ABSTRACT_L": "A-1126", "ABSTRACT_N": "1031126", "LEVEL1_SUR": "T&P RR CO", "LEVEL2_BLO": "42 T4S", "LEVEL3_SUR": "16", "Surv_Sect": "16", "SHAPE_AREA": 252.63810569749472, "owner_count": 0, "owners_json": [ ], "top_operator": "", "top_owner": "", "max_propensity_score": 0, "field_name": "Unknown", "production_status": "none", "pdp_well_count": 0, "pud_well_count": 0, "well_count": 0, "permit_count": 0 }, "geometry": { "type": "Polygon", "coordinates": [ [ [ -102.317876206596708, 31.641316260877382 ], [ -102.324890911060166, 31.639759623737419 ], [ -102.328678538117003, 31.651279239603074 ], [ -102.317881837449846, 31.651292964288242 ], [ -102.317876206596708, 31.641316260877382 ] ] ] } },
{ "type": "Feature", "properties": { "ABSTRACT_L": "A-1127", "ABSTRACT_N": "1031127", "LEVEL1_SUR": "T&P RR CO", "LEVEL2_BLO": "43 T4S", "LEVEL3_SUR": "18", "Surv_Sect": "18", "SHAPE_AREA": 642.72127349968162, "owner_count": 0, "owners_json": [ ], "top_operator": "", "top_owner": "", "max_propensity_score": 0, "field_name": "Unknown", "production_status": "none", "pdp_well_count": 0, "pud_well_count": 0, "well_count": 0, "permit_count": 0 }, "geometry": { "type": "Polygon", "coordinates": [ [ [ -102.462079817080806, 31.623036062034949 ], [ -102.453564705943947, 31.625131137644452 ], [ -102.445858765545864, 31.627026090690233 ], [ -102.445242191986651, 31.625131865485685 ], [ -102.441243091264241, 31.612842183176625 ], [ -102.457604400921511, 31.609048792356933 ], [ -102.457731212072972, 31.609415732610444 ], [ -102.462079817080806, 31.623036062034949 ] ] ] } },
{ "type": "Feature", "properties": { "ABSTRACT_L": "A-1128", "ABSTRACT_N": "1031128", "LEVEL1_SUR": "PSL", "LEVEL2_BLO": "B25", "LEVEL3_SUR": "1", "Surv_Sect": "1", "SHAPE_AREA": 642.55564946894572, "owner_count": 0, "owners_json": [ ], "top_operator": "", "top_owner": "", "max_propensity_score": 0, "field_name": "Unknown", "production_status": "none", "pdp_well_count": 0, "pud_well_count": 0, "well_count": 0, "permit_count": 0 }, "geometry": { "type": "Polygon", "coordinates": [ [ [ -102.455490922704712, 31.594742282036048 ], [ -102.471833410479036, 31.590936358179938 ], [ -102.476382970108105, 31.605038069928682 ], [ -102.47615149852227, 31.60509887964027 ], [ -102.474417379061279, 31.60550139294665 ], [ -102.474299448907971, 31.605104008204837 ], [ -102.47028976644269, 31.606049804734411 ], [ -102.470401324885628, 31.606441646492307 ], [ -102.459944718853549, 31.608895150865433 ], [ -102.455490922704712, 31.594742282036048 ] ] ] } },
{ "type": "Feature", "properties": { "ABSTRACT_L": "A-1129", "ABSTRACT_N": "1031129", "LEVEL1_SUR": "BATES, W A", "LEVEL2_BLO": null, "LEVEL3_SUR": "40", "Surv_Sect": "40", "SHAPE_AREA": 127.53331245602016, "owner_count": 0, "owners_json": [ ], "top_operator": "", "top_owner": "", "max_propensity_score": 0, "field_name": "Unknown", "production_status": "none", "pdp_well_count": 0, "pud_well_count": 0, "well_count": 0, "permit_count": 0 }, "geometry": { "type": "Polygon", "coordinates": [ [ [ -102.357862545201613, 31.391154291257241 ], [ -102.359123676909761, 31.395299500117027 ], [ -102.359781553132947, 31.397226473231896 ], [ -102.352305792098107, 31.398999322665286 ], [ -102.350266908542224, 31.392990429641333 ], [ -102.357862545201613, 31.391154291257241 ] ] ] } },
{ "type": "Feature", "properties": { "ABSTRACT_L": "A-113", "ABSTRACT_N": "103113", "LEVEL1_SUR": "H&TC RR CO", "LEVEL2_BLO": "1", "LEVEL3_SUR": "21", "Surv_Sect": "21", "SHAPE_AREA": 644.81469523988335, "owner_count": 0, "owners_json": [ ], "top_operator": "", "top_owner": "", "max_propensity_score": 0, "field_name": "Unknown", "production_status": "none", "pdp_well_count": 0, "pud_well_count": 0, "well_count": 0, "permit_count": 0 }, "geometry": { "type": "Polygon", "coordinates": [ [ [ -102.642030844240892, 31.308346948846022 ], [ -102.641873132016968, 31.308466415706938 ], [ -102.641583889799108, 31.308710317766185 ], [ -102.641438971669359, 31.308829516242376 ], [ -102.641187085880873, 31.309033453871017 ], [ -102.64098419258346, 31.30938633349551 ], [ -102.640949067647497, 31.309519801389946 ], [ -102.64092713929098, 31.309653027701735 ], [ -102.640919246753754, 31.309829963854586 ], [ -102.640937001633802, 31.310006383921642 ], [ -102.640968491845015, 31.310216222565085 ], [ -102.641074719820324, 31.310319314047721 ], [ -102.641174671552491, 31.310426633124152 ], [ -102.641511328869186, 31.310503694342657 ], [ -102.641695997489791, 31.310416689048779 ], [ -102.641951461685778, 31.310339946926465 ], [ -102.642228441681283, 31.310345295791333 ], [ -102.642425146179846, 31.310474062033002 ], [ -102.642663989315736, 31.31070717077608 ], [ -102.642875127499536, 31.311123156990917 ], [ -102.642904616271551, 31.311260816765088 ], [ -102.642973225465923, 31.311422434628902 ], [ -102.643086499619031, 31.311533635137543 ], [ -102.643135541252917, 31.311572441285243 ], [ -102.625434548977637, 31.329674396984277 ], [ -102.622293760761849, 31.332885658963775 ], [ -102.615862507471434, 31.328254303618124 ], [ -102.617482215842699, 31.326451031393585 ], [ -102.625434500966179, 31.318280628924057 ], [ -102.638200548560661, 31.305159764534125 ], [ -102.638298522588187, 31.305249172709829 ], [ -102.638405813825429, 31.305390758432381 ], [ -102.638533009498261, 31.305570459195781 ], [ -102.63869950295863, 31.305765861155663 ], [ -102.638935170448562, 31.305899327909632 ], [ -102.639092491374612, 31.305995863215571 ], [ -102.63928810970161, 31.306086108073885 ], [ -102.639379420210687, 31.306128277741092 ], [ -102.639524370779526, 31.306241566594853 ], [ -102.639596464859338, 31.30628412774556 ], [ -102.639700298344493, 31.306315022309736 ], [ -102.639715513368117, 31.306386931516609 ], [ -102.639669749147359, 31.3065983726448 ], [ -102.639672045398868, 31.306680849421166 ], [ -102.6396010904744, 31.30690930588165 ], [ -102.639527202922508, 31.307032564436575 ], [ -102.63946018493391, 31.307172191783305 ], [ -102.639444364211982, 31.307294273769568 ], [ -102.639437433170642, 31.307385234269432 ], [ -102.63943612598429, 31.307470969295661 ], [ -102.639468781795543, 31.307581408272146 ], [ -102.639566177567673, 31.307777563809875 ], [ -102.639587986818441, 31.307832685327138 ], [ -102.639721388757181, 31.307990934526483 ], [ -102.63983986047208, 31.308087572885249 ], [ -102.640061331364464, 31.308171807386103 ], [ -102.640149225392193, 31.30817001573126 ], [ -102.640353896562416, 31.308201241130874 ], [ -102.640505143770014, 31.308188630714518 ], [ -102.640693860139635, 31.308060980607436 ], [ -102.640815694286559, 31.30792200277174 ], [ -102.640914947449559, 31.307790412086302 ], [ -102.641122348235399, 31.307646641896081 ], [ -102.641196530965516, 31.3075985491474 ], [ -102.641803434138964, 31.307447309348223 ], [ -102.641930996383522, 31.307525593199806 ], [ -102.642062959686058, 31.307643082807484 ], [ -102.642075803393823, 31.307662770099885 ], [ -102.642072871193733, 31.307771026539324 ], [ -102.642076727101596, 31.307909209466992 ], [ -102.642118191845483, 31.308002601593362 ], [ -102.642108672881122, 31.308105562684482 ], [ -102.642046157655145, 31.308317850576625 ], [ -102.642030844240892, 31.308346948846022 ] ] ] } },
{ "type": "Feature", "properties": { "ABSTRACT_L": "A-1130", "ABSTRACT_N": "1031130", "LEVEL1_SUR": "PSL", "LEVEL2_BLO": "B27", "LEVEL3_SUR": "20", "Surv_Sect": "20", "SHAPE_AREA": 792.66669841572377, "owner_count": 0, "owners_json": [ ], "top_operator": "", "top_owner": "", "max_propensity_score": 0, "field_name": "Unknown", "production_status": "none", "pdp_well_count": 0, "pud_well_count": 0, "well_count": 0, "permit_count": 0 }, "geometry": { "type": "Polygon", "coordinates": [ [ [ -102.632132427686528, 31.431424117584953 ], [ -102.636458545958405, 31.445520269488256 ], [ -102.625435134402366, 31.448097660307727 ], [ -102.616353179284644, 31.450219487883651 ], [ -102.611882050946136, 31.436220582761411 ], [ -102.625435259406913, 31.433010537376575 ], [ -102.632132427686528, 31.431424117584953 ] ] ] } },
{ "type": "Feature", "properties": { "ABSTRACT_L": "A-1131", "ABSTRACT_N": "1031131", "LEVEL1_SUR": "PSL", "LEVEL2_BLO": "B27", "LEVEL3_SUR": "21", "Surv_Sect": "21", "SHAPE_AREA": 790.69926521313516, "owner_count": 0, "owners_json": [ ], "top_operator": "", "top_owner": "", "max_propensity_score": 0, "field_name": "Unknown", "production_status": "none", "pdp_well_count": 0, "pud_well_count": 0, "well_count": 0, "permit_count": 0 }, "geometry": { "type": "Polygon", "coordinates": [ [ [ -102.625434845977807, 31.417919233252022 ], [ -102.627595640767694, 31.417380215956019 ], [ -102.632132427686528, 31.431424117584953 ], [ -102.625435259406913, 31.433010537376575 ], [ -102.611882050946136, 31.436220582761411 ], [ -102.607432865121666, 31.422403330893378 ], [ -102.625434845977807, 31.417919233252022 ] ] ] } },
{ "type": "Feature", "properties": { "ABSTRACT_L": "A-1132", "ABSTRACT_N": "1031132", "LEVEL1_SUR": "PSL", "LEVEL2_BLO": "B27", "LEVEL3_SUR": "22", "Surv_Sect": "22", "SHAPE_AREA": 634.75027638180495, "owner_count": 0, "owners_json": [ ], "top_operator": "", "top_owner": "", "max_propensity_score": 0, "field_name": "Unknown", "production_status": "none", "pdp_well_count": 0, "pud_well_count": 0, "well_count": 0, "permit_count": 0 }, "geometry": { "type": "Polygon", "coordinates": [ [ [ -102.643686847704302, 31.413673048130626 ], [ -102.648264629450068, 31.427802793731747 ], [ -102.648250760773934, 31.427806000295913 ], [ -102.632132427686528, 31.431424117584953 ], [ -102.627595640767694, 31.417380215956019 ], [ -102.643686847704302, 31.413673048130626 ] ] ] } },
{ "type": "Feature", "properties": { "ABSTRACT_L": "A-1133", "ABSTRACT_N": "1031133", "LEVEL1_SUR": "PSL", "LEVEL2_BLO": "B27", "LEVEL3_SUR": "28", "Surv_Sect": "28", "SHAPE_AREA": 617.96350664123622, "owner_count": 0, "owners_json": [ ], "top_operator": "", "top_owner": "", "max_propensity_score": 0, "field_name": "Unknown", "production_status": "none", "pdp_well_count": 0, "pud_well_count": 0, "well_count": 0, "permit_count": 0 }, "geometry": { "type": "Polygon", "coordinates": [ [ [ -102.639266096243048, 31.399911864949935 ], [ -102.643686847704302, 31.413673048130626 ], [ -102.627595640767694, 31.417380215956019 ], [ -102.625434765530628, 31.41080757950543 ], [ -102.623081217424243, 31.403647256485769 ], [ -102.62543482659359, 31.403089232904136 ], [ -102.630712086114215, 31.401837663291655 ], [ -102.631930000629765, 31.402744307295215 ], [ -102.633336418971737, 31.401284325186989 ], [ -102.639266096243048, 31.399911864949935 ] ] ] } },
{ "type": "Feature", "properties": { "ABSTRACT_L": "A-1134", "ABSTRACT_N": "1031134", "LEVEL1_SUR": "PSL", "LEVEL2_BLO": "B27", "LEVEL3_SUR": "29", "Surv_Sect": "29", "SHAPE_AREA": 791.95328283329138, "owner_count": 0, "owners_json": [ ], "top_operator": "", "top_owner": "", "max_propensity_score": 0, "field_name": "Unknown", "production_status": "none", "pdp_well_count": 0, "pud_well_count": 0, "well_count": 0, "permit_count": 0 }, "geometry": { "type": "Polygon", "coordinates": [ [ [ -102.602843292859461, 31.408184951863294 ], [ -102.623081217424243, 31.403647256485769 ], [ -102.625434765530628, 31.41080757950543 ], [ -102.627595640767694, 31.417380215956019 ], [ -102.625434845977807, 31.417919233252022 ], [ -102.607432865121666, 31.422403330893378 ], [ -102.607361852073893, 31.422139244594657 ], [ -102.602843292859461, 31.408184951863294 ] ] ] } },
{ "type": "Feature", "properties": { "ABSTRACT_L": "A-1135", "ABSTRACT_N": "1031135", "LEVEL1_SUR": "PSL", "LEVEL2_BLO": "32", "LEVEL3_SUR": "29", "Surv_Sect": "29", "SHAPE_AREA": 639.67347923303657, "owner_count": 0, "owners_json": [ ], "top_operator": "", "top_owner": "", "max_propensity_score": 0, "field_name": "Unknown", "production_status": "none", "pdp_well_count": 0, "pud_well_count": 0, "well_count": 0, "permit_count": 0 }, "geometry": { "type": "Polygon", "coordinates": [ [ [ -102.595205275175601, 31.440067455424007 ], [ -102.578871022206755, 31.443900521645098 ], [ -102.574246312711949, 31.429983954415022 ], [ -102.590604959726846, 31.426111022617338 ], [ -102.595205275175601, 31.440067455424007 ] ] ] } },
{ "type": "Feature", "properties": { "ABSTRACT_L": "A-1136", "ABSTRACT_N": "1031136", "LEVEL1_SUR": "PSL", "LEVEL2_BLO": "32", "LEVEL3_SUR": "30", "Surv_Sect": "30", "SHAPE_AREA": 656.62491468699739, "owner_count": 0, "owners_json": [ ], "top_operator": "", "top_owner": "", "max_propensity_score": 0, "field_name": "Unknown", "production_status": "none", "pdp_well_count": 0, "pud_well_count": 0, "well_count": 0, "permit_count": 0 }, "geometry": { "type": "Polygon", "coordinates": [ [ [ -102.607432865121666, 31.422403330893378 ], [ -102.611882050946136, 31.436220582761411 ], [ -102.595205275175601, 31.440067455424007 ], [ -102.590604959726846, 31.426111022617338 ], [ -102.607361852073893, 31.422139244594657 ], [ -102.607432865121666, 31.422403330893378 ] ] ] } },
{ "type": "Feature", "properties": { "ABSTRACT_L": "A-1137", "ABSTRACT_N": "1031137", "LEVEL1_SUR": "PSL", "LEVEL2_BLO": "32", "LEVEL3_SUR": "31", "Surv_Sect": "31", "SHAPE_AREA": 659.4455208383697, "owner_count": 0, "owners_json": [ ], "top_operator": "", "top_owner": "", "max_propensity_score": 0, "field_name": "Unknown", "production_status": "none", "pdp_well_count": 0, "pud_well_count": 0, "well_count": 0, "permit_count": 0 }, "geometry": { "type": "Polygon", "coordinates": [ [ [ -102.602843292859461, 31.408184951863294 ], [ -102.607361852073893, 31.422139244594657 ], [ -102.590604959726846, 31.426111022617338 ], [ -102.586033043413011, 31.412014193191748 ], [ -102.602843292859461, 31.408184951863294 ] ] ] } },
{ "type": "Feature", "properties": { "ABSTRACT_L": "A-1138", "ABSTRACT_N": "1031138", "LEVEL1_SUR": "PSL", "LEVEL2_BLO": "32", "LEVEL3_SUR": "32", "Surv_Sect": "32", "SHAPE_AREA": 646.00431489606126, "owner_count": 0, "owners_json": [ ], "top_operator": "", "top_owner": "", "max_propensity_score": 0, "field_name": "Unknown", "production_status": "none", "pdp_well_count": 0, "pud_well_count": 0, "well_count": 0, "permit_count": 0 }, "geometry": { "type": "Polygon", "coordinates": [ [ [ -102.586033043413011, 31.412014193191748 ], [ -102.590604959726846, 31.426111022617338 ], [ -102.574246312711949, 31.429983954415022 ], [ -102.569663403660357, 31.41596042469132 ], [ -102.586033043413011, 31.412014193191748 ] ] ] } },
{ "type": "Feature", "properties": { "ABSTRACT_L": "A-1139", "ABSTRACT_N": "1031139", "LEVEL1_SUR": "PSL", "LEVEL2_BLO": "B27", "LEVEL3_SUR": "11", "Surv_Sect": "11", "SHAPE_AREA": 794.79955869486037, "owner_count": 0, "owners_json": [ ], "top_operator": "", "top_owner": "", "max_propensity_score": 0, "field_name": "Unknown", "production_status": "none", "pdp_well_count": 0, "pud_well_count": 0, "well_count": 0, "permit_count": 0 }, "geometry": { "type": "Polygon", "coordinates": [ [ [ -102.636458545958405, 31.445520269488256 ], [ -102.640919693324307, 31.459619694267431 ], [ -102.625435285860959, 31.463355281433245 ], [ -102.620953465693006, 31.464436016278604 ], [ -102.620896382860082, 31.464253214536747 ], [ -102.616353179284644, 31.450219487883651 ], [ -102.625435134402366, 31.448097660307727 ], [ -102.636458545958405, 31.445520269488256 ] ] ] } },
{ "type": "Feature", "properties": { "ABSTRACT_L": "A-114", "ABSTRACT_N": "103114", "LEVEL1_SUR": "H&TC RR CO", "LEVEL2_BLO": "1", "LEVEL3_SUR": "23", "Surv_Sect": "23", "SHAPE_AREA": 656.21800158996837, "owner_count": 0, "owners_json": [ ], "top_operator": "", "top_owner": "", "max_propensity_score": 0, "field_name": "Unknown", "production_status": "none", "pdp_well_count": 0, "pud_well_count": 0, "well_count": 0, "permit_count": 0 }, "geometry": { "type": "Polygon", "coordinates": [ [ [ -102.657970547428633, 31.314350340069911 ], [ -102.658036225412545, 31.314440781631387 ], [ -102.658189164359555, 31.314608922608546 ], [ -102.658424888728106, 31.314742346570956 ], [ -102.658799403397381, 31.314767670247065 ], [ -102.659147445231369, 31.314777722201931 ], [ -102.659544592373422, 31.314924332069989 ], [ -102.659748684707552, 31.314858941503786 ], [ -102.660061093147931, 31.314741765135484 ], [ -102.660201303621875, 31.314683855956677 ], [ -102.660371654090554, 31.314558604165704 ], [ -102.660529199770991, 31.314433608278037 ], [ -102.660644696847527, 31.314409223996616 ], [ -102.660833318110875, 31.314477589420498 ], [ -102.661076847458432, 31.314660368071355 ], [ -102.661190188763783, 31.314801811202411 ], [ -102.66129322199204, 31.315032187529336 ], [ -102.661319100061831, 31.315268971036673 ], [ -102.661350424491687, 31.315456817601174 ], [ -102.66136259279557, 31.315480876911824 ], [ -102.657356503582434, 31.319621190925389 ], [ -102.654253912905631, 31.322827397471404 ], [ -102.651239299919624, 31.325942409685233 ], [ -102.648242944774367, 31.329038275852557 ], [ -102.645186711573018, 31.332195731630151 ], [ -102.641999813623059, 31.335487877606866 ], [ -102.638970032826322, 31.338617421859311 ], [ -102.63793699541948, 31.339660637027574 ], [ -102.631410422905162, 31.334917090795432 ], [ -102.6523926723725, 31.313342513856114 ], [ -102.652358656398505, 31.313451068315306 ], [ -102.652327408835092, 31.313722721744803 ], [ -102.652380087648851, 31.313987146713796 ], [ -102.652493415272701, 31.314128597476895 ], [ -102.652668908900353, 31.3141855359655 ], [ -102.652881221178362, 31.314170195491513 ], [ -102.653003576261469, 31.314162179571145 ], [ -102.653293243649898, 31.314161755945872 ], [ -102.65344591681162, 31.314138466929414 ], [ -102.653459974778642, 31.314136328569095 ], [ -102.653628216132134, 31.3141493838326 ], [ -102.653810578283114, 31.314223376801397 ], [ -102.653897688446335, 31.314343351722524 ], [ -102.653986778019927, 31.314534810667709 ], [ -102.6540701167539, 31.314749093950148 ], [ -102.654205767167895, 31.315000825904153 ], [ -102.654380107909915, 31.315245587776452 ], [ -102.654520569997246, 31.315425668649766 ], [ -102.654711498339381, 31.315576519299547 ], [ -102.654959233085236, 31.315681514449146 ], [ -102.655050665087686, 31.315713345892508 ], [ -102.655284624130303, 31.315764927737245 ], [ -102.65529479578251, 31.31576161692966 ], [ -102.655443819907262, 31.315713066192245 ], [ -102.655447496713393, 31.315714476611213 ], [ -102.655451173519637, 31.315715887030063 ], [ -102.655454999923137, 31.315709425158072 ], [ -102.655817459615108, 31.315591343152214 ], [ -102.656243933606646, 31.314912193624401 ], [ -102.656283099076276, 31.31430032842006 ], [ -102.65652920155658, 31.313763351538825 ], [ -102.657202596827815, 31.313888309377059 ], [ -102.657406209955667, 31.314033413585499 ], [ -102.657603157001375, 31.314156621787195 ], [ -102.657753894241353, 31.314228162732938 ], [ -102.657839493834317, 31.314285638735416 ], [ -102.657970547428633, 31.314350340069911 ] ] ] } },
{ "type": "Feature", "properties": { "ABSTRACT_L": "A-1140", "ABSTRACT_N": "1031140", "LEVEL1_SUR": "PSL", "LEVEL2_BLO": "B27", "LEVEL3_SUR": "12", "Surv_Sect": "12", "SHAPE_AREA": 637.02457449257793, "owner_count": 0, "owners_json": [ ], "top_operator": "", "top_owner": "", "max_propensity_score": 0, "field_name": "Unknown", "production_status": "none", "pdp_well_count": 0, "pud_well_count": 0, "well_count": 0, "permit_count": 0 }, "geometry": { "type": "Polygon", "coordinates": [ [ [ -102.657117920879486, 31.45582905749821 ], [ -102.640919693324307, 31.459619694267431 ], [ -102.636458545958405, 31.445520269488256 ], [ -102.652655195011889, 31.441795534028554 ], [ -102.657117920879486, 31.45582905749821 ] ] ] } },
{ "type": "Feature", "properties": { "ABSTRACT_L": "A-1141", "ABSTRACT_N": "1031141", "LEVEL1_SUR": "PSL", "LEVEL2_BLO": "B27", "LEVEL3_SUR": "13", "Surv_Sect": "13", "SHAPE_AREA": 640.47561369330128, "owner_count": 0, "owners_json": [ ], "top_operator": "", "top_owner": "", "max_propensity_score": 0, "field_name": "Unknown", "production_status": "none", "pdp_well_count": 0, "pud_well_count": 0, "well_count": 0, "permit_count": 0 }, "geometry": { "type": "Polygon", "coordinates": [ [ [ -102.673471133643005, 31.452015317219136 ], [ -102.657117920879486, 31.45582905749821 ], [ -102.652655195011889, 31.441795534028554 ], [ -102.669019545212535, 31.438043951586337 ], [ -102.673471133643005, 31.452015317219136 ] ] ] } },
{ "type": "Feature", "properties": { "ABSTRACT_L": "A-1142", "ABSTRACT_N": "1031142", "LEVEL1_SUR": "PSL", "LEVEL2_BLO": "B27", "LEVEL3_SUR": "17", "Surv_Sect": "17", "SHAPE_AREA": 639.18158793018029, "owner_count": 0, "owners_json": [ ], "top_operator": "", "top_owner": "", "max_propensity_score": 0, "field_name": "Unknown", "production_status": "none", "pdp_well_count": 0, "pud_well_count": 0, "well_count": 0, "permit_count": 0 }, "geometry": { "type": "Polygon", "coordinates": [ [ [ -102.68540174031402, 31.434300256931763 ], [ -102.669019545212535, 31.438043951586337 ], [ -102.66463161925931, 31.424021563704663 ], [ -102.664651129681246, 31.424017056331749 ], [ -102.680853359312906, 31.420272042728321 ], [ -102.68540174031402, 31.434300256931763 ] ] ] } },
{ "type": "Feature", "properties": { "ABSTRACT_L": "A-1143", "ABSTRACT_N": "1031143", "LEVEL1_SUR": "PSL", "LEVEL2_BLO": "B27", "LEVEL3_SUR": "18", "Surv_Sect": "18", "SHAPE_AREA": 640.18387105467025, "owner_count": 0, "owners_json": [ ], "top_operator": "", "top_owner": "", "max_propensity_score": 0, "field_name": "Unknown", "production_status": "none", "pdp_well_count": 0, "pud_well_count": 0, "well_count": 0, "permit_count": 0 }, "geometry": { "type": "Polygon", "coordinates": [ [ [ -102.669019545212535, 31.438043951586337 ], [ -102.652655195011889, 31.441795534028554 ], [ -102.648264629450068, 31.427802793731747 ], [ -102.66463161925931, 31.424021563704663 ], [ -102.669019545212535, 31.438043951586337 ] ] ] } },
{ "type": "Feature", "properties": { "ABSTRACT_L": "A-1144", "ABSTRACT_N": "1031144", "LEVEL1_SUR": "PSL", "LEVEL2_BLO": "B27", "LEVEL3_SUR": "19", "Surv_Sect": "19", "SHAPE_AREA": 633.00443831785594, "owner_count": 0, "owners_json": [ ], "top_operator": "", "top_owner": "", "max_propensity_score": 0, "field_name": "Unknown", "production_status": "none", "pdp_well_count": 0, "pud_well_count": 0, "well_count": 0, "permit_count": 0 }, "geometry": { "type": "Polygon", "coordinates": [ [ [ -102.652655195011889, 31.441795534028554 ], [ -102.636458545958405, 31.445520269488256 ], [ -102.632132427686528, 31.431424117584953 ], [ -102.648250760773934, 31.427806000295913 ], [ -102.648264629450068, 31.427802793731747 ], [ -102.652655195011889, 31.441795534028554 ] ] ] } },
{ "type": "Feature", "properties": { "ABSTRACT_L": "A-1145", "ABSTRACT_N": "1031145", "LEVEL1_SUR": "PSL", "LEVEL2_BLO": "32", "LEVEL3_SUR": "5", "Surv_Sect": "5", "SHAPE_AREA": 640.75597275133771, "owner_count": 0, "owners_json": [ ], "top_operator": "", "top_owner": "", "max_propensity_score": 0, "field_name": "Unknown", "production_status": "none", "pdp_well_count": 0, "pud_well_count": 0, "well_count": 0, "permit_count": 0 }, "geometry": { "type": "Polygon", "coordinates": [ [ [ -102.608915041870901, 31.481776423006757 ], [ -102.613423542599207, 31.495825484620703 ], [ -102.6005133936481, 31.498926650759543 ], [ -102.597147311101551, 31.49973497318194 ], [ -102.592645838351899, 31.485700330281166 ], [ -102.608915041870901, 31.481776423006757 ] ] ] } },
{ "type": "Feature", "properties": { "ABSTRACT_L": "A-1146", "ABSTRACT_N": "1031146", "LEVEL1_SUR": "PSL", "LEVEL2_BLO": "32", "LEVEL3_SUR": "6", "Surv_Sect": "6", "SHAPE_AREA": 644.12557507860697, "owner_count": 0, "owners_json": [ ], "top_operator": "", "top_owner": "", "max_propensity_score": 0, "field_name": "Unknown", "production_status": "none", "pdp_well_count": 0, "pud_well_count": 0, "well_count": 0, "permit_count": 0 }, "geometry": { "type": "Polygon", "coordinates": [ [ [ -102.625169199922638, 31.477853768714557 ], [ -102.625435222591761, 31.478691271952862 ], [ -102.629861525277605, 31.49187473410387 ], [ -102.625492791175134, 31.492924966895291 ], [ -102.616825817115526, 31.495007976880757 ], [ -102.613423542599207, 31.495825484620703 ], [ -102.608915041870901, 31.481776423006757 ], [ -102.625169199922638, 31.477853768714557 ] ] ] } },
{ "type": "Feature", "properties": { "ABSTRACT_L": "A-1147", "ABSTRACT_N": "1031147", "LEVEL1_SUR": "PSL", "LEVEL2_BLO": "32", "LEVEL3_SUR": "7", "Surv_Sect": "7", "SHAPE_AREA": 626.86926558035077, "owner_count": 0, "owners_json": [ ], "top_operator": "", "top_owner": "", "max_propensity_score": 0, "field_name": "Unknown", "production_status": "none", "pdp_well_count": 0, "pud_well_count": 0, "well_count": 0, "permit_count": 0 }, "geometry": { "type": "Polygon", "coordinates": [ [ [ -102.620896382860082, 31.464253214536747 ], [ -102.620953465693006, 31.464436016278604 ], [ -102.620954011341738, 31.464437766116074 ], [ -102.625169199922638, 31.477853768714557 ], [ -102.608915041870901, 31.481776423006757 ], [ -102.604340139977012, 31.468126891158416 ], [ -102.620896382860082, 31.464253214536747 ] ] ] } },
{ "type": "Feature", "properties": { "ABSTRACT_L": "A-1148", "ABSTRACT_N": "1031148", "LEVEL1_SUR": "PSL", "LEVEL2_BLO": "32", "LEVEL3_SUR": "8", "Surv_Sect": "8", "SHAPE_AREA": 629.17495568880429, "owner_count": 0, "owners_json": [ ], "top_operator": "", "top_owner": "", "max_propensity_score": 0, "field_name": "Unknown", "production_status": "none", "pdp_well_count": 0, "pud_well_count": 0, "well_count": 0, "permit_count": 0 }, "geometry": { "type": "Polygon", "coordinates": [ [ [ -102.604340139977012, 31.468126891158416 ], [ -102.608915041870901, 31.481776423006757 ], [ -102.592645838351899, 31.485700330281166 ], [ -102.587989944574758, 31.471891861929318 ], [ -102.604340139977012, 31.468126891158416 ] ] ] } },
{ "type": "Feature", "properties": { "ABSTRACT_L": "A-1149", "ABSTRACT_N": "1031149", "LEVEL1_SUR": "PSL", "LEVEL2_BLO": "32", "LEVEL3_SUR": "17", "Surv_Sect": "17", "SHAPE_AREA": 640.97983329960539, "owner_count": 0, "owners_json": [ ], "top_operator": "", "top_owner": "", "max_propensity_score": 0, "field_name": "Unknown", "production_status": "none", "pdp_well_count": 0, "pud_well_count": 0, "well_count": 0, "permit_count": 0 }, "geometry": { "type": "Polygon", "coordinates": [ [ [ -102.604340139977012, 31.468126891158416 ], [ -102.587989944574758, 31.471891861929318 ], [ -102.583407396898707, 31.457956928927715 ], [ -102.599761468344084, 31.454091994976491 ], [ -102.604340139977012, 31.468126891158416 ] ] ] } },
{ "type": "Feature", "properties": { "ABSTRACT_L": "A-115", "ABSTRACT_N": "103115", "LEVEL1_SUR": "H&TC RR CO", "LEVEL2_BLO": "1", "LEVEL3_SUR": "25", "Surv_Sect": "25", "SHAPE_AREA": 647.81878757275092, "owner_count": 0, "owners_json": [ ], "top_operator": "", "top_owner": "", "max_propensity_score": 0, "field_name": "Unknown", "production_status": "none", "pdp_well_count": 0, "pud_well_count": 0, "well_count": 0, "permit_count": 0 }, "geometry": { "type": "Polygon", "coordinates": [ [ [ -102.670048807726587, 31.327003708957626 ], [ -102.670363532711775, 31.327117873961125 ], [ -102.670475951577842, 31.327225601889374 ], [ -102.671000749516907, 31.327563552779811 ], [ -102.671149223633606, 31.327798501079432 ], [ -102.671387314830326, 31.32801437695225 ], [ -102.671545851522694, 31.328153269572073 ], [ -102.666843645229179, 31.333009021888181 ], [ -102.66347015153886, 31.336492258517463 ], [ -102.654145136233623, 31.346118821071911 ], [ -102.64964748865124, 31.350732897020826 ], [ -102.643133600128422, 31.346061907374178 ], [ -102.645626712235384, 31.34342052767099 ], [ -102.648652575068894, 31.340288042003806 ], [ -102.651835339633777, 31.336992813674815 ], [ -102.654887621802146, 31.333832395515394 ], [ -102.657880092873768, 31.330733623803717 ], [ -102.660890805044616, 31.327615691867319 ], [ -102.663989378635023, 31.324406481169277 ], [ -102.665088170619256, 31.323268389639736 ], [ -102.665289145600909, 31.323441828117705 ], [ -102.665365896887479, 31.323537224724994 ], [ -102.66562913120822, 31.323736112228492 ], [ -102.665865779173174, 31.32412952550105 ], [ -102.665930569657263, 31.32426084083102 ], [ -102.665938792253996, 31.324419266748443 ], [ -102.665956619825195, 31.324609157607366 ], [ -102.665928530093893, 31.32476452690894 ], [ -102.665949226766017, 31.325029604714953 ], [ -102.666149372317321, 31.325279309255116 ], [ -102.66643742274222, 31.325434341768197 ], [ -102.667002682946546, 31.325843007152105 ], [ -102.66720747263409, 31.326015566259077 ], [ -102.667455236742924, 31.32634752742095 ], [ -102.667642918041111, 31.326609187019077 ], [ -102.667978152755552, 31.326845781938527 ], [ -102.668436374823074, 31.327096358401928 ], [ -102.668633302352319, 31.3272305634658 ], [ -102.668861096016713, 31.327309109676371 ], [ -102.669096584385116, 31.327336126878304 ], [ -102.669145719236909, 31.327341766192141 ], [ -102.66929911689482, 31.327311083795784 ], [ -102.669417923181442, 31.32717588378156 ], [ -102.669614781179988, 31.327066576195481 ], [ -102.669831894882051, 31.32700707217975 ], [ -102.670001198155788, 31.326998912500489 ], [ -102.670021104950123, 31.327000916905753 ], [ -102.670048807726587, 31.327003708957626 ] ] ] } },
{ "type": "Feature", "properties": { "ABSTRACT_L": "A-1150", "ABSTRACT_N": "1031150", "LEVEL1_SUR": "PSL", "LEVEL2_BLO": "32", "LEVEL3_SUR": "18", "Surv_Sect": "18", "SHAPE_AREA": 651.71171422650934, "owner_count": 0, "owners_json": [ ], "top_operator": "", "top_owner": "", "max_propensity_score": 0, "field_name": "Unknown", "production_status": "none", "pdp_well_count": 0, "pud_well_count": 0, "well_count": 0, "permit_count": 0 }, "geometry": { "type": "Polygon", "coordinates": [ [ [ -102.620896382860082, 31.464253214536747 ], [ -102.604340139977012, 31.468126891158416 ], [ -102.599761468344084, 31.454091994976491 ], [ -102.616353179284644, 31.450219487883651 ], [ -102.620896382860082, 31.464253214536747 ] ] ] } },
{ "type": "Feature", "properties": { "ABSTRACT_L": "A-1151", "ABSTRACT_N": "1031151", "LEVEL1_SUR": "PSL", "LEVEL2_BLO": "32", "LEVEL3_SUR": "19", "Surv_Sect": "19", "SHAPE_AREA": 652.39716692122374, "owner_count": 0, "owners_json": [ ], "top_operator": "", "top_owner": "", "max_propensity_score": 0, "field_name": "Unknown", "production_status": "none", "pdp_well_count": 0, "pud_well_count": 0, "well_count": 0, "permit_count": 0 }, "geometry": { "type": "Polygon", "coordinates": [ [ [ -102.611882050946136, 31.436220582761411 ], [ -102.616353179284644, 31.450219487883651 ], [ -102.599761468344084, 31.454091994976491 ], [ -102.595205275175601, 31.440067455424007 ], [ -102.611882050946136, 31.436220582761411 ] ] ] } },
{ "type": "Feature", "properties": { "ABSTRACT_L": "A-1152", "ABSTRACT_N": "1031152", "LEVEL1_SUR": "PSL", "LEVEL2_BLO": "32", "LEVEL3_SUR": "20", "Surv_Sect": "20", "SHAPE_AREA": 643.21067068646505, "owner_count": 0, "owners_json": [ ], "top_operator": "", "top_owner": "", "max_propensity_score": 0, "field_name": "Unknown", "production_status": "none", "pdp_well_count": 0, "pud_well_count": 0, "well_count": 0, "permit_count": 0 }, "geometry": { "type": "Polygon", "coordinates": [ [ [ -102.595205275175601, 31.440067455424007 ], [ -102.599761468344084, 31.454091994976491 ], [ -102.583407396898707, 31.457956928927715 ], [ -102.578871022206755, 31.443900521645098 ], [ -102.595205275175601, 31.440067455424007 ] ] ] } },
{ "type": "Feature", "properties": { "ABSTRACT_L": "A-1153", "ABSTRACT_N": "1031153", "LEVEL1_SUR": "PSL", "LEVEL2_BLO": "B23", "LEVEL3_SUR": "7", "Surv_Sect": "7", "SHAPE_AREA": 636.12548207224313, "owner_count": 0, "owners_json": [ ], "top_operator": "", "top_owner": "", "max_propensity_score": 0, "field_name": "Unknown", "production_status": "none", "pdp_well_count": 0, "pud_well_count": 0, "well_count": 0, "permit_count": 0 }, "geometry": { "type": "Polygon", "coordinates": [ [ [ -102.567162349093891, 31.613674285892273 ], [ -102.550686679316783, 31.617515490394066 ], [ -102.54625766238108, 31.603745225951183 ], [ -102.562667898462848, 31.599798254317427 ], [ -102.567162349093891, 31.613674285892273 ] ] ] } },
{ "type": "Feature", "properties": { "ABSTRACT_L": "A-1154", "ABSTRACT_N": "1031154", "LEVEL1_SUR": "PSL", "LEVEL2_BLO": "B23", "LEVEL3_SUR": "8", "Surv_Sect": "8", "SHAPE_AREA": 623.86255320796408, "owner_count": 0, "owners_json": [ ], "top_operator": "", "top_owner": "", "max_propensity_score": 0, "field_name": "Unknown", "production_status": "none", "pdp_well_count": 0, "pud_well_count": 0, "well_count": 0, "permit_count": 0 }, "geometry": { "type": "Polygon", "coordinates": [ [ [ -102.550686679316783, 31.617515490394066 ], [ -102.534454698039113, 31.621297626693487 ], [ -102.529995129795523, 31.607625137507775 ], [ -102.54625766238108, 31.603745225951183 ], [ -102.550686679316783, 31.617515490394066 ] ] ] } },
{ "type": "Feature", "properties": { "ABSTRACT_L": "A-1155", "ABSTRACT_N": "1031155", "LEVEL1_SUR": "PSL", "LEVEL2_BLO": "B23", "LEVEL3_SUR": "9", "Surv_Sect": "9", "SHAPE_AREA": 630.5204490695678, "owner_count": 0, "owners_json": [ ], "top_operator": "", "top_owner": "", "max_propensity_score": 0, "field_name": "Unknown", "production_status": "none", "pdp_well_count": 0, "pud_well_count": 0, "well_count": 0, "permit_count": 0 }, "geometry": { "type": "Polygon", "coordinates": [ [ [ -102.534454698039113, 31.621297626693487 ], [ -102.517926557194457, 31.625146369648672 ], [ -102.513474772145301, 31.611564149075697 ], [ -102.529995129795523, 31.607625137507775 ], [ -102.534454698039113, 31.621297626693487 ] ] ] } },
{ "type": "Feature", "properties": { "ABSTRACT_L": "A-1156", "ABSTRACT_N": "1031156", "LEVEL1_SUR": "PSL", "LEVEL2_BLO": "B23", "LEVEL3_SUR": "10", "Surv_Sect": "10", "SHAPE_AREA": 622.55880183274485, "owner_count": 0, "owners_json": [ ], "top_operator": "", "top_owner": "", "max_propensity_score": 0, "field_name": "Unknown", "production_status": "none", "pdp_well_count": 0, "pud_well_count": 0, "well_count": 0, "permit_count": 0 }, "geometry": { "type": "Polygon", "coordinates": [ [ [ -102.513474772145301, 31.611564149075697 ], [ -102.517926557194457, 31.625146369648672 ], [ -102.501662008657689, 31.629048624048096 ], [ -102.500432477756107, 31.625326293630597 ], [ -102.500432364281465, 31.625325951921969 ], [ -102.500367719864968, 31.625129794829807 ], [ -102.497142579259275, 31.61536404477954 ], [ -102.500432202205019, 31.614598558946373 ], [ -102.500432433901082, 31.614598506343128 ], [ -102.513474772145301, 31.611564149075697 ] ] ] } },
{ "type": "Feature", "properties": { "ABSTRACT_L": "A-1157", "ABSTRACT_N": "1031157", "LEVEL1_SUR": "PSL", "LEVEL2_BLO": "B23", "LEVEL3_SUR": "11", "Surv_Sect": "11", "SHAPE_AREA": 632.52633348364941, "owner_count": 0, "owners_json": [ ], "top_operator": "", "top_owner": "", "max_propensity_score": 0, "field_name": "Unknown", "production_status": "none", "pdp_well_count": 0, "pud_well_count": 0, "well_count": 0, "permit_count": 0 }, "geometry": { "type": "Polygon", "coordinates": [ [ [ -102.480723672465984, 31.619107803150332 ], [ -102.497142579259275, 31.61536404477954 ], [ -102.500367719864968, 31.625129794829807 ], [ -102.500432364281465, 31.625325951921969 ], [ -102.500432477756107, 31.625326293630597 ], [ -102.501662008657689, 31.629048624048096 ], [ -102.500432502136917, 31.629345299473989 ], [ -102.500432278439305, 31.629345351922431 ], [ -102.485317235181427, 31.632991633967521 ], [ -102.482716606035481, 31.625131862038121 ], [ -102.480723672465984, 31.619107803150332 ] ] ] } },
{ "type": "Feature", "properties": { "ABSTRACT_L": "A-1158", "ABSTRACT_N": "1031158", "LEVEL1_SUR": "PSL", "LEVEL2_BLO": "B23", "LEVEL3_SUR": "13", "Surv_Sect": "13", "SHAPE_AREA": 646.49320665548328, "owner_count": 0, "owners_json": [ ], "top_operator": "", "top_owner": "", "max_propensity_score": 0, "field_name": "Unknown", "production_status": "none", "pdp_well_count": 0, "pud_well_count": 0, "well_count": 0, "permit_count": 0 }, "geometry": { "type": "Polygon", "coordinates": [ [ [ -102.472668565484952, 31.613270737229424 ], [ -102.476562564466747, 31.612362590036543 ], [ -102.474417379061279, 31.60550139294665 ], [ -102.47615149852227, 31.60509887964027 ], [ -102.480723672465984, 31.619107803150332 ], [ -102.462190108571775, 31.623368920877059 ], [ -102.462079817080806, 31.623036062034949 ], [ -102.457731212072972, 31.609415732610444 ], [ -102.459944718853549, 31.608895150865433 ], [ -102.470401324885628, 31.606441646492307 ], [ -102.472668565484952, 31.613270737229424 ] ] ] } },
{ "type": "Feature", "properties": { "ABSTRACT_L": "A-1159", "ABSTRACT_N": "1031159", "LEVEL1_SUR": "PSL", "LEVEL2_BLO": "B23", "LEVEL3_SUR": "14", "Surv_Sect": "14", "SHAPE_AREA": 645.27634446618492, "owner_count": 0, "owners_json": [ ], "top_operator": "", "top_owner": "", "max_propensity_score": 0, "field_name": "Unknown", "production_status": "none", "pdp_well_count": 0, "pud_well_count": 0, "well_count": 0, "permit_count": 0 }, "geometry": { "type": "Polygon", "coordinates": [ [ [ -102.480723672465984, 31.619107803150332 ], [ -102.47615149852227, 31.60509887964027 ], [ -102.476382970108105, 31.605038069928682 ], [ -102.492631269560178, 31.601204161387511 ], [ -102.492517281921621, 31.601238357804988 ], [ -102.497142579259275, 31.61536404477954 ], [ -102.480723672465984, 31.619107803150332 ] ] ] } },
{ "type": "Feature", "properties": { "ABSTRACT_L": "A-116", "ABSTRACT_N": "103116", "LEVEL1_SUR": "H&TC RR CO", "LEVEL2_BLO": "1", "LEVEL3_SUR": "27", "Surv_Sect": "27", "SHAPE_AREA": 723.89226616711801, "owner_count": 0, "owners_json": [ ], "top_operator": "", "top_owner": "", "max_propensity_score": 0, "field_name": "Unknown", "production_status": "none", "pdp_well_count": 0, "pud_well_count": 0, "well_count": 0, "permit_count": 0 }, "geometry": { "type": "Polygon", "coordinates": [ [ [ -102.706694290405892, 31.311928776562304 ], [ -102.706966704663401, 31.311773800242641 ], [ -102.707271072431936, 31.311601673880187 ], [ -102.707460997281999, 31.311475942649562 ], [ -102.707879504058212, 31.311245690077847 ], [ -102.707961915836322, 31.311199942883604 ], [ -102.708301948354631, 31.311154311975457 ], [ -102.708652095244716, 31.311224025258035 ], [ -102.709042490175506, 31.311370653504557 ], [ -102.709292116960654, 31.311526381754117 ], [ -102.709505503590563, 31.311786757873147 ], [ -102.709615812790005, 31.312044474953741 ], [ -102.709758099418323, 31.312284993223923 ], [ -102.709813553118366, 31.312416607238124 ], [ -102.709980363759229, 31.312618097895871 ], [ -102.710155224335523, 31.312652960335779 ], [ -102.710657089049363, 31.312715380126559 ], [ -102.707410926124012, 31.316033846212374 ], [ -102.705691522091143, 31.317732365019562 ], [ -102.694632359488907, 31.328638037127011 ], [ -102.681981868490027, 31.340982979392528 ], [ -102.675376677154574, 31.336034131674296 ], [ -102.679097172474883, 31.332341331193607 ], [ -102.691631475022149, 31.31989740849172 ], [ -102.692158495348593, 31.31978664561581 ], [ -102.692830504035271, 31.319634414331624 ], [ -102.693533658388048, 31.319436833791578 ], [ -102.694161128148792, 31.31929652076192 ], [ -102.694447894856964, 31.319180482232635 ], [ -102.694729738674241, 31.319129927933986 ], [ -102.695328736239489, 31.318891147545113 ], [ -102.695544128286471, 31.318746029427786 ], [ -102.69557956185028, 31.318732053678595 ], [ -102.695589901284507, 31.318727976036712 ], [ -102.695660525267883, 31.318716442970306 ], [ -102.695921542343513, 31.318673831047505 ], [ -102.696267073147084, 31.318595086303869 ], [ -102.696635786350583, 31.318415448907974 ], [ -102.69692106480143, 31.318260254387983 ], [ -102.697238356335163, 31.318076836325769 ], [ -102.697551334655785, 31.31775527877452 ], [ -102.697775066041899, 31.317479596365487 ], [ -102.697993436249249, 31.317226044082204 ], [ -102.698329429014834, 31.316798746398206 ], [ -102.698649345862364, 31.316510052529065 ], [ -102.698831781317296, 31.316345969550632 ], [ -102.699178358632139, 31.316078751433622 ], [ -102.699615714462936, 31.315820611956386 ], [ -102.699888618504772, 31.315682170590055 ], [ -102.700245314311829, 31.315530962064212 ], [ -102.700488080088761, 31.315459857894183 ], [ -102.700675874888589, 31.315272981158422 ], [ -102.700983834196592, 31.315001025750632 ], [ -102.701326133615908, 31.3147950911241 ], [ -102.701650354017644, 31.314644583387629 ], [ -102.701949980663528, 31.314544073678142 ], [ -102.702084218384371, 31.314502752262893 ], [ -102.702285136046285, 31.314537081726858 ], [ -102.702449163802811, 31.314655420495392 ], [ -102.703087858029505, 31.314686117070934 ], [ -102.703731401529836, 31.314661692912175 ], [ -102.704047185430227, 31.314439774743651 ], [ -102.704245363495801, 31.314153621578448 ], [ -102.704466783250282, 31.313783729043895 ], [ -102.704653962433099, 31.313575507387259 ], [ -102.705029517373433, 31.313412899202213 ], [ -102.705347169611514, 31.313256314464422 ], [ -102.705670310829987, 31.313067277152765 ], [ -102.705932523630992, 31.312779762832186 ], [ -102.706210888060937, 31.312370169926087 ], [ -102.706280714813289, 31.312288158966719 ], [ -102.706503537625139, 31.312049872414011 ], [ -102.706694290405892, 31.311928776562304 ] ] ] } },
{ "type": "Feature", "properties": { "ABSTRACT_L": "A-1160", "ABSTRACT_N": "1031160", "LEVEL1_SUR": "PSL", "LEVEL2_BLO": "B23", "LEVEL3_SUR": "15", "Surv_Sect": "15", "SHAPE_AREA": 648.18493601524995, "owner_count": 0, "owners_json": [ ], "top_operator": "", "top_owner": "", "max_propensity_score": 0, "field_name": "Unknown", "production_status": "none", "pdp_well_count": 0, "pud_well_count": 0, "well_count": 0, "permit_count": 0 }, "geometry": { "type": "Polygon", "coordinates": [ [ [ -102.500432237005313, 31.599366804679438 ], [ -102.50043236479226, 31.599366774708567 ], [ -102.508904386870341, 31.597380821251338 ], [ -102.513474772145301, 31.611564149075697 ], [ -102.500432433901082, 31.614598506343128 ], [ -102.500432202205019, 31.614598558946373 ], [ -102.497142579259275, 31.61536404477954 ], [ -102.492517281921621, 31.601238357804988 ], [ -102.492631269560178, 31.601204161387511 ], [ -102.492774423549676, 31.601161206858936 ], [ -102.500432237005313, 31.599366804679438 ] ] ] } },
{ "type": "Feature", "properties": { "ABSTRACT_L": "A-1161", "ABSTRACT_N": "1031161", "LEVEL1_SUR": "PSL", "LEVEL2_BLO": "B23", "LEVEL3_SUR": "16", "Surv_Sect": "16", "SHAPE_AREA": 655.61099553610381, "owner_count": 0, "owners_json": [ ], "top_operator": "", "top_owner": "", "max_propensity_score": 0, "field_name": "Unknown", "production_status": "none", "pdp_well_count": 0, "pud_well_count": 0, "well_count": 0, "permit_count": 0 }, "geometry": { "type": "Polygon", "coordinates": [ [ [ -102.529995129795523, 31.607625137507775 ], [ -102.513474772145301, 31.611564149075697 ], [ -102.508904386870341, 31.597380821251338 ], [ -102.5254200784604, 31.593455720436616 ], [ -102.529995129795523, 31.607625137507775 ] ] ] } },
{ "type": "Feature", "properties": { "ABSTRACT_L": "A-1162", "ABSTRACT_N": "1031162", "LEVEL1_SUR": "PSL", "LEVEL2_BLO": "B23", "LEVEL3_SUR": "17", "Surv_Sect": "17", "SHAPE_AREA": 562.38695486548056, "owner_count": 0, "owners_json": [ ], "top_operator": "", "top_owner": "", "max_propensity_score": 0, "field_name": "Unknown", "production_status": "none", "pdp_well_count": 0, "pud_well_count": 0, "well_count": 0, "permit_count": 0 }, "geometry": { "type": "Polygon", "coordinates": [ [ [ -102.54625766238108, 31.603745225951183 ], [ -102.529995129795523, 31.607625137507775 ], [ -102.5254200784604, 31.593455720436616 ], [ -102.541739444329394, 31.589574891024242 ], [ -102.54625766238108, 31.603745225951183 ] ], [ [ -102.532576159149343, 31.598621100249638 ], [ -102.534790136547485, 31.605564536336892 ], [ -102.539123831534141, 31.604540387999727 ], [ -102.536844561422868, 31.597585912231597 ], [ -102.532576159149343, 31.598621100249638 ] ] ] } },
{ "type": "Feature", "properties": { "ABSTRACT_L": "A-1163", "ABSTRACT_N": "1031163", "LEVEL1_SUR": "PSL", "LEVEL2_BLO": "B23", "LEVEL3_SUR": "18", "Surv_Sect": "18", "SHAPE_AREA": 649.04014999931428, "owner_count": 0, "owners_json": [ ], "top_operator": "", "top_owner": "", "max_propensity_score": 0, "field_name": "Unknown", "production_status": "none", "pdp_well_count": 0, "pud_well_count": 0, "well_count": 0, "permit_count": 0 }, "geometry": { "type": "Polygon", "coordinates": [ [ [ -102.562667898462848, 31.599798254317427 ], [ -102.54625766238108, 31.603745225951183 ], [ -102.541739444329394, 31.589574891024242 ], [ -102.55810535499991, 31.585680197093616 ], [ -102.562667898462848, 31.599798254317427 ] ] ] } },
{ "type": "Feature", "properties": { "ABSTRACT_L": "A-1164", "ABSTRACT_N": "1031164", "LEVEL1_SUR": "PSL", "LEVEL2_BLO": "B24", "LEVEL3_SUR": "1", "Surv_Sect": "1", "SHAPE_AREA": 717.45833755709168, "owner_count": 0, "owners_json": [ ], "top_operator": "", "top_owner": "", "max_propensity_score": 0, "field_name": "Unknown", "production_status": "none", "pdp_well_count": 0, "pud_well_count": 0, "well_count": 0, "permit_count": 0 }, "geometry": { "type": "Polygon", "coordinates": [ [ [ -102.438817100126698, 31.598680955981937 ], [ -102.455490922704712, 31.594742282036048 ], [ -102.459944718853549, 31.608895150865433 ], [ -102.457731212072972, 31.609415732610444 ], [ -102.457604400921511, 31.609048792356933 ], [ -102.441243091264241, 31.612842183176625 ], [ -102.436818330820046, 31.599140756629453 ], [ -102.438817100126698, 31.598680955981937 ] ] ] } },
{ "type": "Feature", "properties": { "ABSTRACT_L": "A-1165", "ABSTRACT_N": "1031165", "LEVEL1_SUR": "PSL", "LEVEL2_BLO": "B24", "LEVEL3_SUR": "2", "Surv_Sect": "2", "SHAPE_AREA": 651.80475372908711, "owner_count": 0, "owners_json": [ ], "top_operator": "", "top_owner": "", "max_propensity_score": 0, "field_name": "Unknown", "production_status": "none", "pdp_well_count": 0, "pud_well_count": 0, "well_count": 0, "permit_count": 0 }, "geometry": { "type": "Polygon", "coordinates": [ [ [ -102.455490922704712, 31.594742282036048 ], [ -102.438817100126698, 31.598680955981937 ], [ -102.434354282804833, 31.584724257881916 ], [ -102.451046471484631, 31.580760301099279 ], [ -102.455490922704712, 31.594742282036048 ] ] ] } },
{ "type": "Feature", "properties": { "ABSTRACT_L": "A-1166", "ABSTRACT_N": "1031166", "LEVEL1_SUR": "PSL", "LEVEL2_BLO": "B24", "LEVEL3_SUR": "3", "Surv_Sect": "3", "SHAPE_AREA": 703.31198315476047, "owner_count": 0, "owners_json": [ ], "top_operator": "", "top_owner": "", "max_propensity_score": 0, "field_name": "Unknown", "production_status": "none", "pdp_well_count": 0, "pud_well_count": 0, "well_count": 0, "permit_count": 0 }, "geometry": { "type": "Polygon", "coordinates": [ [ [ -102.415768644954397, 31.589261857569635 ], [ -102.434354282804833, 31.584724257881916 ], [ -102.438817100126698, 31.598680955981937 ], [ -102.436818330820046, 31.599140756629453 ], [ -102.436670396682075, 31.59876112477281 ], [ -102.420099195082614, 31.602635602652217 ], [ -102.415768644954397, 31.589261857569635 ] ] ] } },
{ "type": "Feature", "properties": { "ABSTRACT_L": "A-1167", "ABSTRACT_N": "1031167", "LEVEL1_SUR": "PSL", "LEVEL2_BLO": "B24", "LEVEL3_SUR": "4", "Surv_Sect": "4", "SHAPE_AREA": 742.06514492408803, "owner_count": 0, "owners_json": [ ], "top_operator": "", "top_owner": "", "max_propensity_score": 0, "field_name": "Unknown", "production_status": "none", "pdp_well_count": 0, "pud_well_count": 0, "well_count": 0, "permit_count": 0 }, "geometry": { "type": "Polygon", "coordinates": [ [ [ -102.413726309926602, 31.574405900370955 ], [ -102.429952568916988, 31.570576394020982 ], [ -102.434354282804833, 31.584724257881916 ], [ -102.415768644954397, 31.589261857569635 ], [ -102.41557997782725, 31.588682127784839 ], [ -102.411195555118212, 31.575002442166756 ], [ -102.413726309926602, 31.574405900370955 ] ] ] } },
{ "type": "Feature", "properties": { "ABSTRACT_L": "A-1168", "ABSTRACT_N": "1031168", "LEVEL1_SUR": "PSL", "LEVEL2_BLO": "B24", "LEVEL3_SUR": "5", "Surv_Sect": "5", "SHAPE_AREA": 657.37704805628755, "owner_count": 0, "owners_json": [ ], "top_operator": "", "top_owner": "", "max_propensity_score": 0, "field_name": "Unknown", "production_status": "none", "pdp_well_count": 0, "pud_well_count": 0, "well_count": 0, "permit_count": 0 }, "geometry": { "type": "Polygon", "coordinates": [ [ [ -102.446563996844077, 31.566654354304035 ], [ -102.451046471484631, 31.580760301099279 ], [ -102.434354282804833, 31.584724257881916 ], [ -102.429952568916988, 31.570576394020982 ], [ -102.446563996844077, 31.566654354304035 ] ] ] } },
{ "type": "Feature", "properties": { "ABSTRACT_L": "A-1169", "ABSTRACT_N": "1031169", "LEVEL1_SUR": "PSL", "LEVEL2_BLO": "B24", "LEVEL3_SUR": "6", "Surv_Sect": "6", "SHAPE_AREA": 650.54404198232328, "owner_count": 0, "owners_json": [ ], "top_operator": "", "top_owner": "", "max_propensity_score": 0, "field_name": "Unknown", "production_status": "none", "pdp_well_count": 0, "pud_well_count": 0, "well_count": 0, "permit_count": 0 }, "geometry": { "type": "Polygon", "coordinates": [ [ [ -102.446563996844077, 31.566654354304035 ], [ -102.429952568916988, 31.570576394020982 ], [ -102.425597948556771, 31.556507243806717 ], [ -102.442088830339756, 31.552593469688698 ], [ -102.446563996844077, 31.566654354304035 ] ] ] } },
{ "type": "Feature", "properties": { "ABSTRACT_L": "A-117", "ABSTRACT_N": "103117", "LEVEL1_SUR": "H&TC RR CO", "LEVEL2_BLO": "1", "LEVEL3_SUR": "29", "Surv_Sect": "29", "SHAPE_AREA": 623.25204881033619, "owner_count": 0, "owners_json": [ ], "top_operator": "", "top_owner": "", "max_propensity_score": 0, "field_name": "Unknown", "production_status": "none", "pdp_well_count": 0, "pud_well_count": 0, "well_count": 0, "permit_count": 0 }, "geometry": { "type": "Polygon", "coordinates": [ [ [ -102.75043790481439, 31.283708053490709 ], [ -102.754180160167905, 31.28000434525579 ], [ -102.754358745448499, 31.280169808532687 ], [ -102.754612967841624, 31.28041479216105 ], [ -102.754786672878097, 31.280603719437224 ], [ -102.754876801975129, 31.280977389746006 ], [ -102.755105876934167, 31.281376987968386 ], [ -102.755399889023892, 31.281958189491004 ], [ -102.75557305047063, 31.282474562891196 ], [ -102.755709652439378, 31.282750932060864 ], [ -102.755691191514586, 31.28313654325348 ], [ -102.756023284051409, 31.283331707705234 ], [ -102.756588709838525, 31.283396714886901 ], [ -102.756760439583303, 31.283518275304367 ], [ -102.756816845611226, 31.28409490181577 ], [ -102.756828336770468, 31.284836195401301 ], [ -102.756748971942017, 31.285166008498106 ], [ -102.756615768765712, 31.285351142001279 ], [ -102.756379650010501, 31.285385740982655 ], [ -102.756118662561732, 31.285143711323883 ], [ -102.75605541243884, 31.285082789868021 ], [ -102.75596987855846, 31.284907781562811 ], [ -102.755864894329704, 31.284692986913431 ], [ -102.755584820786964, 31.28459301952023 ], [ -102.755227017460172, 31.284533206730327 ], [ -102.754769533851828, 31.284793332383661 ], [ -102.754347694634347, 31.285246015642564 ], [ -102.754201829439523, 31.285672163345215 ], [ -102.75416810000371, 31.286221816270487 ], [ -102.754482273167028, 31.286475836407824 ], [ -102.754801012969693, 31.286555729595086 ], [ -102.755179292951439, 31.286643992451399 ], [ -102.755611073572425, 31.286865254047623 ], [ -102.75579649203199, 31.287112366873895 ], [ -102.75582392188025, 31.287381449380799 ], [ -102.756110694637798, 31.287712411392697 ], [ -102.756236850830291, 31.287974570275424 ], [ -102.756249485262899, 31.288201394148309 ], [ -102.750437955956571, 31.294079243699787 ], [ -102.750437776973087, 31.294079426351971 ], [ -102.735596308400133, 31.308976921852004 ], [ -102.730583120481683, 31.30521682202961 ], [ -102.729485313103211, 31.304437899597424 ], [ -102.750437826943667, 31.283708130812599 ], [ -102.75043790481439, 31.283708053490709 ] ] ] } },
{ "type": "Feature", "properties": { "ABSTRACT_L": "A-1170", "ABSTRACT_N": "1031170", "LEVEL1_SUR": "PSL", "LEVEL2_BLO": "B24", "LEVEL3_SUR": "7", "Surv_Sect": "7", "SHAPE_AREA": 639.72049558400818, "owner_count": 0, "owners_json": [ ], "top_operator": "", "top_owner": "", "max_propensity_score": 0, "field_name": "Unknown", "production_status": "none", "pdp_well_count": 0, "pud_well_count": 0, "well_count": 0, "permit_count": 0 }, "geometry": { "type": "Polygon", "coordinates": [ [ [ -102.429952568916988, 31.570576394020982 ], [ -102.413726309926602, 31.574405900370955 ], [ -102.409271197971904, 31.56032437370256 ], [ -102.425597948556771, 31.556507243806717 ], [ -102.429952568916988, 31.570576394020982 ] ] ] } },
{ "type": "Feature", "properties": { "ABSTRACT_L": "A-1171", "ABSTRACT_N": "1031171", "LEVEL1_SUR": "PSL", "LEVEL2_BLO": "B24", "LEVEL3_SUR": "11", "Surv_Sect": "11", "SHAPE_AREA": 679.53691648472, "owner_count": 0, "owners_json": [ ], "top_operator": "", "top_owner": "", "max_propensity_score": 0, "field_name": "Unknown", "production_status": "none", "pdp_well_count": 0, "pud_well_count": 0, "well_count": 0, "permit_count": 0 }, "geometry": { "type": "Polygon", "coordinates": [ [ [ -102.420937609647382, 31.541677538428409 ], [ -102.425597948556771, 31.556507243806717 ], [ -102.409271197971904, 31.56032437370256 ], [ -102.404456991961638, 31.545566329721694 ], [ -102.417020422665473, 31.542568166832567 ], [ -102.420937609647382, 31.541677538428409 ] ] ] } },
{ "type": "Feature", "properties": { "ABSTRACT_L": "A-1172", "ABSTRACT_N": "1031172", "LEVEL1_SUR": "PSL", "LEVEL2_BLO": "B25", "LEVEL3_SUR": "2", "Surv_Sect": "2", "SHAPE_AREA": 664.18876479436256, "owner_count": 0, "owners_json": [ ], "top_operator": "", "top_owner": "", "max_propensity_score": 0, "field_name": "Unknown", "production_status": "none", "pdp_well_count": 0, "pud_well_count": 0, "well_count": 0, "permit_count": 0 }, "geometry": { "type": "Polygon", "coordinates": [ [ [ -102.471698636387913, 31.590526937491461 ], [ -102.488101169873588, 31.586717105877277 ], [ -102.492774423549676, 31.601161206858936 ], [ -102.492631269560178, 31.601204161387511 ], [ -102.476382970108105, 31.605038069928682 ], [ -102.471833410479036, 31.590936358179938 ], [ -102.471698636387913, 31.590526937491461 ] ] ] } },
{ "type": "Feature", "properties": { "ABSTRACT_L": "A-1173", "ABSTRACT_N": "1031173", "LEVEL1_SUR": "PSL", "LEVEL2_BLO": "B25", "LEVEL3_SUR": "3", "Surv_Sect": "3", "SHAPE_AREA": 649.49658280488336, "owner_count": 0, "owners_json": [ ], "top_operator": "", "top_owner": "", "max_propensity_score": 0, "field_name": "Unknown", "production_status": "none", "pdp_well_count": 0, "pud_well_count": 0, "well_count": 0, "permit_count": 0 }, "geometry": { "type": "Polygon", "coordinates": [ [ [ -102.500432287459034, 31.583885963272181 ], [ -102.504220084241652, 31.583015860170349 ], [ -102.508904386870341, 31.597380821251338 ], [ -102.50043236479226, 31.599366774708567 ], [ -102.500432237005313, 31.599366804679438 ], [ -102.492774423549676, 31.601161206858936 ], [ -102.488101169873588, 31.586717105877277 ], [ -102.500432159692849, 31.583885993243197 ], [ -102.500432287459034, 31.583885963272181 ] ] ] } },
{ "type": "Feature", "properties": { "ABSTRACT_L": "A-1174", "ABSTRACT_N": "1031174", "LEVEL1_SUR": "PSL", "LEVEL2_BLO": "B25", "LEVEL3_SUR": "4", "Surv_Sect": "4", "SHAPE_AREA": 663.37037816219402, "owner_count": 0, "owners_json": [ ], "top_operator": "", "top_owner": "", "max_propensity_score": 0, "field_name": "Unknown", "production_status": "none", "pdp_well_count": 0, "pud_well_count": 0, "well_count": 0, "permit_count": 0 }, "geometry": { "type": "Polygon", "coordinates": [ [ [ -102.5254200784604, 31.593455720436616 ], [ -102.508904386870341, 31.597380821251338 ], [ -102.504220084241652, 31.583015860170349 ], [ -102.520815115712125, 31.579180946881856 ], [ -102.5254200784604, 31.593455720436616 ] ] ] } },
{ "type": "Feature", "properties": { "ABSTRACT_L": "A-1175", "ABSTRACT_N": "1031175", "LEVEL1_SUR": "PSL", "LEVEL2_BLO": "B25", "LEVEL3_SUR": "5", "Surv_Sect": "5", "SHAPE_AREA": 649.79379418606925, "owner_count": 0, "owners_json": [ ], "top_operator": "", "top_owner": "", "max_propensity_score": 0, "field_name": "Unknown", "production_status": "none", "pdp_well_count": 0, "pud_well_count": 0, "well_count": 0, "permit_count": 0 }, "geometry": { "type": "Polygon", "coordinates": [ [ [ -102.541739444329394, 31.589574891024242 ], [ -102.5254200784604, 31.593455720436616 ], [ -102.520815115712125, 31.579180946881856 ], [ -102.537174808130118, 31.575412424956344 ], [ -102.541739444329394, 31.589574891024242 ] ] ] } },
{ "type": "Feature", "properties": { "ABSTRACT_L": "A-1176", "ABSTRACT_N": "1031176", "LEVEL1_SUR": "PSL", "LEVEL2_BLO": "B25", "LEVEL3_SUR": "7", "Surv_Sect": "7", "SHAPE_AREA": 635.6714149699385, "owner_count": 0, "owners_json": [ ], "top_operator": "", "top_owner": "", "max_propensity_score": 0, "field_name": "Unknown", "production_status": "none", "pdp_well_count": 0, "pud_well_count": 0, "well_count": 0, "permit_count": 0 }, "geometry": { "type": "Polygon", "coordinates": [ [ [ -102.553627845442477, 31.57166474558268 ], [ -102.537174808130118, 31.575412424956344 ], [ -102.532792698059836, 31.561521148645856 ], [ -102.549148147730847, 31.557782750449604 ], [ -102.553627845442477, 31.57166474558268 ] ] ] } },
{ "type": "Feature", "properties": { "ABSTRACT_L": "A-1177", "ABSTRACT_N": "1031177", "LEVEL1_SUR": "PSL", "LEVEL2_BLO": "B25", "LEVEL3_SUR": "8", "Surv_Sect": "8", "SHAPE_AREA": 634.55645115611469, "owner_count": 0, "owners_json": [ ], "top_operator": "", "top_owner": "", "max_propensity_score": 0, "field_name": "Unknown", "production_status": "none", "pdp_well_count": 0, "pud_well_count": 0, "well_count": 0, "permit_count": 0 }, "geometry": { "type": "Polygon", "coordinates": [ [ [ -102.537174808130118, 31.575412424956344 ], [ -102.520815115712125, 31.579180946881856 ], [ -102.51640107561623, 31.565304234485097 ], [ -102.532792698059836, 31.561521148645856 ], [ -102.537174808130118, 31.575412424956344 ] ] ] } },
{ "type": "Feature", "properties": { "ABSTRACT_L": "A-1178", "ABSTRACT_N": "1031178", "LEVEL1_SUR": "PSL", "LEVEL2_BLO": "B25", "LEVEL3_SUR": "9", "Surv_Sect": "9", "SHAPE_AREA": 646.06576387323082, "owner_count": 0, "owners_json": [ ], "top_operator": "", "top_owner": "", "max_propensity_score": 0, "field_name": "Unknown", "production_status": "none", "pdp_well_count": 0, "pud_well_count": 0, "well_count": 0, "permit_count": 0 }, "geometry": { "type": "Polygon", "coordinates": [ [ [ -102.499714681067601, 31.569077132694595 ], [ -102.500432220147246, 31.568914757015957 ], [ -102.51640107561623, 31.565304234485097 ], [ -102.520815115712125, 31.579180946881856 ], [ -102.504220084241652, 31.583015860170349 ], [ -102.5004322342986, 31.571297558885753 ], [ -102.500432146782188, 31.571297285452019 ], [ -102.499714681067601, 31.569077132694595 ] ] ] } },
{ "type": "Feature", "properties": { "ABSTRACT_L": "A-1179", "ABSTRACT_N": "1031179", "LEVEL1_SUR": "PSL", "LEVEL2_BLO": "B25", "LEVEL3_SUR": "10", "Surv_Sect": "10", "SHAPE_AREA": 623.24001817263002, "owner_count": 0, "owners_json": [ ], "top_operator": "", "top_owner": "", "max_propensity_score": 0, "field_name": "Unknown", "production_status": "none", "pdp_well_count": 0, "pud_well_count": 0, "well_count": 0, "permit_count": 0 }, "geometry": { "type": "Polygon", "coordinates": [ [ [ -102.5004322342986, 31.571297558885753 ], [ -102.504220084241652, 31.583015860170349 ], [ -102.500432287459034, 31.583885963272181 ], [ -102.500432159692849, 31.583885993243197 ], [ -102.488101169873588, 31.586717105877277 ], [ -102.4837123433133, 31.572897374977995 ], [ -102.499714681067601, 31.569077132694595 ], [ -102.500432146782188, 31.571297285452019 ], [ -102.5004322342986, 31.571297558885753 ] ] ] } },
{ "type": "Feature", "properties": { "ABSTRACT_L": "A-118", "ABSTRACT_N": "103118", "LEVEL1_SUR": "H&TC RR CO", "LEVEL2_BLO": "1", "LEVEL3_SUR": "31", "Surv_Sect": "31", "SHAPE_AREA": 619.2418763794077, "owner_count": 0, "owners_json": [ ], "top_operator": "", "top_owner": "", "max_propensity_score": 0, "field_name": "Unknown", "production_status": "none", "pdp_well_count": 0, "pud_well_count": 0, "well_count": 0, "permit_count": 0 }, "geometry": { "type": "Polygon", "coordinates": [ [ [ -102.750438122423532, 31.316771377228878 ], [ -102.750438060145001, 31.31677144046083 ], [ -102.750108377607333, 31.317104421673982 ], [ -102.74836935140317, 31.318861039763185 ], [ -102.741941332783114, 31.314222681045248 ], [ -102.750437931021224, 31.30545981231165 ], [ -102.750438008909668, 31.305459734990144 ], [ -102.761010299360962, 31.29455364867767 ], [ -102.761425997791576, 31.294634244730211 ], [ -102.761729842622941, 31.294531453739886 ], [ -102.761922242890563, 31.294411791864185 ], [ -102.762086124393846, 31.293917143750562 ], [ -102.762225402404141, 31.293596361313487 ], [ -102.762535238170585, 31.293368244708319 ], [ -102.762657570959874, 31.293153765026048 ], [ -102.762786650544612, 31.293170278915628 ], [ -102.762966733116642, 31.293233842940527 ], [ -102.763233412451257, 31.293574855665849 ], [ -102.763563502761386, 31.294030073112122 ], [ -102.764094807805947, 31.294269125069675 ], [ -102.764627880498821, 31.294238498313476 ], [ -102.764997609964482, 31.294018734402012 ], [ -102.765221635000046, 31.293898371601752 ], [ -102.765744262145191, 31.293839071888947 ], [ -102.766249924584827, 31.293886039937771 ], [ -102.766708058094594, 31.293991817996286 ], [ -102.767291887190709, 31.293998610728877 ], [ -102.767380147924513, 31.293983661548324 ], [ -102.767388182190885, 31.299746213547703 ], [ -102.759535516832457, 31.30758101722056 ], [ -102.750438122423532, 31.316771377228878 ] ] ] } },
{ "type": "Feature", "properties": { "ABSTRACT_L": "A-1180", "ABSTRACT_N": "1031180", "LEVEL1_SUR": "PSL", "LEVEL2_BLO": "B25", "LEVEL3_SUR": "11", "Surv_Sect": "11", "SHAPE_AREA": 630.70507464678315, "owner_count": 0, "owners_json": [ ], "top_operator": "", "top_owner": "", "max_propensity_score": 0, "field_name": "Unknown", "production_status": "none", "pdp_well_count": 0, "pud_well_count": 0, "well_count": 0, "permit_count": 0 }, "geometry": { "type": "Polygon", "coordinates": [ [ [ -102.488101169873588, 31.586717105877277 ], [ -102.471698636387913, 31.590526937491461 ], [ -102.467307886675528, 31.576857374628602 ], [ -102.4837123433133, 31.572897374977995 ], [ -102.488101169873588, 31.586717105877277 ] ] ] } },
{ "type": "Feature", "properties": { "ABSTRACT_L": "A-1181", "ABSTRACT_N": "1031181", "LEVEL1_SUR": "PSL", "LEVEL2_BLO": "B25", "LEVEL3_SUR": "12", "Surv_Sect": "12", "SHAPE_AREA": 639.71496841096598, "owner_count": 0, "owners_json": [ ], "top_operator": "", "top_owner": "", "max_propensity_score": 0, "field_name": "Unknown", "production_status": "none", "pdp_well_count": 0, "pud_well_count": 0, "well_count": 0, "permit_count": 0 }, "geometry": { "type": "Polygon", "coordinates": [ [ [ -102.471698636387913, 31.590526937491461 ], [ -102.471833410479036, 31.590936358179938 ], [ -102.455490922704712, 31.594742282036048 ], [ -102.451046471484631, 31.580760301099279 ], [ -102.467307886675528, 31.576857374628602 ], [ -102.471698636387913, 31.590526937491461 ] ] ] } },
{ "type": "Feature", "properties": { "ABSTRACT_L": "A-1182", "ABSTRACT_N": "1031182", "LEVEL1_SUR": "PSL", "LEVEL2_BLO": "B25", "LEVEL3_SUR": "13", "Surv_Sect": "13", "SHAPE_AREA": 640.65216007271931, "owner_count": 0, "owners_json": [ ], "top_operator": "", "top_owner": "", "max_propensity_score": 0, "field_name": "Unknown", "production_status": "none", "pdp_well_count": 0, "pud_well_count": 0, "well_count": 0, "permit_count": 0 }, "geometry": { "type": "Polygon", "coordinates": [ [ [ -102.462812772265764, 31.562799626183082 ], [ -102.467307886675528, 31.576857374628602 ], [ -102.451046471484631, 31.580760301099279 ], [ -102.446563996844077, 31.566654354304035 ], [ -102.462812772265764, 31.562799626183082 ] ] ] } },
{ "type": "Feature", "properties": { "ABSTRACT_L": "A-1183", "ABSTRACT_N": "1031183", "LEVEL1_SUR": "PSL", "LEVEL2_BLO": "B25", "LEVEL3_SUR": "14", "Surv_Sect": "14", "SHAPE_AREA": 643.83144054824447, "owner_count": 0, "owners_json": [ ], "top_operator": "", "top_owner": "", "max_propensity_score": 0, "field_name": "Unknown", "production_status": "none", "pdp_well_count": 0, "pud_well_count": 0, "well_count": 0, "permit_count": 0 }, "geometry": { "type": "Polygon", "coordinates": [ [ [ -102.479228980441135, 31.558930010386391 ], [ -102.4837123433133, 31.572897374977995 ], [ -102.467307886675528, 31.576857374628602 ], [ -102.462812772265764, 31.562799626183082 ], [ -102.479228980441135, 31.558930010386391 ] ] ] } },
{ "type": "Feature", "properties": { "ABSTRACT_L": "A-1184", "ABSTRACT_N": "1031184", "LEVEL1_SUR": "PSL", "LEVEL2_BLO": "B25", "LEVEL3_SUR": "15", "Surv_Sect": "15", "SHAPE_AREA": 625.13037146346664, "owner_count": 0, "owners_json": [ ], "top_operator": "", "top_owner": "", "max_propensity_score": 0, "field_name": "Unknown", "production_status": "none", "pdp_well_count": 0, "pud_well_count": 0, "well_count": 0, "permit_count": 0 }, "geometry": { "type": "Polygon", "coordinates": [ [ [ -102.495270606850497, 31.55515971593459 ], [ -102.499714681067601, 31.569077132694595 ], [ -102.4837123433133, 31.572897374977995 ], [ -102.479228980441135, 31.558930010386391 ], [ -102.495270606850497, 31.55515971593459 ] ] ] } },
{ "type": "Feature", "properties": { "ABSTRACT_L": "A-1185", "ABSTRACT_N": "1031185", "LEVEL1_SUR": "PSL", "LEVEL2_BLO": "B25", "LEVEL3_SUR": "16", "Surv_Sect": "16", "SHAPE_AREA": 649.59661644876792, "owner_count": 0, "owners_json": [ ], "top_operator": "", "top_owner": "", "max_propensity_score": 0, "field_name": "Unknown", "production_status": "none", "pdp_well_count": 0, "pud_well_count": 0, "well_count": 0, "permit_count": 0 }, "geometry": { "type": "Polygon", "coordinates": [ [ [ -102.500432115871405, 31.553953079770974 ], [ -102.500432147802911, 31.553953072278127 ], [ -102.511872318702515, 31.551277542023801 ], [ -102.51640107561623, 31.565304234485097 ], [ -102.500432220147246, 31.568914757015957 ], [ -102.499714681067601, 31.569077132694595 ], [ -102.495270606850497, 31.55515971593459 ], [ -102.500432115871405, 31.553953079770974 ] ] ] } },
{ "type": "Feature", "properties": { "ABSTRACT_L": "A-1186", "ABSTRACT_N": "1031186", "LEVEL1_SUR": "PSL", "LEVEL2_BLO": "B25", "LEVEL3_SUR": "17", "Surv_Sect": "17", "SHAPE_AREA": 647.2971190206855, "owner_count": 0, "owners_json": [ ], "top_operator": "", "top_owner": "", "max_propensity_score": 0, "field_name": "Unknown", "production_status": "none", "pdp_well_count": 0, "pud_well_count": 0, "well_count": 0, "permit_count": 0 }, "geometry": { "type": "Polygon", "coordinates": [ [ [ -102.532792698059836, 31.561521148645856 ], [ -102.51640107561623, 31.565304234485097 ], [ -102.511872318702515, 31.551277542023801 ], [ -102.528382023584598, 31.547382612269036 ], [ -102.532792698059836, 31.561521148645856 ] ] ] } },
{ "type": "Feature", "properties": { "ABSTRACT_L": "A-1187", "ABSTRACT_N": "1031187", "LEVEL1_SUR": "PSL", "LEVEL2_BLO": "B25", "LEVEL3_SUR": "18", "Surv_Sect": "18", "SHAPE_AREA": 645.6843997062673, "owner_count": 0, "owners_json": [ ], "top_operator": "", "top_owner": "", "max_propensity_score": 0, "field_name": "Unknown", "production_status": "none", "pdp_well_count": 0, "pud_well_count": 0, "well_count": 0, "permit_count": 0 }, "geometry": { "type": "Polygon", "coordinates": [ [ [ -102.548987815523375, 31.557284486837943 ], [ -102.549148147730847, 31.557782750449604 ], [ -102.532792698059836, 31.561521148645856 ], [ -102.528382023584598, 31.547382612269036 ], [ -102.5447268940393, 31.543590489422833 ], [ -102.548987815523375, 31.557284486837943 ] ] ] } },
{ "type": "Feature", "properties": { "ABSTRACT_L": "A-1188", "ABSTRACT_N": "1031188", "LEVEL1_SUR": "PSL", "LEVEL2_BLO": "B25", "LEVEL3_SUR": "19", "Surv_Sect": "19", "SHAPE_AREA": 629.65161392717164, "owner_count": 0, "owners_json": [ ], "top_operator": "", "top_owner": "", "max_propensity_score": 0, "field_name": "Unknown", "production_status": "none", "pdp_well_count": 0, "pud_well_count": 0, "well_count": 0, "permit_count": 0 }, "geometry": { "type": "Polygon", "coordinates": [ [ [ -102.523882985893223, 31.533754596799771 ], [ -102.540264437184135, 31.529758075457185 ], [ -102.544569531869143, 31.543156230175235 ], [ -102.544578317678273, 31.543183570348578 ], [ -102.5447268940393, 31.543590489422833 ], [ -102.528382023584598, 31.547382612269036 ], [ -102.52603821114765, 31.540283492623935 ], [ -102.523882985893223, 31.533754596799771 ] ] ] } },
{ "type": "Feature", "properties": { "ABSTRACT_L": "A-1189", "ABSTRACT_N": "1031189", "LEVEL1_SUR": "PSL", "LEVEL2_BLO": "B25", "LEVEL3_SUR": "20", "Surv_Sect": "20", "SHAPE_AREA": 325.40379915418811, "owner_count": 0, "owners_json": [ ], "top_operator": "", "top_owner": "", "max_propensity_score": 0, "field_name": "Unknown", "production_status": "none", "pdp_well_count": 0, "pud_well_count": 0, "well_count": 0, "permit_count": 0 }, "geometry": { "type": "Polygon", "coordinates": [ [ [ -102.523882985893223, 31.533754596799771 ], [ -102.52603821114765, 31.540283492623935 ], [ -102.50956296429969, 31.544170274267547 ], [ -102.507253596641718, 31.537061862595134 ], [ -102.523701593862299, 31.533289024112115 ], [ -102.523882985893223, 31.533754596799771 ] ] ] } },
{ "type": "Feature", "properties": { "ABSTRACT_L": "A-119", "ABSTRACT_N": "103119", "LEVEL1_SUR": "H&TC RR CO", "LEVEL2_BLO": "1", "LEVEL3_SUR": "37", "Surv_Sect": "37", "SHAPE_AREA": 667.78046542414643, "owner_count": 0, "owners_json": [ ], "top_operator": "", "top_owner": "", "max_propensity_score": 0, "field_name": "Unknown", "production_status": "none", "pdp_well_count": 0, "pud_well_count": 0, "well_count": 0, "permit_count": 0 }, "geometry": { "type": "Polygon", "coordinates": [ [ [ -102.46880788478515, 31.250140642201401 ], [ -102.468806409793729, 31.250142121704744 ], [ -102.462577908598263, 31.256375085401405 ], [ -102.461061740437003, 31.257880736235041 ], [ -102.456099604849442, 31.254107194510333 ], [ -102.45438144272876, 31.252755139654852 ], [ -102.457023928294404, 31.250140821341056 ], [ -102.476731825896749, 31.230636531575492 ], [ -102.476746507070018, 31.230806405924813 ], [ -102.47691937107021, 31.231400845656736 ], [ -102.477073237110844, 31.231681992647157 ], [ -102.477239806328598, 31.231913363677641 ], [ -102.477470459248195, 31.232023820519288 ], [ -102.477771144759174, 31.232057271807907 ], [ -102.478039987126238, 31.232112655724706 ], [ -102.478219200011239, 31.232123669022172 ], [ -102.478404752747537, 31.232162762818469 ], [ -102.478635314003071, 31.232361265139513 ], [ -102.478680258775341, 31.232487664846584 ], [ -102.478789250599192, 31.232675425966125 ], [ -102.47892410762536, 31.233269903189267 ], [ -102.479071596071677, 31.233490631683878 ], [ -102.479289220429607, 31.233562127055027 ], [ -102.479603057032904, 31.233562305078937 ], [ -102.479833451549354, 31.233540700980612 ], [ -102.480025523152449, 31.233568661872834 ], [ -102.480172674558304, 31.233623621941199 ], [ -102.480364903692745, 31.233734122226569 ], [ -102.480544321592632, 31.233844179929587 ], [ -102.480738354634767, 31.23393255110965 ], [ -102.480817416032025, 31.233988155286443 ], [ -102.480969563257673, 31.234013805385672 ], [ -102.481235945258462, 31.234008368301353 ], [ -102.481517713009993, 31.234038067203763 ], [ -102.481645826518971, 31.234115402110739 ], [ -102.481671910994208, 31.234346716843795 ], [ -102.481652682087372, 31.234468141640111 ], [ -102.481601742597945, 31.234693366887363 ], [ -102.481537972260284, 31.234902322664986 ], [ -102.481333787250605, 31.2354200672156 ], [ -102.481302111702675, 31.235662112483642 ], [ -102.481398385641555, 31.235898953149306 ], [ -102.481520430625693, 31.23600391884322 ], [ -102.481712196292122, 31.236020196490021 ], [ -102.481891728508941, 31.236042892294574 ], [ -102.48222501491783, 31.236021367543518 ], [ -102.482391339682195, 31.235983096652411 ], [ -102.482720466493845, 31.235859723668625 ], [ -102.482810258480072, 31.23583925699219 ], [ -102.482982652752938, 31.235791514026442 ], [ -102.4832226019697, 31.235711060179991 ], [ -102.46880788478515, 31.250140642201401 ] ] ] } },
{ "type": "Feature", "properties": { "ABSTRACT_L": "A-1190", "ABSTRACT_N": "1031190", "LEVEL1_SUR": "PSL", "LEVEL2_BLO": "B25", "LEVEL3_SUR": "21", "Surv_Sect": "21", "SHAPE_AREA": 661.97223940012339, "owner_count": 0, "owners_json": [ ], "top_operator": "", "top_owner": "", "max_propensity_score": 0, "field_name": "Unknown", "production_status": "none", "pdp_well_count": 0, "pud_well_count": 0, "well_count": 0, "permit_count": 0 }, "geometry": { "type": "Polygon", "coordinates": [ [ [ -102.500431986457372, 31.538592404748485 ], [ -102.500432082236458, 31.53859238226989 ], [ -102.507253596641718, 31.537061862595134 ], [ -102.50956296429969, 31.544170274267547 ], [ -102.511872318702515, 31.551277542023801 ], [ -102.500432147802911, 31.553953072278127 ], [ -102.500432115871405, 31.553953079770974 ], [ -102.495270606850497, 31.55515971593459 ], [ -102.490805821035536, 31.541076058788235 ], [ -102.49070264229556, 31.540774002192652 ], [ -102.500431986457372, 31.538592404748485 ] ] ] } },
{ "type": "Feature", "properties": { "ABSTRACT_L": "A-1191", "ABSTRACT_N": "1031191", "LEVEL1_SUR": "PSL", "LEVEL2_BLO": "B25", "LEVEL3_SUR": "22", "Surv_Sect": "22", "SHAPE_AREA": 631.43903329632553, "owner_count": 0, "owners_json": [ ], "top_operator": "", "top_owner": "", "max_propensity_score": 0, "field_name": "Unknown", "production_status": "none", "pdp_well_count": 0, "pud_well_count": 0, "well_count": 0, "permit_count": 0 }, "geometry": { "type": "Polygon", "coordinates": [ [ [ -102.474736387508969, 31.544896600109627 ], [ -102.490805821035536, 31.541076058788235 ], [ -102.495270606850497, 31.55515971593459 ], [ -102.479228980441135, 31.558930010386391 ], [ -102.476982596816114, 31.551913564963019 ], [ -102.474736387508969, 31.544896600109627 ] ] ] } },
{ "type": "Feature", "properties": { "ABSTRACT_L": "A-1192", "ABSTRACT_N": "1031192", "LEVEL1_SUR": "PSL", "LEVEL2_BLO": "B25", "LEVEL3_SUR": "23", "Surv_Sect": "23", "SHAPE_AREA": 323.61228821334652, "owner_count": 0, "owners_json": [ ], "top_operator": "", "top_owner": "", "max_propensity_score": 0, "field_name": "Unknown", "production_status": "none", "pdp_well_count": 0, "pud_well_count": 0, "well_count": 0, "permit_count": 0 }, "geometry": { "type": "Polygon", "coordinates": [ [ [ -102.476982596816114, 31.551913564963019 ], [ -102.479228980441135, 31.558930010386391 ], [ -102.462812772265764, 31.562799626183082 ], [ -102.460529866059844, 31.555737130875841 ], [ -102.476982596816114, 31.551913564963019 ] ] ] } },
{ "type": "Feature", "properties": { "ABSTRACT_L": "A-1193", "ABSTRACT_N": "1031193", "LEVEL1_SUR": "PSL", "LEVEL2_BLO": "B25", "LEVEL3_SUR": "24", "Surv_Sect": "24", "SHAPE_AREA": 638.60389389219802, "owner_count": 0, "owners_json": [ ], "top_operator": "", "top_owner": "", "max_propensity_score": 0, "field_name": "Unknown", "production_status": "none", "pdp_well_count": 0, "pud_well_count": 0, "well_count": 0, "permit_count": 0 }, "geometry": { "type": "Polygon", "coordinates": [ [ [ -102.458263534110586, 31.548724824930297 ], [ -102.460529866059844, 31.555737130875841 ], [ -102.462812772265764, 31.562799626183082 ], [ -102.446563996844077, 31.566654354304035 ], [ -102.442088830339756, 31.552593469688698 ], [ -102.458263534110586, 31.548724824930297 ] ] ] } },
{ "type": "Feature", "properties": { "ABSTRACT_L": "A-1194", "ABSTRACT_N": "1031194", "LEVEL1_SUR": "PSL", "LEVEL2_BLO": "B25", "LEVEL3_SUR": "25", "Surv_Sect": "25", "SHAPE_AREA": 664.83707930255139, "owner_count": 0, "owners_json": [ ], "top_operator": "", "top_owner": "", "max_propensity_score": 0, "field_name": "Unknown", "production_status": "none", "pdp_well_count": 0, "pud_well_count": 0, "well_count": 0, "permit_count": 0 }, "geometry": { "type": "Polygon", "coordinates": [ [ [ -102.453579921084255, 31.534046360527157 ], [ -102.453659547225399, 31.534295957055615 ], [ -102.458263534110586, 31.548724824930297 ], [ -102.442088830339756, 31.552593469688698 ], [ -102.43748524158066, 31.538091175153649 ], [ -102.437421319040496, 31.537889764500949 ], [ -102.450097641985295, 31.534874832944418 ], [ -102.453579921084255, 31.534046360527157 ] ] ] } },
{ "type": "Feature", "properties": { "ABSTRACT_L": "A-1195", "ABSTRACT_N": "1031195", "LEVEL1_SUR": "PSL", "LEVEL2_BLO": "B25", "LEVEL3_SUR": "26", "Surv_Sect": "26", "SHAPE_AREA": 518.87646640522485, "owner_count": 0, "owners_json": [ ], "top_operator": "", "top_owner": "", "max_propensity_score": 0, "field_name": "Unknown", "production_status": "none", "pdp_well_count": 0, "pud_well_count": 0, "well_count": 0, "permit_count": 0 }, "geometry": { "type": "Polygon", "coordinates": [ [ [ -102.466197614655556, 31.531043549713605 ], [ -102.47086530616302, 31.54579643988296 ], [ -102.458263534110586, 31.548724824930297 ], [ -102.453659547225399, 31.534295957055615 ], [ -102.453579921084255, 31.534046360527157 ], [ -102.466036424533172, 31.531081916286478 ], [ -102.466197614655556, 31.531043549713605 ] ] ] } },
{ "type": "Feature", "properties": { "ABSTRACT_L": "A-1196", "ABSTRACT_N": "1031196", "LEVEL1_SUR": "PSL", "LEVEL2_BLO": "B25", "LEVEL3_SUR": "26", "Surv_Sect": "26", "SHAPE_AREA": 159.61896886685201, "owner_count": 0, "owners_json": [ ], "top_operator": "", "top_owner": "", "max_propensity_score": 0, "field_name": "Unknown", "production_status": "none", "pdp_well_count": 0, "pud_well_count": 0, "well_count": 0, "permit_count": 0 }, "geometry": { "type": "Polygon", "coordinates": [ [ [ -102.47006174731348, 31.530123662609448 ], [ -102.470162320151971, 31.530441549136579 ], [ -102.474736387508969, 31.544896600109627 ], [ -102.47086530616302, 31.54579643988296 ], [ -102.466197614655556, 31.531043549713605 ], [ -102.47006174731348, 31.530123662609448 ] ] ] } },
{ "type": "Feature", "properties": { "ABSTRACT_L": "A-1197", "ABSTRACT_N": "1031197", "LEVEL1_SUR": "PSL", "LEVEL2_BLO": "B25", "LEVEL3_SUR": "27", "Surv_Sect": "27", "SHAPE_AREA": 663.75250781759507, "owner_count": 0, "owners_json": [ ], "top_operator": "", "top_owner": "", "max_propensity_score": 0, "field_name": "Unknown", "production_status": "none", "pdp_well_count": 0, "pud_well_count": 0, "well_count": 0, "permit_count": 0 }, "geometry": { "type": "Polygon", "coordinates": [ [ [ -102.486110333458015, 31.526301739808115 ], [ -102.486219274329343, 31.526645137585174 ], [ -102.490697981024482, 31.540760363085091 ], [ -102.49070264229556, 31.540774002192652 ], [ -102.490805821035536, 31.541076058788235 ], [ -102.474736387508969, 31.544896600109627 ], [ -102.470162320151971, 31.530441549136579 ], [ -102.47006174731348, 31.530123662609448 ], [ -102.482681433831644, 31.527118514630949 ], [ -102.486110333458015, 31.526301739808115 ] ] ] } },
{ "type": "Feature", "properties": { "ABSTRACT_L": "A-1198", "ABSTRACT_N": "1031198", "LEVEL1_SUR": "PSL", "LEVEL2_BLO": "B25", "LEVEL3_SUR": "28", "Surv_Sect": "28", "SHAPE_AREA": 672.61868069271009, "owner_count": 0, "owners_json": [ ], "top_operator": "", "top_owner": "", "max_propensity_score": 0, "field_name": "Unknown", "production_status": "none", "pdp_well_count": 0, "pud_well_count": 0, "well_count": 0, "permit_count": 0 }, "geometry": { "type": "Polygon", "coordinates": [ [ [ -102.50259313066654, 31.522373904796019 ], [ -102.507253596641718, 31.537061862595134 ], [ -102.500432082236458, 31.53859238226989 ], [ -102.500431986457372, 31.538592404748485 ], [ -102.49070264229556, 31.540774002192652 ], [ -102.490697981024482, 31.540760363085091 ], [ -102.486219274329343, 31.526645137585174 ], [ -102.486110333458015, 31.526301739808115 ], [ -102.499014971353688, 31.52322686493245 ], [ -102.50059552678853, 31.522850112068397 ], [ -102.500595622551714, 31.522850089589578 ], [ -102.502590234264773, 31.522374600292721 ], [ -102.50259313066654, 31.522373904796019 ] ] ] } },
{ "type": "Feature", "properties": { "ABSTRACT_L": "A-1199", "ABSTRACT_N": "1031199", "LEVEL1_SUR": "PSL", "LEVEL2_BLO": "B25", "LEVEL3_SUR": "29", "Surv_Sect": "29", "SHAPE_AREA": 675.81021458367377, "owner_count": 0, "owners_json": [ ], "top_operator": "", "top_owner": "", "max_propensity_score": 0, "field_name": "Unknown", "production_status": "none", "pdp_well_count": 0, "pud_well_count": 0, "well_count": 0, "permit_count": 0 }, "geometry": { "type": "Polygon", "coordinates": [ [ [ -102.518910929766449, 31.518482625350664 ], [ -102.523701593862299, 31.533289024112115 ], [ -102.507253596641718, 31.537061862595134 ], [ -102.50259313066654, 31.522373904796019 ], [ -102.515382707659853, 31.519324199977284 ], [ -102.518910929766449, 31.518482625350664 ] ] ] } },
{ "type": "Feature", "properties": { "ABSTRACT_L": "A-12", "ABSTRACT_N": "10312", "LEVEL1_SUR": "CCSD&RGNG RR CO", "LEVEL2_BLO": "F", "LEVEL3_SUR": "213", "Surv_Sect": "213", "SHAPE_AREA": 644.93877389172417, "owner_count": 0, "owners_json": [ ], "top_operator": "", "top_owner": "", "max_propensity_score": 0, "field_name": "Unknown", "production_status": "none", "pdp_well_count": 0, "pud_well_count": 0, "well_count": 0, "permit_count": 0 }, "geometry": { "type": "Polygon", "coordinates": [ [ [ -102.345551497476549, 31.378745234840085 ], [ -102.348671711378074, 31.388155813050638 ], [ -102.348676027479158, 31.388168940872376 ], [ -102.350127410298896, 31.392584397709886 ], [ -102.349555397704393, 31.392730595286213 ], [ -102.346212396520116, 31.393525393299395 ], [ -102.333691471065222, 31.396346497903455 ], [ -102.32902776726263, 31.382334369786591 ], [ -102.341518354143588, 31.379555491075109 ], [ -102.344873955638775, 31.378871670843505 ], [ -102.345551497476549, 31.378745234840085 ] ] ] } },
{ "type": "Feature", "properties": { "ABSTRACT_L": "A-120", "ABSTRACT_N": "103120", "LEVEL1_SUR": "H&TC RR CO", "LEVEL2_BLO": "1", "LEVEL3_SUR": "39", "Surv_Sect": "39", "SHAPE_AREA": 607.7956402910346, "owner_count": 0, "owners_json": [ ], "top_operator": "", "top_owner": "", "max_propensity_score": 0, "field_name": "Unknown", "production_status": "none", "pdp_well_count": 0, "pud_well_count": 0, "well_count": 0, "permit_count": 0 }, "geometry": { "type": "Polygon", "coordinates": [ [ [ -102.465555346857712, 31.219827688027202 ], [ -102.465340068269754, 31.220473794799215 ], [ -102.465269455904959, 31.220667052357904 ], [ -102.465289590748228, 31.220820205426094 ], [ -102.465290764132391, 31.220960327153993 ], [ -102.465372620984127, 31.221099936594385 ], [ -102.465632917711545, 31.221182362462898 ], [ -102.465859491484863, 31.221171324663615 ], [ -102.466037048112838, 31.221080555568147 ], [ -102.46613366080895, 31.220989519837271 ], [ -102.466202736416008, 31.220971873613561 ], [ -102.466451769692711, 31.220944427778505 ], [ -102.466611726215262, 31.220939315206856 ], [ -102.466745818354099, 31.221016557435409 ], [ -102.466822545677402, 31.22116573558251 ], [ -102.466726485521463, 31.221380802663383 ], [ -102.4665859030451, 31.221545816874638 ], [ -102.466374776884862, 31.221722493365956 ], [ -102.466214851021903, 31.22189819368614 ], [ -102.466144131232781, 31.222102459441036 ], [ -102.466163412060396, 31.222212837024564 ], [ -102.466252573568141, 31.222378287073568 ], [ -102.466354984122489, 31.222483640946411 ], [ -102.466482752114658, 31.222533482820644 ], [ -102.466655273222344, 31.222610680524983 ], [ -102.466827834670795, 31.222643847480732 ], [ -102.467140916892376, 31.222754814469397 ], [ -102.46738370819935, 31.222948288191461 ], [ -102.467550024486215, 31.223064116174253 ], [ -102.467907846362579, 31.223202430355581 ], [ -102.468086861420971, 31.223252669013856 ], [ -102.468444877457742, 31.223275417962704 ], [ -102.468521702407557, 31.223335859627518 ], [ -102.46855364480308, 31.223440499363758 ], [ -102.468502374627548, 31.22356185247801 ], [ -102.468208322681704, 31.223705033007093 ], [ -102.467818101075565, 31.223936029083692 ], [ -102.467651601556241, 31.224012804983083 ], [ -102.467382919858522, 31.224238730502364 ], [ -102.467267945266258, 31.224403944873188 ], [ -102.467062972541882, 31.224601828527337 ], [ -102.466743188120475, 31.224755814029702 ], [ -102.466544960578119, 31.224844198964735 ], [ -102.466321065100431, 31.224976407785903 ], [ -102.466180244354518, 31.225163437274801 ], [ -102.466071297721371, 31.225268004199453 ], [ -102.465892104749244, 31.225411053900281 ], [ -102.465732336782708, 31.225515901083874 ], [ -102.46558525302548, 31.225631512096349 ], [ -102.465482821822008, 31.22572494864443 ], [ -102.465458438115149, 31.22579032625147 ], [ -102.465338190415011, 31.225872037109934 ], [ -102.465293718157199, 31.225966996907591 ], [ -102.465305742566727, 31.226128097741853 ], [ -102.465347559982391, 31.226383844100265 ], [ -102.465354052247747, 31.226512941163797 ], [ -102.465398986264589, 31.226640026442851 ], [ -102.465552056790571, 31.226800132149194 ], [ -102.465712033845577, 31.226872060435348 ], [ -102.466025667681365, 31.226927303357339 ], [ -102.466601013029774, 31.227010574501282 ], [ -102.467016746936523, 31.227005401071647 ], [ -102.467215034150513, 31.227011250780055 ], [ -102.467553781144161, 31.227077711671321 ], [ -102.467797152012452, 31.227154925796967 ], [ -102.467950248998861, 31.227254496831797 ], [ -102.46807827323255, 31.227436400848802 ], [ -102.468154990032147, 31.227584890475509 ], [ -102.468225255261942, 31.227838745203385 ], [ -102.468316362030478, 31.228030198948925 ], [ -102.448468436315139, 31.247722686414743 ], [ -102.442184902182859, 31.243108983743937 ], [ -102.465555346857712, 31.219827688027202 ] ] ] } },
{ "type": "Feature", "properties": { "ABSTRACT_L": "A-1200", "ABSTRACT_N": "1031200", "LEVEL1_SUR": "PSL", "LEVEL2_BLO": "B26", "LEVEL3_SUR": "13", "Surv_Sect": "13", "SHAPE_AREA": 647.95204233704567, "owner_count": 0, "owners_json": [ ], "top_operator": "", "top_owner": "", "max_propensity_score": 0, "field_name": "Unknown", "production_status": "none", "pdp_well_count": 0, "pud_well_count": 0, "well_count": 0, "permit_count": 0 }, "geometry": { "type": "Polygon", "coordinates": [ [ [ -102.565504276413137, 31.553400537337364 ], [ -102.548987815523375, 31.557284486837943 ], [ -102.5447268940393, 31.543590489422833 ], [ -102.544578317678273, 31.543183570348578 ], [ -102.544569531869143, 31.543156230175235 ], [ -102.561099407836892, 31.539406625238136 ], [ -102.561302617269888, 31.540034729597505 ], [ -102.565504276413137, 31.553400537337364 ] ] ] } },
{ "type": "Feature", "properties": { "ABSTRACT_L": "A-1201", "ABSTRACT_N": "1031201", "LEVEL1_SUR": "PSL", "LEVEL2_BLO": "B26", "LEVEL3_SUR": "24", "Surv_Sect": "24", "SHAPE_AREA": 644.45481230381813, "owner_count": 0, "owners_json": [ ], "top_operator": "", "top_owner": "", "max_propensity_score": 0, "field_name": "Unknown", "production_status": "none", "pdp_well_count": 0, "pud_well_count": 0, "well_count": 0, "permit_count": 0 }, "geometry": { "type": "Polygon", "coordinates": [ [ [ -102.556566461313423, 31.525364157821418 ], [ -102.561033297494689, 31.539202954429872 ], [ -102.561099407836892, 31.539406625238136 ], [ -102.544569531869143, 31.543156230175235 ], [ -102.540264437184135, 31.529758075457185 ], [ -102.540086523387004, 31.529259454425585 ], [ -102.556566461313423, 31.525364157821418 ] ] ] } },
{ "type": "Feature", "properties": { "ABSTRACT_L": "A-1202", "ABSTRACT_N": "1031202", "LEVEL1_SUR": "T&P RR CO", "LEVEL2_BLO": "43 T4S", "LEVEL3_SUR": "28", "Surv_Sect": "28", "SHAPE_AREA": 667.68164902951912, "owner_count": 0, "owners_json": [ ], "top_operator": "", "top_owner": "", "max_propensity_score": 0, "field_name": "Unknown", "production_status": "none", "pdp_well_count": 0, "pud_well_count": 0, "well_count": 0, "permit_count": 0 }, "geometry": { "type": "Polygon", "coordinates": [ [ [ -102.411195555118212, 31.575002442166756 ], [ -102.41557997782725, 31.588682127784839 ], [ -102.399197918069973, 31.59275403528731 ], [ -102.394494245347971, 31.578085238102599 ], [ -102.410966696779994, 31.574324409250089 ], [ -102.411195555118212, 31.575002442166756 ] ] ] } },
{ "type": "Feature", "properties": { "ABSTRACT_L": "A-1203", "ABSTRACT_N": "1031203", "LEVEL1_SUR": "H&TC RR CO", "LEVEL2_BLO": "4", "LEVEL3_SUR": "12", "Surv_Sect": "12", "SHAPE_AREA": 639.95984655989514, "owner_count": 0, "owners_json": [ ], "top_operator": "", "top_owner": "", "max_propensity_score": 0, "field_name": "Unknown", "production_status": "none", "pdp_well_count": 0, "pud_well_count": 0, "well_count": 0, "permit_count": 0 }, "geometry": { "type": "Polygon", "coordinates": [ [ [ -102.701428012814318, 31.376725782697978 ], [ -102.699337020404187, 31.375137738548773 ], [ -102.688850375301939, 31.367173571161675 ], [ -102.699906935203884, 31.356166183032265 ], [ -102.712628574537391, 31.365746658174761 ], [ -102.703048643508396, 31.375137425086479 ], [ -102.701428012814318, 31.376725782697978 ] ] ] } },
{ "type": "Feature", "properties": { "ABSTRACT_L": "A-1204", "ABSTRACT_N": "1031204", "LEVEL1_SUR": "H&TC RR CO", "LEVEL2_BLO": "4", "LEVEL3_SUR": "14", "Surv_Sect": "14", "SHAPE_AREA": 640.51881524156408, "owner_count": 0, "owners_json": [ ], "top_operator": "", "top_owner": "", "max_propensity_score": 0, "field_name": "Unknown", "production_status": "none", "pdp_well_count": 0, "pud_well_count": 0, "well_count": 0, "permit_count": 0 }, "geometry": { "type": "Polygon", "coordinates": [ [ [ -102.725656794845207, 31.37544536066908 ], [ -102.738568882580907, 31.385011784408864 ], [ -102.727604225323418, 31.395986755439004 ], [ -102.714784015089336, 31.386547342411067 ], [ -102.725656794845207, 31.37544536066908 ] ] ] } },
{ "type": "Feature", "properties": { "ABSTRACT_L": "A-1205", "ABSTRACT_N": "1031205", "LEVEL1_SUR": "PSL", "LEVEL2_BLO": "B21", "LEVEL3_SUR": "23", "Surv_Sect": "23", "SHAPE_AREA": 647.30778548435001, "owner_count": 0, "owners_json": [ ], "top_operator": "", "top_owner": "", "max_propensity_score": 0, "field_name": "Unknown", "production_status": "none", "pdp_well_count": 0, "pud_well_count": 0, "well_count": 0, "permit_count": 0 }, "geometry": { "type": "Polygon", "coordinates": [ [ [ -102.682514169209568, 31.480437487061369 ], [ -102.687021771069382, 31.494645816837338 ], [ -102.670717025602997, 31.498436080726211 ], [ -102.666175693989146, 31.484294674604349 ], [ -102.682514169209568, 31.480437487061369 ] ] ] } },
{ "type": "Feature", "properties": { "ABSTRACT_L": "A-1206", "ABSTRACT_N": "1031206", "LEVEL1_SUR": "PSL", "LEVEL2_BLO": "B27", "LEVEL3_SUR": "14", "Surv_Sect": "14", "SHAPE_AREA": 637.62017243243213, "owner_count": 0, "owners_json": [ ], "top_operator": "", "top_owner": "", "max_propensity_score": 0, "field_name": "Unknown", "production_status": "none", "pdp_well_count": 0, "pud_well_count": 0, "well_count": 0, "permit_count": 0 }, "geometry": { "type": "Polygon", "coordinates": [ [ [ -102.68985602992943, 31.448145182083049 ], [ -102.673471133643005, 31.452015317219136 ], [ -102.669019545212535, 31.438043951586337 ], [ -102.68540174031402, 31.434300256931763 ], [ -102.68985602992943, 31.448145182083049 ] ] ] } },
{ "type": "Feature", "properties": { "ABSTRACT_L": "A-1207", "ABSTRACT_N": "1031207", "LEVEL1_SUR": "PSL", "LEVEL2_BLO": "B27", "LEVEL3_SUR": "15", "Surv_Sect": "15", "SHAPE_AREA": 638.42441677794818, "owner_count": 0, "owners_json": [ ], "top_operator": "", "top_owner": "", "max_propensity_score": 0, "field_name": "Unknown", "production_status": "none", "pdp_well_count": 0, "pud_well_count": 0, "well_count": 0, "permit_count": 0 }, "geometry": { "type": "Polygon", "coordinates": [ [ [ -102.706272430613836, 31.444370623837944 ], [ -102.68985602992943, 31.448145182083049 ], [ -102.68540174031402, 31.434300256931763 ], [ -102.701816352040339, 31.430427187636237 ], [ -102.706272430613836, 31.444370623837944 ] ] ] } },
{ "type": "Feature", "properties": { "ABSTRACT_L": "A-1208", "ABSTRACT_N": "1031208", "LEVEL1_SUR": "H&TC RR CO", "LEVEL2_BLO": "2", "LEVEL3_SUR": "20", "Surv_Sect": "20", "SHAPE_AREA": 691.431554747277, "owner_count": 0, "owners_json": [ ], "top_operator": "", "top_owner": "", "max_propensity_score": 0, "field_name": "Unknown", "production_status": "none", "pdp_well_count": 0, "pud_well_count": 0, "well_count": 0, "permit_count": 0 }, "geometry": { "type": "Polygon", "coordinates": [ [ [ -102.546081815338383, 31.336570626326807 ], [ -102.562592479541408, 31.336628664818974 ], [ -102.56258250570616, 31.336638643353382 ], [ -102.56159991617838, 31.337621067338684 ], [ -102.550592496081435, 31.348631964484316 ], [ -102.54916511697671, 31.350059824199718 ], [ -102.547666409991677, 31.351535148125706 ], [ -102.546705551635441, 31.352517015214481 ], [ -102.543114408637663, 31.356188432528171 ], [ -102.533591716809994, 31.349173226847334 ], [ -102.546081815338383, 31.336570626326807 ] ] ] } },
{ "type": "Feature", "properties": { "ABSTRACT_L": "A-1209", "ABSTRACT_N": "1031209", "LEVEL1_SUR": "PSL", "LEVEL2_BLO": "B28", "LEVEL3_SUR": "16", "Surv_Sect": "16", "SHAPE_AREA": 64.043346934329549, "owner_count": 0, "owners_json": [ ], "top_operator": "", "top_owner": "", "max_propensity_score": 0, "field_name": "Unknown", "production_status": "none", "pdp_well_count": 0, "pud_well_count": 0, "well_count": 0, "permit_count": 0 }, "geometry": { "type": "Polygon", "coordinates": [ [ [ -102.763778088025632, 31.400571541796928 ], [ -102.767532180834579, 31.39969208212813 ], [ -102.767519453341663, 31.412789299586812 ], [ -102.763778088025632, 31.400571541796928 ] ] ] } },
{ "type": "Feature", "properties": { "ABSTRACT_L": "A-121", "ABSTRACT_N": "103121", "LEVEL1_SUR": "H&TC RR CO", "LEVEL2_BLO": "2", "LEVEL3_SUR": "1", "Surv_Sect": "1", "SHAPE_AREA": 659.95544534260898, "owner_count": 0, "owners_json": [ ], "top_operator": "", "top_owner": "", "max_propensity_score": 0, "field_name": "Unknown", "production_status": "none", "pdp_well_count": 0, "pud_well_count": 0, "well_count": 0, "permit_count": 0 }, "geometry": { "type": "Polygon", "coordinates": [ [ [ -102.47660930109835, 31.287289059651709 ], [ -102.465324644397782, 31.298693585690838 ], [ -102.452535476114193, 31.289073415275379 ], [ -102.463724037454725, 31.27779493794322 ], [ -102.47660930109835, 31.287289059651709 ] ] ] } },
{ "type": "Feature", "properties": { "ABSTRACT_L": "A-1210", "ABSTRACT_N": "1031210", "LEVEL1_SUR": "PSL", "LEVEL2_BLO": "B28", "LEVEL3_SUR": "17", "Surv_Sect": "17", "SHAPE_AREA": 241.36255372892904, "owner_count": 0, "owners_json": [ ], "top_operator": "", "top_owner": "", "max_propensity_score": 0, "field_name": "Unknown", "production_status": "none", "pdp_well_count": 0, "pud_well_count": 0, "well_count": 0, "permit_count": 0 }, "geometry": { "type": "Polygon", "coordinates": [ [ [ -102.763778088025632, 31.400571541796928 ], [ -102.762596554649974, 31.396924535721123 ], [ -102.760678440152788, 31.391003302593401 ], [ -102.759278194324864, 31.386680242695039 ], [ -102.759781628449318, 31.386163244348541 ], [ -102.76754699047116, 31.384452236209462 ], [ -102.767532180834579, 31.39969208212813 ], [ -102.763778088025632, 31.400571541796928 ] ] ] } },
{ "type": "Feature", "properties": { "ABSTRACT_L": "A-1211", "ABSTRACT_N": "1031211", "LEVEL1_SUR": "PSL", "LEVEL2_BLO": "B28", "LEVEL3_SUR": "23", "Surv_Sect": "23", "SHAPE_AREA": 60.686020030763061, "owner_count": 0, "owners_json": [ ], "top_operator": "", "top_owner": "", "max_propensity_score": 0, "field_name": "Unknown", "production_status": "none", "pdp_well_count": 0, "pud_well_count": 0, "well_count": 0, "permit_count": 0 }, "geometry": { "type": "Polygon", "coordinates": [ [ [ -102.759781628449318, 31.386163244348541 ], [ -102.762628326375932, 31.38337244344682 ], [ -102.767550928525836, 31.378402756457032 ], [ -102.767552789644199, 31.378484601348472 ], [ -102.76754699047116, 31.384452236209462 ], [ -102.759781628449318, 31.386163244348541 ] ] ] } },
{ "type": "Feature", "properties": { "ABSTRACT_L": "A-1212", "ABSTRACT_N": "1031212", "LEVEL1_SUR": "PSL", "LEVEL2_BLO": "B14", "LEVEL3_SUR": "32", "Surv_Sect": "32", "SHAPE_AREA": 251.93873362820722, "owner_count": 0, "owners_json": [ ], "top_operator": "", "top_owner": "", "max_propensity_score": 0, "field_name": "Unknown", "production_status": "none", "pdp_well_count": 0, "pud_well_count": 0, "well_count": 0, "permit_count": 0 }, "geometry": { "type": "Polygon", "coordinates": [ [ [ -102.756166864352778, 31.645623819836445 ], [ -102.759335589616512, 31.643824677217033 ], [ -102.767514858016497, 31.639022915129576 ], [ -102.767529839335708, 31.651347821282542 ], [ -102.758021133482885, 31.651346922255001 ], [ -102.756166864352778, 31.645623819836445 ] ] ] } },
{ "type": "Feature", "properties": { "ABSTRACT_L": "A-1213", "ABSTRACT_N": "1031213", "LEVEL1_SUR": "PSL", "LEVEL2_BLO": "B18", "LEVEL3_SUR": "1", "Surv_Sect": "1", "SHAPE_AREA": 15.871207957167417, "owner_count": 0, "owners_json": [ ], "top_operator": "", "top_owner": "", "max_propensity_score": 0, "field_name": "Unknown", "production_status": "none", "pdp_well_count": 0, "pud_well_count": 0, "well_count": 0, "permit_count": 0 }, "geometry": { "type": "Polygon", "coordinates": [ [ [ -102.765620944603157, 31.627549329905886 ], [ -102.767500385236374, 31.627115089813575 ], [ -102.767508280210563, 31.633610511296812 ], [ -102.765620944603157, 31.627549329905886 ] ] ] } },
{ "type": "Feature", "properties": { "ABSTRACT_L": "A-1214", "ABSTRACT_N": "1031214", "LEVEL1_SUR": "PSL", "LEVEL2_BLO": "B14", "LEVEL3_SUR": "31", "Surv_Sect": "31", "SHAPE_AREA": 86.30032576991637, "owner_count": 0, "owners_json": [ ], "top_operator": "", "top_owner": "", "max_propensity_score": 0, "field_name": "Unknown", "production_status": "none", "pdp_well_count": 0, "pud_well_count": 0, "well_count": 0, "permit_count": 0 }, "geometry": { "type": "Polygon", "coordinates": [ [ [ -102.750439615124591, 31.648986162847379 ], [ -102.750439717798528, 31.648986098771655 ], [ -102.756166864352778, 31.645623819836445 ], [ -102.758021133482885, 31.651346922255001 ], [ -102.751432652745819, 31.65134629932842 ], [ -102.750439647815739, 31.651347373419096 ], [ -102.746412527541167, 31.651350236884731 ], [ -102.750439615124591, 31.648986162847379 ] ] ] } },
{ "type": "Feature", "properties": { "ABSTRACT_L": "A-1215", "ABSTRACT_N": "1031215", "LEVEL1_SUR": "COWDEN, J M", "LEVEL2_BLO": "JC", "LEVEL3_SUR": "10", "Surv_Sect": "10", "SHAPE_AREA": 178.41826980398196, "owner_count": 0, "owners_json": [ ], "top_operator": "", "top_owner": "", "max_propensity_score": 0, "field_name": "Unknown", "production_status": "none", "pdp_well_count": 0, "pud_well_count": 0, "well_count": 0, "permit_count": 0 }, "geometry": { "type": "Polygon", "coordinates": [ [ [ -102.314926719826303, 31.444891713127632 ], [ -102.331095956416021, 31.441040019483555 ], [ -102.347308593121454, 31.437138410245502 ], [ -102.347308975974144, 31.437138320780221 ], [ -102.359894857648655, 31.43410788053086 ], [ -102.360310289852393, 31.434007824704619 ], [ -102.360786056362514, 31.435529506788193 ], [ -102.348040388430761, 31.43850452757102 ], [ -102.331730460600653, 31.442347768874484 ], [ -102.315397656428416, 31.446194037760765 ], [ -102.314932442791843, 31.446303560072632 ], [ -102.314897498155005, 31.444898733525317 ], [ -102.314926719826303, 31.444891713127632 ] ] ] } },
{ "type": "Feature", "properties": { "ABSTRACT_L": "A-1216", "ABSTRACT_N": "1031216", "LEVEL1_SUR": "H&TC RR CO", "LEVEL2_BLO": "2", "LEVEL3_SUR": "16", "Surv_Sect": "16", "SHAPE_AREA": 312.67689794307461, "owner_count": 0, "owners_json": [ ], "top_operator": "", "top_owner": "", "max_propensity_score": 0, "field_name": "Unknown", "production_status": "none", "pdp_well_count": 0, "pud_well_count": 0, "well_count": 0, "permit_count": 0 }, "geometry": { "type": "Polygon", "coordinates": [ [ [ -102.531497815616447, 31.299708913127571 ], [ -102.531218931802215, 31.314402476713457 ], [ -102.514821043137786, 31.316207927384824 ], [ -102.52585557628575, 31.30533083748691 ], [ -102.531497815616447, 31.299708913127571 ] ] ] } },
{ "type": "Feature", "properties": { "ABSTRACT_L": "A-1217", "ABSTRACT_N": "1031217", "LEVEL1_SUR": "CCSD&RGNG RR CO", "LEVEL2_BLO": "X", "LEVEL3_SUR": "6", "Surv_Sect": "6", "SHAPE_AREA": 645.88277683667377, "owner_count": 0, "owners_json": [ ], "top_operator": "", "top_owner": "", "max_propensity_score": 0, "field_name": "Unknown", "production_status": "none", "pdp_well_count": 0, "pud_well_count": 0, "well_count": 0, "permit_count": 0 }, "geometry": { "type": "Polygon", "coordinates": [ [ [ -102.361561346520759, 31.375139258073332 ], [ -102.369713578572245, 31.373265419250639 ], [ -102.370320076038396, 31.37513826535454 ], [ -102.374243142645938, 31.387253226178636 ], [ -102.357862545201613, 31.391154291257241 ], [ -102.356259872713622, 31.38625867962703 ], [ -102.355607726532725, 31.384184388970979 ], [ -102.35332825848603, 31.377030553093643 ], [ -102.361561346520759, 31.375139258073332 ] ] ] } },
{ "type": "Feature", "properties": { "ABSTRACT_L": "A-1218", "ABSTRACT_N": "1031218", "LEVEL1_SUR": "H&TC RR CO", "LEVEL2_BLO": "1", "LEVEL3_SUR": "2", "Surv_Sect": "2", "SHAPE_AREA": 648.51308956415858, "owner_count": 0, "owners_json": [ ], "top_operator": "", "top_owner": "", "max_propensity_score": 0, "field_name": "Unknown", "production_status": "none", "pdp_well_count": 0, "pud_well_count": 0, "well_count": 0, "permit_count": 0 }, "geometry": { "type": "Polygon", "coordinates": [ [ [ -102.490346457788263, 31.239956947466712 ], [ -102.490434988582436, 31.240089183671305 ], [ -102.490550833683443, 31.240292624036353 ], [ -102.490660296029617, 31.24049688186382 ], [ -102.490795643724425, 31.240772171786443 ], [ -102.490975859819528, 31.240926910745006 ], [ -102.491251566391952, 31.240998644217782 ], [ -102.491520916867273, 31.241026476556499 ], [ -102.491815342522003, 31.240927259694132 ], [ -102.492020074262285, 31.240811884868567 ], [ -102.492237244686947, 31.240652247265313 ], [ -102.492403761441935, 31.240575439871506 ], [ -102.49271121768345, 31.240515177900843 ], [ -102.492909896156945, 31.240504472662344 ], [ -102.493294250326898, 31.240460612432891 ], [ -102.49349297972627, 31.240482234657634 ], [ -102.493685394926572, 31.240537683297067 ], [ -102.493826919923293, 31.240636759455725 ], [ -102.493935994742117, 31.240780490570526 ], [ -102.494052066030932, 31.240961912104165 ], [ -102.494046670121705, 31.241303881673641 ], [ -102.493983973834759, 31.241689602581943 ], [ -102.494029751036578, 31.241937725152152 ], [ -102.494235223905562, 31.24204795005835 ], [ -102.494420966968647, 31.242108348120073 ], [ -102.494620218245728, 31.242180172271389 ], [ -102.49491505319682, 31.242202691420356 ], [ -102.495203037963876, 31.242208145505046 ], [ -102.495363719661682, 31.242274521365257 ], [ -102.495447191748596, 31.242373339320906 ], [ -102.495473533466424, 31.242522096691765 ], [ -102.495474021594134, 31.242753207666848 ], [ -102.495456832990641, 31.243254994604417 ], [ -102.495502032142042, 31.243481116337676 ], [ -102.495630856875508, 31.24369049275321 ], [ -102.495765956079509, 31.243773182153976 ], [ -102.496022164427586, 31.243833588035084 ], [ -102.496182340360988, 31.243850446881556 ], [ -102.49654125001301, 31.243949454650828 ], [ -102.496816907287609, 31.243988160223669 ], [ -102.497003175032418, 31.24409875131219 ], [ -102.4971441962265, 31.244208846262463 ], [ -102.497125894832877, 31.244379788204352 ], [ -102.497023832136279, 31.244517265340402 ], [ -102.49683160113338, 31.244605580328969 ], [ -102.496428475675103, 31.244742673629517 ], [ -102.496249081629173, 31.244786717218297 ], [ -102.496057350373107, 31.244924547166669 ], [ -102.496038903209254, 31.245089988834138 ], [ -102.496064916432076, 31.245271769542079 ], [ -102.496109970065433, 31.2454318594495 ], [ -102.496135584947524, 31.245461404219576 ], [ -102.491327441186655, 31.250140773969701 ], [ -102.491326262212453, 31.250141924746266 ], [ -102.474814263166067, 31.266206384287763 ], [ -102.474178839223498, 31.265742536279308 ], [ -102.468701029455545, 31.261525339342331 ], [ -102.468468738347198, 31.261336482608872 ], [ -102.468760908330964, 31.26102275358393 ], [ -102.479911807248982, 31.250142378237463 ], [ -102.479913439263285, 31.250140785539077 ], [ -102.490346457788263, 31.239956947466712 ] ] ] } },
{ "type": "Feature", "properties": { "ABSTRACT_L": "A-1219", "ABSTRACT_N": "1031219", "LEVEL1_SUR": "H&TC RR CO", "LEVEL2_BLO": "1", "LEVEL3_SUR": "38", "Surv_Sect": "38", "SHAPE_AREA": 641.38991701848488, "owner_count": 0, "owners_json": [ ], "top_operator": "", "top_owner": "", "max_propensity_score": 0, "field_name": "Unknown", "production_status": "none", "pdp_well_count": 0, "pud_well_count": 0, "well_count": 0, "permit_count": 0 }, "geometry": { "type": "Polygon", "coordinates": [ [ [ -102.47267698495439, 31.226918708103081 ], [ -102.47292654775903, 31.226957274318234 ], [ -102.473073364649963, 31.227045953681628 ], [ -102.473182304754246, 31.227155992500695 ], [ -102.47325245893073, 31.227343812566673 ], [ -102.473297349581813, 31.227591271190981 ], [ -102.473310007203111, 31.227861357286216 ], [ -102.473291130801726, 31.228456033791325 ], [ -102.473361259953791, 31.228704385695853 ], [ -102.473521157025516, 31.228880172468219 ], [ -102.473630187710484, 31.229023914195757 ], [ -102.473707118993275, 31.22921091658089 ], [ -102.4738156616406, 31.229519760124813 ], [ -102.473937157030662, 31.229696280472002 ], [ -102.474295795259948, 31.229833873975917 ], [ -102.47485227266489, 31.229730372384282 ], [ -102.47520413535625, 31.229669990016472 ], [ -102.475485306240103, 31.229554554636888 ], [ -102.475715636951264, 31.229499934859206 ], [ -102.476016275417663, 31.229439842340454 ], [ -102.476476883617579, 31.229374624367701 ], [ -102.476636756560282, 31.229396327726207 ], [ -102.476720231919955, 31.229435313770786 ], [ -102.476905766637103, 31.229672513004957 ], [ -102.476880043022632, 31.22976036327923 ], [ -102.47673956838004, 31.230051958936581 ], [ -102.476720472296662, 31.230316461735505 ], [ -102.476731825896749, 31.230636531575492 ], [ -102.457023928294404, 31.250140821341056 ], [ -102.45438144272876, 31.252755139654852 ], [ -102.453682817134265, 31.253454859635749 ], [ -102.450659438368731, 31.251221591470408 ], [ -102.449165759156188, 31.250141734650168 ], [ -102.449164568222656, 31.25014087673518 ], [ -102.447329495242499, 31.248814521866667 ], [ -102.448468436315139, 31.247722686414743 ], [ -102.468316362030478, 31.228030198948925 ], [ -102.468372199520445, 31.228147541575709 ], [ -102.468499907570731, 31.22830194381563 ], [ -102.46867416084207, 31.228373527399597 ], [ -102.468768534670573, 31.228358306959148 ], [ -102.468979796287996, 31.228423481782869 ], [ -102.469158853631825, 31.228351967625752 ], [ -102.469229405629022, 31.228263951490693 ], [ -102.469386925435231, 31.228085081411564 ], [ -102.469613038022004, 31.227994557409044 ], [ -102.469792289090819, 31.227961558640665 ], [ -102.470003440453993, 31.228000175739759 ], [ -102.470150506094527, 31.228083350772703 ], [ -102.470322843187773, 31.228199060369853 ], [ -102.470495749473415, 31.228336770302338 ], [ -102.470712988136569, 31.228486015040865 ], [ -102.470930594845953, 31.228557524545426 ], [ -102.471275837448019, 31.228657549919991 ], [ -102.471499934366577, 31.22870142025403 ], [ -102.471807122202762, 31.228784981451852 ], [ -102.472005272141686, 31.228801144375332 ], [ -102.472184291939342, 31.22877433744604 ], [ -102.472325060545387, 31.228631325313458 ], [ -102.4723572540003, 31.228377571904154 ], [ -102.472357211091392, 31.228284024128996 ], [ -102.472312229884622, 31.227711210446628 ], [ -102.472257447764335, 31.227525311145275 ], [ -102.472206874816436, 31.227114404642109 ], [ -102.472206754410621, 31.227113411530443 ], [ -102.472267429279768, 31.227022833176378 ], [ -102.472393851141419, 31.226922078401799 ], [ -102.472493971739098, 31.226897366713899 ], [ -102.47267698495439, 31.226918708103081 ] ] ] } },
{ "type": "Feature", "properties": { "ABSTRACT_L": "A-122", "ABSTRACT_N": "103122", "LEVEL1_SUR": "H&TC RR CO", "LEVEL2_BLO": "2", "LEVEL3_SUR": "3", "Surv_Sect": "3", "SHAPE_AREA": 639.01262939166043, "owner_count": 0, "owners_json": [ ], "top_operator": "", "top_owner": "", "max_propensity_score": 0, "field_name": "Unknown", "production_status": "none", "pdp_well_count": 0, "pud_well_count": 0, "well_count": 0, "permit_count": 0 }, "geometry": { "type": "Polygon", "coordinates": [ [ [ -102.47825063431354, 31.308144819013084 ], [ -102.467112729109473, 31.319068541340116 ], [ -102.454336534827249, 31.309692478429128 ], [ -102.465324644397782, 31.298693585690838 ], [ -102.47825063431354, 31.308144819013084 ] ] ] } },
{ "type": "Feature", "properties": { "ABSTRACT_L": "A-1220", "ABSTRACT_N": "1031220", "LEVEL1_SUR": "H&TC RR CO", "LEVEL2_BLO": "1", "LEVEL3_SUR": "40", "Surv_Sect": "40", "SHAPE_AREA": 667.35807197466261, "owner_count": 0, "owners_json": [ ], "top_operator": "", "top_owner": "", "max_propensity_score": 0, "field_name": "Unknown", "production_status": "none", "pdp_well_count": 0, "pud_well_count": 0, "well_count": 0, "permit_count": 0 }, "geometry": { "type": "Polygon", "coordinates": [ [ [ -102.468445565324146, 31.220528603086535 ], [ -102.468274269679867, 31.220461887992574 ], [ -102.468031341588187, 31.220401175112436 ], [ -102.467833161656884, 31.220306584311359 ], [ -102.467692643731837, 31.220212964031617 ], [ -102.467513480427996, 31.220080184785523 ], [ -102.467251766462979, 31.219820349904932 ], [ -102.467085628537887, 31.219665310268926 ], [ -102.466881409173382, 31.219538510746858 ], [ -102.466702543666926, 31.219493770536872 ], [ -102.466363948342135, 31.219432119943573 ], [ -102.465878028523747, 31.219415242276323 ], [ -102.465737519232022, 31.219475699892314 ], [ -102.465654338157947, 31.219585966451486 ], [ -102.465583766335769, 31.21973451960012 ], [ -102.465555346857712, 31.219827688027202 ], [ -102.442184902182859, 31.243108983743937 ], [ -102.438439712808261, 31.246761232024969 ], [ -102.432107407473396, 31.242017964754261 ], [ -102.435804351504245, 31.238386752474476 ], [ -102.439697401624727, 31.234510444975246 ], [ -102.445156948449679, 31.229073646398142 ], [ -102.453531655225902, 31.220873182310161 ], [ -102.453731918530664, 31.221036974184113 ], [ -102.453885587649808, 31.221175070606471 ], [ -102.454096242125559, 31.221411825226017 ], [ -102.454172785053458, 31.221539002599869 ], [ -102.454332676256371, 31.221732008965635 ], [ -102.454537032925415, 31.221864328242798 ], [ -102.454799504682299, 31.221969413099423 ], [ -102.454984642318422, 31.222024368561961 ], [ -102.455231733848692, 31.222078464688511 ], [ -102.455364751607448, 31.222185227313776 ], [ -102.455516972777914, 31.222323500646702 ], [ -102.455677609861851, 31.222521079238938 ], [ -102.455694197236681, 31.222592831120235 ], [ -102.455693938385295, 31.222829458459135 ], [ -102.455629270768071, 31.223299122354806 ], [ -102.455609779006181, 31.223519606089479 ], [ -102.455737257392514, 31.223712537973007 ], [ -102.455877854056325, 31.223778655311474 ], [ -102.456070157690661, 31.223801144056115 ], [ -102.45627461464322, 31.223767685508175 ], [ -102.456454339428561, 31.223552414325123 ], [ -102.456511912624933, 31.223364912454986 ], [ -102.456633696807359, 31.22319957865491 ], [ -102.456742845104358, 31.222901728416115 ], [ -102.456928280011411, 31.222752375376775 ], [ -102.457107331495621, 31.222757917764451 ], [ -102.457235244631406, 31.22281327565139 ], [ -102.457344193950462, 31.222939835836897 ], [ -102.457446276146911, 31.223094728443705 ], [ -102.457529104067788, 31.223309830114058 ], [ -102.457586313662688, 31.223524730411459 ], [ -102.457643803584645, 31.223657770489332 ], [ -102.457828910098314, 31.223773253877102 ], [ -102.457963426897948, 31.223789958821985 ], [ -102.458097924966978, 31.223651896369091 ], [ -102.458142808146235, 31.223530668958997 ], [ -102.458181400024912, 31.223398555341927 ], [ -102.458277724206994, 31.222946179702095 ], [ -102.458329182987626, 31.22278561947391 ], [ -102.458425320370239, 31.22260357471308 ], [ -102.45857283569589, 31.222427432279918 ], [ -102.45882868771362, 31.222261612550515 ], [ -102.458988731255673, 31.222228993541535 ], [ -102.459250970216772, 31.222201310725222 ], [ -102.459417160822312, 31.222251117134064 ], [ -102.45958327310845, 31.222405479005424 ], [ -102.459685533759753, 31.222521158712048 ], [ -102.459845114877581, 31.222670829405232 ], [ -102.460113809788666, 31.222814298404494 ], [ -102.460375765205782, 31.222852652952987 ], [ -102.460612337557578, 31.222869478233978 ], [ -102.460823701984339, 31.222732014733186 ], [ -102.460913341338582, 31.222654645809829 ], [ -102.460952029222099, 31.222433795928485 ], [ -102.460958339854088, 31.222307110286945 ], [ -102.460945749607959, 31.222130570560651 ], [ -102.460952268001293, 31.221981181687735 ], [ -102.461010114704251, 31.221804678072406 ], [ -102.461031519064136, 31.221788812371155 ], [ -102.461308792655814, 31.22173465827089 ], [ -102.461438601558385, 31.221782771022536 ], [ -102.461655978462147, 31.221876999450988 ], [ -102.461950034196391, 31.221949132961793 ], [ -102.462026820890884, 31.221993070564242 ], [ -102.462231206129928, 31.221987805977122 ], [ -102.462557364486059, 31.222032500849654 ], [ -102.462851512180862, 31.222092937013361 ], [ -102.463023929620036, 31.222120608886854 ], [ -102.463139495335128, 31.222096163854502 ], [ -102.463177579343082, 31.222088106365462 ], [ -102.463177811227496, 31.222004871252622 ], [ -102.463221858884424, 31.221770480911104 ], [ -102.463230112832022, 31.221767727463675 ], [ -102.463225315485118, 31.22175829884279 ], [ -102.463274186673758, 31.221586195300766 ], [ -102.463190923331638, 31.221508676718273 ], [ -102.463058353329046, 31.22143015686202 ], [ -102.4629687477684, 31.221254058245322 ], [ -102.462532091490871, 31.220811425476672 ], [ -102.462494855263955, 31.220768033498068 ], [ -102.462392676337601, 31.220624833218814 ], [ -102.462322781590288, 31.220414991122357 ], [ -102.462329097692006, 31.220304125931186 ], [ -102.462325304657639, 31.220281168928057 ], [ -102.462616983075108, 31.218998520044828 ], [ -102.462663324923639, 31.218935801108994 ], [ -102.462765683782308, 31.21888570296198 ], [ -102.463027930195736, 31.218858699992655 ], [ -102.463200341852058, 31.218886371650882 ], [ -102.46339209559892, 31.218903356993565 ], [ -102.463590357961081, 31.218909219293206 ], [ -102.463865203481987, 31.218843454722684 ], [ -102.463999719488001, 31.218721893933164 ], [ -102.464108434615611, 31.218562297418945 ], [ -102.464172673323631, 31.218385670382435 ], [ -102.464243110938099, 31.218170405215357 ], [ -102.464415873559247, 31.217949751896558 ], [ -102.464575657820532, 31.217922633574933 ], [ -102.464843875488654, 31.218171344124432 ], [ -102.46497136187314, 31.218502533504406 ], [ -102.465154197404559, 31.218817652360347 ], [ -102.465250644106689, 31.218916647970691 ], [ -102.465479655069444, 31.218999670121807 ], [ -102.465681055088837, 31.218985046942034 ], [ -102.465789099787528, 31.218951257196679 ], [ -102.46603192356892, 31.218808370262579 ], [ -102.466262006483731, 31.21871456360779 ], [ -102.466620132214629, 31.218588737876225 ], [ -102.466786234669343, 31.218589010717704 ], [ -102.467061136310207, 31.218694514885151 ], [ -102.467252610297422, 31.218777534223275 ], [ -102.467923487379579, 31.219165080889436 ], [ -102.468121612966698, 31.21924246923761 ], [ -102.468415314281756, 31.219408831364532 ], [ -102.468670856926565, 31.219569730120821 ], [ -102.468751946122595, 31.219599535631033 ], [ -102.469132021415334, 31.219893895724812 ], [ -102.469356832728536, 31.220097902951249 ], [ -102.469379895772562, 31.22017734379471 ], [ -102.46927735533275, 31.220343010827484 ], [ -102.469123921207071, 31.220414036634658 ], [ -102.468906684367767, 31.220463580302699 ], [ -102.468759731406607, 31.220506967686891 ], [ -102.468561535770448, 31.220534823886258 ], [ -102.468487558641556, 31.220534240429707 ], [ -102.468484011942877, 31.220533764635643 ], [ -102.468445565324146, 31.220528603086535 ] ] ] } },
{ "type": "Feature", "properties": { "ABSTRACT_L": "A-1221", "ABSTRACT_N": "1031221", "LEVEL1_SUR": "H&TC RR CO", "LEVEL2_BLO": "2", "LEVEL3_SUR": "14", "Surv_Sect": "14", "SHAPE_AREA": 663.88806734212085, "owner_count": 0, "owners_json": [ ], "top_operator": "", "top_owner": "", "max_propensity_score": 0, "field_name": "Unknown", "production_status": "none", "pdp_well_count": 0, "pud_well_count": 0, "well_count": 0, "permit_count": 0 }, "geometry": { "type": "Polygon", "coordinates": [ [ [ -102.514821043137786, 31.316207927384824 ], [ -102.52807602131216, 31.326062687808758 ], [ -102.525026087405564, 31.329114298730055 ], [ -102.517131761599771, 31.33705573622413 ], [ -102.503766110919415, 31.327149731799071 ], [ -102.514821043137786, 31.316207927384824 ] ] ] } },
{ "type": "Feature", "properties": { "ABSTRACT_L": "A-1222", "ABSTRACT_N": "1031222", "LEVEL1_SUR": "H&TC RR CO", "LEVEL2_BLO": "2", "LEVEL3_SUR": "28", "Surv_Sect": "28", "SHAPE_AREA": 641.41674845380635, "owner_count": 0, "owners_json": [ ], "top_operator": "", "top_owner": "", "max_propensity_score": 0, "field_name": "Unknown", "production_status": "none", "pdp_well_count": 0, "pud_well_count": 0, "well_count": 0, "permit_count": 0 }, "geometry": { "type": "MultiPolygon", "coordinates": [ [ [ [ -102.468464724802132, 31.271360608869049 ], [ -102.474178839223498, 31.265742536279308 ], [ -102.474814263166067, 31.266206384287763 ], [ -102.474467778662031, 31.266556245250069 ], [ -102.481051546022584, 31.271554737372998 ], [ -102.47981972848838, 31.272767632302699 ], [ -102.48618207050923, 31.277600899019372 ], [ -102.485787303097993, 31.278034258590569 ], [ -102.492350451838547, 31.283048405583905 ], [ -102.494262695167876, 31.281148193630099 ], [ -102.50042963387132, 31.285963215870549 ], [ -102.495170122214404, 31.291295088099311 ], [ -102.468464724802132, 31.271360608869049 ] ] ], [ [ [ -102.504449376957638, 31.282045256132132 ], [ -102.509153826906271, 31.285651383687313 ], [ -102.505285450341262, 31.289506722217432 ], [ -102.5004309239376, 31.285964153952122 ], [ -102.50042963387132, 31.285963215870549 ], [ -102.500430922374619, 31.285961952855846 ], [ -102.504449376957638, 31.282045256132132 ] ] ] ] } },
{ "type": "Feature", "properties": { "ABSTRACT_L": "A-1223", "ABSTRACT_N": "1031223", "LEVEL1_SUR": "H&TC RR CO", "LEVEL2_BLO": "4", "LEVEL3_SUR": "22", "Surv_Sect": "22", "SHAPE_AREA": 644.99159082108645, "owner_count": 0, "owners_json": [ ], "top_operator": "", "top_owner": "", "max_propensity_score": 0, "field_name": "Unknown", "production_status": "none", "pdp_well_count": 0, "pud_well_count": 0, "well_count": 0, "permit_count": 0 }, "geometry": { "type": "Polygon", "coordinates": [ [ [ -102.734685131572689, 31.343765013041978 ], [ -102.723724110988172, 31.354758390131682 ], [ -102.710776463506733, 31.345307522692288 ], [ -102.716237528785371, 31.339835297763738 ], [ -102.721878377841847, 31.334182962267473 ], [ -102.734685131572689, 31.343765013041978 ] ] ] } },
{ "type": "Feature", "properties": { "ABSTRACT_L": "A-1224", "ABSTRACT_N": "1031224", "LEVEL1_SUR": "BATES, W A", "LEVEL2_BLO": null, "LEVEL3_SUR": "40", "Surv_Sect": "40", "SHAPE_AREA": 103.59675996447899, "owner_count": 0, "owners_json": [ ], "top_operator": "", "top_owner": "", "max_propensity_score": 0, "field_name": "Unknown", "production_status": "none", "pdp_well_count": 0, "pud_well_count": 0, "well_count": 0, "permit_count": 0 }, "geometry": { "type": "Polygon", "coordinates": [ [ [ -102.353114437109099, 31.38708410395942 ], [ -102.356259872713622, 31.38625867962703 ], [ -102.357862545201613, 31.391154291257241 ], [ -102.350266908542224, 31.392990429641333 ], [ -102.35016531238756, 31.392694723610994 ], [ -102.350127410298896, 31.392584397709886 ], [ -102.348676027479158, 31.388168940872376 ], [ -102.353114437109099, 31.38708410395942 ] ] ] } },
{ "type": "Feature", "properties": { "ABSTRACT_L": "A-1225", "ABSTRACT_N": "1031225", "LEVEL1_SUR": "PRATER, J A", "LEVEL2_BLO": null, "LEVEL3_SUR": "2", "Surv_Sect": "2", "SHAPE_AREA": 263.29241926010144, "owner_count": 0, "owners_json": [ ], "top_operator": "", "top_owner": "", "max_propensity_score": 0, "field_name": "Unknown", "production_status": "none", "pdp_well_count": 0, "pud_well_count": 0, "well_count": 0, "permit_count": 0 }, "geometry": { "type": "Polygon", "coordinates": [ [ [ -102.309170325987736, 31.251483250496328 ], [ -102.31607684176042, 31.256716403568817 ], [ -102.318039212416423, 31.254749157420832 ], [ -102.320659584836903, 31.26319556116492 ], [ -102.316002003645806, 31.264290938930497 ], [ -102.309614749845565, 31.265821129837644 ], [ -102.309203226204374, 31.252335967277322 ], [ -102.309170325987736, 31.251483250496328 ] ] ] } },
{ "type": "Feature", "properties": { "ABSTRACT_L": "A-1226", "ABSTRACT_N": "1031226", "LEVEL1_SUR": "CCSD&RGNG RR CO", "LEVEL2_BLO": "X", "LEVEL3_SUR": "70", "Surv_Sect": "70", "SHAPE_AREA": 659.59934725164601, "owner_count": 0, "owners_json": [ ], "top_operator": "", "top_owner": "", "max_propensity_score": 0, "field_name": "Unknown", "production_status": "none", "pdp_well_count": 0, "pud_well_count": 0, "well_count": 0, "permit_count": 0 }, "geometry": { "type": "Polygon", "coordinates": [ [ [ -102.558432554499177, 31.386553100230099 ], [ -102.555954207779791, 31.38897849179892 ], [ -102.544276078321502, 31.391762174114405 ], [ -102.536257408819026, 31.393669859184861 ], [ -102.531757395167475, 31.379875798955617 ], [ -102.539637545400765, 31.378012912823806 ], [ -102.544709433725288, 31.381705701278982 ], [ -102.547754267019585, 31.378708810438717 ], [ -102.558432554499177, 31.386553100230099 ] ] ] } },
{ "type": "Feature", "properties": { "ABSTRACT_L": "A-1227", "ABSTRACT_N": "1031227", "LEVEL1_SUR": "CCSD&RGNG RR CO", "LEVEL2_BLO": "X", "LEVEL3_SUR": "72", "Surv_Sect": "72", "SHAPE_AREA": 561.64730775981695, "owner_count": 0, "owners_json": [ ], "top_operator": "", "top_owner": "", "max_propensity_score": 0, "field_name": "Unknown", "production_status": "none", "pdp_well_count": 0, "pud_well_count": 0, "well_count": 0, "permit_count": 0 }, "geometry": { "type": "Polygon", "coordinates": [ [ [ -102.543114408637663, 31.356188432528171 ], [ -102.546705551635441, 31.352517015214481 ], [ -102.562145677174215, 31.364102118564539 ], [ -102.561921499639453, 31.364365868763191 ], [ -102.554218409933029, 31.372080074660399 ], [ -102.538768472258411, 31.360574756234207 ], [ -102.543114408637663, 31.356188432528171 ] ] ] } },
{ "type": "Feature", "properties": { "ABSTRACT_L": "A-1228", "ABSTRACT_N": "1031228", "LEVEL1_SUR": "H&TC RR CO", "LEVEL2_BLO": "3", "LEVEL3_SUR": "2", "Surv_Sect": "2", "SHAPE_AREA": 655.99051701325754, "owner_count": 0, "owners_json": [ ], "top_operator": "", "top_owner": "", "max_propensity_score": 0, "field_name": "Unknown", "production_status": "none", "pdp_well_count": 0, "pud_well_count": 0, "well_count": 0, "permit_count": 0 }, "geometry": { "type": "Polygon", "coordinates": [ [ [ -102.599385170402854, 31.321895174809097 ], [ -102.599840125234977, 31.321477441890298 ], [ -102.610969470056219, 31.329714290321999 ], [ -102.612947395582722, 31.33120077329075 ], [ -102.602125113494139, 31.342178752997206 ], [ -102.588822085955897, 31.332533928959574 ], [ -102.599385170402854, 31.321895174809097 ] ] ] } },
{ "type": "Feature", "properties": { "ABSTRACT_L": "A-1229", "ABSTRACT_N": "1031229", "LEVEL1_SUR": "H&TC RR CO", "LEVEL2_BLO": "3", "LEVEL3_SUR": "4", "Surv_Sect": "4", "SHAPE_AREA": 619.05981586112694, "owner_count": 0, "owners_json": [ ], "top_operator": "", "top_owner": "", "max_propensity_score": 0, "field_name": "Unknown", "production_status": "none", "pdp_well_count": 0, "pud_well_count": 0, "well_count": 0, "permit_count": 0 }, "geometry": { "type": "Polygon", "coordinates": [ [ [ -102.56258250570616, 31.336638643353382 ], [ -102.562592479541408, 31.336628664818974 ], [ -102.574088016747169, 31.336667830328231 ], [ -102.574311751677456, 31.324578786603901 ], [ -102.575154881575443, 31.323769281427072 ], [ -102.588109502605718, 31.33322226579963 ], [ -102.577794909156154, 31.343628119230527 ], [ -102.574464159396413, 31.347047602171223 ], [ -102.56159991617838, 31.337621067338684 ], [ -102.56258250570616, 31.336638643353382 ] ] ] } },
{ "type": "Feature", "properties": { "ABSTRACT_L": "A-123", "ABSTRACT_N": "103123", "LEVEL1_SUR": "H&TC RR CO", "LEVEL2_BLO": "2", "LEVEL3_SUR": "5", "Surv_Sect": "5", "SHAPE_AREA": 648.72182335449406, "owner_count": 0, "owners_json": [ ], "top_operator": "", "top_owner": "", "max_propensity_score": 0, "field_name": "Unknown", "production_status": "none", "pdp_well_count": 0, "pud_well_count": 0, "well_count": 0, "permit_count": 0 }, "geometry": { "type": "Polygon", "coordinates": [ [ [ -102.48958616469632, 31.296863395454704 ], [ -102.5004310107431, 31.305288353192957 ], [ -102.502095563780259, 31.306581677602999 ], [ -102.500431029248332, 31.308256412343002 ], [ -102.491118273637568, 31.317624801081728 ], [ -102.47825063431354, 31.308144819013084 ], [ -102.48958616469632, 31.296863395454704 ] ] ] } },
{ "type": "Feature", "properties": { "ABSTRACT_L": "A-1230", "ABSTRACT_N": "1031230", "LEVEL1_SUR": "H&TC RR CO", "LEVEL2_BLO": "3", "LEVEL3_SUR": "6", "Surv_Sect": "6", "SHAPE_AREA": 667.80976606603451, "owner_count": 0, "owners_json": [ ], "top_operator": "", "top_owner": "", "max_propensity_score": 0, "field_name": "Unknown", "production_status": "none", "pdp_well_count": 0, "pud_well_count": 0, "well_count": 0, "permit_count": 0 }, "geometry": { "type": "Polygon", "coordinates": [ [ [ -102.577794909156154, 31.343628119230527 ], [ -102.591103887603978, 31.353417677981618 ], [ -102.580095973788787, 31.364561782072457 ], [ -102.566731584789991, 31.354724033588219 ], [ -102.574464159396413, 31.347047602171223 ], [ -102.577794909156154, 31.343628119230527 ] ] ] } },
{ "type": "Feature", "properties": { "ABSTRACT_L": "A-1231", "ABSTRACT_N": "1031231", "LEVEL1_SUR": "H&TC RR CO", "LEVEL2_BLO": "3", "LEVEL3_SUR": "8", "Surv_Sect": "8", "SHAPE_AREA": 654.61152963057498, "owner_count": 0, "owners_json": [ ], "top_operator": "", "top_owner": "", "max_propensity_score": 0, "field_name": "Unknown", "production_status": "none", "pdp_well_count": 0, "pud_well_count": 0, "well_count": 0, "permit_count": 0 }, "geometry": { "type": "Polygon", "coordinates": [ [ [ -102.606162051828179, 31.383828325462762 ], [ -102.59895118159362, 31.378620956624243 ], [ -102.594384719387151, 31.37513767910897 ], [ -102.593125181354026, 31.374177196303958 ], [ -102.604096116977274, 31.362998383687923 ], [ -102.616998091105231, 31.372554854352639 ], [ -102.614515472358136, 31.375137626583459 ], [ -102.606162051828179, 31.383828325462762 ] ] ] } },
{ "type": "Feature", "properties": { "ABSTRACT_L": "A-1232", "ABSTRACT_N": "1031232", "LEVEL1_SUR": "H&TC RR CO", "LEVEL2_BLO": "3", "LEVEL3_SUR": "10", "Surv_Sect": "10", "SHAPE_AREA": 658.15799344078653, "owner_count": 0, "owners_json": [ ], "top_operator": "", "top_owner": "", "max_propensity_score": 0, "field_name": "Unknown", "production_status": "none", "pdp_well_count": 0, "pud_well_count": 0, "well_count": 0, "permit_count": 0 }, "geometry": { "type": "Polygon", "coordinates": [ [ [ -102.602125113494139, 31.342178752997206 ], [ -102.615190561873135, 31.351666786474173 ], [ -102.604096116977274, 31.362998383687923 ], [ -102.591103887603978, 31.353417677981618 ], [ -102.602125113494139, 31.342178752997206 ] ] ] } },
{ "type": "Feature", "properties": { "ABSTRACT_L": "A-1233", "ABSTRACT_N": "1031233", "LEVEL1_SUR": "H&TC RR CO", "LEVEL2_BLO": "3", "LEVEL3_SUR": "16", "Surv_Sect": "16", "SHAPE_AREA": 661.941998904863, "owner_count": 0, "owners_json": [ ], "top_operator": "", "top_owner": "", "max_propensity_score": 0, "field_name": "Unknown", "production_status": "none", "pdp_well_count": 0, "pud_well_count": 0, "well_count": 0, "permit_count": 0 }, "geometry": { "type": "Polygon", "coordinates": [ [ [ -102.625434602250905, 31.363822479447443 ], [ -102.628049893339778, 31.361115037205941 ], [ -102.64126432235831, 31.370594493344797 ], [ -102.629844653480134, 31.381901652077197 ], [ -102.625434952239971, 31.378693208375143 ], [ -102.620546814091071, 31.375137557538217 ], [ -102.616998091105231, 31.372554854352639 ], [ -102.625434602250905, 31.363822479447443 ] ] ] } },
{ "type": "Feature", "properties": { "ABSTRACT_L": "A-1234", "ABSTRACT_N": "1031234", "LEVEL1_SUR": "H&TC RR CO", "LEVEL2_BLO": "3", "LEVEL3_SUR": "18", "Surv_Sect": "18", "SHAPE_AREA": 663.95359625356559, "owner_count": 0, "owners_json": [ ], "top_operator": "", "top_owner": "", "max_propensity_score": 0, "field_name": "Unknown", "production_status": "none", "pdp_well_count": 0, "pud_well_count": 0, "well_count": 0, "permit_count": 0 }, "geometry": { "type": "Polygon", "coordinates": [ [ [ -102.629844653480134, 31.381901652077197 ], [ -102.642928314228669, 31.391623874893877 ], [ -102.633336418971737, 31.401284325186989 ], [ -102.631930000629765, 31.402744307295215 ], [ -102.630712086114215, 31.401837663291655 ], [ -102.625434978872221, 31.398010837099434 ], [ -102.618587442871927, 31.393044309449223 ], [ -102.629844653480134, 31.381901652077197 ] ] ] } },
{ "type": "Feature", "properties": { "ABSTRACT_L": "A-1235", "ABSTRACT_N": "1031235", "LEVEL1_SUR": "H&TC RR CO", "LEVEL2_BLO": "4", "LEVEL3_SUR": "4", "Surv_Sect": "4", "SHAPE_AREA": 639.1463236072251, "owner_count": 0, "owners_json": [ ], "top_operator": "", "top_owner": "", "max_propensity_score": 0, "field_name": "Unknown", "production_status": "none", "pdp_well_count": 0, "pud_well_count": 0, "well_count": 0, "permit_count": 0 }, "geometry": { "type": "Polygon", "coordinates": [ [ [ -102.703625481831878, 31.397416973326031 ], [ -102.716665911535742, 31.406889325196378 ], [ -102.705828964379023, 31.417735105054032 ], [ -102.695567870405739, 31.410345941098804 ], [ -102.692645425391717, 31.408291488976634 ], [ -102.703625481831878, 31.397416973326031 ] ] ] } },
{ "type": "Feature", "properties": { "ABSTRACT_L": "A-1236", "ABSTRACT_N": "1031236", "LEVEL1_SUR": "H&TC RR CO", "LEVEL2_BLO": "4", "LEVEL3_SUR": "6", "Surv_Sect": "6", "SHAPE_AREA": 625.49976435129975, "owner_count": 0, "owners_json": [ ], "top_operator": "", "top_owner": "", "max_propensity_score": 0, "field_name": "Unknown", "production_status": "none", "pdp_well_count": 0, "pud_well_count": 0, "well_count": 0, "permit_count": 0 }, "geometry": { "type": "Polygon", "coordinates": [ [ [ -102.727604225323418, 31.395986755439004 ], [ -102.740040362769349, 31.40607896694852 ], [ -102.73209802287171, 31.414053827494556 ], [ -102.729743003153473, 31.416472405100475 ], [ -102.716665911535742, 31.406889325196378 ], [ -102.727604225323418, 31.395986755439004 ] ] ] } },
{ "type": "Feature", "properties": { "ABSTRACT_L": "A-1237", "ABSTRACT_N": "1031237", "LEVEL1_SUR": "H&TC RR CO", "LEVEL2_BLO": "4", "LEVEL3_SUR": "8", "Surv_Sect": "8", "SHAPE_AREA": 656.96934295273843, "owner_count": 0, "owners_json": [ ], "top_operator": "", "top_owner": "", "max_propensity_score": 0, "field_name": "Unknown", "production_status": "none", "pdp_well_count": 0, "pud_well_count": 0, "well_count": 0, "permit_count": 0 }, "geometry": { "type": "Polygon", "coordinates": [ [ [ -102.701428012814318, 31.376725782697978 ], [ -102.714692773587799, 31.386454327870151 ], [ -102.703625481831878, 31.397416973326031 ], [ -102.690470384769796, 31.387822612776421 ], [ -102.701428012814318, 31.376725782697978 ] ] ] } },
{ "type": "Feature", "properties": { "ABSTRACT_L": "A-1238", "ABSTRACT_N": "1031238", "LEVEL1_SUR": "H&TC RR CO", "LEVEL2_BLO": "4", "LEVEL3_SUR": "16", "Surv_Sect": "16", "SHAPE_AREA": 654.80305899155007, "owner_count": 0, "owners_json": [ ], "top_operator": "", "top_owner": "", "max_propensity_score": 0, "field_name": "Unknown", "production_status": "none", "pdp_well_count": 0, "pud_well_count": 0, "well_count": 0, "permit_count": 0 }, "geometry": { "type": "Polygon", "coordinates": [ [ [ -102.750438414751684, 31.393752205592417 ], [ -102.738568882580907, 31.385011784408864 ], [ -102.748528477236107, 31.375136390462448 ], [ -102.749963078535728, 31.373713691004717 ], [ -102.750438127773734, 31.3740757568399 ], [ -102.750438324630593, 31.374075910873145 ], [ -102.751828850337034, 31.375136515251956 ], [ -102.762628326375932, 31.38337244344682 ], [ -102.759781628449318, 31.386163244348541 ], [ -102.759278194324864, 31.386680242695039 ], [ -102.753273280086106, 31.392716613873315 ], [ -102.751479882469866, 31.39451920101196 ], [ -102.750438537738276, 31.393752299284721 ], [ -102.750438414751684, 31.393752205592417 ] ] ] } },
{ "type": "Feature", "properties": { "ABSTRACT_L": "A-1239", "ABSTRACT_N": "1031239", "LEVEL1_SUR": "PSL", "LEVEL2_BLO": "B20", "LEVEL3_SUR": "21", "Surv_Sect": "21", "SHAPE_AREA": 351.80531251402039, "owner_count": 0, "owners_json": [ ], "top_operator": "", "top_owner": "", "max_propensity_score": 0, "field_name": "Unknown", "production_status": "none", "pdp_well_count": 0, "pud_well_count": 0, "well_count": 0, "permit_count": 0 }, "geometry": { "type": "Polygon", "coordinates": [ [ [ -102.734939926760418, 31.475952625452539 ], [ -102.717559343631706, 31.480056280251542 ], [ -102.71522055911575, 31.472832620426772 ], [ -102.723431708704354, 31.470900328072052 ], [ -102.732614033580347, 31.468730362421006 ], [ -102.734939926760418, 31.475952625452539 ] ] ] } },
{ "type": "Feature", "properties": { "ABSTRACT_L": "A-124", "ABSTRACT_N": "103124", "LEVEL1_SUR": "H&TC RR CO", "LEVEL2_BLO": "2", "LEVEL3_SUR": "7", "Surv_Sect": "7", "SHAPE_AREA": 638.91431626070823, "owner_count": 0, "owners_json": [ ], "top_operator": "", "top_owner": "", "max_propensity_score": 0, "field_name": "Unknown", "production_status": "none", "pdp_well_count": 0, "pud_well_count": 0, "well_count": 0, "permit_count": 0 }, "geometry": { "type": "Polygon", "coordinates": [ [ [ -102.513308469717472, 31.295667805048154 ], [ -102.52585557628575, 31.30533083748691 ], [ -102.514821043137786, 31.316207927384824 ], [ -102.502095563780259, 31.306581677602999 ], [ -102.513308469717472, 31.295667805048154 ] ] ] } },
{ "type": "Feature", "properties": { "ABSTRACT_L": "A-1240", "ABSTRACT_N": "1031240", "LEVEL1_SUR": "PSL", "LEVEL2_BLO": "B20", "LEVEL3_SUR": "21", "Surv_Sect": "21", "SHAPE_AREA": 337.47393549707658, "owner_count": 0, "owners_json": [ ], "top_operator": "", "top_owner": "", "max_propensity_score": 0, "field_name": "Unknown", "production_status": "none", "pdp_well_count": 0, "pud_well_count": 0, "well_count": 0, "permit_count": 0 }, "geometry": { "type": "Polygon", "coordinates": [ [ [ -102.737165576291645, 31.482885325568546 ], [ -102.719778972119073, 31.486987988956312 ], [ -102.717559343631706, 31.480056280251542 ], [ -102.734939926760418, 31.475952625452539 ], [ -102.737165576291645, 31.482885325568546 ] ] ] } },
{ "type": "Feature", "properties": { "ABSTRACT_L": "A-1241", "ABSTRACT_N": "1031241", "LEVEL1_SUR": "PSL", "LEVEL2_BLO": "B21", "LEVEL3_SUR": "7", "Surv_Sect": "7", "SHAPE_AREA": 323.61823472509053, "owner_count": 0, "owners_json": [ ], "top_operator": "", "top_owner": "", "max_propensity_score": 0, "field_name": "Unknown", "production_status": "none", "pdp_well_count": 0, "pud_well_count": 0, "well_count": 0, "permit_count": 0 }, "geometry": { "type": "Polygon", "coordinates": [ [ [ -102.71716361019989, 31.532877763451445 ], [ -102.70889232463874, 31.534963469040949 ], [ -102.704207758360781, 31.520955695098884 ], [ -102.712469175237857, 31.519056845290109 ], [ -102.71716361019989, 31.532877763451445 ] ] ] } },
{ "type": "Feature", "properties": { "ABSTRACT_L": "A-1242", "ABSTRACT_N": "1031242", "LEVEL1_SUR": "PSL", "LEVEL2_BLO": "B21", "LEVEL3_SUR": "7", "Surv_Sect": "7", "SHAPE_AREA": 325.41924389161312, "owner_count": 0, "owners_json": [ ], "top_operator": "", "top_owner": "", "max_propensity_score": 0, "field_name": "Unknown", "production_status": "none", "pdp_well_count": 0, "pud_well_count": 0, "well_count": 0, "permit_count": 0 }, "geometry": { "type": "Polygon", "coordinates": [ [ [ -102.70889232463874, 31.534963469040949 ], [ -102.700615533416084, 31.536979976982195 ], [ -102.696154387876788, 31.523322219453149 ], [ -102.696015584495086, 31.522843603866541 ], [ -102.704207758360781, 31.520955695098884 ], [ -102.70889232463874, 31.534963469040949 ] ] ] } },
{ "type": "Feature", "properties": { "ABSTRACT_L": "A-1243", "ABSTRACT_N": "1031243", "LEVEL1_SUR": "PSL", "LEVEL2_BLO": "B21", "LEVEL3_SUR": "11", "Surv_Sect": "11", "SHAPE_AREA": 636.713837484338, "owner_count": 0, "owners_json": [ ], "top_operator": "", "top_owner": "", "max_propensity_score": 0, "field_name": "Unknown", "production_status": "none", "pdp_well_count": 0, "pud_well_count": 0, "well_count": 0, "permit_count": 0 }, "geometry": { "type": "Polygon", "coordinates": [ [ [ -102.658593860665533, 31.516373211430789 ], [ -102.663020697777682, 31.530502682799334 ], [ -102.647042890449455, 31.534221794181224 ], [ -102.642366633868932, 31.520052228514583 ], [ -102.658593860665533, 31.516373211430789 ] ] ] } },
{ "type": "Feature", "properties": { "ABSTRACT_L": "A-1244", "ABSTRACT_N": "1031244", "LEVEL1_SUR": "PSL", "LEVEL2_BLO": "B21", "LEVEL3_SUR": "12", "Surv_Sect": "12", "SHAPE_AREA": 675.05670928489212, "owner_count": 0, "owners_json": [ ], "top_operator": "", "top_owner": "", "max_propensity_score": 0, "field_name": "Unknown", "production_status": "none", "pdp_well_count": 0, "pud_well_count": 0, "well_count": 0, "permit_count": 0 }, "geometry": { "type": "Polygon", "coordinates": [ [ [ -102.675250595713024, 31.512548792461658 ], [ -102.679907883959444, 31.527000809840231 ], [ -102.663133831967585, 31.530844262651122 ], [ -102.663020697777682, 31.530502682799334 ], [ -102.658593860665533, 31.516373211430789 ], [ -102.675250595713024, 31.512548792461658 ] ] ] } },
{ "type": "Feature", "properties": { "ABSTRACT_L": "A-1245", "ABSTRACT_N": "1031245", "LEVEL1_SUR": "PSL", "LEVEL2_BLO": "B21", "LEVEL3_SUR": "13", "Surv_Sect": "13", "SHAPE_AREA": 655.3041129709984, "owner_count": 0, "owners_json": [ ], "top_operator": "", "top_owner": "", "max_propensity_score": 0, "field_name": "Unknown", "production_status": "none", "pdp_well_count": 0, "pud_well_count": 0, "well_count": 0, "permit_count": 0 }, "geometry": { "type": "Polygon", "coordinates": [ [ [ -102.69146839764808, 31.508878593531772 ], [ -102.696015584495086, 31.522843603866541 ], [ -102.696154387876788, 31.523322219453149 ], [ -102.679907883959444, 31.527000809840231 ], [ -102.675250595713024, 31.512548792461658 ], [ -102.69146839764808, 31.508878593531772 ] ] ] } },
{ "type": "Feature", "properties": { "ABSTRACT_L": "A-1246", "ABSTRACT_N": "1031246", "LEVEL1_SUR": "PSL", "LEVEL2_BLO": "B21", "LEVEL3_SUR": "14", "Surv_Sect": "14", "SHAPE_AREA": 327.09554968572132, "owner_count": 0, "owners_json": [ ], "top_operator": "", "top_owner": "", "max_propensity_score": 0, "field_name": "Unknown", "production_status": "none", "pdp_well_count": 0, "pud_well_count": 0, "well_count": 0, "permit_count": 0 }, "geometry": { "type": "Polygon", "coordinates": [ [ [ -102.708020036671499, 31.504919725068845 ], [ -102.710256370168068, 31.511991498656112 ], [ -102.712469175237857, 31.519056845290109 ], [ -102.704207758360781, 31.520955695098884 ], [ -102.69969706683429, 31.50688700545869 ], [ -102.708020036671499, 31.504919725068845 ] ] ] } },
{ "type": "Feature", "properties": { "ABSTRACT_L": "A-1247", "ABSTRACT_N": "1031247", "LEVEL1_SUR": "PSL", "LEVEL2_BLO": "B21", "LEVEL3_SUR": "14", "Surv_Sect": "14", "SHAPE_AREA": 322.37237063672831, "owner_count": 0, "owners_json": [ ], "top_operator": "", "top_owner": "", "max_propensity_score": 0, "field_name": "Unknown", "production_status": "none", "pdp_well_count": 0, "pud_well_count": 0, "well_count": 0, "permit_count": 0 }, "geometry": { "type": "Polygon", "coordinates": [ [ [ -102.69969706683429, 31.50688700545869 ], [ -102.704207758360781, 31.520955695098884 ], [ -102.696015584495086, 31.522843603866541 ], [ -102.69146839764808, 31.508878593531772 ], [ -102.69969706683429, 31.50688700545869 ] ] ] } },
{ "type": "Feature", "properties": { "ABSTRACT_L": "A-1248", "ABSTRACT_N": "1031248", "LEVEL1_SUR": "PSL", "LEVEL2_BLO": "B21", "LEVEL3_SUR": "15", "Surv_Sect": "15", "SHAPE_AREA": 323.29307761155127, "owner_count": 0, "owners_json": [ ], "top_operator": "", "top_owner": "", "max_propensity_score": 0, "field_name": "Unknown", "production_status": "none", "pdp_well_count": 0, "pud_well_count": 0, "well_count": 0, "permit_count": 0 }, "geometry": { "type": "Polygon", "coordinates": [ [ [ -102.726539708636267, 31.508370168493006 ], [ -102.728712377403056, 31.515074294303744 ], [ -102.712469175237857, 31.519056845290109 ], [ -102.710256370168068, 31.511991498656112 ], [ -102.726381607975469, 31.507924328158566 ], [ -102.726539708636267, 31.508370168493006 ] ] ] } },
{ "type": "Feature", "properties": { "ABSTRACT_L": "A-1249", "ABSTRACT_N": "1031249", "LEVEL1_SUR": "PSL", "LEVEL2_BLO": "B21", "LEVEL3_SUR": "15", "Surv_Sect": "15", "SHAPE_AREA": 314.37754339810908, "owner_count": 0, "owners_json": [ ], "top_operator": "", "top_owner": "", "max_propensity_score": 0, "field_name": "Unknown", "production_status": "none", "pdp_well_count": 0, "pud_well_count": 0, "well_count": 0, "permit_count": 0 }, "geometry": { "type": "Polygon", "coordinates": [ [ [ -102.724183770582684, 31.501114060999548 ], [ -102.726381607975469, 31.507924328158566 ], [ -102.710256370168068, 31.511991498656112 ], [ -102.708020036671499, 31.504919725068845 ], [ -102.724183770582684, 31.501114060999548 ] ] ] } },
{ "type": "Feature", "properties": { "ABSTRACT_L": "A-125", "ABSTRACT_N": "103125", "LEVEL1_SUR": "H&TC RR CO", "LEVEL2_BLO": "2", "LEVEL3_SUR": "9", "Surv_Sect": "9", "SHAPE_AREA": 630.71474079519089, "owner_count": 0, "owners_json": [ ], "top_operator": "", "top_owner": "", "max_propensity_score": 0, "field_name": "Unknown", "production_status": "none", "pdp_well_count": 0, "pud_well_count": 0, "well_count": 0, "permit_count": 0 }, "geometry": { "type": "Polygon", "coordinates": [ [ [ -102.503766110919415, 31.327149731799071 ], [ -102.500431280367124, 31.330414002643675 ], [ -102.500431123964859, 31.330414150109732 ], [ -102.492720087768404, 31.337961041783512 ], [ -102.480090069156859, 31.328563330995227 ], [ -102.491118273637568, 31.317624801081728 ], [ -102.500431034318893, 31.324638187059779 ], [ -102.500431099649219, 31.324638233947937 ], [ -102.503766110919415, 31.327149731799071 ] ] ] } },
{ "type": "Feature", "properties": { "ABSTRACT_L": "A-1250", "ABSTRACT_N": "1031250", "LEVEL1_SUR": "PSL", "LEVEL2_BLO": "B21", "LEVEL3_SUR": "16", "Surv_Sect": "16", "SHAPE_AREA": 159.81334779338044, "owner_count": 0, "owners_json": [ ], "top_operator": "", "top_owner": "", "max_propensity_score": 0, "field_name": "Unknown", "production_status": "none", "pdp_well_count": 0, "pud_well_count": 0, "well_count": 0, "permit_count": 0 }, "geometry": { "type": "Polygon", "coordinates": [ [ [ -102.713597674528145, 31.496463139065163 ], [ -102.7059164110442, 31.498198674586067 ], [ -102.703528008946094, 31.490780553663228 ], [ -102.711245093705429, 31.489012060013184 ], [ -102.713597674528145, 31.496463139065163 ] ] ] } },
{ "type": "Feature", "properties": { "ABSTRACT_L": "A-1251", "ABSTRACT_N": "1031251", "LEVEL1_SUR": "PSL", "LEVEL2_BLO": "B21", "LEVEL3_SUR": "16", "Surv_Sect": "16", "SHAPE_AREA": 479.14297689027859, "owner_count": 0, "owners_json": [ ], "top_operator": "", "top_owner": "", "max_propensity_score": 0, "field_name": "Unknown", "production_status": "none", "pdp_well_count": 0, "pud_well_count": 0, "well_count": 0, "permit_count": 0 }, "geometry": { "type": "Polygon", "coordinates": [ [ [ -102.719778972119073, 31.486987988956312 ], [ -102.723877623847343, 31.500132942054456 ], [ -102.723877986203803, 31.500134103784458 ], [ -102.724183770582684, 31.501114060999548 ], [ -102.708020036671499, 31.504919725068845 ], [ -102.706521666513794, 31.500133340574905 ], [ -102.706521543059381, 31.500132951079745 ], [ -102.7059164110442, 31.498198674586067 ], [ -102.713597674528145, 31.496463139065163 ], [ -102.711245093705429, 31.489012060013184 ], [ -102.719778972119073, 31.486987988956312 ] ] ] } },
{ "type": "Feature", "properties": { "ABSTRACT_L": "A-1252", "ABSTRACT_N": "1031252", "LEVEL1_SUR": "PSL", "LEVEL2_BLO": "B21", "LEVEL3_SUR": "17", "Surv_Sect": "17", "SHAPE_AREA": 498.44878919928084, "owner_count": 0, "owners_json": [ ], "top_operator": "", "top_owner": "", "max_propensity_score": 0, "field_name": "Unknown", "production_status": "none", "pdp_well_count": 0, "pud_well_count": 0, "well_count": 0, "permit_count": 0 }, "geometry": { "type": "Polygon", "coordinates": [ [ [ -102.703528008946094, 31.490780553663228 ], [ -102.7059164110442, 31.498198674586067 ], [ -102.697524876565225, 31.500133061181408 ], [ -102.697519237682727, 31.500134361469588 ], [ -102.69969706683429, 31.50688700545869 ], [ -102.69146839764808, 31.508878593531772 ], [ -102.688736366169323, 31.500134329787453 ], [ -102.688736145415248, 31.500133619008384 ], [ -102.688735924661174, 31.500132908229283 ], [ -102.687021771069382, 31.494645816837338 ], [ -102.703528008946094, 31.490780553663228 ] ] ] } },
{ "type": "Feature", "properties": { "ABSTRACT_L": "A-1253", "ABSTRACT_N": "1031253", "LEVEL1_SUR": "PSL", "LEVEL2_BLO": "B21", "LEVEL3_SUR": "17", "Surv_Sect": "17", "SHAPE_AREA": 157.46601191116031, "owner_count": 0, "owners_json": [ ], "top_operator": "", "top_owner": "", "max_propensity_score": 0, "field_name": "Unknown", "production_status": "none", "pdp_well_count": 0, "pud_well_count": 0, "well_count": 0, "permit_count": 0 }, "geometry": { "type": "Polygon", "coordinates": [ [ [ -102.7059164110442, 31.498198674586067 ], [ -102.706521543059381, 31.500132951079745 ], [ -102.706521666513794, 31.500133340574905 ], [ -102.708020036671499, 31.504919725068845 ], [ -102.69969706683429, 31.50688700545869 ], [ -102.697519237682727, 31.500134361469588 ], [ -102.697524876565225, 31.500133061181408 ], [ -102.7059164110442, 31.498198674586067 ] ] ] } },
{ "type": "Feature", "properties": { "ABSTRACT_L": "A-1254", "ABSTRACT_N": "1031254", "LEVEL1_SUR": "PSL", "LEVEL2_BLO": "B21", "LEVEL3_SUR": "18", "Surv_Sect": "18", "SHAPE_AREA": 643.46217093371922, "owner_count": 0, "owners_json": [ ], "top_operator": "", "top_owner": "", "max_propensity_score": 0, "field_name": "Unknown", "production_status": "none", "pdp_well_count": 0, "pud_well_count": 0, "well_count": 0, "permit_count": 0 }, "geometry": { "type": "Polygon", "coordinates": [ [ [ -102.687021771069382, 31.494645816837338 ], [ -102.688735924661174, 31.500132908229283 ], [ -102.688736145415248, 31.500133619008384 ], [ -102.688736366169323, 31.500134329787453 ], [ -102.69146839764808, 31.508878593531772 ], [ -102.675250595713024, 31.512548792461658 ], [ -102.670717025602997, 31.498436080726211 ], [ -102.687021771069382, 31.494645816837338 ] ] ] } },
{ "type": "Feature", "properties": { "ABSTRACT_L": "A-1255", "ABSTRACT_N": "1031255", "LEVEL1_SUR": "PSL", "LEVEL2_BLO": "B21", "LEVEL3_SUR": "19", "Surv_Sect": "19", "SHAPE_AREA": 653.58401492757139, "owner_count": 0, "owners_json": [ ], "top_operator": "", "top_owner": "", "max_propensity_score": 0, "field_name": "Unknown", "production_status": "none", "pdp_well_count": 0, "pud_well_count": 0, "well_count": 0, "permit_count": 0 }, "geometry": { "type": "Polygon", "coordinates": [ [ [ -102.663419013175115, 31.500133604757821 ], [ -102.663419922438877, 31.500133393504125 ], [ -102.663420823679459, 31.500133182415055 ], [ -102.670717025602997, 31.498436080726211 ], [ -102.675250595713024, 31.512548792461658 ], [ -102.658593860665533, 31.516373211430789 ], [ -102.654192207803135, 31.502278840557803 ], [ -102.663419013175115, 31.500133604757821 ] ] ] } },
{ "type": "Feature", "properties": { "ABSTRACT_L": "A-1256", "ABSTRACT_N": "1031256", "LEVEL1_SUR": "PSL", "LEVEL2_BLO": "B21", "LEVEL3_SUR": "20", "Surv_Sect": "20", "SHAPE_AREA": 637.46482911782334, "owner_count": 0, "owners_json": [ ], "top_operator": "", "top_owner": "", "max_propensity_score": 0, "field_name": "Unknown", "production_status": "none", "pdp_well_count": 0, "pud_well_count": 0, "well_count": 0, "permit_count": 0 }, "geometry": { "type": "Polygon", "coordinates": [ [ [ -102.654192207803135, 31.502278840557803 ], [ -102.658593860665533, 31.516373211430789 ], [ -102.642366633868932, 31.520052228514583 ], [ -102.63797950358132, 31.506053335670103 ], [ -102.637954034393132, 31.505970570843694 ], [ -102.654192207803135, 31.502278840557803 ] ] ] } },
{ "type": "Feature", "properties": { "ABSTRACT_L": "A-1257", "ABSTRACT_N": "1031257", "LEVEL1_SUR": "PSL", "LEVEL2_BLO": "B21", "LEVEL3_SUR": "21", "Surv_Sect": "21", "SHAPE_AREA": 638.75015904468239, "owner_count": 0, "owners_json": [ ], "top_operator": "", "top_owner": "", "max_propensity_score": 0, "field_name": "Unknown", "production_status": "none", "pdp_well_count": 0, "pud_well_count": 0, "well_count": 0, "permit_count": 0 }, "geometry": { "type": "Polygon", "coordinates": [ [ [ -102.6499678053504, 31.488117358194334 ], [ -102.653552146541287, 31.50013313564828 ], [ -102.653552456646338, 31.500134181693436 ], [ -102.654192207803135, 31.502278840557803 ], [ -102.637954034393132, 31.505970570843694 ], [ -102.636158305801814, 31.500134420543105 ], [ -102.636157944134439, 31.500133244819715 ], [ -102.633644146875213, 31.491963131142153 ], [ -102.6499678053504, 31.488117358194334 ] ] ] } },
{ "type": "Feature", "properties": { "ABSTRACT_L": "A-1258", "ABSTRACT_N": "1031258", "LEVEL1_SUR": "PSL", "LEVEL2_BLO": "B21", "LEVEL3_SUR": "22", "Surv_Sect": "22", "SHAPE_AREA": 646.62732767376724, "owner_count": 0, "owners_json": [ ], "top_operator": "", "top_owner": "", "max_propensity_score": 0, "field_name": "Unknown", "production_status": "none", "pdp_well_count": 0, "pud_well_count": 0, "well_count": 0, "permit_count": 0 }, "geometry": { "type": "Polygon", "coordinates": [ [ [ -102.666175693989146, 31.484294674604349 ], [ -102.670717025602997, 31.498436080726211 ], [ -102.663420823679459, 31.500133182415055 ], [ -102.663419922438877, 31.500133393504125 ], [ -102.663419013175115, 31.500133604757821 ], [ -102.654192207803135, 31.502278840557803 ], [ -102.653552456646338, 31.500134181693436 ], [ -102.653552146541287, 31.50013313564828 ], [ -102.6499678053504, 31.488117358194334 ], [ -102.666175693989146, 31.484294674604349 ] ] ] } },
{ "type": "Feature", "properties": { "ABSTRACT_L": "A-1259", "ABSTRACT_N": "1031259", "LEVEL1_SUR": "PSL", "LEVEL2_BLO": "B21", "LEVEL3_SUR": "24", "Surv_Sect": "24", "SHAPE_AREA": 653.33095400862544, "owner_count": 0, "owners_json": [ ], "top_operator": "", "top_owner": "", "max_propensity_score": 0, "field_name": "Unknown", "production_status": "none", "pdp_well_count": 0, "pud_well_count": 0, "well_count": 0, "permit_count": 0 }, "geometry": { "type": "Polygon", "coordinates": [ [ [ -102.703528008946094, 31.490780553663228 ], [ -102.687021771069382, 31.494645816837338 ], [ -102.682514169209568, 31.480437487061369 ], [ -102.698951997973197, 31.476632636942973 ], [ -102.703528008946094, 31.490780553663228 ] ] ] } },
{ "type": "Feature", "properties": { "ABSTRACT_L": "A-126", "ABSTRACT_N": "103126", "LEVEL1_SUR": "H&TC RR CO", "LEVEL2_BLO": "2", "LEVEL3_SUR": "11", "Surv_Sect": "11", "SHAPE_AREA": 669.66784658088204, "owner_count": 0, "owners_json": [ ], "top_operator": "", "top_owner": "", "max_propensity_score": 0, "field_name": "Unknown", "production_status": "none", "pdp_well_count": 0, "pud_well_count": 0, "well_count": 0, "permit_count": 0 }, "geometry": { "type": "Polygon", "coordinates": [ [ [ -102.500431280367124, 31.330414002643675 ], [ -102.503766110919415, 31.327149731799071 ], [ -102.517131761599771, 31.33705573622413 ], [ -102.506121164302996, 31.348104771800287 ], [ -102.500431277158597, 31.34379806404203 ], [ -102.500431187063725, 31.343797990118031 ], [ -102.492720087768404, 31.337961041783512 ], [ -102.500431123964859, 31.330414150109732 ], [ -102.500431280367124, 31.330414002643675 ] ] ] } },
{ "type": "Feature", "properties": { "ABSTRACT_L": "A-1260", "ABSTRACT_N": "1031260", "LEVEL1_SUR": "PSL", "LEVEL2_BLO": "B21", "LEVEL3_SUR": "25", "Surv_Sect": "25", "SHAPE_AREA": 165.08794420856495, "owner_count": 0, "owners_json": [ ], "top_operator": "", "top_owner": "", "max_propensity_score": 0, "field_name": "Unknown", "production_status": "none", "pdp_well_count": 0, "pud_well_count": 0, "well_count": 0, "permit_count": 0 }, "geometry": { "type": "Polygon", "coordinates": [ [ [ -102.719778972119073, 31.486987988956312 ], [ -102.711245093705429, 31.489012060013184 ], [ -102.709112916317082, 31.482030246588906 ], [ -102.717559343631706, 31.480056280251542 ], [ -102.719778972119073, 31.486987988956312 ] ] ] } },
{ "type": "Feature", "properties": { "ABSTRACT_L": "A-1261", "ABSTRACT_N": "1031261", "LEVEL1_SUR": "PSL", "LEVEL2_BLO": "B21", "LEVEL3_SUR": "25", "Surv_Sect": "25", "SHAPE_AREA": 480.02102750349809, "owner_count": 0, "owners_json": [ ], "top_operator": "", "top_owner": "", "max_propensity_score": 0, "field_name": "Unknown", "production_status": "none", "pdp_well_count": 0, "pud_well_count": 0, "well_count": 0, "permit_count": 0 }, "geometry": { "type": "Polygon", "coordinates": [ [ [ -102.717559343631706, 31.480056280251542 ], [ -102.709112916317082, 31.482030246588906 ], [ -102.711245093705429, 31.489012060013184 ], [ -102.703528008946094, 31.490780553663228 ], [ -102.698951997973197, 31.476632636942973 ], [ -102.71522055911575, 31.472832620426772 ], [ -102.717559343631706, 31.480056280251542 ] ] ] } },
{ "type": "Feature", "properties": { "ABSTRACT_L": "A-1262", "ABSTRACT_N": "1031262", "LEVEL1_SUR": "PSL", "LEVEL2_BLO": "B26", "LEVEL3_SUR": "15", "Surv_Sect": "15", "SHAPE_AREA": 642.77823170480508, "owner_count": 0, "owners_json": [ ], "top_operator": "", "top_owner": "", "max_propensity_score": 0, "field_name": "Unknown", "production_status": "none", "pdp_well_count": 0, "pud_well_count": 0, "well_count": 0, "permit_count": 0 }, "geometry": { "type": "Polygon", "coordinates": [ [ [ -102.593636258713119, 31.531732647683985 ], [ -102.598187176494406, 31.54576391129865 ], [ -102.581664631067, 31.549611612295507 ], [ -102.577510441385044, 31.536134595923983 ], [ -102.577349319546244, 31.535611615994988 ], [ -102.593636258713119, 31.531732647683985 ] ] ] } },
{ "type": "Feature", "properties": { "ABSTRACT_L": "A-1263", "ABSTRACT_N": "1031263", "LEVEL1_SUR": "PSL", "LEVEL2_BLO": "B26", "LEVEL3_SUR": "16", "Surv_Sect": "16", "SHAPE_AREA": 635.89659170449443, "owner_count": 0, "owners_json": [ ], "top_operator": "", "top_owner": "", "max_propensity_score": 0, "field_name": "Unknown", "production_status": "none", "pdp_well_count": 0, "pud_well_count": 0, "well_count": 0, "permit_count": 0 }, "geometry": { "type": "Polygon", "coordinates": [ [ [ -102.6098277417791, 31.527874152061347 ], [ -102.614321012499332, 31.541933576138959 ], [ -102.598187176494406, 31.54576391129865 ], [ -102.593636258713119, 31.531732647683985 ], [ -102.6098277417791, 31.527874152061347 ] ] ] } },
{ "type": "Feature", "properties": { "ABSTRACT_L": "A-1264", "ABSTRACT_N": "1031264", "LEVEL1_SUR": "PSL", "LEVEL2_BLO": "B26", "LEVEL3_SUR": "17", "Surv_Sect": "17", "SHAPE_AREA": 639.53606466491453, "owner_count": 0, "owners_json": [ ], "top_operator": "", "top_owner": "", "max_propensity_score": 0, "field_name": "Unknown", "production_status": "none", "pdp_well_count": 0, "pud_well_count": 0, "well_count": 0, "permit_count": 0 }, "geometry": { "type": "Polygon", "coordinates": [ [ [ -102.626059888598604, 31.524065044720114 ], [ -102.630642877093436, 31.538065068675014 ], [ -102.625435550696437, 31.539299885967612 ], [ -102.614321012499332, 31.541933576138959 ], [ -102.6098277417791, 31.527874152061347 ], [ -102.625435613411895, 31.524211797277264 ], [ -102.626059888598604, 31.524065044720114 ] ] ] } },
{ "type": "Feature", "properties": { "ABSTRACT_L": "A-1265", "ABSTRACT_N": "1031265", "LEVEL1_SUR": "PSL", "LEVEL2_BLO": "B26", "LEVEL3_SUR": "18", "Surv_Sect": "18", "SHAPE_AREA": 646.68034008457983, "owner_count": 0, "owners_json": [ ], "top_operator": "", "top_owner": "", "max_propensity_score": 0, "field_name": "Unknown", "production_status": "none", "pdp_well_count": 0, "pud_well_count": 0, "well_count": 0, "permit_count": 0 }, "geometry": { "type": "Polygon", "coordinates": [ [ [ -102.642366633868932, 31.520052228514583 ], [ -102.647042890449455, 31.534221794181224 ], [ -102.630642877093436, 31.538065068675014 ], [ -102.626059888598604, 31.524065044720114 ], [ -102.642366633868932, 31.520052228514583 ] ] ] } },
{ "type": "Feature", "properties": { "ABSTRACT_L": "A-1266", "ABSTRACT_N": "1031266", "LEVEL1_SUR": "PSL", "LEVEL2_BLO": "B26", "LEVEL3_SUR": "19", "Surv_Sect": "19", "SHAPE_AREA": 641.07392345720382, "owner_count": 0, "owners_json": [ ], "top_operator": "", "top_owner": "", "max_propensity_score": 0, "field_name": "Unknown", "production_status": "none", "pdp_well_count": 0, "pud_well_count": 0, "well_count": 0, "permit_count": 0 }, "geometry": { "type": "Polygon", "coordinates": [ [ [ -102.63797950358132, 31.506053335670103 ], [ -102.642366633868932, 31.520052228514583 ], [ -102.626059888598604, 31.524065044720114 ], [ -102.625435307473595, 31.52200114189877 ], [ -102.621762344013092, 31.509856143664791 ], [ -102.625435359183683, 31.508995019814996 ], [ -102.63797950358132, 31.506053335670103 ] ] ] } },
{ "type": "Feature", "properties": { "ABSTRACT_L": "A-1267", "ABSTRACT_N": "1031267", "LEVEL1_SUR": "PSL", "LEVEL2_BLO": "B26", "LEVEL3_SUR": "20", "Surv_Sect": "20", "SHAPE_AREA": 645.33602752461297, "owner_count": 0, "owners_json": [ ], "top_operator": "", "top_owner": "", "max_propensity_score": 0, "field_name": "Unknown", "production_status": "none", "pdp_well_count": 0, "pud_well_count": 0, "well_count": 0, "permit_count": 0 }, "geometry": { "type": "Polygon", "coordinates": [ [ [ -102.605360048449441, 31.513760352660082 ], [ -102.621762344013092, 31.509856143664791 ], [ -102.625435307473595, 31.52200114189877 ], [ -102.626059888598604, 31.524065044720114 ], [ -102.625435613411895, 31.524211797277264 ], [ -102.6098277417791, 31.527874152061347 ], [ -102.605360048449441, 31.513760352660082 ] ] ] } },
{ "type": "Feature", "properties": { "ABSTRACT_L": "A-1268", "ABSTRACT_N": "1031268", "LEVEL1_SUR": "PSL", "LEVEL2_BLO": "B26", "LEVEL3_SUR": "21", "Surv_Sect": "21", "SHAPE_AREA": 641.84928104504445, "owner_count": 0, "owners_json": [ ], "top_operator": "", "top_owner": "", "max_propensity_score": 0, "field_name": "Unknown", "production_status": "none", "pdp_well_count": 0, "pud_well_count": 0, "well_count": 0, "permit_count": 0 }, "geometry": { "type": "Polygon", "coordinates": [ [ [ -102.605360048449441, 31.513760352660082 ], [ -102.6098277417791, 31.527874152061347 ], [ -102.593636258713119, 31.531732647683985 ], [ -102.589051907427915, 31.517646816564397 ], [ -102.605360048449441, 31.513760352660082 ] ] ] } },
{ "type": "Feature", "properties": { "ABSTRACT_L": "A-1269", "ABSTRACT_N": "1031269", "LEVEL1_SUR": "PSL", "LEVEL2_BLO": "B26", "LEVEL3_SUR": "22", "Surv_Sect": "22", "SHAPE_AREA": 640.47805456649735, "owner_count": 0, "owners_json": [ ], "top_operator": "", "top_owner": "", "max_propensity_score": 0, "field_name": "Unknown", "production_status": "none", "pdp_well_count": 0, "pud_well_count": 0, "well_count": 0, "permit_count": 0 }, "geometry": { "type": "Polygon", "coordinates": [ [ [ -102.589051907427915, 31.517646816564397 ], [ -102.593636258713119, 31.531732647683985 ], [ -102.577349319546244, 31.535611615994988 ], [ -102.577274106604079, 31.535384066621045 ], [ -102.572921150294931, 31.521473354526851 ], [ -102.589051907427915, 31.517646816564397 ] ] ] } },
{ "type": "Feature", "properties": { "ABSTRACT_L": "A-127", "ABSTRACT_N": "103127", "LEVEL1_SUR": "H&TC RR CO", "LEVEL2_BLO": "2", "LEVEL3_SUR": "13", "Surv_Sect": "13", "SHAPE_AREA": 635.52295565412896, "owner_count": 0, "owners_json": [ ], "top_operator": "", "top_owner": "", "max_propensity_score": 0, "field_name": "Unknown", "production_status": "none", "pdp_well_count": 0, "pud_well_count": 0, "well_count": 0, "permit_count": 0 }, "geometry": { "type": "Polygon", "coordinates": [ [ [ -102.525026087405564, 31.329114298730055 ], [ -102.530854130212887, 31.333616098535437 ], [ -102.530799072394274, 31.336515015307558 ], [ -102.546081815338383, 31.336570626326807 ], [ -102.533591716809994, 31.349173226847334 ], [ -102.530240217769446, 31.346600146701025 ], [ -102.517131761599771, 31.33705573622413 ], [ -102.525026087405564, 31.329114298730055 ] ] ] } },
{ "type": "Feature", "properties": { "ABSTRACT_L": "A-1270", "ABSTRACT_N": "1031270", "LEVEL1_SUR": "PSL", "LEVEL2_BLO": "B26", "LEVEL3_SUR": "27", "Surv_Sect": "27", "SHAPE_AREA": 664.14600805409361, "owner_count": 0, "owners_json": [ ], "top_operator": "", "top_owner": "", "max_propensity_score": 0, "field_name": "Unknown", "production_status": "none", "pdp_well_count": 0, "pud_well_count": 0, "well_count": 0, "permit_count": 0 }, "geometry": { "type": "Polygon", "coordinates": [ [ [ -102.584159413539595, 31.502852902223669 ], [ -102.589051907427915, 31.517646816564397 ], [ -102.572921150294931, 31.521473354526851 ], [ -102.568270614770626, 31.506665187211663 ], [ -102.580787885219138, 31.503662044139841 ], [ -102.584159413539595, 31.502852902223669 ] ] ] } },
{ "type": "Feature", "properties": { "ABSTRACT_L": "A-1271", "ABSTRACT_N": "1031271", "LEVEL1_SUR": "PSL", "LEVEL2_BLO": "B26", "LEVEL3_SUR": "28", "Surv_Sect": "28", "SHAPE_AREA": 679.17022734211946, "owner_count": 0, "owners_json": [ ], "top_operator": "", "top_owner": "", "max_propensity_score": 0, "field_name": "Unknown", "production_status": "none", "pdp_well_count": 0, "pud_well_count": 0, "well_count": 0, "permit_count": 0 }, "geometry": { "type": "Polygon", "coordinates": [ [ [ -102.6005133936481, 31.498926650759543 ], [ -102.600907640253808, 31.500133396413009 ], [ -102.600908200847201, 31.500135111621908 ], [ -102.605360048449441, 31.513760352660082 ], [ -102.589051907427915, 31.517646816564397 ], [ -102.584159413539595, 31.502852902223669 ], [ -102.594761400532747, 31.50030785750376 ], [ -102.594768052112158, 31.500306259453296 ], [ -102.597147311101551, 31.49973497318194 ], [ -102.6005133936481, 31.498926650759543 ] ] ] } },
{ "type": "Feature", "properties": { "ABSTRACT_L": "A-1272", "ABSTRACT_N": "1031272", "LEVEL1_SUR": "PSL", "LEVEL2_BLO": "B26", "LEVEL3_SUR": "29", "Surv_Sect": "29", "SHAPE_AREA": 681.65130355018175, "owner_count": 0, "owners_json": [ ], "top_operator": "", "top_owner": "", "max_propensity_score": 0, "field_name": "Unknown", "production_status": "none", "pdp_well_count": 0, "pud_well_count": 0, "well_count": 0, "permit_count": 0 }, "geometry": { "type": "Polygon", "coordinates": [ [ [ -102.616825817115526, 31.495007976880757 ], [ -102.61852946839042, 31.500133335817871 ], [ -102.618529792268276, 31.500134312878163 ], [ -102.621762344013092, 31.509856143664791 ], [ -102.605360048449441, 31.513760352660082 ], [ -102.600908200847201, 31.500135111621908 ], [ -102.600907640253808, 31.500133396413009 ], [ -102.6005133936481, 31.498926650759543 ], [ -102.613423542599207, 31.495825484620703 ], [ -102.616825817115526, 31.495007976880757 ] ] ] } },
{ "type": "Feature", "properties": { "ABSTRACT_L": "A-1273", "ABSTRACT_N": "1031273", "LEVEL1_SUR": "PSL", "LEVEL2_BLO": "B26", "LEVEL3_SUR": "30", "Surv_Sect": "30", "SHAPE_AREA": 684.86187741663855, "owner_count": 0, "owners_json": [ ], "top_operator": "", "top_owner": "", "max_propensity_score": 0, "field_name": "Unknown", "production_status": "none", "pdp_well_count": 0, "pud_well_count": 0, "well_count": 0, "permit_count": 0 }, "geometry": { "type": "Polygon", "coordinates": [ [ [ -102.63334134373136, 31.491038074520784 ], [ -102.633644146875213, 31.491963131142153 ], [ -102.636157944134439, 31.500133244819715 ], [ -102.636158305801814, 31.500134420543105 ], [ -102.637954034393132, 31.505970570843694 ], [ -102.63797950358132, 31.506053335670103 ], [ -102.625435359183683, 31.508995019814996 ], [ -102.621762344013092, 31.509856143664791 ], [ -102.618529792268276, 31.500134312878163 ], [ -102.61852946839042, 31.500133335817871 ], [ -102.616825817115526, 31.495007976880757 ], [ -102.625492791175134, 31.492924966895291 ], [ -102.629861525277605, 31.49187473410387 ], [ -102.63334134373136, 31.491038074520784 ] ] ] } },
{ "type": "Feature", "properties": { "ABSTRACT_L": "A-1274", "ABSTRACT_N": "1031274", "LEVEL1_SUR": "PSL", "LEVEL2_BLO": "B27", "LEVEL3_SUR": "4", "Surv_Sect": "4", "SHAPE_AREA": 653.01772030667428, "owner_count": 0, "owners_json": [ ], "top_operator": "", "top_owner": "", "max_propensity_score": 0, "field_name": "Unknown", "production_status": "none", "pdp_well_count": 0, "pud_well_count": 0, "well_count": 0, "permit_count": 0 }, "geometry": { "type": "Polygon", "coordinates": [ [ [ -102.698951997973197, 31.476632636942973 ], [ -102.682514169209568, 31.480437487061369 ], [ -102.678014064735933, 31.466234315882254 ], [ -102.694380231000764, 31.462373675020437 ], [ -102.698951997973197, 31.476632636942973 ] ] ] } },
{ "type": "Feature", "properties": { "ABSTRACT_L": "A-1275", "ABSTRACT_N": "1031275", "LEVEL1_SUR": "PSL", "LEVEL2_BLO": "B27", "LEVEL3_SUR": "5", "Surv_Sect": "5", "SHAPE_AREA": 652.54591453877958, "owner_count": 0, "owners_json": [ ], "top_operator": "", "top_owner": "", "max_propensity_score": 0, "field_name": "Unknown", "production_status": "none", "pdp_well_count": 0, "pud_well_count": 0, "well_count": 0, "permit_count": 0 }, "geometry": { "type": "Polygon", "coordinates": [ [ [ -102.71522055911575, 31.472832620426772 ], [ -102.698951997973197, 31.476632636942973 ], [ -102.694380231000764, 31.462373675020437 ], [ -102.710758574957524, 31.458507244252971 ], [ -102.71522055911575, 31.472832620426772 ] ] ] } },
{ "type": "Feature", "properties": { "ABSTRACT_L": "A-1276", "ABSTRACT_N": "1031276", "LEVEL1_SUR": "PSL", "LEVEL2_BLO": "B27", "LEVEL3_SUR": "6", "Surv_Sect": "6", "SHAPE_AREA": 650.44780615854199, "owner_count": 0, "owners_json": [ ], "top_operator": "", "top_owner": "", "max_propensity_score": 0, "field_name": "Unknown", "production_status": "none", "pdp_well_count": 0, "pud_well_count": 0, "well_count": 0, "permit_count": 0 }, "geometry": { "type": "Polygon", "coordinates": [ [ [ -102.706272430613836, 31.444370623837944 ], [ -102.710758574957524, 31.458507244252971 ], [ -102.694380231000764, 31.462373675020437 ], [ -102.68985602992943, 31.448145182083049 ], [ -102.706272430613836, 31.444370623837944 ] ] ] } },
{ "type": "Feature", "properties": { "ABSTRACT_L": "A-1277", "ABSTRACT_N": "1031277", "LEVEL1_SUR": "PSL", "LEVEL2_BLO": "B27", "LEVEL3_SUR": "7", "Surv_Sect": "7", "SHAPE_AREA": 652.18380603349544, "owner_count": 0, "owners_json": [ ], "top_operator": "", "top_owner": "", "max_propensity_score": 0, "field_name": "Unknown", "production_status": "none", "pdp_well_count": 0, "pud_well_count": 0, "well_count": 0, "permit_count": 0 }, "geometry": { "type": "Polygon", "coordinates": [ [ [ -102.68985602992943, 31.448145182083049 ], [ -102.694380231000764, 31.462373675020437 ], [ -102.678014064735933, 31.466234315882254 ], [ -102.673471133643005, 31.452015317219136 ], [ -102.68985602992943, 31.448145182083049 ] ] ] } },
{ "type": "Feature", "properties": { "ABSTRACT_L": "A-1278", "ABSTRACT_N": "1031278", "LEVEL1_SUR": "PSL", "LEVEL2_BLO": "B28", "LEVEL3_SUR": "1", "Surv_Sect": "1", "SHAPE_AREA": 327.0873775114157, "owner_count": 0, "owners_json": [ ], "top_operator": "", "top_owner": "", "max_propensity_score": 0, "field_name": "Unknown", "production_status": "none", "pdp_well_count": 0, "pud_well_count": 0, "well_count": 0, "permit_count": 0 }, "geometry": { "type": "Polygon", "coordinates": [ [ [ -102.723431708704354, 31.470900328072052 ], [ -102.71522055911575, 31.472832620426772 ], [ -102.710758574957524, 31.458507244252971 ], [ -102.718880688814878, 31.456588060175672 ], [ -102.723431708704354, 31.470900328072052 ] ] ] } },
{ "type": "Feature", "properties": { "ABSTRACT_L": "A-1279", "ABSTRACT_N": "1031279", "LEVEL1_SUR": "PSL", "LEVEL2_BLO": "B28", "LEVEL3_SUR": "10", "Surv_Sect": "10", "SHAPE_AREA": 323.0104415097764, "owner_count": 0, "owners_json": [ ], "top_operator": "", "top_owner": "", "max_propensity_score": 0, "field_name": "Unknown", "production_status": "none", "pdp_well_count": 0, "pud_well_count": 0, "well_count": 0, "permit_count": 0 }, "geometry": { "type": "Polygon", "coordinates": [ [ [ -102.714506502111377, 31.442464492904566 ], [ -102.718880688814878, 31.456588060175672 ], [ -102.710758574957524, 31.458507244252971 ], [ -102.706272430613836, 31.444370623837944 ], [ -102.714506502111377, 31.442464492904566 ] ] ] } },
{ "type": "Feature", "properties": { "ABSTRACT_L": "A-128", "ABSTRACT_N": "103128", "LEVEL1_SUR": "H&TC RR CO", "LEVEL2_BLO": "2", "LEVEL3_SUR": "15", "Surv_Sect": "15", "SHAPE_AREA": 653.06463555722917, "owner_count": 0, "owners_json": [ ], "top_operator": "", "top_owner": "", "max_propensity_score": 0, "field_name": "Unknown", "production_status": "none", "pdp_well_count": 0, "pud_well_count": 0, "well_count": 0, "permit_count": 0 }, "geometry": { "type": "Polygon", "coordinates": [ [ [ -102.533838014915247, 31.289802997486085 ], [ -102.538274866471141, 31.293047826023013 ], [ -102.540897761290438, 31.290412798393625 ], [ -102.547362001111111, 31.295133816762863 ], [ -102.555054552984075, 31.287477042820996 ], [ -102.561997829267838, 31.292616881822887 ], [ -102.562004465288837, 31.292621792544502 ], [ -102.560955744614475, 31.293688873743886 ], [ -102.554724241456142, 31.300028837437424 ], [ -102.531497815616447, 31.299708913127571 ], [ -102.527155143368191, 31.296392104856974 ], [ -102.527169818232849, 31.296377566150813 ], [ -102.533838014915247, 31.289802997486085 ] ] ] } },
{ "type": "Feature", "properties": { "ABSTRACT_L": "A-1280", "ABSTRACT_N": "1031280", "LEVEL1_SUR": "PSL", "LEVEL2_BLO": "B28", "LEVEL3_SUR": "11", "Surv_Sect": "11", "SHAPE_AREA": 320.76120813652881, "owner_count": 0, "owners_json": [ ], "top_operator": "", "top_owner": "", "max_propensity_score": 0, "field_name": "Unknown", "production_status": "none", "pdp_well_count": 0, "pud_well_count": 0, "well_count": 0, "permit_count": 0 }, "geometry": { "type": "Polygon", "coordinates": [ [ [ -102.714506502111377, 31.442464492904566 ], [ -102.706272430613836, 31.444370623837944 ], [ -102.701816352040339, 31.430427187636237 ], [ -102.709994761559727, 31.428492873379948 ], [ -102.714506502111377, 31.442464492904566 ] ] ] } },
{ "type": "Feature", "properties": { "ABSTRACT_L": "A-1281", "ABSTRACT_N": "1031281", "LEVEL1_SUR": "PSL", "LEVEL2_BLO": "B28", "LEVEL3_SUR": "21", "Surv_Sect": "21", "SHAPE_AREA": 458.92398032871171, "owner_count": 0, "owners_json": [ ], "top_operator": "", "top_owner": "", "max_propensity_score": 0, "field_name": "Unknown", "production_status": "none", "pdp_well_count": 0, "pud_well_count": 0, "well_count": 0, "permit_count": 0 }, "geometry": { "type": "Polygon", "coordinates": [ [ [ -102.695567870405739, 31.410345941098804 ], [ -102.705828964379023, 31.417735105054032 ], [ -102.718182566869999, 31.426547534405579 ], [ -102.709994761559727, 31.428492873379948 ], [ -102.701816352040339, 31.430427187636237 ], [ -102.69744681580093, 31.416421238373943 ], [ -102.695567870405739, 31.410345941098804 ] ] ] } },
{ "type": "Feature", "properties": { "ABSTRACT_L": "A-1282", "ABSTRACT_N": "1031282", "LEVEL1_SUR": "PSL", "LEVEL2_BLO": "B28", "LEVEL3_SUR": "22", "Surv_Sect": "22", "SHAPE_AREA": 174.18793280088209, "owner_count": 0, "owners_json": [ ], "top_operator": "", "top_owner": "", "max_propensity_score": 0, "field_name": "Unknown", "production_status": "none", "pdp_well_count": 0, "pud_well_count": 0, "well_count": 0, "permit_count": 0 }, "geometry": { "type": "Polygon", "coordinates": [ [ [ -102.734915919508708, 31.422606465413129 ], [ -102.720404932736542, 31.426040060898089 ], [ -102.729743003153473, 31.416472405100475 ], [ -102.73209802287171, 31.414053827494556 ], [ -102.734915919508708, 31.422606465413129 ] ] ] } },
{ "type": "Feature", "properties": { "ABSTRACT_L": "A-1283", "ABSTRACT_N": "1031283", "LEVEL1_SUR": "H&TC RR CO", "LEVEL2_BLO": "4", "LEVEL3_SUR": "38", "Surv_Sect": "38", "SHAPE_AREA": 156.16070247366176, "owner_count": 0, "owners_json": [ ], "top_operator": "", "top_owner": "", "max_propensity_score": 0, "field_name": "Unknown", "production_status": "none", "pdp_well_count": 0, "pud_well_count": 0, "well_count": 0, "permit_count": 0 }, "geometry": { "type": "Polygon", "coordinates": [ [ [ -102.758874703768697, 31.342313253875719 ], [ -102.75229553072063, 31.337454809046829 ], [ -102.757577259955468, 31.332251761298981 ], [ -102.764156311960306, 31.337109972625996 ], [ -102.758874703768697, 31.342313253875719 ] ] ] } },
{ "type": "Feature", "properties": { "ABSTRACT_L": "A-1284", "ABSTRACT_N": "1031284", "LEVEL1_SUR": "PSL", "LEVEL2_BLO": "B18", "LEVEL3_SUR": "22", "Surv_Sect": "22", "SHAPE_AREA": 98.743653794546844, "owner_count": 0, "owners_json": [ ], "top_operator": "", "top_owner": "", "max_propensity_score": 0, "field_name": "Unknown", "production_status": "none", "pdp_well_count": 0, "pud_well_count": 0, "well_count": 0, "permit_count": 0 }, "geometry": { "type": "Polygon", "coordinates": [ [ [ -102.761785303120618, 31.552900216431631 ], [ -102.766152492941487, 31.566696768140059 ], [ -102.763523757000343, 31.567300934631671 ], [ -102.759285172675717, 31.553480943867989 ], [ -102.761785303120618, 31.552900216431631 ] ] ] } },
{ "type": "Feature", "properties": { "ABSTRACT_L": "A-1285", "ABSTRACT_N": "1031285", "LEVEL1_SUR": "H&TC RR CO", "LEVEL2_BLO": "1", "LEVEL3_SUR": "16", "Surv_Sect": "16", "SHAPE_AREA": 338.20017753239108, "owner_count": 0, "owners_json": [ ], "top_operator": "", "top_owner": "", "max_propensity_score": 0, "field_name": "Unknown", "production_status": "none", "pdp_well_count": 0, "pud_well_count": 0, "well_count": 0, "permit_count": 0 }, "geometry": { "type": "Polygon", "coordinates": [ [ [ -102.583885662892754, 31.303712863736742 ], [ -102.585576152733381, 31.301971847305314 ], [ -102.6075070122874, 31.279783672624678 ], [ -102.607545810792317, 31.279807214292234 ], [ -102.6077311922229, 31.27983510896517 ], [ -102.608031389403465, 31.279857278907421 ], [ -102.608312459595595, 31.279912837389784 ], [ -102.60846555231862, 31.28010509412773 ], [ -102.608465653932825, 31.280253678513628 ], [ -102.608382426544438, 31.280358535418905 ], [ -102.608325098120275, 31.28042985974125 ], [ -102.608107654063318, 31.280561502417278 ], [ -102.60785207504675, 31.280588641455971 ], [ -102.607526307992003, 31.280698403199736 ], [ -102.607200206944412, 31.28079713054963 ], [ -102.606771945399288, 31.280923385617179 ], [ -102.606592881863463, 31.281038418242638 ], [ -102.60659296272074, 31.281302557878007 ], [ -102.606663142215254, 31.281495130671985 ], [ -102.606873949524484, 31.281660102078973 ], [ -102.607052830799446, 31.281699148291494 ], [ -102.607353033493055, 31.281721312921434 ], [ -102.607570148601411, 31.281694241052637 ], [ -102.608068626764791, 31.281644986047908 ], [ -102.608343280391466, 31.281612626681731 ], [ -102.608682207656912, 31.281557647893962 ], [ -102.60893117700239, 31.281552631595392 ], [ -102.609385011909751, 31.281685200987376 ], [ -102.609595515580949, 31.281839161409067 ], [ -102.609761833705193, 31.282031865474515 ], [ -102.609972131724646, 31.28252701205502 ], [ -102.610054882163496, 31.282841075493351 ], [ -102.610099530777731, 31.283182052789194 ], [ -102.609946146919668, 31.283429323979153 ], [ -102.609773173548035, 31.283605465283134 ], [ -102.609409052947427, 31.283676101325945 ], [ -102.609204458212488, 31.283577023437161 ], [ -102.609051182535609, 31.283494135387159 ], [ -102.608776749273801, 31.2833896128801 ], [ -102.608559304771077, 31.283361650145224 ], [ -102.608297215427982, 31.283399961329948 ], [ -102.60804153738809, 31.283438122207745 ], [ -102.607926452425062, 31.283680519766015 ], [ -102.607964671036356, 31.283889542751169 ], [ -102.608162696049504, 31.284186833271001 ], [ -102.608354132875817, 31.28454961050355 ], [ -102.587055929920979, 31.30612837182219 ], [ -102.583885662892754, 31.303712863736742 ] ] ] } },
{ "type": "Feature", "properties": { "ABSTRACT_L": "A-1286", "ABSTRACT_N": "1031286", "LEVEL1_SUR": "PSL", "LEVEL2_BLO": "B22", "LEVEL3_SUR": "28", "Surv_Sect": "28", "SHAPE_AREA": 324.04540011980714, "owner_count": 0, "owners_json": [ ], "top_operator": "", "top_owner": "", "max_propensity_score": 0, "field_name": "Unknown", "production_status": "none", "pdp_well_count": 0, "pud_well_count": 0, "well_count": 0, "permit_count": 0 }, "geometry": { "type": "Polygon", "coordinates": [ [ [ -102.623521785009075, 31.570598501114322 ], [ -102.625435902652526, 31.576515594094531 ], [ -102.625839904931993, 31.577764749316568 ], [ -102.625435554035619, 31.577858204635717 ], [ -102.60959709995771, 31.581518066416976 ], [ -102.607395680554902, 31.574333384035835 ], [ -102.623521785009075, 31.570598501114322 ] ] ] } },
{ "type": "Feature", "properties": { "ABSTRACT_L": "A-1287", "ABSTRACT_N": "1031287", "LEVEL1_SUR": "H&TC RR CO", "LEVEL2_BLO": "6", "LEVEL3_SUR": "16", "Surv_Sect": "16", "SHAPE_AREA": 119.40632509262305, "owner_count": 0, "owners_json": [ ], "top_operator": "", "top_owner": "", "max_propensity_score": 0, "field_name": "Unknown", "production_status": "none", "pdp_well_count": 0, "pud_well_count": 0, "well_count": 0, "permit_count": 0 }, "geometry": { "type": "Polygon", "coordinates": [ [ [ -102.40775632991874, 31.199078193904594 ], [ -102.412787506579178, 31.202780700768376 ], [ -102.407451293820017, 31.208047961121448 ], [ -102.402537380628956, 31.204343374785452 ], [ -102.40775632991874, 31.199078193904594 ] ] ] } },
{ "type": "Feature", "properties": { "ABSTRACT_L": "A-1288", "ABSTRACT_N": "1031288", "LEVEL1_SUR": "H&TC RR CO", "LEVEL2_BLO": "1", "LEVEL3_SUR": "8", "Surv_Sect": "8", "SHAPE_AREA": 328.29929449022939, "owner_count": 0, "owners_json": [ ], "top_operator": "", "top_owner": "", "max_propensity_score": 0, "field_name": "Unknown", "production_status": "none", "pdp_well_count": 0, "pud_well_count": 0, "well_count": 0, "permit_count": 0 }, "geometry": { "type": "Polygon", "coordinates": [ [ [ -102.53845285589766, 31.264065392950851 ], [ -102.538408629685577, 31.264312514343988 ], [ -102.538268176825696, 31.264406065896022 ], [ -102.538108674299735, 31.264460782705161 ], [ -102.537897971770974, 31.264696715684817 ], [ -102.537802433045371, 31.265015699243925 ], [ -102.537873054901397, 31.265274333019281 ], [ -102.538074089183979, 31.265363734548675 ], [ -102.51619713378895, 31.287191705530098 ], [ -102.512908621987961, 31.284720135863328 ], [ -102.534949057127577, 31.262745540956917 ], [ -102.534976190460426, 31.262789424801213 ], [ -102.535110333695002, 31.262894097348308 ], [ -102.535379030620419, 31.263059438430307 ], [ -102.535628176804593, 31.263137108860871 ], [ -102.535928451868088, 31.263374021285721 ], [ -102.536088286701244, 31.263555945336122 ], [ -102.536178378958795, 31.263869220553627 ], [ -102.536184881835723, 31.264171751819248 ], [ -102.536044523750661, 31.264446901123716 ], [ -102.535853048525752, 31.264743673598865 ], [ -102.535866260956666, 31.265101102202735 ], [ -102.53604545288735, 31.265288129362975 ], [ -102.536396949988159, 31.265195260671096 ], [ -102.536626611614764, 31.264964447897803 ], [ -102.536742928835636, 31.26481441627331 ], [ -102.537045463705525, 31.26463018739766 ], [ -102.537450432059686, 31.26453696259545 ], [ -102.537725088881146, 31.264371995189958 ], [ -102.537922593202438, 31.264136321209904 ], [ -102.538012185818175, 31.26399835457617 ], [ -102.538193728269292, 31.263881380806669 ], [ -102.53820624118508, 31.263876584602876 ], [ -102.5382794447886, 31.263848528718242 ], [ -102.53845285589766, 31.264065392950851 ] ] ] } },
{ "type": "Feature", "properties": { "ABSTRACT_L": "A-1289", "ABSTRACT_N": "1031289", "LEVEL1_SUR": "H&TC RR CO", "LEVEL2_BLO": "1", "LEVEL3_SUR": "24", "Surv_Sect": "24", "SHAPE_AREA": 96.963825977644575, "owner_count": 0, "owners_json": [ ], "top_operator": "", "top_owner": "", "max_propensity_score": 0, "field_name": "Unknown", "production_status": "none", "pdp_well_count": 0, "pud_well_count": 0, "well_count": 0, "permit_count": 0 }, "geometry": { "type": "Polygon", "coordinates": [ [ [ -102.645186711573018, 31.332195731630151 ], [ -102.651835339633777, 31.336992813674815 ], [ -102.648652575068894, 31.340288042003806 ], [ -102.641999813623059, 31.335487877606866 ], [ -102.645186711573018, 31.332195731630151 ] ] ] } },
{ "type": "Feature", "properties": { "ABSTRACT_L": "A-129", "ABSTRACT_N": "103129", "LEVEL1_SUR": "H&TC RR CO", "LEVEL2_BLO": "2", "LEVEL3_SUR": "19", "Surv_Sect": "19", "SHAPE_AREA": 647.93136182829528, "owner_count": 0, "owners_json": [ ], "top_operator": "", "top_owner": "", "max_propensity_score": 0, "field_name": "Unknown", "production_status": "none", "pdp_well_count": 0, "pud_well_count": 0, "well_count": 0, "permit_count": 0 }, "geometry": { "type": "Polygon", "coordinates": [ [ [ -102.538768472258411, 31.360574756234207 ], [ -102.532102874389693, 31.367279555996955 ], [ -102.531367143618908, 31.366712027607097 ], [ -102.519161847193416, 31.357694247337971 ], [ -102.519153476846967, 31.357688095664038 ], [ -102.530240217769446, 31.346600146701025 ], [ -102.533591716809994, 31.349173226847334 ], [ -102.543114408637663, 31.356188432528171 ], [ -102.538768472258411, 31.360574756234207 ] ] ] } },
{ "type": "Feature", "properties": { "ABSTRACT_L": "A-1290", "ABSTRACT_N": "1031290", "LEVEL1_SUR": "H&TC RR CO", "LEVEL2_BLO": "1", "LEVEL3_SUR": "24", "Surv_Sect": "24", "SHAPE_AREA": 91.579646777994995, "owner_count": 0, "owners_json": [ ], "top_operator": "", "top_owner": "", "max_propensity_score": 0, "field_name": "Unknown", "production_status": "none", "pdp_well_count": 0, "pud_well_count": 0, "well_count": 0, "permit_count": 0 }, "geometry": { "type": "Polygon", "coordinates": [ [ [ -102.654253912905631, 31.322827397471404 ], [ -102.660890805044616, 31.327615691867319 ], [ -102.657880092873768, 31.330733623803717 ], [ -102.651239299919624, 31.325942409685233 ], [ -102.654253912905631, 31.322827397471404 ] ] ] } },
{ "type": "Feature", "properties": { "ABSTRACT_L": "A-1291", "ABSTRACT_N": "1031291", "LEVEL1_SUR": "H&TC RR CO", "LEVEL2_BLO": "1", "LEVEL3_SUR": "24", "Surv_Sect": "24", "SHAPE_AREA": 94.203419593759591, "owner_count": 0, "owners_json": [ ], "top_operator": "", "top_owner": "", "max_propensity_score": 0, "field_name": "Unknown", "production_status": "none", "pdp_well_count": 0, "pud_well_count": 0, "well_count": 0, "permit_count": 0 }, "geometry": { "type": "Polygon", "coordinates": [ [ [ -102.657356503582434, 31.319621190925389 ], [ -102.659531651423165, 31.321190544721098 ], [ -102.663989378635023, 31.324406481169277 ], [ -102.660890805044616, 31.327615691867319 ], [ -102.654253912905631, 31.322827397471404 ], [ -102.657356503582434, 31.319621190925389 ] ] ] } },
{ "type": "Feature", "properties": { "ABSTRACT_L": "A-1292", "ABSTRACT_N": "1031292", "LEVEL1_SUR": "H&TC RR CO", "LEVEL2_BLO": "1", "LEVEL3_SUR": "24", "Surv_Sect": "24", "SHAPE_AREA": 91.071371076069866, "owner_count": 0, "owners_json": [ ], "top_operator": "", "top_owner": "", "max_propensity_score": 0, "field_name": "Unknown", "production_status": "none", "pdp_well_count": 0, "pud_well_count": 0, "well_count": 0, "permit_count": 0 }, "geometry": { "type": "Polygon", "coordinates": [ [ [ -102.651239299919624, 31.325942409685233 ], [ -102.657880092873768, 31.330733623803717 ], [ -102.654887621802146, 31.333832395515394 ], [ -102.648242944774367, 31.329038275852557 ], [ -102.651239299919624, 31.325942409685233 ] ] ] } },
{ "type": "Feature", "properties": { "ABSTRACT_L": "A-1293", "ABSTRACT_N": "1031293", "LEVEL1_SUR": "H&TC RR CO", "LEVEL2_BLO": "1", "LEVEL3_SUR": "24", "Surv_Sect": "24", "SHAPE_AREA": 49.39910457328903, "owner_count": 0, "owners_json": [ ], "top_operator": "", "top_owner": "", "max_propensity_score": 0, "field_name": "Unknown", "production_status": "none", "pdp_well_count": 0, "pud_well_count": 0, "well_count": 0, "permit_count": 0 }, "geometry": { "type": "Polygon", "coordinates": [ [ [ -102.663883015583124, 31.315260991354045 ], [ -102.664062702677938, 31.31499727375969 ], [ -102.664129750227204, 31.314874141619974 ], [ -102.664316962708568, 31.314422493881196 ], [ -102.664464354044995, 31.314164949780864 ], [ -102.664594718696648, 31.313985485164814 ], [ -102.664758518434908, 31.313854852356126 ], [ -102.665028635085918, 31.31384377812363 ], [ -102.665250606797443, 31.313943774017503 ], [ -102.665385764829779, 31.314162494102185 ], [ -102.665396129067233, 31.314317051785284 ], [ -102.665359365815192, 31.314605352094489 ], [ -102.665265314162454, 31.314922325406592 ], [ -102.665143233038179, 31.315168336796226 ], [ -102.66501066969262, 31.315497816702631 ], [ -102.664999736926731, 31.315539004341716 ], [ -102.659531651423165, 31.321190544721098 ], [ -102.657356503582434, 31.319621190925389 ], [ -102.66136259279557, 31.315480876911824 ], [ -102.661452672842103, 31.315659000359602 ], [ -102.661704617491537, 31.315913845068362 ], [ -102.662069266455774, 31.31604461314102 ], [ -102.66246957352368, 31.316074906071535 ], [ -102.662612884692876, 31.316041680146974 ], [ -102.662834188016902, 31.315990369343858 ], [ -102.663107852888587, 31.315862989981195 ], [ -102.663394260053622, 31.315746360813787 ], [ -102.663577641199083, 31.315588160469325 ], [ -102.663657464283617, 31.315561145962125 ], [ -102.663731735908144, 31.315441434770907 ], [ -102.663883015583124, 31.315260991354045 ] ] ] } },
{ "type": "Feature", "properties": { "ABSTRACT_L": "A-1294", "ABSTRACT_N": "1031294", "LEVEL1_SUR": "H&TC RR CO", "LEVEL2_BLO": "1", "LEVEL3_SUR": "24", "Surv_Sect": "24", "SHAPE_AREA": 92.939172465299876, "owner_count": 0, "owners_json": [ ], "top_operator": "", "top_owner": "", "max_propensity_score": 0, "field_name": "Unknown", "production_status": "none", "pdp_well_count": 0, "pud_well_count": 0, "well_count": 0, "permit_count": 0 }, "geometry": { "type": "Polygon", "coordinates": [ [ [ -102.648242944774367, 31.329038275852557 ], [ -102.654887621802146, 31.333832395515394 ], [ -102.651835339633777, 31.336992813674815 ], [ -102.645186711573018, 31.332195731630151 ], [ -102.648242944774367, 31.329038275852557 ] ] ] } },
{ "type": "Feature", "properties": { "ABSTRACT_L": "A-1295", "ABSTRACT_N": "1031295", "LEVEL1_SUR": "H&TC RR CO", "LEVEL2_BLO": "1", "LEVEL3_SUR": "24", "Surv_Sect": "24", "SHAPE_AREA": 54.923855723049115, "owner_count": 0, "owners_json": [ ], "top_operator": "", "top_owner": "", "max_propensity_score": 0, "field_name": "Unknown", "production_status": "none", "pdp_well_count": 0, "pud_well_count": 0, "well_count": 0, "permit_count": 0 }, "geometry": { "type": "Polygon", "coordinates": [ [ [ -102.664999736926731, 31.315539004341716 ], [ -102.664905977003144, 31.31589205008553 ], [ -102.664769650597066, 31.316315845327601 ], [ -102.664651182089116, 31.3164620336909 ], [ -102.664418665690647, 31.316671114321661 ], [ -102.664170979107368, 31.317024264539835 ], [ -102.664039278653647, 31.317370234314282 ], [ -102.664043990589576, 31.317779413272344 ], [ -102.664137239447484, 31.31810355957731 ], [ -102.664282448332401, 31.318465825016517 ], [ -102.664339539374396, 31.318657955951529 ], [ -102.664348878672598, 31.318990005057177 ], [ -102.66431501900999, 31.319167484092521 ], [ -102.664269344763426, 31.319367217953204 ], [ -102.664177983341972, 31.319552056707497 ], [ -102.664150187477716, 31.319945402060032 ], [ -102.664238067480071, 31.320092876066052 ], [ -102.664402618953488, 31.320216733611844 ], [ -102.664439102139596, 31.320359754831436 ], [ -102.664388958585292, 31.320642819711018 ], [ -102.664307654554136, 31.320859038579929 ], [ -102.664268212840682, 31.321046406945158 ], [ -102.664272752938658, 31.321207646496649 ], [ -102.664389885276464, 31.321474132351309 ], [ -102.664620634075533, 31.321804715422662 ], [ -102.664780029363186, 31.322112305337004 ], [ -102.664783245485111, 31.322335734845545 ], [ -102.664789670034452, 31.322564161057727 ], [ -102.664912471951837, 31.323032192442529 ], [ -102.665075435700246, 31.323257398103703 ], [ -102.665088170619256, 31.323268389639736 ], [ -102.663989378635023, 31.324406481169277 ], [ -102.659531651423165, 31.321190544721098 ], [ -102.664999736926731, 31.315539004341716 ] ] ] } },
{ "type": "Feature", "properties": { "ABSTRACT_L": "A-1296", "ABSTRACT_N": "1031296", "LEVEL1_SUR": "CCSD&RGNG RR CO", "LEVEL2_BLO": "X", "LEVEL3_SUR": "2", "Surv_Sect": "2", "SHAPE_AREA": 323.22482621268603, "owner_count": 0, "owners_json": [ ], "top_operator": "", "top_owner": "", "max_propensity_score": 0, "field_name": "Unknown", "production_status": "none", "pdp_well_count": 0, "pud_well_count": 0, "well_count": 0, "permit_count": 0 }, "geometry": { "type": "Polygon", "coordinates": [ [ [ -102.354048383571183, 31.324498210294138 ], [ -102.356276336519443, 31.331399239555296 ], [ -102.339599085483584, 31.335066290472156 ], [ -102.337265760320079, 31.328145923662809 ], [ -102.354048383571183, 31.324498210294138 ] ] ] } },
{ "type": "Feature", "properties": { "ABSTRACT_L": "A-1299", "ABSTRACT_N": "1031299", "LEVEL1_SUR": "H&TC RR CO", "LEVEL2_BLO": "2", "LEVEL3_SUR": "24", "Surv_Sect": "24", "SHAPE_AREA": 266.93678087949485, "owner_count": 0, "owners_json": [ ], "top_operator": "", "top_owner": "", "max_propensity_score": 0, "field_name": "Unknown", "production_status": "none", "pdp_well_count": 0, "pud_well_count": 0, "well_count": 0, "permit_count": 0 }, "geometry": { "type": "Polygon", "coordinates": [ [ [ -102.56756598045952, 31.286888386628078 ], [ -102.574033748405654, 31.291625225723443 ], [ -102.574871763515162, 31.290724656297371 ], [ -102.578139888085857, 31.293129062665408 ], [ -102.581364793367101, 31.295350583953354 ], [ -102.57930323679129, 31.297394018843967 ], [ -102.579808653486594, 31.297762976829954 ], [ -102.576913499886189, 31.300744589636977 ], [ -102.563589987868724, 31.290987356758496 ], [ -102.56756598045952, 31.286888386628078 ] ] ] } },
{ "type": "Feature", "properties": { "ABSTRACT_L": "A-13", "ABSTRACT_N": "10313", "LEVEL1_SUR": "CCSD&RGNG RR CO", "LEVEL2_BLO": "F", "LEVEL3_SUR": "215", "Surv_Sect": "215", "SHAPE_AREA": 641.17015660453512, "owner_count": 0, "owners_json": [ ], "top_operator": "", "top_owner": "", "max_propensity_score": 0, "field_name": "Unknown", "production_status": "none", "pdp_well_count": 0, "pud_well_count": 0, "well_count": 0, "permit_count": 0 }, "geometry": { "type": "Polygon", "coordinates": [ [ [ -102.354174819774855, 31.406384821027462 ], [ -102.354712104964818, 31.406270517306076 ], [ -102.358182683944207, 31.416689672219299 ], [ -102.359298856839587, 31.420083653943518 ], [ -102.358758000989738, 31.420218674123866 ], [ -102.355467238471249, 31.421033702776079 ], [ -102.342926643396794, 31.423956490380153 ], [ -102.338271079872698, 31.409947260769982 ], [ -102.350793830357404, 31.407149106801821 ], [ -102.354174819774855, 31.406384821027462 ] ] ] } },
{ "type": "Feature", "properties": { "ABSTRACT_L": "A-130", "ABSTRACT_N": "103130", "LEVEL1_SUR": "H&TC RR CO", "LEVEL2_BLO": "2", "LEVEL3_SUR": "23", "Surv_Sect": "23", "SHAPE_AREA": 581.92657518352814, "owner_count": 0, "owners_json": [ ], "top_operator": "", "top_owner": "", "max_propensity_score": 0, "field_name": "Unknown", "production_status": "none", "pdp_well_count": 0, "pud_well_count": 0, "well_count": 0, "permit_count": 0 }, "geometry": { "type": "Polygon", "coordinates": [ [ [ -102.576913499886189, 31.300744589636977 ], [ -102.579808653486594, 31.297762976829954 ], [ -102.585576152733381, 31.301971847305314 ], [ -102.583885662892754, 31.303712863736742 ], [ -102.587055929920979, 31.30612837182219 ], [ -102.590226987314225, 31.308544283536111 ], [ -102.586499450859861, 31.312309152721923 ], [ -102.575154881575443, 31.323769281427072 ], [ -102.574311751677456, 31.324578786603901 ], [ -102.574710724377567, 31.303012974269762 ], [ -102.576913499886189, 31.300744589636977 ] ] ] } },
{ "type": "Feature", "properties": { "ABSTRACT_L": "A-1300", "ABSTRACT_N": "1031300", "LEVEL1_SUR": "H&TC RR CO", "LEVEL2_BLO": "6", "LEVEL3_SUR": "16", "Surv_Sect": "16", "SHAPE_AREA": 195.78815430594602, "owner_count": 0, "owners_json": [ ], "top_operator": "", "top_owner": "", "max_propensity_score": 0, "field_name": "Unknown", "production_status": "none", "pdp_well_count": 0, "pud_well_count": 0, "well_count": 0, "permit_count": 0 }, "geometry": { "type": "Polygon", "coordinates": [ [ [ -102.412787506579178, 31.202780700768376 ], [ -102.414289035183202, 31.203885604037591 ], [ -102.420948193423328, 31.208714400444119 ], [ -102.420507176314075, 31.209154623582851 ], [ -102.41552967922037, 31.2140332402778 ], [ -102.407451293820017, 31.208047961121448 ], [ -102.412787506579178, 31.202780700768376 ] ] ] } },
{ "type": "Feature", "properties": { "ABSTRACT_L": "A-1301", "ABSTRACT_N": "1031301", "LEVEL1_SUR": "H&TC RR CO", "LEVEL2_BLO": "35", "LEVEL3_SUR": "20", "Surv_Sect": "20", "SHAPE_AREA": 163.47412519491525, "owner_count": 0, "owners_json": [ ], "top_operator": "", "top_owner": "", "max_propensity_score": 0, "field_name": "Unknown", "production_status": "none", "pdp_well_count": 0, "pud_well_count": 0, "well_count": 0, "permit_count": 0 }, "geometry": { "type": "Polygon", "coordinates": [ [ [ -102.338128797907231, 31.178282267291927 ], [ -102.344735505643868, 31.183065740540304 ], [ -102.339282607257857, 31.188583369029246 ], [ -102.332664679289266, 31.183803606357444 ], [ -102.338128797907231, 31.178282267291927 ] ] ] } },
{ "type": "Feature", "properties": { "ABSTRACT_L": "A-1302", "ABSTRACT_N": "1031302", "LEVEL1_SUR": "H&TC RR CO", "LEVEL2_BLO": "35", "LEVEL3_SUR": "24", "Surv_Sect": "24", "SHAPE_AREA": 134.03787206724516, "owner_count": 0, "owners_json": [ ], "top_operator": "", "top_owner": "", "max_propensity_score": 0, "field_name": "Unknown", "production_status": "none", "pdp_well_count": 0, "pud_well_count": 0, "well_count": 0, "permit_count": 0 }, "geometry": { "type": "Polygon", "coordinates": [ [ [ -102.307145336230235, 31.174777714358456 ], [ -102.313964635002492, 31.179726675684027 ], [ -102.308532053946408, 31.185195798550286 ], [ -102.305910264946021, 31.183314195969388 ], [ -102.305262903162969, 31.176646486444959 ], [ -102.307145336230235, 31.174777714358456 ] ] ] } },
{ "type": "Feature", "properties": { "ABSTRACT_L": "A-1303", "ABSTRACT_N": "1031303", "LEVEL1_SUR": "GC&SF RR CO", "LEVEL2_BLO": "X4", "LEVEL3_SUR": "74", "Surv_Sect": "74", "SHAPE_AREA": 158.51730146731049, "owner_count": 0, "owners_json": [ ], "top_operator": "", "top_owner": "", "max_propensity_score": 0, "field_name": "Unknown", "production_status": "none", "pdp_well_count": 0, "pud_well_count": 0, "well_count": 0, "permit_count": 0 }, "geometry": { "type": "Polygon", "coordinates": [ [ [ -102.409623810509942, 31.288294460454413 ], [ -102.41190494963908, 31.295423566681677 ], [ -102.403961964301999, 31.297240030784494 ], [ -102.401681374487808, 31.290110780945891 ], [ -102.409623810509942, 31.288294460454413 ] ] ] } },
{ "type": "Feature", "properties": { "ABSTRACT_L": "A-1304", "ABSTRACT_N": "1031304", "LEVEL1_SUR": "H&TC RR CO", "LEVEL2_BLO": "2", "LEVEL3_SUR": "24", "Surv_Sect": "24", "SHAPE_AREA": 139.58507987388691, "owner_count": 0, "owners_json": [ ], "top_operator": "", "top_owner": "", "max_propensity_score": 0, "field_name": "Unknown", "production_status": "none", "pdp_well_count": 0, "pud_well_count": 0, "well_count": 0, "permit_count": 0 }, "geometry": { "type": "Polygon", "coordinates": [ [ [ -102.563589987868724, 31.290987356758496 ], [ -102.576913499886189, 31.300744589636977 ], [ -102.574710724377567, 31.303012974269762 ], [ -102.574760872920123, 31.300301465452339 ], [ -102.569877210016202, 31.300235306268096 ], [ -102.560955744614475, 31.293688873743886 ], [ -102.562004465288837, 31.292621792544502 ], [ -102.563589987868724, 31.290987356758496 ] ] ] } },
{ "type": "Feature", "properties": { "ABSTRACT_L": "A-1308", "ABSTRACT_N": "1031308", "LEVEL1_SUR": "H&TC RR CO", "LEVEL2_BLO": "6", "LEVEL3_SUR": "26", "Surv_Sect": "26", "SHAPE_AREA": 162.70747510884348, "owner_count": 0, "owners_json": [ ], "top_operator": "", "top_owner": "", "max_propensity_score": 0, "field_name": "Unknown", "production_status": "none", "pdp_well_count": 0, "pud_well_count": 0, "well_count": 0, "permit_count": 0 }, "geometry": { "type": "Polygon", "coordinates": [ [ [ -102.382679202045395, 31.189885050836327 ], [ -102.389583295089253, 31.194904904437784 ], [ -102.384329622782147, 31.200176537867534 ], [ -102.382009685223878, 31.198476132339913 ], [ -102.381822818311306, 31.198339162144205 ], [ -102.377518858161039, 31.195184283715033 ], [ -102.378755493799773, 31.193914437582059 ], [ -102.379900859289847, 31.192738271556259 ], [ -102.382679202045395, 31.189885050836327 ] ] ] } },
{ "type": "Feature", "properties": { "ABSTRACT_L": "A-1309", "ABSTRACT_N": "1031309", "LEVEL1_SUR": "H&TC RR CO", "LEVEL2_BLO": "6", "LEVEL3_SUR": "26", "Surv_Sect": "26", "SHAPE_AREA": 142.62009327730485, "owner_count": 0, "owners_json": [ ], "top_operator": "", "top_owner": "", "max_propensity_score": 0, "field_name": "Unknown", "production_status": "none", "pdp_well_count": 0, "pud_well_count": 0, "well_count": 0, "permit_count": 0 }, "geometry": { "type": "Polygon", "coordinates": [ [ [ -102.375570162094093, 31.186656352154706 ], [ -102.376415761643926, 31.185812881663921 ], [ -102.376695600112186, 31.185533741784809 ], [ -102.378699762030564, 31.186991251306655 ], [ -102.382679202045395, 31.189885050836327 ], [ -102.379900859289847, 31.192738271556259 ], [ -102.378755493799773, 31.193914437582059 ], [ -102.377518858161039, 31.195184283715033 ], [ -102.375576666670426, 31.19380080643376 ], [ -102.374751495481448, 31.193204369414662 ], [ -102.371448228881349, 31.190889355600916 ], [ -102.375570162094093, 31.186656352154706 ] ] ] } },
{ "type": "Feature", "properties": { "ABSTRACT_L": "A-131", "ABSTRACT_N": "103131", "LEVEL1_SUR": "H&TC RR CO", "LEVEL2_BLO": "2", "LEVEL3_SUR": "27", "Surv_Sect": "27", "SHAPE_AREA": 683.54756853885328, "owner_count": 0, "owners_json": [ ], "top_operator": "", "top_owner": "", "max_propensity_score": 0, "field_name": "Unknown", "production_status": "none", "pdp_well_count": 0, "pud_well_count": 0, "well_count": 0, "permit_count": 0 }, "geometry": { "type": "Polygon", "coordinates": [ [ [ -102.521919055948771, 31.287017811875302 ], [ -102.52828060232018, 31.291748628323873 ], [ -102.53177364040998, 31.288267937714132 ], [ -102.53381841894435, 31.289788667684583 ], [ -102.533838014915247, 31.289802997486085 ], [ -102.527169818232849, 31.296377566150813 ], [ -102.527155143368191, 31.296392104856974 ], [ -102.531497815616447, 31.299708913127571 ], [ -102.52585557628575, 31.30533083748691 ], [ -102.513308469717472, 31.295667805048154 ], [ -102.505285450341262, 31.289506722217432 ], [ -102.509153826906271, 31.285651383687313 ], [ -102.510813443505384, 31.286841529329401 ], [ -102.512908621987961, 31.284720135863328 ], [ -102.51619713378895, 31.287191705530098 ], [ -102.519340690527599, 31.289550454285937 ], [ -102.521919055948771, 31.287017811875302 ] ] ] } },
{ "type": "Feature", "properties": { "ABSTRACT_L": "A-1310", "ABSTRACT_N": "1031310", "LEVEL1_SUR": "H&TC RR CO", "LEVEL2_BLO": "35", "LEVEL3_SUR": "4", "Surv_Sect": "4", "SHAPE_AREA": 90.556540536404512, "owner_count": 0, "owners_json": [ ], "top_operator": "", "top_owner": "", "max_propensity_score": 0, "field_name": "Unknown", "production_status": "none", "pdp_well_count": 0, "pud_well_count": 0, "well_count": 0, "permit_count": 0 }, "geometry": { "type": "Polygon", "coordinates": [ [ [ -102.349418987283087, 31.200624454897895 ], [ -102.356649780457886, 31.205857290660685 ], [ -102.353885721579303, 31.208650450500734 ], [ -102.34664537715949, 31.203410598937253 ], [ -102.349418987283087, 31.200624454897895 ] ] ] } },
{ "type": "Feature", "properties": { "ABSTRACT_L": "A-1311", "ABSTRACT_N": "1031311", "LEVEL1_SUR": "GC&SF RR CO", "LEVEL2_BLO": "X4", "LEVEL3_SUR": "74", "Surv_Sect": "74", "SHAPE_AREA": 157.94303120886323, "owner_count": 0, "owners_json": [ ], "top_operator": "", "top_owner": "", "max_propensity_score": 0, "field_name": "Unknown", "production_status": "none", "pdp_well_count": 0, "pud_well_count": 0, "well_count": 0, "permit_count": 0 }, "geometry": { "type": "Polygon", "coordinates": [ [ [ -102.41190494963908, 31.295423566681677 ], [ -102.413515835485541, 31.300457275051034 ], [ -102.4141696243083, 31.302500087056117 ], [ -102.406243173033417, 31.30437010331838 ], [ -102.403961964301999, 31.297240030784494 ], [ -102.41190494963908, 31.295423566681677 ] ] ] } },
{ "type": "Feature", "properties": { "ABSTRACT_L": "A-1313", "ABSTRACT_N": "1031313", "LEVEL1_SUR": "H&TC RR CO", "LEVEL2_BLO": "1", "LEVEL3_SUR": "26", "Surv_Sect": "26", "SHAPE_AREA": 129.38845363980383, "owner_count": 0, "owners_json": [ ], "top_operator": "", "top_owner": "", "max_propensity_score": 0, "field_name": "Unknown", "production_status": "none", "pdp_well_count": 0, "pud_well_count": 0, "well_count": 0, "permit_count": 0 }, "geometry": { "type": "Polygon", "coordinates": [ [ [ -102.676529509652596, 31.327122694046132 ], [ -102.6768105367278, 31.326801842668061 ], [ -102.67704069728903, 31.326736553903181 ], [ -102.677464481737999, 31.326689274766519 ], [ -102.678004094705315, 31.326627912852647 ], [ -102.678557928936328, 31.326616469186533 ], [ -102.678788705211389, 31.326573176413881 ], [ -102.679082596099846, 31.326494858522459 ], [ -102.679288207316247, 31.3264685873133 ], [ -102.679604867975172, 31.326274262467333 ], [ -102.679739501477272, 31.32603347408741 ], [ -102.67974771563658, 31.325856521305951 ], [ -102.679749593720445, 31.325696208493561 ], [ -102.680076387558884, 31.325407413774876 ], [ -102.680719846355728, 31.325377590633163 ], [ -102.680953577646036, 31.325438796077353 ], [ -102.681238571584842, 31.325498940074457 ], [ -102.681373451227444, 31.325479625577611 ], [ -102.681678241466201, 31.325318545240041 ], [ -102.681869368720697, 31.32502156208545 ], [ -102.681993293060401, 31.324615202032671 ], [ -102.682139416801036, 31.324313660916335 ], [ -102.682445429846894, 31.32396957253243 ], [ -102.682690566925459, 31.323754681381885 ], [ -102.682975633882961, 31.323577504177464 ], [ -102.683390656401571, 31.323447154231289 ], [ -102.683759804192235, 31.323295734586431 ], [ -102.683969288783175, 31.323180653759341 ], [ -102.684473310732344, 31.323009935344007 ], [ -102.684833349795056, 31.322974944864875 ], [ -102.685289698751959, 31.322931786697382 ], [ -102.685520999568141, 31.322921509285027 ], [ -102.68585475246897, 31.322865048988447 ], [ -102.686157007123924, 31.3226152678121 ], [ -102.686476061925845, 31.322520617317803 ], [ -102.686759852293306, 31.322298739380063 ], [ -102.687298988970142, 31.322221513095823 ], [ -102.687648728856047, 31.322291298799687 ], [ -102.687991018492625, 31.322322710407605 ], [ -102.688280923773135, 31.322316694263588 ], [ -102.688359203424028, 31.322304235685728 ], [ -102.688479554358693, 31.322285077603315 ], [ -102.688705461883529, 31.322070573714409 ], [ -102.688845797085492, 31.321791135775474 ], [ -102.688926316778407, 31.321451711742188 ], [ -102.689034129182431, 31.321156439684334 ], [ -102.689448146597982, 31.32076608835337 ], [ -102.689896976769546, 31.320458231607834 ], [ -102.690535224541193, 31.320246180627343 ], [ -102.691428442487833, 31.319940079422288 ], [ -102.691631475022149, 31.31989740849172 ], [ -102.679097172474883, 31.332341331193607 ], [ -102.676138437502019, 31.330145040717241 ], [ -102.67642721962703, 31.330111553144899 ], [ -102.676821321604507, 31.329921124892689 ], [ -102.677051494344212, 31.329628845847164 ], [ -102.677261862328024, 31.329330777930299 ], [ -102.677409985833364, 31.329084891605333 ], [ -102.677456408760108, 31.328912659343636 ], [ -102.677501482916412, 31.32867920696593 ], [ -102.677501177784052, 31.328441210162978 ], [ -102.677495248669871, 31.328231546026178 ], [ -102.677399518276843, 31.328034035334433 ], [ -102.67731941756098, 31.327936637497007 ], [ -102.67709583569966, 31.327780289608611 ], [ -102.676892017688957, 31.32762973753325 ], [ -102.676673467864603, 31.327424459914443 ], [ -102.67665522609019, 31.327405783834145 ], [ -102.67655324578979, 31.327243694876898 ], [ -102.676529509652596, 31.327122694046132 ] ] ] } },
{ "type": "Feature", "properties": { "ABSTRACT_L": "A-1314", "ABSTRACT_N": "1031314", "LEVEL1_SUR": "H&TC RR CO", "LEVEL2_BLO": "1", "LEVEL3_SUR": "26", "Surv_Sect": "26", "SHAPE_AREA": 166.86375604477885, "owner_count": 0, "owners_json": [ ], "top_operator": "", "top_owner": "", "max_propensity_score": 0, "field_name": "Unknown", "production_status": "none", "pdp_well_count": 0, "pud_well_count": 0, "well_count": 0, "permit_count": 0 }, "geometry": { "type": "Polygon", "coordinates": [ [ [ -102.671545851522694, 31.328153269572073 ], [ -102.671572196246359, 31.32817634770716 ], [ -102.671761714779663, 31.328261188067422 ], [ -102.672096203772213, 31.328243269353521 ], [ -102.672365736576353, 31.328210187780584 ], [ -102.672905799398237, 31.328165346959757 ], [ -102.673033431640476, 31.328129702571395 ], [ -102.673143946544997, 31.328130373100496 ], [ -102.673252749144339, 31.32814401082069 ], [ -102.67357805054553, 31.328472716566502 ], [ -102.673740591020447, 31.328524391480279 ], [ -102.674166692660307, 31.328786610032029 ], [ -102.674453823057377, 31.328907945325163 ], [ -102.674765628498633, 31.329222061921932 ], [ -102.674999752912953, 31.329538449082314 ], [ -102.675270926383945, 31.329775674217981 ], [ -102.675604610042157, 31.329957272923217 ], [ -102.675897998138296, 31.330072952252031 ], [ -102.676138437502019, 31.330145040717241 ], [ -102.679097172474883, 31.332341331193607 ], [ -102.675376677154574, 31.336034131674296 ], [ -102.673446779980679, 31.337911012070737 ], [ -102.666843645229179, 31.333009021888181 ], [ -102.671545851522694, 31.328153269572073 ] ] ] } },
{ "type": "Feature", "properties": { "ABSTRACT_L": "A-1315", "ABSTRACT_N": "1031315", "LEVEL1_SUR": "H&TC RR CO", "LEVEL2_BLO": "1", "LEVEL3_SUR": "26", "Surv_Sect": "26", "SHAPE_AREA": 102.47924467011545, "owner_count": 0, "owners_json": [ ], "top_operator": "", "top_owner": "", "max_propensity_score": 0, "field_name": "Unknown", "production_status": "none", "pdp_well_count": 0, "pud_well_count": 0, "well_count": 0, "permit_count": 0 }, "geometry": { "type": "Polygon", "coordinates": [ [ [ -102.66347015153886, 31.336492258517463 ], [ -102.666843645229179, 31.333009021888181 ], [ -102.673446779980679, 31.337911012070737 ], [ -102.670735044089653, 31.340548087561409 ], [ -102.669939949739273, 31.341331260880175 ], [ -102.666577773238586, 31.33881666262625 ], [ -102.66347015153886, 31.336492258517463 ] ] ] } },
{ "type": "Feature", "properties": { "ABSTRACT_L": "A-1316", "ABSTRACT_N": "1031316", "LEVEL1_SUR": "H&TC RR CO", "LEVEL2_BLO": "1", "LEVEL3_SUR": "26", "Surv_Sect": "26", "SHAPE_AREA": 134.20333954647901, "owner_count": 0, "owners_json": [ ], "top_operator": "", "top_owner": "", "max_propensity_score": 0, "field_name": "Unknown", "production_status": "none", "pdp_well_count": 0, "pud_well_count": 0, "well_count": 0, "permit_count": 0 }, "geometry": { "type": "Polygon", "coordinates": [ [ [ -102.654145136233623, 31.346118821071911 ], [ -102.66347015153886, 31.336492258517463 ], [ -102.666577773238586, 31.33881666262625 ], [ -102.657282355967752, 31.348412943248235 ], [ -102.65494132428708, 31.346677563328026 ], [ -102.654145136233623, 31.346118821071911 ] ] ] } },
{ "type": "Feature", "properties": { "ABSTRACT_L": "A-1317", "ABSTRACT_N": "1031317", "LEVEL1_SUR": "H&TC RR CO", "LEVEL2_BLO": "6", "LEVEL3_SUR": "26", "Surv_Sect": "26", "SHAPE_AREA": 142.78889930155736, "owner_count": 0, "owners_json": [ ], "top_operator": "", "top_owner": "", "max_propensity_score": 0, "field_name": "Unknown", "production_status": "none", "pdp_well_count": 0, "pud_well_count": 0, "well_count": 0, "permit_count": 0 }, "geometry": { "type": "Polygon", "coordinates": [ [ [ -102.382006300951232, 31.180190495983791 ], [ -102.387905069636091, 31.184517719418814 ], [ -102.382679202045395, 31.189885050836327 ], [ -102.378699762030564, 31.186991251306655 ], [ -102.376695600112186, 31.185533741784809 ], [ -102.378452052820137, 31.183766613834546 ], [ -102.382006300951232, 31.180190495983791 ] ] ] } },
{ "type": "Feature", "properties": { "ABSTRACT_L": "A-1318", "ABSTRACT_N": "1031318", "LEVEL1_SUR": "H&TC RR CO", "LEVEL2_BLO": "35", "LEVEL3_SUR": "8", "Surv_Sect": "8", "SHAPE_AREA": 150.96630857061302, "owner_count": 0, "owners_json": [ ], "top_operator": "", "top_owner": "", "max_propensity_score": 0, "field_name": "Unknown", "production_status": "none", "pdp_well_count": 0, "pud_well_count": 0, "well_count": 0, "permit_count": 0 }, "geometry": { "type": "Polygon", "coordinates": [ [ [ -102.339985138944613, 31.19862690546087 ], [ -102.334404329279693, 31.204023430567045 ], [ -102.328389987798502, 31.199631946239382 ], [ -102.333829157153602, 31.194100663559585 ], [ -102.339985138944613, 31.19862690546087 ] ] ] } },
{ "type": "Feature", "properties": { "ABSTRACT_L": "A-1319", "ABSTRACT_N": "1031319", "LEVEL1_SUR": "PSL", "LEVEL2_BLO": "B28", "LEVEL3_SUR": "18", "Surv_Sect": "18", "SHAPE_AREA": 87.551011932205725, "owner_count": 0, "owners_json": [ ], "top_operator": "", "top_owner": "", "max_propensity_score": 0, "field_name": "Unknown", "production_status": "none", "pdp_well_count": 0, "pud_well_count": 0, "well_count": 0, "permit_count": 0 }, "geometry": { "type": "Polygon", "coordinates": [ [ [ -102.753997798461342, 31.398913972544253 ], [ -102.755149981822044, 31.402567773628746 ], [ -102.750438466468523, 31.403657566051944 ], [ -102.750438275299658, 31.4036576113796 ], [ -102.746578350980997, 31.404549762047495 ], [ -102.745426622475819, 31.400896378885598 ], [ -102.75219985963507, 31.399329869754595 ], [ -102.753997798461342, 31.398913972544253 ] ] ] } },
{ "type": "Feature", "properties": { "ABSTRACT_L": "A-132", "ABSTRACT_N": "103132", "LEVEL1_SUR": "H&TC RR CO", "LEVEL2_BLO": "2", "LEVEL3_SUR": "29", "Surv_Sect": "29", "SHAPE_AREA": 687.14715746445972, "owner_count": 0, "owners_json": [ ], "top_operator": "", "top_owner": "", "max_propensity_score": 0, "field_name": "Unknown", "production_status": "none", "pdp_well_count": 0, "pud_well_count": 0, "well_count": 0, "permit_count": 0 }, "geometry": { "type": "Polygon", "coordinates": [ [ [ -102.468464724802132, 31.271360608869049 ], [ -102.495170122214404, 31.291295088099311 ], [ -102.48958616469632, 31.296863395454704 ], [ -102.47660930109835, 31.287289059651709 ], [ -102.463724037454725, 31.27779493794322 ], [ -102.462701673599383, 31.277032304176895 ], [ -102.468464724802132, 31.271360608869049 ] ] ] } },
{ "type": "Feature", "properties": { "ABSTRACT_L": "A-1320", "ABSTRACT_N": "1031320", "LEVEL1_SUR": "H&TC RR CO", "LEVEL2_BLO": "2", "LEVEL3_SUR": "30", "Surv_Sect": "30", "SHAPE_AREA": 344.74752632803592, "owner_count": 0, "owners_json": [ ], "top_operator": "", "top_owner": "", "max_propensity_score": 0, "field_name": "Unknown", "production_status": "none", "pdp_well_count": 0, "pud_well_count": 0, "well_count": 0, "permit_count": 0 }, "geometry": { "type": "Polygon", "coordinates": [ [ [ -102.462577908598263, 31.256375085401405 ], [ -102.468760908330964, 31.26102275358393 ], [ -102.468468738347198, 31.261336482608872 ], [ -102.468701029455545, 31.261525339342331 ], [ -102.457280826265716, 31.272964187899749 ], [ -102.450858746558609, 31.26818224913281 ], [ -102.461061740437003, 31.257880736235041 ], [ -102.462577908598263, 31.256375085401405 ] ] ] } },
{ "type": "Feature", "properties": { "ABSTRACT_L": "A-1321", "ABSTRACT_N": "1031321", "LEVEL1_SUR": "H&TC RR CO", "LEVEL2_BLO": "2", "LEVEL3_SUR": "32", "Surv_Sect": "32", "SHAPE_AREA": 323.92669570399937, "owner_count": 0, "owners_json": [ ], "top_operator": "", "top_owner": "", "max_propensity_score": 0, "field_name": "Unknown", "production_status": "none", "pdp_well_count": 0, "pud_well_count": 0, "well_count": 0, "permit_count": 0 }, "geometry": { "type": "Polygon", "coordinates": [ [ [ -102.445941564085032, 31.28412690983258 ], [ -102.435045649533976, 31.295486115064975 ], [ -102.428543573584278, 31.290645389618462 ], [ -102.439721459819992, 31.279460042886107 ], [ -102.445941564085032, 31.28412690983258 ] ] ] } },
{ "type": "Feature", "properties": { "ABSTRACT_L": "A-1322", "ABSTRACT_N": "1031322", "LEVEL1_SUR": "CROSS, J F", "LEVEL2_BLO": null, "LEVEL3_SUR": "3", "Surv_Sect": "3", "SHAPE_AREA": 99.551385452872069, "owner_count": 0, "owners_json": [ ], "top_operator": "", "top_owner": "", "max_propensity_score": 0, "field_name": "Unknown", "production_status": "none", "pdp_well_count": 0, "pud_well_count": 0, "well_count": 0, "permit_count": 0 }, "geometry": { "type": "Polygon", "coordinates": [ [ [ -102.550592496081435, 31.348631964484316 ], [ -102.563426741427264, 31.358091814176102 ], [ -102.566218202335307, 31.360089112186518 ], [ -102.564802399792342, 31.36151278473811 ], [ -102.54916511697671, 31.350059824199718 ], [ -102.550592496081435, 31.348631964484316 ] ] ] } },
{ "type": "Feature", "properties": { "ABSTRACT_L": "A-1323", "ABSTRACT_N": "1031323", "LEVEL1_SUR": "H&TC RR CO", "LEVEL2_BLO": "35", "LEVEL3_SUR": "8", "Surv_Sect": "8", "SHAPE_AREA": 337.72199266160106, "owner_count": 0, "owners_json": [ ], "top_operator": "", "top_owner": "", "max_propensity_score": 0, "field_name": "Unknown", "production_status": "none", "pdp_well_count": 0, "pud_well_count": 0, "well_count": 0, "permit_count": 0 }, "geometry": { "type": "Polygon", "coordinates": [ [ [ -102.34664537715949, 31.203410598937253 ], [ -102.335673346238991, 31.214529323575466 ], [ -102.3287166552836, 31.209477335882614 ], [ -102.334404329279693, 31.204023430567045 ], [ -102.339985138944613, 31.19862690546087 ], [ -102.34664537715949, 31.203410598937253 ] ] ] } },
{ "type": "Feature", "properties": { "ABSTRACT_L": "A-1324", "ABSTRACT_N": "1031324", "LEVEL1_SUR": "H&TC RR CO", "LEVEL2_BLO": "2", "LEVEL3_SUR": "16", "Surv_Sect": "16", "SHAPE_AREA": 356.19854649523973, "owner_count": 0, "owners_json": [ ], "top_operator": "", "top_owner": "", "max_propensity_score": 0, "field_name": "Unknown", "production_status": "none", "pdp_well_count": 0, "pud_well_count": 0, "well_count": 0, "permit_count": 0 }, "geometry": { "type": "Polygon", "coordinates": [ [ [ -102.531218931802215, 31.314402476713457 ], [ -102.531042446153108, 31.323698602759141 ], [ -102.531042448158175, 31.323698678383462 ], [ -102.53094533723916, 31.328813037385835 ], [ -102.530943453388119, 31.328912138201712 ], [ -102.530854130212887, 31.333616098535437 ], [ -102.525026087405564, 31.329114298730055 ], [ -102.52807602131216, 31.326062687808758 ], [ -102.514821043137786, 31.316207927384824 ], [ -102.531218931802215, 31.314402476713457 ] ] ] } },
{ "type": "Feature", "properties": { "ABSTRACT_L": "A-1325", "ABSTRACT_N": "1031325", "LEVEL1_SUR": "H&TC RR CO", "LEVEL2_BLO": "2", "LEVEL3_SUR": "8", "Surv_Sect": "8", "SHAPE_AREA": 317.72398493283282, "owner_count": 0, "owners_json": [ ], "top_operator": "", "top_owner": "", "max_propensity_score": 0, "field_name": "Unknown", "production_status": "none", "pdp_well_count": 0, "pud_well_count": 0, "well_count": 0, "permit_count": 0 }, "geometry": { "type": "Polygon", "coordinates": [ [ [ -102.500431034318893, 31.324638187059779 ], [ -102.491118273637568, 31.317624801081728 ], [ -102.500431076891502, 31.317069113857343 ], [ -102.514821043137786, 31.316207927384824 ], [ -102.503766110919415, 31.327149731799071 ], [ -102.500431099649219, 31.324638233947937 ], [ -102.500431034318893, 31.324638187059779 ] ] ] } },
{ "type": "Feature", "properties": { "ABSTRACT_L": "A-1326", "ABSTRACT_N": "1031326", "LEVEL1_SUR": "T&P RR CO", "LEVEL2_BLO": "44 T3S", "LEVEL3_SUR": "34", "Surv_Sect": "34", "SHAPE_AREA": 80.493476291997538, "owner_count": 0, "owners_json": [ ], "top_operator": "", "top_owner": "", "max_propensity_score": 0, "field_name": "Unknown", "production_status": "none", "pdp_well_count": 0, "pud_well_count": 0, "well_count": 0, "permit_count": 0 }, "geometry": { "type": "Polygon", "coordinates": [ [ [ -102.487634622940632, 31.647650626843753 ], [ -102.488816365320048, 31.651268035297743 ], [ -102.47168959029176, 31.651260511358263 ], [ -102.487634622940632, 31.647650626843753 ] ] ] } },
{ "type": "Feature", "properties": { "ABSTRACT_L": "A-1327", "ABSTRACT_N": "1031327", "LEVEL1_SUR": "T&P RR CO", "LEVEL2_BLO": "42 T4S", "LEVEL3_SUR": "8", "Surv_Sect": "8", "SHAPE_AREA": 10.393088957480666, "owner_count": 0, "owners_json": [ ], "top_operator": "", "top_owner": "", "max_propensity_score": 0, "field_name": "Unknown", "production_status": "none", "pdp_well_count": 0, "pud_well_count": 0, "well_count": 0, "permit_count": 0 }, "geometry": { "type": "Polygon", "coordinates": [ [ [ -102.346092811635671, 31.65008081416714 ], [ -102.346587744229097, 31.649970739718853 ], [ -102.346993636564761, 31.651255957586859 ], [ -102.340772801731362, 31.651263865465591 ], [ -102.346092811635671, 31.65008081416714 ] ] ] } },
{ "type": "Feature", "properties": { "ABSTRACT_L": "A-1328", "ABSTRACT_N": "1031328", "LEVEL1_SUR": "H&TC RR CO", "LEVEL2_BLO": "35", "LEVEL3_SUR": "26", "Surv_Sect": "26", "SHAPE_AREA": 329.0263676006374, "owner_count": 0, "owners_json": [ ], "top_operator": "", "top_owner": "", "max_propensity_score": 0, "field_name": "Unknown", "production_status": "none", "pdp_well_count": 0, "pud_well_count": 0, "well_count": 0, "permit_count": 0 }, "geometry": { "type": "Polygon", "coordinates": [ [ [ -102.342588573028763, 31.162316494016931 ], [ -102.331523956038779, 31.173499310631318 ], [ -102.325023699926746, 31.168778705034846 ], [ -102.335984962349329, 31.157515074899248 ], [ -102.342588573028763, 31.162316494016931 ] ] ] } },
{ "type": "Feature", "properties": { "ABSTRACT_L": "A-1329", "ABSTRACT_N": "1031329", "LEVEL1_SUR": "PSL", "LEVEL2_BLO": "B28", "LEVEL3_SUR": "18", "Surv_Sect": "18", "SHAPE_AREA": 87.987589460285676, "owner_count": 0, "owners_json": [ ], "top_operator": "", "top_owner": "", "max_propensity_score": 0, "field_name": "Unknown", "production_status": "none", "pdp_well_count": 0, "pud_well_count": 0, "well_count": 0, "permit_count": 0 }, "geometry": { "type": "Polygon", "coordinates": [ [ [ -102.762596554649974, 31.396924535721123 ], [ -102.763778088025632, 31.400571541796928 ], [ -102.755149981822044, 31.402567773628746 ], [ -102.753997798461342, 31.398913972544253 ], [ -102.762596554649974, 31.396924535721123 ] ] ] } },
{ "type": "Feature", "properties": { "ABSTRACT_L": "A-133", "ABSTRACT_N": "103133", "LEVEL1_SUR": "H&TC RR CO", "LEVEL2_BLO": "2", "LEVEL3_SUR": "31", "Surv_Sect": "31", "SHAPE_AREA": 658.01254051954641, "owner_count": 0, "owners_json": [ ], "top_operator": "", "top_owner": "", "max_propensity_score": 0, "field_name": "Unknown", "production_status": "none", "pdp_well_count": 0, "pud_well_count": 0, "well_count": 0, "permit_count": 0 }, "geometry": { "type": "Polygon", "coordinates": [ [ [ -102.439721459819992, 31.279460042886107 ], [ -102.450858746558609, 31.26818224913281 ], [ -102.457280826265716, 31.272964187899749 ], [ -102.462701673599383, 31.277032304176895 ], [ -102.463724037454725, 31.27779493794322 ], [ -102.452535476114193, 31.289073415275379 ], [ -102.445941564085032, 31.28412690983258 ], [ -102.439721459819992, 31.279460042886107 ] ] ] } },
{ "type": "Feature", "properties": { "ABSTRACT_L": "A-1330", "ABSTRACT_N": "1031330", "LEVEL1_SUR": "BATES, W A", "LEVEL2_BLO": null, "LEVEL3_SUR": "40", "Surv_Sect": "40", "SHAPE_AREA": 291.03797919688589, "owner_count": 0, "owners_json": [ ], "top_operator": "", "top_owner": "", "max_propensity_score": 0, "field_name": "Unknown", "production_status": "none", "pdp_well_count": 0, "pud_well_count": 0, "well_count": 0, "permit_count": 0 }, "geometry": { "type": "Polygon", "coordinates": [ [ [ -102.340819002046359, 31.364742947339554 ], [ -102.344457253190399, 31.363922035072427 ], [ -102.348828482814952, 31.362935577855673 ], [ -102.35046048881081, 31.368047951266739 ], [ -102.346088685203242, 31.369034626836996 ], [ -102.351681059843216, 31.386555640627538 ], [ -102.352839518569823, 31.386272479584502 ], [ -102.353114437109099, 31.38708410395942 ], [ -102.348676027479158, 31.388168940872376 ], [ -102.348671711378074, 31.388155813050638 ], [ -102.345551497476549, 31.378745234840085 ], [ -102.344332480827987, 31.375139063434506 ], [ -102.340819002046359, 31.364742947339554 ] ] ] } },
{ "type": "Feature", "properties": { "ABSTRACT_L": "A-1331", "ABSTRACT_N": "1031331", "LEVEL1_SUR": "BATES, W A", "LEVEL2_BLO": null, "LEVEL3_SUR": "40", "Surv_Sect": "40", "SHAPE_AREA": 18.694848999759774, "owner_count": 0, "owners_json": [ ], "top_operator": "", "top_owner": "", "max_propensity_score": 0, "field_name": "Unknown", "production_status": "none", "pdp_well_count": 0, "pud_well_count": 0, "well_count": 0, "permit_count": 0 }, "geometry": { "type": "Polygon", "coordinates": [ [ [ -102.352404493975868, 31.384988150070615 ], [ -102.355607726532725, 31.384184388970979 ], [ -102.356259872713622, 31.38625867962703 ], [ -102.353114437109099, 31.38708410395942 ], [ -102.352839518569823, 31.386272479584502 ], [ -102.352404493975868, 31.384988150070615 ] ] ] } },
{ "type": "Feature", "properties": { "ABSTRACT_L": "A-1332", "ABSTRACT_N": "1031332", "LEVEL1_SUR": "T&P RR CO", "LEVEL2_BLO": "43 T4S", "LEVEL3_SUR": "4", "Surv_Sect": "4", "SHAPE_AREA": 202.55470959715578, "owner_count": 0, "owners_json": [ ], "top_operator": "", "top_owner": "", "max_propensity_score": 0, "field_name": "Unknown", "production_status": "none", "pdp_well_count": 0, "pud_well_count": 0, "well_count": 0, "permit_count": 0 }, "geometry": { "type": "Polygon", "coordinates": [ [ [ -102.417413567450211, 31.648686563811683 ], [ -102.433764540578892, 31.644905487184616 ], [ -102.435740571471172, 31.651244718645302 ], [ -102.418190047680866, 31.651237008549348 ], [ -102.417413567450211, 31.648686563811683 ] ] ] } },
{ "type": "Feature", "properties": { "ABSTRACT_L": "A-1333", "ABSTRACT_N": "1031333", "LEVEL1_SUR": "PSL", "LEVEL2_BLO": "B28", "LEVEL3_SUR": "18", "Surv_Sect": "18", "SHAPE_AREA": 44.836582082008427, "owner_count": 0, "owners_json": [ ], "top_operator": "", "top_owner": "", "max_propensity_score": 0, "field_name": "Unknown", "production_status": "none", "pdp_well_count": 0, "pud_well_count": 0, "well_count": 0, "permit_count": 0 }, "geometry": { "type": "Polygon", "coordinates": [ [ [ -102.759278194324864, 31.386680242695039 ], [ -102.760678440152788, 31.391003302593401 ], [ -102.753273280086106, 31.392716613873315 ], [ -102.759278194324864, 31.386680242695039 ] ] ] } },
{ "type": "Feature", "properties": { "ABSTRACT_L": "A-1334", "ABSTRACT_N": "1031334", "LEVEL1_SUR": "H&TC RR CO", "LEVEL2_BLO": "6", "LEVEL3_SUR": "6", "Surv_Sect": "6", "SHAPE_AREA": 76.5212157715697, "owner_count": 0, "owners_json": [ ], "top_operator": "", "top_owner": "", "max_propensity_score": 0, "field_name": "Unknown", "production_status": "none", "pdp_well_count": 0, "pud_well_count": 0, "well_count": 0, "permit_count": 0 }, "geometry": { "type": "Polygon", "coordinates": [ [ [ -102.435397910051734, 31.231267787408814 ], [ -102.439697401624727, 31.234510444975246 ], [ -102.435804351504245, 31.238386752474476 ], [ -102.431497689468614, 31.235151063391854 ], [ -102.435397910051734, 31.231267787408814 ] ] ] } },
{ "type": "Feature", "properties": { "ABSTRACT_L": "A-1335", "ABSTRACT_N": "1031335", "LEVEL1_SUR": "PSL", "LEVEL2_BLO": "B22", "LEVEL3_SUR": "28", "Surv_Sect": "28", "SHAPE_AREA": 324.04540011980714, "owner_count": 0, "owners_json": [ ], "top_operator": "", "top_owner": "", "max_propensity_score": 0, "field_name": "Unknown", "production_status": "none", "pdp_well_count": 0, "pud_well_count": 0, "well_count": 0, "permit_count": 0 }, "geometry": { "type": "Polygon", "coordinates": [ [ [ -102.623521785009075, 31.570598501114322 ], [ -102.625435902652526, 31.576515594094531 ], [ -102.625839904931993, 31.577764749316568 ], [ -102.625435554035619, 31.577858204635717 ], [ -102.60959709995771, 31.581518066416976 ], [ -102.607395680554902, 31.574333384035835 ], [ -102.623521785009075, 31.570598501114322 ] ] ] } },
{ "type": "Feature", "properties": { "ABSTRACT_L": "A-1336", "ABSTRACT_N": "1031336", "LEVEL1_SUR": "GC&SF RR CO", "LEVEL2_BLO": null, "LEVEL3_SUR": "6", "Surv_Sect": "6", "SHAPE_AREA": 145.87898870144892, "owner_count": 0, "owners_json": [ ], "top_operator": "", "top_owner": "", "max_propensity_score": 0, "field_name": "Unknown", "production_status": "none", "pdp_well_count": 0, "pud_well_count": 0, "well_count": 0, "permit_count": 0 }, "geometry": { "type": "Polygon", "coordinates": [ [ [ -102.44147074193161, 31.300268721414707 ], [ -102.437007421682253, 31.304680272430161 ], [ -102.429032616624383, 31.298992093065308 ], [ -102.435045649533976, 31.295486115064975 ], [ -102.44147074193161, 31.300268721414707 ] ] ] } },
{ "type": "Feature", "properties": { "ABSTRACT_L": "A-1337", "ABSTRACT_N": "1031337", "LEVEL1_SUR": "GC&SF RR CO", "LEVEL2_BLO": null, "LEVEL3_SUR": "4", "Surv_Sect": "4", "SHAPE_AREA": 299.46967395431921, "owner_count": 0, "owners_json": [ ], "top_operator": "", "top_owner": "", "max_propensity_score": 0, "field_name": "Unknown", "production_status": "none", "pdp_well_count": 0, "pud_well_count": 0, "well_count": 0, "permit_count": 0 }, "geometry": { "type": "Polygon", "coordinates": [ [ [ -102.403053516978559, 31.27144664009429 ], [ -102.415840684287232, 31.28102967865556 ], [ -102.410939814534615, 31.286082718061532 ], [ -102.397839568418846, 31.276731789681953 ], [ -102.403053516978559, 31.27144664009429 ] ] ] } },
{ "type": "Feature", "properties": { "ABSTRACT_L": "A-1338", "ABSTRACT_N": "1031338", "LEVEL1_SUR": "GC&SF RR CO", "LEVEL2_BLO": null, "LEVEL3_SUR": "6", "Surv_Sect": "6", "SHAPE_AREA": 121.00987298985241, "owner_count": 0, "owners_json": [ ], "top_operator": "", "top_owner": "", "max_propensity_score": 0, "field_name": "Unknown", "production_status": "none", "pdp_well_count": 0, "pud_well_count": 0, "well_count": 0, "permit_count": 0 }, "geometry": { "type": "Polygon", "coordinates": [ [ [ -102.423921480185513, 31.295345863723313 ], [ -102.428543573584278, 31.290645389618462 ], [ -102.435045649533976, 31.295486115064975 ], [ -102.429032616624383, 31.298992093065308 ], [ -102.42671846761678, 31.297341264727898 ], [ -102.423921480185513, 31.295345863723313 ] ] ] } },
{ "type": "Feature", "properties": { "ABSTRACT_L": "A-1339", "ABSTRACT_N": "1031339", "LEVEL1_SUR": "GC&SF RR CO", "LEVEL2_BLO": "X4", "LEVEL3_SUR": "74", "Surv_Sect": "74", "SHAPE_AREA": 80.420431902046886, "owner_count": 0, "owners_json": [ ], "top_operator": "", "top_owner": "", "max_propensity_score": 0, "field_name": "Unknown", "production_status": "none", "pdp_well_count": 0, "pud_well_count": 0, "well_count": 0, "permit_count": 0 }, "geometry": { "type": "Polygon", "coordinates": [ [ [ -102.42671846761678, 31.297341264727898 ], [ -102.429032616624383, 31.298992093065308 ], [ -102.417146423846702, 31.30179765259432 ], [ -102.4141696243083, 31.302500087056117 ], [ -102.413515835485541, 31.300457275051034 ], [ -102.42671846761678, 31.297341264727898 ] ] ] } },
{ "type": "Feature", "properties": { "ABSTRACT_L": "A-134", "ABSTRACT_N": "103134", "LEVEL1_SUR": "H&TC RR CO", "LEVEL2_BLO": "2", "LEVEL3_SUR": "33", "Surv_Sect": "33", "SHAPE_AREA": 652.77322070034825, "owner_count": 0, "owners_json": [ ], "top_operator": "", "top_owner": "", "max_propensity_score": 0, "field_name": "Unknown", "production_status": "none", "pdp_well_count": 0, "pud_well_count": 0, "well_count": 0, "permit_count": 0 }, "geometry": { "type": "Polygon", "coordinates": [ [ [ -102.426938398048534, 31.269796011877688 ], [ -102.439721459819992, 31.279460042886107 ], [ -102.428543573584278, 31.290645389618462 ], [ -102.415840684287232, 31.28102967865556 ], [ -102.426938398048534, 31.269796011877688 ] ] ] } },
{ "type": "Feature", "properties": { "ABSTRACT_L": "A-1340", "ABSTRACT_N": "1031340", "LEVEL1_SUR": "PSL", "LEVEL2_BLO": "B28", "LEVEL3_SUR": "18", "Surv_Sect": "18", "SHAPE_AREA": 426.76697579268335, "owner_count": 0, "owners_json": [ ], "top_operator": "", "top_owner": "", "max_propensity_score": 0, "field_name": "Unknown", "production_status": "none", "pdp_well_count": 0, "pud_well_count": 0, "well_count": 0, "permit_count": 0 }, "geometry": { "type": "Polygon", "coordinates": [ [ [ -102.759278194324864, 31.386680242695039 ], [ -102.760678440152788, 31.391003302593401 ], [ -102.762596554649974, 31.396924535721123 ], [ -102.763778088025632, 31.400571541796928 ], [ -102.755149981822044, 31.402567773628746 ], [ -102.750438466468523, 31.403657566051944 ], [ -102.750438275299658, 31.4036576113796 ], [ -102.746578350980997, 31.404549762047495 ], [ -102.745426622475819, 31.400896378885598 ], [ -102.745369247953207, 31.400714359773676 ], [ -102.750438426805175, 31.395575320299493 ], [ -102.750438582531004, 31.39557515878564 ], [ -102.750849129384449, 31.395158837083901 ], [ -102.751479882469866, 31.39451920101196 ], [ -102.753273280086106, 31.392716613873315 ], [ -102.759278194324864, 31.386680242695039 ] ] ] } },
{ "type": "Feature", "properties": { "ABSTRACT_L": "A-135", "ABSTRACT_N": "103135", "LEVEL1_SUR": "H&TC RR CO", "LEVEL2_BLO": "2", "LEVEL3_SUR": "35", "Surv_Sect": "35", "SHAPE_AREA": 652.0126153875118, "owner_count": 0, "owners_json": [ ], "top_operator": "", "top_owner": "", "max_propensity_score": 0, "field_name": "Unknown", "production_status": "none", "pdp_well_count": 0, "pud_well_count": 0, "well_count": 0, "permit_count": 0 }, "geometry": { "type": "Polygon", "coordinates": [ [ [ -102.414206566443667, 31.260217834086514 ], [ -102.426938398048534, 31.269796011877688 ], [ -102.415840684287232, 31.28102967865556 ], [ -102.403053516978559, 31.27144664009429 ], [ -102.414206566443667, 31.260217834086514 ] ] ] } },
{ "type": "Feature", "properties": { "ABSTRACT_L": "A-136", "ABSTRACT_N": "103136", "LEVEL1_SUR": "H&TC RR CO", "LEVEL2_BLO": "2", "LEVEL3_SUR": "37", "Surv_Sect": "37", "SHAPE_AREA": 238.92800121080197, "owner_count": 0, "owners_json": [ ], "top_operator": "", "top_owner": "", "max_propensity_score": 0, "field_name": "Unknown", "production_status": "none", "pdp_well_count": 0, "pud_well_count": 0, "well_count": 0, "permit_count": 0 }, "geometry": { "type": "Polygon", "coordinates": [ [ [ -102.456099604849442, 31.254107194510333 ], [ -102.461061740437003, 31.257880736235041 ], [ -102.450858746558609, 31.26818224913281 ], [ -102.445646078744218, 31.264339456290145 ], [ -102.456099604849442, 31.254107194510333 ] ] ] } },
{ "type": "Feature", "properties": { "ABSTRACT_L": "A-137", "ABSTRACT_N": "103137", "LEVEL1_SUR": "H&TC RR CO", "LEVEL2_BLO": "2", "LEVEL3_SUR": "39", "Surv_Sect": "39", "SHAPE_AREA": 651.81205486948545, "owner_count": 0, "owners_json": [ ], "top_operator": "", "top_owner": "", "max_propensity_score": 0, "field_name": "Unknown", "production_status": "none", "pdp_well_count": 0, "pud_well_count": 0, "well_count": 0, "permit_count": 0 }, "geometry": { "type": "Polygon", "coordinates": [ [ [ -102.447329495242499, 31.248814521866667 ], [ -102.449164568222656, 31.25014087673518 ], [ -102.449165759156188, 31.250141734650168 ], [ -102.450659438368731, 31.251221591470408 ], [ -102.440926082233418, 31.260864797957623 ], [ -102.438004987973926, 31.258652009591295 ], [ -102.426506386031491, 31.250142028276553 ], [ -102.426504925278749, 31.250140941346832 ], [ -102.425096366332596, 31.249098162222161 ], [ -102.432107407473396, 31.242017964754261 ], [ -102.438439712808261, 31.246761232024969 ], [ -102.442184902182859, 31.243108983743937 ], [ -102.448468436315139, 31.247722686414743 ], [ -102.447329495242499, 31.248814521866667 ] ] ] } },
{ "type": "Feature", "properties": { "ABSTRACT_L": "A-138", "ABSTRACT_N": "103138", "LEVEL1_SUR": "H&TC RR CO", "LEVEL2_BLO": "3", "LEVEL3_SUR": "1", "Surv_Sect": "1", "SHAPE_AREA": 665.05054119191857, "owner_count": 0, "owners_json": [ ], "top_operator": "", "top_owner": "", "max_propensity_score": 0, "field_name": "Unknown", "production_status": "none", "pdp_well_count": 0, "pud_well_count": 0, "well_count": 0, "permit_count": 0 }, "geometry": { "type": "Polygon", "coordinates": [ [ [ -102.586499450859861, 31.312309152721923 ], [ -102.599385170402854, 31.321895174809097 ], [ -102.588822085955897, 31.332533928959574 ], [ -102.588109502605718, 31.33322226579963 ], [ -102.575154881575443, 31.323769281427072 ], [ -102.586499450859861, 31.312309152721923 ] ] ] } },
{ "type": "Feature", "properties": { "ABSTRACT_L": "A-139", "ABSTRACT_N": "103139", "LEVEL1_SUR": "H&TC RR CO", "LEVEL2_BLO": "3", "LEVEL3_SUR": "3", "Surv_Sect": "3", "SHAPE_AREA": 667.09249544757483, "owner_count": 0, "owners_json": [ ], "top_operator": "", "top_owner": "", "max_propensity_score": 0, "field_name": "Unknown", "production_status": "none", "pdp_well_count": 0, "pud_well_count": 0, "well_count": 0, "permit_count": 0 }, "geometry": { "type": "Polygon", "coordinates": [ [ [ -102.588822085955897, 31.332533928959574 ], [ -102.602125113494139, 31.342178752997206 ], [ -102.591103887603978, 31.353417677981618 ], [ -102.577794909156154, 31.343628119230527 ], [ -102.588109502605718, 31.33322226579963 ], [ -102.588822085955897, 31.332533928959574 ] ] ] } },
{ "type": "Feature", "properties": { "ABSTRACT_L": "A-14", "ABSTRACT_N": "10314", "LEVEL1_SUR": "CCSD&RGNG RR CO", "LEVEL2_BLO": "X", "LEVEL3_SUR": "1", "Surv_Sect": "1", "SHAPE_AREA": 668.15380210054229, "owner_count": 0, "owners_json": [ ], "top_operator": "", "top_owner": "", "max_propensity_score": 0, "field_name": "Unknown", "production_status": "none", "pdp_well_count": 0, "pud_well_count": 0, "well_count": 0, "permit_count": 0 }, "geometry": { "type": "Polygon", "coordinates": [ [ [ -102.347144147567462, 31.30293081046932 ], [ -102.351670724685121, 31.317084672344457 ], [ -102.334833949868013, 31.320870021359806 ], [ -102.330126585211516, 31.306857881592304 ], [ -102.347144147567462, 31.30293081046932 ] ] ] } },
{ "type": "Feature", "properties": { "ABSTRACT_L": "A-140", "ABSTRACT_N": "103140", "LEVEL1_SUR": "H&TC RR CO", "LEVEL2_BLO": "3", "LEVEL3_SUR": "5", "Surv_Sect": "5", "SHAPE_AREA": 639.89017580002474, "owner_count": 0, "owners_json": [ ], "top_operator": "", "top_owner": "", "max_propensity_score": 0, "field_name": "Unknown", "production_status": "none", "pdp_well_count": 0, "pud_well_count": 0, "well_count": 0, "permit_count": 0 }, "geometry": { "type": "Polygon", "coordinates": [ [ [ -102.56159991617838, 31.337621067338684 ], [ -102.574464159396413, 31.347047602171223 ], [ -102.566731584789991, 31.354724033588219 ], [ -102.563426741427264, 31.358091814176102 ], [ -102.550592496081435, 31.348631964484316 ], [ -102.56159991617838, 31.337621067338684 ] ] ] } },
{ "type": "Feature", "properties": { "ABSTRACT_L": "A-141", "ABSTRACT_N": "103141", "LEVEL1_SUR": "H&TC RR CO", "LEVEL2_BLO": "3", "LEVEL3_SUR": "7", "Surv_Sect": "7", "SHAPE_AREA": 653.47336965735042, "owner_count": 0, "owners_json": [ ], "top_operator": "", "top_owner": "", "max_propensity_score": 0, "field_name": "Unknown", "production_status": "none", "pdp_well_count": 0, "pud_well_count": 0, "well_count": 0, "permit_count": 0 }, "geometry": { "type": "Polygon", "coordinates": [ [ [ -102.591103887603978, 31.353417677981618 ], [ -102.604096116977274, 31.362998383687923 ], [ -102.593125181354026, 31.374177196303958 ], [ -102.580095973788787, 31.364561782072457 ], [ -102.591103887603978, 31.353417677981618 ] ] ] } },
{ "type": "Feature", "properties": { "ABSTRACT_L": "A-142", "ABSTRACT_N": "103142", "LEVEL1_SUR": "H&TC RR CO", "LEVEL2_BLO": "3", "LEVEL3_SUR": "9", "Surv_Sect": "9", "SHAPE_AREA": 656.56048223427501, "owner_count": 0, "owners_json": [ ], "top_operator": "", "top_owner": "", "max_propensity_score": 0, "field_name": "Unknown", "production_status": "none", "pdp_well_count": 0, "pud_well_count": 0, "well_count": 0, "permit_count": 0 }, "geometry": { "type": "Polygon", "coordinates": [ [ [ -102.625434602250905, 31.363822479447443 ], [ -102.616998091105231, 31.372554854352639 ], [ -102.604096116977274, 31.362998383687923 ], [ -102.615190561873135, 31.351666786474173 ], [ -102.625434715390071, 31.35919390302158 ], [ -102.628049893339778, 31.361115037205941 ], [ -102.625434602250905, 31.363822479447443 ] ] ] } },
{ "type": "Feature", "properties": { "ABSTRACT_L": "A-143", "ABSTRACT_N": "103143", "LEVEL1_SUR": "H&TC RR CO", "LEVEL2_BLO": "3", "LEVEL3_SUR": "11", "Surv_Sect": "11", "SHAPE_AREA": 644.1537093575306, "owner_count": 0, "owners_json": [ ], "top_operator": "", "top_owner": "", "max_propensity_score": 0, "field_name": "Unknown", "production_status": "none", "pdp_well_count": 0, "pud_well_count": 0, "well_count": 0, "permit_count": 0 }, "geometry": { "type": "Polygon", "coordinates": [ [ [ -102.62543460505033, 31.34118438032479 ], [ -102.615190561873135, 31.351666786474173 ], [ -102.602125113494139, 31.342178752997206 ], [ -102.612947395582722, 31.33120077329075 ], [ -102.62543479929387, 31.340054895746466 ], [ -102.626086652017776, 31.340516996637504 ], [ -102.62543460505033, 31.34118438032479 ] ] ] } },
{ "type": "Feature", "properties": { "ABSTRACT_L": "A-144", "ABSTRACT_N": "103144", "LEVEL1_SUR": "H&TC RR CO", "LEVEL2_BLO": "3", "LEVEL3_SUR": "13", "Surv_Sect": "13", "SHAPE_AREA": 658.15587560251276, "owner_count": 0, "owners_json": [ ], "top_operator": "", "top_owner": "", "max_propensity_score": 0, "field_name": "Unknown", "production_status": "none", "pdp_well_count": 0, "pud_well_count": 0, "well_count": 0, "permit_count": 0 }, "geometry": { "type": "Polygon", "coordinates": [ [ [ -102.638948501818462, 31.349911168503649 ], [ -102.646502447218566, 31.35543471789974 ], [ -102.652310216513058, 31.359653882164903 ], [ -102.64126432235831, 31.370594493344797 ], [ -102.628049893339778, 31.361115037205941 ], [ -102.638948501818462, 31.349911168503649 ] ] ] } },
{ "type": "Feature", "properties": { "ABSTRACT_L": "A-145", "ABSTRACT_N": "103145", "LEVEL1_SUR": "H&TC RR CO", "LEVEL2_BLO": "3", "LEVEL3_SUR": "15", "Surv_Sect": "15", "SHAPE_AREA": 675.58501965781272, "owner_count": 0, "owners_json": [ ], "top_operator": "", "top_owner": "", "max_propensity_score": 0, "field_name": "Unknown", "production_status": "none", "pdp_well_count": 0, "pud_well_count": 0, "well_count": 0, "permit_count": 0 }, "geometry": { "type": "Polygon", "coordinates": [ [ [ -102.64126432235831, 31.370594493344797 ], [ -102.647578947152311, 31.375138488954359 ], [ -102.653577598090564, 31.379452490783795 ], [ -102.653135987885193, 31.379890740261505 ], [ -102.653970302634178, 31.380499603292193 ], [ -102.642928314228669, 31.391623874893877 ], [ -102.629844653480134, 31.381901652077197 ], [ -102.64126432235831, 31.370594493344797 ] ] ] } },
{ "type": "Feature", "properties": { "ABSTRACT_L": "A-146", "ABSTRACT_N": "103146", "LEVEL1_SUR": "H&TC RR CO", "LEVEL2_BLO": "3", "LEVEL3_SUR": "17", "Surv_Sect": "17", "SHAPE_AREA": 636.48910424812084, "owner_count": 0, "owners_json": [ ], "top_operator": "", "top_owner": "", "max_propensity_score": 0, "field_name": "Unknown", "production_status": "none", "pdp_well_count": 0, "pud_well_count": 0, "well_count": 0, "permit_count": 0 }, "geometry": { "type": "Polygon", "coordinates": [ [ [ -102.614515472358136, 31.375137626583459 ], [ -102.616998091105231, 31.372554854352639 ], [ -102.620546814091071, 31.375137557538217 ], [ -102.625434952239971, 31.378693208375143 ], [ -102.629844653480134, 31.381901652077197 ], [ -102.618587442871927, 31.393044309449223 ], [ -102.61786662906988, 31.392521450549204 ], [ -102.606162051828179, 31.383828325462762 ], [ -102.614515472358136, 31.375137626583459 ] ] ] } },
{ "type": "Feature", "properties": { "ABSTRACT_L": "A-147", "ABSTRACT_N": "103147", "LEVEL1_SUR": "H&TC RR CO", "LEVEL2_BLO": "3", "LEVEL3_SUR": "19", "Surv_Sect": "19", "SHAPE_AREA": 632.31477421797138, "owner_count": 0, "owners_json": [ ], "top_operator": "", "top_owner": "", "max_propensity_score": 0, "field_name": "Unknown", "production_status": "none", "pdp_well_count": 0, "pud_well_count": 0, "well_count": 0, "permit_count": 0 }, "geometry": { "type": "Polygon", "coordinates": [ [ [ -102.586499450859861, 31.312309152721923 ], [ -102.590226987314225, 31.308544283536111 ], [ -102.591174614894655, 31.307609792220177 ], [ -102.597817811775812, 31.312381857312335 ], [ -102.598663435996357, 31.311512633606679 ], [ -102.601861713086336, 31.3138204761261 ], [ -102.605060243119055, 31.316128318921194 ], [ -102.60746086460486, 31.313654606196877 ], [ -102.614142634691305, 31.318516567905711 ], [ -102.610955133251906, 31.321749156130942 ], [ -102.615533820093432, 31.325032104751948 ], [ -102.610969470056219, 31.329714290321999 ], [ -102.599840125234977, 31.321477441890298 ], [ -102.599385170402854, 31.321895174809097 ], [ -102.586499450859861, 31.312309152721923 ] ] ] } },
{ "type": "Feature", "properties": { "ABSTRACT_L": "A-148", "ABSTRACT_N": "103148", "LEVEL1_SUR": "H&TC RR CO", "LEVEL2_BLO": "3", "LEVEL3_SUR": "21", "Surv_Sect": "21", "SHAPE_AREA": 658.36786980555189, "owner_count": 0, "owners_json": [ ], "top_operator": "", "top_owner": "", "max_propensity_score": 0, "field_name": "Unknown", "production_status": "none", "pdp_well_count": 0, "pud_well_count": 0, "well_count": 0, "permit_count": 0 }, "geometry": { "type": "Polygon", "coordinates": [ [ [ -102.65494132428708, 31.346677563328026 ], [ -102.657282355967752, 31.348412943248235 ], [ -102.660401668117203, 31.350725098886421 ], [ -102.65954046299332, 31.35166037426465 ], [ -102.672485453819831, 31.361200238155966 ], [ -102.664976794359845, 31.368794095061777 ], [ -102.652310216513058, 31.359653882164903 ], [ -102.646502447218566, 31.35543471789974 ], [ -102.65494132428708, 31.346677563328026 ] ] ] } },
{ "type": "Feature", "properties": { "ABSTRACT_L": "A-149", "ABSTRACT_N": "103149", "LEVEL1_SUR": "H&TC RR CO", "LEVEL2_BLO": "3", "LEVEL3_SUR": "23", "Surv_Sect": "23", "SHAPE_AREA": 610.36019642826443, "owner_count": 0, "owners_json": [ ], "top_operator": "", "top_owner": "", "max_propensity_score": 0, "field_name": "Unknown", "production_status": "none", "pdp_well_count": 0, "pud_well_count": 0, "well_count": 0, "permit_count": 0 }, "geometry": { "type": "Polygon", "coordinates": [ [ [ -102.673446779980679, 31.337911012070737 ], [ -102.675376677154574, 31.336034131674296 ], [ -102.681981868490027, 31.340982979392528 ], [ -102.694632359488907, 31.328638037127011 ], [ -102.700622058902169, 31.333015438541498 ], [ -102.697763042965676, 31.335890460648148 ], [ -102.687125172845313, 31.346578168684175 ], [ -102.68348234009872, 31.350124632171816 ], [ -102.670735044089653, 31.340548087561409 ], [ -102.673446779980679, 31.337911012070737 ] ] ] } },
{ "type": "Feature", "properties": { "ABSTRACT_L": "A-15", "ABSTRACT_N": "10315", "LEVEL1_SUR": "CCSD&RGNG RR CO", "LEVEL2_BLO": "X", "LEVEL3_SUR": "3", "Surv_Sect": "3", "SHAPE_AREA": 636.9688577335678, "owner_count": 0, "owners_json": [ ], "top_operator": "", "top_owner": "", "max_propensity_score": 0, "field_name": "Unknown", "production_status": "none", "pdp_well_count": 0, "pud_well_count": 0, "well_count": 0, "permit_count": 0 }, "geometry": { "type": "Polygon", "coordinates": [ [ [ -102.356276336519443, 31.331399239555296 ], [ -102.360651377096545, 31.345116659688298 ], [ -102.344117489587319, 31.348803829744082 ], [ -102.339599085483584, 31.335066290472156 ], [ -102.356276336519443, 31.331399239555296 ] ] ] } },
{ "type": "Feature", "properties": { "ABSTRACT_L": "A-150", "ABSTRACT_N": "103150", "LEVEL1_SUR": "H&TC RR CO", "LEVEL2_BLO": "4", "LEVEL3_SUR": "1", "Surv_Sect": "1", "SHAPE_AREA": 666.22136953210884, "owner_count": 0, "owners_json": [ ], "top_operator": "", "top_owner": "", "max_propensity_score": 0, "field_name": "Unknown", "production_status": "none", "pdp_well_count": 0, "pud_well_count": 0, "well_count": 0, "permit_count": 0 }, "geometry": { "type": "Polygon", "coordinates": [ [ [ -102.658192980782388, 31.375137892790491 ], [ -102.664976794359845, 31.368794095061777 ], [ -102.673226596562557, 31.375137548787574 ], [ -102.677596087287526, 31.37849629819241 ], [ -102.666474901748245, 31.389597844010197 ], [ -102.653970302634178, 31.380499603292193 ], [ -102.653135987885193, 31.379890740261505 ], [ -102.653577598090564, 31.379452490783795 ], [ -102.658192980782388, 31.375137892790491 ] ] ] } },
{ "type": "Feature", "properties": { "ABSTRACT_L": "A-151", "ABSTRACT_N": "103151", "LEVEL1_SUR": "H&TC RR CO", "LEVEL2_BLO": "4", "LEVEL3_SUR": "3", "Surv_Sect": "3", "SHAPE_AREA": 647.05103114451276, "owner_count": 0, "owners_json": [ ], "top_operator": "", "top_owner": "", "max_propensity_score": 0, "field_name": "Unknown", "production_status": "none", "pdp_well_count": 0, "pud_well_count": 0, "well_count": 0, "permit_count": 0 }, "geometry": { "type": "Polygon", "coordinates": [ [ [ -102.690470384769796, 31.387822612776421 ], [ -102.703625481831878, 31.397416973326031 ], [ -102.692645425391717, 31.408291488976634 ], [ -102.679519685495848, 31.398899034081506 ], [ -102.690470384769796, 31.387822612776421 ] ] ] } },
{ "type": "Feature", "properties": { "ABSTRACT_L": "A-152", "ABSTRACT_N": "103152", "LEVEL1_SUR": "H&TC RR CO", "LEVEL2_BLO": "4", "LEVEL3_SUR": "5", "Surv_Sect": "5", "SHAPE_AREA": 639.30684928610265, "owner_count": 0, "owners_json": [ ], "top_operator": "", "top_owner": "", "max_propensity_score": 0, "field_name": "Unknown", "production_status": "none", "pdp_well_count": 0, "pud_well_count": 0, "well_count": 0, "permit_count": 0 }, "geometry": { "type": "Polygon", "coordinates": [ [ [ -102.720404932736542, 31.426040060898089 ], [ -102.719294469356541, 31.427240283966093 ], [ -102.71921221145854, 31.427323169210272 ], [ -102.718182566869999, 31.426547534405579 ], [ -102.705828964379023, 31.417735105054032 ], [ -102.716665911535742, 31.406889325196378 ], [ -102.729743003153473, 31.416472405100475 ], [ -102.720404932736542, 31.426040060898089 ] ] ] } },
{ "type": "Feature", "properties": { "ABSTRACT_L": "A-153", "ABSTRACT_N": "103153", "LEVEL1_SUR": "H&TC RR CO", "LEVEL2_BLO": "4", "LEVEL3_SUR": "7", "Surv_Sect": "7", "SHAPE_AREA": 641.65984741906379, "owner_count": 0, "owners_json": [ ], "top_operator": "", "top_owner": "", "max_propensity_score": 0, "field_name": "Unknown", "production_status": "none", "pdp_well_count": 0, "pud_well_count": 0, "well_count": 0, "permit_count": 0 }, "geometry": { "type": "Polygon", "coordinates": [ [ [ -102.714692773587799, 31.386454327870151 ], [ -102.714784015089336, 31.386547342411067 ], [ -102.727604225323418, 31.395986755439004 ], [ -102.716665911535742, 31.406889325196378 ], [ -102.703625481831878, 31.397416973326031 ], [ -102.714692773587799, 31.386454327870151 ] ] ] } },
{ "type": "Feature", "properties": { "ABSTRACT_L": "A-154", "ABSTRACT_N": "103154", "LEVEL1_SUR": "H&TC RR CO", "LEVEL2_BLO": "4", "LEVEL3_SUR": "9", "Surv_Sect": "9", "SHAPE_AREA": 645.01866654208277, "owner_count": 0, "owners_json": [ ], "top_operator": "", "top_owner": "", "max_propensity_score": 0, "field_name": "Unknown", "production_status": "none", "pdp_well_count": 0, "pud_well_count": 0, "well_count": 0, "permit_count": 0 }, "geometry": { "type": "Polygon", "coordinates": [ [ [ -102.680934839285072, 31.375137918881009 ], [ -102.688850375301939, 31.367173571161675 ], [ -102.699337020404187, 31.375137738548773 ], [ -102.701428012814318, 31.376725782697978 ], [ -102.690470384769796, 31.387822612776421 ], [ -102.677596087287526, 31.37849629819241 ], [ -102.680934839285072, 31.375137918881009 ] ] ] } },
{ "type": "Feature", "properties": { "ABSTRACT_L": "A-155", "ABSTRACT_N": "103155", "LEVEL1_SUR": "H&TC RR CO", "LEVEL2_BLO": "4", "LEVEL3_SUR": "11", "Surv_Sect": "11", "SHAPE_AREA": 643.95248397958756, "owner_count": 0, "owners_json": [ ], "top_operator": "", "top_owner": "", "max_propensity_score": 0, "field_name": "Unknown", "production_status": "none", "pdp_well_count": 0, "pud_well_count": 0, "well_count": 0, "permit_count": 0 }, "geometry": { "type": "Polygon", "coordinates": [ [ [ -102.687125172845313, 31.346578168684175 ], [ -102.699906935203884, 31.356166183032265 ], [ -102.688850375301939, 31.367173571161675 ], [ -102.676089264584064, 31.357604696051467 ], [ -102.68348234009872, 31.350124632171816 ], [ -102.687125172845313, 31.346578168684175 ] ] ] } },
{ "type": "Feature", "properties": { "ABSTRACT_L": "A-156", "ABSTRACT_N": "103156", "LEVEL1_SUR": "H&TC RR CO", "LEVEL2_BLO": "4", "LEVEL3_SUR": "13", "Surv_Sect": "13", "SHAPE_AREA": 659.91013045855971, "owner_count": 0, "owners_json": [ ], "top_operator": "", "top_owner": "", "max_propensity_score": 0, "field_name": "Unknown", "production_status": "none", "pdp_well_count": 0, "pud_well_count": 0, "well_count": 0, "permit_count": 0 }, "geometry": { "type": "Polygon", "coordinates": [ [ [ -102.703048643508396, 31.375137425086479 ], [ -102.712628574537391, 31.365746658174761 ], [ -102.725243950596479, 31.375137622314568 ], [ -102.725656794845207, 31.37544536066908 ], [ -102.714784015089336, 31.386547342411067 ], [ -102.714692773587799, 31.386454327870151 ], [ -102.701428012814318, 31.376725782697978 ], [ -102.703048643508396, 31.375137425086479 ] ] ] } },
{ "type": "Feature", "properties": { "ABSTRACT_L": "A-157", "ABSTRACT_N": "103157", "LEVEL1_SUR": "H&TC RR CO", "LEVEL2_BLO": "4", "LEVEL3_SUR": "15", "Surv_Sect": "15", "SHAPE_AREA": 658.45772019315973, "owner_count": 0, "owners_json": [ ], "top_operator": "", "top_owner": "", "max_propensity_score": 0, "field_name": "Unknown", "production_status": "none", "pdp_well_count": 0, "pud_well_count": 0, "well_count": 0, "permit_count": 0 }, "geometry": { "type": "Polygon", "coordinates": [ [ [ -102.738568882580907, 31.385011784408864 ], [ -102.750438414751684, 31.393752205592417 ], [ -102.750438537738276, 31.393752299284721 ], [ -102.751479882469866, 31.39451920101196 ], [ -102.750849129384449, 31.395158837083901 ], [ -102.750438582531004, 31.39557515878564 ], [ -102.750438426805175, 31.395575320299493 ], [ -102.745369247953207, 31.400714359773676 ], [ -102.740040362769349, 31.40607896694852 ], [ -102.727604225323418, 31.395986755439004 ], [ -102.738568882580907, 31.385011784408864 ] ] ] } },
{ "type": "Feature", "properties": { "ABSTRACT_L": "A-158", "ABSTRACT_N": "103158", "LEVEL1_SUR": "H&TC RR CO", "LEVEL2_BLO": "4", "LEVEL3_SUR": "17", "Surv_Sect": "17", "SHAPE_AREA": 657.91450879382569, "owner_count": 0, "owners_json": [ ], "top_operator": "", "top_owner": "", "max_propensity_score": 0, "field_name": "Unknown", "production_status": "none", "pdp_well_count": 0, "pud_well_count": 0, "well_count": 0, "permit_count": 0 }, "geometry": { "type": "Polygon", "coordinates": [ [ [ -102.738568882580907, 31.385011784408864 ], [ -102.725656794845207, 31.37544536066908 ], [ -102.725969140442217, 31.375138206637082 ], [ -102.73691071934546, 31.364359081518181 ], [ -102.749963078535728, 31.373713691004717 ], [ -102.748528477236107, 31.375136390462448 ], [ -102.738568882580907, 31.385011784408864 ] ] ] } },
{ "type": "Feature", "properties": { "ABSTRACT_L": "A-159", "ABSTRACT_N": "103159", "LEVEL1_SUR": "H&TC RR CO", "LEVEL2_BLO": "4", "LEVEL3_SUR": "19", "Surv_Sect": "19", "SHAPE_AREA": 637.91286037247562, "owner_count": 0, "owners_json": [ ], "top_operator": "", "top_owner": "", "max_propensity_score": 0, "field_name": "Unknown", "production_status": "none", "pdp_well_count": 0, "pud_well_count": 0, "well_count": 0, "permit_count": 0 }, "geometry": { "type": "Polygon", "coordinates": [ [ [ -102.723724110988172, 31.354758390131682 ], [ -102.712628574537391, 31.365746658174761 ], [ -102.699906935203884, 31.356166183032265 ], [ -102.710776463506733, 31.345307522692288 ], [ -102.723724110988172, 31.354758390131682 ] ] ] } },
{ "type": "Feature", "properties": { "ABSTRACT_L": "A-16", "ABSTRACT_N": "10316", "LEVEL1_SUR": "CCSD&RGNG RR CO", "LEVEL2_BLO": "X", "LEVEL3_SUR": "5", "Surv_Sect": "5", "SHAPE_AREA": 646.17916991441905, "owner_count": 0, "owners_json": [ ], "top_operator": "", "top_owner": "", "max_propensity_score": 0, "field_name": "Unknown", "production_status": "none", "pdp_well_count": 0, "pud_well_count": 0, "well_count": 0, "permit_count": 0 }, "geometry": { "type": "Polygon", "coordinates": [ [ [ -102.348828482814952, 31.362935577855673 ], [ -102.365129123954588, 31.359127107184086 ], [ -102.369713578572245, 31.373265419250639 ], [ -102.361561346520759, 31.375139258073332 ], [ -102.35332825848603, 31.377030553093643 ], [ -102.352724437381269, 31.375139014670701 ], [ -102.35046048881081, 31.368047951266739 ], [ -102.348828482814952, 31.362935577855673 ] ] ] } },
{ "type": "Feature", "properties": { "ABSTRACT_L": "A-160", "ABSTRACT_N": "103160", "LEVEL1_SUR": "H&TC RR CO", "LEVEL2_BLO": "4", "LEVEL3_SUR": "21", "Surv_Sect": "21", "SHAPE_AREA": 645.96576584291597, "owner_count": 0, "owners_json": [ ], "top_operator": "", "top_owner": "", "max_propensity_score": 0, "field_name": "Unknown", "production_status": "none", "pdp_well_count": 0, "pud_well_count": 0, "well_count": 0, "permit_count": 0 }, "geometry": { "type": "Polygon", "coordinates": [ [ [ -102.732996883031305, 31.323125809515911 ], [ -102.745715920405402, 31.332595153372985 ], [ -102.742003500739017, 31.336402086636141 ], [ -102.734685131572689, 31.343765013041978 ], [ -102.721878377841847, 31.334182962267473 ], [ -102.727444268099774, 31.328622716478826 ], [ -102.732996883031305, 31.323125809515911 ] ] ] } },
{ "type": "Feature", "properties": { "ABSTRACT_L": "A-161", "ABSTRACT_N": "103161", "LEVEL1_SUR": "H&TC RR CO", "LEVEL2_BLO": "4", "LEVEL3_SUR": "23", "Surv_Sect": "23", "SHAPE_AREA": 647.35025858709605, "owner_count": 0, "owners_json": [ ], "top_operator": "", "top_owner": "", "max_propensity_score": 0, "field_name": "Unknown", "production_status": "none", "pdp_well_count": 0, "pud_well_count": 0, "well_count": 0, "permit_count": 0 }, "geometry": { "type": "Polygon", "coordinates": [ [ [ -102.734685131572689, 31.343765013041978 ], [ -102.747700877321449, 31.353471433371222 ], [ -102.73691071934546, 31.364359081518181 ], [ -102.723724110988172, 31.354758390131682 ], [ -102.734685131572689, 31.343765013041978 ] ] ] } },
{ "type": "Feature", "properties": { "ABSTRACT_L": "A-162", "ABSTRACT_N": "103162", "LEVEL1_SUR": "H&TC RR CO", "LEVEL2_BLO": "4", "LEVEL3_SUR": "39", "Surv_Sect": "39", "SHAPE_AREA": 619.8262163956997, "owner_count": 0, "owners_json": [ ], "top_operator": "", "top_owner": "", "max_propensity_score": 0, "field_name": "Unknown", "production_status": "none", "pdp_well_count": 0, "pud_well_count": 0, "well_count": 0, "permit_count": 0 }, "geometry": { "type": "Polygon", "coordinates": [ [ [ -102.738153415626812, 31.318003630249557 ], [ -102.732996883031305, 31.323125809515911 ], [ -102.727444268099774, 31.328622716478826 ], [ -102.714630972375247, 31.319178371571734 ], [ -102.72525921780877, 31.308576454293242 ], [ -102.726446380466811, 31.309354913682952 ], [ -102.738153415626812, 31.318003630249557 ] ] ] } },
{ "type": "Feature", "properties": { "ABSTRACT_L": "A-164", "ABSTRACT_N": "103164", "LEVEL1_SUR": "MEP&P RR CO", "LEVEL2_BLO": null, "LEVEL3_SUR": "1", "Surv_Sect": "1", "SHAPE_AREA": 467.56263683705765, "owner_count": 0, "owners_json": [ ], "top_operator": "", "top_owner": "", "max_propensity_score": 0, "field_name": "Unknown", "production_status": "none", "pdp_well_count": 0, "pud_well_count": 0, "well_count": 0, "permit_count": 0 }, "geometry": { "type": "Polygon", "coordinates": [ [ [ -102.43820702146698, 31.198745958355772 ], [ -102.437957625404422, 31.199021674137779 ], [ -102.437727984101087, 31.199225486911402 ], [ -102.437599993286682, 31.19953880992249 ], [ -102.437619018950784, 31.199874125593468 ], [ -102.43770247492219, 31.200209602927195 ], [ -102.437817519640873, 31.20060639206346 ], [ -102.437836786324752, 31.20101324707969 ], [ -102.43775980691818, 31.201178407518288 ], [ -102.437600449412855, 31.201376761475572 ], [ -102.437459619331122, 31.201486720506857 ], [ -102.437325414412882, 31.201651583085631 ], [ -102.437240162569566, 31.201788944525596 ], [ -102.431919984547775, 31.197837932607861 ], [ -102.418600242580609, 31.188066273837329 ], [ -102.414884579553103, 31.185329930432466 ], [ -102.427515502784686, 31.172660591075775 ], [ -102.427704513118087, 31.172898330641829 ], [ -102.427902772419287, 31.173173879908788 ], [ -102.428017709251165, 31.173460623164914 ], [ -102.428158410033475, 31.17367535212524 ], [ -102.428292536125895, 31.173851677374351 ], [ -102.428388375938468, 31.173923478874386 ], [ -102.428650436935627, 31.174049939300748 ], [ -102.428925300181163, 31.174161025872806 ], [ -102.429570873612903, 31.174299995161469 ], [ -102.429793630844685, 31.174607935196143 ], [ -102.430246217404871, 31.175233595722325 ], [ -102.430242253422307, 31.175240995908624 ], [ -102.430111240015776, 31.1753139012704 ], [ -102.429060563971291, 31.175209947318283 ], [ -102.428996630317187, 31.175155286984563 ], [ -102.428719523189827, 31.174699920956751 ], [ -102.428701302061754, 31.174584138712763 ], [ -102.428573468300854, 31.174512938201005 ], [ -102.428452080091873, 31.174490454550735 ], [ -102.42818994382921, 31.174501566980066 ], [ -102.42789570479006, 31.174649477635874 ], [ -102.427691139384223, 31.174831473096525 ], [ -102.427544116884022, 31.175073607647633 ], [ -102.427671802787003, 31.175327094596913 ], [ -102.427799628265205, 31.175491844982901 ], [ -102.427933672403526, 31.175696374332485 ], [ -102.427965611499772, 31.175944098751806 ], [ -102.427882536611804, 31.176136883028967 ], [ -102.427818587983978, 31.176186233559207 ], [ -102.427639234998409, 31.176384264162639 ], [ -102.427524156835148, 31.176483412194116 ], [ -102.427281010248123, 31.176642743764944 ], [ -102.426967600240573, 31.176917577880094 ], [ -102.426833254571335, 31.177061109758711 ], [ -102.426705278471971, 31.177297382896501 ], [ -102.426603101916598, 31.177463010272657 ], [ -102.426379376302052, 31.177599964200589 ], [ -102.426142696272677, 31.177809385865945 ], [ -102.425669152090862, 31.177891868508482 ], [ -102.425202657758632, 31.177984535087962 ], [ -102.424921411674575, 31.178077854154402 ], [ -102.42489558456154, 31.17830395588101 ], [ -102.425016738963876, 31.17855206481746 ], [ -102.425157342087687, 31.178590700072913 ], [ -102.425355870899779, 31.178672959780062 ], [ -102.425534509016785, 31.17882231445062 ], [ -102.425534586291207, 31.179185509033307 ], [ -102.425438541025073, 31.179465892684892 ], [ -102.425438367152395, 31.179725218466857 ], [ -102.425514761583301, 31.180115865019715 ], [ -102.425745025924385, 31.18028144773233 ], [ -102.426167124140747, 31.180314114536323 ], [ -102.426422925591098, 31.18022677310227 ], [ -102.426950947095278, 31.18020537265744 ], [ -102.426966636888096, 31.180208624252206 ], [ -102.427260306216724, 31.180369956806711 ], [ -102.427356140553371, 31.180722412235927 ], [ -102.427324090550741, 31.180892914684687 ], [ -102.427272949575766, 31.181036261050821 ], [ -102.427362526622744, 31.181394329849585 ], [ -102.427451753388652, 31.18170769436863 ], [ -102.427675534029717, 31.181900909730036 ], [ -102.427892956171902, 31.181939475986351 ], [ -102.428264051322145, 31.181917376919078 ], [ -102.428602825007459, 31.181945416328865 ], [ -102.428775292368485, 31.182165731892386 ], [ -102.428807278777029, 31.182837168716809 ], [ -102.428896826067614, 31.183084491861816 ], [ -102.429146082884245, 31.183288232074151 ], [ -102.429248424043479, 31.183425945270042 ], [ -102.429190732727008, 31.183751016776245 ], [ -102.429107467581346, 31.183998833660329 ], [ -102.428883621944905, 31.184350405446061 ], [ -102.428576606490125, 31.184719359080326 ], [ -102.42830189212134, 31.185021671182607 ], [ -102.428103406836996, 31.185379643926701 ], [ -102.427975561365017, 31.185808515440574 ], [ -102.427969091073521, 31.186149814245859 ], [ -102.428045919758489, 31.186650514996174 ], [ -102.428013766723851, 31.187035630845674 ], [ -102.428046007304374, 31.18749795369899 ], [ -102.428218777764329, 31.188714288445425 ], [ -102.428301821430651, 31.189176345292534 ], [ -102.428391503141086, 31.18950689673385 ], [ -102.428864844635697, 31.190398421732464 ], [ -102.429152894032299, 31.191053355655853 ], [ -102.429338241640465, 31.191322954211362 ], [ -102.429549495105661, 31.191510217857903 ], [ -102.429805108167756, 31.191757860345838 ], [ -102.430041556149476, 31.191944643089247 ], [ -102.430214423508602, 31.19205489204036 ], [ -102.430412675209823, 31.192093814575568 ], [ -102.430674648837382, 31.192214770191839 ], [ -102.430955902338781, 31.192385576542978 ], [ -102.431064941972409, 31.192534174982676 ], [ -102.431039326102635, 31.192627517076591 ], [ -102.430956321094129, 31.192682722908231 ], [ -102.430790051082923, 31.192720928065231 ], [ -102.430278374892367, 31.192770437546891 ], [ -102.429991044838644, 31.192830863791706 ], [ -102.429792552446074, 31.19290750505791 ], [ -102.429581589761824, 31.193028403055575 ], [ -102.429447495465155, 31.193182249943114 ], [ -102.429358430638288, 31.19348521068666 ], [ -102.429358378240138, 31.193732840065334 ], [ -102.429576187500373, 31.194035533593727 ], [ -102.429799831245106, 31.19411250020217 ], [ -102.430132084797549, 31.194134461232803 ], [ -102.430394412364208, 31.194113024475076 ], [ -102.430752172635621, 31.194146198272527 ], [ -102.431046226149746, 31.194223215429126 ], [ -102.431480782173878, 31.194239811169034 ], [ -102.43154514876295, 31.194237005502561 ], [ -102.431730175517671, 31.194228932665212 ], [ -102.432126552927883, 31.194130002960556 ], [ -102.432516698966083, 31.194053193744089 ], [ -102.432765831782987, 31.194047820987453 ], [ -102.433027905595637, 31.194141255778465 ], [ -102.433195931105956, 31.194327256176134 ], [ -102.433028027169016, 31.194504442010924 ], [ -102.432676755343266, 31.194817832356154 ], [ -102.432382789855765, 31.195087497063238 ], [ -102.431769271260137, 31.195566086081381 ], [ -102.431660936521666, 31.195928559373353 ], [ -102.431699366003485, 31.196225685803206 ], [ -102.431840228696387, 31.196897137339704 ], [ -102.432057637749409, 31.197089777253193 ], [ -102.432370642518592, 31.197156117414217 ], [ -102.432429171729552, 31.197148048941351 ], [ -102.432728690692642, 31.197106737747813 ], [ -102.433009773343741, 31.197051926035886 ], [ -102.433047997355118, 31.196919826526965 ], [ -102.432965066571569, 31.196479094362694 ], [ -102.432907174239404, 31.196281392527965 ], [ -102.432850320153676, 31.196061194404656 ], [ -102.432848808591729, 31.196041976229893 ], [ -102.432844802250358, 31.195990983029919 ], [ -102.432849616001846, 31.195862882354739 ], [ -102.432924642261824, 31.195800657963002 ], [ -102.433243770754387, 31.195659746458247 ], [ -102.433507770121906, 31.195720498430497 ], [ -102.433719003604011, 31.195890552505031 ], [ -102.433993897862948, 31.196265077702982 ], [ -102.434115489032123, 31.19651248197766 ], [ -102.434352232249651, 31.196787985014875 ], [ -102.435093606213002, 31.197018916029716 ], [ -102.43532363008886, 31.197172793139092 ], [ -102.435630503519391, 31.197514383661968 ], [ -102.436026907447001, 31.197711901236204 ], [ -102.436314557351878, 31.19767897011047 ], [ -102.43658952147706, 31.197635271561278 ], [ -102.436928215658583, 31.197486505516153 ], [ -102.437343933568201, 31.197376870988691 ], [ -102.437580260184205, 31.197371042541182 ], [ -102.438015011617125, 31.197596728416528 ], [ -102.438360547031166, 31.197932081168286 ], [ -102.438402748436346, 31.198290282468232 ], [ -102.438314497536638, 31.198607208031238 ], [ -102.43820702146698, 31.198745958355772 ] ] ] } },
{ "type": "Feature", "properties": { "ABSTRACT_L": "A-165", "ABSTRACT_N": "103165", "LEVEL1_SUR": "MK&TE RR CO", "LEVEL2_BLO": null, "LEVEL3_SUR": "1", "Surv_Sect": "1", "SHAPE_AREA": 577.09787945958851, "owner_count": 0, "owners_json": [ ], "top_operator": "", "top_owner": "", "max_propensity_score": 0, "field_name": "Unknown", "production_status": "none", "pdp_well_count": 0, "pud_well_count": 0, "well_count": 0, "permit_count": 0 }, "geometry": { "type": "Polygon", "coordinates": [ [ [ -102.368396967018427, 31.106223560939469 ], [ -102.372460133480757, 31.109337961476673 ], [ -102.376239239291692, 31.105478413874309 ], [ -102.382287140249488, 31.110096815278574 ], [ -102.378500891071241, 31.11385967369598 ], [ -102.374678198939506, 31.117760661446606 ], [ -102.368443308366409, 31.123953661797643 ], [ -102.362129899663799, 31.119324340272492 ], [ -102.358153404890459, 31.116404765397586 ], [ -102.361952873285716, 31.112639528240376 ], [ -102.368396967018427, 31.106223560939469 ] ] ] } },
{ "type": "Feature", "properties": { "ABSTRACT_L": "A-167", "ABSTRACT_N": "103167", "LEVEL1_SUR": "ROONEY, F", "LEVEL2_BLO": "Y", "LEVEL3_SUR": "93", "Surv_Sect": "93", "SHAPE_AREA": 178.88714837961513, "owner_count": 0, "owners_json": [ ], "top_operator": "", "top_owner": "", "max_propensity_score": 0, "field_name": "Unknown", "production_status": "none", "pdp_well_count": 0, "pud_well_count": 0, "well_count": 0, "permit_count": 0 }, "geometry": { "type": "Polygon", "coordinates": [ [ [ -102.316002003645806, 31.264290938930497 ], [ -102.317561061196002, 31.269034926049855 ], [ -102.311577627998318, 31.270576947741411 ], [ -102.314672319615568, 31.279745161759568 ], [ -102.310073729726128, 31.28086137949057 ], [ -102.309614749845565, 31.265821129837644 ], [ -102.316002003645806, 31.264290938930497 ] ] ] } },
{ "type": "Feature", "properties": { "ABSTRACT_L": "A-169", "ABSTRACT_N": "103169", "LEVEL1_SUR": "TC RR CO", "LEVEL2_BLO": null, "LEVEL3_SUR": "53", "Surv_Sect": "53", "SHAPE_AREA": 225.99707943653513, "owner_count": 0, "owners_json": [ ], "top_operator": "", "top_owner": "", "max_propensity_score": 0, "field_name": "Unknown", "production_status": "none", "pdp_well_count": 0, "pud_well_count": 0, "well_count": 0, "permit_count": 0 }, "geometry": { "type": "Polygon", "coordinates": [ [ [ -102.488899631478645, 31.341762589305791 ], [ -102.492720087768404, 31.337961041783512 ], [ -102.500431187063725, 31.343797990118031 ], [ -102.500431277158597, 31.34379806404203 ], [ -102.506121164302996, 31.348104771800287 ], [ -102.502641752998827, 31.351672452082187 ], [ -102.500431213002443, 31.350080830486306 ], [ -102.500431188429488, 31.35008081032526 ], [ -102.49209077162692, 31.344075677292469 ], [ -102.488899631478645, 31.341762589305791 ] ] ] } },
{ "type": "Feature", "properties": { "ABSTRACT_L": "A-17", "ABSTRACT_N": "10317", "LEVEL1_SUR": "CCSD&RGNG RR CO", "LEVEL2_BLO": "X", "LEVEL3_SUR": "7", "Surv_Sect": "7", "SHAPE_AREA": 634.33220932423114, "owner_count": 0, "owners_json": [ ], "top_operator": "", "top_owner": "", "max_propensity_score": 0, "field_name": "Unknown", "production_status": "none", "pdp_well_count": 0, "pud_well_count": 0, "well_count": 0, "permit_count": 0 }, "geometry": { "type": "Polygon", "coordinates": [ [ [ -102.374243142645938, 31.387253226178636 ], [ -102.375427703160923, 31.390937489441225 ], [ -102.378684584572724, 31.401061457420628 ], [ -102.362283643400175, 31.404915204501105 ], [ -102.36073251960552, 31.400108292908527 ], [ -102.359781553132947, 31.397226473231896 ], [ -102.359123676909761, 31.395299500117027 ], [ -102.357862545201613, 31.391154291257241 ], [ -102.374243142645938, 31.387253226178636 ] ] ] } },
{ "type": "Feature", "properties": { "ABSTRACT_L": "A-170", "ABSTRACT_N": "103170", "LEVEL1_SUR": "TM RR CO", "LEVEL2_BLO": null, "LEVEL3_SUR": "1", "Surv_Sect": "1", "SHAPE_AREA": 426.02523175034401, "owner_count": 0, "owners_json": [ ], "top_operator": "", "top_owner": "", "max_propensity_score": 0, "field_name": "Unknown", "production_status": "none", "pdp_well_count": 0, "pud_well_count": 0, "well_count": 0, "permit_count": 0 }, "geometry": { "type": "Polygon", "coordinates": [ [ [ -102.357149913112693, 31.250141125261326 ], [ -102.364519595039553, 31.242768234559495 ], [ -102.37439489707937, 31.250140993142921 ], [ -102.374395321249366, 31.250141308647322 ], [ -102.37540361438181, 31.250893878685794 ], [ -102.377030838987125, 31.25195217136827 ], [ -102.375427382389859, 31.253572581389108 ], [ -102.371278703504998, 31.257762944038191 ], [ -102.364543596420376, 31.252950892718189 ], [ -102.355156868986072, 31.255236794472527 ], [ -102.355530584922704, 31.256430270794247 ], [ -102.352868149663422, 31.254424120943888 ], [ -102.357148162914015, 31.250142876728908 ], [ -102.357149913112693, 31.250141125261326 ] ] ] } },
{ "type": "Feature", "properties": { "ABSTRACT_L": "A-171", "ABSTRACT_N": "103171", "LEVEL1_SUR": "T&P RR CO", "LEVEL2_BLO": "42 T4S", "LEVEL3_SUR": "19", "Surv_Sect": "19", "SHAPE_AREA": 646.88976778187612, "owner_count": 0, "owners_json": [ ], "top_operator": "", "top_owner": "", "max_propensity_score": 0, "field_name": "Unknown", "production_status": "none", "pdp_well_count": 0, "pud_well_count": 0, "well_count": 0, "permit_count": 0 }, "geometry": { "type": "Polygon", "coordinates": [ [ [ -102.35406093665334, 31.618248782061659 ], [ -102.356263746699227, 31.625132413500801 ], [ -102.358444089583912, 31.631945743960198 ], [ -102.358550019377617, 31.632284271309892 ], [ -102.342080407181115, 31.635943254274665 ], [ -102.337448423383407, 31.621909529262588 ], [ -102.35406093665334, 31.618248782061659 ] ] ] } },
{ "type": "Feature", "properties": { "ABSTRACT_L": "A-172", "ABSTRACT_N": "103172", "LEVEL1_SUR": "T&P RR CO", "LEVEL2_BLO": "42 T4S", "LEVEL3_SUR": "21", "Surv_Sect": "21", "SHAPE_AREA": 184.86193959101479, "owner_count": 0, "owners_json": [ ], "top_operator": "", "top_owner": "", "max_propensity_score": 0, "field_name": "Unknown", "production_status": "none", "pdp_well_count": 0, "pud_well_count": 0, "well_count": 0, "permit_count": 0 }, "geometry": { "type": "Polygon", "coordinates": [ [ [ -102.317861223197852, 31.630005232625017 ], [ -102.317840546502538, 31.626227047764932 ], [ -102.320267117844438, 31.625692917235259 ], [ -102.324890911060166, 31.639759623737419 ], [ -102.317876206596708, 31.641316260877382 ], [ -102.317876206439863, 31.64131599988335 ], [ -102.317870817804845, 31.631768472892247 ], [ -102.317861223197852, 31.630005232625017 ] ] ] } },
{ "type": "Feature", "properties": { "ABSTRACT_L": "A-173", "ABSTRACT_N": "103173", "LEVEL1_SUR": "T&P RR CO", "LEVEL2_BLO": "42 T4S", "LEVEL3_SUR": "29", "Surv_Sect": "29", "SHAPE_AREA": 616.94341419531224, "owner_count": 0, "owners_json": [ ], "top_operator": "", "top_owner": "", "max_propensity_score": 0, "field_name": "Unknown", "production_status": "none", "pdp_well_count": 0, "pud_well_count": 0, "well_count": 0, "permit_count": 0 }, "geometry": { "type": "Polygon", "coordinates": [ [ [ -102.331915446278572, 31.608096399095334 ], [ -102.336539886954426, 31.622109657589679 ], [ -102.320267117844438, 31.625692917235259 ], [ -102.319916301876304, 31.624634122221764 ], [ -102.319916093299412, 31.624633479450811 ], [ -102.318578970785097, 31.62059769280814 ], [ -102.318560874053304, 31.62054307735982 ], [ -102.317796776651733, 31.618236667589173 ], [ -102.317758242379767, 31.611203118487495 ], [ -102.331915446278572, 31.608096399095334 ] ] ] } },
{ "type": "Feature", "properties": { "ABSTRACT_L": "A-174", "ABSTRACT_N": "103174", "LEVEL1_SUR": "T&P RR CO", "LEVEL2_BLO": "42 T4S", "LEVEL3_SUR": "31", "Surv_Sect": "31", "SHAPE_AREA": 642.76862527793037, "owner_count": 0, "owners_json": [ ], "top_operator": "", "top_owner": "", "max_propensity_score": 0, "field_name": "Unknown", "production_status": "none", "pdp_well_count": 0, "pud_well_count": 0, "well_count": 0, "permit_count": 0 }, "geometry": { "type": "Polygon", "coordinates": [ [ [ -102.344709672105992, 31.590203826284036 ], [ -102.349412039479731, 31.604254450884529 ], [ -102.332983198803831, 31.607862017420068 ], [ -102.328355149994806, 31.593802137317219 ], [ -102.344709672105992, 31.590203826284036 ] ] ] } },
{ "type": "Feature", "properties": { "ABSTRACT_L": "A-176", "ABSTRACT_N": "103176", "LEVEL1_SUR": "T&P RR CO", "LEVEL2_BLO": "42 T4S", "LEVEL3_SUR": "41", "Surv_Sect": "41", "SHAPE_AREA": 288.21540883741051, "owner_count": 0, "owners_json": [ ], "top_operator": "", "top_owner": "", "max_propensity_score": 0, "field_name": "Unknown", "production_status": "none", "pdp_well_count": 0, "pud_well_count": 0, "well_count": 0, "permit_count": 0 }, "geometry": { "type": "Polygon", "coordinates": [ [ [ -102.322781083814306, 31.579961841516184 ], [ -102.327194262382008, 31.59405747239115 ], [ -102.317675774775765, 31.596150545477343 ], [ -102.317659955266208, 31.59326305619658 ], [ -102.317586311969905, 31.581101636484451 ], [ -102.322781083814306, 31.579961841516184 ] ] ] } },
{ "type": "Feature", "properties": { "ABSTRACT_L": "A-177", "ABSTRACT_N": "103177", "LEVEL1_SUR": "T&P RR CO", "LEVEL2_BLO": "42 T4S", "LEVEL3_SUR": "43", "Surv_Sect": "43", "SHAPE_AREA": 635.67242043890917, "owner_count": 0, "owners_json": [ ], "top_operator": "", "top_owner": "", "max_propensity_score": 0, "field_name": "Unknown", "production_status": "none", "pdp_well_count": 0, "pud_well_count": 0, "well_count": 0, "permit_count": 0 }, "geometry": { "type": "Polygon", "coordinates": [ [ [ -102.335508902072235, 31.562093751423717 ], [ -102.340131278248563, 31.576153281365976 ], [ -102.323813200149075, 31.57973535902391 ], [ -102.31928723569817, 31.565801578067308 ], [ -102.335508902072235, 31.562093751423717 ] ] ] } },
{ "type": "Feature", "properties": { "ABSTRACT_L": "A-179", "ABSTRACT_N": "103179", "LEVEL1_SUR": "T&P RR CO", "LEVEL2_BLO": "42 T5S", "LEVEL3_SUR": "7", "Surv_Sect": "7", "SHAPE_AREA": 452.25087929343493, "owner_count": 0, "owners_json": [ ], "top_operator": "", "top_owner": "", "max_propensity_score": 0, "field_name": "Unknown", "production_status": "none", "pdp_well_count": 0, "pud_well_count": 0, "well_count": 0, "permit_count": 0 }, "geometry": { "type": "Polygon", "coordinates": [ [ [ -102.326268058974037, 31.533748479157161 ], [ -102.326331493872189, 31.533944976508096 ], [ -102.330924531389101, 31.548006841790041 ], [ -102.317527407366995, 31.551207965774726 ], [ -102.317525862589122, 31.549785899511896 ], [ -102.317038291058992, 31.535892609902387 ], [ -102.326268058974037, 31.533748479157161 ] ] ] } },
{ "type": "Feature", "properties": { "ABSTRACT_L": "A-18", "ABSTRACT_N": "10318", "LEVEL1_SUR": "CCSD&RGNG RR CO", "LEVEL2_BLO": "X", "LEVEL3_SUR": "9", "Surv_Sect": "9", "SHAPE_AREA": 651.63793418325668, "owner_count": 0, "owners_json": [ ], "top_operator": "", "top_owner": "", "max_propensity_score": 0, "field_name": "Unknown", "production_status": "none", "pdp_well_count": 0, "pud_well_count": 0, "well_count": 0, "permit_count": 0 }, "geometry": { "type": "Polygon", "coordinates": [ [ [ -102.383122094269382, 31.414910043831007 ], [ -102.387689379113098, 31.429159198869684 ], [ -102.380941336004412, 31.430757642165378 ], [ -102.371402637021504, 31.433016424028345 ], [ -102.367287261605384, 31.420257901537305 ], [ -102.366790852264302, 31.418747439101107 ], [ -102.383122094269382, 31.414910043831007 ] ] ] } },
{ "type": "Feature", "properties": { "ABSTRACT_L": "A-180", "ABSTRACT_N": "103180", "LEVEL1_SUR": "T&P RR CO", "LEVEL2_BLO": "42 T5S", "LEVEL3_SUR": "19", "Surv_Sect": "19", "SHAPE_AREA": 114.09914941899871, "owner_count": 0, "owners_json": [ ], "top_operator": "", "top_owner": "", "max_propensity_score": 0, "field_name": "Unknown", "production_status": "none", "pdp_well_count": 0, "pud_well_count": 0, "well_count": 0, "permit_count": 0 }, "geometry": { "type": "Polygon", "coordinates": [ [ [ -102.317164118015455, 31.505772289313683 ], [ -102.317317851447484, 31.506234488087404 ], [ -102.321788017460534, 31.519869038689663 ], [ -102.316765193118314, 31.521040339771783 ], [ -102.316756581002096, 31.520540792632072 ], [ -102.316407590025449, 31.505939507906877 ], [ -102.317164118015455, 31.505772289313683 ] ] ] } },
{ "type": "Feature", "properties": { "ABSTRACT_L": "A-181", "ABSTRACT_N": "103181", "LEVEL1_SUR": "T&P RR CO", "LEVEL2_BLO": "43 T4S", "LEVEL3_SUR": "7", "Surv_Sect": "7", "SHAPE_AREA": 651.19989391115439, "owner_count": 0, "owners_json": [ ], "top_operator": "", "top_owner": "", "max_propensity_score": 0, "field_name": "Unknown", "production_status": "none", "pdp_well_count": 0, "pud_well_count": 0, "well_count": 0, "permit_count": 0 }, "geometry": { "type": "Polygon", "coordinates": [ [ [ -102.466713785910827, 31.637429360081462 ], [ -102.450209894120832, 31.641138427926851 ], [ -102.445858765545864, 31.627026090690233 ], [ -102.453564705943947, 31.625131137644452 ], [ -102.462079817080806, 31.623036062034949 ], [ -102.462190108571775, 31.623368920877059 ], [ -102.462756950767655, 31.625130593231528 ], [ -102.466713785910827, 31.637429360081462 ] ] ] } },
{ "type": "Feature", "properties": { "ABSTRACT_L": "A-182", "ABSTRACT_N": "103182", "LEVEL1_SUR": "T&P RR CO", "LEVEL2_BLO": "43 T4S", "LEVEL3_SUR": "9", "Surv_Sect": "9", "SHAPE_AREA": 636.05282258231841, "owner_count": 0, "owners_json": [ ], "top_operator": "", "top_owner": "", "max_propensity_score": 0, "field_name": "Unknown", "production_status": "none", "pdp_well_count": 0, "pud_well_count": 0, "well_count": 0, "permit_count": 0 }, "geometry": { "type": "Polygon", "coordinates": [ [ [ -102.433764540578892, 31.644905487184616 ], [ -102.417413567450211, 31.648686563811683 ], [ -102.413159586248511, 31.634580387940165 ], [ -102.429296725642629, 31.630887690889253 ], [ -102.433764540578892, 31.644905487184616 ] ] ] } },
{ "type": "Feature", "properties": { "ABSTRACT_L": "A-183", "ABSTRACT_N": "103183", "LEVEL1_SUR": "T&P RR CO", "LEVEL2_BLO": "43 T4S", "LEVEL3_SUR": "13", "Surv_Sect": "13", "SHAPE_AREA": 655.90844265261444, "owner_count": 0, "owners_json": [ ], "top_operator": "", "top_owner": "", "max_propensity_score": 0, "field_name": "Unknown", "production_status": "none", "pdp_well_count": 0, "pud_well_count": 0, "well_count": 0, "permit_count": 0 }, "geometry": { "type": "Polygon", "coordinates": [ [ [ -102.375109042681629, 31.628164939245895 ], [ -102.375428773095877, 31.629204514006453 ], [ -102.379472675842678, 31.642345943107351 ], [ -102.375428948617426, 31.643265147798463 ], [ -102.362879556143568, 31.646117673874915 ], [ -102.362875190332346, 31.646103743556917 ], [ -102.358550019377617, 31.632284271309892 ], [ -102.358444089583912, 31.631945743960198 ], [ -102.375109042681629, 31.628164939245895 ] ] ] } },
{ "type": "Feature", "properties": { "ABSTRACT_L": "A-184", "ABSTRACT_N": "103184", "LEVEL1_SUR": "T&P RR CO", "LEVEL2_BLO": "43 T4S", "LEVEL3_SUR": "15", "Surv_Sect": "15", "SHAPE_AREA": 647.8327689528669, "owner_count": 0, "owners_json": [ ], "top_operator": "", "top_owner": "", "max_propensity_score": 0, "field_name": "Unknown", "production_status": "none", "pdp_well_count": 0, "pud_well_count": 0, "well_count": 0, "permit_count": 0 }, "geometry": { "type": "Polygon", "coordinates": [ [ [ -102.407800939225822, 31.620665746964029 ], [ -102.409247425183466, 31.625131471681172 ], [ -102.412366737671917, 31.634761545741231 ], [ -102.395919049788461, 31.638526613070937 ], [ -102.391609848834605, 31.625131920613526 ], [ -102.391367048448785, 31.624377772296825 ], [ -102.407800939225822, 31.620665746964029 ] ] ] } },
{ "type": "Feature", "properties": { "ABSTRACT_L": "A-185", "ABSTRACT_N": "103185", "LEVEL1_SUR": "T&P RR CO", "LEVEL2_BLO": "43 T4S", "LEVEL3_SUR": "17", "Surv_Sect": "17", "SHAPE_AREA": 653.28007399265914, "owner_count": 0, "owners_json": [ ], "top_operator": "", "top_owner": "", "max_propensity_score": 0, "field_name": "Unknown", "production_status": "none", "pdp_well_count": 0, "pud_well_count": 0, "well_count": 0, "permit_count": 0 }, "geometry": { "type": "Polygon", "coordinates": [ [ [ -102.42481298808265, 31.616744812645734 ], [ -102.441243091264241, 31.612842183176625 ], [ -102.445242191986651, 31.625131865485685 ], [ -102.445858765545864, 31.627026090690233 ], [ -102.429296725642629, 31.630887690889253 ], [ -102.427471842746172, 31.625131425258697 ], [ -102.42481298808265, 31.616744812645734 ] ] ] } },
{ "type": "Feature", "properties": { "ABSTRACT_L": "A-186", "ABSTRACT_N": "103186", "LEVEL1_SUR": "T&P RR CO", "LEVEL2_BLO": "43 T4S", "LEVEL3_SUR": "19", "Surv_Sect": "19", "SHAPE_AREA": 652.09597595996854, "owner_count": 0, "owners_json": [ ], "top_operator": "", "top_owner": "", "max_propensity_score": 0, "field_name": "Unknown", "production_status": "none", "pdp_well_count": 0, "pud_well_count": 0, "well_count": 0, "permit_count": 0 }, "geometry": { "type": "Polygon", "coordinates": [ [ [ -102.420099195082614, 31.602635602652217 ], [ -102.436670396682075, 31.59876112477281 ], [ -102.436818330820046, 31.599140756629453 ], [ -102.441243091264241, 31.612842183176625 ], [ -102.42481298808265, 31.616744812645734 ], [ -102.422455942746339, 31.609690305777828 ], [ -102.420099195082614, 31.602635602652217 ] ] ] } },
{ "type": "Feature", "properties": { "ABSTRACT_L": "A-187", "ABSTRACT_N": "103187", "LEVEL1_SUR": "T&P RR CO", "LEVEL2_BLO": "43 T4S", "LEVEL3_SUR": "21", "Surv_Sect": "21", "SHAPE_AREA": 644.51944941576585, "owner_count": 0, "owners_json": [ ], "top_operator": "", "top_owner": "", "max_propensity_score": 0, "field_name": "Unknown", "production_status": "none", "pdp_well_count": 0, "pud_well_count": 0, "well_count": 0, "permit_count": 0 }, "geometry": { "type": "Polygon", "coordinates": [ [ [ -102.403250718211538, 31.606560522318702 ], [ -102.405519416259992, 31.613593800877684 ], [ -102.407800939225822, 31.620665746964029 ], [ -102.391367048448785, 31.624377772296825 ], [ -102.386845041143346, 31.610361611712847 ], [ -102.403250718211538, 31.606560522318702 ] ] ] } },
{ "type": "Feature", "properties": { "ABSTRACT_L": "A-188", "ABSTRACT_N": "103188", "LEVEL1_SUR": "T&P RR CO", "LEVEL2_BLO": "43 T4S", "LEVEL3_SUR": "23", "Surv_Sect": "23", "SHAPE_AREA": 666.36657695084295, "owner_count": 0, "owners_json": [ ], "top_operator": "", "top_owner": "", "max_propensity_score": 0, "field_name": "Unknown", "production_status": "none", "pdp_well_count": 0, "pud_well_count": 0, "well_count": 0, "permit_count": 0 }, "geometry": { "type": "Polygon", "coordinates": [ [ [ -102.370707966389034, 31.61386477508648 ], [ -102.374176058545743, 31.625130366591836 ], [ -102.375109042681629, 31.628164939245895 ], [ -102.358444089583912, 31.631945743960198 ], [ -102.356263746699227, 31.625132413500801 ], [ -102.35406093665334, 31.618248782061659 ], [ -102.353875121389123, 31.61766806284902 ], [ -102.370707966389034, 31.61386477508648 ] ] ] } },
{ "type": "Feature", "properties": { "ABSTRACT_L": "A-189", "ABSTRACT_N": "103189", "LEVEL1_SUR": "T&P RR CO", "LEVEL2_BLO": "43 T4S", "LEVEL3_SUR": "25", "Surv_Sect": "25", "SHAPE_AREA": 606.2805944909685, "owner_count": 0, "owners_json": [ ], "top_operator": "", "top_owner": "", "max_propensity_score": 0, "field_name": "Unknown", "production_status": "none", "pdp_well_count": 0, "pud_well_count": 0, "well_count": 0, "permit_count": 0 }, "geometry": { "type": "Polygon", "coordinates": [ [ [ -102.382496306563581, 31.596697653508233 ], [ -102.386845041143346, 31.610361611712847 ], [ -102.375428983977315, 31.612839756462371 ], [ -102.370707966389034, 31.61386477508648 ], [ -102.366549272039393, 31.600355746465489 ], [ -102.375428608249848, 31.598319533240062 ], [ -102.382496306563581, 31.596697653508233 ] ] ] } },
{ "type": "Feature", "properties": { "ABSTRACT_L": "A-19", "ABSTRACT_N": "10319", "LEVEL1_SUR": "CCSD&RGNG RR CO", "LEVEL2_BLO": "X", "LEVEL3_SUR": "11", "Surv_Sect": "11", "SHAPE_AREA": 649.83270974682932, "owner_count": 0, "owners_json": [ ], "top_operator": "", "top_owner": "", "max_propensity_score": 0, "field_name": "Unknown", "production_status": "none", "pdp_well_count": 0, "pud_well_count": 0, "well_count": 0, "permit_count": 0 }, "geometry": { "type": "Polygon", "coordinates": [ [ [ -102.387052949668387, 31.39909421897335 ], [ -102.395427753390678, 31.39712484214402 ], [ -102.399874773556718, 31.410971154125445 ], [ -102.383122094269382, 31.414910043831007 ], [ -102.378684584572724, 31.401061457420628 ], [ -102.387052949668387, 31.39909421897335 ] ] ] } },
{ "type": "Feature", "properties": { "ABSTRACT_L": "A-190", "ABSTRACT_N": "103190", "LEVEL1_SUR": "T&P RR CO", "LEVEL2_BLO": "43 T4S", "LEVEL3_SUR": "27", "Surv_Sect": "27", "SHAPE_AREA": 635.1419182088249, "owner_count": 0, "owners_json": [ ], "top_operator": "", "top_owner": "", "max_propensity_score": 0, "field_name": "Unknown", "production_status": "none", "pdp_well_count": 0, "pud_well_count": 0, "well_count": 0, "permit_count": 0 }, "geometry": { "type": "Polygon", "coordinates": [ [ [ -102.415768644954397, 31.589261857569635 ], [ -102.420099195082614, 31.602635602652217 ], [ -102.403725686294422, 31.606449946059055 ], [ -102.399197918069973, 31.59275403528731 ], [ -102.41557997782725, 31.588682127784839 ], [ -102.415768644954397, 31.589261857569635 ] ] ] } },
{ "type": "Feature", "properties": { "ABSTRACT_L": "A-191", "ABSTRACT_N": "103191", "LEVEL1_SUR": "T&P RR CO", "LEVEL2_BLO": "43 T4S", "LEVEL3_SUR": "29", "Surv_Sect": "29", "SHAPE_AREA": 684.5512957499858, "owner_count": 0, "owners_json": [ ], "top_operator": "", "top_owner": "", "max_propensity_score": 0, "field_name": "Unknown", "production_status": "none", "pdp_well_count": 0, "pud_well_count": 0, "well_count": 0, "permit_count": 0 }, "geometry": { "type": "Polygon", "coordinates": [ [ [ -102.399197918069973, 31.59275403528731 ], [ -102.382496306563581, 31.596697653508233 ], [ -102.377779260721965, 31.58210143633416 ], [ -102.394461590076133, 31.578092690344711 ], [ -102.394494245347971, 31.578085238102599 ], [ -102.399197918069973, 31.59275403528731 ] ] ] } },
{ "type": "Feature", "properties": { "ABSTRACT_L": "A-192", "ABSTRACT_N": "103192", "LEVEL1_SUR": "T&P RR CO", "LEVEL2_BLO": "43 T4S", "LEVEL3_SUR": "31", "Surv_Sect": "31", "SHAPE_AREA": 652.53833544622501, "owner_count": 0, "owners_json": [ ], "top_operator": "", "top_owner": "", "max_propensity_score": 0, "field_name": "Unknown", "production_status": "none", "pdp_well_count": 0, "pud_well_count": 0, "well_count": 0, "permit_count": 0 }, "geometry": { "type": "Polygon", "coordinates": [ [ [ -102.361123478984609, 31.586183505182444 ], [ -102.365785971383147, 31.600537463207324 ], [ -102.349412039479731, 31.604254450884529 ], [ -102.344709672105992, 31.590203826284036 ], [ -102.361123478984609, 31.586183505182444 ] ] ] } },
{ "type": "Feature", "properties": { "ABSTRACT_L": "A-193", "ABSTRACT_N": "103193", "LEVEL1_SUR": "T&P RR CO", "LEVEL2_BLO": "43 T4S", "LEVEL3_SUR": "33", "Surv_Sect": "33", "SHAPE_AREA": 636.87775388873479, "owner_count": 0, "owners_json": [ ], "top_operator": "", "top_owner": "", "max_propensity_score": 0, "field_name": "Unknown", "production_status": "none", "pdp_well_count": 0, "pud_well_count": 0, "well_count": 0, "permit_count": 0 }, "geometry": { "type": "Polygon", "coordinates": [ [ [ -102.373226086627042, 31.568107255788004 ], [ -102.375428552818931, 31.574877384067516 ], [ -102.377779260721965, 31.58210143633416 ], [ -102.37543509242083, 31.582676105179075 ], [ -102.361540213622234, 31.586081402672693 ], [ -102.36149633445612, 31.585944301605913 ], [ -102.357055785995868, 31.572066625693743 ], [ -102.373218932554266, 31.568109002787978 ], [ -102.373226086627042, 31.568107255788004 ] ] ] } },
{ "type": "Feature", "properties": { "ABSTRACT_L": "A-194", "ABSTRACT_N": "103194", "LEVEL1_SUR": "T&P RR CO", "LEVEL2_BLO": "43 T4S", "LEVEL3_SUR": "35", "Surv_Sect": "35", "SHAPE_AREA": 635.71040947693427, "owner_count": 0, "owners_json": [ ], "top_operator": "", "top_owner": "", "max_propensity_score": 0, "field_name": "Unknown", "production_status": "none", "pdp_well_count": 0, "pud_well_count": 0, "well_count": 0, "permit_count": 0 }, "geometry": { "type": "Polygon", "coordinates": [ [ [ -102.373218932554266, 31.568109002787978 ], [ -102.357055785995868, 31.572066625693743 ], [ -102.352488035216211, 31.558106252379392 ], [ -102.368745335569741, 31.554129437373881 ], [ -102.373218932554266, 31.568109002787978 ] ] ] } },
{ "type": "Feature", "properties": { "ABSTRACT_L": "A-195", "ABSTRACT_N": "103195", "LEVEL1_SUR": "WILKINSON, W L", "LEVEL2_BLO": null, "LEVEL3_SUR": "2", "Surv_Sect": "2", "SHAPE_AREA": 638.9928429852215, "owner_count": 0, "owners_json": [ ], "top_operator": "", "top_owner": "", "max_propensity_score": 0, "field_name": "Unknown", "production_status": "none", "pdp_well_count": 0, "pud_well_count": 0, "well_count": 0, "permit_count": 0 }, "geometry": { "type": "Polygon", "coordinates": [ [ [ -102.42718720782122, 31.17176893781506 ], [ -102.427257356446219, 31.17197811319167 ], [ -102.42737875091251, 31.172407810592428 ], [ -102.427480902133112, 31.172617066175601 ], [ -102.427515502784686, 31.172660591075775 ], [ -102.414884579553103, 31.185329930432466 ], [ -102.405966393799105, 31.178720057356923 ], [ -102.416327031365725, 31.168103808171399 ], [ -102.42377850785924, 31.160540716742709 ], [ -102.423837615140258, 31.160537063797861 ], [ -102.424061092093652, 31.160344401055013 ], [ -102.424201367462587, 31.160136101135301 ], [ -102.424520783798826, 31.159800627535098 ], [ -102.424833371888866, 31.159542321540762 ], [ -102.42522320450675, 31.159411196094378 ], [ -102.425415335047504, 31.159526592609996 ], [ -102.425549401481959, 31.159686413201062 ], [ -102.425683662808524, 31.159900571016408 ], [ -102.425856518716841, 31.160357507468664 ], [ -102.425875852358331, 31.160676312241126 ], [ -102.425952958370004, 31.161221034162569 ], [ -102.425933998968148, 31.16160659186945 ], [ -102.425761642480609, 31.161843009848582 ], [ -102.425525401179073, 31.16206824433106 ], [ -102.424656603963655, 31.162380316752902 ], [ -102.424196782449329, 31.162512064329935 ], [ -102.42381332636198, 31.162720795038794 ], [ -102.423449251943296, 31.162984190178641 ], [ -102.423238662791775, 31.163352702328428 ], [ -102.423308998963876, 31.163616898345072 ], [ -102.423526320063829, 31.163716004859353 ], [ -102.423871221157086, 31.163688905007966 ], [ -102.424171685297821, 31.163628932078122 ], [ -102.424669978033634, 31.163656734870401 ], [ -102.424938468542834, 31.163723238066726 ], [ -102.425187545858122, 31.163938001624469 ], [ -102.425283641241649, 31.164114355316624 ], [ -102.42542439863054, 31.164692269575109 ], [ -102.425475504000687, 31.165127414474746 ], [ -102.425494788860561, 31.165506751598439 ], [ -102.425571439060192, 31.166096192699811 ], [ -102.425647911459578, 31.16686653733661 ], [ -102.425826965399793, 31.167048901041085 ], [ -102.426121014574278, 31.167081905230152 ], [ -102.426446941868946, 31.167110183490657 ], [ -102.426702540943523, 31.167110202627743 ], [ -102.427060477977633, 31.167045017584602 ], [ -102.427437341846172, 31.16687492153347 ], [ -102.42767369588455, 31.166748045820118 ], [ -102.427814550856837, 31.166781170365866 ], [ -102.427865368482756, 31.166891649724196 ], [ -102.427827113481825, 31.167100789549345 ], [ -102.427788773861906, 31.167243903238138 ], [ -102.427686788716002, 31.167557418391954 ], [ -102.427565298816972, 31.167843785150446 ], [ -102.427366913308447, 31.168267103483053 ], [ -102.427258119446734, 31.168470688386542 ], [ -102.427123954415904, 31.168746286762129 ], [ -102.426938823285042, 31.1690152749368 ], [ -102.426849114225675, 31.169433801406669 ], [ -102.426868367468757, 31.169670751737922 ], [ -102.42671481452426, 31.169907505379321 ], [ -102.426228981032565, 31.170259181523885 ], [ -102.425953903491475, 31.170467948106154 ], [ -102.425794044156561, 31.170677304464672 ], [ -102.425692051575183, 31.170897268893796 ], [ -102.425653511159965, 31.171095407388503 ], [ -102.425653361863112, 31.171574848155608 ], [ -102.425551088951423, 31.17178381191837 ], [ -102.425525454489872, 31.171860645054434 ], [ -102.425563448819616, 31.172048405928731 ], [ -102.425563593342559, 31.172257512421886 ], [ -102.425582554045576, 31.172577011345027 ], [ -102.425729493337272, 31.172863851069888 ], [ -102.425972174431067, 31.172858611349191 ], [ -102.426285367541695, 31.172841730503897 ], [ -102.426374921862916, 31.172699039295747 ], [ -102.426470892278942, 31.172478499541445 ], [ -102.42648262900947, 31.172047280443618 ], [ -102.426564208382018, 31.171736646481829 ], [ -102.426618213723714, 31.171653048803101 ], [ -102.426695076322773, 31.171614540982979 ], [ -102.427103584732563, 31.171687485422229 ], [ -102.42718720782122, 31.17176893781506 ] ] ] } },
{ "type": "Feature", "properties": { "ABSTRACT_L": "A-196", "ABSTRACT_N": "103196", "LEVEL1_SUR": "GC&SF RR CO", "LEVEL2_BLO": null, "LEVEL3_SUR": "7", "Surv_Sect": "7", "SHAPE_AREA": 602.88849849636915, "owner_count": 0, "owners_json": [ ], "top_operator": "", "top_owner": "", "max_propensity_score": 0, "field_name": "Unknown", "production_status": "none", "pdp_well_count": 0, "pud_well_count": 0, "well_count": 0, "permit_count": 0 }, "geometry": { "type": "Polygon", "coordinates": [ [ [ -102.528182260458323, 31.369885069458718 ], [ -102.523007524056325, 31.375118777842761 ], [ -102.521126592352303, 31.373869819980165 ], [ -102.519893431063707, 31.375138790105417 ], [ -102.518424129512539, 31.376650328081688 ], [ -102.516297780403249, 31.375138479719709 ], [ -102.514448676328684, 31.3738234572061 ], [ -102.50840420604294, 31.369524396868357 ], [ -102.507770997335172, 31.369073996690489 ], [ -102.515791587217137, 31.361049652500459 ], [ -102.515801927791287, 31.361039319857564 ], [ -102.519153476846967, 31.357688095664038 ], [ -102.519161847193416, 31.357694247337971 ], [ -102.531367143618908, 31.366712027607097 ], [ -102.528234054614643, 31.369832684240798 ], [ -102.528182260458323, 31.369885069458718 ] ] ] } },
{ "type": "Feature", "properties": { "ABSTRACT_L": "A-197", "ABSTRACT_N": "103197", "LEVEL1_SUR": "H&TC RR CO", "LEVEL2_BLO": "4", "LEVEL3_SUR": "25", "Surv_Sect": "25", "SHAPE_AREA": 599.50564801493374, "owner_count": 0, "owners_json": [ ], "top_operator": "", "top_owner": "", "max_propensity_score": 0, "field_name": "Unknown", "production_status": "none", "pdp_well_count": 0, "pud_well_count": 0, "well_count": 0, "permit_count": 0 }, "geometry": { "type": "Polygon", "coordinates": [ [ [ -102.767466816278684, 31.356095753204336 ], [ -102.760864785946083, 31.362581159744661 ], [ -102.750438315465814, 31.355366238874769 ], [ -102.750438241980959, 31.355366192283174 ], [ -102.747700877321449, 31.353471433371222 ], [ -102.750438117228924, 31.350728590584481 ], [ -102.750438218591384, 31.350728492130049 ], [ -102.755064583582111, 31.346091673801773 ], [ -102.758874703768697, 31.342313253875719 ], [ -102.767456354381196, 31.348602566394813 ], [ -102.767466816278684, 31.356095753204336 ] ] ] } },
{ "type": "Feature", "properties": { "ABSTRACT_L": "A-198", "ABSTRACT_N": "103198", "LEVEL1_SUR": "H&TC RR CO", "LEVEL2_BLO": "4", "LEVEL3_SUR": "27", "Surv_Sect": "27", "SHAPE_AREA": 557.87199081510869, "owner_count": 0, "owners_json": [ ], "top_operator": "", "top_owner": "", "max_propensity_score": 0, "field_name": "Unknown", "production_status": "none", "pdp_well_count": 0, "pud_well_count": 0, "well_count": 0, "permit_count": 0 }, "geometry": { "type": "Polygon", "coordinates": [ [ [ -102.767550928525836, 31.378402756457032 ], [ -102.762628326375932, 31.38337244344682 ], [ -102.751828850337034, 31.375136515251956 ], [ -102.750438324630593, 31.374075910873145 ], [ -102.750438127773734, 31.3740757568399 ], [ -102.749963078535728, 31.373713691004717 ], [ -102.750438149582791, 31.373228289735565 ], [ -102.750438320900557, 31.373228114131599 ], [ -102.760864785946083, 31.362581159744661 ], [ -102.767482887580172, 31.367605355336813 ], [ -102.767493408589488, 31.375137987467106 ], [ -102.767494659158544, 31.375927634906219 ], [ -102.767550928525836, 31.378402756457032 ] ] ] } },
{ "type": "Feature", "properties": { "ABSTRACT_L": "A-199", "ABSTRACT_N": "103199", "LEVEL1_SUR": "TC RR CO", "LEVEL2_BLO": null, "LEVEL3_SUR": "55", "Surv_Sect": "55", "SHAPE_AREA": 440.25117236345216, "owner_count": 0, "owners_json": [ ], "top_operator": "", "top_owner": "", "max_propensity_score": 0, "field_name": "Unknown", "production_status": "none", "pdp_well_count": 0, "pud_well_count": 0, "well_count": 0, "permit_count": 0 }, "geometry": { "type": "Polygon", "coordinates": [ [ [ -102.314672319615568, 31.279745161759568 ], [ -102.320624279052055, 31.278308323398708 ], [ -102.325250002188355, 31.292182087729483 ], [ -102.313816130977827, 31.294865980461889 ], [ -102.31015775842566, 31.28361490458482 ], [ -102.310073729726128, 31.28086137949057 ], [ -102.314672319615568, 31.279745161759568 ] ] ] } },
{ "type": "Feature", "properties": { "ABSTRACT_L": "A-20", "ABSTRACT_N": "10320", "LEVEL1_SUR": "CCSD&RGNG RR CO", "LEVEL2_BLO": "X", "LEVEL3_SUR": "13", "Surv_Sect": "13", "SHAPE_AREA": 658.61687710114359, "owner_count": 0, "owners_json": [ ], "top_operator": "", "top_owner": "", "max_propensity_score": 0, "field_name": "Unknown", "production_status": "none", "pdp_well_count": 0, "pud_well_count": 0, "well_count": 0, "permit_count": 0 }, "geometry": { "type": "Polygon", "coordinates": [ [ [ -102.375427765249583, 31.371909675469798 ], [ -102.386430531536689, 31.369298803019898 ], [ -102.388314234393249, 31.37513879710211 ], [ -102.390980541073858, 31.383404704919354 ], [ -102.382622955510428, 31.385326858028787 ], [ -102.37542781780887, 31.38698115755615 ], [ -102.374243142645938, 31.387253226178636 ], [ -102.370320076038396, 31.37513826535454 ], [ -102.369713578572245, 31.373265419250639 ], [ -102.375427765249583, 31.371909675469798 ] ] ] } },
{ "type": "Feature", "properties": { "ABSTRACT_L": "A-200", "ABSTRACT_N": "103200", "LEVEL1_SUR": "YARBROUGH, L", "LEVEL2_BLO": null, "LEVEL3_SUR": "41", "Surv_Sect": "41", "SHAPE_AREA": 393.63267177647799, "owner_count": 0, "owners_json": [ ], "top_operator": "", "top_owner": "", "max_propensity_score": 0, "field_name": "Unknown", "production_status": "none", "pdp_well_count": 0, "pud_well_count": 0, "well_count": 0, "permit_count": 0 }, "geometry": { "type": "Polygon", "coordinates": [ [ [ -102.367287261605384, 31.420257901537305 ], [ -102.371402637021504, 31.433016424028345 ], [ -102.364600583752846, 31.434626671954629 ], [ -102.364183116762575, 31.434725485550523 ], [ -102.360786056362514, 31.435529506788193 ], [ -102.360310289852393, 31.434007824704619 ], [ -102.359894857648655, 31.43410788053086 ], [ -102.356162314937748, 31.423001275116416 ], [ -102.359947678325597, 31.422026600436531 ], [ -102.367287261605384, 31.420257901537305 ] ] ] } },
{ "type": "Feature", "properties": { "ABSTRACT_L": "A-201", "ABSTRACT_N": "103201", "LEVEL1_SUR": "G&MMB&A", "LEVEL2_BLO": "46 T3S", "LEVEL3_SUR": "7", "Surv_Sect": "7", "SHAPE_AREA": 645.44024074980712, "owner_count": 0, "owners_json": [ ], "top_operator": "", "top_owner": "", "max_propensity_score": 0, "field_name": "Unknown", "production_status": "none", "pdp_well_count": 0, "pud_well_count": 0, "well_count": 0, "permit_count": 0 }, "geometry": { "type": "Polygon", "coordinates": [ [ [ -102.689951698918733, 31.614664595867264 ], [ -102.694125491896372, 31.628288303372415 ], [ -102.677119115688484, 31.632237645442647 ], [ -102.672918933585819, 31.619224782026322 ], [ -102.672797861578303, 31.61883453963285 ], [ -102.674484477497657, 31.618400922487584 ], [ -102.689951698918733, 31.614664595867264 ] ] ] } },
{ "type": "Feature", "properties": { "ABSTRACT_L": "A-202", "ABSTRACT_N": "103202", "LEVEL1_SUR": "G&MMB&A", "LEVEL2_BLO": "46 T3S", "LEVEL3_SUR": "10", "Surv_Sect": "10", "SHAPE_AREA": 617.0771059423513, "owner_count": 0, "owners_json": [ ], "top_operator": "", "top_owner": "", "max_propensity_score": 0, "field_name": "Unknown", "production_status": "none", "pdp_well_count": 0, "pud_well_count": 0, "well_count": 0, "permit_count": 0 }, "geometry": { "type": "Polygon", "coordinates": [ [ [ -102.705871027852936, 31.61067283719952 ], [ -102.710271850562506, 31.624601565588165 ], [ -102.694125491896372, 31.628288303372415 ], [ -102.689951698918733, 31.614664595867264 ], [ -102.690679431452125, 31.614477575776309 ], [ -102.705871027852936, 31.61067283719952 ] ] ] } },
{ "type": "Feature", "properties": { "ABSTRACT_L": "A-203", "ABSTRACT_N": "103203", "LEVEL1_SUR": "G&MMB&A", "LEVEL2_BLO": "46 T3S", "LEVEL3_SUR": "23", "Surv_Sect": "23", "SHAPE_AREA": 624.15507995617816, "owner_count": 0, "owners_json": [ ], "top_operator": "", "top_owner": "", "max_propensity_score": 0, "field_name": "Unknown", "production_status": "none", "pdp_well_count": 0, "pud_well_count": 0, "well_count": 0, "permit_count": 0 }, "geometry": { "type": "Polygon", "coordinates": [ [ [ -102.721816408190918, 31.607115996386923 ], [ -102.726209951673283, 31.620939149989084 ], [ -102.710271850562506, 31.624601565588165 ], [ -102.705871027852936, 31.61067283719952 ], [ -102.706601380025617, 31.610499187471287 ], [ -102.721702476085184, 31.606757951448245 ], [ -102.721816408190918, 31.607115996386923 ] ] ] } },
{ "type": "Feature", "properties": { "ABSTRACT_L": "A-204", "ABSTRACT_N": "103204", "LEVEL1_SUR": "CLEMONS, L C", "LEVEL2_BLO": null, "LEVEL3_SUR": null, "Surv_Sect": null, "SHAPE_AREA": 688.88497925012018, "owner_count": 0, "owners_json": [ ], "top_operator": "", "top_owner": "", "max_propensity_score": 0, "field_name": "Unknown", "production_status": "none", "pdp_well_count": 0, "pud_well_count": 0, "well_count": 0, "permit_count": 0 }, "geometry": { "type": "Polygon", "coordinates": [ [ [ -102.738153415626812, 31.318003630249557 ], [ -102.726446380466811, 31.309354913682952 ], [ -102.730583120481683, 31.30521682202961 ], [ -102.735596308400133, 31.308976921852004 ], [ -102.732326009431077, 31.312298960447269 ], [ -102.738962979689617, 31.317204386003741 ], [ -102.741941332783114, 31.314222681045248 ], [ -102.74836935140317, 31.318861039763185 ], [ -102.750108377607333, 31.317104421673982 ], [ -102.750437955428069, 31.317349890592535 ], [ -102.750438061904745, 31.317349970877572 ], [ -102.756482798106418, 31.321850139986896 ], [ -102.756063456651404, 31.322266503045014 ], [ -102.756043834457884, 31.322285988662077 ], [ -102.755242140309889, 31.323086356503172 ], [ -102.750958045071712, 31.327363039855864 ], [ -102.750438111367686, 31.327882039350236 ], [ -102.745715920405402, 31.332595153372985 ], [ -102.732996883031305, 31.323125809515911 ], [ -102.738153415626812, 31.318003630249557 ] ] ] } },
{ "type": "Feature", "properties": { "ABSTRACT_L": "A-205", "ABSTRACT_N": "103205", "LEVEL1_SUR": "CCSD&RGNG RR CO", "LEVEL2_BLO": "X", "LEVEL3_SUR": "81", "Surv_Sect": "81", "SHAPE_AREA": 696.88940172877085, "owner_count": 0, "owners_json": [ ], "top_operator": "", "top_owner": "", "max_propensity_score": 0, "field_name": "Unknown", "production_status": "none", "pdp_well_count": 0, "pud_well_count": 0, "well_count": 0, "permit_count": 0 }, "geometry": { "type": "Polygon", "coordinates": [ [ [ -102.363836438544709, 31.29901336161258 ], [ -102.347144147567462, 31.30293081046932 ], [ -102.342436906272084, 31.288083261524012 ], [ -102.359169314700623, 31.284104413522947 ], [ -102.363836438544709, 31.29901336161258 ] ] ] } },
{ "type": "Feature", "properties": { "ABSTRACT_L": "A-206", "ABSTRACT_N": "103206", "LEVEL1_SUR": "EVANS, R C", "LEVEL2_BLO": null, "LEVEL3_SUR": null, "Surv_Sect": null, "SHAPE_AREA": 83.727646315788093, "owner_count": 0, "owners_json": [ ], "top_operator": "", "top_owner": "", "max_propensity_score": 0, "field_name": "Unknown", "production_status": "none", "pdp_well_count": 0, "pud_well_count": 0, "well_count": 0, "permit_count": 0 }, "geometry": { "type": "Polygon", "coordinates": [ [ [ -102.539123831534141, 31.604540387999727 ], [ -102.534790136547485, 31.605564536336892 ], [ -102.532576159149343, 31.598621100249638 ], [ -102.536844561422868, 31.597585912231597 ], [ -102.539123831534141, 31.604540387999727 ] ] ] } },
{ "type": "Feature", "properties": { "ABSTRACT_L": "A-207", "ABSTRACT_N": "103207", "LEVEL1_SUR": "KYLE, S J", "LEVEL2_BLO": null, "LEVEL3_SUR": null, "Surv_Sect": null, "SHAPE_AREA": 80.087232741002538, "owner_count": 0, "owners_json": [ ], "top_operator": "", "top_owner": "", "max_propensity_score": 0, "field_name": "Unknown", "production_status": "none", "pdp_well_count": 0, "pud_well_count": 0, "well_count": 0, "permit_count": 0 }, "geometry": { "type": "Polygon", "coordinates": [ [ [ -102.476562564466747, 31.612362590036543 ], [ -102.472668565484952, 31.613270737229424 ], [ -102.470401324885628, 31.606441646492307 ], [ -102.47028976644269, 31.606049804734411 ], [ -102.474299448907971, 31.605104008204837 ], [ -102.474417379061279, 31.60550139294665 ], [ -102.476562564466747, 31.612362590036543 ] ] ] } },
{ "type": "Feature", "properties": { "ABSTRACT_L": "A-208", "ABSTRACT_N": "103208", "LEVEL1_SUR": "GRAHAM, J A", "LEVEL2_BLO": null, "LEVEL3_SUR": null, "Surv_Sect": null, "SHAPE_AREA": 162.81335160148896, "owner_count": 0, "owners_json": [ ], "top_operator": "", "top_owner": "", "max_propensity_score": 0, "field_name": "Unknown", "production_status": "none", "pdp_well_count": 0, "pud_well_count": 0, "well_count": 0, "permit_count": 0 }, "geometry": { "type": "Polygon", "coordinates": [ [ [ -102.657603874681797, 31.559385390252029 ], [ -102.66308269913435, 31.558080471925823 ], [ -102.664017974309928, 31.560961822406231 ], [ -102.666493772690316, 31.568636630914689 ], [ -102.661019478125752, 31.569980102224005 ], [ -102.658512968981995, 31.562283145400325 ], [ -102.657603874681797, 31.559385390252029 ] ] ] } },
{ "type": "Feature", "properties": { "ABSTRACT_L": "A-209", "ABSTRACT_N": "103209", "LEVEL1_SUR": "PSL", "LEVEL2_BLO": "B16", "LEVEL3_SUR": "31", "Surv_Sect": "31", "SHAPE_AREA": 186.87362919660762, "owner_count": 0, "owners_json": [ ], "top_operator": "", "top_owner": "", "max_propensity_score": 0, "field_name": "Unknown", "production_status": "none", "pdp_well_count": 0, "pud_well_count": 0, "well_count": 0, "permit_count": 0 }, "geometry": { "type": "Polygon", "coordinates": [ [ [ -102.648766291918463, 31.649134596681026 ], [ -102.665020854621957, 31.64525194044127 ], [ -102.665882310432877, 31.647933205641255 ], [ -102.666807310962497, 31.650714280602166 ], [ -102.664052073295849, 31.651364962895883 ], [ -102.649466245999392, 31.651335693134239 ], [ -102.648766291918463, 31.649134596681026 ] ] ] } },
{ "type": "Feature", "properties": { "ABSTRACT_L": "A-21", "ABSTRACT_N": "10321", "LEVEL1_SUR": "CCSD&RGNG RR CO", "LEVEL2_BLO": "X", "LEVEL3_SUR": "15", "Surv_Sect": "15", "SHAPE_AREA": 656.00743573109582, "owner_count": 0, "owners_json": [ ], "top_operator": "", "top_owner": "", "max_propensity_score": 0, "field_name": "Unknown", "production_status": "none", "pdp_well_count": 0, "pud_well_count": 0, "well_count": 0, "permit_count": 0 }, "geometry": { "type": "Polygon", "coordinates": [ [ [ -102.377337717192432, 31.341214941323422 ], [ -102.381871727865857, 31.355204574751287 ], [ -102.375427844988252, 31.356714322230538 ], [ -102.365129123954588, 31.359127107184086 ], [ -102.360651377096545, 31.345116659688298 ], [ -102.375427461464042, 31.34166129683036 ], [ -102.377337717192432, 31.341214941323422 ] ] ] } },
{ "type": "Feature", "properties": { "ABSTRACT_L": "A-210", "ABSTRACT_N": "103210", "LEVEL1_SUR": "PSL", "LEVEL2_BLO": "B16", "LEVEL3_SUR": "32", "Surv_Sect": "32", "SHAPE_AREA": 123.80693128425322, "owner_count": 0, "owners_json": [ ], "top_operator": "", "top_owner": "", "max_propensity_score": 0, "field_name": "Unknown", "production_status": "none", "pdp_well_count": 0, "pud_well_count": 0, "well_count": 0, "permit_count": 0 }, "geometry": { "type": "Polygon", "coordinates": [ [ [ -102.666807310962497, 31.650714280602166 ], [ -102.665882310432877, 31.647933205641255 ], [ -102.681046653899443, 31.644323298052271 ], [ -102.681627862337038, 31.646331406102266 ], [ -102.683324772311238, 31.645933227352081 ], [ -102.6836013556415, 31.646816842686999 ], [ -102.666807310962497, 31.650714280602166 ] ] ] } },
{ "type": "Feature", "properties": { "ABSTRACT_L": "A-211", "ABSTRACT_N": "103211", "LEVEL1_SUR": "PSL", "LEVEL2_BLO": "B18", "LEVEL3_SUR": "29", "Surv_Sect": "29", "SHAPE_AREA": 417.75934593126726, "owner_count": 0, "owners_json": [ ], "top_operator": "", "top_owner": "", "max_propensity_score": 0, "field_name": "Unknown", "production_status": "none", "pdp_well_count": 0, "pud_well_count": 0, "well_count": 0, "permit_count": 0 }, "geometry": { "type": "Polygon", "coordinates": [ [ [ -102.754742948984784, 31.539088727431 ], [ -102.767407646718127, 31.536164680575091 ], [ -102.767423178563035, 31.551548019143006 ], [ -102.761785303120618, 31.552900216431631 ], [ -102.759285172675717, 31.553480943867989 ], [ -102.758042888616501, 31.549554328118038 ], [ -102.756937710896764, 31.546115897117023 ], [ -102.754742948984784, 31.539088727431 ] ] ] } },
{ "type": "Feature", "properties": { "ABSTRACT_L": "A-212", "ABSTRACT_N": "103212", "LEVEL1_SUR": "PSL", "LEVEL2_BLO": "B20", "LEVEL3_SUR": "9", "Surv_Sect": "9", "SHAPE_AREA": 631.22874337986934, "owner_count": 0, "owners_json": [ ], "top_operator": "", "top_owner": "", "max_propensity_score": 0, "field_name": "Unknown", "production_status": "none", "pdp_well_count": 0, "pud_well_count": 0, "well_count": 0, "permit_count": 0 }, "geometry": { "type": "Polygon", "coordinates": [ [ [ -102.750438763317661, 31.509963852661095 ], [ -102.750438859008725, 31.50996382999795 ], [ -102.750438962723663, 31.509963807164805 ], [ -102.76217067403428, 31.507299675462818 ], [ -102.764434084417402, 31.514416119764942 ], [ -102.766611716722025, 31.521263339721965 ], [ -102.75043901957126, 31.524989818126702 ], [ -102.746018135656684, 31.510967464871673 ], [ -102.750438763317661, 31.509963852661095 ] ] ] } },
{ "type": "Feature", "properties": { "ABSTRACT_L": "A-213", "ABSTRACT_N": "103213", "LEVEL1_SUR": "PSL", "LEVEL2_BLO": "B20", "LEVEL3_SUR": "13", "Surv_Sect": "13", "SHAPE_AREA": 121.26600594183488, "owner_count": 0, "owners_json": [ ], "top_operator": "", "top_owner": "", "max_propensity_score": 0, "field_name": "Unknown", "production_status": "none", "pdp_well_count": 0, "pud_well_count": 0, "well_count": 0, "permit_count": 0 }, "geometry": { "type": "Polygon", "coordinates": [ [ [ -102.767377325208273, 31.5061157274401 ], [ -102.76217067403428, 31.507299675462818 ], [ -102.759995805526557, 31.500402127589737 ], [ -102.761160125770772, 31.500133848980727 ], [ -102.761164607617147, 31.500132818152039 ], [ -102.767377651546383, 31.498701367835103 ], [ -102.767374179240349, 31.500132667163182 ], [ -102.767374178132826, 31.500133458215277 ], [ -102.767374177025303, 31.500134249267315 ], [ -102.767372135982569, 31.500975527362549 ], [ -102.767377325208273, 31.5061157274401 ] ] ] } },
{ "type": "Feature", "properties": { "ABSTRACT_L": "A-214", "ABSTRACT_N": "103214", "LEVEL1_SUR": "PSL", "LEVEL2_BLO": "B20", "LEVEL3_SUR": "10", "Surv_Sect": "10", "SHAPE_AREA": 672.60711416898744, "owner_count": 0, "owners_json": [ ], "top_operator": "", "top_owner": "", "max_propensity_score": 0, "field_name": "Unknown", "production_status": "none", "pdp_well_count": 0, "pud_well_count": 0, "well_count": 0, "permit_count": 0 }, "geometry": { "type": "Polygon", "coordinates": [ [ [ -102.737493295479041, 31.51292974731523 ], [ -102.746018135656684, 31.510967464871673 ], [ -102.75043901957126, 31.524989818126702 ], [ -102.733356632051994, 31.528932186010177 ], [ -102.728712377403056, 31.515074294303744 ], [ -102.737493295479041, 31.51292974731523 ] ] ] } },
{ "type": "Feature", "properties": { "ABSTRACT_L": "A-216", "ABSTRACT_N": "103216", "LEVEL1_SUR": "PSL", "LEVEL2_BLO": "B20", "LEVEL3_SUR": "1", "Surv_Sect": "1", "SHAPE_AREA": 669.7509434701775, "owner_count": 0, "owners_json": [ ], "top_operator": "", "top_owner": "", "max_propensity_score": 0, "field_name": "Unknown", "production_status": "none", "pdp_well_count": 0, "pud_well_count": 0, "well_count": 0, "permit_count": 0 }, "geometry": { "type": "Polygon", "coordinates": [ [ [ -102.75043901957126, 31.524989818126702 ], [ -102.750439029779841, 31.524989893573146 ], [ -102.754742948984784, 31.539088727431 ], [ -102.750439177116789, 31.540151893301861 ], [ -102.750439105474641, 31.540151915454672 ], [ -102.738097188378319, 31.543199987014646 ], [ -102.733356632051994, 31.528932186010177 ], [ -102.75043901957126, 31.524989818126702 ] ] ] } },
{ "type": "Feature", "properties": { "ABSTRACT_L": "A-22", "ABSTRACT_N": "10322", "LEVEL1_SUR": "CCSD&RGNG RR CO", "LEVEL2_BLO": "X", "LEVEL3_SUR": "17", "Surv_Sect": "17", "SHAPE_AREA": 671.61693891299547, "owner_count": 0, "owners_json": [ ], "top_operator": "", "top_owner": "", "max_propensity_score": 0, "field_name": "Unknown", "production_status": "none", "pdp_well_count": 0, "pud_well_count": 0, "well_count": 0, "permit_count": 0 }, "geometry": { "type": "Polygon", "coordinates": [ [ [ -102.373036282113588, 31.327615676287799 ], [ -102.356276336519443, 31.331399239555296 ], [ -102.354048383571183, 31.324498210294138 ], [ -102.351670724685121, 31.317084672344457 ], [ -102.36841576558092, 31.313279222912776 ], [ -102.373036282113588, 31.327615676287799 ] ] ] } },
{ "type": "Feature", "properties": { "ABSTRACT_L": "A-220", "ABSTRACT_N": "103220", "LEVEL1_SUR": "H&TC RR CO", "LEVEL2_BLO": "2", "LEVEL3_SUR": "10", "Surv_Sect": "10", "SHAPE_AREA": 642.59721820661184, "owner_count": 0, "owners_json": [ ], "top_operator": "", "top_owner": "", "max_propensity_score": 0, "field_name": "Unknown", "production_status": "none", "pdp_well_count": 0, "pud_well_count": 0, "well_count": 0, "permit_count": 0 }, "geometry": { "type": "Polygon", "coordinates": [ [ [ -102.47825063431354, 31.308144819013084 ], [ -102.491118273637568, 31.317624801081728 ], [ -102.480090069156859, 31.328563330995227 ], [ -102.467112729109473, 31.319068541340116 ], [ -102.47825063431354, 31.308144819013084 ] ] ] } },
{ "type": "Feature", "properties": { "ABSTRACT_L": "A-221", "ABSTRACT_N": "103221", "LEVEL1_SUR": "H&TC RR CO", "LEVEL2_BLO": "2", "LEVEL3_SUR": "12", "Surv_Sect": "12", "SHAPE_AREA": 652.65119833031542, "owner_count": 0, "owners_json": [ ], "top_operator": "", "top_owner": "", "max_propensity_score": 0, "field_name": "Unknown", "production_status": "none", "pdp_well_count": 0, "pud_well_count": 0, "well_count": 0, "permit_count": 0 }, "geometry": { "type": "Polygon", "coordinates": [ [ [ -102.517131761599771, 31.33705573622413 ], [ -102.530240217769446, 31.346600146701025 ], [ -102.519153476846967, 31.357688095664038 ], [ -102.506121164302996, 31.348104771800287 ], [ -102.517131761599771, 31.33705573622413 ] ] ] } },
{ "type": "Feature", "properties": { "ABSTRACT_L": "A-222", "ABSTRACT_N": "103222", "LEVEL1_SUR": "CCSD&RGNG RR CO", "LEVEL2_BLO": "X", "LEVEL3_SUR": "64", "Surv_Sect": "64", "SHAPE_AREA": 678.80491255887785, "owner_count": 0, "owners_json": [ ], "top_operator": "", "top_owner": "", "max_propensity_score": 0, "field_name": "Unknown", "production_status": "none", "pdp_well_count": 0, "pud_well_count": 0, "well_count": 0, "permit_count": 0 }, "geometry": { "type": "Polygon", "coordinates": [ [ [ -102.506973239795258, 31.354759671866329 ], [ -102.515801927791287, 31.361039319857564 ], [ -102.522720851448113, 31.3659595932819 ], [ -102.51261209582367, 31.368522820192403 ], [ -102.50840420604294, 31.369524396868357 ], [ -102.500431303351846, 31.371421688644382 ], [ -102.500024974193195, 31.371518264916382 ], [ -102.497221949976804, 31.363019044462888 ], [ -102.495388545609245, 31.357281331805485 ], [ -102.500431204766684, 31.35618401122958 ], [ -102.500431244643408, 31.356184003581721 ], [ -102.506973239795258, 31.354759671866329 ] ] ] } },
{ "type": "Feature", "properties": { "ABSTRACT_L": "A-223", "ABSTRACT_N": "103223", "LEVEL1_SUR": "CCSD&RGNG RR CO", "LEVEL2_BLO": "X", "LEVEL3_SUR": "56", "Surv_Sect": "56", "SHAPE_AREA": 644.24417316197435, "owner_count": 0, "owners_json": [ ], "top_operator": "", "top_owner": "", "max_propensity_score": 0, "field_name": "Unknown", "production_status": "none", "pdp_well_count": 0, "pud_well_count": 0, "well_count": 0, "permit_count": 0 }, "geometry": { "type": "Polygon", "coordinates": [ [ [ -102.48441389204018, 31.359981481543112 ], [ -102.495388545609245, 31.357281331805485 ], [ -102.497221949976804, 31.363019044462888 ], [ -102.474181799242686, 31.368419561884917 ], [ -102.472644143178982, 31.363898883808101 ], [ -102.469658892931733, 31.354542095521744 ], [ -102.481696639038915, 31.351785688317687 ], [ -102.48441389204018, 31.359981481543112 ] ] ] } },
{ "type": "Feature", "properties": { "ABSTRACT_L": "A-224", "ABSTRACT_N": "103224", "LEVEL1_SUR": "CCSD&RGNG RR CO", "LEVEL2_BLO": "X", "LEVEL3_SUR": "32", "Surv_Sect": "32", "SHAPE_AREA": 644.62859614006857, "owner_count": 0, "owners_json": [ ], "top_operator": "", "top_owner": "", "max_propensity_score": 0, "field_name": "Unknown", "production_status": "none", "pdp_well_count": 0, "pud_well_count": 0, "well_count": 0, "permit_count": 0 }, "geometry": { "type": "Polygon", "coordinates": [ [ [ -102.41460566163741, 31.347489368921909 ], [ -102.419144701631964, 31.361496259708574 ], [ -102.402820107408502, 31.365431293691032 ], [ -102.398252358301121, 31.351338198927341 ], [ -102.41460566163741, 31.347489368921909 ] ] ] } },
{ "type": "Feature", "properties": { "ABSTRACT_L": "A-225", "ABSTRACT_N": "103225", "LEVEL1_SUR": "CCSD&RGNG RR CO", "LEVEL2_BLO": "X", "LEVEL3_SUR": "30", "Surv_Sect": "30", "SHAPE_AREA": 633.61674586224217, "owner_count": 0, "owners_json": [ ], "top_operator": "", "top_owner": "", "max_propensity_score": 0, "field_name": "Unknown", "production_status": "none", "pdp_well_count": 0, "pud_well_count": 0, "well_count": 0, "permit_count": 0 }, "geometry": { "type": "Polygon", "coordinates": [ [ [ -102.423735844014971, 31.375608610271424 ], [ -102.428209616781132, 31.389410015803708 ], [ -102.41184473139819, 31.393262495661862 ], [ -102.407368114114234, 31.379459106441203 ], [ -102.423735844014971, 31.375608610271424 ] ] ] } },
{ "type": "Feature", "properties": { "ABSTRACT_L": "A-226", "ABSTRACT_N": "103226", "LEVEL1_SUR": "CCSD&RGNG RR CO", "LEVEL2_BLO": "X", "LEVEL3_SUR": "52", "Surv_Sect": "52", "SHAPE_AREA": 664.50837025199075, "owner_count": 0, "owners_json": [ ], "top_operator": "", "top_owner": "", "max_propensity_score": 0, "field_name": "Unknown", "production_status": "none", "pdp_well_count": 0, "pud_well_count": 0, "well_count": 0, "permit_count": 0 }, "geometry": { "type": "Polygon", "coordinates": [ [ [ -102.464527841601992, 31.335279924854948 ], [ -102.453481059876083, 31.338053160491242 ], [ -102.451210080072286, 31.331068515538902 ], [ -102.448933480893899, 31.324039221391512 ], [ -102.460338065413637, 31.321314512276228 ], [ -102.462953289302064, 31.323178483698914 ], [ -102.475965499462191, 31.332492760920726 ], [ -102.464527841601992, 31.335279924854948 ] ] ] } },
{ "type": "Feature", "properties": { "ABSTRACT_L": "A-227", "ABSTRACT_N": "103227", "LEVEL1_SUR": "CCSD&RGNG RR CO", "LEVEL2_BLO": "X", "LEVEL3_SUR": "34", "Surv_Sect": "34", "SHAPE_AREA": 632.77918362289381, "owner_count": 0, "owners_json": [ ], "top_operator": "", "top_owner": "", "max_propensity_score": 0, "field_name": "Unknown", "production_status": "none", "pdp_well_count": 0, "pud_well_count": 0, "well_count": 0, "permit_count": 0 }, "geometry": { "type": "Polygon", "coordinates": [ [ [ -102.405490270962318, 31.319695832509577 ], [ -102.406986282799522, 31.324199040959734 ], [ -102.41008204859672, 31.333596186142895 ], [ -102.393750965148129, 31.337445581903328 ], [ -102.389295984157911, 31.323692010784399 ], [ -102.405490270962318, 31.319695832509577 ] ] ] } },
{ "type": "Feature", "properties": { "ABSTRACT_L": "A-228", "ABSTRACT_N": "103228", "LEVEL1_SUR": "CCSD&RGNG RR CO", "LEVEL2_BLO": "X", "LEVEL3_SUR": "50", "Surv_Sect": "50", "SHAPE_AREA": 662.43921775880449, "owner_count": 0, "owners_json": [ ], "top_operator": "", "top_owner": "", "max_propensity_score": 0, "field_name": "Unknown", "production_status": "none", "pdp_well_count": 0, "pud_well_count": 0, "well_count": 0, "permit_count": 0 }, "geometry": { "type": "Polygon", "coordinates": [ [ [ -102.438172043047842, 31.326655833018297 ], [ -102.448933480893899, 31.324039221391512 ], [ -102.451210080072286, 31.331068515538902 ], [ -102.429018644467249, 31.33640450359843 ], [ -102.42677260878024, 31.329524920666522 ], [ -102.42441629230018, 31.322438942720009 ], [ -102.435809080033394, 31.319638263606837 ], [ -102.438172043047842, 31.326655833018297 ] ] ] } },
{ "type": "Feature", "properties": { "ABSTRACT_L": "A-229", "ABSTRACT_N": "103229", "LEVEL1_SUR": "H&TC RR CO", "LEVEL2_BLO": "2", "LEVEL3_SUR": "36", "Surv_Sect": "36", "SHAPE_AREA": 646.44830865839663, "owner_count": 0, "owners_json": [ ], "top_operator": "", "top_owner": "", "max_propensity_score": 0, "field_name": "Unknown", "production_status": "none", "pdp_well_count": 0, "pud_well_count": 0, "well_count": 0, "permit_count": 0 }, "geometry": { "type": "Polygon", "coordinates": [ [ [ -102.425096366332596, 31.249098162222161 ], [ -102.426504925278749, 31.250140941346832 ], [ -102.426506386031491, 31.250142028276553 ], [ -102.438004987973926, 31.258652009591295 ], [ -102.426938398048534, 31.269796011877688 ], [ -102.414206566443667, 31.260217834086514 ], [ -102.424074427603315, 31.250141509514492 ], [ -102.424075059765144, 31.250140864856188 ], [ -102.425096366332596, 31.249098162222161 ] ] ] } },
{ "type": "Feature", "properties": { "ABSTRACT_L": "A-23", "ABSTRACT_N": "10323", "LEVEL1_SUR": "CCSD&RGNG RR CO", "LEVEL2_BLO": "X", "LEVEL3_SUR": "19", "Surv_Sect": "19", "SHAPE_AREA": 648.55852854608349, "owner_count": 0, "owners_json": [ ], "top_operator": "", "top_owner": "", "max_propensity_score": 0, "field_name": "Unknown", "production_status": "none", "pdp_well_count": 0, "pud_well_count": 0, "well_count": 0, "permit_count": 0 }, "geometry": { "type": "Polygon", "coordinates": [ [ [ -102.375427353166486, 31.296350532187109 ], [ -102.380077567135217, 31.29521936299486 ], [ -102.384690471991092, 31.309469318613043 ], [ -102.375427512113902, 31.311636221021349 ], [ -102.36841576558092, 31.313279222912776 ], [ -102.363836438544709, 31.29901336161258 ], [ -102.372289495053352, 31.297113766352521 ], [ -102.375427353166486, 31.296350532187109 ] ] ] } },
{ "type": "Feature", "properties": { "ABSTRACT_L": "A-230", "ABSTRACT_N": "103230", "LEVEL1_SUR": "CCSD&RGNG RR CO", "LEVEL2_BLO": "X", "LEVEL3_SUR": "54", "Surv_Sect": "54", "SHAPE_AREA": 654.27871166337411, "owner_count": 0, "owners_json": [ ], "top_operator": "", "top_owner": "", "max_propensity_score": 0, "field_name": "Unknown", "production_status": "none", "pdp_well_count": 0, "pud_well_count": 0, "well_count": 0, "permit_count": 0 }, "geometry": { "type": "Polygon", "coordinates": [ [ [ -102.465967962078778, 31.339640931325146 ], [ -102.469270403832013, 31.349487023559242 ], [ -102.468145485140866, 31.34973337808772 ], [ -102.469407391182685, 31.35365063821261 ], [ -102.453146296421991, 31.357549300350914 ], [ -102.451928413343722, 31.353699160129622 ], [ -102.448836527777488, 31.343842498082648 ], [ -102.465967962078778, 31.339640931325146 ] ] ] } },
{ "type": "Feature", "properties": { "ABSTRACT_L": "A-231", "ABSTRACT_N": "103231", "LEVEL1_SUR": "CCSD&RGNG RR CO", "LEVEL2_BLO": "X", "LEVEL3_SUR": "22", "Surv_Sect": "22", "SHAPE_AREA": 640.93247509900993, "owner_count": 0, "owners_json": [ ], "top_operator": "", "top_owner": "", "max_propensity_score": 0, "field_name": "Unknown", "production_status": "none", "pdp_well_count": 0, "pud_well_count": 0, "well_count": 0, "permit_count": 0 }, "geometry": { "type": "Polygon", "coordinates": [ [ [ -102.398252358301121, 31.351338198927341 ], [ -102.381871727865857, 31.355204574751287 ], [ -102.377337717192432, 31.341214941323422 ], [ -102.393750965148129, 31.337445581903328 ], [ -102.398252358301121, 31.351338198927341 ] ] ] } },
{ "type": "Feature", "properties": { "ABSTRACT_L": "A-232", "ABSTRACT_N": "103232", "LEVEL1_SUR": "CCSD&RGNG RR CO", "LEVEL2_BLO": "X", "LEVEL3_SUR": "48", "Surv_Sect": "48", "SHAPE_AREA": 635.5057890277651, "owner_count": 0, "owners_json": [ ], "top_operator": "", "top_owner": "", "max_propensity_score": 0, "field_name": "Unknown", "production_status": "none", "pdp_well_count": 0, "pud_well_count": 0, "well_count": 0, "permit_count": 0 }, "geometry": { "type": "Polygon", "coordinates": [ [ [ -102.447558712276773, 31.339672911066284 ], [ -102.448836527777488, 31.343842498082648 ], [ -102.451928413343722, 31.353699160129622 ], [ -102.435803919218884, 31.357558656514879 ], [ -102.431316554552566, 31.343561640397255 ], [ -102.447558712276773, 31.339672911066284 ] ] ] } },
{ "type": "Feature", "properties": { "ABSTRACT_L": "A-233", "ABSTRACT_N": "103233", "LEVEL1_SUR": "CCSD&RGNG RR CO", "LEVEL2_BLO": "X", "LEVEL3_SUR": "36", "Surv_Sect": "36", "SHAPE_AREA": 656.18797419541204, "owner_count": 0, "owners_json": [ ], "top_operator": "", "top_owner": "", "max_propensity_score": 0, "field_name": "Unknown", "production_status": "none", "pdp_well_count": 0, "pud_well_count": 0, "well_count": 0, "permit_count": 0 }, "geometry": { "type": "Polygon", "coordinates": [ [ [ -102.402384150419067, 31.309909734956005 ], [ -102.418550360435773, 31.306083766109094 ], [ -102.421662427043145, 31.315583283486973 ], [ -102.421934720854082, 31.315518928523506 ], [ -102.423524423071314, 31.32037063010489 ], [ -102.406986282799522, 31.324199040959734 ], [ -102.405490270962318, 31.319695832509577 ], [ -102.402384150419067, 31.309909734956005 ] ] ] } },
{ "type": "Feature", "properties": { "ABSTRACT_L": "A-234", "ABSTRACT_N": "103234", "LEVEL1_SUR": "CCSD&RGNG RR CO", "LEVEL2_BLO": "X", "LEVEL3_SUR": "40", "Surv_Sect": "40", "SHAPE_AREA": 659.14003484257614, "owner_count": 0, "owners_json": [ ], "top_operator": "", "top_owner": "", "max_propensity_score": 0, "field_name": "Unknown", "production_status": "none", "pdp_well_count": 0, "pud_well_count": 0, "well_count": 0, "permit_count": 0 }, "geometry": { "type": "Polygon", "coordinates": [ [ [ -102.419144701631964, 31.361496259708574 ], [ -102.435803919218884, 31.357558656514879 ], [ -102.440375189556121, 31.371650206796026 ], [ -102.425713688331015, 31.375138279818618 ], [ -102.423735844014971, 31.375608610271424 ], [ -102.423582397393972, 31.375138255375735 ], [ -102.419144701631964, 31.361496259708574 ] ] ] } },
{ "type": "Feature", "properties": { "ABSTRACT_L": "A-235", "ABSTRACT_N": "103235", "LEVEL1_SUR": "CCSD&RGNG RR CO", "LEVEL2_BLO": "X", "LEVEL3_SUR": "24", "Surv_Sect": "24", "SHAPE_AREA": 647.17128111616512, "owner_count": 0, "owners_json": [ ], "top_operator": "", "top_owner": "", "max_propensity_score": 0, "field_name": "Unknown", "production_status": "none", "pdp_well_count": 0, "pud_well_count": 0, "well_count": 0, "permit_count": 0 }, "geometry": { "type": "Polygon", "coordinates": [ [ [ -102.407368114114234, 31.379459106441203 ], [ -102.390980541073858, 31.383404704919354 ], [ -102.388314234393249, 31.37513879710211 ], [ -102.386430531536689, 31.369298803019898 ], [ -102.402820107408502, 31.365431293691032 ], [ -102.407368114114234, 31.379459106441203 ] ] ] } },
{ "type": "Feature", "properties": { "ABSTRACT_L": "A-236", "ABSTRACT_N": "103236", "LEVEL1_SUR": "CCSD&RGNG RR CO", "LEVEL2_BLO": "X", "LEVEL3_SUR": "18", "Surv_Sect": "18", "SHAPE_AREA": 665.47233915460538, "owner_count": 0, "owners_json": [ ], "top_operator": "", "top_owner": "", "max_propensity_score": 0, "field_name": "Unknown", "production_status": "none", "pdp_well_count": 0, "pud_well_count": 0, "well_count": 0, "permit_count": 0 }, "geometry": { "type": "Polygon", "coordinates": [ [ [ -102.363836438544709, 31.29901336161258 ], [ -102.36841576558092, 31.313279222912776 ], [ -102.351670724685121, 31.317084672344457 ], [ -102.347144147567462, 31.30293081046932 ], [ -102.363836438544709, 31.29901336161258 ] ] ] } },
{ "type": "Feature", "properties": { "ABSTRACT_L": "A-237", "ABSTRACT_N": "103237", "LEVEL1_SUR": "CCSD&RGNG RR CO", "LEVEL2_BLO": "X", "LEVEL3_SUR": "20", "Surv_Sect": "20", "SHAPE_AREA": 652.33550195325768, "owner_count": 0, "owners_json": [ ], "top_operator": "", "top_owner": "", "max_propensity_score": 0, "field_name": "Unknown", "production_status": "none", "pdp_well_count": 0, "pud_well_count": 0, "well_count": 0, "permit_count": 0 }, "geometry": { "type": "Polygon", "coordinates": [ [ [ -102.384690471991092, 31.309469318613043 ], [ -102.389295984157911, 31.323692010784399 ], [ -102.375427375860141, 31.327038788018868 ], [ -102.373036282113588, 31.327615676287799 ], [ -102.36841576558092, 31.313279222912776 ], [ -102.375427512113902, 31.311636221021349 ], [ -102.384690471991092, 31.309469318613043 ] ] ] } },
{ "type": "Feature", "properties": { "ABSTRACT_L": "A-238", "ABSTRACT_N": "103238", "LEVEL1_SUR": "CCSD&RGNG RR CO", "LEVEL2_BLO": "X", "LEVEL3_SUR": "14", "Surv_Sect": "14", "SHAPE_AREA": 662.59424421430242, "owner_count": 0, "owners_json": [ ], "top_operator": "", "top_owner": "", "max_propensity_score": 0, "field_name": "Unknown", "production_status": "none", "pdp_well_count": 0, "pud_well_count": 0, "well_count": 0, "permit_count": 0 }, "geometry": { "type": "Polygon", "coordinates": [ [ [ -102.375427844988252, 31.356714322230538 ], [ -102.381871727865857, 31.355204574751287 ], [ -102.386430531536689, 31.369298803019898 ], [ -102.375427765249583, 31.371909675469798 ], [ -102.369713578572245, 31.373265419250639 ], [ -102.365129123954588, 31.359127107184086 ], [ -102.375427844988252, 31.356714322230538 ] ] ] } },
{ "type": "Feature", "properties": { "ABSTRACT_L": "A-239", "ABSTRACT_N": "103239", "LEVEL1_SUR": "CCSD&RGNG RR CO", "LEVEL2_BLO": "X", "LEVEL3_SUR": "16", "Surv_Sect": "16", "SHAPE_AREA": 639.01003127292688, "owner_count": 0, "owners_json": [ ], "top_operator": "", "top_owner": "", "max_propensity_score": 0, "field_name": "Unknown", "production_status": "none", "pdp_well_count": 0, "pud_well_count": 0, "well_count": 0, "permit_count": 0 }, "geometry": { "type": "Polygon", "coordinates": [ [ [ -102.373036282113588, 31.327615676287799 ], [ -102.375427566730323, 31.335176470374179 ], [ -102.377337717192432, 31.341214941323422 ], [ -102.375427461464042, 31.34166129683036 ], [ -102.360651377096545, 31.345116659688298 ], [ -102.356276336519443, 31.331399239555296 ], [ -102.373036282113588, 31.327615676287799 ] ] ] } },
{ "type": "Feature", "properties": { "ABSTRACT_L": "A-24", "ABSTRACT_N": "10324", "LEVEL1_SUR": "CCSD&RGNG RR CO", "LEVEL2_BLO": "X", "LEVEL3_SUR": "21", "Surv_Sect": "21", "SHAPE_AREA": 626.49016290563657, "owner_count": 0, "owners_json": [ ], "top_operator": "", "top_owner": "", "max_propensity_score": 0, "field_name": "Unknown", "production_status": "none", "pdp_well_count": 0, "pud_well_count": 0, "well_count": 0, "permit_count": 0 }, "geometry": { "type": "Polygon", "coordinates": [ [ [ -102.375427375860141, 31.327038788018868 ], [ -102.389295984157911, 31.323692010784399 ], [ -102.393750965148129, 31.337445581903328 ], [ -102.377337717192432, 31.341214941323422 ], [ -102.375427566730323, 31.335176470374179 ], [ -102.373036282113588, 31.327615676287799 ], [ -102.375427375860141, 31.327038788018868 ] ] ] } },
{ "type": "Feature", "properties": { "ABSTRACT_L": "A-240", "ABSTRACT_N": "103240", "LEVEL1_SUR": "H&TC RR CO", "LEVEL2_BLO": "2", "LEVEL3_SUR": "4", "Surv_Sect": "4", "SHAPE_AREA": 663.84111145795987, "owner_count": 0, "owners_json": [ ], "top_operator": "", "top_owner": "", "max_propensity_score": 0, "field_name": "Unknown", "production_status": "none", "pdp_well_count": 0, "pud_well_count": 0, "well_count": 0, "permit_count": 0 }, "geometry": { "type": "Polygon", "coordinates": [ [ [ -102.48958616469632, 31.296863395454704 ], [ -102.47825063431354, 31.308144819013084 ], [ -102.465324644397782, 31.298693585690838 ], [ -102.47660930109835, 31.287289059651709 ], [ -102.48958616469632, 31.296863395454704 ] ] ] } },
{ "type": "Feature", "properties": { "ABSTRACT_L": "A-241", "ABSTRACT_N": "103241", "LEVEL1_SUR": "H&TC RR CO", "LEVEL2_BLO": "2", "LEVEL3_SUR": "8", "Surv_Sect": "8", "SHAPE_AREA": 321.06257484669453, "owner_count": 0, "owners_json": [ ], "top_operator": "", "top_owner": "", "max_propensity_score": 0, "field_name": "Unknown", "production_status": "none", "pdp_well_count": 0, "pud_well_count": 0, "well_count": 0, "permit_count": 0 }, "geometry": { "type": "Polygon", "coordinates": [ [ [ -102.514821043137786, 31.316207927384824 ], [ -102.500431076891502, 31.317069113857343 ], [ -102.491118273637568, 31.317624801081728 ], [ -102.500431029248332, 31.308256412343002 ], [ -102.502095563780259, 31.306581677602999 ], [ -102.514821043137786, 31.316207927384824 ] ] ] } },
{ "type": "Feature", "properties": { "ABSTRACT_L": "A-242", "ABSTRACT_N": "103242", "LEVEL1_SUR": "H&TC RR CO", "LEVEL2_BLO": "2", "LEVEL3_SUR": "2", "Surv_Sect": "2", "SHAPE_AREA": 645.16063679159799, "owner_count": 0, "owners_json": [ ], "top_operator": "", "top_owner": "", "max_propensity_score": 0, "field_name": "Unknown", "production_status": "none", "pdp_well_count": 0, "pud_well_count": 0, "well_count": 0, "permit_count": 0 }, "geometry": { "type": "Polygon", "coordinates": [ [ [ -102.465324644397782, 31.298693585690838 ], [ -102.454336534827249, 31.309692478429128 ], [ -102.44147074193161, 31.300268721414707 ], [ -102.452535476114193, 31.289073415275379 ], [ -102.465324644397782, 31.298693585690838 ] ] ] } },
{ "type": "Feature", "properties": { "ABSTRACT_L": "A-243", "ABSTRACT_N": "103243", "LEVEL1_SUR": "H&TC RR CO", "LEVEL2_BLO": "2", "LEVEL3_SUR": "32", "Surv_Sect": "32", "SHAPE_AREA": 330.83008019586293, "owner_count": 0, "owners_json": [ ], "top_operator": "", "top_owner": "", "max_propensity_score": 0, "field_name": "Unknown", "production_status": "none", "pdp_well_count": 0, "pud_well_count": 0, "well_count": 0, "permit_count": 0 }, "geometry": { "type": "Polygon", "coordinates": [ [ [ -102.452535476114193, 31.289073415275379 ], [ -102.44147074193161, 31.300268721414707 ], [ -102.435045649533976, 31.295486115064975 ], [ -102.445941564085032, 31.28412690983258 ], [ -102.452535476114193, 31.289073415275379 ] ] ] } },
{ "type": "Feature", "properties": { "ABSTRACT_L": "A-25", "ABSTRACT_N": "10325", "LEVEL1_SUR": "CCSD&RGNG RR CO", "LEVEL2_BLO": "X", "LEVEL3_SUR": "23", "Surv_Sect": "23", "SHAPE_AREA": 647.96096050000665, "owner_count": 0, "owners_json": [ ], "top_operator": "", "top_owner": "", "max_propensity_score": 0, "field_name": "Unknown", "production_status": "none", "pdp_well_count": 0, "pud_well_count": 0, "well_count": 0, "permit_count": 0 }, "geometry": { "type": "Polygon", "coordinates": [ [ [ -102.398252358301121, 31.351338198927341 ], [ -102.402820107408502, 31.365431293691032 ], [ -102.386430531536689, 31.369298803019898 ], [ -102.381871727865857, 31.355204574751287 ], [ -102.398252358301121, 31.351338198927341 ] ] ] } },
{ "type": "Feature", "properties": { "ABSTRACT_L": "A-251", "ABSTRACT_N": "103251", "LEVEL1_SUR": "PSL", "LEVEL2_BLO": "B17", "LEVEL3_SUR": "27", "Surv_Sect": "27", "SHAPE_AREA": 173.44463633578383, "owner_count": 0, "owners_json": [ ], "top_operator": "", "top_owner": "", "max_propensity_score": 0, "field_name": "Unknown", "production_status": "none", "pdp_well_count": 0, "pud_well_count": 0, "well_count": 0, "permit_count": 0 }, "geometry": { "type": "Polygon", "coordinates": [ [ [ -102.740344157646447, 31.550016389287382 ], [ -102.741541677324577, 31.553668969381221 ], [ -102.724841663726082, 31.557844817475072 ], [ -102.723590011081143, 31.554132699933547 ], [ -102.740344157646447, 31.550016389287382 ] ] ] } },
{ "type": "Feature", "properties": { "ABSTRACT_L": "A-258", "ABSTRACT_N": "103258", "LEVEL1_SUR": "PSL", "LEVEL2_BLO": "B26", "LEVEL3_SUR": "3", "Surv_Sect": "3", "SHAPE_AREA": 329.40362732385097, "owner_count": 0, "owners_json": [ ], "top_operator": "", "top_owner": "", "max_propensity_score": 0, "field_name": "Unknown", "production_status": "none", "pdp_well_count": 0, "pud_well_count": 0, "well_count": 0, "permit_count": 0 }, "geometry": { "type": "Polygon", "coordinates": [ [ [ -102.607395680554902, 31.574333384035835 ], [ -102.590656264511168, 31.578234621680615 ], [ -102.586219573920445, 31.564136303907027 ], [ -102.607395680554902, 31.574333384035835 ] ] ] } },
{ "type": "Feature", "properties": { "ABSTRACT_L": "A-259", "ABSTRACT_N": "103259", "LEVEL1_SUR": "PSL", "LEVEL2_BLO": "B26", "LEVEL3_SUR": "11", "Surv_Sect": "11", "SHAPE_AREA": 327.01513024716093, "owner_count": 0, "owners_json": [ ], "top_operator": "", "top_owner": "", "max_propensity_score": 0, "field_name": "Unknown", "production_status": "none", "pdp_well_count": 0, "pud_well_count": 0, "well_count": 0, "permit_count": 0 }, "geometry": { "type": "Polygon", "coordinates": [ [ [ -102.586219573920445, 31.564136303907027 ], [ -102.570057429089118, 31.567898228169614 ], [ -102.565504276413137, 31.553400537337364 ], [ -102.586219573920445, 31.564136303907027 ] ] ] } },
{ "type": "Feature", "properties": { "ABSTRACT_L": "A-26", "ABSTRACT_N": "10326", "LEVEL1_SUR": "CCSD&RGNG RR CO", "LEVEL2_BLO": "X", "LEVEL3_SUR": "25", "Surv_Sect": "25", "SHAPE_AREA": 633.62483167949586, "owner_count": 0, "owners_json": [ ], "top_operator": "", "top_owner": "", "max_propensity_score": 0, "field_name": "Unknown", "production_status": "none", "pdp_well_count": 0, "pud_well_count": 0, "well_count": 0, "permit_count": 0 }, "geometry": { "type": "Polygon", "coordinates": [ [ [ -102.407368114114234, 31.379459106441203 ], [ -102.41184473139819, 31.393262495661862 ], [ -102.395427753390678, 31.39712484214402 ], [ -102.390980541073858, 31.383404704919354 ], [ -102.407368114114234, 31.379459106441203 ] ] ] } },
{ "type": "Feature", "properties": { "ABSTRACT_L": "A-260", "ABSTRACT_N": "103260", "LEVEL1_SUR": "PSL", "LEVEL2_BLO": "B26", "LEVEL3_SUR": "2", "Surv_Sect": "2", "SHAPE_AREA": 638.06195446807874, "owner_count": 0, "owners_json": [ ], "top_operator": "", "top_owner": "", "max_propensity_score": 0, "field_name": "Unknown", "production_status": "none", "pdp_well_count": 0, "pud_well_count": 0, "well_count": 0, "permit_count": 0 }, "geometry": { "type": "Polygon", "coordinates": [ [ [ -102.590656264511168, 31.578234621680615 ], [ -102.574437268064003, 31.582042877315192 ], [ -102.570057429089118, 31.567898228169614 ], [ -102.586219573920445, 31.564136303907027 ], [ -102.590656264511168, 31.578234621680615 ] ] ] } },
{ "type": "Feature", "properties": { "ABSTRACT_L": "A-261", "ABSTRACT_N": "103261", "LEVEL1_SUR": "PSL", "LEVEL2_BLO": "B26", "LEVEL3_SUR": "12", "Surv_Sect": "12", "SHAPE_AREA": 664.45402065322639, "owner_count": 0, "owners_json": [ ], "top_operator": "", "top_owner": "", "max_propensity_score": 0, "field_name": "Unknown", "production_status": "none", "pdp_well_count": 0, "pud_well_count": 0, "well_count": 0, "permit_count": 0 }, "geometry": { "type": "Polygon", "coordinates": [ [ [ -102.565504276413137, 31.553400537337364 ], [ -102.570057429089118, 31.567898228169614 ], [ -102.553627845442477, 31.57166474558268 ], [ -102.549148147730847, 31.557782750449604 ], [ -102.548987815523375, 31.557284486837943 ], [ -102.565504276413137, 31.553400537337364 ] ] ] } },
{ "type": "Feature", "properties": { "ABSTRACT_L": "A-262", "ABSTRACT_N": "103262", "LEVEL1_SUR": "PSL", "LEVEL2_BLO": "B22", "LEVEL3_SUR": "27", "Surv_Sect": "27", "SHAPE_AREA": 668.86157930799584, "owner_count": 0, "owners_json": [ ], "top_operator": "", "top_owner": "", "max_propensity_score": 0, "field_name": "Unknown", "production_status": "none", "pdp_well_count": 0, "pud_well_count": 0, "well_count": 0, "permit_count": 0 }, "geometry": { "type": "Polygon", "coordinates": [ [ [ -102.590656264511168, 31.578234621680615 ], [ -102.607395680554902, 31.574333384035835 ], [ -102.60959709995771, 31.581518066416976 ], [ -102.611858616474279, 31.58868568010579 ], [ -102.595553066165863, 31.592484647570277 ], [ -102.59554083357159, 31.592487498743306 ], [ -102.595149345851311, 31.592582120556433 ], [ -102.590656264511168, 31.578234621680615 ] ] ] } },
{ "type": "Feature", "properties": { "ABSTRACT_L": "A-27", "ABSTRACT_N": "10327", "LEVEL1_SUR": "CCSD&RGNG RR CO", "LEVEL2_BLO": "X", "LEVEL3_SUR": "27", "Surv_Sect": "27", "SHAPE_AREA": 656.45056243424972, "owner_count": 0, "owners_json": [ ], "top_operator": "", "top_owner": "", "max_propensity_score": 0, "field_name": "Unknown", "production_status": "none", "pdp_well_count": 0, "pud_well_count": 0, "well_count": 0, "permit_count": 0 }, "geometry": { "type": "Polygon", "coordinates": [ [ [ -102.42096884446066, 31.42127020579348 ], [ -102.413860388406448, 31.422956109526805 ], [ -102.404442555984247, 31.425189043852992 ], [ -102.399874773556718, 31.410971154125445 ], [ -102.416335379591743, 31.407104942274263 ], [ -102.42096884446066, 31.42127020579348 ] ] ] } },
{ "type": "Feature", "properties": { "ABSTRACT_L": "A-274", "ABSTRACT_N": "103274", "LEVEL1_SUR": "PSL", "LEVEL2_BLO": "B20", "LEVEL3_SUR": "11", "Surv_Sect": "11", "SHAPE_AREA": 165.70759227977356, "owner_count": 0, "owners_json": [ ], "top_operator": "", "top_owner": "", "max_propensity_score": 0, "field_name": "Unknown", "production_status": "none", "pdp_well_count": 0, "pud_well_count": 0, "well_count": 0, "permit_count": 0 }, "geometry": { "type": "Polygon", "coordinates": [ [ [ -102.743837499329558, 31.504071147311151 ], [ -102.746018135656684, 31.510967464871673 ], [ -102.737493295479041, 31.51292974731523 ], [ -102.735205032597847, 31.505994995015385 ], [ -102.743837499329558, 31.504071147311151 ] ] ] } },
{ "type": "Feature", "properties": { "ABSTRACT_L": "A-28", "ABSTRACT_N": "10328", "LEVEL1_SUR": "CCSD&RGNG RR CO", "LEVEL2_BLO": "X", "LEVEL3_SUR": "29", "Surv_Sect": "29", "SHAPE_AREA": 635.95973127782941, "owner_count": 0, "owners_json": [ ], "top_operator": "", "top_owner": "", "max_propensity_score": 0, "field_name": "Unknown", "production_status": "none", "pdp_well_count": 0, "pud_well_count": 0, "well_count": 0, "permit_count": 0 }, "geometry": { "type": "Polygon", "coordinates": [ [ [ -102.432734467728295, 31.403237945145264 ], [ -102.416335379591743, 31.407104942274263 ], [ -102.41184473139819, 31.393262495661862 ], [ -102.428209616781132, 31.389410015803708 ], [ -102.428212047835046, 31.389409447520617 ], [ -102.432734467728295, 31.403237945145264 ] ] ] } },
{ "type": "Feature", "properties": { "ABSTRACT_L": "A-289", "ABSTRACT_N": "103289", "LEVEL1_SUR": "T&P RR CO", "LEVEL2_BLO": "43 T4S", "LEVEL3_SUR": "12", "Surv_Sect": "12", "SHAPE_AREA": 323.94176772538236, "owner_count": 0, "owners_json": [ ], "top_operator": "", "top_owner": "", "max_propensity_score": 0, "field_name": "Unknown", "production_status": "none", "pdp_well_count": 0, "pud_well_count": 0, "well_count": 0, "permit_count": 0 }, "geometry": { "type": "Polygon", "coordinates": [ [ [ -102.362946989398026, 31.646331173729763 ], [ -102.362879556143568, 31.646117673874915 ], [ -102.375428948617426, 31.643265147798463 ], [ -102.379472675842678, 31.642345943107351 ], [ -102.382342239297316, 31.651221260299 ], [ -102.376395769911085, 31.651218647963887 ], [ -102.375428979729136, 31.651219810791225 ], [ -102.36449560691112, 31.65123370921301 ], [ -102.362946989398026, 31.646331173729763 ] ] ] } },
{ "type": "Feature", "properties": { "ABSTRACT_L": "A-29", "ABSTRACT_N": "10329", "LEVEL1_SUR": "CCSD&RGNG RR CO", "LEVEL2_BLO": "X", "LEVEL3_SUR": "31", "Surv_Sect": "31", "SHAPE_AREA": 645.82064834855078, "owner_count": 0, "owners_json": [ ], "top_operator": "", "top_owner": "", "max_propensity_score": 0, "field_name": "Unknown", "production_status": "none", "pdp_well_count": 0, "pud_well_count": 0, "well_count": 0, "permit_count": 0 }, "geometry": { "type": "Polygon", "coordinates": [ [ [ -102.423582397393972, 31.375138255375735 ], [ -102.423735844014971, 31.375608610271424 ], [ -102.407368114114234, 31.379459106441203 ], [ -102.402820107408502, 31.365431293691032 ], [ -102.419144701631964, 31.361496259708574 ], [ -102.423582397393972, 31.375138255375735 ] ] ] } },
{ "type": "Feature", "properties": { "ABSTRACT_L": "A-294", "ABSTRACT_N": "103294", "LEVEL1_SUR": "T&P RR CO", "LEVEL2_BLO": "42 T4S", "LEVEL3_SUR": "42", "Surv_Sect": "42", "SHAPE_AREA": 682.8066603768093, "owner_count": 0, "owners_json": [ ], "top_operator": "", "top_owner": "", "max_propensity_score": 0, "field_name": "Unknown", "production_status": "none", "pdp_well_count": 0, "pud_well_count": 0, "well_count": 0, "permit_count": 0 }, "geometry": { "type": "Polygon", "coordinates": [ [ [ -102.340131278248563, 31.576153281365976 ], [ -102.344709672105992, 31.590203826284036 ], [ -102.328355149994806, 31.593802137317219 ], [ -102.327194262382008, 31.59405747239115 ], [ -102.322781083814306, 31.579961841516184 ], [ -102.323813200149075, 31.57973535902391 ], [ -102.340131278248563, 31.576153281365976 ] ] ] } },
{ "type": "Feature", "properties": { "ABSTRACT_L": "A-295", "ABSTRACT_N": "103295", "LEVEL1_SUR": "T&P RR CO", "LEVEL2_BLO": "43 T4S", "LEVEL3_SUR": "34", "Surv_Sect": "34", "SHAPE_AREA": 649.64788429209875, "owner_count": 0, "owners_json": [ ], "top_operator": "", "top_owner": "", "max_propensity_score": 0, "field_name": "Unknown", "production_status": "none", "pdp_well_count": 0, "pud_well_count": 0, "well_count": 0, "permit_count": 0 }, "geometry": { "type": "Polygon", "coordinates": [ [ [ -102.377779260721965, 31.58210143633416 ], [ -102.375428552818931, 31.574877384067516 ], [ -102.373226086627042, 31.568107255788004 ], [ -102.37542870089159, 31.567606178706214 ], [ -102.389938222091075, 31.564304820960185 ], [ -102.390137861074905, 31.564865816821086 ], [ -102.394461590076133, 31.578092690344711 ], [ -102.377779260721965, 31.58210143633416 ] ] ] } },
{ "type": "Feature", "properties": { "ABSTRACT_L": "A-296", "ABSTRACT_N": "103296", "LEVEL1_SUR": "T&P RR CO", "LEVEL2_BLO": "43 T4S", "LEVEL3_SUR": "32", "Surv_Sect": "32", "SHAPE_AREA": 664.31492771135743, "owner_count": 0, "owners_json": [ ], "top_operator": "", "top_owner": "", "max_propensity_score": 0, "field_name": "Unknown", "production_status": "none", "pdp_well_count": 0, "pud_well_count": 0, "well_count": 0, "permit_count": 0 }, "geometry": { "type": "Polygon", "coordinates": [ [ [ -102.357055785995868, 31.572066625693743 ], [ -102.36149633445612, 31.585944301605913 ], [ -102.361540213622234, 31.586081402672693 ], [ -102.361123478984609, 31.586183505182444 ], [ -102.344709672105992, 31.590203826284036 ], [ -102.340131278248563, 31.576153281365976 ], [ -102.357055785995868, 31.572066625693743 ] ] ] } },
{ "type": "Feature", "properties": { "ABSTRACT_L": "A-297", "ABSTRACT_N": "103297", "LEVEL1_SUR": "T&P RR CO", "LEVEL2_BLO": "43 T4S", "LEVEL3_SUR": "36", "Surv_Sect": "36", "SHAPE_AREA": 665.87795657766731, "owner_count": 0, "owners_json": [ ], "top_operator": "", "top_owner": "", "max_propensity_score": 0, "field_name": "Unknown", "production_status": "none", "pdp_well_count": 0, "pud_well_count": 0, "well_count": 0, "permit_count": 0 }, "geometry": { "type": "Polygon", "coordinates": [ [ [ -102.352488035216211, 31.558106252379392 ], [ -102.357055785995868, 31.572066625693743 ], [ -102.340131278248563, 31.576153281365976 ], [ -102.335508902072235, 31.562093751423717 ], [ -102.351927433700453, 31.558243342454212 ], [ -102.352488035216211, 31.558106252379392 ] ] ] } },
{ "type": "Feature", "properties": { "ABSTRACT_L": "A-298", "ABSTRACT_N": "103298", "LEVEL1_SUR": "PSL", "LEVEL2_BLO": "B18", "LEVEL3_SUR": "10", "Surv_Sect": "10", "SHAPE_AREA": 337.20830289508268, "owner_count": 0, "owners_json": [ ], "top_operator": "", "top_owner": "", "max_propensity_score": 0, "field_name": "Unknown", "production_status": "none", "pdp_well_count": 0, "pud_well_count": 0, "well_count": 0, "permit_count": 0 }, "geometry": { "type": "Polygon", "coordinates": [ [ [ -102.767484348530161, 31.61209134909215 ], [ -102.76129569805228, 31.613560869596345 ], [ -102.761057580037871, 31.612819646547312 ], [ -102.756624171368429, 31.599434462358062 ], [ -102.767468955633078, 31.59686246994691 ], [ -102.767484348530161, 31.61209134909215 ] ] ] } },
{ "type": "Feature", "properties": { "ABSTRACT_L": "A-299", "ABSTRACT_N": "103299", "LEVEL1_SUR": "PSL", "LEVEL2_BLO": "B17", "LEVEL3_SUR": "7", "Surv_Sect": "7", "SHAPE_AREA": 645.0563763329676, "owner_count": 0, "owners_json": [ ], "top_operator": "", "top_owner": "", "max_propensity_score": 0, "field_name": "Unknown", "production_status": "none", "pdp_well_count": 0, "pud_well_count": 0, "well_count": 0, "permit_count": 0 }, "geometry": { "type": "Polygon", "coordinates": [ [ [ -102.750439509522792, 31.600897850718091 ], [ -102.756624171368429, 31.599434462358062 ], [ -102.761057580037871, 31.612819646547312 ], [ -102.750439592330451, 31.615459067302375 ], [ -102.750439456766856, 31.615459104562881 ], [ -102.743938295346126, 31.617074647605016 ], [ -102.739669688503582, 31.603446114827051 ], [ -102.75043938984436, 31.600897880764656 ], [ -102.750439509522792, 31.600897850718091 ] ] ] } },
{ "type": "Feature", "properties": { "ABSTRACT_L": "A-30", "ABSTRACT_N": "10330", "LEVEL1_SUR": "CCSD&RGNG RR CO", "LEVEL2_BLO": "X", "LEVEL3_SUR": "33", "Surv_Sect": "33", "SHAPE_AREA": 637.22917864710689, "owner_count": 0, "owners_json": [ ], "top_operator": "", "top_owner": "", "max_propensity_score": 0, "field_name": "Unknown", "production_status": "none", "pdp_well_count": 0, "pud_well_count": 0, "well_count": 0, "permit_count": 0 }, "geometry": { "type": "Polygon", "coordinates": [ [ [ -102.41460566163741, 31.347489368921909 ], [ -102.398252358301121, 31.351338198927341 ], [ -102.393750965148129, 31.337445581903328 ], [ -102.41008204859672, 31.333596186142895 ], [ -102.41460566163741, 31.347489368921909 ] ] ] } },
{ "type": "Feature", "properties": { "ABSTRACT_L": "A-300", "ABSTRACT_N": "103300", "LEVEL1_SUR": "PSL", "LEVEL2_BLO": "B17", "LEVEL3_SUR": "4", "Surv_Sect": "4", "SHAPE_AREA": 694.5323269979624, "owner_count": 0, "owners_json": [ ], "top_operator": "", "top_owner": "", "max_propensity_score": 0, "field_name": "Unknown", "production_status": "none", "pdp_well_count": 0, "pud_well_count": 0, "well_count": 0, "permit_count": 0 }, "geometry": { "type": "Polygon", "coordinates": [ [ [ -102.761057580037871, 31.612819646547312 ], [ -102.76129569805228, 31.613560869596345 ], [ -102.765620944603157, 31.627549329905886 ], [ -102.75043952465289, 31.630996917539797 ], [ -102.750439396902536, 31.630996947756095 ], [ -102.748564946962077, 31.631422475705861 ], [ -102.743938295346126, 31.617074647605016 ], [ -102.750439456766856, 31.615459104562881 ], [ -102.750439592330451, 31.615459067302375 ], [ -102.761057580037871, 31.612819646547312 ] ] ] } },
{ "type": "Feature", "properties": { "ABSTRACT_L": "A-303", "ABSTRACT_N": "103303", "LEVEL1_SUR": "PSL", "LEVEL2_BLO": "B26", "LEVEL3_SUR": "14", "Surv_Sect": "14", "SHAPE_AREA": 642.85370635020104, "owner_count": 0, "owners_json": [ ], "top_operator": "", "top_owner": "", "max_propensity_score": 0, "field_name": "Unknown", "production_status": "none", "pdp_well_count": 0, "pud_well_count": 0, "well_count": 0, "permit_count": 0 }, "geometry": { "type": "Polygon", "coordinates": [ [ [ -102.581664631067, 31.549611612295507 ], [ -102.565504276413137, 31.553400537337364 ], [ -102.561302617269888, 31.540034729597505 ], [ -102.561099407836892, 31.539406625238136 ], [ -102.561033297494689, 31.539202954429872 ], [ -102.577274106604079, 31.535384066621045 ], [ -102.577349319546244, 31.535611615994988 ], [ -102.577510441385044, 31.536134595923983 ], [ -102.581664631067, 31.549611612295507 ] ] ] } },
{ "type": "Feature", "properties": { "ABSTRACT_L": "A-309", "ABSTRACT_N": "103309", "LEVEL1_SUR": "PSL", "LEVEL2_BLO": "B18", "LEVEL3_SUR": "22", "Surv_Sect": "22", "SHAPE_AREA": 133.66473586529858, "owner_count": 0, "owners_json": [ ], "top_operator": "", "top_owner": "", "max_propensity_score": 0, "field_name": "Unknown", "production_status": "none", "pdp_well_count": 0, "pud_well_count": 0, "well_count": 0, "permit_count": 0 }, "geometry": { "type": "Polygon", "coordinates": [ [ [ -102.767423178563035, 31.551548019143006 ], [ -102.767438157411277, 31.566380047567193 ], [ -102.766152492941487, 31.566696768140059 ], [ -102.761785303120618, 31.552900216431631 ], [ -102.767423178563035, 31.551548019143006 ] ] ] } },
{ "type": "Feature", "properties": { "ABSTRACT_L": "A-31", "ABSTRACT_N": "10331", "LEVEL1_SUR": "CCSD&RGNG RR CO", "LEVEL2_BLO": "X", "LEVEL3_SUR": "35", "Surv_Sect": "35", "SHAPE_AREA": 649.19597663976515, "owner_count": 0, "owners_json": [ ], "top_operator": "", "top_owner": "", "max_propensity_score": 0, "field_name": "Unknown", "production_status": "none", "pdp_well_count": 0, "pud_well_count": 0, "well_count": 0, "permit_count": 0 }, "geometry": { "type": "Polygon", "coordinates": [ [ [ -102.394081073300384, 31.307167390321702 ], [ -102.400945673926884, 31.305531664845326 ], [ -102.402384150419067, 31.309909734956005 ], [ -102.405490270962318, 31.319695832509577 ], [ -102.389295984157911, 31.323692010784399 ], [ -102.384690471991092, 31.309469318613043 ], [ -102.393171361639673, 31.307384128286945 ], [ -102.394081073300384, 31.307167390321702 ] ] ] } },
{ "type": "Feature", "properties": { "ABSTRACT_L": "A-310", "ABSTRACT_N": "103310", "LEVEL1_SUR": "PSL", "LEVEL2_BLO": "B20", "LEVEL3_SUR": "2", "Surv_Sect": "2", "SHAPE_AREA": 578.74286615173003, "owner_count": 0, "owners_json": [ ], "top_operator": "", "top_owner": "", "max_propensity_score": 0, "field_name": "Unknown", "production_status": "none", "pdp_well_count": 0, "pud_well_count": 0, "well_count": 0, "permit_count": 0 }, "geometry": { "type": "Polygon", "coordinates": [ [ [ -102.766611716722025, 31.521263339721965 ], [ -102.766933045867844, 31.522269089956144 ], [ -102.767395076054015, 31.523715190868554 ], [ -102.767407646718127, 31.536164680575091 ], [ -102.754742948984784, 31.539088727431 ], [ -102.750439029779841, 31.524989893573146 ], [ -102.75043901957126, 31.524989818126702 ], [ -102.766611716722025, 31.521263339721965 ] ] ] } },
{ "type": "Feature", "properties": { "ABSTRACT_L": "A-311", "ABSTRACT_N": "103311", "LEVEL1_SUR": "PSL", "LEVEL2_BLO": "B21", "LEVEL3_SUR": "6", "Surv_Sect": "6", "SHAPE_AREA": 632.24462471921686, "owner_count": 0, "owners_json": [ ], "top_operator": "", "top_owner": "", "max_propensity_score": 0, "field_name": "Unknown", "production_status": "none", "pdp_well_count": 0, "pud_well_count": 0, "well_count": 0, "permit_count": 0 }, "geometry": { "type": "Polygon", "coordinates": [ [ [ -102.733356632051994, 31.528932186010177 ], [ -102.71716361019989, 31.532877763451445 ], [ -102.712469175237857, 31.519056845290109 ], [ -102.728712377403056, 31.515074294303744 ], [ -102.733356632051994, 31.528932186010177 ] ] ] } },
{ "type": "Feature", "properties": { "ABSTRACT_L": "A-312", "ABSTRACT_N": "103312", "LEVEL1_SUR": "PSL", "LEVEL2_BLO": "B21", "LEVEL3_SUR": "5", "Surv_Sect": "5", "SHAPE_AREA": 660.42460990212203, "owner_count": 0, "owners_json": [ ], "top_operator": "", "top_owner": "", "max_propensity_score": 0, "field_name": "Unknown", "production_status": "none", "pdp_well_count": 0, "pud_well_count": 0, "well_count": 0, "permit_count": 0 }, "geometry": { "type": "Polygon", "coordinates": [ [ [ -102.738097188378319, 31.543199987014646 ], [ -102.738058079243359, 31.54320964356004 ], [ -102.721309878447286, 31.54724233203882 ], [ -102.71716361019989, 31.532877763451445 ], [ -102.733356632051994, 31.528932186010177 ], [ -102.738097188378319, 31.543199987014646 ] ] ] } },
{ "type": "Feature", "properties": { "ABSTRACT_L": "A-313", "ABSTRACT_N": "103313", "LEVEL1_SUR": "T&P RR CO", "LEVEL2_BLO": "43 T4S", "LEVEL3_SUR": "3", "Surv_Sect": "3", "SHAPE_AREA": 38.805395070227235, "owner_count": 0, "owners_json": [ ], "top_operator": "", "top_owner": "", "max_propensity_score": 0, "field_name": "Unknown", "production_status": "none", "pdp_well_count": 0, "pud_well_count": 0, "well_count": 0, "permit_count": 0 }, "geometry": { "type": "Polygon", "coordinates": [ [ [ -102.417413567450211, 31.648686563811683 ], [ -102.418190047680866, 31.651237008549348 ], [ -102.406479222697328, 31.651231863883275 ], [ -102.417413567450211, 31.648686563811683 ] ] ] } },
{ "type": "Feature", "properties": { "ABSTRACT_L": "A-314", "ABSTRACT_N": "103314", "LEVEL1_SUR": "H&TC RR CO", "LEVEL2_BLO": "2", "LEVEL3_SUR": "6", "Surv_Sect": "6", "SHAPE_AREA": 641.83714653940626, "owner_count": 0, "owners_json": [ ], "top_operator": "", "top_owner": "", "max_propensity_score": 0, "field_name": "Unknown", "production_status": "none", "pdp_well_count": 0, "pud_well_count": 0, "well_count": 0, "permit_count": 0 }, "geometry": { "type": "Polygon", "coordinates": [ [ [ -102.48958616469632, 31.296863395454704 ], [ -102.495170122214404, 31.291295088099311 ], [ -102.50042963387132, 31.285963215870549 ], [ -102.5004309239376, 31.285964153952122 ], [ -102.505285450341262, 31.289506722217432 ], [ -102.513308469717472, 31.295667805048154 ], [ -102.502095563780259, 31.306581677602999 ], [ -102.5004310107431, 31.305288353192957 ], [ -102.48958616469632, 31.296863395454704 ] ] ] } },
{ "type": "Feature", "properties": { "ABSTRACT_L": "A-315", "ABSTRACT_N": "103315", "LEVEL1_SUR": "H&TC RR CO", "LEVEL2_BLO": "1", "LEVEL3_SUR": "10", "Surv_Sect": "10", "SHAPE_AREA": 659.68607126054451, "owner_count": 0, "owners_json": [ ], "top_operator": "", "top_owner": "", "max_propensity_score": 0, "field_name": "Unknown", "production_status": "none", "pdp_well_count": 0, "pud_well_count": 0, "well_count": 0, "permit_count": 0 }, "geometry": { "type": "Polygon", "coordinates": [ [ [ -102.560768125234972, 31.26780334668463 ], [ -102.560960171195688, 31.267886218667766 ], [ -102.561311606180794, 31.268013406547674 ], [ -102.561535324657498, 31.268156877805758 ], [ -102.561688572437816, 31.268300360505222 ], [ -102.56174632410324, 31.268465666971711 ], [ -102.561880188400039, 31.268691388753119 ], [ -102.56202092465108, 31.268757390076939 ], [ -102.562378722882855, 31.269016525873571 ], [ -102.562523575988379, 31.269054758674159 ], [ -102.540897761290438, 31.290412798393625 ], [ -102.538274866471141, 31.293047826023013 ], [ -102.533838014915247, 31.289802997486085 ], [ -102.53381841894435, 31.289788667684583 ], [ -102.53177364040998, 31.288267937714132 ], [ -102.551589551667035, 31.268625385768004 ], [ -102.55188472196447, 31.268650776242652 ], [ -102.552236671063895, 31.268722949444577 ], [ -102.552568833903209, 31.268641444449894 ], [ -102.552818458636935, 31.268542952587708 ], [ -102.553144426858964, 31.268543416970981 ], [ -102.553451223273555, 31.268604082051748 ], [ -102.553880115497492, 31.268649282304821 ], [ -102.554199615537328, 31.268677372372863 ], [ -102.554551419041303, 31.268700009217596 ], [ -102.554832560005295, 31.268611917996022 ], [ -102.555363349385487, 31.268426044232889 ], [ -102.555542664413011, 31.268349591325851 ], [ -102.555664936666616, 31.268289878711133 ], [ -102.55585575114408, 31.2682301954402 ], [ -102.555940175858211, 31.268225818522641 ], [ -102.556134586300857, 31.26825772842944 ], [ -102.556265528482839, 31.268351134270674 ], [ -102.556495227799843, 31.268538505457418 ], [ -102.55666819890746, 31.268626575453727 ], [ -102.556812840690739, 31.268628905447343 ], [ -102.556923343188359, 31.268708998321834 ], [ -102.557040331963393, 31.268632570555514 ], [ -102.557071223472548, 31.268633067825007 ], [ -102.557301427458441, 31.268512271973545 ], [ -102.557621315762276, 31.268243196035179 ], [ -102.557710201536167, 31.268139849528911 ], [ -102.557914946320381, 31.267968536710587 ], [ -102.558118253714781, 31.267883221077902 ], [ -102.558350384777683, 31.267838077658652 ], [ -102.558772762373792, 31.267849671376592 ], [ -102.559118110944581, 31.267855914641128 ], [ -102.559437834724292, 31.267817966227796 ], [ -102.559751152010264, 31.267779428312185 ], [ -102.560249935091562, 31.267714543131245 ], [ -102.560277250885676, 31.26771694010688 ], [ -102.560588326762428, 31.267769868410181 ], [ -102.560704957095552, 31.267783996599331 ], [ -102.560768125234972, 31.26780334668463 ] ] ] } },
{ "type": "Feature", "properties": { "ABSTRACT_L": "A-316", "ABSTRACT_N": "103316", "LEVEL1_SUR": "H&TC RR CO", "LEVEL2_BLO": "2", "LEVEL3_SUR": "34", "Surv_Sect": "34", "SHAPE_AREA": 652.21774794210307, "owner_count": 0, "owners_json": [ ], "top_operator": "", "top_owner": "", "max_propensity_score": 0, "field_name": "Unknown", "production_status": "none", "pdp_well_count": 0, "pud_well_count": 0, "well_count": 0, "permit_count": 0 }, "geometry": { "type": "Polygon", "coordinates": [ [ [ -102.445646078744218, 31.264339456290145 ], [ -102.450858746558609, 31.26818224913281 ], [ -102.439721459819992, 31.279460042886107 ], [ -102.426938398048534, 31.269796011877688 ], [ -102.438004987973926, 31.258652009591295 ], [ -102.440926082233418, 31.260864797957623 ], [ -102.445646078744218, 31.264339456290145 ] ] ] } },
{ "type": "Feature", "properties": { "ABSTRACT_L": "A-317", "ABSTRACT_N": "103317", "LEVEL1_SUR": "H&TC RR CO", "LEVEL2_BLO": "2", "LEVEL3_SUR": "30", "Surv_Sect": "30", "SHAPE_AREA": 285.28186899638962, "owner_count": 0, "owners_json": [ ], "top_operator": "", "top_owner": "", "max_propensity_score": 0, "field_name": "Unknown", "production_status": "none", "pdp_well_count": 0, "pud_well_count": 0, "well_count": 0, "permit_count": 0 }, "geometry": { "type": "Polygon", "coordinates": [ [ [ -102.468701029455545, 31.261525339342331 ], [ -102.474178839223498, 31.265742536279308 ], [ -102.468464724802132, 31.271360608869049 ], [ -102.462701673599383, 31.277032304176895 ], [ -102.457280826265716, 31.272964187899749 ], [ -102.468701029455545, 31.261525339342331 ] ] ] } },
{ "type": "Feature", "properties": { "ABSTRACT_L": "A-32", "ABSTRACT_N": "10332", "LEVEL1_SUR": "CCSD&RGNG RR CO", "LEVEL2_BLO": "X", "LEVEL3_SUR": "37", "Surv_Sect": "37", "SHAPE_AREA": 655.72244769569954, "owner_count": 0, "owners_json": [ ], "top_operator": "", "top_owner": "", "max_propensity_score": 0, "field_name": "Unknown", "production_status": "none", "pdp_well_count": 0, "pud_well_count": 0, "well_count": 0, "permit_count": 0 }, "geometry": { "type": "Polygon", "coordinates": [ [ [ -102.429018644467249, 31.33640450359843 ], [ -102.431316554552566, 31.343561640397255 ], [ -102.41460566163741, 31.347489368921909 ], [ -102.41008204859672, 31.333596186142895 ], [ -102.42677260878024, 31.329524920666522 ], [ -102.429018644467249, 31.33640450359843 ] ] ] } },
{ "type": "Feature", "properties": { "ABSTRACT_L": "A-320", "ABSTRACT_N": "103320", "LEVEL1_SUR": "PSL", "LEVEL2_BLO": "B20", "LEVEL3_SUR": "8", "Surv_Sect": "8", "SHAPE_AREA": 35.782269783120121, "owner_count": 0, "owners_json": [ ], "top_operator": "", "top_owner": "", "max_propensity_score": 0, "field_name": "Unknown", "production_status": "none", "pdp_well_count": 0, "pud_well_count": 0, "well_count": 0, "permit_count": 0 }, "geometry": { "type": "Polygon", "coordinates": [ [ [ -102.767392424542251, 31.521082791636129 ], [ -102.766611716722025, 31.521263339721965 ], [ -102.764434084417402, 31.514416119764942 ], [ -102.767384984820595, 31.5137107281965 ], [ -102.767392424542251, 31.521082791636129 ] ] ] } },
{ "type": "Feature", "properties": { "ABSTRACT_L": "A-322", "ABSTRACT_N": "103322", "LEVEL1_SUR": "PSL", "LEVEL2_BLO": "B20", "LEVEL3_SUR": "12", "Surv_Sect": "12", "SHAPE_AREA": 310.79997410233824, "owner_count": 0, "owners_json": [ ], "top_operator": "", "top_owner": "", "max_propensity_score": 0, "field_name": "Unknown", "production_status": "none", "pdp_well_count": 0, "pud_well_count": 0, "well_count": 0, "permit_count": 0 }, "geometry": { "type": "Polygon", "coordinates": [ [ [ -102.759995805526557, 31.500402127589737 ], [ -102.76217067403428, 31.507299675462818 ], [ -102.750438962723663, 31.509963807164805 ], [ -102.750438859008725, 31.50996382999795 ], [ -102.750438763317661, 31.509963852661095 ], [ -102.746018135656684, 31.510967464871673 ], [ -102.743837499329558, 31.504071147311151 ], [ -102.759995805526557, 31.500402127589737 ] ] ] } },
{ "type": "Feature", "properties": { "ABSTRACT_L": "A-329", "ABSTRACT_N": "103329", "LEVEL1_SUR": "PSL", "LEVEL2_BLO": "B16", "LEVEL3_SUR": "30", "Surv_Sect": "30", "SHAPE_AREA": 28.414502203985219, "owner_count": 0, "owners_json": [ ], "top_operator": "", "top_owner": "", "max_propensity_score": 0, "field_name": "Unknown", "production_status": "none", "pdp_well_count": 0, "pud_well_count": 0, "well_count": 0, "permit_count": 0 }, "geometry": { "type": "Polygon", "coordinates": [ [ [ -102.648766291918463, 31.649134596681026 ], [ -102.649466245999392, 31.651335693134239 ], [ -102.639525192534549, 31.651315744161888 ], [ -102.648766291918463, 31.649134596681026 ] ] ] } },
{ "type": "Feature", "properties": { "ABSTRACT_L": "A-33", "ABSTRACT_N": "10333", "LEVEL1_SUR": "CCSD&RGNG RR CO", "LEVEL2_BLO": "X", "LEVEL3_SUR": "39", "Surv_Sect": "39", "SHAPE_AREA": 655.31373429067946, "owner_count": 0, "owners_json": [ ], "top_operator": "", "top_owner": "", "max_propensity_score": 0, "field_name": "Unknown", "production_status": "none", "pdp_well_count": 0, "pud_well_count": 0, "well_count": 0, "permit_count": 0 }, "geometry": { "type": "Polygon", "coordinates": [ [ [ -102.431316554552566, 31.343561640397255 ], [ -102.435803919218884, 31.357558656514879 ], [ -102.419144701631964, 31.361496259708574 ], [ -102.41460566163741, 31.347489368921909 ], [ -102.431316554552566, 31.343561640397255 ] ] ] } },
{ "type": "Feature", "properties": { "ABSTRACT_L": "A-331", "ABSTRACT_N": "103331", "LEVEL1_SUR": "PSL", "LEVEL2_BLO": "B26", "LEVEL3_SUR": "8", "Surv_Sect": "8", "SHAPE_AREA": 667.70783319100406, "owner_count": 0, "owners_json": [ ], "top_operator": "", "top_owner": "", "max_propensity_score": 0, "field_name": "Unknown", "production_status": "none", "pdp_well_count": 0, "pud_well_count": 0, "well_count": 0, "permit_count": 0 }, "geometry": { "type": "Polygon", "coordinates": [ [ [ -102.625435550696437, 31.539299885967612 ], [ -102.630642877093436, 31.538065068675014 ], [ -102.635427652547904, 31.552530602306614 ], [ -102.625435567314923, 31.55497460224688 ], [ -102.619012323128658, 31.556545292460697 ], [ -102.614321012499332, 31.541933576138959 ], [ -102.625435550696437, 31.539299885967612 ] ] ] } },
{ "type": "Feature", "properties": { "ABSTRACT_L": "A-332", "ABSTRACT_N": "103332", "LEVEL1_SUR": "PSL", "LEVEL2_BLO": "B26", "LEVEL3_SUR": "9", "Surv_Sect": "9", "SHAPE_AREA": 658.98325971357508, "owner_count": 0, "owners_json": [ ], "top_operator": "", "top_owner": "", "max_propensity_score": 0, "field_name": "Unknown", "production_status": "none", "pdp_well_count": 0, "pud_well_count": 0, "well_count": 0, "permit_count": 0 }, "geometry": { "type": "Polygon", "coordinates": [ [ [ -102.614321012499332, 31.541933576138959 ], [ -102.619012323128658, 31.556545292460697 ], [ -102.602880374174759, 31.56033757732849 ], [ -102.598187176494406, 31.54576391129865 ], [ -102.614321012499332, 31.541933576138959 ] ] ] } },
{ "type": "Feature", "properties": { "ABSTRACT_L": "A-337", "ABSTRACT_N": "103337", "LEVEL1_SUR": "PSL", "LEVEL2_BLO": "B16", "LEVEL3_SUR": "20", "Surv_Sect": "20", "SHAPE_AREA": 305.64939140548125, "owner_count": 0, "owners_json": [ ], "top_operator": "", "top_owner": "", "max_propensity_score": 0, "field_name": "Unknown", "production_status": "none", "pdp_well_count": 0, "pud_well_count": 0, "well_count": 0, "permit_count": 0 }, "geometry": { "type": "Polygon", "coordinates": [ [ [ -102.6836013556415, 31.646816842686999 ], [ -102.683324772311238, 31.645933227352081 ], [ -102.698506119910206, 31.642430965748051 ], [ -102.701387048763678, 31.651382252047533 ], [ -102.685052453584859, 31.651393866687467 ], [ -102.6836013556415, 31.646816842686999 ] ] ] } },
{ "type": "Feature", "properties": { "ABSTRACT_L": "A-338", "ABSTRACT_N": "103338", "LEVEL1_SUR": "PSL", "LEVEL2_BLO": "B16", "LEVEL3_SUR": "21", "Surv_Sect": "21", "SHAPE_AREA": 122.82541510741501, "owner_count": 0, "owners_json": [ ], "top_operator": "", "top_owner": "", "max_propensity_score": 0, "field_name": "Unknown", "production_status": "none", "pdp_well_count": 0, "pud_well_count": 0, "well_count": 0, "permit_count": 0 }, "geometry": { "type": "Polygon", "coordinates": [ [ [ -102.666807310962497, 31.650714280602166 ], [ -102.6836013556415, 31.646816842686999 ], [ -102.685052453584859, 31.651393866687467 ], [ -102.680181469853295, 31.651397330178394 ], [ -102.667026172155332, 31.651370931097958 ], [ -102.666807310962497, 31.650714280602166 ] ] ] } },
{ "type": "Feature", "properties": { "ABSTRACT_L": "A-34", "ABSTRACT_N": "10334", "LEVEL1_SUR": "CCSD&RGNG RR CO", "LEVEL2_BLO": "X", "LEVEL3_SUR": "41", "Surv_Sect": "41", "SHAPE_AREA": 646.12576299476814, "owner_count": 0, "owners_json": [ ], "top_operator": "", "top_owner": "", "max_propensity_score": 0, "field_name": "Unknown", "production_status": "none", "pdp_well_count": 0, "pud_well_count": 0, "well_count": 0, "permit_count": 0 }, "geometry": { "type": "Polygon", "coordinates": [ [ [ -102.425713688331015, 31.375138279818618 ], [ -102.440375189556121, 31.371650206796026 ], [ -102.441514618196365, 31.37513874420079 ], [ -102.444893154791288, 31.385480078335664 ], [ -102.444891082625062, 31.385480564505961 ], [ -102.428212047835046, 31.389409447520617 ], [ -102.428209616781132, 31.389410015803708 ], [ -102.423735844014971, 31.375608610271424 ], [ -102.425713688331015, 31.375138279818618 ] ] ] } },
{ "type": "Feature", "properties": { "ABSTRACT_L": "A-345", "ABSTRACT_N": "103345", "LEVEL1_SUR": "G&MMB&A", "LEVEL2_BLO": "46 T3S", "LEVEL3_SUR": "16", "Surv_Sect": "16", "SHAPE_AREA": 484.62861482868851, "owner_count": 0, "owners_json": [ ], "top_operator": "", "top_owner": "", "max_propensity_score": 0, "field_name": "Unknown", "production_status": "none", "pdp_well_count": 0, "pud_well_count": 0, "well_count": 0, "permit_count": 0 }, "geometry": { "type": "Polygon", "coordinates": [ [ [ -102.698506119910206, 31.642430965748051 ], [ -102.714609413463648, 31.638789341775368 ], [ -102.718735847509691, 31.651369916262745 ], [ -102.701387048763678, 31.651382252047533 ], [ -102.698506119910206, 31.642430965748051 ] ] ] } },
{ "type": "Feature", "properties": { "ABSTRACT_L": "A-346", "ABSTRACT_N": "103346", "LEVEL1_SUR": "G&MMB&A", "LEVEL2_BLO": "46 T3S", "LEVEL3_SUR": "17", "Surv_Sect": "17", "SHAPE_AREA": 615.34493961678754, "owner_count": 0, "owners_json": [ ], "top_operator": "", "top_owner": "", "max_propensity_score": 0, "field_name": "Unknown", "production_status": "none", "pdp_well_count": 0, "pud_well_count": 0, "well_count": 0, "permit_count": 0 }, "geometry": { "type": "Polygon", "coordinates": [ [ [ -102.714609413463648, 31.638789341775368 ], [ -102.730822812895497, 31.635188094242416 ], [ -102.731003081972574, 31.635754505014738 ], [ -102.735281062562407, 31.648988881826426 ], [ -102.72539688680483, 31.651365179960916 ], [ -102.718735847509691, 31.651369916262745 ], [ -102.714609413463648, 31.638789341775368 ] ] ] } },
{ "type": "Feature", "properties": { "ABSTRACT_L": "A-347", "ABSTRACT_N": "103347", "LEVEL1_SUR": "G&MMB&A", "LEVEL2_BLO": "46", "LEVEL3_SUR": "18", "Surv_Sect": "18", "SHAPE_AREA": 32.878713113941842, "owner_count": 0, "owners_json": [ ], "top_operator": "", "top_owner": "", "max_propensity_score": 0, "field_name": "Unknown", "production_status": "none", "pdp_well_count": 0, "pud_well_count": 0, "well_count": 0, "permit_count": 0 }, "geometry": { "type": "Polygon", "coordinates": [ [ [ -102.735281062562407, 31.648988881826426 ], [ -102.735550520327081, 31.649775557494486 ], [ -102.73606852991324, 31.651357591937405 ], [ -102.72539688680483, 31.651365179960916 ], [ -102.735281062562407, 31.648988881826426 ] ] ] } },
{ "type": "Feature", "properties": { "ABSTRACT_L": "A-348", "ABSTRACT_N": "103348", "LEVEL1_SUR": "G&MMB&A", "LEVEL2_BLO": "46 T3S", "LEVEL3_SUR": "8", "Surv_Sect": "8", "SHAPE_AREA": 665.79360425339348, "owner_count": 0, "owners_json": [ ], "top_operator": "", "top_owner": "", "max_propensity_score": 0, "field_name": "Unknown", "production_status": "none", "pdp_well_count": 0, "pud_well_count": 0, "well_count": 0, "permit_count": 0 }, "geometry": { "type": "Polygon", "coordinates": [ [ [ -102.677119115688484, 31.632237645442647 ], [ -102.694125491896372, 31.628288303372415 ], [ -102.698506119910206, 31.642430965748051 ], [ -102.683324772311238, 31.645933227352081 ], [ -102.681627862337038, 31.646331406102266 ], [ -102.681046653899443, 31.644323298052271 ], [ -102.677119115688484, 31.632237645442647 ] ] ] } },
{ "type": "Feature", "properties": { "ABSTRACT_L": "A-349", "ABSTRACT_N": "103349", "LEVEL1_SUR": "G&MMB&A", "LEVEL2_BLO": "46 T3S", "LEVEL3_SUR": "9", "Surv_Sect": "9", "SHAPE_AREA": 635.22203898997407, "owner_count": 0, "owners_json": [ ], "top_operator": "", "top_owner": "", "max_propensity_score": 0, "field_name": "Unknown", "production_status": "none", "pdp_well_count": 0, "pud_well_count": 0, "well_count": 0, "permit_count": 0 }, "geometry": { "type": "Polygon", "coordinates": [ [ [ -102.714609413463648, 31.638789341775368 ], [ -102.698506119910206, 31.642430965748051 ], [ -102.694125491896372, 31.628288303372415 ], [ -102.710271850562506, 31.624601565588165 ], [ -102.714609413463648, 31.638789341775368 ] ] ] } },
{ "type": "Feature", "properties": { "ABSTRACT_L": "A-35", "ABSTRACT_N": "10335", "LEVEL1_SUR": "CCSD&RGNG RR CO", "LEVEL2_BLO": "X", "LEVEL3_SUR": "43", "Surv_Sect": "43", "SHAPE_AREA": 658.27538535161045, "owner_count": 0, "owners_json": [ ], "top_operator": "", "top_owner": "", "max_propensity_score": 0, "field_name": "Unknown", "production_status": "none", "pdp_well_count": 0, "pud_well_count": 0, "well_count": 0, "permit_count": 0 }, "geometry": { "type": "Polygon", "coordinates": [ [ [ -102.453914458238671, 31.413450632230997 ], [ -102.446153293611715, 31.415293597504256 ], [ -102.437362163201016, 31.41738049629717 ], [ -102.432734523485607, 31.40323793034262 ], [ -102.449379467045375, 31.399317042079197 ], [ -102.453914458238671, 31.413450632230997 ] ] ] } },
{ "type": "Feature", "properties": { "ABSTRACT_L": "A-350", "ABSTRACT_N": "103350", "LEVEL1_SUR": "G&MMB&A", "LEVEL2_BLO": "46 T3S", "LEVEL3_SUR": "24", "Surv_Sect": "24", "SHAPE_AREA": 635.99942264156027, "owner_count": 0, "owners_json": [ ], "top_operator": "", "top_owner": "", "max_propensity_score": 0, "field_name": "Unknown", "production_status": "none", "pdp_well_count": 0, "pud_well_count": 0, "well_count": 0, "permit_count": 0 }, "geometry": { "type": "Polygon", "coordinates": [ [ [ -102.730822812895497, 31.635188094242416 ], [ -102.714609413463648, 31.638789341775368 ], [ -102.710271850562506, 31.624601565588165 ], [ -102.726209951673283, 31.620939149989084 ], [ -102.726357524979406, 31.621460177860641 ], [ -102.730822812895497, 31.635188094242416 ] ] ] } },
{ "type": "Feature", "properties": { "ABSTRACT_L": "A-36", "ABSTRACT_N": "10336", "LEVEL1_SUR": "CCSD&RGNG RR CO", "LEVEL2_BLO": "X", "LEVEL3_SUR": "45", "Surv_Sect": "45", "SHAPE_AREA": 631.6350985058998, "owner_count": 0, "owners_json": [ ], "top_operator": "", "top_owner": "", "max_propensity_score": 0, "field_name": "Unknown", "production_status": "none", "pdp_well_count": 0, "pud_well_count": 0, "well_count": 0, "permit_count": 0 }, "geometry": { "type": "Polygon", "coordinates": [ [ [ -102.465644869634787, 31.395483181459092 ], [ -102.44938239233548, 31.399316354013699 ], [ -102.444891082625062, 31.385480564505961 ], [ -102.444893154791288, 31.385480078335664 ], [ -102.461175791507173, 31.381642188078345 ], [ -102.465644869634787, 31.395483181459092 ] ] ] } },
{ "type": "Feature", "properties": { "ABSTRACT_L": "A-37", "ABSTRACT_N": "10337", "LEVEL1_SUR": "CCSD&RGNG RR CO", "LEVEL2_BLO": "X", "LEVEL3_SUR": "47", "Surv_Sect": "47", "SHAPE_AREA": 638.85496186153023, "owner_count": 0, "owners_json": [ ], "top_operator": "", "top_owner": "", "max_propensity_score": 0, "field_name": "Unknown", "production_status": "none", "pdp_well_count": 0, "pud_well_count": 0, "well_count": 0, "permit_count": 0 }, "geometry": { "type": "Polygon", "coordinates": [ [ [ -102.453146296421991, 31.357549300350914 ], [ -102.45659164112395, 31.367758189933774 ], [ -102.440375189556121, 31.371650206796026 ], [ -102.435803919218884, 31.357558656514879 ], [ -102.451928413343722, 31.353699160129622 ], [ -102.453146296421991, 31.357549300350914 ] ] ] } },
{ "type": "Feature", "properties": { "ABSTRACT_L": "A-378", "ABSTRACT_N": "103378", "LEVEL1_SUR": "PSL", "LEVEL2_BLO": "B20", "LEVEL3_SUR": "20", "Surv_Sect": "20", "SHAPE_AREA": 688.11907116528494, "owner_count": 0, "owners_json": [ ], "top_operator": "", "top_owner": "", "max_propensity_score": 0, "field_name": "Unknown", "production_status": "none", "pdp_well_count": 0, "pud_well_count": 0, "well_count": 0, "permit_count": 0 }, "geometry": { "type": "Polygon", "coordinates": [ [ [ -102.737165576291645, 31.482885325568546 ], [ -102.741688928221961, 31.496947131831519 ], [ -102.728306982889734, 31.500132954892017 ], [ -102.728303171674412, 31.500133867303973 ], [ -102.728299368285235, 31.50013477267283 ], [ -102.724183770582684, 31.501114060999548 ], [ -102.723877986203803, 31.500134103784458 ], [ -102.723877623847343, 31.500132942054456 ], [ -102.719778972119073, 31.486987988956312 ], [ -102.737165576291645, 31.482885325568546 ] ] ] } },
{ "type": "Feature", "properties": { "ABSTRACT_L": "A-379", "ABSTRACT_N": "103379", "LEVEL1_SUR": "PSL", "LEVEL2_BLO": "B20", "LEVEL3_SUR": "22", "Surv_Sect": "22", "SHAPE_AREA": 314.38176024238027, "owner_count": 0, "owners_json": [ ], "top_operator": "", "top_owner": "", "max_propensity_score": 0, "field_name": "Unknown", "production_status": "none", "pdp_well_count": 0, "pud_well_count": 0, "well_count": 0, "permit_count": 0 }, "geometry": { "type": "Polygon", "coordinates": [ [ [ -102.750876764933921, 31.472038891769685 ], [ -102.752040732076466, 31.475438330815386 ], [ -102.753189170854938, 31.47910361226208 ], [ -102.75043888233499, 31.47975281973002 ], [ -102.750438818561179, 31.479752834838912 ], [ -102.737165576291645, 31.482885325568546 ], [ -102.734939926760418, 31.475952625452539 ], [ -102.750438786094762, 31.472146567915487 ], [ -102.750438865706485, 31.472146545592146 ], [ -102.750876764933921, 31.472038891769685 ] ] ] } },
{ "type": "Feature", "properties": { "ABSTRACT_L": "A-38", "ABSTRACT_N": "10338", "LEVEL1_SUR": "CCSD&RGNG RR CO", "LEVEL2_BLO": "X", "LEVEL3_SUR": "49", "Surv_Sect": "49", "SHAPE_AREA": 652.19974262136668, "owner_count": 0, "owners_json": [ ], "top_operator": "", "top_owner": "", "max_propensity_score": 0, "field_name": "Unknown", "production_status": "none", "pdp_well_count": 0, "pud_well_count": 0, "well_count": 0, "permit_count": 0 }, "geometry": { "type": "Polygon", "coordinates": [ [ [ -102.465967962078778, 31.339640931325146 ], [ -102.448836527777488, 31.343842498082648 ], [ -102.447558712276773, 31.339672911066284 ], [ -102.431316554552566, 31.343561640397255 ], [ -102.429018644467249, 31.33640450359843 ], [ -102.451210080072286, 31.331068515538902 ], [ -102.453481059876083, 31.338053160491242 ], [ -102.464527841601992, 31.335279924854948 ], [ -102.465967962078778, 31.339640931325146 ] ] ] } },
{ "type": "Feature", "properties": { "ABSTRACT_L": "A-380", "ABSTRACT_N": "103380", "LEVEL1_SUR": "PSL", "LEVEL2_BLO": "B20", "LEVEL3_SUR": "12", "Surv_Sect": "12", "SHAPE_AREA": 320.71091240932378, "owner_count": 0, "owners_json": [ ], "top_operator": "", "top_owner": "", "max_propensity_score": 0, "field_name": "Unknown", "production_status": "none", "pdp_well_count": 0, "pud_well_count": 0, "well_count": 0, "permit_count": 0 }, "geometry": { "type": "Polygon", "coordinates": [ [ [ -102.750438881144305, 31.494909614492084 ], [ -102.757675865682486, 31.493223494607264 ], [ -102.759909106187408, 31.500132848515911 ], [ -102.759909237883051, 31.500133237789612 ], [ -102.759909361555657, 31.500133627233943 ], [ -102.759995805526557, 31.500402127589737 ], [ -102.743837499329558, 31.504071147311151 ], [ -102.742646852613788, 31.500133635684019 ], [ -102.742646639282825, 31.500132917952875 ], [ -102.741688928221961, 31.496947131831519 ], [ -102.750438881144305, 31.494909614492084 ] ] ] } },
{ "type": "Feature", "properties": { "ABSTRACT_L": "A-381", "ABSTRACT_N": "103381", "LEVEL1_SUR": "PSL", "LEVEL2_BLO": "B20", "LEVEL3_SUR": "19", "Surv_Sect": "19", "SHAPE_AREA": 631.12145635002696, "owner_count": 0, "owners_json": [ ], "top_operator": "", "top_owner": "", "max_propensity_score": 0, "field_name": "Unknown", "production_status": "none", "pdp_well_count": 0, "pud_well_count": 0, "well_count": 0, "permit_count": 0 }, "geometry": { "type": "Polygon", "coordinates": [ [ [ -102.750438818561179, 31.479752834838912 ], [ -102.75043888233499, 31.47975281973002 ], [ -102.753189170854938, 31.47910361226208 ], [ -102.757675865682486, 31.493223494607264 ], [ -102.750438881144305, 31.494909614492084 ], [ -102.741688928221961, 31.496947131831519 ], [ -102.737165576291645, 31.482885325568546 ], [ -102.750438818561179, 31.479752834838912 ] ] ] } },
{ "type": "Feature", "properties": { "ABSTRACT_L": "A-382", "ABSTRACT_N": "103382", "LEVEL1_SUR": "PSL", "LEVEL2_BLO": "B20", "LEVEL3_SUR": "11", "Surv_Sect": "11", "SHAPE_AREA": 345.5765215843079, "owner_count": 0, "owners_json": [ ], "top_operator": "", "top_owner": "", "max_propensity_score": 0, "field_name": "Unknown", "production_status": "none", "pdp_well_count": 0, "pud_well_count": 0, "well_count": 0, "permit_count": 0 }, "geometry": { "type": "Polygon", "coordinates": [ [ [ -102.728299368285235, 31.50013477267283 ], [ -102.728303171674412, 31.500133867303973 ], [ -102.728306982889734, 31.500132954892017 ], [ -102.741688928221961, 31.496947131831519 ], [ -102.742646639282825, 31.500132917952875 ], [ -102.742646852613788, 31.500133635684019 ], [ -102.743837499329558, 31.504071147311151 ], [ -102.735205032597847, 31.505994995015385 ], [ -102.726539708636267, 31.508370168493006 ], [ -102.726381607975469, 31.507924328158566 ], [ -102.724183770582684, 31.501114060999548 ], [ -102.728299368285235, 31.50013477267283 ] ] ] } },
{ "type": "Feature", "properties": { "ABSTRACT_L": "A-383", "ABSTRACT_N": "103383", "LEVEL1_SUR": "T&P RR CO", "LEVEL2_BLO": "42 T4S", "LEVEL3_SUR": "7", "Surv_Sect": "7", "SHAPE_AREA": 140.78071904871592, "owner_count": 0, "owners_json": [ ], "top_operator": "", "top_owner": "", "max_propensity_score": 0, "field_name": "Unknown", "production_status": "none", "pdp_well_count": 0, "pud_well_count": 0, "well_count": 0, "permit_count": 0 }, "geometry": { "type": "Polygon", "coordinates": [ [ [ -102.346587744229097, 31.649970739718853 ], [ -102.362946989398026, 31.646331173729763 ], [ -102.36449560691112, 31.65123370921301 ], [ -102.346993636564761, 31.651255957586859 ], [ -102.346587744229097, 31.649970739718853 ] ] ] } },
{ "type": "Feature", "properties": { "ABSTRACT_L": "A-384", "ABSTRACT_N": "103384", "LEVEL1_SUR": "T&P RR CO", "LEVEL2_BLO": "42 T4S", "LEVEL3_SUR": "17", "Surv_Sect": "17", "SHAPE_AREA": 611.49306922543622, "owner_count": 0, "owners_json": [ ], "top_operator": "", "top_owner": "", "max_propensity_score": 0, "field_name": "Unknown", "production_status": "none", "pdp_well_count": 0, "pud_well_count": 0, "well_count": 0, "permit_count": 0 }, "geometry": { "type": "Polygon", "coordinates": [ [ [ -102.324890911060166, 31.639759623737419 ], [ -102.341605997937549, 31.636048617589903 ], [ -102.346092811635671, 31.65008081416714 ], [ -102.340772801731362, 31.651263865465591 ], [ -102.328678538117003, 31.651279239603074 ], [ -102.324890911060166, 31.639759623737419 ] ] ] } },
{ "type": "Feature", "properties": { "ABSTRACT_L": "A-385", "ABSTRACT_N": "103385", "LEVEL1_SUR": "T&P RR CO", "LEVEL2_BLO": "43 T4S", "LEVEL3_SUR": "5", "Surv_Sect": "5", "SHAPE_AREA": 378.35359966559241, "owner_count": 0, "owners_json": [ ], "top_operator": "", "top_owner": "", "max_propensity_score": 0, "field_name": "Unknown", "production_status": "none", "pdp_well_count": 0, "pud_well_count": 0, "well_count": 0, "permit_count": 0 }, "geometry": { "type": "Polygon", "coordinates": [ [ [ -102.433764540578892, 31.644905487184616 ], [ -102.450209894120832, 31.641138427926851 ], [ -102.453487618104361, 31.651252515075431 ], [ -102.435740571471172, 31.651244718645302 ], [ -102.433764540578892, 31.644905487184616 ] ] ] } },
{ "type": "Feature", "properties": { "ABSTRACT_L": "A-386", "ABSTRACT_N": "103386", "LEVEL1_SUR": "T&P RR CO", "LEVEL2_BLO": "43 T4S", "LEVEL3_SUR": "11", "Surv_Sect": "11", "SHAPE_AREA": 495.40940446961059, "owner_count": 0, "owners_json": [ ], "top_operator": "", "top_owner": "", "max_propensity_score": 0, "field_name": "Unknown", "production_status": "none", "pdp_well_count": 0, "pud_well_count": 0, "well_count": 0, "permit_count": 0 }, "geometry": { "type": "Polygon", "coordinates": [ [ [ -102.379472675842678, 31.642345943107351 ], [ -102.395919049788461, 31.638526613070937 ], [ -102.400003937804897, 31.651229019234965 ], [ -102.382342239297316, 31.651221260299 ], [ -102.379472675842678, 31.642345943107351 ] ] ] } },
{ "type": "Feature", "properties": { "ABSTRACT_L": "A-387", "ABSTRACT_N": "103387", "LEVEL1_SUR": "T&P RR CO", "LEVEL2_BLO": "44 T3S", "LEVEL3_SUR": "33", "Surv_Sect": "33", "SHAPE_AREA": 255.26176097328926, "owner_count": 0, "owners_json": [ ], "top_operator": "", "top_owner": "", "max_propensity_score": 0, "field_name": "Unknown", "production_status": "none", "pdp_well_count": 0, "pud_well_count": 0, "well_count": 0, "permit_count": 0 }, "geometry": { "type": "Polygon", "coordinates": [ [ [ -102.500432593476731, 31.651273138248506 ], [ -102.500432227426174, 31.651273138245809 ], [ -102.488816365320048, 31.651268035297743 ], [ -102.487634622940632, 31.647650626843753 ], [ -102.489896411042508, 31.647088052968051 ], [ -102.5004324966512, 31.644586573258259 ], [ -102.500432568610705, 31.644586558118462 ], [ -102.50401111493035, 31.643736362602404 ], [ -102.506357131602797, 31.651273639237328 ], [ -102.502851509988986, 31.651273372538654 ], [ -102.500432593476731, 31.651273138248506 ] ] ] } },
{ "type": "Feature", "properties": { "ABSTRACT_L": "A-388", "ABSTRACT_N": "103388", "LEVEL1_SUR": "PSL", "LEVEL2_BLO": "B18", "LEVEL3_SUR": "30", "Surv_Sect": "30", "SHAPE_AREA": 322.4430075808765, "owner_count": 0, "owners_json": [ ], "top_operator": "", "top_owner": "", "max_propensity_score": 0, "field_name": "Unknown", "production_status": "none", "pdp_well_count": 0, "pud_well_count": 0, "well_count": 0, "permit_count": 0 }, "geometry": { "type": "Polygon", "coordinates": [ [ [ -102.750439177116789, 31.540151893301861 ], [ -102.754742948984784, 31.539088727431 ], [ -102.756937710896764, 31.546115897117023 ], [ -102.750439132940471, 31.54764382764025 ], [ -102.750439101030821, 31.547643835194538 ], [ -102.740344157646447, 31.550016389287382 ], [ -102.738097188378319, 31.543199987014646 ], [ -102.750439105474641, 31.540151915454672 ], [ -102.750439177116789, 31.540151893301861 ] ] ] } },
{ "type": "Feature", "properties": { "ABSTRACT_L": "A-39", "ABSTRACT_N": "10339", "LEVEL1_SUR": "CCSD&RGNG RR CO", "LEVEL2_BLO": "X", "LEVEL3_SUR": "51", "Surv_Sect": "51", "SHAPE_AREA": 648.68445112663119, "owner_count": 0, "owners_json": [ ], "top_operator": "", "top_owner": "", "max_propensity_score": 0, "field_name": "Unknown", "production_status": "none", "pdp_well_count": 0, "pud_well_count": 0, "well_count": 0, "permit_count": 0 }, "geometry": { "type": "Polygon", "coordinates": [ [ [ -102.444717226533783, 31.310178307133878 ], [ -102.450068108023942, 31.313993496594058 ], [ -102.460338065413637, 31.321314512276228 ], [ -102.448933480893899, 31.324039221391512 ], [ -102.438172043047842, 31.326655833018297 ], [ -102.435809080033394, 31.319638263606837 ], [ -102.433504304874788, 31.312783945435616 ], [ -102.444717226533783, 31.310178307133878 ] ] ] } },
{ "type": "Feature", "properties": { "ABSTRACT_L": "A-397", "ABSTRACT_N": "103397", "LEVEL1_SUR": "H&TC RR CO", "LEVEL2_BLO": "6", "LEVEL3_SUR": "10", "Surv_Sect": "10", "SHAPE_AREA": 636.53580511001519, "owner_count": 0, "owners_json": [ ], "top_operator": "", "top_owner": "", "max_propensity_score": 0, "field_name": "Unknown", "production_status": "none", "pdp_well_count": 0, "pud_well_count": 0, "well_count": 0, "permit_count": 0 }, "geometry": { "type": "Polygon", "coordinates": [ [ [ -102.423037393274356, 31.228793588668893 ], [ -102.412255533428947, 31.239636026790716 ], [ -102.399301455289191, 31.229992464790726 ], [ -102.410268737752972, 31.219188906852587 ], [ -102.423037393274356, 31.228793588668893 ] ] ] } },
{ "type": "Feature", "properties": { "ABSTRACT_L": "A-398", "ABSTRACT_N": "103398", "LEVEL1_SUR": "H&TC RR CO", "LEVEL2_BLO": "6", "LEVEL3_SUR": "24", "Surv_Sect": "24", "SHAPE_AREA": 650.76985741687736, "owner_count": 0, "owners_json": [ ], "top_operator": "", "top_owner": "", "max_propensity_score": 0, "field_name": "Unknown", "production_status": "none", "pdp_well_count": 0, "pud_well_count": 0, "well_count": 0, "permit_count": 0 }, "geometry": { "type": "Polygon", "coordinates": [ [ [ -102.353885721579303, 31.208650450500734 ], [ -102.356649780457886, 31.205857290660685 ], [ -102.36083438783669, 31.201628192039681 ], [ -102.37359590250945, 31.211051377695835 ], [ -102.362498714137971, 31.222328084042676 ], [ -102.349666881773757, 31.21292504409168 ], [ -102.353885721579303, 31.208650450500734 ] ] ] } },
{ "type": "Feature", "properties": { "ABSTRACT_L": "A-399", "ABSTRACT_N": "103399", "LEVEL1_SUR": "GC&SF RR CO", "LEVEL2_BLO": "X4", "LEVEL3_SUR": "76", "Surv_Sect": "76", "SHAPE_AREA": 675.88058594900258, "owner_count": 0, "owners_json": [ ], "top_operator": "", "top_owner": "", "max_propensity_score": 0, "field_name": "Unknown", "production_status": "none", "pdp_well_count": 0, "pud_well_count": 0, "well_count": 0, "permit_count": 0 }, "geometry": { "type": "Polygon", "coordinates": [ [ [ -102.376497173161667, 31.284168663229572 ], [ -102.386117835135877, 31.281843966471929 ], [ -102.38969663636577, 31.292933798944244 ], [ -102.38952724717285, 31.292973689435605 ], [ -102.394081073300384, 31.307167390321702 ], [ -102.393171361639673, 31.307384128286945 ], [ -102.384690471991092, 31.309469318613043 ], [ -102.380077567135217, 31.29521936299486 ], [ -102.376497173161667, 31.284168663229572 ] ] ] } },
{ "type": "Feature", "properties": { "ABSTRACT_L": "A-4", "ABSTRACT_N": "1034", "LEVEL1_SUR": "CCSD&RGNG RR CO", "LEVEL2_BLO": "F", "LEVEL3_SUR": "197", "Surv_Sect": "197", "SHAPE_AREA": 54.464296735050112, "owner_count": 0, "owners_json": [ ], "top_operator": "", "top_owner": "", "max_propensity_score": 0, "field_name": "Unknown", "production_status": "none", "pdp_well_count": 0, "pud_well_count": 0, "well_count": 0, "permit_count": 0 }, "geometry": { "type": "Polygon", "coordinates": [ [ [ -102.317295514542465, 31.400039743398093 ], [ -102.313822005595355, 31.400824262903129 ], [ -102.313530270924304, 31.388854738154802 ], [ -102.317295514542465, 31.400039743398093 ] ] ] } },
{ "type": "Feature", "properties": { "ABSTRACT_L": "A-40", "ABSTRACT_N": "10340", "LEVEL1_SUR": "CCSD&RGNG RR CO", "LEVEL2_BLO": "X", "LEVEL3_SUR": "53", "Surv_Sect": "53", "SHAPE_AREA": 687.25314437174666, "owner_count": 0, "owners_json": [ ], "top_operator": "", "top_owner": "", "max_propensity_score": 0, "field_name": "Unknown", "production_status": "none", "pdp_well_count": 0, "pud_well_count": 0, "well_count": 0, "permit_count": 0 }, "geometry": { "type": "Polygon", "coordinates": [ [ [ -102.475965499462191, 31.332492760920726 ], [ -102.488899631478645, 31.341762589305791 ], [ -102.49209077162692, 31.344075677292469 ], [ -102.48009546908871, 31.346890733739958 ], [ -102.469270403832013, 31.349487023559242 ], [ -102.465967962078778, 31.339640931325146 ], [ -102.464527841601992, 31.335279924854948 ], [ -102.475965499462191, 31.332492760920726 ] ] ] } },
{ "type": "Feature", "properties": { "ABSTRACT_L": "A-400", "ABSTRACT_N": "103400", "LEVEL1_SUR": "CCSD&RGNG RR CO", "LEVEL2_BLO": "X", "LEVEL3_SUR": "78", "Surv_Sect": "78", "SHAPE_AREA": 687.53878939499236, "owner_count": 0, "owners_json": [ ], "top_operator": "", "top_owner": "", "max_propensity_score": 0, "field_name": "Unknown", "production_status": "none", "pdp_well_count": 0, "pud_well_count": 0, "well_count": 0, "permit_count": 0 }, "geometry": { "type": "Polygon", "coordinates": [ [ [ -102.371541273756705, 31.267437753221884 ], [ -102.375427416015299, 31.266534912130513 ], [ -102.381562323044349, 31.265108697546488 ], [ -102.384730390900629, 31.267371301233233 ], [ -102.396914247307748, 31.276071173833131 ], [ -102.385137870729295, 31.278828459440447 ], [ -102.386117835135877, 31.281843966471929 ], [ -102.376497173161667, 31.284168663229572 ], [ -102.375240468516694, 31.280272021120062 ], [ -102.371119717915903, 31.267534418866166 ], [ -102.371541273756705, 31.267437753221884 ] ] ] } },
{ "type": "Feature", "properties": { "ABSTRACT_L": "A-401", "ABSTRACT_N": "103401", "LEVEL1_SUR": "H&TC RR CO", "LEVEL2_BLO": "35", "LEVEL3_SUR": "10", "Surv_Sect": "10", "SHAPE_AREA": 641.87803129760016, "owner_count": 0, "owners_json": [ ], "top_operator": "", "top_owner": "", "max_propensity_score": 0, "field_name": "Unknown", "production_status": "none", "pdp_well_count": 0, "pud_well_count": 0, "well_count": 0, "permit_count": 0 }, "geometry": { "type": "Polygon", "coordinates": [ [ [ -102.368546773524699, 31.181404102588886 ], [ -102.35753677681501, 31.192468677075375 ], [ -102.344735505643868, 31.183065740540304 ], [ -102.355729778790561, 31.171950498503083 ], [ -102.368546773524699, 31.181404102588886 ] ] ] } },
{ "type": "Feature", "properties": { "ABSTRACT_L": "A-402", "ABSTRACT_N": "103402", "LEVEL1_SUR": "H&TC RR CO", "LEVEL2_BLO": "35", "LEVEL3_SUR": "18", "Surv_Sect": "18", "SHAPE_AREA": 648.40530006786355, "owner_count": 0, "owners_json": [ ], "top_operator": "", "top_owner": "", "max_propensity_score": 0, "field_name": "Unknown", "production_status": "none", "pdp_well_count": 0, "pud_well_count": 0, "well_count": 0, "permit_count": 0 }, "geometry": { "type": "Polygon", "coordinates": [ [ [ -102.353501893666575, 31.151362403884104 ], [ -102.366554320430183, 31.160947412808309 ], [ -102.355729778790561, 31.171950498503083 ], [ -102.342588573028763, 31.162316494016931 ], [ -102.353501893666575, 31.151362403884104 ] ] ] } },
{ "type": "Feature", "properties": { "ABSTRACT_L": "A-403", "ABSTRACT_N": "103403", "LEVEL1_SUR": "H&TC RR CO", "LEVEL2_BLO": "35", "LEVEL3_SUR": "26", "Surv_Sect": "26", "SHAPE_AREA": 344.88654370900002, "owner_count": 0, "owners_json": [ ], "top_operator": "", "top_owner": "", "max_propensity_score": 0, "field_name": "Unknown", "production_status": "none", "pdp_well_count": 0, "pud_well_count": 0, "well_count": 0, "permit_count": 0 }, "geometry": { "type": "Polygon", "coordinates": [ [ [ -102.335984962349329, 31.157515074899248 ], [ -102.325023699926746, 31.168778705034846 ], [ -102.318105996364039, 31.16372202786917 ], [ -102.329192372812741, 31.152561964055092 ], [ -102.335984962349329, 31.157515074899248 ] ] ] } },
{ "type": "Feature", "properties": { "ABSTRACT_L": "A-404", "ABSTRACT_N": "103404", "LEVEL1_SUR": "H&TC RR CO", "LEVEL2_BLO": "35", "LEVEL3_SUR": "28", "Surv_Sect": "28", "SHAPE_AREA": 677.42994774058957, "owner_count": 0, "owners_json": [ ], "top_operator": "", "top_owner": "", "max_propensity_score": 0, "field_name": "Unknown", "production_status": "none", "pdp_well_count": 0, "pud_well_count": 0, "well_count": 0, "permit_count": 0 }, "geometry": { "type": "Polygon", "coordinates": [ [ [ -102.364642524069936, 31.140128024047215 ], [ -102.353501893666575, 31.151362403884104 ], [ -102.340117865568288, 31.141582632012454 ], [ -102.35123739921417, 31.130351838878749 ], [ -102.364642524069936, 31.140128024047215 ] ] ] } },
{ "type": "Feature", "properties": { "ABSTRACT_L": "A-407", "ABSTRACT_N": "103407", "LEVEL1_SUR": "PSL", "LEVEL2_BLO": "B18", "LEVEL3_SUR": "30", "Surv_Sect": "30", "SHAPE_AREA": 178.59580515600075, "owner_count": 0, "owners_json": [ ], "top_operator": "", "top_owner": "", "max_propensity_score": 0, "field_name": "Unknown", "production_status": "none", "pdp_well_count": 0, "pud_well_count": 0, "well_count": 0, "permit_count": 0 }, "geometry": { "type": "Polygon", "coordinates": [ [ [ -102.750439032155981, 31.551451024432172 ], [ -102.750439151772269, 31.551450994385103 ], [ -102.758042888616501, 31.549554328118038 ], [ -102.759285172675717, 31.553480943867989 ], [ -102.750439177698638, 31.555613802047478 ], [ -102.742802572816203, 31.557454339050523 ], [ -102.741541677324577, 31.553668969381221 ], [ -102.750439032155981, 31.551451024432172 ] ] ] } },
{ "type": "Feature", "properties": { "ABSTRACT_L": "A-408", "ABSTRACT_N": "103408", "LEVEL1_SUR": "PSL", "LEVEL2_BLO": "B17", "LEVEL3_SUR": "27", "Surv_Sect": "27", "SHAPE_AREA": 496.61753971210152, "owner_count": 0, "owners_json": [ ], "top_operator": "", "top_owner": "", "max_propensity_score": 0, "field_name": "Unknown", "production_status": "none", "pdp_well_count": 0, "pud_well_count": 0, "well_count": 0, "permit_count": 0 }, "geometry": { "type": "MultiPolygon", "coordinates": [ [ [ [ -102.738097188378319, 31.543199987014646 ], [ -102.740344157646447, 31.550016389287382 ], [ -102.723590011081143, 31.554132699933547 ], [ -102.721309878447286, 31.54724233203882 ], [ -102.738058079243359, 31.54320964356004 ], [ -102.738097188378319, 31.543199987014646 ] ] ], [ [ [ -102.742802572816203, 31.557454339050523 ], [ -102.726049387468493, 31.561436089645522 ], [ -102.724841663726082, 31.557844817475072 ], [ -102.741541677324577, 31.553668969381221 ], [ -102.742802572816203, 31.557454339050523 ] ] ] ] } },
{ "type": "Feature", "properties": { "ABSTRACT_L": "A-41", "ABSTRACT_N": "10341", "LEVEL1_SUR": "CCSD&RGNG RR CO", "LEVEL2_BLO": "X", "LEVEL3_SUR": "55", "Surv_Sect": "55", "SHAPE_AREA": 626.73139990112668, "owner_count": 0, "owners_json": [ ], "top_operator": "", "top_owner": "", "max_propensity_score": 0, "field_name": "Unknown", "production_status": "none", "pdp_well_count": 0, "pud_well_count": 0, "well_count": 0, "permit_count": 0 }, "geometry": { "type": "Polygon", "coordinates": [ [ [ -102.469407391182685, 31.35365063821261 ], [ -102.468145485140866, 31.34973337808772 ], [ -102.469270403832013, 31.349487023559242 ], [ -102.48009546908871, 31.346890733739958 ], [ -102.481696639038915, 31.351785688317687 ], [ -102.469658892931733, 31.354542095521744 ], [ -102.472644143178982, 31.363898883808101 ], [ -102.45659164112395, 31.367758189933774 ], [ -102.453146296421991, 31.357549300350914 ], [ -102.469407391182685, 31.35365063821261 ] ] ] } },
{ "type": "Feature", "properties": { "ABSTRACT_L": "A-410", "ABSTRACT_N": "103410", "LEVEL1_SUR": "H&TC RR CO", "LEVEL2_BLO": "6", "LEVEL3_SUR": "18", "Surv_Sect": "18", "SHAPE_AREA": 639.94663727351804, "owner_count": 0, "owners_json": [ ], "top_operator": "", "top_owner": "", "max_propensity_score": 0, "field_name": "Unknown", "production_status": "none", "pdp_well_count": 0, "pud_well_count": 0, "well_count": 0, "permit_count": 0 }, "geometry": { "type": "Polygon", "coordinates": [ [ [ -102.418600242580609, 31.188066273837329 ], [ -102.40775632991874, 31.199078193904594 ], [ -102.394838029538491, 31.189602755900239 ], [ -102.405769868946962, 31.178573670933282 ], [ -102.405966393799105, 31.178720057356923 ], [ -102.414884579553103, 31.185329930432466 ], [ -102.418600242580609, 31.188066273837329 ] ] ] } },
{ "type": "Feature", "properties": { "ABSTRACT_L": "A-411", "ABSTRACT_N": "103411", "LEVEL1_SUR": "H&TC RR CO", "LEVEL2_BLO": "31", "LEVEL3_SUR": "2", "Surv_Sect": "2", "SHAPE_AREA": 641.57831027322413, "owner_count": 0, "owners_json": [ ], "top_operator": "", "top_owner": "", "max_propensity_score": 0, "field_name": "Unknown", "production_status": "none", "pdp_well_count": 0, "pud_well_count": 0, "well_count": 0, "permit_count": 0 }, "geometry": { "type": "Polygon", "coordinates": [ [ [ -102.4282731785962, 31.124368617101606 ], [ -102.428275310359695, 31.124433071382015 ], [ -102.428267146207517, 31.124614821391216 ], [ -102.428159708932881, 31.125764193121764 ], [ -102.427769672591026, 31.126007456891461 ], [ -102.427494818363158, 31.126079341551971 ], [ -102.42723259649334, 31.126074291398204 ], [ -102.426970374651219, 31.126069240712571 ], [ -102.426720915608144, 31.126086298660489 ], [ -102.426618462127337, 31.126317975943746 ], [ -102.426695380396779, 31.126543527681672 ], [ -102.426925699964642, 31.126889327435624 ], [ -102.42690664988163, 31.127098796216163 ], [ -102.426804309331644, 31.127538887838309 ], [ -102.426868507759352, 31.127830025454276 ], [ -102.427131003786357, 31.128308666658132 ], [ -102.427380350389825, 31.128522038192589 ], [ -102.427770758771317, 31.128763720987287 ], [ -102.428039417020273, 31.128856352145643 ], [ -102.428672404563883, 31.128998543528994 ], [ -102.429561477348187, 31.129100838083378 ], [ -102.429849158958532, 31.129155275386676 ], [ -102.430060328691283, 31.129407879925367 ], [ -102.429868582476189, 31.129650173568653 ], [ -102.429747334801561, 31.129677903544078 ], [ -102.429203654381254, 31.129745213893454 ], [ -102.428769040403864, 31.129855871995531 ], [ -102.428359614337609, 31.130170351487717 ], [ -102.428097678701874, 31.130451105535116 ], [ -102.427797491172612, 31.130737392441841 ], [ -102.427509714721666, 31.13082052533538 ], [ -102.427349957138006, 31.13117296060414 ], [ -102.427299155984187, 31.131595575734551 ], [ -102.42747204543673, 31.131930759034905 ], [ -102.427587623199216, 31.132260834416673 ], [ -102.427517342585347, 31.132562751112733 ], [ -102.427428267388251, 31.132848511890398 ], [ -102.427257806539757, 31.133049673099684 ], [ -102.426955303399481, 31.133212329980392 ], [ -102.426591715062244, 31.133419832766652 ], [ -102.426051790483967, 31.13352515969552 ], [ -102.425619980516473, 31.133755091735306 ], [ -102.42543797569401, 31.133973622341742 ], [ -102.425405991434147, 31.13412289741791 ], [ -102.425370488943983, 31.134242226960058 ], [ -102.425402800054542, 31.13461581900718 ], [ -102.425543672414818, 31.134824350422218 ], [ -102.425825170508546, 31.134933942062432 ], [ -102.426112988174367, 31.134977379523033 ], [ -102.426413818016925, 31.135092110031 ], [ -102.426453127647349, 31.135136145339974 ], [ -102.409367486131529, 31.152119873387889 ], [ -102.402728889781699, 31.147308010771166 ], [ -102.405066574216747, 31.14495196335152 ], [ -102.42727312106571, 31.122848188913192 ], [ -102.427352883445863, 31.122972852680764 ], [ -102.427390583932194, 31.123056064401933 ], [ -102.427483949220573, 31.123409256926077 ], [ -102.427610486887204, 31.123542390232217 ], [ -102.427731153025931, 31.123680448753412 ], [ -102.427928100751629, 31.123830831756639 ], [ -102.428087051998745, 31.123980552452071 ], [ -102.428179742837671, 31.124091509696626 ], [ -102.428229512150807, 31.124239107407401 ], [ -102.4282731785962, 31.124368617101606 ] ] ] } },
{ "type": "Feature", "properties": { "ABSTRACT_L": "A-412", "ABSTRACT_N": "103412", "LEVEL1_SUR": "H&TC RR CO", "LEVEL2_BLO": "31", "LEVEL3_SUR": "4", "Surv_Sect": "4", "SHAPE_AREA": 656.11215472339177, "owner_count": 0, "owners_json": [ ], "top_operator": "", "top_owner": "", "max_propensity_score": 0, "field_name": "Unknown", "production_status": "none", "pdp_well_count": 0, "pud_well_count": 0, "well_count": 0, "permit_count": 0 }, "geometry": { "type": "Polygon", "coordinates": [ [ [ -102.421716172858311, 31.117208811652365 ], [ -102.399430134368373, 31.139271096376195 ], [ -102.3931269504331, 31.134241355832192 ], [ -102.395861140165678, 31.131532820624518 ], [ -102.415790865130234, 31.111805456242926 ], [ -102.41580184274639, 31.111814667947357 ], [ -102.416001231089353, 31.111834837498598 ], [ -102.416273215356881, 31.111775975768975 ], [ -102.416579136382182, 31.111514810339902 ], [ -102.416622283743934, 31.111359371278905 ], [ -102.416922818961794, 31.111161066595148 ], [ -102.417036345418367, 31.111184202076185 ], [ -102.417163348271117, 31.111289821988663 ], [ -102.417258752184907, 31.111394657024668 ], [ -102.417385458752022, 31.111582826222435 ], [ -102.417460702486011, 31.111775397192069 ], [ -102.417540965674362, 31.112150158789646 ], [ -102.417524229149308, 31.112217418272738 ], [ -102.417354639481573, 31.112698612634492 ], [ -102.417360637504274, 31.112768671526421 ], [ -102.417317957400385, 31.11283050915349 ], [ -102.417309808104392, 31.113045275793482 ], [ -102.417333283885824, 31.113308977315537 ], [ -102.417459671025711, 31.113563187538972 ], [ -102.417668924183417, 31.113806217530026 ], [ -102.417948952897689, 31.114049986799923 ], [ -102.418209187034407, 31.114348467237797 ], [ -102.418408077133918, 31.114490711209886 ], [ -102.41843521245471, 31.11451981612257 ], [ -102.41848224210527, 31.114587296280284 ], [ -102.418613646378134, 31.114911064842104 ], [ -102.418564726525105, 31.115093005926809 ], [ -102.418631303197941, 31.115253099117908 ], [ -102.418751521614311, 31.115371852020672 ], [ -102.418996369166123, 31.115474824663895 ], [ -102.419360077423661, 31.115642790369158 ], [ -102.419595116739856, 31.115777394722041 ], [ -102.419771118751456, 31.116063670900406 ], [ -102.419807466631411, 31.116361524288177 ], [ -102.419804743613184, 31.116663548434936 ], [ -102.419776415356239, 31.117059601680022 ], [ -102.419882871157483, 31.117363021173261 ], [ -102.42008403893135, 31.117853830433777 ], [ -102.4201333821091, 31.118096417963311 ], [ -102.420227437265424, 31.118205375795466 ], [ -102.420322530210385, 31.118257372595512 ], [ -102.420556333352351, 31.118232833146482 ], [ -102.420755651008662, 31.118081209302588 ], [ -102.421036270457464, 31.117746562038352 ], [ -102.421124530171795, 31.117529799415053 ], [ -102.421133200567098, 31.117491708075949 ], [ -102.421378280799232, 31.117240255837348 ], [ -102.421716172858311, 31.117208811652365 ] ] ] } },
{ "type": "Feature", "properties": { "ABSTRACT_L": "A-413", "ABSTRACT_N": "103413", "LEVEL1_SUR": "H&TC RR CO", "LEVEL2_BLO": "6", "LEVEL3_SUR": "8", "Surv_Sect": "8", "SHAPE_AREA": 599.62736954121624, "owner_count": 0, "owners_json": [ ], "top_operator": "", "top_owner": "", "max_propensity_score": 0, "field_name": "Unknown", "production_status": "none", "pdp_well_count": 0, "pud_well_count": 0, "well_count": 0, "permit_count": 0 }, "geometry": { "type": "Polygon", "coordinates": [ [ [ -102.440726389058725, 31.209019101299955 ], [ -102.440705225672872, 31.209051245081703 ], [ -102.440157517123339, 31.209476937711518 ], [ -102.439997207195759, 31.20957626083614 ], [ -102.439818533257764, 31.209792968693634 ], [ -102.439726511411919, 31.209886917861045 ], [ -102.439705654299402, 31.209988143908454 ], [ -102.439747813010229, 31.210132624055259 ], [ -102.439894749778574, 31.210352718473484 ], [ -102.440054651157894, 31.210330443055017 ], [ -102.44060466033504, 31.210181122475181 ], [ -102.440930878781685, 31.210059408782058 ], [ -102.441576804434277, 31.209827795294807 ], [ -102.441775284704505, 31.209998077220888 ], [ -102.441864443976485, 31.210196567502891 ], [ -102.441879762785163, 31.210249229538352 ], [ -102.433212695086993, 31.218711348131318 ], [ -102.420507176314075, 31.209154623582851 ], [ -102.420948193423328, 31.208714400444119 ], [ -102.431919984547775, 31.197837932607861 ], [ -102.437240162569566, 31.201788944525596 ], [ -102.437127146529676, 31.201971044338123 ], [ -102.436999645790493, 31.202334570750516 ], [ -102.436980609497596, 31.202636898283558 ], [ -102.437057097451529, 31.202856947228636 ], [ -102.437223491492063, 31.203165418521184 ], [ -102.437459780921742, 31.203484259454303 ], [ -102.437734682272662, 31.203935128695271 ], [ -102.437869027061808, 31.204304039649838 ], [ -102.437917493830156, 31.204490223264887 ], [ -102.437918961398097, 31.204691152797984 ], [ -102.437860742990594, 31.20486029996162 ], [ -102.437882053253347, 31.205074887844855 ], [ -102.437996815556573, 31.205195851558518 ], [ -102.438182183649985, 31.205261831819129 ], [ -102.43839964562008, 31.205299692699846 ], [ -102.438894033259771, 31.205405651807695 ], [ -102.440045541355232, 31.206112668455134 ], [ -102.440253458282385, 31.206350184596474 ], [ -102.44045680159924, 31.206667888274211 ], [ -102.44036196110882, 31.207231811201403 ], [ -102.440291753110031, 31.207324161393412 ], [ -102.440164183868177, 31.207467577950922 ], [ -102.440023474892911, 31.207566531534081 ], [ -102.439569442446356, 31.207759438819352 ], [ -102.439313505779921, 31.207952736932398 ], [ -102.439025836277125, 31.208079222852234 ], [ -102.438859480186068, 31.208239189906784 ], [ -102.438734760070872, 31.208430102724211 ], [ -102.438714767326076, 31.208564920967795 ], [ -102.438773300754349, 31.208711706642788 ], [ -102.438889720328007, 31.208847220875274 ], [ -102.439153770075961, 31.209053566255847 ], [ -102.439447613938697, 31.209042523481994 ], [ -102.439901735812782, 31.208992695999893 ], [ -102.440170101479097, 31.208893391760959 ], [ -102.440423458818799, 31.208808686461325 ], [ -102.440722586707267, 31.208956069861628 ], [ -102.440726389058725, 31.209019101299955 ] ] ] } },
{ "type": "Feature", "properties": { "ABSTRACT_L": "A-415", "ABSTRACT_N": "103415", "LEVEL1_SUR": "PSL", "LEVEL2_BLO": "B16", "LEVEL3_SUR": "29", "Surv_Sect": "29", "SHAPE_AREA": 267.28626272201643, "owner_count": 0, "owners_json": [ ], "top_operator": "", "top_owner": "", "max_propensity_score": 0, "field_name": "Unknown", "production_status": "none", "pdp_well_count": 0, "pud_well_count": 0, "well_count": 0, "permit_count": 0 }, "geometry": { "type": "Polygon", "coordinates": [ [ [ -102.613055135436639, 31.647419110200541 ], [ -102.62543605076678, 31.644399879412401 ], [ -102.62930490929287, 31.643456444502888 ], [ -102.631901034342874, 31.651300444563965 ], [ -102.6254359923973, 31.651287470994969 ], [ -102.62319337257486, 31.651282527837981 ], [ -102.614266109813258, 31.651281848674795 ], [ -102.613055135436639, 31.647419110200541 ] ] ] } },
{ "type": "Feature", "properties": { "ABSTRACT_L": "A-416", "ABSTRACT_N": "103416", "LEVEL1_SUR": "PSL", "LEVEL2_BLO": "B16", "LEVEL3_SUR": "28", "Surv_Sect": "28", "SHAPE_AREA": 84.860783722514341, "owner_count": 0, "owners_json": [ ], "top_operator": "", "top_owner": "", "max_propensity_score": 0, "field_name": "Unknown", "production_status": "none", "pdp_well_count": 0, "pud_well_count": 0, "well_count": 0, "permit_count": 0 }, "geometry": { "type": "Polygon", "coordinates": [ [ [ -102.613055135436639, 31.647419110200541 ], [ -102.614266109813258, 31.651281848674795 ], [ -102.597358859959257, 31.651280562414719 ], [ -102.613055135436639, 31.647419110200541 ] ] ] } },
{ "type": "Feature", "properties": { "ABSTRACT_L": "A-42", "ABSTRACT_N": "10342", "LEVEL1_SUR": "CCSD&RGNG RR CO", "LEVEL2_BLO": "X", "LEVEL3_SUR": "57", "Surv_Sect": "57", "SHAPE_AREA": 630.27787444557998, "owner_count": 0, "owners_json": [ ], "top_operator": "", "top_owner": "", "max_propensity_score": 0, "field_name": "Unknown", "production_status": "none", "pdp_well_count": 0, "pud_well_count": 0, "well_count": 0, "permit_count": 0 }, "geometry": { "type": "Polygon", "coordinates": [ [ [ -102.45659164112395, 31.367758189933774 ], [ -102.472644143178982, 31.363898883808101 ], [ -102.474181799242686, 31.368419561884917 ], [ -102.476429214274447, 31.375138738576251 ], [ -102.477329910680155, 31.377832255556982 ], [ -102.461182461442462, 31.381640610113148 ], [ -102.459031969653978, 31.375137057935586 ], [ -102.45659164112395, 31.367758189933774 ] ] ] } },
{ "type": "Feature", "properties": { "ABSTRACT_L": "A-422", "ABSTRACT_N": "103422", "LEVEL1_SUR": "H&TC RR CO", "LEVEL2_BLO": "35", "LEVEL3_SUR": "16", "Surv_Sect": "16", "SHAPE_AREA": 646.48877302704966, "owner_count": 0, "owners_json": [ ], "top_operator": "", "top_owner": "", "max_propensity_score": 0, "field_name": "Unknown", "production_status": "none", "pdp_well_count": 0, "pud_well_count": 0, "well_count": 0, "permit_count": 0 }, "geometry": { "type": "Polygon", "coordinates": [ [ [ -102.384192383200514, 31.142923496833017 ], [ -102.384154985448959, 31.142960952446458 ], [ -102.377540994211898, 31.149584053818291 ], [ -102.364642524069936, 31.140128024047215 ], [ -102.375426850141025, 31.129059430501787 ], [ -102.387930920863724, 31.138093146266019 ], [ -102.388615236136559, 31.138644549404191 ], [ -102.387803113202594, 31.13943028989824 ], [ -102.384192383200514, 31.142923496833017 ] ] ] } },
{ "type": "Feature", "properties": { "ABSTRACT_L": "A-423", "ABSTRACT_N": "103423", "LEVEL1_SUR": "H&TC RR CO", "LEVEL2_BLO": "35", "LEVEL3_SUR": "12", "Surv_Sect": "12", "SHAPE_AREA": 654.42551327319143, "owner_count": 0, "owners_json": [ ], "top_operator": "", "top_owner": "", "max_propensity_score": 0, "field_name": "Unknown", "production_status": "none", "pdp_well_count": 0, "pud_well_count": 0, "well_count": 0, "permit_count": 0 }, "geometry": { "type": "Polygon", "coordinates": [ [ [ -102.375579472818828, 31.15165959803965 ], [ -102.377540994211898, 31.149584053818291 ], [ -102.39053320765683, 31.159231075664412 ], [ -102.387638879705136, 31.162142911977185 ], [ -102.381115094871745, 31.168728304149248 ], [ -102.37948632178103, 31.1703765120537 ], [ -102.37496225046047, 31.167083376940219 ], [ -102.366554320430183, 31.160947412808309 ], [ -102.373613500005604, 31.153715161466206 ], [ -102.375181599637571, 31.152075025430729 ], [ -102.375579472818828, 31.15165959803965 ] ] ] } },
{ "type": "Feature", "properties": { "ABSTRACT_L": "A-424", "ABSTRACT_N": "103424", "LEVEL1_SUR": "H&TC RR CO", "LEVEL2_BLO": "35", "LEVEL3_SUR": "14", "Surv_Sect": "14", "SHAPE_AREA": 334.56954376742033, "owner_count": 0, "owners_json": [ ], "top_operator": "", "top_owner": "", "max_propensity_score": 0, "field_name": "Unknown", "production_status": "none", "pdp_well_count": 0, "pud_well_count": 0, "well_count": 0, "permit_count": 0 }, "geometry": { "type": "Polygon", "coordinates": [ [ [ -102.405066574216747, 31.14495196335152 ], [ -102.402728889781699, 31.147308010771166 ], [ -102.409367486131529, 31.152119873387889 ], [ -102.404101616914701, 31.157358942400297 ], [ -102.392278785683715, 31.148721352548559 ], [ -102.400067750755824, 31.141129553300502 ], [ -102.405066574216747, 31.14495196335152 ] ] ] } },
{ "type": "Feature", "properties": { "ABSTRACT_L": "A-425", "ABSTRACT_N": "103425", "LEVEL1_SUR": "CCSD&RGNG RR CO", "LEVEL2_BLO": "X", "LEVEL3_SUR": "68", "Surv_Sect": "68", "SHAPE_AREA": 668.62443979752845, "owner_count": 0, "owners_json": [ ], "top_operator": "", "top_owner": "", "max_propensity_score": 0, "field_name": "Unknown", "production_status": "none", "pdp_well_count": 0, "pud_well_count": 0, "well_count": 0, "permit_count": 0 }, "geometry": { "type": "Polygon", "coordinates": [ [ [ -102.535596431756559, 31.375137937999373 ], [ -102.538821852544714, 31.377418969947147 ], [ -102.539637545400765, 31.378012912823806 ], [ -102.531757395167475, 31.379875798955617 ], [ -102.517697984801245, 31.383198104613932 ], [ -102.514904433838609, 31.375138717669945 ], [ -102.514448676328684, 31.3738234572061 ], [ -102.51261209582367, 31.368522820192403 ], [ -102.522720851448113, 31.3659595932819 ], [ -102.528182260458323, 31.369885069458718 ], [ -102.528937257713125, 31.370427697440316 ], [ -102.535596431756559, 31.375137937999373 ] ] ] } },
{ "type": "Feature", "properties": { "ABSTRACT_L": "A-426", "ABSTRACT_N": "103426", "LEVEL1_SUR": "CCSD&RGNG RR CO", "LEVEL2_BLO": "X", "LEVEL3_SUR": "66", "Surv_Sect": "66", "SHAPE_AREA": 640.4026662726219, "owner_count": 0, "owners_json": [ ], "top_operator": "", "top_owner": "", "max_propensity_score": 0, "field_name": "Unknown", "production_status": "none", "pdp_well_count": 0, "pud_well_count": 0, "well_count": 0, "permit_count": 0 }, "geometry": { "type": "Polygon", "coordinates": [ [ [ -102.515501240228858, 31.383717046469709 ], [ -102.520007842350054, 31.397652230983073 ], [ -102.511537863927487, 31.399647599465364 ], [ -102.503672089908832, 31.401608041827046 ], [ -102.500431404399492, 31.391569185752619 ], [ -102.499143792482158, 31.38757985280062 ], [ -102.500431382330092, 31.387275872234699 ], [ -102.515501240228858, 31.383717046469709 ] ] ] } },
{ "type": "Feature", "properties": { "ABSTRACT_L": "A-43", "ABSTRACT_N": "10343", "LEVEL1_SUR": "CCSD&RGNG RR CO", "LEVEL2_BLO": "X", "LEVEL3_SUR": "59", "Surv_Sect": "59", "SHAPE_AREA": 637.57541561186588, "owner_count": 0, "owners_json": [ ], "top_operator": "", "top_owner": "", "max_propensity_score": 0, "field_name": "Unknown", "production_status": "none", "pdp_well_count": 0, "pud_well_count": 0, "well_count": 0, "permit_count": 0 }, "geometry": { "type": "Polygon", "coordinates": [ [ [ -102.486342267250379, 31.405744520438624 ], [ -102.479153176409568, 31.407453738246495 ], [ -102.470217896077031, 31.409577471126113 ], [ -102.465645905684752, 31.395482934771298 ], [ -102.481798268824704, 31.391673387378702 ], [ -102.486342267250379, 31.405744520438624 ] ] ] } },
{ "type": "Feature", "properties": { "ABSTRACT_L": "A-431", "ABSTRACT_N": "103431", "LEVEL1_SUR": "H&TC RR CO", "LEVEL2_BLO": "4", "LEVEL3_SUR": "28", "Surv_Sect": "28", "SHAPE_AREA": 99.171947347974097, "owner_count": 0, "owners_json": [ ], "top_operator": "", "top_owner": "", "max_propensity_score": 0, "field_name": "Unknown", "production_status": "none", "pdp_well_count": 0, "pud_well_count": 0, "well_count": 0, "permit_count": 0 }, "geometry": { "type": "Polygon", "coordinates": [ [ [ -102.767482887580172, 31.367605355336813 ], [ -102.760864785946083, 31.362581159744661 ], [ -102.767466816278684, 31.356095753204336 ], [ -102.767482887580172, 31.367605355336813 ] ] ] } },
{ "type": "Feature", "properties": { "ABSTRACT_L": "A-438", "ABSTRACT_N": "103438", "LEVEL1_SUR": "H&TC RR CO", "LEVEL2_BLO": "1", "LEVEL3_SUR": "30", "Surv_Sect": "30", "SHAPE_AREA": 665.19978175997312, "owner_count": 0, "owners_json": [ ], "top_operator": "", "top_owner": "", "max_propensity_score": 0, "field_name": "Unknown", "production_status": "none", "pdp_well_count": 0, "pud_well_count": 0, "well_count": 0, "permit_count": 0 }, "geometry": { "type": "Polygon", "coordinates": [ [ [ -102.750437955956571, 31.294079243699787 ], [ -102.756249485262899, 31.288201394148309 ], [ -102.7562577471992, 31.288349712885523 ], [ -102.756047406283855, 31.288941647154672 ], [ -102.755591764459211, 31.289596590838492 ], [ -102.755032644034401, 31.290109270875416 ], [ -102.754870647218524, 31.290324587082104 ], [ -102.754868299833774, 31.290575028412565 ], [ -102.75530750986951, 31.290719763739272 ], [ -102.755703002787115, 31.290711347808582 ], [ -102.756322532708111, 31.290582603619356 ], [ -102.756801327983325, 31.290379795401712 ], [ -102.757290961869614, 31.290205652779697 ], [ -102.75746131436496, 31.290279061939046 ], [ -102.7574560562269, 31.29044289145542 ], [ -102.757175575856721, 31.290660733647343 ], [ -102.756302405725563, 31.290910460136853 ], [ -102.755801199968545, 31.29101744583442 ], [ -102.755446490164744, 31.291410191082157 ], [ -102.755473642142704, 31.291669635107645 ], [ -102.755575342425857, 31.291778998308541 ], [ -102.755749811935004, 31.291855954163484 ], [ -102.755969860916579, 31.291884881289306 ], [ -102.756121721695379, 31.291848472301904 ], [ -102.756552686956653, 31.291694835416411 ], [ -102.757197973329824, 31.29177740857391 ], [ -102.757540653976562, 31.291991611746059 ], [ -102.757925489254902, 31.292291583317724 ], [ -102.758249581648101, 31.292554339632119 ], [ -102.758611324903825, 31.292748866238952 ], [ -102.759309052510432, 31.292926630052136 ], [ -102.759741470901218, 31.293167799776178 ], [ -102.759843694580354, 31.293281186476133 ], [ -102.759832351628518, 31.29357997191811 ], [ -102.760056282200637, 31.293787068948941 ], [ -102.760366999497094, 31.293934533000325 ], [ -102.76057369237968, 31.294238307900098 ], [ -102.760978454630433, 31.29454747627199 ], [ -102.761010299360962, 31.29455364867767 ], [ -102.750438008909668, 31.305459734990144 ], [ -102.750437931021224, 31.30545981231165 ], [ -102.741941332783114, 31.314222681045248 ], [ -102.738962979689617, 31.317204386003741 ], [ -102.732326009431077, 31.312298960447269 ], [ -102.735596308400133, 31.308976921852004 ], [ -102.750437776973087, 31.294079426351971 ], [ -102.750437955956571, 31.294079243699787 ] ] ] } },
{ "type": "Feature", "properties": { "ABSTRACT_L": "A-44", "ABSTRACT_N": "10344", "LEVEL1_SUR": "CCSD&RGNG RR CO", "LEVEL2_BLO": "X", "LEVEL3_SUR": "61", "Surv_Sect": "61", "SHAPE_AREA": 673.45203584657156, "owner_count": 0, "owners_json": [ ], "top_operator": "", "top_owner": "", "max_propensity_score": 0, "field_name": "Unknown", "production_status": "none", "pdp_well_count": 0, "pud_well_count": 0, "well_count": 0, "permit_count": 0 }, "geometry": { "type": "Polygon", "coordinates": [ [ [ -102.499143282467372, 31.387579972686666 ], [ -102.481798268824704, 31.391673387378702 ], [ -102.477329910680155, 31.377832255556982 ], [ -102.494654975592212, 31.373743580227909 ], [ -102.495119197498695, 31.375137967002615 ], [ -102.495746076358486, 31.377020884767017 ], [ -102.499143282467372, 31.387579972686666 ] ] ] } },
{ "type": "Feature", "properties": { "ABSTRACT_L": "A-447", "ABSTRACT_N": "103447", "LEVEL1_SUR": "BATES, W A", "LEVEL2_BLO": null, "LEVEL3_SUR": "40", "Surv_Sect": "40", "SHAPE_AREA": 60.503354066060652, "owner_count": 0, "owners_json": [ ], "top_operator": "", "top_owner": "", "max_propensity_score": 0, "field_name": "Unknown", "production_status": "none", "pdp_well_count": 0, "pud_well_count": 0, "well_count": 0, "permit_count": 0 }, "geometry": { "type": "Polygon", "coordinates": [ [ [ -102.359781553132947, 31.397226473231896 ], [ -102.36073251960552, 31.400108292908527 ], [ -102.353249652482518, 31.401877881900855 ], [ -102.352305792098107, 31.398999322665286 ], [ -102.359781553132947, 31.397226473231896 ] ] ] } },
{ "type": "Feature", "properties": { "ABSTRACT_L": "A-45", "ABSTRACT_N": "10345", "LEVEL1_SUR": "CCSD&RGNG RR CO", "LEVEL2_BLO": "X", "LEVEL3_SUR": "63", "Surv_Sect": "63", "SHAPE_AREA": 631.09758647900026, "owner_count": 0, "owners_json": [ ], "top_operator": "", "top_owner": "", "max_propensity_score": 0, "field_name": "Unknown", "production_status": "none", "pdp_well_count": 0, "pud_well_count": 0, "well_count": 0, "permit_count": 0 }, "geometry": { "type": "Polygon", "coordinates": [ [ [ -102.502641752998827, 31.351672452082187 ], [ -102.506973239795258, 31.354759671866329 ], [ -102.500431244643408, 31.356184003581721 ], [ -102.500431204766684, 31.35618401122958 ], [ -102.495388545609245, 31.357281331805485 ], [ -102.48441389204018, 31.359981481543112 ], [ -102.481696639038915, 31.351785688317687 ], [ -102.48009546908871, 31.346890733739958 ], [ -102.49209077162692, 31.344075677292469 ], [ -102.500431188429488, 31.35008081032526 ], [ -102.500431213002443, 31.350080830486306 ], [ -102.502641752998827, 31.351672452082187 ] ] ] } },
{ "type": "Feature", "properties": { "ABSTRACT_L": "A-452", "ABSTRACT_N": "103452", "LEVEL1_SUR": "PSL", "LEVEL2_BLO": "B18", "LEVEL3_SUR": "21", "Surv_Sect": "21", "SHAPE_AREA": 630.6918661050704, "owner_count": 0, "owners_json": [ ], "top_operator": "", "top_owner": "", "max_propensity_score": 0, "field_name": "Unknown", "production_status": "none", "pdp_well_count": 0, "pud_well_count": 0, "well_count": 0, "permit_count": 0 }, "geometry": { "type": "Polygon", "coordinates": [ [ [ -102.750439177698638, 31.555613802047478 ], [ -102.759285172675717, 31.553480943867989 ], [ -102.763523757000343, 31.567300934631671 ], [ -102.75043924761151, 31.570473743915322 ], [ -102.750439072165705, 31.570473788900625 ], [ -102.747365519447015, 31.571219092252534 ], [ -102.742802572816203, 31.557454339050523 ], [ -102.750439177698638, 31.555613802047478 ] ] ] } },
{ "type": "Feature", "properties": { "ABSTRACT_L": "A-456", "ABSTRACT_N": "103456", "LEVEL1_SUR": "PSL", "LEVEL2_BLO": "B17", "LEVEL3_SUR": "18", "Surv_Sect": "18", "SHAPE_AREA": 649.98349974860287, "owner_count": 0, "owners_json": [ ], "top_operator": "", "top_owner": "", "max_propensity_score": 0, "field_name": "Unknown", "production_status": "none", "pdp_well_count": 0, "pud_well_count": 0, "well_count": 0, "permit_count": 0 }, "geometry": { "type": "Polygon", "coordinates": [ [ [ -102.747365519447015, 31.571219092252534 ], [ -102.730487319041814, 31.575248029334244 ], [ -102.726049387468493, 31.561436089645522 ], [ -102.742802572816203, 31.557454339050523 ], [ -102.747365519447015, 31.571219092252534 ] ] ] } },
{ "type": "Feature", "properties": { "ABSTRACT_L": "A-458", "ABSTRACT_N": "103458", "LEVEL1_SUR": "PSL", "LEVEL2_BLO": "B20", "LEVEL3_SUR": "13", "Surv_Sect": "13", "SHAPE_AREA": 171.55481476720473, "owner_count": 0, "owners_json": [ ], "top_operator": "", "top_owner": "", "max_propensity_score": 0, "field_name": "Unknown", "production_status": "none", "pdp_well_count": 0, "pud_well_count": 0, "well_count": 0, "permit_count": 0 }, "geometry": { "type": "Polygon", "coordinates": [ [ [ -102.767377651546383, 31.498701367835103 ], [ -102.761164607617147, 31.500132818152039 ], [ -102.761160125770772, 31.500133848980727 ], [ -102.759995805526557, 31.500402127589737 ], [ -102.759909361555657, 31.500133627233943 ], [ -102.759909237883051, 31.500133237789612 ], [ -102.759909106187408, 31.500132848515911 ], [ -102.757675865682486, 31.493223494607264 ], [ -102.767396362164206, 31.490994105553913 ], [ -102.767382932348426, 31.496527108830101 ], [ -102.767377651546383, 31.498701367835103 ] ] ] } },
{ "type": "Feature", "properties": { "ABSTRACT_L": "A-459", "ABSTRACT_N": "103459", "LEVEL1_SUR": "PSL", "LEVEL2_BLO": "B20", "LEVEL3_SUR": "23", "Surv_Sect": "23", "SHAPE_AREA": 152.97204610786048, "owner_count": 0, "owners_json": [ ], "top_operator": "", "top_owner": "", "max_propensity_score": 0, "field_name": "Unknown", "production_status": "none", "pdp_well_count": 0, "pud_well_count": 0, "well_count": 0, "permit_count": 0 }, "geometry": { "type": "Polygon", "coordinates": [ [ [ -102.753189170854938, 31.47910361226208 ], [ -102.752040732076466, 31.475438330815386 ], [ -102.767442754934294, 31.471880563483762 ], [ -102.767433041494115, 31.475882442379952 ], [ -102.753189170854938, 31.47910361226208 ] ] ] } },
{ "type": "Feature", "properties": { "ABSTRACT_L": "A-46", "ABSTRACT_N": "10346", "LEVEL1_SUR": "CCSD&RGNG RR CO", "LEVEL2_BLO": "X", "LEVEL3_SUR": "65", "Surv_Sect": "65", "SHAPE_AREA": 695.28996848462532, "owner_count": 0, "owners_json": [ ], "top_operator": "", "top_owner": "", "max_propensity_score": 0, "field_name": "Unknown", "production_status": "none", "pdp_well_count": 0, "pud_well_count": 0, "well_count": 0, "permit_count": 0 }, "geometry": { "type": "Polygon", "coordinates": [ [ [ -102.51261209582367, 31.368522820192403 ], [ -102.514448676328684, 31.3738234572061 ], [ -102.514904433838609, 31.375138717669945 ], [ -102.517697984801245, 31.383198104613932 ], [ -102.515501240228858, 31.383717046469709 ], [ -102.500431382330092, 31.387275872234699 ], [ -102.499143792482158, 31.38757985280062 ], [ -102.499143282467372, 31.387579972686666 ], [ -102.495746076358486, 31.377020884767017 ], [ -102.500431330186203, 31.375814928659025 ], [ -102.500431369890933, 31.375814914136331 ], [ -102.501295793487245, 31.375592565282929 ], [ -102.501153987751934, 31.375137195822809 ], [ -102.500431467973243, 31.372820766516355 ], [ -102.500431319144468, 31.372820287901792 ], [ -102.500024974193195, 31.371518264916382 ], [ -102.500431303351846, 31.371421688644382 ], [ -102.50840420604294, 31.369524396868357 ], [ -102.51261209582367, 31.368522820192403 ] ] ] } },
{ "type": "Feature", "properties": { "ABSTRACT_L": "A-461", "ABSTRACT_N": "103461", "LEVEL1_SUR": "PSL", "LEVEL2_BLO": "B20", "LEVEL3_SUR": "18", "Surv_Sect": "18", "SHAPE_AREA": 471.70984672908514, "owner_count": 0, "owners_json": [ ], "top_operator": "", "top_owner": "", "max_propensity_score": 0, "field_name": "Unknown", "production_status": "none", "pdp_well_count": 0, "pud_well_count": 0, "well_count": 0, "permit_count": 0 }, "geometry": { "type": "Polygon", "coordinates": [ [ [ -102.757675865682486, 31.493223494607264 ], [ -102.753189170854938, 31.47910361226208 ], [ -102.767433041494115, 31.475882442379952 ], [ -102.767396362164206, 31.490994105553913 ], [ -102.757675865682486, 31.493223494607264 ] ] ] } },
{ "type": "Feature", "properties": { "ABSTRACT_L": "A-462", "ABSTRACT_N": "103462", "LEVEL1_SUR": "H&TC RR CO", "LEVEL2_BLO": "6", "LEVEL3_SUR": "14", "Surv_Sect": "14", "SHAPE_AREA": 642.84326174070986, "owner_count": 0, "owners_json": [ ], "top_operator": "", "top_owner": "", "max_propensity_score": 0, "field_name": "Unknown", "production_status": "none", "pdp_well_count": 0, "pud_well_count": 0, "well_count": 0, "permit_count": 0 }, "geometry": { "type": "Polygon", "coordinates": [ [ [ -102.386530959939321, 31.220479066272777 ], [ -102.399301455289191, 31.229992464790726 ], [ -102.388053741460126, 31.240996919307044 ], [ -102.375426756061884, 31.231763192426765 ], [ -102.386530959939321, 31.220479066272777 ] ] ] } },
{ "type": "Feature", "properties": { "ABSTRACT_L": "A-463", "ABSTRACT_N": "103463", "LEVEL1_SUR": "H&TC RR CO", "LEVEL2_BLO": "6", "LEVEL3_SUR": "12", "Surv_Sect": "12", "SHAPE_AREA": 663.67635609452361, "owner_count": 0, "owners_json": [ ], "top_operator": "", "top_owner": "", "max_propensity_score": 0, "field_name": "Unknown", "production_status": "none", "pdp_well_count": 0, "pud_well_count": 0, "well_count": 0, "permit_count": 0 }, "geometry": { "type": "Polygon", "coordinates": [ [ [ -102.378853487461356, 31.250141079813265 ], [ -102.388053741460126, 31.240996919307044 ], [ -102.400789097511193, 31.250141064495363 ], [ -102.400791494687439, 31.25014278779361 ], [ -102.401347139049236, 31.250541060322028 ], [ -102.390279794054337, 31.261785078294544 ], [ -102.377030838987125, 31.25195217136827 ], [ -102.378853261033171, 31.250141310962174 ], [ -102.378853487461356, 31.250141079813265 ] ] ] } },
{ "type": "Feature", "properties": { "ABSTRACT_L": "A-464", "ABSTRACT_N": "103464", "LEVEL1_SUR": "H&TC RR CO", "LEVEL2_BLO": "6", "LEVEL3_SUR": "3", "Surv_Sect": "3", "SHAPE_AREA": 641.48812886279165, "owner_count": 0, "owners_json": [ ], "top_operator": "", "top_owner": "", "max_propensity_score": 0, "field_name": "Unknown", "production_status": "none", "pdp_well_count": 0, "pud_well_count": 0, "well_count": 0, "permit_count": 0 }, "geometry": { "type": "Polygon", "coordinates": [ [ [ -102.424075059765144, 31.250140864856188 ], [ -102.424074427603315, 31.250141509514492 ], [ -102.414206566443667, 31.260217834086514 ], [ -102.401347139049236, 31.250541060322028 ], [ -102.401746240959909, 31.2501422722864 ], [ -102.40174746712718, 31.25014104580746 ], [ -102.412255533428947, 31.239636026790716 ], [ -102.425096366332596, 31.249098162222161 ], [ -102.424075059765144, 31.250140864856188 ] ] ] } },
{ "type": "Feature", "properties": { "ABSTRACT_L": "A-465", "ABSTRACT_N": "103465", "LEVEL1_SUR": "H&TC RR CO", "LEVEL2_BLO": "6", "LEVEL3_SUR": "20", "Surv_Sect": "20", "SHAPE_AREA": 632.70366350842437, "owner_count": 0, "owners_json": [ ], "top_operator": "", "top_owner": "", "max_propensity_score": 0, "field_name": "Unknown", "production_status": "none", "pdp_well_count": 0, "pud_well_count": 0, "well_count": 0, "permit_count": 0 }, "geometry": { "type": "Polygon", "coordinates": [ [ [ -102.397312938674375, 31.209613286522274 ], [ -102.386530959939321, 31.220479066272777 ], [ -102.37359590250945, 31.211051377695835 ], [ -102.384329622782147, 31.200176537867534 ], [ -102.397312938674375, 31.209613286522274 ] ] ] } },
{ "type": "Feature", "properties": { "ABSTRACT_L": "A-466", "ABSTRACT_N": "103466", "LEVEL1_SUR": "PSL", "LEVEL2_BLO": "B24", "LEVEL3_SUR": "12", "Surv_Sect": "12", "SHAPE_AREA": 679.49153473798708, "owner_count": 0, "owners_json": [ ], "top_operator": "", "top_owner": "", "max_propensity_score": 0, "field_name": "Unknown", "production_status": "none", "pdp_well_count": 0, "pud_well_count": 0, "well_count": 0, "permit_count": 0 }, "geometry": { "type": "Polygon", "coordinates": [ [ [ -102.437421319040496, 31.537889764500949 ], [ -102.43748524158066, 31.538091175153649 ], [ -102.442088830339756, 31.552593469688698 ], [ -102.425597948556771, 31.556507243806717 ], [ -102.420937609647382, 31.541677538428409 ], [ -102.433670206663294, 31.538781656582987 ], [ -102.437421319040496, 31.537889764500949 ] ] ] } },
{ "type": "Feature", "properties": { "ABSTRACT_L": "A-47", "ABSTRACT_N": "10347", "LEVEL1_SUR": "CCSD&RGNG RR CO", "LEVEL2_BLO": "X", "LEVEL3_SUR": "67", "Surv_Sect": "67", "SHAPE_AREA": 632.71657396268506, "owner_count": 0, "owners_json": [ ], "top_operator": "", "top_owner": "", "max_propensity_score": 0, "field_name": "Unknown", "production_status": "none", "pdp_well_count": 0, "pud_well_count": 0, "well_count": 0, "permit_count": 0 }, "geometry": { "type": "Polygon", "coordinates": [ [ [ -102.531757395167475, 31.379875798955617 ], [ -102.536257408819026, 31.393669859184861 ], [ -102.527653852520118, 31.395759008980601 ], [ -102.520007842350054, 31.397652230983073 ], [ -102.515501240228858, 31.383717046469709 ], [ -102.517697984801245, 31.383198104613932 ], [ -102.531757395167475, 31.379875798955617 ] ] ] } },
{ "type": "Feature", "properties": { "ABSTRACT_L": "A-472", "ABSTRACT_N": "103472", "LEVEL1_SUR": "CCSD&RGNG RR CO", "LEVEL2_BLO": "X", "LEVEL3_SUR": "46", "Surv_Sect": "46", "SHAPE_AREA": 632.83725790159485, "owner_count": 0, "owners_json": [ ], "top_operator": "", "top_owner": "", "max_propensity_score": 0, "field_name": "Unknown", "production_status": "none", "pdp_well_count": 0, "pud_well_count": 0, "well_count": 0, "permit_count": 0 }, "geometry": { "type": "Polygon", "coordinates": [ [ [ -102.45659164112395, 31.367758189933774 ], [ -102.459031969653978, 31.375137057935586 ], [ -102.461182461442462, 31.381640610113148 ], [ -102.461175791507173, 31.381642188078345 ], [ -102.444893154791288, 31.385480078335664 ], [ -102.441514618196365, 31.37513874420079 ], [ -102.440375189556121, 31.371650206796026 ], [ -102.45659164112395, 31.367758189933774 ] ] ] } },
{ "type": "Feature", "properties": { "ABSTRACT_L": "A-473", "ABSTRACT_N": "103473", "LEVEL1_SUR": "CCSD&RGNG RR CO", "LEVEL2_BLO": "X", "LEVEL3_SUR": "26", "Surv_Sect": "26", "SHAPE_AREA": 637.98987617725891, "owner_count": 0, "owners_json": [ ], "top_operator": "", "top_owner": "", "max_propensity_score": 0, "field_name": "Unknown", "production_status": "none", "pdp_well_count": 0, "pud_well_count": 0, "well_count": 0, "permit_count": 0 }, "geometry": { "type": "Polygon", "coordinates": [ [ [ -102.416335379591743, 31.407104942274263 ], [ -102.399874773556718, 31.410971154125445 ], [ -102.395427753390678, 31.39712484214402 ], [ -102.41184473139819, 31.393262495661862 ], [ -102.416335379591743, 31.407104942274263 ] ] ] } },
{ "type": "Feature", "properties": { "ABSTRACT_L": "A-474", "ABSTRACT_N": "103474", "LEVEL1_SUR": "CCSD&RGNG RR CO", "LEVEL2_BLO": "X", "LEVEL3_SUR": "62", "Surv_Sect": "62", "SHAPE_AREA": 658.77731318336009, "owner_count": 0, "owners_json": [ ], "top_operator": "", "top_owner": "", "max_propensity_score": 0, "field_name": "Unknown", "production_status": "none", "pdp_well_count": 0, "pud_well_count": 0, "well_count": 0, "permit_count": 0 }, "geometry": { "type": "Polygon", "coordinates": [ [ [ -102.500431319144468, 31.372820287901792 ], [ -102.500431467973243, 31.372820766516355 ], [ -102.501153987751934, 31.375137195822809 ], [ -102.501295793487245, 31.375592565282929 ], [ -102.500431369890933, 31.375814914136331 ], [ -102.500431330186203, 31.375814928659025 ], [ -102.495746076358486, 31.377020884767017 ], [ -102.495119197498695, 31.375137967002615 ], [ -102.494654975592212, 31.373743580227909 ], [ -102.477329910680155, 31.377832255556982 ], [ -102.476429214274447, 31.375138738576251 ], [ -102.474181799242686, 31.368419561884917 ], [ -102.497221949976804, 31.363019044462888 ], [ -102.500024974193195, 31.371518264916382 ], [ -102.500431319144468, 31.372820287901792 ] ] ] } },
{ "type": "Feature", "properties": { "ABSTRACT_L": "A-475", "ABSTRACT_N": "103475", "LEVEL1_SUR": "CCSD&RGNG RR CO", "LEVEL2_BLO": "X", "LEVEL3_SUR": "42", "Surv_Sect": "42", "SHAPE_AREA": 646.71480063877118, "owner_count": 0, "owners_json": [ ], "top_operator": "", "top_owner": "", "max_propensity_score": 0, "field_name": "Unknown", "production_status": "none", "pdp_well_count": 0, "pud_well_count": 0, "well_count": 0, "permit_count": 0 }, "geometry": { "type": "Polygon", "coordinates": [ [ [ -102.428212047835046, 31.389409447520617 ], [ -102.444891082625062, 31.385480564505961 ], [ -102.44938239233548, 31.399316354013699 ], [ -102.449379467045375, 31.399317042079197 ], [ -102.432734523485607, 31.40323793034262 ], [ -102.432734467728295, 31.403237945145264 ], [ -102.428212047835046, 31.389409447520617 ] ] ] } },
{ "type": "Feature", "properties": { "ABSTRACT_L": "A-48", "ABSTRACT_N": "10348", "LEVEL1_SUR": "CCSD&RGNG RR CO", "LEVEL2_BLO": "X", "LEVEL3_SUR": "69", "Surv_Sect": "69", "SHAPE_AREA": 682.55551090442498, "owner_count": 0, "owners_json": [ ], "top_operator": "", "top_owner": "", "max_propensity_score": 0, "field_name": "Unknown", "production_status": "none", "pdp_well_count": 0, "pud_well_count": 0, "well_count": 0, "permit_count": 0 }, "geometry": { "type": "Polygon", "coordinates": [ [ [ -102.532102874389693, 31.367279555996955 ], [ -102.538768472258411, 31.360574756234207 ], [ -102.554218409933029, 31.372080074660399 ], [ -102.551236543661986, 31.375137804196829 ], [ -102.547754267019585, 31.378708810438717 ], [ -102.544709433725288, 31.381705701278982 ], [ -102.539637545400765, 31.378012912823806 ], [ -102.538821852544714, 31.377418969947147 ], [ -102.535596431756559, 31.375137937999373 ], [ -102.528937257713125, 31.370427697440316 ], [ -102.532102874389693, 31.367279555996955 ] ] ] } },
{ "type": "Feature", "properties": { "ABSTRACT_L": "A-49", "ABSTRACT_N": "10349", "LEVEL1_SUR": "CCSD&RGNG RR CO", "LEVEL2_BLO": "X", "LEVEL3_SUR": "71", "Surv_Sect": "71", "SHAPE_AREA": 693.80753010538103, "owner_count": 0, "owners_json": [ ], "top_operator": "", "top_owner": "", "max_propensity_score": 0, "field_name": "Unknown", "production_status": "none", "pdp_well_count": 0, "pud_well_count": 0, "well_count": 0, "permit_count": 0 }, "geometry": { "type": "Polygon", "coordinates": [ [ [ -102.561921499639453, 31.364365868763191 ], [ -102.57264611995096, 31.372665518541922 ], [ -102.570115649298913, 31.375138324484151 ], [ -102.558432554499177, 31.386553100230099 ], [ -102.547754267019585, 31.378708810438717 ], [ -102.551236543661986, 31.375137804196829 ], [ -102.554218409933029, 31.372080074660399 ], [ -102.561921499639453, 31.364365868763191 ] ] ] } },
{ "type": "Feature", "properties": { "ABSTRACT_L": "A-498", "ABSTRACT_N": "103498", "LEVEL1_SUR": "T&P RR CO", "LEVEL2_BLO": "43 T4S", "LEVEL3_SUR": "8", "Surv_Sect": "8", "SHAPE_AREA": 647.05934611788507, "owner_count": 0, "owners_json": [ ], "top_operator": "", "top_owner": "", "max_propensity_score": 0, "field_name": "Unknown", "production_status": "none", "pdp_well_count": 0, "pud_well_count": 0, "well_count": 0, "permit_count": 0 }, "geometry": { "type": "Polygon", "coordinates": [ [ [ -102.450209894120832, 31.641138427926851 ], [ -102.433764540578892, 31.644905487184616 ], [ -102.429296725642629, 31.630887690889253 ], [ -102.445858765545864, 31.627026090690233 ], [ -102.450209894120832, 31.641138427926851 ] ] ] } },
{ "type": "Feature", "properties": { "ABSTRACT_L": "A-499", "ABSTRACT_N": "103499", "LEVEL1_SUR": "T&P RR CO", "LEVEL2_BLO": "43 T4S", "LEVEL3_SUR": "16", "Surv_Sect": "16", "SHAPE_AREA": 668.73656966753003, "owner_count": 0, "owners_json": [ ], "top_operator": "", "top_owner": "", "max_propensity_score": 0, "field_name": "Unknown", "production_status": "none", "pdp_well_count": 0, "pud_well_count": 0, "well_count": 0, "permit_count": 0 }, "geometry": { "type": "Polygon", "coordinates": [ [ [ -102.407800939225822, 31.620665746964029 ], [ -102.41630697103615, 31.618705596301584 ], [ -102.42481298808265, 31.616744812645734 ], [ -102.427471842746172, 31.625131425258697 ], [ -102.429296725642629, 31.630887690889253 ], [ -102.413159586248511, 31.634580387940165 ], [ -102.412366737671917, 31.634761545741231 ], [ -102.409247425183466, 31.625131471681172 ], [ -102.407800939225822, 31.620665746964029 ] ] ] } },
{ "type": "Feature", "properties": { "ABSTRACT_L": "A-5", "ABSTRACT_N": "1035", "LEVEL1_SUR": "CCSD&RGNG RR CO", "LEVEL2_BLO": "F", "LEVEL3_SUR": "199", "Surv_Sect": "199", "SHAPE_AREA": 389.99807611014512, "owner_count": 0, "owners_json": [ ], "top_operator": "", "top_owner": "", "max_propensity_score": 0, "field_name": "Unknown", "production_status": "none", "pdp_well_count": 0, "pud_well_count": 0, "well_count": 0, "permit_count": 0 }, "geometry": { "type": "Polygon", "coordinates": [ [ [ -102.321895194878579, 31.41369776104704 ], [ -102.326617747283976, 31.427718606157597 ], [ -102.314545752037262, 31.430518714085828 ], [ -102.314178444322266, 31.415448517701559 ], [ -102.321895194878579, 31.41369776104704 ] ] ] } },
{ "type": "Feature", "properties": { "ABSTRACT_L": "A-50", "ABSTRACT_N": "10350", "LEVEL1_SUR": "CCSD&RGNG RR CO", "LEVEL2_BLO": "X", "LEVEL3_SUR": "77", "Surv_Sect": "77", "SHAPE_AREA": 692.72237763563498, "owner_count": 0, "owners_json": [ ], "top_operator": "", "top_owner": "", "max_propensity_score": 0, "field_name": "Unknown", "production_status": "none", "pdp_well_count": 0, "pud_well_count": 0, "well_count": 0, "permit_count": 0 }, "geometry": { "type": "Polygon", "coordinates": [ [ [ -102.410939814534615, 31.286082718061532 ], [ -102.412967341214554, 31.287529675396467 ], [ -102.409623810509942, 31.288294460454413 ], [ -102.401681374487808, 31.290110780945891 ], [ -102.38969663636577, 31.292933798944244 ], [ -102.386117835135877, 31.281843966471929 ], [ -102.385137870729295, 31.278828459440447 ], [ -102.396914247307748, 31.276071173833131 ], [ -102.397839568418846, 31.276731789681953 ], [ -102.410939814534615, 31.286082718061532 ] ] ] } },
{ "type": "Feature", "properties": { "ABSTRACT_L": "A-500", "ABSTRACT_N": "103500", "LEVEL1_SUR": "T&P RR CO", "LEVEL2_BLO": "43 T4S", "LEVEL3_SUR": "6", "Surv_Sect": "6", "SHAPE_AREA": 548.6532350711351, "owner_count": 0, "owners_json": [ ], "top_operator": "", "top_owner": "", "max_propensity_score": 0, "field_name": "Unknown", "production_status": "none", "pdp_well_count": 0, "pud_well_count": 0, "well_count": 0, "permit_count": 0 }, "geometry": { "type": "Polygon", "coordinates": [ [ [ -102.450209894120832, 31.641138427926851 ], [ -102.466713785910827, 31.637429360081462 ], [ -102.471069070083971, 31.651260238758404 ], [ -102.453487618104361, 31.651252515075431 ], [ -102.450209894120832, 31.641138427926851 ] ] ] } },
{ "type": "Feature", "properties": { "ABSTRACT_L": "A-505", "ABSTRACT_N": "103505", "LEVEL1_SUR": "H&TC RR CO", "LEVEL2_BLO": "2", "LEVEL3_SUR": "40", "Surv_Sect": "40", "SHAPE_AREA": 626.4066193324735, "owner_count": 0, "owners_json": [ ], "top_operator": "", "top_owner": "", "max_propensity_score": 0, "field_name": "Unknown", "production_status": "none", "pdp_well_count": 0, "pud_well_count": 0, "well_count": 0, "permit_count": 0 }, "geometry": { "type": "Polygon", "coordinates": [ [ [ -102.423037393274356, 31.228793588668893 ], [ -102.431497689468614, 31.235151063391854 ], [ -102.435804351504245, 31.238386752474476 ], [ -102.432107407473396, 31.242017964754261 ], [ -102.425096366332596, 31.249098162222161 ], [ -102.412255533428947, 31.239636026790716 ], [ -102.423037393274356, 31.228793588668893 ] ] ] } },
{ "type": "Feature", "properties": { "ABSTRACT_L": "A-507", "ABSTRACT_N": "103507", "LEVEL1_SUR": "GC&SF RR CO", "LEVEL2_BLO": "X4", "LEVEL3_SUR": "74", "Surv_Sect": "74", "SHAPE_AREA": 281.75691892836517, "owner_count": 0, "owners_json": [ ], "top_operator": "", "top_owner": "", "max_propensity_score": 0, "field_name": "Unknown", "production_status": "none", "pdp_well_count": 0, "pud_well_count": 0, "well_count": 0, "permit_count": 0 }, "geometry": { "type": "Polygon", "coordinates": [ [ [ -102.409623810509942, 31.288294460454413 ], [ -102.412967341214554, 31.287529675396467 ], [ -102.423921480185513, 31.295345863723313 ], [ -102.42671846761678, 31.297341264727898 ], [ -102.413515835485541, 31.300457275051034 ], [ -102.41190494963908, 31.295423566681677 ], [ -102.409623810509942, 31.288294460454413 ] ] ] } },
{ "type": "Feature", "properties": { "ABSTRACT_L": "A-508", "ABSTRACT_N": "103508", "LEVEL1_SUR": "CCSD&RGNG RR CO", "LEVEL2_BLO": "X", "LEVEL3_SUR": "82", "Surv_Sect": "82", "SHAPE_AREA": 653.24609948827799, "owner_count": 0, "owners_json": [ ], "top_operator": "", "top_owner": "", "max_propensity_score": 0, "field_name": "Unknown", "production_status": "none", "pdp_well_count": 0, "pud_well_count": 0, "well_count": 0, "permit_count": 0 }, "geometry": { "type": "Polygon", "coordinates": [ [ [ -102.354696696511979, 31.270188405950485 ], [ -102.359169314700623, 31.284104413522947 ], [ -102.342436906272084, 31.288083261524012 ], [ -102.338002257730452, 31.274153663460758 ], [ -102.354696696511979, 31.270188405950485 ] ] ] } },
{ "type": "Feature", "properties": { "ABSTRACT_L": "A-509", "ABSTRACT_N": "103509", "LEVEL1_SUR": "H&TC RR CO", "LEVEL2_BLO": "6", "LEVEL3_SUR": "22", "Surv_Sect": "22", "SHAPE_AREA": 632.90646538301041, "owner_count": 0, "owners_json": [ ], "top_operator": "", "top_owner": "", "max_propensity_score": 0, "field_name": "Unknown", "production_status": "none", "pdp_well_count": 0, "pud_well_count": 0, "well_count": 0, "permit_count": 0 }, "geometry": { "type": "Polygon", "coordinates": [ [ [ -102.375426756061884, 31.231763192426765 ], [ -102.364519595039553, 31.242768234559495 ], [ -102.351851148633187, 31.233277122941455 ], [ -102.362498714137971, 31.222328084042676 ], [ -102.375426756061884, 31.231763192426765 ] ] ] } },
{ "type": "Feature", "properties": { "ABSTRACT_L": "A-51", "ABSTRACT_N": "10351", "LEVEL1_SUR": "CCSD&RGNG RR CO", "LEVEL2_BLO": "X", "LEVEL3_SUR": "83", "Surv_Sect": "83", "SHAPE_AREA": 649.73767858282861, "owner_count": 0, "owners_json": [ ], "top_operator": "", "top_owner": "", "max_propensity_score": 0, "field_name": "Unknown", "production_status": "none", "pdp_well_count": 0, "pud_well_count": 0, "well_count": 0, "permit_count": 0 }, "geometry": { "type": "Polygon", "coordinates": [ [ [ -102.355530584922704, 31.256430270794247 ], [ -102.355156868986072, 31.255236794472527 ], [ -102.364543596420376, 31.252950892718189 ], [ -102.371278703504998, 31.257762944038191 ], [ -102.381562323044349, 31.265108697546488 ], [ -102.375427416015299, 31.266534912130513 ], [ -102.371541273756705, 31.267437753221884 ], [ -102.371119717915903, 31.267534418866166 ], [ -102.359981085088194, 31.270088062151071 ], [ -102.358684126926732, 31.266080291242258 ], [ -102.355530584922704, 31.256430270794247 ] ] ] } },
{ "type": "Feature", "properties": { "ABSTRACT_L": "A-510", "ABSTRACT_N": "103510", "LEVEL1_SUR": "TM RR CO", "LEVEL2_BLO": null, "LEVEL3_SUR": "2", "Surv_Sect": "2", "SHAPE_AREA": 341.85015831519155, "owner_count": 0, "owners_json": [ ], "top_operator": "", "top_owner": "", "max_propensity_score": 0, "field_name": "Unknown", "production_status": "none", "pdp_well_count": 0, "pud_well_count": 0, "well_count": 0, "permit_count": 0 }, "geometry": { "type": "Polygon", "coordinates": [ [ [ -102.375427382389859, 31.253572581389108 ], [ -102.377030838987125, 31.25195217136827 ], [ -102.390279794054337, 31.261785078294544 ], [ -102.384730390900629, 31.267371301233233 ], [ -102.381562323044349, 31.265108697546488 ], [ -102.371278703504998, 31.257762944038191 ], [ -102.375427382389859, 31.253572581389108 ] ] ] } },
{ "type": "Feature", "properties": { "ABSTRACT_L": "A-511", "ABSTRACT_N": "103511", "LEVEL1_SUR": "H&OB RR CO", "LEVEL2_BLO": null, "LEVEL3_SUR": "2", "Surv_Sect": "2", "SHAPE_AREA": 611.51030591131712, "owner_count": 0, "owners_json": [ ], "top_operator": "", "top_owner": "", "max_propensity_score": 0, "field_name": "Unknown", "production_status": "none", "pdp_well_count": 0, "pud_well_count": 0, "well_count": 0, "permit_count": 0 }, "geometry": { "type": "Polygon", "coordinates": [ [ [ -102.335030771891297, 31.250141363225904 ], [ -102.331438562373577, 31.253610896496507 ], [ -102.329804431890338, 31.255154241325091 ], [ -102.322728389329555, 31.250142603869485 ], [ -102.32272659679758, 31.250141322272096 ], [ -102.316920861372324, 31.245991058603263 ], [ -102.327489789980376, 31.235291306383012 ], [ -102.340367161032717, 31.244985956799816 ], [ -102.335030842235568, 31.25014129317336 ], [ -102.335030771891297, 31.250141363225904 ] ] ] } },
{ "type": "Feature", "properties": { "ABSTRACT_L": "A-512", "ABSTRACT_N": "103512", "LEVEL1_SUR": "CCSD&RGNG RR CO", "LEVEL2_BLO": "X", "LEVEL3_SUR": "84", "Surv_Sect": "84", "SHAPE_AREA": 723.07592793680055, "owner_count": 0, "owners_json": [ ], "top_operator": "", "top_owner": "", "max_propensity_score": 0, "field_name": "Unknown", "production_status": "none", "pdp_well_count": 0, "pud_well_count": 0, "well_count": 0, "permit_count": 0 }, "geometry": { "type": "Polygon", "coordinates": [ [ [ -102.358684126926732, 31.266080291242258 ], [ -102.353766999699715, 31.267264816486041 ], [ -102.354696696511979, 31.270188405950485 ], [ -102.338002257730452, 31.274153663460758 ], [ -102.333982413212638, 31.261565254935974 ], [ -102.355530584922704, 31.256430270794247 ], [ -102.358684126926732, 31.266080291242258 ] ] ] } },
{ "type": "Feature", "properties": { "ABSTRACT_L": "A-513", "ABSTRACT_N": "103513", "LEVEL1_SUR": "T&P RR CO", "LEVEL2_BLO": "43 T4S", "LEVEL3_SUR": "20", "Surv_Sect": "20", "SHAPE_AREA": 332.9068442114243, "owner_count": 0, "owners_json": [ ], "top_operator": "", "top_owner": "", "max_propensity_score": 0, "field_name": "Unknown", "production_status": "none", "pdp_well_count": 0, "pud_well_count": 0, "well_count": 0, "permit_count": 0 }, "geometry": { "type": "Polygon", "coordinates": [ [ [ -102.422455942746339, 31.609690305777828 ], [ -102.413950507578349, 31.611650939914782 ], [ -102.405519416259992, 31.613593800877684 ], [ -102.403250718211538, 31.606560522318702 ], [ -102.403725686294422, 31.606449946059055 ], [ -102.420099195082614, 31.602635602652217 ], [ -102.422455942746339, 31.609690305777828 ] ] ] } },
{ "type": "Feature", "properties": { "ABSTRACT_L": "A-52", "ABSTRACT_N": "10352", "LEVEL1_SUR": "CCSD&RGNG RR CO", "LEVEL2_BLO": "X", "LEVEL3_SUR": "85", "Surv_Sect": "85", "SHAPE_AREA": 675.55560739013117, "owner_count": 0, "owners_json": [ ], "top_operator": "", "top_owner": "", "max_propensity_score": 0, "field_name": "Unknown", "production_status": "none", "pdp_well_count": 0, "pud_well_count": 0, "well_count": 0, "permit_count": 0 }, "geometry": { "type": "Polygon", "coordinates": [ [ [ -102.338002257730452, 31.274153663460758 ], [ -102.342436906272084, 31.288083261524012 ], [ -102.325250002188355, 31.292182087729483 ], [ -102.320624279052055, 31.278308323398708 ], [ -102.338002257730452, 31.274153663460758 ] ] ] } },
{ "type": "Feature", "properties": { "ABSTRACT_L": "A-521", "ABSTRACT_N": "103521", "LEVEL1_SUR": "CCSD&RGNG RR CO", "LEVEL2_BLO": "X", "LEVEL3_SUR": "38", "Surv_Sect": "38", "SHAPE_AREA": 661.26338804955549, "owner_count": 0, "owners_json": [ ], "top_operator": "", "top_owner": "", "max_propensity_score": 0, "field_name": "Unknown", "production_status": "none", "pdp_well_count": 0, "pud_well_count": 0, "well_count": 0, "permit_count": 0 }, "geometry": { "type": "Polygon", "coordinates": [ [ [ -102.433504304874788, 31.312783945435616 ], [ -102.435809080033394, 31.319638263606837 ], [ -102.42441629230018, 31.322438942720009 ], [ -102.42677260878024, 31.329524920666522 ], [ -102.41008204859672, 31.333596186142895 ], [ -102.406986282799522, 31.324199040959734 ], [ -102.423524423071314, 31.32037063010489 ], [ -102.421934720854082, 31.315518928523506 ], [ -102.433504304874788, 31.312783945435616 ] ] ] } },
{ "type": "Feature", "properties": { "ABSTRACT_L": "A-526", "ABSTRACT_N": "103526", "LEVEL1_SUR": "H&TC RR CO", "LEVEL2_BLO": "4", "LEVEL3_SUR": "40", "Surv_Sect": "40", "SHAPE_AREA": 651.34077227401315, "owner_count": 0, "owners_json": [ ], "top_operator": "", "top_owner": "", "max_propensity_score": 0, "field_name": "Unknown", "production_status": "none", "pdp_well_count": 0, "pud_well_count": 0, "well_count": 0, "permit_count": 0 }, "geometry": { "type": "Polygon", "coordinates": [ [ [ -102.713370512804346, 31.320374158828727 ], [ -102.714630972375247, 31.319178371571734 ], [ -102.727444268099774, 31.328622716478826 ], [ -102.721878377841847, 31.334182962267473 ], [ -102.716237528785371, 31.339835297763738 ], [ -102.703427752539739, 31.330314783994545 ], [ -102.711614121762778, 31.322109313070246 ], [ -102.713370512804346, 31.320374158828727 ] ] ] } },
{ "type": "Feature", "properties": { "ABSTRACT_L": "A-527", "ABSTRACT_N": "103527", "LEVEL1_SUR": "H&TC RR CO", "LEVEL2_BLO": "3", "LEVEL3_SUR": "24", "Surv_Sect": "24", "SHAPE_AREA": 620.17595749612531, "owner_count": 0, "owners_json": [ ], "top_operator": "", "top_owner": "", "max_propensity_score": 0, "field_name": "Unknown", "production_status": "none", "pdp_well_count": 0, "pud_well_count": 0, "well_count": 0, "permit_count": 0 }, "geometry": { "type": "Polygon", "coordinates": [ [ [ -102.716237528785371, 31.339835297763738 ], [ -102.710776463506733, 31.345307522692288 ], [ -102.697763042965676, 31.335890460648148 ], [ -102.700622058902169, 31.333015438541498 ], [ -102.694632359488907, 31.328638037127011 ], [ -102.705691522091143, 31.317732365019562 ], [ -102.711614121762778, 31.322109313070246 ], [ -102.703427752539739, 31.330314783994545 ], [ -102.716237528785371, 31.339835297763738 ] ] ] } },
{ "type": "Feature", "properties": { "ABSTRACT_L": "A-528", "ABSTRACT_N": "103528", "LEVEL1_SUR": "H&TC RR CO", "LEVEL2_BLO": "1", "LEVEL3_SUR": "28", "Surv_Sect": "28", "SHAPE_AREA": 794.5382213315745, "owner_count": 0, "owners_json": [ ], "top_operator": "", "top_owner": "", "max_propensity_score": 0, "field_name": "Unknown", "production_status": "none", "pdp_well_count": 0, "pud_well_count": 0, "well_count": 0, "permit_count": 0 }, "geometry": { "type": "Polygon", "coordinates": [ [ [ -102.74397620582323, 31.281417278373532 ], [ -102.744261693688969, 31.28148344921032 ], [ -102.744573551673724, 31.281575894978261 ], [ -102.74502465303631, 31.28181534081228 ], [ -102.745378335179296, 31.282023838994316 ], [ -102.745655612239958, 31.282249791648418 ], [ -102.745941004883193, 31.282548467144927 ], [ -102.746118235719621, 31.282665776747084 ], [ -102.746255875101014, 31.282706208220482 ], [ -102.74636503990881, 31.282738273456228 ], [ -102.746717394154061, 31.282664775726829 ], [ -102.747080370680706, 31.282529808942755 ], [ -102.74756022254715, 31.282419883485431 ], [ -102.747864273174599, 31.282242153733215 ], [ -102.748359649593795, 31.282004622594698 ], [ -102.748506811744122, 31.281968493884605 ], [ -102.748855606354596, 31.281994094280478 ], [ -102.749126264746621, 31.282004857198331 ], [ -102.749439925204186, 31.281937662853441 ], [ -102.749629027028021, 31.281800891479591 ], [ -102.749924589778828, 31.281551115509604 ], [ -102.750416094218906, 31.281304028066522 ], [ -102.750437896811093, 31.281292923277807 ], [ -102.750511988510596, 31.281255214532624 ], [ -102.750589898933228, 31.281082288762736 ], [ -102.750611807207335, 31.280939423372295 ], [ -102.750621692673519, 31.280796820265369 ], [ -102.750598124452821, 31.280702399093165 ], [ -102.750629458663497, 31.280595089931737 ], [ -102.750819340786123, 31.280471376885174 ], [ -102.751148564862973, 31.280319911302676 ], [ -102.751503307481016, 31.280273858198242 ], [ -102.75198108240302, 31.280051827189308 ], [ -102.752369319885105, 31.279793189691496 ], [ -102.752816264754642, 31.27950233397846 ], [ -102.753157124987723, 31.279323808641177 ], [ -102.75348166695079, 31.279259117512701 ], [ -102.753694026492596, 31.279427956360298 ], [ -102.753909864044303, 31.279702662842421 ], [ -102.754033612210151, 31.279868563753929 ], [ -102.754180160167905, 31.28000434525579 ], [ -102.75043790481439, 31.283708053490709 ], [ -102.750437826943667, 31.283708130812599 ], [ -102.729485313103211, 31.304437899597424 ], [ -102.730583120481683, 31.30521682202961 ], [ -102.726446380466811, 31.309354913682952 ], [ -102.72525921780877, 31.308576454293242 ], [ -102.714630972375247, 31.319178371571734 ], [ -102.713370512804346, 31.320374158828727 ], [ -102.707410926124012, 31.316033846212374 ], [ -102.710657089049363, 31.312715380126559 ], [ -102.710685552439173, 31.312718918582874 ], [ -102.710956309615739, 31.312729760856062 ], [ -102.711267242925544, 31.312562976905578 ], [ -102.711487295184995, 31.312370565892493 ], [ -102.71174617272375, 31.31196686462707 ], [ -102.711782803501393, 31.311678571447949 ], [ -102.711782023874122, 31.31141305297766 ], [ -102.711718296115947, 31.311215590394287 ], [ -102.711644639603776, 31.310895907046454 ], [ -102.711655541011481, 31.310611179242919 ], [ -102.711655617298604, 31.310611051580402 ], [ -102.711663067256836, 31.310598591628104 ], [ -102.711817037907991, 31.310400260507034 ], [ -102.711847821632944, 31.310384691173276 ], [ -102.711917374117718, 31.310349517341489 ], [ -102.711995520805161, 31.310318997026219 ], [ -102.712220241454091, 31.310303278455262 ], [ -102.712497000954386, 31.310286483414277 ], [ -102.712884872531916, 31.310345070138332 ], [ -102.713267978849103, 31.310447119413269 ], [ -102.713672956838522, 31.310416622830342 ], [ -102.713992751735617, 31.310321866720319 ], [ -102.714067180651313, 31.310284837024398 ], [ -102.714213061383688, 31.310228664176147 ], [ -102.714334788671309, 31.310181793970315 ], [ -102.714711579714134, 31.310079740071952 ], [ -102.714777599077564, 31.310064071108307 ], [ -102.714783394922733, 31.310062695667469 ], [ -102.715223668226557, 31.310118587961078 ], [ -102.715508344515669, 31.310168337892684 ], [ -102.715638206553137, 31.310198647067068 ], [ -102.715914928930871, 31.310265065106226 ], [ -102.716178951597669, 31.310332174039246 ], [ -102.716266023118635, 31.31038168195451 ], [ -102.716421715752645, 31.310558493500867 ], [ -102.716608862652876, 31.310797396536412 ], [ -102.716734137744538, 31.310905510554495 ], [ -102.71684217779007, 31.310935581513476 ], [ -102.716993812148885, 31.310977793837747 ], [ -102.717251519608809, 31.310966877605068 ], [ -102.717528027933014, 31.310955566386703 ], [ -102.717764970695839, 31.310905896320069 ], [ -102.717887901192412, 31.310693499781951 ], [ -102.718000509897266, 31.310358897804139 ], [ -102.718063120334733, 31.310070057126829 ], [ -102.718111698436658, 31.309737486586084 ], [ -102.718228623715873, 31.30945122039596 ], [ -102.718516922020726, 31.309097858997475 ], [ -102.718795749531537, 31.309077286792736 ], [ -102.718863057891625, 31.309212664395005 ], [ -102.718981083547106, 31.309276917925253 ], [ -102.719123191786309, 31.309301463483845 ], [ -102.719327161103607, 31.309219450696883 ], [ -102.719497066329822, 31.309304606013534 ], [ -102.719638269890353, 31.309506643015403 ], [ -102.719756345722004, 31.309586688521424 ], [ -102.719841638757003, 31.30964063631691 ], [ -102.720030022170363, 31.309686193757727 ], [ -102.720301241719497, 31.309713508878801 ], [ -102.72061142934237, 31.309745535442751 ], [ -102.720920229570197, 31.309728028659428 ], [ -102.721126988102341, 31.309757391007039 ], [ -102.721306374297967, 31.309706509122595 ], [ -102.721846829196778, 31.309695152433644 ], [ -102.721877859693095, 31.30967212357292 ], [ -102.721929691860922, 31.309668303397313 ], [ -102.722190518300337, 31.309557569067497 ], [ -102.722426916726278, 31.309265073146467 ], [ -102.722516995220957, 31.309025173071479 ], [ -102.722579591122923, 31.308736330116197 ], [ -102.722569293806671, 31.308377472971884 ], [ -102.722580753989902, 31.308106186501373 ], [ -102.722610466721079, 31.307801532438752 ], [ -102.722616752023114, 31.307574385947397 ], [ -102.722616107537263, 31.307314380603597 ], [ -102.722654028884378, 31.307255732657378 ], [ -102.722952614204942, 31.30716688222315 ], [ -102.723123655434989, 31.307209573568528 ], [ -102.72318583158993, 31.307228537493483 ], [ -102.723204172837271, 31.307234132559021 ], [ -102.723552737643885, 31.307410960085875 ], [ -102.72370293233557, 31.307480022165453 ], [ -102.723875373259645, 31.307653180970895 ], [ -102.72392830178336, 31.307934105807266 ], [ -102.723955694461168, 31.308204547829892 ], [ -102.724080665235178, 31.308300974222714 ], [ -102.724406623286768, 31.308421382805374 ], [ -102.724541275054165, 31.308411754025801 ], [ -102.72466444953119, 31.308470191605625 ], [ -102.724727864100203, 31.308500273033331 ], [ -102.724840350411, 31.308372057836113 ], [ -102.724868603517038, 31.308367639689884 ], [ -102.725102214918252, 31.308202441415929 ], [ -102.725303389723507, 31.307799925299019 ], [ -102.725317577608905, 31.307401336744498 ], [ -102.725286723161332, 31.307219690630497 ], [ -102.725242324111221, 31.307026642410822 ], [ -102.725335925077317, 31.306687611036679 ], [ -102.725428298590501, 31.306541920653846 ], [ -102.72567494237839, 31.306160452170381 ], [ -102.72581766946432, 31.305969642930226 ], [ -102.725979958862439, 31.305789448503592 ], [ -102.726131208653214, 31.305448508194957 ], [ -102.726157567314189, 31.305027650837104 ], [ -102.726224039130173, 31.304650000983106 ], [ -102.726353811196844, 31.304453960662869 ], [ -102.726577949659116, 31.304405210753064 ], [ -102.726853154061516, 31.304349208079426 ], [ -102.727220816640227, 31.304151300980397 ], [ -102.727441841790153, 31.304062503500731 ], [ -102.727533609855072, 31.304036338406831 ], [ -102.727680011835687, 31.303972721408417 ], [ -102.72789061231137, 31.303848362293422 ], [ -102.727998898630673, 31.303795496594915 ], [ -102.728297816920076, 31.303738203018384 ], [ -102.728603700141093, 31.30362101662131 ], [ -102.72878616790571, 31.303475487031513 ], [ -102.72897549878202, 31.30340511207848 ], [ -102.729076431893432, 31.303278904982648 ], [ -102.729121452214159, 31.303251032564756 ], [ -102.729285947502035, 31.303147823113786 ], [ -102.729386139130568, 31.3030514717207 ], [ -102.729470343519367, 31.302845389111848 ], [ -102.729491468189281, 31.302452162972791 ], [ -102.729477743784955, 31.302197942553789 ], [ -102.72937001493024, 31.30204543941127 ], [ -102.729284268473833, 31.301975025706589 ], [ -102.729076592558698, 31.301913358596128 ], [ -102.728938544036694, 31.301822027692168 ], [ -102.728802479857066, 31.301575867493654 ], [ -102.728694053092354, 31.301384863961378 ], [ -102.728608303354221, 31.301315137772548 ], [ -102.728372207430596, 31.301170827679581 ], [ -102.72809879827345, 31.301065845255962 ], [ -102.727961247515083, 31.300991018911805 ], [ -102.727688644138311, 31.300914208091378 ], [ -102.727494296753775, 31.300884602002682 ], [ -102.727260752840635, 31.300828979899766 ], [ -102.727110651800402, 31.300748900148879 ], [ -102.72694060936837, 31.300658935649302 ], [ -102.72682037431025, 31.300517699909104 ], [ -102.726749259549351, 31.300330849841956 ], [ -102.726765310122545, 31.29998842153099 ], [ -102.726766385143748, 31.299976771503911 ], [ -102.726846394951508, 31.299847842314037 ], [ -102.726871346640806, 31.299815484688935 ], [ -102.727313219923872, 31.299524027889845 ], [ -102.728005085349224, 31.299583726193593 ], [ -102.728318624427374, 31.299694625020059 ], [ -102.728621500628677, 31.299823170242043 ], [ -102.72905101165253, 31.300132639088922 ], [ -102.729242498223613, 31.300330293682524 ], [ -102.729338001032389, 31.300470621887662 ], [ -102.729363668882897, 31.300688669462662 ], [ -102.729342461569587, 31.300841908944403 ], [ -102.729360410313731, 31.300887722000226 ], [ -102.72935687996241, 31.300906589361446 ], [ -102.729335147246374, 31.301056304188144 ], [ -102.729428249689065, 31.301159594955859 ], [ -102.729682362264256, 31.301247784267051 ], [ -102.729862537654327, 31.301243986454871 ], [ -102.729966482518279, 31.30121456214583 ], [ -102.730035730916569, 31.301231069796401 ], [ -102.730136570049211, 31.301140211936314 ], [ -102.730187311520908, 31.301115384832734 ], [ -102.730268784314347, 31.301036624340643 ], [ -102.730382246688251, 31.30095650147139 ], [ -102.730507830250914, 31.300838296247473 ], [ -102.730670553880316, 31.300673893743582 ], [ -102.730776344101074, 31.30054990776059 ], [ -102.730893928964647, 31.300376152260039 ], [ -102.730955697730408, 31.300281304482652 ], [ -102.730953459848209, 31.300203620878751 ], [ -102.730936099808076, 31.300060212501918 ], [ -102.730871933805602, 31.299834550388681 ], [ -102.730768776820938, 31.299604915880067 ], [ -102.730660557519187, 31.29943523387184 ], [ -102.730545841161216, 31.299249846812501 ], [ -102.730426168129597, 31.29911410551157 ], [ -102.730300972289342, 31.299022505068852 ], [ -102.730072256150422, 31.298911769386006 ], [ -102.730052755272581, 31.298909732638943 ], [ -102.729955198195412, 31.298834112424 ], [ -102.729559910749231, 31.298755671384331 ], [ -102.729559211490169, 31.298755531568496 ], [ -102.729552466088947, 31.298750762257441 ], [ -102.729478757691879, 31.298653260630594 ], [ -102.729450815095944, 31.298587111138776 ], [ -102.729456152391379, 31.298487708254967 ], [ -102.729479275349348, 31.298383276194507 ], [ -102.729563896830257, 31.298150353916125 ], [ -102.729635945630804, 31.298074182354586 ], [ -102.729756237860087, 31.297994603835495 ], [ -102.729909254805293, 31.297952863706662 ], [ -102.730074683198694, 31.297882637886044 ], [ -102.730286482390042, 31.29785065044867 ], [ -102.730388191769237, 31.297840224217051 ], [ -102.730631051477985, 31.297862101392802 ], [ -102.730725721764102, 31.297885420574652 ], [ -102.730863656761485, 31.297987764987091 ], [ -102.731028414020699, 31.29811704519199 ], [ -102.731206051577942, 31.298235061166913 ], [ -102.731446724790814, 31.298329728218789 ], [ -102.731712390787237, 31.298373645255154 ], [ -102.731906290965625, 31.298402587140043 ], [ -102.732111992713982, 31.2983817383789 ], [ -102.732198878188086, 31.298269142287864 ], [ -102.732252646213993, 31.29811875088447 ], [ -102.732231671016734, 31.297963836200747 ], [ -102.73223182677107, 31.297963405112707 ], [ -102.732231262152865, 31.297960791990047 ], [ -102.732195154880927, 31.297694150053349 ], [ -102.73213415239573, 31.297511345610385 ], [ -102.732101179455412, 31.297358753228014 ], [ -102.731996705139125, 31.297070200225075 ], [ -102.731996787121844, 31.297068873233485 ], [ -102.731996869053432, 31.297067537010321 ], [ -102.731986997469264, 31.297043380420604 ], [ -102.731900233351681, 31.296803749819308 ], [ -102.731944007689634, 31.296584065518083 ], [ -102.732013661391946, 31.296502299376296 ], [ -102.732031386675189, 31.296486248553201 ], [ -102.732069700160281, 31.296436503205474 ], [ -102.732103303013957, 31.296397053628468 ], [ -102.732104632380555, 31.296391150754005 ], [ -102.732131024475507, 31.296356881048531 ], [ -102.732136396867716, 31.296250111290338 ], [ -102.732185020664673, 31.296034197335064 ], [ -102.732010323276995, 31.295583184784689 ], [ -102.731898826550207, 31.295485064632199 ], [ -102.731852586648756, 31.295423112471131 ], [ -102.731661084348517, 31.295255160567653 ], [ -102.731471027468558, 31.295137434711791 ], [ -102.731303372010402, 31.295133225392572 ], [ -102.731078881027912, 31.295072480375659 ], [ -102.730477195798485, 31.295111314929045 ], [ -102.730425347366946, 31.295106437323145 ], [ -102.73036166038888, 31.295089276060214 ], [ -102.730185326786881, 31.295083865601846 ], [ -102.729771945855248, 31.295044992447199 ], [ -102.729157073450153, 31.29505659037223 ], [ -102.729074076946219, 31.294994159949141 ], [ -102.729121610521446, 31.294744646426505 ], [ -102.729241999692107, 31.294460069934139 ], [ -102.729389366536338, 31.29420795687415 ], [ -102.729518549327651, 31.294048630356059 ], [ -102.729849273932146, 31.293686855178212 ], [ -102.730287960324802, 31.293356399094126 ], [ -102.730482788998984, 31.293256262504126 ], [ -102.730783182899643, 31.293172197210616 ], [ -102.73115991095672, 31.293053489059922 ], [ -102.731526131442834, 31.293029262242406 ], [ -102.731813891837305, 31.292951658847311 ], [ -102.731897664426555, 31.292920814669877 ], [ -102.732107389344833, 31.292900444828909 ], [ -102.732186341776369, 31.292814526936827 ], [ -102.732228100948788, 31.292799145247386 ], [ -102.732339655473226, 31.292653023591797 ], [ -102.732342901758784, 31.292644136413504 ], [ -102.732400653173457, 31.292581283368722 ], [ -102.732447625247303, 31.292357562037388 ], [ -102.732519007838221, 31.292162216730475 ], [ -102.732509941979799, 31.291847356812333 ], [ -102.732410434564315, 31.291459838592719 ], [ -102.732408525211909, 31.291442661124339 ], [ -102.73239722775881, 31.291408408965243 ], [ -102.73235024250846, 31.291225446220373 ], [ -102.732245965965916, 31.290950043654014 ], [ -102.732207216628694, 31.290832620717115 ], [ -102.732182082191258, 31.290799933078222 ], [ -102.732142327062419, 31.290709785343076 ], [ -102.731988823805153, 31.290525217693272 ], [ -102.73186859820386, 31.290392270173065 ], [ -102.731813713005565, 31.290320895654858 ], [ -102.731510748514253, 31.289881530523544 ], [ -102.731506372351078, 31.289858757539722 ], [ -102.731480455966775, 31.289645812243549 ], [ -102.731431850635531, 31.289471143233872 ], [ -102.731425133560279, 31.289436204369213 ], [ -102.731418611679516, 31.289423547279089 ], [ -102.731408532223497, 31.289387329501533 ], [ -102.731306316996552, 31.289189992023179 ], [ -102.731278372433849, 31.289151447674033 ], [ -102.73121820959291, 31.289034716859607 ], [ -102.731158505397815, 31.288986111359385 ], [ -102.73103812180257, 31.288820063551377 ], [ -102.730866967718143, 31.288690897675597 ], [ -102.73066356666493, 31.288567942208672 ], [ -102.730503638401103, 31.28838284107912 ], [ -102.73032433570134, 31.288193305569628 ], [ -102.730306842308678, 31.288184761835595 ], [ -102.730259726833594, 31.288122164786362 ], [ -102.730069455699322, 31.287845041242612 ], [ -102.730086585067582, 31.287790976021338 ], [ -102.730087880192187, 31.28778907831218 ], [ -102.730089386779753, 31.2877868766174 ], [ -102.730287809142837, 31.287591495270597 ], [ -102.730725009224244, 31.28711176931218 ], [ -102.730990461938433, 31.286940383664643 ], [ -102.731390241192514, 31.28673315238299 ], [ -102.731823943194797, 31.286591241150933 ], [ -102.732208622196055, 31.286527412927597 ], [ -102.732470684335013, 31.286461349064133 ], [ -102.732907168225395, 31.286401907964144 ], [ -102.733086504858832, 31.286370621089269 ], [ -102.733313082044631, 31.286283292140173 ], [ -102.733488646730692, 31.286245886470919 ], [ -102.733817745473843, 31.286045622022922 ], [ -102.734135121716491, 31.285884153361273 ], [ -102.734357933558925, 31.285790717941108 ], [ -102.734684755730541, 31.285734281234575 ], [ -102.735100795322737, 31.285647762720817 ], [ -102.735821415730769, 31.285621546548423 ], [ -102.73601003331747, 31.285689782358439 ], [ -102.736202882694542, 31.285669198010773 ], [ -102.736466208667991, 31.285647130844051 ], [ -102.736776835624994, 31.285695589826339 ], [ -102.737061381188084, 31.285507285417438 ], [ -102.73718571964389, 31.285360881884348 ], [ -102.737508588276057, 31.284944763706193 ], [ -102.737586578478144, 31.284732628364534 ], [ -102.737619109051451, 31.284527631333699 ], [ -102.737626816476052, 31.284349993582669 ], [ -102.737789371990672, 31.283959283153408 ], [ -102.737884708147917, 31.283681431521401 ], [ -102.737983427175323, 31.283535561925245 ], [ -102.738152370671273, 31.283365513816953 ], [ -102.738405772597346, 31.283221889519073 ], [ -102.738684219348258, 31.283044723268205 ], [ -102.738852541335831, 31.282853355944095 ], [ -102.739150517878343, 31.282686107591694 ], [ -102.739304063595199, 31.282649826880483 ], [ -102.739583063758289, 31.282727165232139 ], [ -102.739987378188061, 31.282900907001551 ], [ -102.740311764100639, 31.282982765831878 ], [ -102.740778168307926, 31.283072644594274 ], [ -102.741209450407354, 31.2830690246677 ], [ -102.741505494959043, 31.283057246823404 ], [ -102.741863130279654, 31.283181762242069 ], [ -102.741924382986454, 31.283291208178721 ], [ -102.742000832168074, 31.283483573554904 ], [ -102.742077893375694, 31.283697243559175 ], [ -102.74211660944637, 31.283928950286334 ], [ -102.742136618885837, 31.284177534944977 ], [ -102.742135303872203, 31.284354343006338 ], [ -102.742104231847279, 31.284609519403492 ], [ -102.742156087766602, 31.284851940249801 ], [ -102.742398867827745, 31.285007083128857 ], [ -102.742533212082691, 31.284971205340867 ], [ -102.742894114214678, 31.284764073299566 ], [ -102.743007165471639, 31.284656445385654 ], [ -102.743063147186248, 31.284583698486834 ], [ -102.743283635190679, 31.284424259447686 ], [ -102.743422940956563, 31.284338073545701 ], [ -102.74350355364524, 31.284262547587229 ], [ -102.743595022837411, 31.284207567155455 ], [ -102.743674253527075, 31.284107960604839 ], [ -102.743818372379451, 31.283981630316045 ], [ -102.743981704431263, 31.283839903611167 ], [ -102.744111558653159, 31.283648677252014 ], [ -102.744233188326362, 31.283508528764827 ], [ -102.744383679475746, 31.283374330877031 ], [ -102.744390484854605, 31.283332142919395 ], [ -102.744404762046159, 31.283316390342915 ], [ -102.744565527821848, 31.283085993426678 ], [ -102.744579795472319, 31.282914393103553 ], [ -102.744550361126542, 31.282560754629575 ], [ -102.744258793450868, 31.28250639357335 ], [ -102.744103969609611, 31.282498682454225 ], [ -102.743973726782613, 31.282440213755471 ], [ -102.743864364990557, 31.2824542185651 ], [ -102.743653036744462, 31.282486219163761 ], [ -102.743465311076363, 31.282462674516086 ], [ -102.743293658480496, 31.28231635875018 ], [ -102.743257973693801, 31.282190536530532 ], [ -102.74328551373101, 31.282034490341125 ], [ -102.743325325716498, 31.281845867144181 ], [ -102.74340613586341, 31.281523592203829 ], [ -102.743413587352606, 31.281512285071241 ], [ -102.74368220913216, 31.281387724926734 ], [ -102.74397620582323, 31.281417278373532 ] ] ] } },
{ "type": "Feature", "properties": { "ABSTRACT_L": "A-529", "ABSTRACT_N": "103529", "LEVEL1_SUR": "PSL", "LEVEL2_BLO": "B17", "LEVEL3_SUR": "3", "Surv_Sect": "3", "SHAPE_AREA": 596.04870669384343, "owner_count": 0, "owners_json": [ ], "top_operator": "", "top_owner": "", "max_propensity_score": 0, "field_name": "Unknown", "production_status": "none", "pdp_well_count": 0, "pud_well_count": 0, "well_count": 0, "permit_count": 0 }, "geometry": { "type": "Polygon", "coordinates": [ [ [ -102.767514858016497, 31.639022915129576 ], [ -102.759335589616512, 31.643824677217033 ], [ -102.753236063081701, 31.645368839813347 ], [ -102.750439553084661, 31.637019796393009 ], [ -102.750439447528095, 31.637019482230738 ], [ -102.748564946962077, 31.631422475705861 ], [ -102.750439396902536, 31.630996947756095 ], [ -102.75043952465289, 31.630996917539797 ], [ -102.765620944603157, 31.627549329905886 ], [ -102.767508280210563, 31.633610511296812 ], [ -102.767512366300238, 31.636972254351509 ], [ -102.767514858016497, 31.639022915129576 ] ] ] } },
{ "type": "Feature", "properties": { "ABSTRACT_L": "A-53", "ABSTRACT_N": "10353", "LEVEL1_SUR": "CCSD&RGNG RR CO", "LEVEL2_BLO": "X", "LEVEL3_SUR": "87", "Surv_Sect": "87", "SHAPE_AREA": 666.55349655647137, "owner_count": 0, "owners_json": [ ], "top_operator": "", "top_owner": "", "max_propensity_score": 0, "field_name": "Unknown", "production_status": "none", "pdp_well_count": 0, "pud_well_count": 0, "well_count": 0, "permit_count": 0 }, "geometry": { "type": "Polygon", "coordinates": [ [ [ -102.313816130977827, 31.294865980461889 ], [ -102.325250002188355, 31.292182087729483 ], [ -102.330126585211516, 31.306857881592304 ], [ -102.322224105911474, 31.30872855287862 ], [ -102.321321000076608, 31.308932517541301 ], [ -102.31827074797468, 31.309641956436391 ], [ -102.313474000057937, 31.310748450530703 ], [ -102.31088226372313, 31.302636351247923 ], [ -102.310600729078459, 31.295635960895403 ], [ -102.313816130977827, 31.294865980461889 ] ] ] } },
{ "type": "Feature", "properties": { "ABSTRACT_L": "A-530", "ABSTRACT_N": "103530", "LEVEL1_SUR": "PSL", "LEVEL2_BLO": "B17", "LEVEL3_SUR": "1", "Surv_Sect": "1", "SHAPE_AREA": 152.593134748317, "owner_count": 0, "owners_json": [ ], "top_operator": "", "top_owner": "", "max_propensity_score": 0, "field_name": "Unknown", "production_status": "none", "pdp_well_count": 0, "pud_well_count": 0, "well_count": 0, "permit_count": 0 }, "geometry": { "type": "Polygon", "coordinates": [ [ [ -102.735550520327081, 31.649775557494486 ], [ -102.750439596774541, 31.64606566686366 ], [ -102.750439716509803, 31.646065636817525 ], [ -102.753236063081701, 31.645368839813347 ], [ -102.759335589616512, 31.643824677217033 ], [ -102.756166864352778, 31.645623819836445 ], [ -102.750439717798528, 31.648986098771655 ], [ -102.750439615124591, 31.648986162847379 ], [ -102.746412527541167, 31.651350236884731 ], [ -102.73606852991324, 31.651357591937405 ], [ -102.735550520327081, 31.649775557494486 ] ] ] } },
{ "type": "Feature", "properties": { "ABSTRACT_L": "A-531", "ABSTRACT_N": "103531", "LEVEL1_SUR": "PSL", "LEVEL2_BLO": "B17", "LEVEL3_SUR": "8", "Surv_Sect": "8", "SHAPE_AREA": 181.16859428938153, "owner_count": 0, "owners_json": [ ], "top_operator": "", "top_owner": "", "max_propensity_score": 0, "field_name": "Unknown", "production_status": "none", "pdp_well_count": 0, "pud_well_count": 0, "well_count": 0, "permit_count": 0 }, "geometry": { "type": "Polygon", "coordinates": [ [ [ -102.750439143945599, 31.585756694075254 ], [ -102.7504393113893, 31.585756649260183 ], [ -102.752010607377088, 31.585360939343104 ], [ -102.753260306096465, 31.589173544106337 ], [ -102.736377521657019, 31.59341806556257 ], [ -102.735125874590523, 31.589606513491375 ], [ -102.750439143945599, 31.585756694075254 ] ] ] } },
{ "type": "Feature", "properties": { "ABSTRACT_L": "A-532", "ABSTRACT_N": "103532", "LEVEL1_SUR": "PSL", "LEVEL2_BLO": "B17", "LEVEL3_SUR": "9", "Surv_Sect": "9", "SHAPE_AREA": 157.31549183862074, "owner_count": 0, "owners_json": [ ], "top_operator": "", "top_owner": "", "max_propensity_score": 0, "field_name": "Unknown", "production_status": "none", "pdp_well_count": 0, "pud_well_count": 0, "well_count": 0, "permit_count": 0 }, "geometry": { "type": "Polygon", "coordinates": [ [ [ -102.726854522032809, 31.591534852297873 ], [ -102.729073911742717, 31.598478940795932 ], [ -102.720895149579491, 31.600301929585015 ], [ -102.718701049320586, 31.593435118358098 ], [ -102.726854522032809, 31.591534852297873 ] ] ] } },
{ "type": "Feature", "properties": { "ABSTRACT_L": "A-534", "ABSTRACT_N": "103534", "LEVEL1_SUR": "PSL", "LEVEL2_BLO": "B18", "LEVEL3_SUR": "11", "Surv_Sect": "11", "SHAPE_AREA": 158.3713105386885, "owner_count": 0, "owners_json": [ ], "top_operator": "", "top_owner": "", "max_propensity_score": 0, "field_name": "Unknown", "production_status": "none", "pdp_well_count": 0, "pud_well_count": 0, "well_count": 0, "permit_count": 0 }, "geometry": { "type": "Polygon", "coordinates": [ [ [ -102.767453626838446, 31.581696627158006 ], [ -102.767457776567596, 31.585804845245104 ], [ -102.753260306096465, 31.589173544106337 ], [ -102.752010607377088, 31.585360939343104 ], [ -102.767453626838446, 31.581696627158006 ] ] ] } },
{ "type": "Feature", "properties": { "ABSTRACT_L": "A-54", "ABSTRACT_N": "10354", "LEVEL1_SUR": "CCSD&RGNG RR CO", "LEVEL2_BLO": "X", "LEVEL3_SUR": "79", "Surv_Sect": "79", "SHAPE_AREA": 633.53733412375311, "owner_count": 0, "owners_json": [ ], "top_operator": "", "top_owner": "", "max_propensity_score": 0, "field_name": "Unknown", "production_status": "none", "pdp_well_count": 0, "pud_well_count": 0, "well_count": 0, "permit_count": 0 }, "geometry": { "type": "Polygon", "coordinates": [ [ [ -102.367513283958445, 31.282134865576548 ], [ -102.359169314700623, 31.284104413522947 ], [ -102.354696696511979, 31.270188405950485 ], [ -102.353766999699715, 31.267264816486041 ], [ -102.358684126926732, 31.266080291242258 ], [ -102.359981085088194, 31.270088062151071 ], [ -102.371119717915903, 31.267534418866166 ], [ -102.375240468516694, 31.280272021120062 ], [ -102.367513283958445, 31.282134865576548 ] ] ] } },
{ "type": "Feature", "properties": { "ABSTRACT_L": "A-540", "ABSTRACT_N": "103540", "LEVEL1_SUR": "BRIGANCE, A L", "LEVEL2_BLO": null, "LEVEL3_SUR": "2", "Surv_Sect": "2", "SHAPE_AREA": 669.44575963332056, "owner_count": 0, "owners_json": [ ], "top_operator": "", "top_owner": "", "max_propensity_score": 0, "field_name": "Unknown", "production_status": "none", "pdp_well_count": 0, "pud_well_count": 0, "well_count": 0, "permit_count": 0 }, "geometry": { "type": "Polygon", "coordinates": [ [ [ -102.357149913112693, 31.250141125261326 ], [ -102.357148162914015, 31.250142876728908 ], [ -102.352868149663422, 31.254424120943888 ], [ -102.347196741574976, 31.250142809740034 ], [ -102.347194571637516, 31.250141170765406 ], [ -102.340367161032717, 31.244985956799816 ], [ -102.351851148633187, 31.233277122941455 ], [ -102.364519595039553, 31.242768234559495 ], [ -102.357149913112693, 31.250141125261326 ] ] ] } },
{ "type": "Feature", "properties": { "ABSTRACT_L": "A-55", "ABSTRACT_N": "10355", "LEVEL1_SUR": "CT&MC RR CO", "LEVEL2_BLO": null, "LEVEL3_SUR": "7", "Surv_Sect": "7", "SHAPE_AREA": 253.96528464448213, "owner_count": 0, "owners_json": [ ], "top_operator": "", "top_owner": "", "max_propensity_score": 0, "field_name": "Unknown", "production_status": "none", "pdp_well_count": 0, "pud_well_count": 0, "well_count": 0, "permit_count": 0 }, "geometry": { "type": "Polygon", "coordinates": [ [ [ -102.454336534827249, 31.309692478429128 ], [ -102.450068108023942, 31.313993496594058 ], [ -102.444717226533783, 31.310178307133878 ], [ -102.437007421682253, 31.304680272430161 ], [ -102.44147074193161, 31.300268721414707 ], [ -102.454336534827249, 31.309692478429128 ] ] ] } },
{ "type": "Feature", "properties": { "ABSTRACT_L": "A-558", "ABSTRACT_N": "103558", "LEVEL1_SUR": "H&TC RR CO", "LEVEL2_BLO": "6", "LEVEL3_SUR": "6", "Surv_Sect": "6", "SHAPE_AREA": 467.37144147985759, "owner_count": 0, "owners_json": [ ], "top_operator": "", "top_owner": "", "max_propensity_score": 0, "field_name": "Unknown", "production_status": "none", "pdp_well_count": 0, "pud_well_count": 0, "well_count": 0, "permit_count": 0 }, "geometry": { "type": "Polygon", "coordinates": [ [ [ -102.432470125654916, 31.219504647262834 ], [ -102.445156948449679, 31.229073646398142 ], [ -102.439697401624727, 31.234510444975246 ], [ -102.435397910051734, 31.231267787408814 ], [ -102.431497689468614, 31.235151063391854 ], [ -102.423037393274356, 31.228793588668893 ], [ -102.432470125654916, 31.219504647262834 ] ] ] } },
{ "type": "Feature", "properties": { "ABSTRACT_L": "A-56", "ABSTRACT_N": "10356", "LEVEL1_SUR": "GC&SF RR CO", "LEVEL2_BLO": null, "LEVEL3_SUR": "3", "Surv_Sect": "3", "SHAPE_AREA": 317.09844877561949, "owner_count": 0, "owners_json": [ ], "top_operator": "", "top_owner": "", "max_propensity_score": 0, "field_name": "Unknown", "production_status": "none", "pdp_well_count": 0, "pud_well_count": 0, "well_count": 0, "permit_count": 0 }, "geometry": { "type": "Polygon", "coordinates": [ [ [ -102.390279794054337, 31.261785078294544 ], [ -102.403053516978559, 31.27144664009429 ], [ -102.397839568418846, 31.276731789681953 ], [ -102.396914247307748, 31.276071173833131 ], [ -102.384730390900629, 31.267371301233233 ], [ -102.390279794054337, 31.261785078294544 ] ] ] } },
{ "type": "Feature", "properties": { "ABSTRACT_L": "A-560", "ABSTRACT_N": "103560", "LEVEL1_SUR": "CCSD&RGNG RR CO", "LEVEL2_BLO": "X", "LEVEL3_SUR": "80", "Surv_Sect": "80", "SHAPE_AREA": 326.28682904585503, "owner_count": 0, "owners_json": [ ], "top_operator": "", "top_owner": "", "max_propensity_score": 0, "field_name": "Unknown", "production_status": "none", "pdp_well_count": 0, "pud_well_count": 0, "well_count": 0, "permit_count": 0 }, "geometry": { "type": "Polygon", "coordinates": [ [ [ -102.367513283958445, 31.282134865576548 ], [ -102.375240468516694, 31.280272021120062 ], [ -102.376497173161667, 31.284168663229572 ], [ -102.380077567135217, 31.29521936299486 ], [ -102.375427353166486, 31.296350532187109 ], [ -102.372289495053352, 31.297113766352521 ], [ -102.367513283958445, 31.282134865576548 ] ] ] } },
{ "type": "Feature", "properties": { "ABSTRACT_L": "A-565", "ABSTRACT_N": "103565", "LEVEL1_SUR": "PSL", "LEVEL2_BLO": "32", "LEVEL3_SUR": "37", "Surv_Sect": "37", "SHAPE_AREA": 654.20254401125965, "owner_count": 0, "owners_json": [ ], "top_operator": "", "top_owner": "", "max_propensity_score": 0, "field_name": "Unknown", "production_status": "none", "pdp_well_count": 0, "pud_well_count": 0, "well_count": 0, "permit_count": 0 }, "geometry": { "type": "Polygon", "coordinates": [ [ [ -102.516043003773731, 31.413428432987569 ], [ -102.516043123471874, 31.413428410030015 ], [ -102.520713384022585, 31.427691402283052 ], [ -102.520713216748831, 31.42769144680415 ], [ -102.504430136948542, 31.431571265242351 ], [ -102.504428542618442, 31.431571646821396 ], [ -102.500431580411231, 31.419582374277617 ], [ -102.500431536542365, 31.419582230679644 ], [ -102.499674733949021, 31.417312158996729 ], [ -102.500431522891105, 31.417132647515768 ], [ -102.50799823532293, 31.41533752917303 ], [ -102.516043003773731, 31.413428432987569 ] ] ] } },
{ "type": "Feature", "properties": { "ABSTRACT_L": "A-566", "ABSTRACT_N": "103566", "LEVEL1_SUR": "PSL", "LEVEL2_BLO": "32", "LEVEL3_SUR": "47", "Surv_Sect": "47", "SHAPE_AREA": 625.44862016061018, "owner_count": 0, "owners_json": [ ], "top_operator": "", "top_owner": "", "max_propensity_score": 0, "field_name": "Unknown", "production_status": "none", "pdp_well_count": 0, "pud_well_count": 0, "well_count": 0, "permit_count": 0 }, "geometry": { "type": "Polygon", "coordinates": [ [ [ -102.527653852520118, 31.395759008980601 ], [ -102.532220795702628, 31.409587566807993 ], [ -102.516043123471874, 31.413428410030015 ], [ -102.516043003773731, 31.413428432987569 ], [ -102.511537863927487, 31.399647599465364 ], [ -102.520007842350054, 31.397652230983073 ], [ -102.527653852520118, 31.395759008980601 ] ] ] } },
{ "type": "Feature", "properties": { "ABSTRACT_L": "A-568", "ABSTRACT_N": "103568", "LEVEL1_SUR": "PSL", "LEVEL2_BLO": "32", "LEVEL3_SUR": "38", "Surv_Sect": "38", "SHAPE_AREA": 649.13083041432503, "owner_count": 0, "owners_json": [ ], "top_operator": "", "top_owner": "", "max_propensity_score": 0, "field_name": "Unknown", "production_status": "none", "pdp_well_count": 0, "pud_well_count": 0, "well_count": 0, "permit_count": 0 }, "geometry": { "type": "Polygon", "coordinates": [ [ [ -102.536967353123245, 31.423816159620525 ], [ -102.520713384022585, 31.427691402283052 ], [ -102.516043123471874, 31.413428410030015 ], [ -102.532220795702628, 31.409587566807993 ], [ -102.536967353123245, 31.423816159620525 ] ] ] } },
{ "type": "Feature", "properties": { "ABSTRACT_L": "A-569", "ABSTRACT_N": "103569", "LEVEL1_SUR": "PSL", "LEVEL2_BLO": "32", "LEVEL3_SUR": "26", "Surv_Sect": "26", "SHAPE_AREA": 644.19212639337309, "owner_count": 0, "owners_json": [ ], "top_operator": "", "top_owner": "", "max_propensity_score": 0, "field_name": "Unknown", "production_status": "none", "pdp_well_count": 0, "pud_well_count": 0, "well_count": 0, "permit_count": 0 }, "geometry": { "type": "Polygon", "coordinates": [ [ [ -102.54618722566174, 31.451765680109936 ], [ -102.529944274890795, 31.455676006804069 ], [ -102.525292086744727, 31.441562369269889 ], [ -102.541551697692597, 31.43766874037366 ], [ -102.54618722566174, 31.451765680109936 ] ] ] } },
{ "type": "Feature", "properties": { "ABSTRACT_L": "A-57", "ABSTRACT_N": "10357", "LEVEL1_SUR": "GC&SF RR CO", "LEVEL2_BLO": null, "LEVEL3_SUR": "5", "Surv_Sect": "5", "SHAPE_AREA": 280.62714986563276, "owner_count": 0, "owners_json": [ ], "top_operator": "", "top_owner": "", "max_propensity_score": 0, "field_name": "Unknown", "production_status": "none", "pdp_well_count": 0, "pud_well_count": 0, "well_count": 0, "permit_count": 0 }, "geometry": { "type": "Polygon", "coordinates": [ [ [ -102.415840684287232, 31.28102967865556 ], [ -102.428543573584278, 31.290645389618462 ], [ -102.423921480185513, 31.295345863723313 ], [ -102.412967341214554, 31.287529675396467 ], [ -102.410939814534615, 31.286082718061532 ], [ -102.415840684287232, 31.28102967865556 ] ] ] } },
{ "type": "Feature", "properties": { "ABSTRACT_L": "A-570", "ABSTRACT_N": "103570", "LEVEL1_SUR": "PSL", "LEVEL2_BLO": "32", "LEVEL3_SUR": "25", "Surv_Sect": "25", "SHAPE_AREA": 646.09941692009681, "owner_count": 0, "owners_json": [ ], "top_operator": "", "top_owner": "", "max_propensity_score": 0, "field_name": "Unknown", "production_status": "none", "pdp_well_count": 0, "pud_well_count": 0, "well_count": 0, "permit_count": 0 }, "geometry": { "type": "Polygon", "coordinates": [ [ [ -102.525292086744727, 31.441562369269889 ], [ -102.529944274890795, 31.455676006804069 ], [ -102.513600295123737, 31.459532068052599 ], [ -102.508956018098019, 31.445495289002437 ], [ -102.525292086744727, 31.441562369269889 ] ] ] } },
{ "type": "Feature", "properties": { "ABSTRACT_L": "A-571", "ABSTRACT_N": "103571", "LEVEL1_SUR": "PSL", "LEVEL2_BLO": "32", "LEVEL3_SUR": "36", "Surv_Sect": "36", "SHAPE_AREA": 636.69595240700698, "owner_count": 0, "owners_json": [ ], "top_operator": "", "top_owner": "", "max_propensity_score": 0, "field_name": "Unknown", "production_status": "none", "pdp_well_count": 0, "pud_well_count": 0, "well_count": 0, "permit_count": 0 }, "geometry": { "type": "Polygon", "coordinates": [ [ [ -102.520713216748831, 31.42769144680415 ], [ -102.525292086744727, 31.441562369269889 ], [ -102.508956018098019, 31.445495289002437 ], [ -102.504430136948542, 31.431571265242351 ], [ -102.520713216748831, 31.42769144680415 ] ] ] } },
{ "type": "Feature", "properties": { "ABSTRACT_L": "A-572", "ABSTRACT_N": "103572", "LEVEL1_SUR": "HOLDER, J P", "LEVEL2_BLO": null, "LEVEL3_SUR": "42", "Surv_Sect": "42", "SHAPE_AREA": 149.39760673579241, "owner_count": 0, "owners_json": [ ], "top_operator": "", "top_owner": "", "max_propensity_score": 0, "field_name": "Unknown", "production_status": "none", "pdp_well_count": 0, "pud_well_count": 0, "well_count": 0, "permit_count": 0 }, "geometry": { "type": "Polygon", "coordinates": [ [ [ -102.342661704809018, 31.382971839030471 ], [ -102.346014648976421, 31.382240580764531 ], [ -102.348068859163874, 31.388338687390409 ], [ -102.349555397704393, 31.392730595286213 ], [ -102.349686159520928, 31.393144021912192 ], [ -102.351392187826278, 31.398126554811352 ], [ -102.348072778924518, 31.398921986538607 ], [ -102.346212396520116, 31.393525393299395 ], [ -102.342661704809018, 31.382971839030471 ] ] ] } },
{ "type": "Feature", "properties": { "ABSTRACT_L": "A-574", "ABSTRACT_N": "103574", "LEVEL1_SUR": "PSL", "LEVEL2_BLO": "B22", "LEVEL3_SUR": "22", "Surv_Sect": "22", "SHAPE_AREA": 328.33898116360257, "owner_count": 0, "owners_json": [ ], "top_operator": "", "top_owner": "", "max_propensity_score": 0, "field_name": "Unknown", "production_status": "none", "pdp_well_count": 0, "pud_well_count": 0, "well_count": 0, "permit_count": 0 }, "geometry": { "type": "Polygon", "coordinates": [ [ [ -102.614088947111384, 31.595786452811502 ], [ -102.613990496330729, 31.59581086994562 ], [ -102.597847702355494, 31.599813978435758 ], [ -102.595553066165863, 31.592484647570277 ], [ -102.611858616474279, 31.58868568010579 ], [ -102.614088947111384, 31.595786452811502 ] ] ] } },
{ "type": "Feature", "properties": { "ABSTRACT_L": "A-575", "ABSTRACT_N": "103575", "LEVEL1_SUR": "PSL", "LEVEL2_BLO": "B22", "LEVEL3_SUR": "9", "Surv_Sect": "9", "SHAPE_AREA": 310.19011635949107, "owner_count": 0, "owners_json": [ ], "top_operator": "", "top_owner": "", "max_propensity_score": 0, "field_name": "Unknown", "production_status": "none", "pdp_well_count": 0, "pud_well_count": 0, "well_count": 0, "permit_count": 0 }, "geometry": { "type": "Polygon", "coordinates": [ [ [ -102.637134476268812, 31.612784141180729 ], [ -102.639291768555296, 31.619423750208284 ], [ -102.625435778259003, 31.622773403678025 ], [ -102.622740454284113, 31.623424151534845 ], [ -102.620654522831387, 31.616622601246572 ], [ -102.625435878720566, 31.615508840305768 ], [ -102.637134476268812, 31.612784141180729 ] ] ] } },
{ "type": "Feature", "properties": { "ABSTRACT_L": "A-576", "ABSTRACT_N": "103576", "LEVEL1_SUR": "PSL", "LEVEL2_BLO": "B22", "LEVEL3_SUR": "21", "Surv_Sect": "21", "SHAPE_AREA": 325.31493897772322, "owner_count": 0, "owners_json": [ ], "top_operator": "", "top_owner": "", "max_propensity_score": 0, "field_name": "Unknown", "production_status": "none", "pdp_well_count": 0, "pud_well_count": 0, "well_count": 0, "permit_count": 0 }, "geometry": { "type": "Polygon", "coordinates": [ [ [ -102.628095377655612, 31.584656401338467 ], [ -102.630394418933918, 31.591818828512721 ], [ -102.625435693843144, 31.593026493562025 ], [ -102.614088947111384, 31.595786452811502 ], [ -102.611858616474279, 31.58868568010579 ], [ -102.625435580943815, 31.585316840933515 ], [ -102.628095377655612, 31.584656401338467 ] ] ] } },
{ "type": "Feature", "properties": { "ABSTRACT_L": "A-577", "ABSTRACT_N": "103577", "LEVEL1_SUR": "PSL", "LEVEL2_BLO": "B22", "LEVEL3_SUR": "28", "Surv_Sect": "28", "SHAPE_AREA": 319.75057978009306, "owner_count": 0, "owners_json": [ ], "top_operator": "", "top_owner": "", "max_propensity_score": 0, "field_name": "Unknown", "production_status": "none", "pdp_well_count": 0, "pud_well_count": 0, "well_count": 0, "permit_count": 0 }, "geometry": { "type": "Polygon", "coordinates": [ [ [ -102.625435554035619, 31.577858204635717 ], [ -102.625839904931993, 31.577764749316568 ], [ -102.628095377655612, 31.584656401338467 ], [ -102.625435580943815, 31.585316840933515 ], [ -102.611858616474279, 31.58868568010579 ], [ -102.60959709995771, 31.581518066416976 ], [ -102.625435554035619, 31.577858204635717 ] ] ] } },
{ "type": "Feature", "properties": { "ABSTRACT_L": "A-578", "ABSTRACT_N": "103578", "LEVEL1_SUR": "BROWN, B W", "LEVEL2_BLO": null, "LEVEL3_SUR": "20", "Surv_Sect": "20", "SHAPE_AREA": 1257.9834110345735, "owner_count": 0, "owners_json": [ ], "top_operator": "", "top_owner": "", "max_propensity_score": 0, "field_name": "Unknown", "production_status": "none", "pdp_well_count": 0, "pud_well_count": 0, "well_count": 0, "permit_count": 0 }, "geometry": { "type": "Polygon", "coordinates": [ [ [ -102.331538519007481, 31.33685344706123 ], [ -102.326825362650055, 31.322685144831084 ], [ -102.322224105911474, 31.30872855287862 ], [ -102.330126585211516, 31.306857881592304 ], [ -102.334833949868013, 31.320870021359806 ], [ -102.337265760320079, 31.328145923662809 ], [ -102.339599085483584, 31.335066290472156 ], [ -102.344117489587319, 31.348803829744082 ], [ -102.348828482814952, 31.362935577855673 ], [ -102.344457253190399, 31.363922035072427 ], [ -102.340819002046359, 31.364742947339554 ], [ -102.336125535588977, 31.350640710707847 ], [ -102.331538519007481, 31.33685344706123 ] ] ] } },
{ "type": "Feature", "properties": { "ABSTRACT_L": "A-579", "ABSTRACT_N": "103579", "LEVEL1_SUR": "CRAIG, P B", "LEVEL2_BLO": null, "LEVEL3_SUR": "52", "Surv_Sect": "52", "SHAPE_AREA": 510.43247817273596, "owner_count": 0, "owners_json": [ ], "top_operator": "", "top_owner": "", "max_propensity_score": 0, "field_name": "Unknown", "production_status": "none", "pdp_well_count": 0, "pud_well_count": 0, "well_count": 0, "permit_count": 0 }, "geometry": { "type": "Polygon", "coordinates": [ [ [ -102.313474000057937, 31.310748450530703 ], [ -102.31827074797468, 31.309641956436391 ], [ -102.321321000076608, 31.308932517541301 ], [ -102.322224105911474, 31.30872855287862 ], [ -102.326825362650055, 31.322685144831084 ], [ -102.325986741459488, 31.322909991153672 ], [ -102.322937160661837, 31.323598195530387 ], [ -102.311762096074105, 31.32617544800874 ], [ -102.311461844084519, 31.317047681601959 ], [ -102.311229798400817, 31.311277839785806 ], [ -102.313474000057937, 31.310748450530703 ] ] ] } },
{ "type": "Feature", "properties": { "ABSTRACT_L": "A-58", "ABSTRACT_N": "10358", "LEVEL1_SUR": "GC&SF RR CO", "LEVEL2_BLO": "X4", "LEVEL3_SUR": "73", "Surv_Sect": "73", "SHAPE_AREA": 676.37694402638022, "owner_count": 0, "owners_json": [ ], "top_operator": "", "top_owner": "", "max_propensity_score": 0, "field_name": "Unknown", "production_status": "none", "pdp_well_count": 0, "pud_well_count": 0, "well_count": 0, "permit_count": 0 }, "geometry": { "type": "Polygon", "coordinates": [ [ [ -102.429032616624383, 31.298992093065308 ], [ -102.437007421682253, 31.304680272430161 ], [ -102.444717226533783, 31.310178307133878 ], [ -102.433504304874788, 31.312783945435616 ], [ -102.421934720854082, 31.315518928523506 ], [ -102.421662427043145, 31.315583283486973 ], [ -102.418550360435773, 31.306083766109094 ], [ -102.417146423846702, 31.30179765259432 ], [ -102.429032616624383, 31.298992093065308 ] ] ] } },
{ "type": "Feature", "properties": { "ABSTRACT_L": "A-583", "ABSTRACT_N": "103583", "LEVEL1_SUR": "PSL", "LEVEL2_BLO": "B22", "LEVEL3_SUR": "1", "Surv_Sect": "1", "SHAPE_AREA": 550.54231979246424, "owner_count": 0, "owners_json": [ ], "top_operator": "", "top_owner": "", "max_propensity_score": 0, "field_name": "Unknown", "production_status": "none", "pdp_well_count": 0, "pud_well_count": 0, "well_count": 0, "permit_count": 0 }, "geometry": { "type": "Polygon", "coordinates": [ [ [ -102.574522849822316, 31.642514374948792 ], [ -102.574447990862225, 31.642324473132749 ], [ -102.592299640654716, 31.638039123509078 ], [ -102.596373054546746, 31.651280487417182 ], [ -102.577394247343136, 31.65127904355835 ], [ -102.574522849822316, 31.642514374948792 ] ] ] } },
{ "type": "Feature", "properties": { "ABSTRACT_L": "A-584", "ABSTRACT_N": "103584", "LEVEL1_SUR": "PSL", "LEVEL2_BLO": "32", "LEVEL3_SUR": "16", "Surv_Sect": "16", "SHAPE_AREA": 636.09866957548206, "owner_count": 0, "owners_json": [ ], "top_operator": "", "top_owner": "", "max_propensity_score": 0, "field_name": "Unknown", "production_status": "none", "pdp_well_count": 0, "pud_well_count": 0, "well_count": 0, "permit_count": 0 }, "geometry": { "type": "Polygon", "coordinates": [ [ [ -102.587989944574758, 31.471891861929318 ], [ -102.571809422459125, 31.475774459466638 ], [ -102.567160808825122, 31.461764007036823 ], [ -102.583407396898707, 31.457956928927715 ], [ -102.587989944574758, 31.471891861929318 ] ] ] } },
{ "type": "Feature", "properties": { "ABSTRACT_L": "A-585", "ABSTRACT_N": "103585", "LEVEL1_SUR": "PSL", "LEVEL2_BLO": "32", "LEVEL3_SUR": "15", "Surv_Sect": "15", "SHAPE_AREA": 645.30436132531122, "owner_count": 0, "owners_json": [ ], "top_operator": "", "top_owner": "", "max_propensity_score": 0, "field_name": "Unknown", "production_status": "none", "pdp_well_count": 0, "pud_well_count": 0, "well_count": 0, "permit_count": 0 }, "geometry": { "type": "Polygon", "coordinates": [ [ [ -102.571809422459125, 31.475774459466638 ], [ -102.555390814289098, 31.479624639601877 ], [ -102.550754778570521, 31.465610646606176 ], [ -102.567160808825122, 31.461764007036823 ], [ -102.571809422459125, 31.475774459466638 ] ] ] } },
{ "type": "Feature", "properties": { "ABSTRACT_L": "A-586", "ABSTRACT_N": "103586", "LEVEL1_SUR": "PSL", "LEVEL2_BLO": "32", "LEVEL3_SUR": "22", "Surv_Sect": "22", "SHAPE_AREA": 639.41956576831444, "owner_count": 0, "owners_json": [ ], "top_operator": "", "top_owner": "", "max_propensity_score": 0, "field_name": "Unknown", "production_status": "none", "pdp_well_count": 0, "pud_well_count": 0, "well_count": 0, "permit_count": 0 }, "geometry": { "type": "Polygon", "coordinates": [ [ [ -102.562549029852548, 31.447818620128 ], [ -102.567160808825122, 31.461764007036823 ], [ -102.550754778570521, 31.465610646606176 ], [ -102.54618722566174, 31.451765680109936 ], [ -102.562549029852548, 31.447818620128 ] ] ] } },
{ "type": "Feature", "properties": { "ABSTRACT_L": "A-587", "ABSTRACT_N": "103587", "LEVEL1_SUR": "PSL", "LEVEL2_BLO": "32", "LEVEL3_SUR": "21", "Surv_Sect": "21", "SHAPE_AREA": 639.75746765882786, "owner_count": 0, "owners_json": [ ], "top_operator": "", "top_owner": "", "max_propensity_score": 0, "field_name": "Unknown", "production_status": "none", "pdp_well_count": 0, "pud_well_count": 0, "well_count": 0, "permit_count": 0 }, "geometry": { "type": "Polygon", "coordinates": [ [ [ -102.578871022206755, 31.443900521645098 ], [ -102.583407396898707, 31.457956928927715 ], [ -102.567160808825122, 31.461764007036823 ], [ -102.562549029852548, 31.447818620128 ], [ -102.578871022206755, 31.443900521645098 ] ] ] } },
{ "type": "Feature", "properties": { "ABSTRACT_L": "A-588", "ABSTRACT_N": "103588", "LEVEL1_SUR": "PSL", "LEVEL2_BLO": "32", "LEVEL3_SUR": "9", "Surv_Sect": "9", "SHAPE_AREA": 631.56245760319177, "owner_count": 0, "owners_json": [ ], "top_operator": "", "top_owner": "", "max_propensity_score": 0, "field_name": "Unknown", "production_status": "none", "pdp_well_count": 0, "pud_well_count": 0, "well_count": 0, "permit_count": 0 }, "geometry": { "type": "Polygon", "coordinates": [ [ [ -102.587989944574758, 31.471891861929318 ], [ -102.592645838351899, 31.485700330281166 ], [ -102.57634513468922, 31.489629457198351 ], [ -102.571809422459125, 31.475774459466638 ], [ -102.587989944574758, 31.471891861929318 ] ] ] } },
{ "type": "Feature", "properties": { "ABSTRACT_L": "A-589", "ABSTRACT_N": "103589", "LEVEL1_SUR": "PSL", "LEVEL2_BLO": "32", "LEVEL3_SUR": "10", "Surv_Sect": "10", "SHAPE_AREA": 643.68580234759293, "owner_count": 0, "owners_json": [ ], "top_operator": "", "top_owner": "", "max_propensity_score": 0, "field_name": "Unknown", "production_status": "none", "pdp_well_count": 0, "pud_well_count": 0, "well_count": 0, "permit_count": 0 }, "geometry": { "type": "Polygon", "coordinates": [ [ [ -102.571809422459125, 31.475774459466638 ], [ -102.57634513468922, 31.489629457198351 ], [ -102.559767406398549, 31.493622897255694 ], [ -102.559654609382164, 31.493268177102824 ], [ -102.555390814289098, 31.479624639601877 ], [ -102.571809422459125, 31.475774459466638 ] ] ] } },
{ "type": "Feature", "properties": { "ABSTRACT_L": "A-59", "ABSTRACT_N": "10359", "LEVEL1_SUR": "GC&SF RR CO", "LEVEL2_BLO": "X4", "LEVEL3_SUR": "75", "Surv_Sect": "75", "SHAPE_AREA": 679.53201328303498, "owner_count": 0, "owners_json": [ ], "top_operator": "", "top_owner": "", "max_propensity_score": 0, "field_name": "Unknown", "production_status": "none", "pdp_well_count": 0, "pud_well_count": 0, "well_count": 0, "permit_count": 0 }, "geometry": { "type": "Polygon", "coordinates": [ [ [ -102.38952724717285, 31.292973689435605 ], [ -102.38969663636577, 31.292933798944244 ], [ -102.401681374487808, 31.290110780945891 ], [ -102.403961964301999, 31.297240030784494 ], [ -102.406243173033417, 31.30437010331838 ], [ -102.4141696243083, 31.302500087056117 ], [ -102.417146423846702, 31.30179765259432 ], [ -102.418550360435773, 31.306083766109094 ], [ -102.402384150419067, 31.309909734956005 ], [ -102.400945673926884, 31.305531664845326 ], [ -102.394081073300384, 31.307167390321702 ], [ -102.38952724717285, 31.292973689435605 ] ] ] } },
{ "type": "Feature", "properties": { "ABSTRACT_L": "A-590", "ABSTRACT_N": "103590", "LEVEL1_SUR": "PSL", "LEVEL2_BLO": "32", "LEVEL3_SUR": "4", "Surv_Sect": "4", "SHAPE_AREA": 642.27206907625373, "owner_count": 0, "owners_json": [ ], "top_operator": "", "top_owner": "", "max_propensity_score": 0, "field_name": "Unknown", "production_status": "none", "pdp_well_count": 0, "pud_well_count": 0, "well_count": 0, "permit_count": 0 }, "geometry": { "type": "Polygon", "coordinates": [ [ [ -102.592645838351899, 31.485700330281166 ], [ -102.597147311101551, 31.49973497318194 ], [ -102.594768052112158, 31.500306259453296 ], [ -102.594761400532747, 31.50030785750376 ], [ -102.584159413539595, 31.502852902223669 ], [ -102.580787885219138, 31.503662044139841 ], [ -102.579663767103355, 31.500111889301689 ], [ -102.579663600142212, 31.500111356118349 ], [ -102.57634513468922, 31.489629457198351 ], [ -102.592645838351899, 31.485700330281166 ] ] ] } },
{ "type": "Feature", "properties": { "ABSTRACT_L": "A-591", "ABSTRACT_N": "103591", "LEVEL1_SUR": "PSL", "LEVEL2_BLO": "32", "LEVEL3_SUR": "3", "Surv_Sect": "3", "SHAPE_AREA": 650.98066151666546, "owner_count": 0, "owners_json": [ ], "top_operator": "", "top_owner": "", "max_propensity_score": 0, "field_name": "Unknown", "production_status": "none", "pdp_well_count": 0, "pud_well_count": 0, "well_count": 0, "permit_count": 0 }, "geometry": { "type": "Polygon", "coordinates": [ [ [ -102.57634513468922, 31.489629457198351 ], [ -102.579663600142212, 31.500111356118349 ], [ -102.579663767103355, 31.500111889301689 ], [ -102.580787885219138, 31.503662044139841 ], [ -102.568270614770626, 31.506665187211663 ], [ -102.564224134113644, 31.507635718777674 ], [ -102.561838368997144, 31.500134931123991 ], [ -102.561837869152214, 31.500133359003563 ], [ -102.559767406398549, 31.493622897255694 ], [ -102.57634513468922, 31.489629457198351 ] ] ] } },
{ "type": "Feature", "properties": { "ABSTRACT_L": "A-596", "ABSTRACT_N": "103596", "LEVEL1_SUR": "CCSD&RGNG RR CO", "LEVEL2_BLO": "X", "LEVEL3_SUR": "86", "Surv_Sect": "86", "SHAPE_AREA": 686.36024390283069, "owner_count": 0, "owners_json": [ ], "top_operator": "", "top_owner": "", "max_propensity_score": 0, "field_name": "Unknown", "production_status": "none", "pdp_well_count": 0, "pud_well_count": 0, "well_count": 0, "permit_count": 0 }, "geometry": { "type": "Polygon", "coordinates": [ [ [ -102.338002257730452, 31.274153663460758 ], [ -102.320624279052055, 31.278308323398708 ], [ -102.317561061196002, 31.269034926049855 ], [ -102.316002003645806, 31.264290938930497 ], [ -102.320659584836903, 31.26319556116492 ], [ -102.333536666753574, 31.260198998826414 ], [ -102.333982413212638, 31.261565254935974 ], [ -102.338002257730452, 31.274153663460758 ] ] ] } },
{ "type": "Feature", "properties": { "ABSTRACT_L": "A-597", "ABSTRACT_N": "103597", "LEVEL1_SUR": "H&TC RR CO", "LEVEL2_BLO": "35", "LEVEL3_SUR": "4", "Surv_Sect": "4", "SHAPE_AREA": 263.6822778666866, "owner_count": 0, "owners_json": [ ], "top_operator": "", "top_owner": "", "max_propensity_score": 0, "field_name": "Unknown", "production_status": "none", "pdp_well_count": 0, "pud_well_count": 0, "well_count": 0, "permit_count": 0 }, "geometry": { "type": "Polygon", "coordinates": [ [ [ -102.35753677681501, 31.192468677075375 ], [ -102.364697407492343, 31.197727708607353 ], [ -102.36083438783669, 31.201628192039681 ], [ -102.356649780457886, 31.205857290660685 ], [ -102.349418987283087, 31.200624454897895 ], [ -102.35753677681501, 31.192468677075375 ] ] ] } },
{ "type": "Feature", "properties": { "ABSTRACT_L": "A-598", "ABSTRACT_N": "103598", "LEVEL1_SUR": "H&TC RR CO", "LEVEL2_BLO": "6", "LEVEL3_SUR": "26", "Surv_Sect": "26", "SHAPE_AREA": 165.52063092041783, "owner_count": 0, "owners_json": [ ], "top_operator": "", "top_owner": "", "max_propensity_score": 0, "field_name": "Unknown", "production_status": "none", "pdp_well_count": 0, "pud_well_count": 0, "well_count": 0, "permit_count": 0 }, "geometry": { "type": "Polygon", "coordinates": [ [ [ -102.394838029538491, 31.189602755900239 ], [ -102.389583295089253, 31.194904904437784 ], [ -102.382679202045395, 31.189885050836327 ], [ -102.387905069636091, 31.184517719418814 ], [ -102.394838029538491, 31.189602755900239 ] ] ] } },
{ "type": "Feature", "properties": { "ABSTRACT_L": "A-599", "ABSTRACT_N": "103599", "LEVEL1_SUR": "H&TC RR CO", "LEVEL2_BLO": "35", "LEVEL3_SUR": "20", "Surv_Sect": "20", "SHAPE_AREA": 326.75856785152126, "owner_count": 0, "owners_json": [ ], "top_operator": "", "top_owner": "", "max_propensity_score": 0, "field_name": "Unknown", "production_status": "none", "pdp_well_count": 0, "pud_well_count": 0, "well_count": 0, "permit_count": 0 }, "geometry": { "type": "Polygon", "coordinates": [ [ [ -102.326052803481303, 31.179027379195965 ], [ -102.332664679289266, 31.183803606357444 ], [ -102.339282607257857, 31.188583369029246 ], [ -102.333829157153602, 31.194100663559585 ], [ -102.320594965359476, 31.184541106618337 ], [ -102.326052803481303, 31.179027379195965 ] ] ] } },
{ "type": "Feature", "properties": { "ABSTRACT_L": "A-6", "ABSTRACT_N": "1036", "LEVEL1_SUR": "CCSD&RGNG RR CO", "LEVEL2_BLO": "F", "LEVEL3_SUR": "201", "Surv_Sect": "201", "SHAPE_AREA": 655.19693458889094, "owner_count": 0, "owners_json": [ ], "top_operator": "", "top_owner": "", "max_propensity_score": 0, "field_name": "Unknown", "production_status": "none", "pdp_well_count": 0, "pud_well_count": 0, "well_count": 0, "permit_count": 0 }, "geometry": { "type": "Polygon", "coordinates": [ [ [ -102.342926643396794, 31.423956490380153 ], [ -102.347308593121454, 31.437138410245502 ], [ -102.347308975974144, 31.437138320780221 ], [ -102.347717756433468, 31.438373914439211 ], [ -102.33142030295177, 31.441982798233632 ], [ -102.331095956416021, 31.441040019483555 ], [ -102.326617747283976, 31.427718606157597 ], [ -102.342898291517329, 31.423963096558548 ], [ -102.342926643396794, 31.423956490380153 ] ] ] } },
{ "type": "Feature", "properties": { "ABSTRACT_L": "A-600", "ABSTRACT_N": "103600", "LEVEL1_SUR": "H&TC RR CO", "LEVEL2_BLO": "35", "LEVEL3_SUR": "8", "Surv_Sect": "8", "SHAPE_AREA": 149.44938242468359, "owner_count": 0, "owners_json": [ ], "top_operator": "", "top_owner": "", "max_propensity_score": 0, "field_name": "Unknown", "production_status": "none", "pdp_well_count": 0, "pud_well_count": 0, "well_count": 0, "permit_count": 0 }, "geometry": { "type": "Polygon", "coordinates": [ [ [ -102.334404329279693, 31.204023430567045 ], [ -102.3287166552836, 31.209477335882614 ], [ -102.322816175668706, 31.205213548643439 ], [ -102.328389987798502, 31.199631946239382 ], [ -102.334404329279693, 31.204023430567045 ] ] ] } },
{ "type": "Feature", "properties": { "ABSTRACT_L": "A-601", "ABSTRACT_N": "103601", "LEVEL1_SUR": "CCSD&RGNG RR CO", "LEVEL2_BLO": "X", "LEVEL3_SUR": "28", "Surv_Sect": "28", "SHAPE_AREA": 651.40667687533141, "owner_count": 0, "owners_json": [ ], "top_operator": "", "top_owner": "", "max_propensity_score": 0, "field_name": "Unknown", "production_status": "none", "pdp_well_count": 0, "pud_well_count": 0, "well_count": 0, "permit_count": 0 }, "geometry": { "type": "Polygon", "coordinates": [ [ [ -102.432734523485607, 31.40323793034262 ], [ -102.437362163201016, 31.41738049629717 ], [ -102.430007876390917, 31.419125774301754 ], [ -102.42096884446066, 31.42127020579348 ], [ -102.416335379591743, 31.407104942274263 ], [ -102.432734467728295, 31.403237945145264 ], [ -102.432734523485607, 31.40323793034262 ] ] ] } },
{ "type": "Feature", "properties": { "ABSTRACT_L": "A-602", "ABSTRACT_N": "103602", "LEVEL1_SUR": "CCSD&RGNG RR CO", "LEVEL2_BLO": "X", "LEVEL3_SUR": "44", "Surv_Sect": "44", "SHAPE_AREA": 644.59244869284646, "owner_count": 0, "owners_json": [ ], "top_operator": "", "top_owner": "", "max_propensity_score": 0, "field_name": "Unknown", "production_status": "none", "pdp_well_count": 0, "pud_well_count": 0, "well_count": 0, "permit_count": 0 }, "geometry": { "type": "Polygon", "coordinates": [ [ [ -102.465645905684752, 31.395482934771298 ], [ -102.470217896077031, 31.409577471126113 ], [ -102.462721683451477, 31.411358623648294 ], [ -102.453914458238671, 31.413450632230997 ], [ -102.449379467045375, 31.399317042079197 ], [ -102.44938239233548, 31.399316354013699 ], [ -102.465644869634787, 31.395483181459092 ], [ -102.465645905684752, 31.395482934771298 ] ] ] } },
{ "type": "Feature", "properties": { "ABSTRACT_L": "A-603", "ABSTRACT_N": "103603", "LEVEL1_SUR": "CCSD&RGNG RR CO", "LEVEL2_BLO": "X", "LEVEL3_SUR": "60", "Surv_Sect": "60", "SHAPE_AREA": 683.63223193588101, "owner_count": 0, "owners_json": [ ], "top_operator": "", "top_owner": "", "max_propensity_score": 0, "field_name": "Unknown", "production_status": "none", "pdp_well_count": 0, "pud_well_count": 0, "well_count": 0, "permit_count": 0 }, "geometry": { "type": "Polygon", "coordinates": [ [ [ -102.481798268824704, 31.391673387378702 ], [ -102.499143282467372, 31.387579972686666 ], [ -102.499143792482158, 31.38757985280062 ], [ -102.500431404399492, 31.391569185752619 ], [ -102.503672089908832, 31.401608041827046 ], [ -102.503420865402404, 31.401668930673043 ], [ -102.500431455682417, 31.402393457964457 ], [ -102.500431248367278, 31.402393503232574 ], [ -102.495286632227277, 31.403617339656002 ], [ -102.486342267250379, 31.405744520438624 ], [ -102.481798268824704, 31.391673387378702 ] ] ] } },
{ "type": "Feature", "properties": { "ABSTRACT_L": "A-61", "ABSTRACT_N": "10361", "LEVEL1_SUR": "H&GN RR CO", "LEVEL2_BLO": null, "LEVEL3_SUR": "3", "Surv_Sect": "3", "SHAPE_AREA": 302.46376331863598, "owner_count": 0, "owners_json": [ ], "top_operator": "", "top_owner": "", "max_propensity_score": 0, "field_name": "Unknown", "production_status": "none", "pdp_well_count": 0, "pud_well_count": 0, "well_count": 0, "permit_count": 0 }, "geometry": { "type": "Polygon", "coordinates": [ [ [ -102.423225919520547, 31.155966672743432 ], [ -102.423021751098744, 31.156351573679427 ], [ -102.423016057517756, 31.156708680256902 ], [ -102.423092883754052, 31.157055298353509 ], [ -102.423234067126302, 31.157369068787634 ], [ -102.42326647536548, 31.157808699358885 ], [ -102.423164217083936, 31.15812771946225 ], [ -102.423126647793751, 31.158473729595009 ], [ -102.42324815109076, 31.15881538316626 ], [ -102.423338216362353, 31.159194770244063 ], [ -102.423427837795487, 31.159541148247694 ], [ -102.42334508496107, 31.15999738182234 ], [ -102.423307004267457, 31.160355095088864 ], [ -102.423486189929037, 31.160558783172007 ], [ -102.42377850785924, 31.160540716742709 ], [ -102.416327031365725, 31.168103808171399 ], [ -102.410021132978656, 31.163458743783462 ], [ -102.42353603295021, 31.150014985116758 ], [ -102.423666292475687, 31.150178304562054 ], [ -102.423781423879092, 31.150458857756075 ], [ -102.423814274642751, 31.151041548909735 ], [ -102.423846671409549, 31.151261057435647 ], [ -102.423923775083608, 31.151618675979979 ], [ -102.423968681475358, 31.151921181235831 ], [ -102.424244017240838, 31.152069419520341 ], [ -102.424627217627787, 31.15210281845534 ], [ -102.425119676895278, 31.152202265483691 ], [ -102.425330700456016, 31.15230630188676 ], [ -102.425478094918148, 31.15247137549721 ], [ -102.425133377676516, 31.152817644926152 ], [ -102.424884199919305, 31.153021110080982 ], [ -102.424718466931836, 31.153218882850993 ], [ -102.424469362942261, 31.153378322622714 ], [ -102.424418131256743, 31.153565005846122 ], [ -102.42444451577876, 31.154191847827857 ], [ -102.424598295456107, 31.15445035185904 ], [ -102.424585970491677, 31.154829594663887 ], [ -102.424445840635855, 31.15513763256714 ], [ -102.424056074453546, 31.155396009197169 ], [ -102.423859680908208, 31.155675970169611 ], [ -102.423629956631771, 31.155794251218101 ], [ -102.423541333218552, 31.15583988074329 ], [ -102.423225919520547, 31.155966672743432 ] ] ] } },
{ "type": "Feature", "properties": { "ABSTRACT_L": "A-610", "ABSTRACT_N": "103610", "LEVEL1_SUR": "PSL", "LEVEL2_BLO": "32", "LEVEL3_SUR": "35", "Surv_Sect": "35", "SHAPE_AREA": 633.33752407567658, "owner_count": 0, "owners_json": [ ], "top_operator": "", "top_owner": "", "max_propensity_score": 0, "field_name": "Unknown", "production_status": "none", "pdp_well_count": 0, "pud_well_count": 0, "well_count": 0, "permit_count": 0 }, "geometry": { "type": "Polygon", "coordinates": [ [ [ -102.536967353123245, 31.423816159620525 ], [ -102.541551697692597, 31.43766874037366 ], [ -102.525292086744727, 31.441562369269889 ], [ -102.520713216748831, 31.42769144680415 ], [ -102.520713384022585, 31.427691402283052 ], [ -102.536967353123245, 31.423816159620525 ] ] ] } },
{ "type": "Feature", "properties": { "ABSTRACT_L": "A-611", "ABSTRACT_N": "103611", "LEVEL1_SUR": "PSL", "LEVEL2_BLO": "32", "LEVEL3_SUR": "46", "Surv_Sect": "46", "SHAPE_AREA": 649.22739633846322, "owner_count": 0, "owners_json": [ ], "top_operator": "", "top_owner": "", "max_propensity_score": 0, "field_name": "Unknown", "production_status": "none", "pdp_well_count": 0, "pud_well_count": 0, "well_count": 0, "permit_count": 0 }, "geometry": { "type": "Polygon", "coordinates": [ [ [ -102.54884582593462, 31.405731837669265 ], [ -102.532220795702628, 31.409587566807993 ], [ -102.527653852520118, 31.395759008980601 ], [ -102.536257408819026, 31.393669859184861 ], [ -102.544276078321502, 31.391762174114405 ], [ -102.54884582593462, 31.405731837669265 ] ] ] } },
{ "type": "Feature", "properties": { "ABSTRACT_L": "A-612", "ABSTRACT_N": "103612", "LEVEL1_SUR": "PSL", "LEVEL2_BLO": "32", "LEVEL3_SUR": "40", "Surv_Sect": "40", "SHAPE_AREA": 641.38601631758399, "owner_count": 0, "owners_json": [ ], "top_operator": "", "top_owner": "", "max_propensity_score": 0, "field_name": "Unknown", "production_status": "none", "pdp_well_count": 0, "pud_well_count": 0, "well_count": 0, "permit_count": 0 }, "geometry": { "type": "Polygon", "coordinates": [ [ [ -102.569663403660357, 31.41596042469132 ], [ -102.553389799463801, 31.419887528584841 ], [ -102.54884582593462, 31.405731837669265 ], [ -102.565091588853321, 31.401986002710153 ], [ -102.569663403660357, 31.41596042469132 ] ] ] } },
{ "type": "Feature", "properties": { "ABSTRACT_L": "A-613", "ABSTRACT_N": "103613", "LEVEL1_SUR": "PSL", "LEVEL2_BLO": "32", "LEVEL3_SUR": "45", "Surv_Sect": "45", "SHAPE_AREA": 637.92717817274013, "owner_count": 0, "owners_json": [ ], "top_operator": "", "top_owner": "", "max_propensity_score": 0, "field_name": "Unknown", "production_status": "none", "pdp_well_count": 0, "pud_well_count": 0, "well_count": 0, "permit_count": 0 }, "geometry": { "type": "Polygon", "coordinates": [ [ [ -102.565091588853321, 31.401986002710153 ], [ -102.54884582593462, 31.405731837669265 ], [ -102.544276078321502, 31.391762174114405 ], [ -102.555954207779791, 31.38897849179892 ], [ -102.56044402676234, 31.387903535097504 ], [ -102.565091588853321, 31.401986002710153 ] ] ] } },
{ "type": "Feature", "properties": { "ABSTRACT_L": "A-614", "ABSTRACT_N": "103614", "LEVEL1_SUR": "PSL", "LEVEL2_BLO": "32", "LEVEL3_SUR": "14", "Surv_Sect": "14", "SHAPE_AREA": 643.34793796433451, "owner_count": 0, "owners_json": [ ], "top_operator": "", "top_owner": "", "max_propensity_score": 0, "field_name": "Unknown", "production_status": "none", "pdp_well_count": 0, "pud_well_count": 0, "well_count": 0, "permit_count": 0 }, "geometry": { "type": "Polygon", "coordinates": [ [ [ -102.555390814289098, 31.479624639601877 ], [ -102.539116331066325, 31.483541439102048 ], [ -102.534448571045573, 31.469427114966631 ], [ -102.550754778570521, 31.465610646606176 ], [ -102.555390814289098, 31.479624639601877 ] ] ] } },
{ "type": "Feature", "properties": { "ABSTRACT_L": "A-615", "ABSTRACT_N": "103615", "LEVEL1_SUR": "PSL", "LEVEL2_BLO": "B26", "LEVEL3_SUR": "26", "Surv_Sect": "26", "SHAPE_AREA": 678.78801368758593, "owner_count": 0, "owners_json": [ ], "top_operator": "", "top_owner": "", "max_propensity_score": 0, "field_name": "Unknown", "production_status": "none", "pdp_well_count": 0, "pud_well_count": 0, "well_count": 0, "permit_count": 0 }, "geometry": { "type": "Polygon", "coordinates": [ [ [ -102.568270614770626, 31.506665187211663 ], [ -102.572921150294931, 31.521473354526851 ], [ -102.556566461313423, 31.525364157821418 ], [ -102.551824608988497, 31.510608768014464 ], [ -102.564224134113644, 31.507635718777674 ], [ -102.568270614770626, 31.506665187211663 ] ] ] } },
{ "type": "Feature", "properties": { "ABSTRACT_L": "A-616", "ABSTRACT_N": "103616", "LEVEL1_SUR": "T&P RR CO", "LEVEL2_BLO": "42 T4S", "LEVEL3_SUR": "30", "Surv_Sect": "30", "SHAPE_AREA": 684.01018316049453, "owner_count": 0, "owners_json": [ ], "top_operator": "", "top_owner": "", "max_propensity_score": 0, "field_name": "Unknown", "production_status": "none", "pdp_well_count": 0, "pud_well_count": 0, "well_count": 0, "permit_count": 0 }, "geometry": { "type": "Polygon", "coordinates": [ [ [ -102.349412039479731, 31.604254450884529 ], [ -102.353875121389123, 31.61766806284902 ], [ -102.35406093665334, 31.618248782061659 ], [ -102.337448423383407, 31.621909529262588 ], [ -102.336539886954426, 31.622109657589679 ], [ -102.331915446278572, 31.608096399095334 ], [ -102.332983198803831, 31.607862017420068 ], [ -102.349412039479731, 31.604254450884529 ] ] ] } },
{ "type": "Feature", "properties": { "ABSTRACT_L": "A-617", "ABSTRACT_N": "103617", "LEVEL1_SUR": "PSL", "LEVEL2_BLO": "B24", "LEVEL3_SUR": "9", "Surv_Sect": "9", "SHAPE_AREA": 662.27000687563304, "owner_count": 0, "owners_json": [ ], "top_operator": "", "top_owner": "", "max_propensity_score": 0, "field_name": "Unknown", "production_status": "none", "pdp_well_count": 0, "pud_well_count": 0, "well_count": 0, "permit_count": 0 }, "geometry": { "type": "Polygon", "coordinates": [ [ [ -102.385675910855781, 31.550064900050344 ], [ -102.389938222091075, 31.564304820960185 ], [ -102.37542870089159, 31.567606178706214 ], [ -102.373226086627042, 31.568107255788004 ], [ -102.373218932554266, 31.568109002787978 ], [ -102.368745335569741, 31.554129437373881 ], [ -102.375428782792582, 31.552524497948884 ], [ -102.384535832723969, 31.550337569116959 ], [ -102.385675910855781, 31.550064900050344 ] ] ] } },
{ "type": "Feature", "properties": { "ABSTRACT_L": "A-62", "ABSTRACT_N": "10362", "LEVEL1_SUR": "H&OB RR CO", "LEVEL2_BLO": null, "LEVEL3_SUR": "1", "Surv_Sect": "1", "SHAPE_AREA": 683.69063223978412, "owner_count": 0, "owners_json": [ ], "top_operator": "", "top_owner": "", "max_propensity_score": 0, "field_name": "Unknown", "production_status": "none", "pdp_well_count": 0, "pud_well_count": 0, "well_count": 0, "permit_count": 0 }, "geometry": { "type": "Polygon", "coordinates": [ [ [ -102.351851148633187, 31.233277122941455 ], [ -102.340367161032717, 31.244985956799816 ], [ -102.327489789980376, 31.235291306383012 ], [ -102.328276274151349, 31.234469639261317 ], [ -102.332045138118701, 31.230686769581069 ], [ -102.339042598474677, 31.223598861204053 ], [ -102.343993795650363, 31.227330913934988 ], [ -102.351851148633187, 31.233277122941455 ] ] ] } },
{ "type": "Feature", "properties": { "ABSTRACT_L": "A-625", "ABSTRACT_N": "103625", "LEVEL1_SUR": "PSL", "LEVEL2_BLO": "32", "LEVEL3_SUR": "23", "Surv_Sect": "23", "SHAPE_AREA": 630.38028009240065, "owner_count": 0, "owners_json": [ ], "top_operator": "", "top_owner": "", "max_propensity_score": 0, "field_name": "Unknown", "production_status": "none", "pdp_well_count": 0, "pud_well_count": 0, "well_count": 0, "permit_count": 0 }, "geometry": { "type": "Polygon", "coordinates": [ [ [ -102.54618722566174, 31.451765680109936 ], [ -102.550754778570521, 31.465610646606176 ], [ -102.534448571045573, 31.469427114966631 ], [ -102.529944274890795, 31.455676006804069 ], [ -102.54618722566174, 31.451765680109936 ] ] ] } },
{ "type": "Feature", "properties": { "ABSTRACT_L": "A-626", "ABSTRACT_N": "103626", "LEVEL1_SUR": "PSL", "LEVEL2_BLO": "32", "LEVEL3_SUR": "13", "Surv_Sect": "13", "SHAPE_AREA": 650.52324829947349, "owner_count": 0, "owners_json": [ ], "top_operator": "", "top_owner": "", "max_propensity_score": 0, "field_name": "Unknown", "production_status": "none", "pdp_well_count": 0, "pud_well_count": 0, "well_count": 0, "permit_count": 0 }, "geometry": { "type": "Polygon", "coordinates": [ [ [ -102.539116331066325, 31.483541439102048 ], [ -102.522754424574941, 31.487461278239248 ], [ -102.51806332014489, 31.473275359192609 ], [ -102.534448571045573, 31.469427114966631 ], [ -102.539116331066325, 31.483541439102048 ] ] ] } },
{ "type": "Feature", "properties": { "ABSTRACT_L": "A-627", "ABSTRACT_N": "103627", "LEVEL1_SUR": "PSL", "LEVEL2_BLO": "32", "LEVEL3_SUR": "24", "Surv_Sect": "24", "SHAPE_AREA": 630.76646167279705, "owner_count": 0, "owners_json": [ ], "top_operator": "", "top_owner": "", "max_propensity_score": 0, "field_name": "Unknown", "production_status": "none", "pdp_well_count": 0, "pud_well_count": 0, "well_count": 0, "permit_count": 0 }, "geometry": { "type": "Polygon", "coordinates": [ [ [ -102.529944274890795, 31.455676006804069 ], [ -102.534448571045573, 31.469427114966631 ], [ -102.51806332014489, 31.473275359192609 ], [ -102.513600295123737, 31.459532068052599 ], [ -102.529944274890795, 31.455676006804069 ] ] ] } },
{ "type": "Feature", "properties": { "ABSTRACT_L": "A-629", "ABSTRACT_N": "103629", "LEVEL1_SUR": "H&TC RR CO", "LEVEL2_BLO": "3", "LEVEL3_SUR": "12", "Surv_Sect": "12", "SHAPE_AREA": 642.38078488256349, "owner_count": 0, "owners_json": [ ], "top_operator": "", "top_owner": "", "max_propensity_score": 0, "field_name": "Unknown", "production_status": "none", "pdp_well_count": 0, "pud_well_count": 0, "well_count": 0, "permit_count": 0 }, "geometry": { "type": "Polygon", "coordinates": [ [ [ -102.62543460505033, 31.34118438032479 ], [ -102.626086652017776, 31.340516996637504 ], [ -102.638948501818462, 31.349911168503649 ], [ -102.628049893339778, 31.361115037205941 ], [ -102.625434715390071, 31.35919390302158 ], [ -102.615190561873135, 31.351666786474173 ], [ -102.62543460505033, 31.34118438032479 ] ] ] } },
{ "type": "Feature", "properties": { "ABSTRACT_L": "A-63", "ABSTRACT_N": "10363", "LEVEL1_SUR": "H&TC RR CO", "LEVEL2_BLO": "6", "LEVEL3_SUR": "1", "Surv_Sect": "1", "SHAPE_AREA": 656.11144288458911, "owner_count": 0, "owners_json": [ ], "top_operator": "", "top_owner": "", "max_propensity_score": 0, "field_name": "Unknown", "production_status": "none", "pdp_well_count": 0, "pud_well_count": 0, "well_count": 0, "permit_count": 0 }, "geometry": { "type": "Polygon", "coordinates": [ [ [ -102.401347139049236, 31.250541060322028 ], [ -102.414206566443667, 31.260217834086514 ], [ -102.403053516978559, 31.27144664009429 ], [ -102.390279794054337, 31.261785078294544 ], [ -102.401347139049236, 31.250541060322028 ] ] ] } },
{ "type": "Feature", "properties": { "ABSTRACT_L": "A-631", "ABSTRACT_N": "103631", "LEVEL1_SUR": "H&TC RR CO", "LEVEL2_BLO": "1", "LEVEL3_SUR": "12", "Surv_Sect": "12", "SHAPE_AREA": 721.4889244812457, "owner_count": 0, "owners_json": [ ], "top_operator": "", "top_owner": "", "max_propensity_score": 0, "field_name": "Unknown", "production_status": "none", "pdp_well_count": 0, "pud_well_count": 0, "well_count": 0, "permit_count": 0 }, "geometry": { "type": "Polygon", "coordinates": [ [ [ -102.590613030547686, 31.26367072975215 ], [ -102.56756598045952, 31.286888386628078 ], [ -102.563589987868724, 31.290987356758496 ], [ -102.562004465288837, 31.292621792544502 ], [ -102.561997829267838, 31.292616881822887 ], [ -102.555054552984075, 31.287477042820996 ], [ -102.571692553925146, 31.271016094727973 ], [ -102.571698910671273, 31.271024649309073 ], [ -102.571877607564133, 31.271101593492588 ], [ -102.571937808085778, 31.271116218469221 ], [ -102.572037258188317, 31.271140374765935 ], [ -102.572293257885093, 31.271129785805286 ], [ -102.572452885268234, 31.271168587667908 ], [ -102.572606317459176, 31.27122951034945 ], [ -102.572810491074122, 31.271345134667065 ], [ -102.572925337486993, 31.271444642557785 ], [ -102.573129586711957, 31.271681356567463 ], [ -102.573294954860728, 31.271989672482153 ], [ -102.573480034464168, 31.272182716114536 ], [ -102.573741663321258, 31.272320598085109 ], [ -102.574003828564955, 31.272447449282605 ], [ -102.574156596975811, 31.272557916496975 ], [ -102.574348325692384, 31.272701307344889 ], [ -102.574540689429924, 31.272756521678836 ], [ -102.574593974089268, 31.272800338370406 ], [ -102.574785889552075, 31.272745626729805 ], [ -102.574823444426329, 31.272687174468214 ], [ -102.574891643233215, 31.272652677242547 ], [ -102.575013356459436, 31.27250442921456 ], [ -102.575135205738647, 31.272273613942673 ], [ -102.575219130847941, 31.271943165882199 ], [ -102.575437408097272, 31.271591445322802 ], [ -102.575552563365648, 31.271525877838545 ], [ -102.575827610817029, 31.271405518680172 ], [ -102.576102816726277, 31.271306500221279 ], [ -102.576307790120353, 31.271186172337874 ], [ -102.576468033005924, 31.271026838109222 ], [ -102.576551802621992, 31.270779603127867 ], [ -102.576555805672896, 31.270702372495371 ], [ -102.576574737451764, 31.270658137436005 ], [ -102.576562702100375, 31.270569119560218 ], [ -102.576564923694093, 31.27052619382556 ], [ -102.576539983849003, 31.270301090981459 ], [ -102.576508560731682, 31.27005889299944 ], [ -102.576413858465429, 31.269772541428313 ], [ -102.576324566047759, 31.269596181862202 ], [ -102.576197140497783, 31.269430878392054 ], [ -102.57599305181057, 31.269260207804042 ], [ -102.575744108741574, 31.269177107226966 ], [ -102.575392695504235, 31.269066487058748 ], [ -102.575143404001537, 31.268984087018779 ], [ -102.574888306583958, 31.268763534171363 ], [ -102.574811650798395, 31.268609601185197 ], [ -102.574794339247859, 31.268508079502894 ], [ -102.574810557553391, 31.26837237816429 ], [ -102.575064510030913, 31.268031559443337 ], [ -102.575198963502856, 31.267978612381214 ], [ -102.57588701818807, 31.267883445483609 ], [ -102.575954613834611, 31.267889841602788 ], [ -102.576357352957274, 31.268007334866972 ], [ -102.576450433817016, 31.268056270046202 ], [ -102.57669904492667, 31.26826044020811 ], [ -102.576998746708369, 31.268574339312213 ], [ -102.577190103079914, 31.268778265602858 ], [ -102.577413189867428, 31.269014577470955 ], [ -102.57754687989474, 31.269174259023202 ], [ -102.577808117510941, 31.269488227344254 ], [ -102.577877843562291, 31.269725535236123 ], [ -102.57775556672965, 31.270043707103344 ], [ -102.577614502426101, 31.270186826536076 ], [ -102.577434862479279, 31.270472434696519 ], [ -102.57739561348869, 31.270692645129781 ], [ -102.577363167609377, 31.270912713224114 ], [ -102.577362658888433, 31.271099829597496 ], [ -102.577394328245362, 31.271204449404205 ], [ -102.577649723900294, 31.27143529571671 ], [ -102.57784745855237, 31.271535233269567 ], [ -102.578217583930765, 31.271788570940057 ], [ -102.57847298113937, 31.271844016856313 ], [ -102.578773500791954, 31.271849718199555 ], [ -102.578907824531612, 31.271811961494553 ], [ -102.579125932684917, 31.271498084158413 ], [ -102.579085577251277, 31.271403439860109 ], [ -102.579148698581363, 31.271327769125612 ], [ -102.579125131982593, 31.271112448338918 ], [ -102.579123373543979, 31.271096346006725 ], [ -102.579105587140873, 31.270933827521674 ], [ -102.579166519667538, 31.270607170686034 ], [ -102.579397818653334, 31.27023385973672 ], [ -102.579590444635912, 31.269970001670977 ], [ -102.579705985918793, 31.269727648036252 ], [ -102.579710308660822, 31.269702083349742 ], [ -102.579733503464226, 31.269564900945248 ], [ -102.579733807176581, 31.269563099563445 ], [ -102.579735658123965, 31.269552166885255 ], [ -102.579735671346711, 31.26955206344191 ], [ -102.579735711252539, 31.269551823602164 ], [ -102.579735805391493, 31.269551689323329 ], [ -102.579735789637482, 31.269551402531871 ], [ -102.579735789403259, 31.269551393859569 ], [ -102.579736369082497, 31.26954794985792 ], [ -102.579736970174082, 31.269544409128404 ], [ -102.579746561579057, 31.269487682308849 ], [ -102.579751498426916, 31.269458466571489 ], [ -102.579790989387703, 31.269100663469576 ], [ -102.579684460185035, 31.268423876203574 ], [ -102.579685040601348, 31.268209931405622 ], [ -102.579686584251689, 31.268201261048358 ], [ -102.57984374111922, 31.267840886135151 ], [ -102.580087801544579, 31.267522341643822 ], [ -102.580586153708921, 31.267204498871372 ], [ -102.580730717173594, 31.267171715955243 ], [ -102.581049890196624, 31.267216275789469 ], [ -102.581286246843675, 31.267249389140638 ], [ -102.58156127037239, 31.267260414036663 ], [ -102.581772303299687, 31.2672169973027 ], [ -102.581836282523085, 31.267140062938974 ], [ -102.581952082772759, 31.267024943362411 ], [ -102.582215032598796, 31.266755551170014 ], [ -102.582305237581494, 31.266568722640159 ], [ -102.582408550977533, 31.266304570834745 ], [ -102.5823832758376, 31.266200533011897 ], [ -102.582161034565047, 31.265759916120324 ], [ -102.581913461672798, 31.265374826530067 ], [ -102.581671340032372, 31.265115507404857 ], [ -102.581448005935727, 31.265016780937145 ], [ -102.581218228724467, 31.264960830303323 ], [ -102.580931587638318, 31.264713417107597 ], [ -102.580810593082319, 31.264564498551859 ], [ -102.580625860445394, 31.264383124356087 ], [ -102.580499024747795, 31.264107768206383 ], [ -102.580442611734114, 31.263903901477317 ], [ -102.580411797841364, 31.263552334692022 ], [ -102.580515208282023, 31.263365216542542 ], [ -102.580694888416488, 31.263184185691109 ], [ -102.580848941191661, 31.263106818035158 ], [ -102.581129957889118, 31.263118412005365 ], [ -102.581391526688947, 31.263239750288243 ], [ -102.581633351143665, 31.263487389004222 ], [ -102.581710298641539, 31.263785778309114 ], [ -102.581862466998075, 31.264199522246777 ], [ -102.58220401079862, 31.264669993568141 ], [ -102.582503319182024, 31.264891177458892 ], [ -102.582924044789493, 31.265194387678356 ], [ -102.583160223862663, 31.265249519706014 ], [ -102.583358546347839, 31.265239385260681 ], [ -102.583633609755609, 31.265134843170888 ], [ -102.583928393392654, 31.264932215971239 ], [ -102.584146432357699, 31.264733885240751 ], [ -102.584269534496741, 31.264300141943728 ], [ -102.584004052584248, 31.263683609184007 ], [ -102.58390323146412, 31.263364373714975 ], [ -102.583942367829863, 31.263155168700159 ], [ -102.584110064236754, 31.262858789767378 ], [ -102.584301908059487, 31.262787555995292 ], [ -102.584525754679262, 31.262787214370313 ], [ -102.584869936878007, 31.262897974685561 ], [ -102.585150406836846, 31.263036124750776 ], [ -102.585513970370215, 31.263196029701461 ], [ -102.585864815255817, 31.263345154304861 ], [ -102.586164475726889, 31.26339490619867 ], [ -102.586465254507971, 31.263279519259807 ], [ -102.586657420833006, 31.263131213699889 ], [ -102.586857079462533, 31.26277435475518 ], [ -102.58695442960699, 31.262482816951607 ], [ -102.587006627898802, 31.262180487606201 ], [ -102.587066133869186, 31.261734942465232 ], [ -102.58710556884013, 31.261492691983598 ], [ -102.587280103916541, 31.261124647356162 ], [ -102.587485715172861, 31.260838497984402 ], [ -102.587755415822542, 31.260509127761885 ], [ -102.587966114834202, 31.260409989833384 ], [ -102.5884581632872, 31.260334109712609 ], [ -102.588750727986223, 31.260504374393147 ], [ -102.588839532859552, 31.260647724987546 ], [ -102.588838638504399, 31.260834850017556 ], [ -102.588844099323694, 31.26104934893176 ], [ -102.589103124792246, 31.261632997823479 ], [ -102.589191222652346, 31.26189673929823 ], [ -102.589132668086194, 31.262171695833793 ], [ -102.589092853104503, 31.262545990927613 ], [ -102.589057377190741, 31.262638695955879 ], [ -102.589020041942035, 31.262705051527377 ], [ -102.589009278816121, 31.262764409702097 ], [ -102.588996042621318, 31.262798999045458 ], [ -102.588899106745188, 31.26309053707455 ], [ -102.588942517305512, 31.263360014901171 ], [ -102.589030773574748, 31.26362926305799 ], [ -102.589240917641035, 31.263816982259407 ], [ -102.589250858371244, 31.263817980326245 ], [ -102.589515178793221, 31.263844507297936 ], [ -102.589738613949677, 31.263800829240243 ], [ -102.590039092318236, 31.2637184713961 ], [ -102.590218300684285, 31.263652970806 ], [ -102.590249929028104, 31.263647268377369 ], [ -102.590490321278992, 31.263653099536253 ], [ -102.590613030547686, 31.26367072975215 ] ] ] } },
{ "type": "Feature", "properties": { "ABSTRACT_L": "A-634", "ABSTRACT_N": "103634", "LEVEL1_SUR": "H&TC RR CO", "LEVEL2_BLO": "1", "LEVEL3_SUR": "18", "Surv_Sect": "18", "SHAPE_AREA": 110.68771769737144, "owner_count": 0, "owners_json": [ ], "top_operator": "", "top_owner": "", "max_propensity_score": 0, "field_name": "Unknown", "production_status": "none", "pdp_well_count": 0, "pud_well_count": 0, "well_count": 0, "permit_count": 0 }, "geometry": { "type": "Polygon", "coordinates": [ [ [ -102.613316552843614, 31.296442305124334 ], [ -102.620263454475463, 31.289295335706832 ], [ -102.620321537250149, 31.289249001814387 ], [ -102.620570892671537, 31.289199237392822 ], [ -102.620960862847781, 31.28919411001861 ], [ -102.621209949452265, 31.289293610419342 ], [ -102.621574586038975, 31.289530429045637 ], [ -102.621702254154513, 31.289728695092503 ], [ -102.62183618376497, 31.290124954158681 ], [ -102.62185524071171, 31.290306165619086 ], [ -102.621880561486606, 31.290526465630627 ], [ -102.621937667592931, 31.290867874777398 ], [ -102.622084756618307, 31.291203314021683 ], [ -102.622263467845372, 31.291335906935089 ], [ -102.622512937118032, 31.291506254502114 ], [ -102.622736515372893, 31.291726659399693 ], [ -102.622864249936342, 31.29198547601802 ], [ -102.623062271803477, 31.292293743531101 ], [ -102.623325144191853, 31.292409490229691 ], [ -102.61677931729092, 31.29894073007809 ], [ -102.613316552843614, 31.296442305124334 ] ] ] } },
{ "type": "Feature", "properties": { "ABSTRACT_L": "A-64", "ABSTRACT_N": "10364", "LEVEL1_SUR": "H&TC RR CO", "LEVEL2_BLO": "6", "LEVEL3_SUR": "5", "Surv_Sect": "5", "SHAPE_AREA": 547.58677990860224, "owner_count": 0, "owners_json": [ ], "top_operator": "", "top_owner": "", "max_propensity_score": 0, "field_name": "Unknown", "production_status": "none", "pdp_well_count": 0, "pud_well_count": 0, "well_count": 0, "permit_count": 0 }, "geometry": { "type": "Polygon", "coordinates": [ [ [ -102.448018662888714, 31.212664563926371 ], [ -102.448044198836016, 31.21286287814825 ], [ -102.447922348025173, 31.213072228272026 ], [ -102.447800990131043, 31.213331782441593 ], [ -102.447749523762056, 31.213508159414491 ], [ -102.447781258778619, 31.213822597186599 ], [ -102.447941495527928, 31.213921368456433 ], [ -102.448028429230718, 31.213898585897088 ], [ -102.448088571084497, 31.213882817309894 ], [ -102.448197453418274, 31.213744561650213 ], [ -102.448415048609434, 31.213600809495766 ], [ -102.44860708720033, 31.213567597613942 ], [ -102.448927069454768, 31.213715621583617 ], [ -102.449170350776996, 31.21377567531815 ], [ -102.449515971448193, 31.213769820577372 ], [ -102.449771718787161, 31.213708574458948 ], [ -102.45005347412129, 31.213569795428288 ], [ -102.450450576967768, 31.213481108392365 ], [ -102.450578479132957, 31.213552286693766 ], [ -102.450661778279539, 31.213739876452024 ], [ -102.450693445585102, 31.214004789289678 ], [ -102.450699747806709, 31.214263991826058 ], [ -102.45082734366764, 31.214539469068296 ], [ -102.450987026552028, 31.214709784197211 ], [ -102.451159761676152, 31.214935568247654 ], [ -102.451364554812329, 31.215178635871926 ], [ -102.451466702421513, 31.215398878240077 ], [ -102.451491918249943, 31.21563089596205 ], [ -102.451421303879513, 31.215917694207544 ], [ -102.451376305915829, 31.216049927271563 ], [ -102.451305763908366, 31.216293389099881 ], [ -102.451350279167244, 31.216513347623401 ], [ -102.451379215910421, 31.216595555398492 ], [ -102.451466615918562, 31.216647676162047 ], [ -102.451662771274428, 31.216670847988546 ], [ -102.451887588183723, 31.216592643559022 ], [ -102.452023696899246, 31.216510555037971 ], [ -102.452240014511148, 31.216484801884736 ], [ -102.452707286039541, 31.216385148335196 ], [ -102.452873563140315, 31.216423267754756 ], [ -102.452905721236689, 31.216505888768999 ], [ -102.452873455795, 31.216589043193199 ], [ -102.452757941826889, 31.216749439880445 ], [ -102.452495186253955, 31.217158192016971 ], [ -102.45235418698995, 31.217400926228798 ], [ -102.452296250150653, 31.217682669600045 ], [ -102.452391979457246, 31.217886531178259 ], [ -102.452539069095522, 31.218002742463799 ], [ -102.452724676165772, 31.218107217784965 ], [ -102.452890621276921, 31.218256088365067 ], [ -102.453050512399273, 31.218449096302798 ], [ -102.453312418539937, 31.2188568446063 ], [ -102.453478796646365, 31.218945174898575 ], [ -102.453766552973931, 31.219022268075545 ], [ -102.453990673414694, 31.219022144993858 ], [ -102.454169428640398, 31.219093731132098 ], [ -102.454188290358275, 31.219265337450476 ], [ -102.454130899393832, 31.21933658726617 ], [ -102.453977005090721, 31.219436493634458 ], [ -102.453842488231302, 31.219496824547559 ], [ -102.453439442338791, 31.219635159779795 ], [ -102.45300429101728, 31.219723888873741 ], [ -102.452780234065244, 31.219911793682282 ], [ -102.452741355683557, 31.220110633127444 ], [ -102.45276038576138, 31.220397108306571 ], [ -102.452849812392046, 31.220496527996943 ], [ -102.453073491857978, 31.220618165415484 ], [ -102.453284440145538, 31.220711841736307 ], [ -102.453495585444088, 31.220844040791391 ], [ -102.453531655225902, 31.220873182310161 ], [ -102.445156948449679, 31.229073646398142 ], [ -102.432470125654916, 31.219504647262834 ], [ -102.433212695086993, 31.218711348131318 ], [ -102.441879762785163, 31.210249229538352 ], [ -102.442011438952775, 31.210713812241401 ], [ -102.442017883213126, 31.211087884173836 ], [ -102.441985563598664, 31.211821067391238 ], [ -102.441972973594048, 31.211969193974173 ], [ -102.441972814452456, 31.212289049841413 ], [ -102.441882857036589, 31.212773622199347 ], [ -102.44206823413414, 31.212916636760905 ], [ -102.442471372484945, 31.212922096585906 ], [ -102.442854966116315, 31.212899034225586 ], [ -102.443226191292922, 31.212722124602603 ], [ -102.44341805944336, 31.21266691225037 ], [ -102.443635676808171, 31.212694450735533 ], [ -102.443808395286837, 31.21276547706837 ], [ -102.444045036872851, 31.212925404840885 ], [ -102.444320062128114, 31.213161646926938 ], [ -102.444620292093958, 31.213552179787996 ], [ -102.445004343452283, 31.213965209898927 ], [ -102.445240526404163, 31.214339755197596 ], [ -102.445361968057114, 31.214455083448303 ], [ -102.445585821726766, 31.214631070833136 ], [ -102.445784324489594, 31.214724306486875 ], [ -102.446033935554127, 31.214812448555502 ], [ -102.446302602331969, 31.214817687182933 ], [ -102.446635352440595, 31.214855418463593 ], [ -102.446904084783512, 31.214816631828779 ], [ -102.447313678901622, 31.21477725088074 ], [ -102.447556908750187, 31.214804291553172 ], [ -102.44777428966691, 31.214776104437899 ], [ -102.447940965621314, 31.2147371826971 ], [ -102.447979457825582, 31.214616079649371 ], [ -102.44796016870113, 31.214489184332617 ], [ -102.447857900199878, 31.214356987191124 ], [ -102.447710729215686, 31.214252465798339 ], [ -102.44752520023512, 31.214103959177294 ], [ -102.447282027050932, 31.213939346191179 ], [ -102.446975119465748, 31.213802076628671 ], [ -102.446687032560888, 31.213742178193762 ], [ -102.446482324961039, 31.213532813580748 ], [ -102.446504044111506, 31.213432058476688 ], [ -102.447313949351155, 31.212749934356165 ], [ -102.447436186603426, 31.212703785160024 ], [ -102.447593677865186, 31.212622617417203 ], [ -102.447625646965093, 31.212624292463541 ], [ -102.447991074878672, 31.212643442354551 ], [ -102.448018662888714, 31.212664563926371 ] ] ] } },
{ "type": "Feature", "properties": { "ABSTRACT_L": "A-646", "ABSTRACT_N": "103646", "LEVEL1_SUR": "T&P RR CO", "LEVEL2_BLO": "43 T4S", "LEVEL3_SUR": "24", "Surv_Sect": "24", "SHAPE_AREA": 637.43846533461488, "owner_count": 0, "owners_json": [ ], "top_operator": "", "top_owner": "", "max_propensity_score": 0, "field_name": "Unknown", "production_status": "none", "pdp_well_count": 0, "pud_well_count": 0, "well_count": 0, "permit_count": 0 }, "geometry": { "type": "Polygon", "coordinates": [ [ [ -102.366549272039393, 31.600355746465489 ], [ -102.370707966389034, 31.61386477508648 ], [ -102.353875121389123, 31.61766806284902 ], [ -102.349412039479731, 31.604254450884529 ], [ -102.365785971383147, 31.600537463207324 ], [ -102.366549272039393, 31.600355746465489 ] ] ] } },
{ "type": "Feature", "properties": { "ABSTRACT_L": "A-647", "ABSTRACT_N": "103647", "LEVEL1_SUR": "PSL", "LEVEL2_BLO": "32", "LEVEL3_SUR": "39", "Surv_Sect": "39", "SHAPE_AREA": 658.05408621099673, "owner_count": 0, "owners_json": [ ], "top_operator": "", "top_owner": "", "max_propensity_score": 0, "field_name": "Unknown", "production_status": "none", "pdp_well_count": 0, "pud_well_count": 0, "well_count": 0, "permit_count": 0 }, "geometry": { "type": "Polygon", "coordinates": [ [ [ -102.553389799463801, 31.419887528584841 ], [ -102.536967353123245, 31.423816159620525 ], [ -102.532220795702628, 31.409587566807993 ], [ -102.54884582593462, 31.405731837669265 ], [ -102.553389799463801, 31.419887528584841 ] ] ] } },
{ "type": "Feature", "properties": { "ABSTRACT_L": "A-65", "ABSTRACT_N": "10365", "LEVEL1_SUR": "H&TC RR CO", "LEVEL2_BLO": "6", "LEVEL3_SUR": "7", "Surv_Sect": "7", "SHAPE_AREA": 590.49588601685412, "owner_count": 0, "owners_json": [ ], "top_operator": "", "top_owner": "", "max_propensity_score": 0, "field_name": "Unknown", "production_status": "none", "pdp_well_count": 0, "pud_well_count": 0, "well_count": 0, "permit_count": 0 }, "geometry": { "type": "Polygon", "coordinates": [ [ [ -102.420507176314075, 31.209154623582851 ], [ -102.433212695086993, 31.218711348131318 ], [ -102.432470125654916, 31.219504647262834 ], [ -102.423037393274356, 31.228793588668893 ], [ -102.410268737752972, 31.219188906852587 ], [ -102.41552967922037, 31.2140332402778 ], [ -102.420507176314075, 31.209154623582851 ] ] ] } },
{ "type": "Feature", "properties": { "ABSTRACT_L": "A-66", "ABSTRACT_N": "10366", "LEVEL1_SUR": "H&TC RR CO", "LEVEL2_BLO": "6", "LEVEL3_SUR": "9", "Surv_Sect": "9", "SHAPE_AREA": 652.63535118893594, "owner_count": 0, "owners_json": [ ], "top_operator": "", "top_owner": "", "max_propensity_score": 0, "field_name": "Unknown", "production_status": "none", "pdp_well_count": 0, "pud_well_count": 0, "well_count": 0, "permit_count": 0 }, "geometry": { "type": "Polygon", "coordinates": [ [ [ -102.401746240959909, 31.2501422722864 ], [ -102.401347139049236, 31.250541060322028 ], [ -102.400791494687439, 31.25014278779361 ], [ -102.400789097511193, 31.250141064495363 ], [ -102.388053741460126, 31.240996919307044 ], [ -102.399301455289191, 31.229992464790726 ], [ -102.412255533428947, 31.239636026790716 ], [ -102.40174746712718, 31.25014104580746 ], [ -102.401746240959909, 31.2501422722864 ] ] ] } },
{ "type": "Feature", "properties": { "ABSTRACT_L": "A-661", "ABSTRACT_N": "103661", "LEVEL1_SUR": "T&P RR CO", "LEVEL2_BLO": "42 T4S", "LEVEL3_SUR": "18", "Surv_Sect": "18", "SHAPE_AREA": 660.0061952634253, "owner_count": 0, "owners_json": [ ], "top_operator": "", "top_owner": "", "max_propensity_score": 0, "field_name": "Unknown", "production_status": "none", "pdp_well_count": 0, "pud_well_count": 0, "well_count": 0, "permit_count": 0 }, "geometry": { "type": "Polygon", "coordinates": [ [ [ -102.358550019377617, 31.632284271309892 ], [ -102.362875190332346, 31.646103743556917 ], [ -102.362879556143568, 31.646117673874915 ], [ -102.362946989398026, 31.646331173729763 ], [ -102.346587744229097, 31.649970739718853 ], [ -102.346092811635671, 31.65008081416714 ], [ -102.341605997937549, 31.636048617589903 ], [ -102.342080407181115, 31.635943254274665 ], [ -102.358550019377617, 31.632284271309892 ] ] ] } },
{ "type": "Feature", "properties": { "ABSTRACT_L": "A-662", "ABSTRACT_N": "103662", "LEVEL1_SUR": "CCSD&RGNG RR CO", "LEVEL2_BLO": "X", "LEVEL3_SUR": "80", "Surv_Sect": "80", "SHAPE_AREA": 351.22828871362941, "owner_count": 0, "owners_json": [ ], "top_operator": "", "top_owner": "", "max_propensity_score": 0, "field_name": "Unknown", "production_status": "none", "pdp_well_count": 0, "pud_well_count": 0, "well_count": 0, "permit_count": 0 }, "geometry": { "type": "Polygon", "coordinates": [ [ [ -102.372289495053352, 31.297113766352521 ], [ -102.363836438544709, 31.29901336161258 ], [ -102.359169314700623, 31.284104413522947 ], [ -102.367513283958445, 31.282134865576548 ], [ -102.372289495053352, 31.297113766352521 ] ] ] } },
{ "type": "Feature", "properties": { "ABSTRACT_L": "A-667", "ABSTRACT_N": "103667", "LEVEL1_SUR": "H&TC RR CO", "LEVEL2_BLO": "1", "LEVEL3_SUR": "20", "Surv_Sect": "20", "SHAPE_AREA": 654.976482517617, "owner_count": 0, "owners_json": [ ], "top_operator": "", "top_owner": "", "max_propensity_score": 0, "field_name": "Unknown", "production_status": "none", "pdp_well_count": 0, "pud_well_count": 0, "well_count": 0, "permit_count": 0 }, "geometry": { "type": "Polygon", "coordinates": [ [ [ -102.637426905887665, 31.30495119384668 ], [ -102.637547468711489, 31.304921904868831 ], [ -102.637599991191266, 31.304909148342052 ], [ -102.637767662405579, 31.304916753157382 ], [ -102.637943748547784, 31.304996378155103 ], [ -102.638120113045304, 31.305086356547129 ], [ -102.638200548560661, 31.305159764534125 ], [ -102.625434500966179, 31.318280628924057 ], [ -102.617482215842699, 31.326451031393585 ], [ -102.615533820093432, 31.325032104751948 ], [ -102.610955133251906, 31.321749156130942 ], [ -102.614142634691305, 31.318516567905711 ], [ -102.625434635739722, 31.306966603386915 ], [ -102.636577066524964, 31.295565987675317 ], [ -102.636703501057482, 31.295619798130115 ], [ -102.636872074959172, 31.295660396285001 ], [ -102.637119453447099, 31.2957551069392 ], [ -102.637433136286617, 31.295914502283658 ], [ -102.637628708568414, 31.296004757235028 ], [ -102.637745939691655, 31.296057392160535 ], [ -102.637794111992676, 31.296161661925048 ], [ -102.637732261399478, 31.296256465176633 ], [ -102.637594849702509, 31.296414027821143 ], [ -102.637475846070359, 31.296527219244584 ], [ -102.637253850082317, 31.2966534932849 ], [ -102.637004362957924, 31.296714284356462 ], [ -102.636769260123216, 31.296829811636659 ], [ -102.636497133224296, 31.297012134608398 ], [ -102.636283762580021, 31.297204280553292 ], [ -102.636190846844627, 31.297333414120445 ], [ -102.636065610420729, 31.297468742865298 ], [ -102.635851093542144, 31.297633362200223 ], [ -102.635615348179883, 31.29772690230168 ], [ -102.635494155610317, 31.297762379588047 ], [ -102.635310296966708, 31.297876881862006 ], [ -102.635229300874713, 31.297961081254211 ], [ -102.635233609655202, 31.298115757276367 ], [ -102.635354099839546, 31.298285272694855 ], [ -102.635526675154367, 31.298469535262718 ], [ -102.635703651548326, 31.298582204028914 ], [ -102.635908206420638, 31.298749313255097 ], [ -102.636143915710264, 31.298899286017519 ], [ -102.636401043480149, 31.299099043665809 ], [ -102.636532142920032, 31.299189918064602 ], [ -102.636625462698049, 31.299304268071037 ], [ -102.636622829108632, 31.29966959399292 ], [ -102.636628051239938, 31.299857262196678 ], [ -102.636738689017008, 31.300364032795649 ], [ -102.636835147850874, 31.300820884395005 ], [ -102.636830329661876, 31.301108525488779 ], [ -102.636785576673518, 31.30134192949534 ], [ -102.636732128157249, 31.301508780347497 ], [ -102.636659152884789, 31.301665057206815 ], [ -102.6366046568927, 31.301793408657325 ], [ -102.636485924710129, 31.301917585478748 ], [ -102.636407030282669, 31.30209046400055 ], [ -102.636410414368981, 31.302212154753093 ], [ -102.636408008606722, 31.302355975164094 ], [ -102.63623770685021, 31.302713694225478 ], [ -102.636190206593724, 31.302863921715602 ], [ -102.636144587531575, 31.303080841014687 ], [ -102.636027083871809, 31.303249015908278 ], [ -102.635930018022165, 31.303460777653473 ], [ -102.635815065291581, 31.303734158021655 ], [ -102.635711659356744, 31.303963252178505 ], [ -102.635619799556423, 31.304130904742543 ], [ -102.635458759800926, 31.304361171518 ], [ -102.635402372364922, 31.304422851346281 ], [ -102.63534872942472, 31.304567714228366 ], [ -102.63525638842637, 31.304718846805653 ], [ -102.635150085472461, 31.304842769298965 ], [ -102.635074963468881, 31.304922026854321 ], [ -102.634980613741988, 31.305000980811915 ], [ -102.634889689295861, 31.305202319270176 ], [ -102.634972941856574, 31.305415921299605 ], [ -102.635143844361068, 31.30553971347021 ], [ -102.635460402736086, 31.305571792832218 ], [ -102.635678504671588, 31.305534343715443 ], [ -102.635821656013817, 31.305513876021205 ], [ -102.635989006918848, 31.305516812172261 ], [ -102.636756726893921, 31.3052776341599 ], [ -102.63742460361668, 31.3049520089906 ], [ -102.637426905887665, 31.30495119384668 ] ] ] } },
{ "type": "Feature", "properties": { "ABSTRACT_L": "A-668", "ABSTRACT_N": "103668", "LEVEL1_SUR": "H&TC RR CO", "LEVEL2_BLO": "1", "LEVEL3_SUR": "22", "Surv_Sect": "22", "SHAPE_AREA": 659.39641047280406, "owner_count": 0, "owners_json": [ ], "top_operator": "", "top_owner": "", "max_propensity_score": 0, "field_name": "Unknown", "production_status": "none", "pdp_well_count": 0, "pud_well_count": 0, "well_count": 0, "permit_count": 0 }, "geometry": { "type": "Polygon", "coordinates": [ [ [ -102.648349138832501, 31.315673056783798 ], [ -102.64861391054697, 31.315684839618324 ], [ -102.648818316799876, 31.315630452186177 ], [ -102.648919303335262, 31.315545842786996 ], [ -102.6490319277206, 31.31543279956923 ], [ -102.649186546696967, 31.315202626952978 ], [ -102.649193355858515, 31.314987184877644 ], [ -102.649117975911707, 31.314827758510418 ], [ -102.649059585118934, 31.314806177406449 ], [ -102.648937953786614, 31.314404569753911 ], [ -102.648996560710273, 31.314318158014466 ], [ -102.649137575491892, 31.314219440117473 ], [ -102.649241803576061, 31.314184146186584 ], [ -102.649440887281827, 31.314169061296084 ], [ -102.649679297901628, 31.314169687323414 ], [ -102.649833997320371, 31.314172032389031 ], [ -102.649943403868917, 31.314158781316454 ], [ -102.650013175159046, 31.314118138457641 ], [ -102.65037056545971, 31.314075744636689 ], [ -102.650517602167781, 31.313732247674924 ], [ -102.650556563973794, 31.313520962507496 ], [ -102.650553311164458, 31.313161961507625 ], [ -102.65054264441271, 31.313023918133421 ], [ -102.650524699068185, 31.312841298460622 ], [ -102.650590933768243, 31.312674180363135 ], [ -102.650645754399577, 31.312556815499256 ], [ -102.650733539595464, 31.312472467804 ], [ -102.650840515405008, 31.312387039416635 ], [ -102.651296840190327, 31.312344688511011 ], [ -102.651562966302663, 31.312405262379126 ], [ -102.651836951555254, 31.312532432508185 ], [ -102.652103903669385, 31.312637706748504 ], [ -102.65244691937923, 31.312696725049559 ], [ -102.652557220387678, 31.312743999661269 ], [ -102.652570403090976, 31.312786783425391 ], [ -102.652566385647788, 31.313043021337254 ], [ -102.652504412900626, 31.313133011862753 ], [ -102.652405735534998, 31.313300822865905 ], [ -102.6523926723725, 31.313342513856114 ], [ -102.631410422905162, 31.334917090795432 ], [ -102.627903685670887, 31.33850117834244 ], [ -102.625434750522928, 31.336674074343804 ], [ -102.62151230024601, 31.33377093092826 ], [ -102.622293760761849, 31.332885658963775 ], [ -102.625434548977637, 31.329674396984277 ], [ -102.643135541252917, 31.311572441285243 ], [ -102.643283968501279, 31.311689878600756 ], [ -102.643619074843485, 31.311926551502335 ], [ -102.643827970374744, 31.312033027546864 ], [ -102.644044744256533, 31.312177188939433 ], [ -102.644341450050661, 31.312414630153715 ], [ -102.644594515770819, 31.312481703218833 ], [ -102.644719227397957, 31.312572699991332 ], [ -102.644884377291049, 31.312719276086025 ], [ -102.645263671863319, 31.312915834003896 ], [ -102.645362956524067, 31.313013554036104 ], [ -102.645527784504893, 31.313148449024389 ], [ -102.645679624283872, 31.313278099283941 ], [ -102.645872788017485, 31.313494959231594 ], [ -102.646289509056913, 31.313669432638186 ], [ -102.646456891052011, 31.31366601277783 ], [ -102.646777811545249, 31.313609227151996 ], [ -102.64696726772307, 31.313478113665784 ], [ -102.647234370869285, 31.313130089493487 ], [ -102.64737256926702, 31.313000016098119 ], [ -102.647499929416412, 31.312941681771772 ], [ -102.647648016222789, 31.312950362266065 ], [ -102.647869798912353, 31.313044881583888 ], [ -102.648033081197653, 31.313124782449801 ], [ -102.648127038571673, 31.313261123094463 ], [ -102.64810681267852, 31.313454820792984 ], [ -102.648026009906772, 31.31378871324759 ], [ -102.647903817899902, 31.314017526894897 ], [ -102.647717986805304, 31.314292345872914 ], [ -102.647669262429389, 31.314398571966485 ], [ -102.647553959531407, 31.314644441099215 ], [ -102.647386669202575, 31.314880353037168 ], [ -102.647357633437693, 31.315002011291835 ], [ -102.64739670087549, 31.315239222046127 ], [ -102.647565705155841, 31.315523310278802 ], [ -102.647664536535274, 31.315604501503561 ], [ -102.647782016491817, 31.315641920724349 ], [ -102.647859393254308, 31.315666560503875 ], [ -102.64809589409569, 31.315641949704272 ], [ -102.648151557183596, 31.315671352746115 ], [ -102.648212873221965, 31.315652669184846 ], [ -102.648349138832501, 31.315673056783798 ] ] ] } },
{ "type": "Feature", "properties": { "ABSTRACT_L": "A-669", "ABSTRACT_N": "103669", "LEVEL1_SUR": "H&TC RR CO", "LEVEL2_BLO": "1", "LEVEL3_SUR": "24", "Surv_Sect": "24", "SHAPE_AREA": 92.232010965150337, "owner_count": 0, "owners_json": [ ], "top_operator": "", "top_owner": "", "max_propensity_score": 0, "field_name": "Unknown", "production_status": "none", "pdp_well_count": 0, "pud_well_count": 0, "well_count": 0, "permit_count": 0 }, "geometry": { "type": "Polygon", "coordinates": [ [ [ -102.641999813623059, 31.335487877606866 ], [ -102.648652575068894, 31.340288042003806 ], [ -102.645626712235384, 31.34342052767099 ], [ -102.638970032826322, 31.338617421859311 ], [ -102.641999813623059, 31.335487877606866 ] ] ] } },
{ "type": "Feature", "properties": { "ABSTRACT_L": "A-67", "ABSTRACT_N": "10367", "LEVEL1_SUR": "H&TC RR CO", "LEVEL2_BLO": "6", "LEVEL3_SUR": "11", "Surv_Sect": "11", "SHAPE_AREA": 625.96257718166862, "owner_count": 0, "owners_json": [ ], "top_operator": "", "top_owner": "", "max_propensity_score": 0, "field_name": "Unknown", "production_status": "none", "pdp_well_count": 0, "pud_well_count": 0, "well_count": 0, "permit_count": 0 }, "geometry": { "type": "Polygon", "coordinates": [ [ [ -102.378853261033171, 31.250141310962174 ], [ -102.377030838987125, 31.25195217136827 ], [ -102.37540361438181, 31.250893878685794 ], [ -102.374395321249366, 31.250141308647322 ], [ -102.37439489707937, 31.250140993142921 ], [ -102.364519595039553, 31.242768234559495 ], [ -102.375426756061884, 31.231763192426765 ], [ -102.388053741460126, 31.240996919307044 ], [ -102.378853487461356, 31.250141079813265 ], [ -102.378853261033171, 31.250141310962174 ] ] ] } },
{ "type": "Feature", "properties": { "ABSTRACT_L": "A-68", "ABSTRACT_N": "10368", "LEVEL1_SUR": "H&TC RR CO", "LEVEL2_BLO": "6", "LEVEL3_SUR": "13", "Surv_Sect": "13", "SHAPE_AREA": 633.96943351542529, "owner_count": 0, "owners_json": [ ], "top_operator": "", "top_owner": "", "max_propensity_score": 0, "field_name": "Unknown", "production_status": "none", "pdp_well_count": 0, "pud_well_count": 0, "well_count": 0, "permit_count": 0 }, "geometry": { "type": "Polygon", "coordinates": [ [ [ -102.397312938674375, 31.209613286522274 ], [ -102.403686548953999, 31.214372583380573 ], [ -102.410268737752972, 31.219188906852587 ], [ -102.399301455289191, 31.229992464790726 ], [ -102.386530959939321, 31.220479066272777 ], [ -102.397312938674375, 31.209613286522274 ] ] ] } },
{ "type": "Feature", "properties": { "ABSTRACT_L": "A-682", "ABSTRACT_N": "103682", "LEVEL1_SUR": "HOLDER, J P", "LEVEL2_BLO": null, "LEVEL3_SUR": "42", "Surv_Sect": "42", "SHAPE_AREA": 267.88365992590093, "owner_count": 0, "owners_json": [ ], "top_operator": "", "top_owner": "", "max_propensity_score": 0, "field_name": "Unknown", "production_status": "none", "pdp_well_count": 0, "pud_well_count": 0, "well_count": 0, "permit_count": 0 }, "geometry": { "type": "Polygon", "coordinates": [ [ [ -102.349381399057009, 31.402827057237516 ], [ -102.348072778924518, 31.398921986538607 ], [ -102.351392187826278, 31.398126554811352 ], [ -102.351728396273444, 31.399143920832405 ], [ -102.352657789692586, 31.402005551096188 ], [ -102.354174819774855, 31.406384821027462 ], [ -102.357631733435952, 31.416819548086195 ], [ -102.358758000989738, 31.420218674123866 ], [ -102.359298856839587, 31.420083653943518 ], [ -102.3666565367419, 31.418338731370351 ], [ -102.366790852264302, 31.418747439101107 ], [ -102.367287261605384, 31.420257901537305 ], [ -102.359947678325597, 31.422026600436531 ], [ -102.356162314937748, 31.423001275116416 ], [ -102.355467238471249, 31.421033702776079 ], [ -102.350793830357404, 31.407149106801821 ], [ -102.349381399057009, 31.402827057237516 ] ] ] } },
{ "type": "Feature", "properties": { "ABSTRACT_L": "A-683", "ABSTRACT_N": "103683", "LEVEL1_SUR": "PSL", "LEVEL2_BLO": "B18", "LEVEL3_SUR": "19", "Surv_Sect": "19", "SHAPE_AREA": 67.076709375015128, "owner_count": 0, "owners_json": [ ], "top_operator": "", "top_owner": "", "max_propensity_score": 0, "field_name": "Unknown", "production_status": "none", "pdp_well_count": 0, "pud_well_count": 0, "well_count": 0, "permit_count": 0 }, "geometry": { "type": "Polygon", "coordinates": [ [ [ -102.767449874768374, 31.577986238107037 ], [ -102.766918159422758, 31.578115707994364 ], [ -102.763523757000343, 31.567300934631671 ], [ -102.766152492941487, 31.566696768140059 ], [ -102.767438157411277, 31.566380047567193 ], [ -102.767449874768374, 31.577986238107037 ] ] ] } },
{ "type": "Feature", "properties": { "ABSTRACT_L": "A-69", "ABSTRACT_N": "10369", "LEVEL1_SUR": "H&TC RR CO", "LEVEL2_BLO": "6", "LEVEL3_SUR": "15", "Surv_Sect": "15", "SHAPE_AREA": 655.79346767953359, "owner_count": 0, "owners_json": [ ], "top_operator": "", "top_owner": "", "max_propensity_score": 0, "field_name": "Unknown", "production_status": "none", "pdp_well_count": 0, "pud_well_count": 0, "well_count": 0, "permit_count": 0 }, "geometry": { "type": "Polygon", "coordinates": [ [ [ -102.418600242580609, 31.188066273837329 ], [ -102.431919984547775, 31.197837932607861 ], [ -102.420948193423328, 31.208714400444119 ], [ -102.414289035183202, 31.203885604037591 ], [ -102.412787506579178, 31.202780700768376 ], [ -102.40775632991874, 31.199078193904594 ], [ -102.418600242580609, 31.188066273837329 ] ] ] } },
{ "type": "Feature", "properties": { "ABSTRACT_L": "A-693", "ABSTRACT_N": "103693", "LEVEL1_SUR": "PSL", "LEVEL2_BLO": "B26", "LEVEL3_SUR": "23", "Surv_Sect": "23", "SHAPE_AREA": 668.57971767968832, "owner_count": 0, "owners_json": [ ], "top_operator": "", "top_owner": "", "max_propensity_score": 0, "field_name": "Unknown", "production_status": "none", "pdp_well_count": 0, "pud_well_count": 0, "well_count": 0, "permit_count": 0 }, "geometry": { "type": "Polygon", "coordinates": [ [ [ -102.556566461313423, 31.525364157821418 ], [ -102.572921150294931, 31.521473354526851 ], [ -102.577274106604079, 31.535384066621045 ], [ -102.577349319546244, 31.535611615994988 ], [ -102.577510441385044, 31.536134595923983 ], [ -102.561302617269888, 31.540034729597505 ], [ -102.561099407836892, 31.539406625238136 ], [ -102.561033297494689, 31.539202954429872 ], [ -102.556566461313423, 31.525364157821418 ] ] ] } },
{ "type": "Feature", "properties": { "ABSTRACT_L": "A-694", "ABSTRACT_N": "103694", "LEVEL1_SUR": "PSL", "LEVEL2_BLO": "B26", "LEVEL3_SUR": "25", "Surv_Sect": "25", "SHAPE_AREA": 680.60883792020627, "owner_count": 0, "owners_json": [ ], "top_operator": "", "top_owner": "", "max_propensity_score": 0, "field_name": "Unknown", "production_status": "none", "pdp_well_count": 0, "pud_well_count": 0, "well_count": 0, "permit_count": 0 }, "geometry": { "type": "Polygon", "coordinates": [ [ [ -102.551824608988497, 31.510608768014464 ], [ -102.556566461313423, 31.525364157821418 ], [ -102.540086523387004, 31.529259454425585 ], [ -102.535318061848429, 31.514564436682051 ], [ -102.547993662714774, 31.511527047892265 ], [ -102.551824608988497, 31.510608768014464 ] ] ] } },
{ "type": "Feature", "properties": { "ABSTRACT_L": "A-7", "ABSTRACT_N": "1037", "LEVEL1_SUR": "CCSD&RGNG RR CO", "LEVEL2_BLO": "F", "LEVEL3_SUR": "203", "Surv_Sect": "203", "SHAPE_AREA": 626.39822204169741, "owner_count": 0, "owners_json": [ ], "top_operator": "", "top_owner": "", "max_propensity_score": 0, "field_name": "Unknown", "production_status": "none", "pdp_well_count": 0, "pud_well_count": 0, "well_count": 0, "permit_count": 0 }, "geometry": { "type": "Polygon", "coordinates": [ [ [ -102.338271079872698, 31.409947260769982 ], [ -102.321895194878579, 31.41369776104704 ], [ -102.317295514542465, 31.400039743398093 ], [ -102.333691471065222, 31.396346497903455 ], [ -102.338271079872698, 31.409947260769982 ] ] ] } },
{ "type": "Feature", "properties": { "ABSTRACT_L": "A-70", "ABSTRACT_N": "10370", "LEVEL1_SUR": "H&TC RR CO", "LEVEL2_BLO": "6", "LEVEL3_SUR": "17", "Surv_Sect": "17", "SHAPE_AREA": 615.36728563258566, "owner_count": 0, "owners_json": [ ], "top_operator": "", "top_owner": "", "max_propensity_score": 0, "field_name": "Unknown", "production_status": "none", "pdp_well_count": 0, "pud_well_count": 0, "well_count": 0, "permit_count": 0 }, "geometry": { "type": "Polygon", "coordinates": [ [ [ -102.394838029538491, 31.189602755900239 ], [ -102.40775632991874, 31.199078193904594 ], [ -102.402537380628956, 31.204343374785452 ], [ -102.397312938674375, 31.209613286522274 ], [ -102.384329622782147, 31.200176537867534 ], [ -102.389583295089253, 31.194904904437784 ], [ -102.394838029538491, 31.189602755900239 ] ] ] } },
{ "type": "Feature", "properties": { "ABSTRACT_L": "A-700", "ABSTRACT_N": "103700", "LEVEL1_SUR": "PSL", "LEVEL2_BLO": "B20", "LEVEL3_SUR": "8", "Surv_Sect": "8", "SHAPE_AREA": 80.878020637296189, "owner_count": 0, "owners_json": [ ], "top_operator": "", "top_owner": "", "max_propensity_score": 0, "field_name": "Unknown", "production_status": "none", "pdp_well_count": 0, "pud_well_count": 0, "well_count": 0, "permit_count": 0 }, "geometry": { "type": "Polygon", "coordinates": [ [ [ -102.767384984820595, 31.5137107281965 ], [ -102.764434084417402, 31.514416119764942 ], [ -102.76217067403428, 31.507299675462818 ], [ -102.767377325208273, 31.5061157274401 ], [ -102.767384984820595, 31.5137107281965 ] ] ] } },
{ "type": "Feature", "properties": { "ABSTRACT_L": "A-707", "ABSTRACT_N": "103707", "LEVEL1_SUR": "PSL", "LEVEL2_BLO": "B22", "LEVEL3_SUR": "23", "Surv_Sect": "23", "SHAPE_AREA": 163.31662806826694, "owner_count": 0, "owners_json": [ ], "top_operator": "", "top_owner": "", "max_propensity_score": 0, "field_name": "Unknown", "production_status": "none", "pdp_well_count": 0, "pud_well_count": 0, "well_count": 0, "permit_count": 0 }, "geometry": { "type": "Polygon", "coordinates": [ [ [ -102.59554083357159, 31.592487498743306 ], [ -102.595553066165863, 31.592484647570277 ], [ -102.597847702355494, 31.599813978435758 ], [ -102.599825074265112, 31.606024485529332 ], [ -102.595541462823562, 31.607037962308823 ], [ -102.591184653030169, 31.593456228471961 ], [ -102.595131320509665, 31.592586476770219 ], [ -102.595149345851311, 31.592582120556433 ], [ -102.59554083357159, 31.592487498743306 ] ] ] } },
{ "type": "Feature", "properties": { "ABSTRACT_L": "A-71", "ABSTRACT_N": "10371", "LEVEL1_SUR": "H&TC RR CO", "LEVEL2_BLO": "6", "LEVEL3_SUR": "19", "Surv_Sect": "19", "SHAPE_AREA": 654.10918631301581, "owner_count": 0, "owners_json": [ ], "top_operator": "", "top_owner": "", "max_propensity_score": 0, "field_name": "Unknown", "production_status": "none", "pdp_well_count": 0, "pud_well_count": 0, "well_count": 0, "permit_count": 0 }, "geometry": { "type": "Polygon", "coordinates": [ [ [ -102.386530959939321, 31.220479066272777 ], [ -102.375426756061884, 31.231763192426765 ], [ -102.362498714137971, 31.222328084042676 ], [ -102.37359590250945, 31.211051377695835 ], [ -102.386530959939321, 31.220479066272777 ] ] ] } },
{ "type": "Feature", "properties": { "ABSTRACT_L": "A-714", "ABSTRACT_N": "103714", "LEVEL1_SUR": "H&TC RR CO", "LEVEL2_BLO": "1", "LEVEL3_SUR": "32", "Surv_Sect": "32", "SHAPE_AREA": 135.64260715207226, "owner_count": 0, "owners_json": [ ], "top_operator": "", "top_owner": "", "max_propensity_score": 0, "field_name": "Unknown", "production_status": "none", "pdp_well_count": 0, "pud_well_count": 0, "well_count": 0, "permit_count": 0 }, "geometry": { "type": "Polygon", "coordinates": [ [ [ -102.767388182190885, 31.299746213547703 ], [ -102.767403906292884, 31.311016349018505 ], [ -102.766034539391072, 31.312374522041821 ], [ -102.759535516832457, 31.30758101722056 ], [ -102.767388182190885, 31.299746213547703 ] ] ] } },
{ "type": "Feature", "properties": { "ABSTRACT_L": "A-716", "ABSTRACT_N": "103716", "LEVEL1_SUR": "PSL", "LEVEL2_BLO": "32", "LEVEL3_SUR": "1", "Surv_Sect": "1", "SHAPE_AREA": 644.69860960532617, "owner_count": 0, "owners_json": [ ], "top_operator": "", "top_owner": "", "max_propensity_score": 0, "field_name": "Unknown", "production_status": "none", "pdp_well_count": 0, "pud_well_count": 0, "well_count": 0, "permit_count": 0 }, "geometry": { "type": "Polygon", "coordinates": [ [ [ -102.543669832413528, 31.497498317419183 ], [ -102.54448172405327, 31.50013349430068 ], [ -102.544481837903945, 31.500133849733945 ], [ -102.547993662714774, 31.511527047892265 ], [ -102.535318061848429, 31.514564436682051 ], [ -102.531679842945124, 31.515435977261372 ], [ -102.527085864551054, 31.501488392205061 ], [ -102.530098566241506, 31.500763726809055 ], [ -102.53010489963998, 31.500762200200342 ], [ -102.543669832413528, 31.497498317419183 ] ] ] } },
{ "type": "Feature", "properties": { "ABSTRACT_L": "A-717", "ABSTRACT_N": "103717", "LEVEL1_SUR": "PSL", "LEVEL2_BLO": "32", "LEVEL3_SUR": "11", "Surv_Sect": "11", "SHAPE_AREA": 634.04017485305371, "owner_count": 0, "owners_json": [ ], "top_operator": "", "top_owner": "", "max_propensity_score": 0, "field_name": "Unknown", "production_status": "none", "pdp_well_count": 0, "pud_well_count": 0, "well_count": 0, "permit_count": 0 }, "geometry": { "type": "Polygon", "coordinates": [ [ [ -102.555390814289098, 31.479624639601877 ], [ -102.559654609382164, 31.493268177102824 ], [ -102.559767406398549, 31.493622897255694 ], [ -102.543669832413528, 31.497498317419183 ], [ -102.543508873095988, 31.49697588249224 ], [ -102.539116331066325, 31.483541439102048 ], [ -102.555390814289098, 31.479624639601877 ] ] ] } },
{ "type": "Feature", "properties": { "ABSTRACT_L": "A-718", "ABSTRACT_N": "103718", "LEVEL1_SUR": "PSL", "LEVEL2_BLO": "32", "LEVEL3_SUR": "2", "Surv_Sect": "2", "SHAPE_AREA": 634.27080020377707, "owner_count": 0, "owners_json": [ ], "top_operator": "", "top_owner": "", "max_propensity_score": 0, "field_name": "Unknown", "production_status": "none", "pdp_well_count": 0, "pud_well_count": 0, "well_count": 0, "permit_count": 0 }, "geometry": { "type": "Polygon", "coordinates": [ [ [ -102.559767406398549, 31.493622897255694 ], [ -102.561837869152214, 31.500133359003563 ], [ -102.561838368997144, 31.500134931123991 ], [ -102.564224134113644, 31.507635718777674 ], [ -102.551824608988497, 31.510608768014464 ], [ -102.547993662714774, 31.511527047892265 ], [ -102.544481837903945, 31.500133849733945 ], [ -102.54448172405327, 31.50013349430068 ], [ -102.543669832413528, 31.497498317419183 ], [ -102.559767406398549, 31.493622897255694 ] ] ] } },
{ "type": "Feature", "properties": { "ABSTRACT_L": "A-719", "ABSTRACT_N": "103719", "LEVEL1_SUR": "PSL", "LEVEL2_BLO": "32", "LEVEL3_SUR": "12", "Surv_Sect": "12", "SHAPE_AREA": 645.90277387430729, "owner_count": 0, "owners_json": [ ], "top_operator": "", "top_owner": "", "max_propensity_score": 0, "field_name": "Unknown", "production_status": "none", "pdp_well_count": 0, "pud_well_count": 0, "well_count": 0, "permit_count": 0 }, "geometry": { "type": "Polygon", "coordinates": [ [ [ -102.539116331066325, 31.483541439102048 ], [ -102.543508873095988, 31.49697588249224 ], [ -102.543669832413528, 31.497498317419183 ], [ -102.53010489963998, 31.500762200200342 ], [ -102.530098566241506, 31.500763726809055 ], [ -102.527085864551054, 31.501488392205061 ], [ -102.526682202794291, 31.500181341005156 ], [ -102.526681746198491, 31.500179864212871 ], [ -102.522754424574941, 31.487461278239248 ], [ -102.539116331066325, 31.483541439102048 ] ] ] } },
{ "type": "Feature", "properties": { "ABSTRACT_L": "A-72", "ABSTRACT_N": "10372", "LEVEL1_SUR": "H&TC RR CO", "LEVEL2_BLO": "6", "LEVEL3_SUR": "21", "Surv_Sect": "21", "SHAPE_AREA": 626.84297379998475, "owner_count": 0, "owners_json": [ ], "top_operator": "", "top_owner": "", "max_propensity_score": 0, "field_name": "Unknown", "production_status": "none", "pdp_well_count": 0, "pud_well_count": 0, "well_count": 0, "permit_count": 0 }, "geometry": { "type": "Polygon", "coordinates": [ [ [ -102.34100056544203, 31.221611260543629 ], [ -102.349666881773757, 31.21292504409168 ], [ -102.362498714137971, 31.222328084042676 ], [ -102.351851148633187, 31.233277122941455 ], [ -102.343993795650363, 31.227330913934988 ], [ -102.339042598474677, 31.223598861204053 ], [ -102.34100056544203, 31.221611260543629 ] ] ] } },
{ "type": "Feature", "properties": { "ABSTRACT_L": "A-720", "ABSTRACT_N": "103720", "LEVEL1_SUR": "H&TC RR CO", "LEVEL2_BLO": "1", "LEVEL3_SUR": "18", "Surv_Sect": "18", "SHAPE_AREA": 328.55400005346803, "owner_count": 0, "owners_json": [ ], "top_operator": "", "top_owner": "", "max_propensity_score": 0, "field_name": "Unknown", "production_status": "none", "pdp_well_count": 0, "pud_well_count": 0, "well_count": 0, "permit_count": 0 }, "geometry": { "type": "Polygon", "coordinates": [ [ [ -102.629597924728998, 31.291178927954448 ], [ -102.629738161810096, 31.291353557340205 ], [ -102.629753271289047, 31.291414140711243 ], [ -102.625434318853806, 31.295724107448152 ], [ -102.60746086460486, 31.313654606196877 ], [ -102.605060243119055, 31.316128318921194 ], [ -102.601861713086336, 31.3138204761261 ], [ -102.61677931729092, 31.29894073007809 ], [ -102.623325144191853, 31.292409490229691 ], [ -102.6233878866216, 31.29243711652736 ], [ -102.623694952240569, 31.292431569569242 ], [ -102.624065747137905, 31.292398605253663 ], [ -102.624302281963537, 31.292377309976239 ], [ -102.624641161013813, 31.292305782282426 ], [ -102.624960715496613, 31.292216066081323 ], [ -102.625402325493283, 31.292064724721495 ], [ -102.62599710064255, 31.291860763098725 ], [ -102.626193988817988, 31.291768021432862 ], [ -102.626335404575826, 31.291754161244448 ], [ -102.626665522469139, 31.29181417508611 ], [ -102.626936746345137, 31.291830685104841 ], [ -102.627250195487775, 31.29175210668572 ], [ -102.627491806569751, 31.291653661196076 ], [ -102.627943128865368, 31.291434001135443 ], [ -102.628149119015731, 31.291351525380389 ], [ -102.628326102235476, 31.291295932102731 ], [ -102.6284604523686, 31.291268737828872 ], [ -102.628685518528982, 31.291253170209895 ], [ -102.629063488038682, 31.291189779549136 ], [ -102.629255675474241, 31.291134184094386 ], [ -102.629261399691416, 31.291134811034269 ], [ -102.629580466840949, 31.291169760142509 ], [ -102.629597924728998, 31.291178927954448 ] ] ] } },
{ "type": "Feature", "properties": { "ABSTRACT_L": "A-721", "ABSTRACT_N": "103721", "LEVEL1_SUR": "CCSD&RGNG RR CO", "LEVEL2_BLO": "X", "LEVEL3_SUR": "88", "Surv_Sect": "88", "SHAPE_AREA": 708.67939689466129, "owner_count": 0, "owners_json": [ ], "top_operator": "", "top_owner": "", "max_propensity_score": 0, "field_name": "Unknown", "production_status": "none", "pdp_well_count": 0, "pud_well_count": 0, "well_count": 0, "permit_count": 0 }, "geometry": { "type": "Polygon", "coordinates": [ [ [ -102.347144147567462, 31.30293081046932 ], [ -102.330126585211516, 31.306857881592304 ], [ -102.325250002188355, 31.292182087729483 ], [ -102.342436906272084, 31.288083261524012 ], [ -102.347144147567462, 31.30293081046932 ] ] ] } },
{ "type": "Feature", "properties": { "ABSTRACT_L": "A-722", "ABSTRACT_N": "103722", "LEVEL1_SUR": "H&TC RR CO", "LEVEL2_BLO": "35", "LEVEL3_SUR": "2", "Surv_Sect": "2", "SHAPE_AREA": 404.95113977877895, "owner_count": 0, "owners_json": [ ], "top_operator": "", "top_owner": "", "max_propensity_score": 0, "field_name": "Unknown", "production_status": "none", "pdp_well_count": 0, "pud_well_count": 0, "well_count": 0, "permit_count": 0 }, "geometry": { "type": "Polygon", "coordinates": [ [ [ -102.37948632178103, 31.1703765120537 ], [ -102.381115094871745, 31.168728304149248 ], [ -102.382840394174181, 31.17000477062053 ], [ -102.388183394063944, 31.173957445956962 ], [ -102.382006300951232, 31.180190495983791 ], [ -102.378452052820137, 31.183766613834546 ], [ -102.376695600112186, 31.185533741784809 ], [ -102.376415761643926, 31.185812881663921 ], [ -102.375570162094093, 31.186656352154706 ], [ -102.373367012685378, 31.184954324869988 ], [ -102.372646322502334, 31.184393507620488 ], [ -102.368546773524699, 31.181404102588886 ], [ -102.372380633972966, 31.177564843774821 ], [ -102.37948632178103, 31.1703765120537 ] ] ] } },
{ "type": "Feature", "properties": { "ABSTRACT_L": "A-725", "ABSTRACT_N": "103725", "LEVEL1_SUR": "PSL", "LEVEL2_BLO": "B27", "LEVEL3_SUR": "25", "Surv_Sect": "25", "SHAPE_AREA": 741.98080952741975, "owner_count": 0, "owners_json": [ ], "top_operator": "", "top_owner": "", "max_propensity_score": 0, "field_name": "Unknown", "production_status": "none", "pdp_well_count": 0, "pud_well_count": 0, "well_count": 0, "permit_count": 0 }, "geometry": { "type": "Polygon", "coordinates": [ [ [ -102.695567870405739, 31.410345941098804 ], [ -102.69744681580093, 31.416421238373943 ], [ -102.681028638839862, 31.420229899045147 ], [ -102.676572806921484, 31.406180346254146 ], [ -102.672677120305849, 31.394001718420416 ], [ -102.679519685495848, 31.398899034081506 ], [ -102.692645425391717, 31.408291488976634 ], [ -102.695567870405739, 31.410345941098804 ] ] ] } },
{ "type": "Feature", "properties": { "ABSTRACT_L": "A-726", "ABSTRACT_N": "103726", "LEVEL1_SUR": "H&TC RR CO", "LEVEL2_BLO": "4", "LEVEL3_SUR": "20", "Surv_Sect": "20", "SHAPE_AREA": 628.67038781958104, "owner_count": 0, "owners_json": [ ], "top_operator": "", "top_owner": "", "max_propensity_score": 0, "field_name": "Unknown", "production_status": "none", "pdp_well_count": 0, "pud_well_count": 0, "well_count": 0, "permit_count": 0 }, "geometry": { "type": "Polygon", "coordinates": [ [ [ -102.697763042965676, 31.335890460648148 ], [ -102.710776463506733, 31.345307522692288 ], [ -102.699906935203884, 31.356166183032265 ], [ -102.687125172845313, 31.346578168684175 ], [ -102.697763042965676, 31.335890460648148 ] ] ] } },
{ "type": "Feature", "properties": { "ABSTRACT_L": "A-73", "ABSTRACT_N": "10373", "LEVEL1_SUR": "H&TC RR CO", "LEVEL2_BLO": "6", "LEVEL3_SUR": "23", "Surv_Sect": "23", "SHAPE_AREA": 623.94762014728633, "owner_count": 0, "owners_json": [ ], "top_operator": "", "top_owner": "", "max_propensity_score": 0, "field_name": "Unknown", "production_status": "none", "pdp_well_count": 0, "pud_well_count": 0, "well_count": 0, "permit_count": 0 }, "geometry": { "type": "Polygon", "coordinates": [ [ [ -102.381822818311306, 31.198339162144205 ], [ -102.382009685223878, 31.198476132339913 ], [ -102.384329622782147, 31.200176537867534 ], [ -102.37359590250945, 31.211051377695835 ], [ -102.36083438783669, 31.201628192039681 ], [ -102.364697407492343, 31.197727708607353 ], [ -102.371448228881349, 31.190889355600916 ], [ -102.374751495481448, 31.193204369414662 ], [ -102.375576666670426, 31.19380080643376 ], [ -102.377518858161039, 31.195184283715033 ], [ -102.381822818311306, 31.198339162144205 ] ] ] } },
{ "type": "Feature", "properties": { "ABSTRACT_L": "A-731", "ABSTRACT_N": "103731", "LEVEL1_SUR": "H&TC RR CO", "LEVEL2_BLO": "2", "LEVEL3_SUR": "38", "Surv_Sect": "38", "SHAPE_AREA": 213.83588572541657, "owner_count": 0, "owners_json": [ ], "top_operator": "", "top_owner": "", "max_propensity_score": 0, "field_name": "Unknown", "production_status": "none", "pdp_well_count": 0, "pud_well_count": 0, "well_count": 0, "permit_count": 0 }, "geometry": { "type": "Polygon", "coordinates": [ [ [ -102.450659438368731, 31.251221591470408 ], [ -102.453682817134265, 31.253454859635749 ], [ -102.45438144272876, 31.252755139654852 ], [ -102.456099604849442, 31.254107194510333 ], [ -102.445646078744218, 31.264339456290145 ], [ -102.440926082233418, 31.260864797957623 ], [ -102.450659438368731, 31.251221591470408 ] ] ] } },
{ "type": "Feature", "properties": { "ABSTRACT_L": "A-733", "ABSTRACT_N": "103733", "LEVEL1_SUR": "H&TC RR CO", "LEVEL2_BLO": "4", "LEVEL3_SUR": "37", "Surv_Sect": "37", "SHAPE_AREA": 287.92738140944772, "owner_count": 0, "owners_json": [ ], "top_operator": "", "top_owner": "", "max_propensity_score": 0, "field_name": "Unknown", "production_status": "none", "pdp_well_count": 0, "pud_well_count": 0, "well_count": 0, "permit_count": 0 }, "geometry": { "type": "Polygon", "coordinates": [ [ [ -102.756814138804174, 31.321521489352357 ], [ -102.766034539391072, 31.312374522041821 ], [ -102.767403906292884, 31.311016349018505 ], [ -102.767429480101413, 31.329349294627718 ], [ -102.767431027798679, 31.330460743941977 ], [ -102.756063456651404, 31.322266503045014 ], [ -102.756482798106418, 31.321850139986896 ], [ -102.756814138804174, 31.321521489352357 ] ] ] } },
{ "type": "Feature", "properties": { "ABSTRACT_L": "A-734", "ABSTRACT_N": "103734", "LEVEL1_SUR": "PSL", "LEVEL2_BLO": "B25", "LEVEL3_SUR": "30", "Surv_Sect": "30", "SHAPE_AREA": 701.16997752566147, "owner_count": 0, "owners_json": [ ], "top_operator": "", "top_owner": "", "max_propensity_score": 0, "field_name": "Unknown", "production_status": "none", "pdp_well_count": 0, "pud_well_count": 0, "well_count": 0, "permit_count": 0 }, "geometry": { "type": "Polygon", "coordinates": [ [ [ -102.535318061848429, 31.514564436682051 ], [ -102.540086523387004, 31.529259454425585 ], [ -102.540264437184135, 31.529758075457185 ], [ -102.523882985893223, 31.533754596799771 ], [ -102.523701593862299, 31.533289024112115 ], [ -102.518910929766449, 31.518482625350664 ], [ -102.531679842945124, 31.515435977261372 ], [ -102.535318061848429, 31.514564436682051 ] ] ] } },
{ "type": "Feature", "properties": { "ABSTRACT_L": "A-735", "ABSTRACT_N": "103735", "LEVEL1_SUR": "PSL", "LEVEL2_BLO": "B26", "LEVEL3_SUR": "3", "Surv_Sect": "3", "SHAPE_AREA": 325.58923824494764, "owner_count": 0, "owners_json": [ ], "top_operator": "", "top_owner": "", "max_propensity_score": 0, "field_name": "Unknown", "production_status": "none", "pdp_well_count": 0, "pud_well_count": 0, "well_count": 0, "permit_count": 0 }, "geometry": { "type": "Polygon", "coordinates": [ [ [ -102.607395680554902, 31.574333384035835 ], [ -102.586219573920445, 31.564136303907027 ], [ -102.602880374174759, 31.56033757732849 ], [ -102.607395680554902, 31.574333384035835 ] ] ] } },
{ "type": "Feature", "properties": { "ABSTRACT_L": "A-736", "ABSTRACT_N": "103736", "LEVEL1_SUR": "PSL", "LEVEL2_BLO": "B26", "LEVEL3_SUR": "11", "Surv_Sect": "11", "SHAPE_AREA": 327.77017823801964, "owner_count": 0, "owners_json": [ ], "top_operator": "", "top_owner": "", "max_propensity_score": 0, "field_name": "Unknown", "production_status": "none", "pdp_well_count": 0, "pud_well_count": 0, "well_count": 0, "permit_count": 0 }, "geometry": { "type": "Polygon", "coordinates": [ [ [ -102.565504276413137, 31.553400537337364 ], [ -102.581664631067, 31.549611612295507 ], [ -102.586219573920445, 31.564136303907027 ], [ -102.565504276413137, 31.553400537337364 ] ] ] } },
{ "type": "Feature", "properties": { "ABSTRACT_L": "A-74", "ABSTRACT_N": "10374", "LEVEL1_SUR": "H&TC RR CO", "LEVEL2_BLO": "6", "LEVEL3_SUR": "25", "Surv_Sect": "25", "SHAPE_AREA": 638.90389673487596, "owner_count": 0, "owners_json": [ ], "top_operator": "", "top_owner": "", "max_propensity_score": 0, "field_name": "Unknown", "production_status": "none", "pdp_well_count": 0, "pud_well_count": 0, "well_count": 0, "permit_count": 0 }, "geometry": { "type": "Polygon", "coordinates": [ [ [ -102.393001870394997, 31.169150385809118 ], [ -102.398659339934071, 31.173382511040696 ], [ -102.399548098535178, 31.173939008588533 ], [ -102.405769868946962, 31.178573670933282 ], [ -102.394838029538491, 31.189602755900239 ], [ -102.387905069636091, 31.184517719418814 ], [ -102.382006300951232, 31.180190495983791 ], [ -102.388183394063944, 31.173957445956962 ], [ -102.393001870394997, 31.169150385809118 ] ] ] } },
{ "type": "Feature", "properties": { "ABSTRACT_L": "A-745", "ABSTRACT_N": "103745", "LEVEL1_SUR": "H&TC RR CO", "LEVEL2_BLO": "1", "LEVEL3_SUR": "4", "Surv_Sect": "4", "SHAPE_AREA": 629.14040948658828, "owner_count": 0, "owners_json": [ ], "top_operator": "", "top_owner": "", "max_propensity_score": 0, "field_name": "Unknown", "production_status": "none", "pdp_well_count": 0, "pud_well_count": 0, "well_count": 0, "permit_count": 0 }, "geometry": { "type": "Polygon", "coordinates": [ [ [ -102.500430778029781, 31.252371813863856 ], [ -102.501984223479496, 31.25083336577471 ], [ -102.502081271918527, 31.250886889935064 ], [ -102.502221644691431, 31.250941963390016 ], [ -102.502509026578579, 31.251074667103317 ], [ -102.502783571146566, 31.251206930547632 ], [ -102.502962048824472, 31.25127913698342 ], [ -102.502981083005665, 31.25149957132756 ], [ -102.50289111282396, 31.251609304732909 ], [ -102.502814538630304, 31.251696767598443 ], [ -102.502699175845891, 31.251845504996293 ], [ -102.502577496614606, 31.251922153086145 ], [ -102.502385558412939, 31.252158359742641 ], [ -102.50229578922422, 31.252290794990301 ], [ -102.502179438700068, 31.252736010742208 ], [ -102.502140912175108, 31.252868150033425 ], [ -102.502172445380268, 31.253077350813705 ], [ -102.502319609444697, 31.253160481324073 ], [ -102.502498264202174, 31.253209978827865 ], [ -102.502862309624618, 31.253304756987855 ], [ -102.503175189520292, 31.253371619805332 ], [ -102.503430702514166, 31.253465729952687 ], [ -102.503788662437984, 31.253405834604468 ], [ -102.503936016535661, 31.253285353730313 ], [ -102.504166160807088, 31.253071111875766 ], [ -102.504307110655006, 31.252966595812953 ], [ -102.504511695027333, 31.252950235514177 ], [ -102.504639514032903, 31.252939508060866 ], [ -102.505009614810675, 31.253171734636641 ], [ -102.505220025462037, 31.253315558897569 ], [ -102.505462447081854, 31.253398898954426 ], [ -102.505724517043618, 31.253498387447237 ], [ -102.505864834013778, 31.253565144821621 ], [ -102.506132919520454, 31.253725735412484 ], [ -102.506471138766884, 31.253902838005892 ], [ -102.506694173331283, 31.254205998545086 ], [ -102.506802311180735, 31.254448774987541 ], [ -102.506910437025482, 31.254630352843964 ], [ -102.506935634065215, 31.254796312735543 ], [ -102.50692854015179, 31.255192676929926 ], [ -102.506812593400269, 31.255622082104363 ], [ -102.506741658630574, 31.255770657351551 ], [ -102.506651686529736, 31.256001456269011 ], [ -102.506753201962525, 31.256447973684761 ], [ -102.507219209267774, 31.256641866640354 ], [ -102.50723168985769, 31.256642993745398 ], [ -102.50043082370091, 31.263415302093637 ], [ -102.500430784762727, 31.263415344117046 ], [ -102.48618207050923, 31.277600899019372 ], [ -102.47981972848838, 31.272767632302699 ], [ -102.481051546022584, 31.271554737372998 ], [ -102.500430778029781, 31.252371813863856 ] ] ] } },
{ "type": "Feature", "properties": { "ABSTRACT_L": "A-75", "ABSTRACT_N": "10375", "LEVEL1_SUR": "H&TC RR CO", "LEVEL2_BLO": "35", "LEVEL3_SUR": "1", "Surv_Sect": "1", "SHAPE_AREA": 424.81958964791738, "owner_count": 0, "owners_json": [ ], "top_operator": "", "top_owner": "", "max_propensity_score": 0, "field_name": "Unknown", "production_status": "none", "pdp_well_count": 0, "pud_well_count": 0, "well_count": 0, "permit_count": 0 }, "geometry": { "type": "Polygon", "coordinates": [ [ [ -102.387638879705136, 31.162142911977185 ], [ -102.39053320765683, 31.159231075664412 ], [ -102.403288123782275, 31.168704452755989 ], [ -102.398659339934071, 31.173382511040696 ], [ -102.393001870394997, 31.169150385809118 ], [ -102.388183394063944, 31.173957445956962 ], [ -102.382840394174181, 31.17000477062053 ], [ -102.381115094871745, 31.168728304149248 ], [ -102.387638879705136, 31.162142911977185 ] ] ] } },
{ "type": "Feature", "properties": { "ABSTRACT_L": "A-76", "ABSTRACT_N": "10376", "LEVEL1_SUR": "H&TC RR CO", "LEVEL2_BLO": "35", "LEVEL3_SUR": "3", "Surv_Sect": "3", "SHAPE_AREA": 356.33065774648458, "owner_count": 0, "owners_json": [ ], "top_operator": "", "top_owner": "", "max_propensity_score": 0, "field_name": "Unknown", "production_status": "none", "pdp_well_count": 0, "pud_well_count": 0, "well_count": 0, "permit_count": 0 }, "geometry": { "type": "Polygon", "coordinates": [ [ [ -102.375570162094093, 31.186656352154706 ], [ -102.371448228881349, 31.190889355600916 ], [ -102.364697407492343, 31.197727708607353 ], [ -102.35753677681501, 31.192468677075375 ], [ -102.368546773524699, 31.181404102588886 ], [ -102.372646322502334, 31.184393507620488 ], [ -102.373367012685378, 31.184954324869988 ], [ -102.375570162094093, 31.186656352154706 ] ] ] } },
{ "type": "Feature", "properties": { "ABSTRACT_L": "A-761", "ABSTRACT_N": "103761", "LEVEL1_SUR": "H&TC RR CO", "LEVEL2_BLO": "35", "LEVEL3_SUR": "32", "Surv_Sect": "32", "SHAPE_AREA": 650.97084148951365, "owner_count": 0, "owners_json": [ ], "top_operator": "", "top_owner": "", "max_propensity_score": 0, "field_name": "Unknown", "production_status": "none", "pdp_well_count": 0, "pud_well_count": 0, "well_count": 0, "permit_count": 0 }, "geometry": { "type": "Polygon", "coordinates": [ [ [ -102.326995909279063, 31.131959809467389 ], [ -102.340117865568288, 31.141582632012454 ], [ -102.329192372812741, 31.152561964055092 ], [ -102.316075954896149, 31.142952391887647 ], [ -102.326995909279063, 31.131959809467389 ] ] ] } },
{ "type": "Feature", "properties": { "ABSTRACT_L": "A-77", "ABSTRACT_N": "10377", "LEVEL1_SUR": "H&TC RR CO", "LEVEL2_BLO": "35", "LEVEL3_SUR": "5", "Surv_Sect": "5", "SHAPE_AREA": 418.15659913692974, "owner_count": 0, "owners_json": [ ], "top_operator": "", "top_owner": "", "max_propensity_score": 0, "field_name": "Unknown", "production_status": "none", "pdp_well_count": 0, "pud_well_count": 0, "well_count": 0, "permit_count": 0 }, "geometry": { "type": "Polygon", "coordinates": [ [ [ -102.34100056544203, 31.221611260543629 ], [ -102.333907717985241, 31.216245705092348 ], [ -102.335673346238991, 31.214529323575466 ], [ -102.34664537715949, 31.203410598937253 ], [ -102.353885721579303, 31.208650450500734 ], [ -102.349666881773757, 31.21292504409168 ], [ -102.34100056544203, 31.221611260543629 ] ] ] } },
{ "type": "Feature", "properties": { "ABSTRACT_L": "A-777", "ABSTRACT_N": "103777", "LEVEL1_SUR": "PSL", "LEVEL2_BLO": "B20", "LEVEL3_SUR": "24", "Surv_Sect": "24", "SHAPE_AREA": 25.911710130415905, "owner_count": 0, "owners_json": [ ], "top_operator": "", "top_owner": "", "max_propensity_score": 0, "field_name": "Unknown", "production_status": "none", "pdp_well_count": 0, "pud_well_count": 0, "well_count": 0, "permit_count": 0 }, "geometry": { "type": "Polygon", "coordinates": [ [ [ -102.767119279309725, 31.467999699788201 ], [ -102.765127053996096, 31.461140891437672 ], [ -102.767469987869021, 31.460620284065026 ], [ -102.767469923755044, 31.460687172841357 ], [ -102.767449714093317, 31.469013431846296 ], [ -102.767119279309725, 31.467999699788201 ] ] ] } },
{ "type": "Feature", "properties": { "ABSTRACT_L": "A-778", "ABSTRACT_N": "103778", "LEVEL1_SUR": "MK&TE RR CO", "LEVEL2_BLO": "35", "LEVEL3_SUR": "2", "Surv_Sect": "2", "SHAPE_AREA": 198.704482612417, "owner_count": 0, "owners_json": [ ], "top_operator": "", "top_owner": "", "max_propensity_score": 0, "field_name": "Unknown", "production_status": "none", "pdp_well_count": 0, "pud_well_count": 0, "well_count": 0, "permit_count": 0 }, "geometry": { "type": "Polygon", "coordinates": [ [ [ -102.342253387180818, 31.10493495930092 ], [ -102.343336297210826, 31.10384571079382 ], [ -102.349926044524508, 31.108673822443166 ], [ -102.352988011709627, 31.105524127410224 ], [ -102.35939807663658, 31.110270430025501 ], [ -102.35912266370498, 31.110562294409789 ], [ -102.361952873285716, 31.112639528240376 ], [ -102.358153404890459, 31.116404765397586 ], [ -102.3489439877808, 31.109702136945387 ], [ -102.342253387180818, 31.10493495930092 ] ] ] } },
{ "type": "Feature", "properties": { "ABSTRACT_L": "A-78", "ABSTRACT_N": "10378", "LEVEL1_SUR": "H&TC RR CO", "LEVEL2_BLO": "35", "LEVEL3_SUR": "7", "Surv_Sect": "7", "SHAPE_AREA": 633.06095460394511, "owner_count": 0, "owners_json": [ ], "top_operator": "", "top_owner": "", "max_propensity_score": 0, "field_name": "Unknown", "production_status": "none", "pdp_well_count": 0, "pud_well_count": 0, "well_count": 0, "permit_count": 0 }, "geometry": { "type": "Polygon", "coordinates": [ [ [ -102.333907717985241, 31.216245705092348 ], [ -102.324800177930214, 31.225522145862705 ], [ -102.315428184851626, 31.218770529369429 ], [ -102.311933986510994, 31.216246737019588 ], [ -102.322816175668706, 31.205213548643439 ], [ -102.3287166552836, 31.209477335882614 ], [ -102.335673346238991, 31.214529323575466 ], [ -102.333907717985241, 31.216245705092348 ] ] ] } },
{ "type": "Feature", "properties": { "ABSTRACT_L": "A-781", "ABSTRACT_N": "103781", "LEVEL1_SUR": "GC&SF RR CO", "LEVEL2_BLO": "R", "LEVEL3_SUR": "4", "Surv_Sect": "4", "SHAPE_AREA": 564.49277209550019, "owner_count": 0, "owners_json": [ ], "top_operator": "", "top_owner": "", "max_propensity_score": 0, "field_name": "Unknown", "production_status": "none", "pdp_well_count": 0, "pud_well_count": 0, "well_count": 0, "permit_count": 0 }, "geometry": { "type": "Polygon", "coordinates": [ [ [ -102.324800177930214, 31.225522145862705 ], [ -102.332045138118701, 31.230686769581069 ], [ -102.328276274151349, 31.234469639261317 ], [ -102.315264146086463, 31.234481590600755 ], [ -102.31531173781697, 31.2302182207398 ], [ -102.310141063211887, 31.230212951564923 ], [ -102.310051860973203, 31.218741433862576 ], [ -102.315428184851626, 31.218770529369429 ], [ -102.324800177930214, 31.225522145862705 ] ] ] } },
{ "type": "Feature", "properties": { "ABSTRACT_L": "A-782", "ABSTRACT_N": "103782", "LEVEL1_SUR": "H&TC RR CO", "LEVEL2_BLO": "35", "LEVEL3_SUR": "6", "Surv_Sect": "6", "SHAPE_AREA": 452.43678088264221, "owner_count": 0, "owners_json": [ ], "top_operator": "", "top_owner": "", "max_propensity_score": 0, "field_name": "Unknown", "production_status": "none", "pdp_well_count": 0, "pud_well_count": 0, "well_count": 0, "permit_count": 0 }, "geometry": { "type": "Polygon", "coordinates": [ [ [ -102.343993795650363, 31.227330913934988 ], [ -102.33685823563826, 31.23425099554817 ], [ -102.332045138118701, 31.230686769581069 ], [ -102.324800177930214, 31.225522145862705 ], [ -102.333907717985241, 31.216245705092348 ], [ -102.34100056544203, 31.221611260543629 ], [ -102.339042598474677, 31.223598861204053 ], [ -102.343993795650363, 31.227330913934988 ] ] ] } },
{ "type": "Feature", "properties": { "ABSTRACT_L": "A-785", "ABSTRACT_N": "103785", "LEVEL1_SUR": "PSL", "LEVEL2_BLO": "32", "LEVEL3_SUR": "48", "Surv_Sect": "48", "SHAPE_AREA": 316.26703702064378, "owner_count": 0, "owners_json": [ ], "top_operator": "", "top_owner": "", "max_propensity_score": 0, "field_name": "Unknown", "production_status": "none", "pdp_well_count": 0, "pud_well_count": 0, "well_count": 0, "permit_count": 0 }, "geometry": { "type": "Polygon", "coordinates": [ [ [ -102.503420865402404, 31.401668930673043 ], [ -102.50799823532293, 31.41533752917303 ], [ -102.500431522891105, 31.417132647515768 ], [ -102.499674733949021, 31.417312158996729 ], [ -102.499668556476863, 31.417313626223404 ], [ -102.495286632227277, 31.403617339656002 ], [ -102.500431248367278, 31.402393503232574 ], [ -102.500431455682417, 31.402393457964457 ], [ -102.503420865402404, 31.401668930673043 ] ] ] } },
{ "type": "Feature", "properties": { "ABSTRACT_L": "A-79", "ABSTRACT_N": "10379", "LEVEL1_SUR": "H&TC RR CO", "LEVEL2_BLO": "35", "LEVEL3_SUR": "9", "Surv_Sect": "9", "SHAPE_AREA": 634.71534386155054, "owner_count": 0, "owners_json": [ ], "top_operator": "", "top_owner": "", "max_propensity_score": 0, "field_name": "Unknown", "production_status": "none", "pdp_well_count": 0, "pud_well_count": 0, "well_count": 0, "permit_count": 0 }, "geometry": { "type": "Polygon", "coordinates": [ [ [ -102.333829157153602, 31.194100663559585 ], [ -102.339282607257857, 31.188583369029246 ], [ -102.344735505643868, 31.183065740540304 ], [ -102.35753677681501, 31.192468677075375 ], [ -102.349418987283087, 31.200624454897895 ], [ -102.34664537715949, 31.203410598937253 ], [ -102.339985138944613, 31.19862690546087 ], [ -102.333829157153602, 31.194100663559585 ] ] ] } },
{ "type": "Feature", "properties": { "ABSTRACT_L": "A-790", "ABSTRACT_N": "103790", "LEVEL1_SUR": "PSL", "LEVEL2_BLO": "B17", "LEVEL3_SUR": "8", "Surv_Sect": "8", "SHAPE_AREA": 481.98938132213999, "owner_count": 0, "owners_json": [ ], "top_operator": "", "top_owner": "", "max_propensity_score": 0, "field_name": "Unknown", "production_status": "none", "pdp_well_count": 0, "pud_well_count": 0, "well_count": 0, "permit_count": 0 }, "geometry": { "type": "Polygon", "coordinates": [ [ [ -102.753260306096465, 31.589173544106337 ], [ -102.756624171368429, 31.599434462358062 ], [ -102.750439509522792, 31.600897850718091 ], [ -102.75043938984436, 31.600897880764656 ], [ -102.739669688503582, 31.603446114827051 ], [ -102.739567393844837, 31.603130483470146 ], [ -102.736377521657019, 31.59341806556257 ], [ -102.753260306096465, 31.589173544106337 ] ] ] } },
{ "type": "Feature", "properties": { "ABSTRACT_L": "A-8", "ABSTRACT_N": "1038", "LEVEL1_SUR": "CCSD&RGNG RR CO", "LEVEL2_BLO": "F", "LEVEL3_SUR": "205", "Surv_Sect": "205", "SHAPE_AREA": 520.56653545526251, "owner_count": 0, "owners_json": [ ], "top_operator": "", "top_owner": "", "max_propensity_score": 0, "field_name": "Unknown", "production_status": "none", "pdp_well_count": 0, "pud_well_count": 0, "well_count": 0, "permit_count": 0 }, "geometry": { "type": "Polygon", "coordinates": [ [ [ -102.313231533605276, 31.37513934576603 ], [ -102.313113859807245, 31.370942686135759 ], [ -102.324297692287871, 31.368420905358974 ], [ -102.326581369117761, 31.375138388395762 ], [ -102.32902776726263, 31.382334369786591 ], [ -102.313455392620398, 31.385782570871676 ], [ -102.313325445817199, 31.380451008903933 ], [ -102.313339489117169, 31.378996726783889 ], [ -102.313231533605276, 31.37513934576603 ] ] ] } },
{ "type": "Feature", "properties": { "ABSTRACT_L": "A-80", "ABSTRACT_N": "10380", "LEVEL1_SUR": "H&TC RR CO", "LEVEL2_BLO": "35", "LEVEL3_SUR": "11", "Surv_Sect": "11", "SHAPE_AREA": 639.02324302334114, "owner_count": 0, "owners_json": [ ], "top_operator": "", "top_owner": "", "max_propensity_score": 0, "field_name": "Unknown", "production_status": "none", "pdp_well_count": 0, "pud_well_count": 0, "well_count": 0, "permit_count": 0 }, "geometry": { "type": "Polygon", "coordinates": [ [ [ -102.372380633972966, 31.177564843774821 ], [ -102.368546773524699, 31.181404102588886 ], [ -102.355729778790561, 31.171950498503083 ], [ -102.366554320430183, 31.160947412808309 ], [ -102.37496225046047, 31.167083376940219 ], [ -102.37948632178103, 31.1703765120537 ], [ -102.372380633972966, 31.177564843774821 ] ] ] } },
{ "type": "Feature", "properties": { "ABSTRACT_L": "A-806", "ABSTRACT_N": "103806", "LEVEL1_SUR": "PSL", "LEVEL2_BLO": "B24", "LEVEL3_SUR": "9", "Surv_Sect": "9", "SHAPE_AREA": 121.78512594600721, "owner_count": 0, "owners_json": [ ], "top_operator": "", "top_owner": "", "max_propensity_score": 0, "field_name": "Unknown", "production_status": "none", "pdp_well_count": 0, "pud_well_count": 0, "well_count": 0, "permit_count": 0 }, "geometry": { "type": "Polygon", "coordinates": [ [ [ -102.393130695098336, 31.564171067742645 ], [ -102.390137861074905, 31.564865816821086 ], [ -102.389938222091075, 31.564304820960185 ], [ -102.385675910855781, 31.550064900050344 ], [ -102.388553411425505, 31.549368237228869 ], [ -102.393130695098336, 31.564171067742645 ] ] ] } },
{ "type": "Feature", "properties": { "ABSTRACT_L": "A-807", "ABSTRACT_N": "103807", "LEVEL1_SUR": "PSL", "LEVEL2_BLO": "B24", "LEVEL3_SUR": "10", "Surv_Sect": "10", "SHAPE_AREA": 662.5284095770553, "owner_count": 0, "owners_json": [ ], "top_operator": "", "top_owner": "", "max_propensity_score": 0, "field_name": "Unknown", "production_status": "none", "pdp_well_count": 0, "pud_well_count": 0, "well_count": 0, "permit_count": 0 }, "geometry": { "type": "Polygon", "coordinates": [ [ [ -102.409271197971904, 31.56032437370256 ], [ -102.393130695098336, 31.564171067742645 ], [ -102.388553411425505, 31.549368237228869 ], [ -102.400924372619002, 31.54642265116194 ], [ -102.404456991961638, 31.545566329721694 ], [ -102.409271197971904, 31.56032437370256 ] ] ] } },
{ "type": "Feature", "properties": { "ABSTRACT_L": "A-808", "ABSTRACT_N": "103808", "LEVEL1_SUR": "PSL", "LEVEL2_BLO": "B24", "LEVEL3_SUR": "8", "Surv_Sect": "8", "SHAPE_AREA": 715.57243762857627, "owner_count": 0, "owners_json": [ ], "top_operator": "", "top_owner": "", "max_propensity_score": 0, "field_name": "Unknown", "production_status": "none", "pdp_well_count": 0, "pud_well_count": 0, "well_count": 0, "permit_count": 0 }, "geometry": { "type": "Polygon", "coordinates": [ [ [ -102.393130695098336, 31.564171067742645 ], [ -102.409271197971904, 31.56032437370256 ], [ -102.413726309926602, 31.574405900370955 ], [ -102.411195555118212, 31.575002442166756 ], [ -102.410966696779994, 31.574324409250089 ], [ -102.394494245347971, 31.578085238102599 ], [ -102.394461590076133, 31.578092690344711 ], [ -102.390137861074905, 31.564865816821086 ], [ -102.393130695098336, 31.564171067742645 ] ] ] } },
{ "type": "Feature", "properties": { "ABSTRACT_L": "A-81", "ABSTRACT_N": "10381", "LEVEL1_SUR": "H&TC RR CO", "LEVEL2_BLO": "35", "LEVEL3_SUR": "13", "Surv_Sect": "13", "SHAPE_AREA": 694.23374763331367, "owner_count": 0, "owners_json": [ ], "top_operator": "", "top_owner": "", "max_propensity_score": 0, "field_name": "Unknown", "production_status": "none", "pdp_well_count": 0, "pud_well_count": 0, "well_count": 0, "permit_count": 0 }, "geometry": { "type": "Polygon", "coordinates": [ [ [ -102.384154985448959, 31.142960952446458 ], [ -102.384192383200514, 31.142923496833017 ], [ -102.384584970305156, 31.143204998893687 ], [ -102.392278785683715, 31.148721352548559 ], [ -102.404101616914701, 31.157358942400297 ], [ -102.403103956794823, 31.158447793817071 ], [ -102.400379334554515, 31.161066170382828 ], [ -102.406392871912473, 31.165578188651747 ], [ -102.403288123782275, 31.168704452755989 ], [ -102.39053320765683, 31.159231075664412 ], [ -102.377540994211898, 31.149584053818291 ], [ -102.384154985448959, 31.142960952446458 ] ] ] } },
{ "type": "Feature", "properties": { "ABSTRACT_L": "A-813", "ABSTRACT_N": "103813", "LEVEL1_SUR": "H&TC RR CO", "LEVEL2_BLO": "35", "LEVEL3_SUR": "14", "Surv_Sect": "14", "SHAPE_AREA": 331.00315128562551, "owner_count": 0, "owners_json": [ ], "top_operator": "", "top_owner": "", "max_propensity_score": 0, "field_name": "Unknown", "production_status": "none", "pdp_well_count": 0, "pud_well_count": 0, "well_count": 0, "permit_count": 0 }, "geometry": { "type": "Polygon", "coordinates": [ [ [ -102.398558226053765, 31.140107204262289 ], [ -102.400067750755824, 31.141129553300502 ], [ -102.392278785683715, 31.148721352548559 ], [ -102.384584970305156, 31.143204998893687 ], [ -102.384192383200514, 31.142923496833017 ], [ -102.387803113202594, 31.13943028989824 ], [ -102.388615236136559, 31.138644549404191 ], [ -102.387930920863724, 31.138093146266019 ], [ -102.395081487552019, 31.130941949929042 ], [ -102.395861140165678, 31.131532820624518 ], [ -102.3931269504331, 31.134241355832192 ], [ -102.399430134368373, 31.139271096376195 ], [ -102.398558226053765, 31.140107204262289 ] ] ] } },
{ "type": "Feature", "properties": { "ABSTRACT_L": "A-814", "ABSTRACT_N": "103814", "LEVEL1_SUR": "CCSD&RGNG RR CO", "LEVEL2_BLO": "X", "LEVEL3_SUR": "2", "Surv_Sect": "2", "SHAPE_AREA": 345.26630926809037, "owner_count": 0, "owners_json": [ ], "top_operator": "", "top_owner": "", "max_propensity_score": 0, "field_name": "Unknown", "production_status": "none", "pdp_well_count": 0, "pud_well_count": 0, "well_count": 0, "permit_count": 0 }, "geometry": { "type": "Polygon", "coordinates": [ [ [ -102.354048383571183, 31.324498210294138 ], [ -102.337265760320079, 31.328145923662809 ], [ -102.334833949868013, 31.320870021359806 ], [ -102.351670724685121, 31.317084672344457 ], [ -102.354048383571183, 31.324498210294138 ] ] ] } },
{ "type": "Feature", "properties": { "ABSTRACT_L": "A-817", "ABSTRACT_N": "103817", "LEVEL1_SUR": "CCSD&RGNG RR CO", "LEVEL2_BLO": "X", "LEVEL3_SUR": "58", "Surv_Sect": "58", "SHAPE_AREA": 627.03482678823809, "owner_count": 0, "owners_json": [ ], "top_operator": "", "top_owner": "", "max_propensity_score": 0, "field_name": "Unknown", "production_status": "none", "pdp_well_count": 0, "pud_well_count": 0, "well_count": 0, "permit_count": 0 }, "geometry": { "type": "Polygon", "coordinates": [ [ [ -102.477329910680155, 31.377832255556982 ], [ -102.481798268824704, 31.391673387378702 ], [ -102.465645905684752, 31.395482934771298 ], [ -102.465644869634787, 31.395483181459092 ], [ -102.461175791507173, 31.381642188078345 ], [ -102.461182461442462, 31.381640610113148 ], [ -102.477329910680155, 31.377832255556982 ] ] ] } },
{ "type": "Feature", "properties": { "ABSTRACT_L": "A-82", "ABSTRACT_N": "10382", "LEVEL1_SUR": "H&TC RR CO", "LEVEL2_BLO": "35", "LEVEL3_SUR": "15", "Surv_Sect": "15", "SHAPE_AREA": 717.07756677484235, "owner_count": 0, "owners_json": [ ], "top_operator": "", "top_owner": "", "max_propensity_score": 0, "field_name": "Unknown", "production_status": "none", "pdp_well_count": 0, "pud_well_count": 0, "well_count": 0, "permit_count": 0 }, "geometry": { "type": "Polygon", "coordinates": [ [ [ -102.389370377078777, 31.126584106983358 ], [ -102.395081487552019, 31.130941949929042 ], [ -102.387930920863724, 31.138093146266019 ], [ -102.375426850141025, 31.129059430501787 ], [ -102.368443308366409, 31.123953661797643 ], [ -102.374678198939506, 31.117760661446606 ], [ -102.381146210900397, 31.122541294626497 ], [ -102.384935913375429, 31.118778993445556 ], [ -102.38582046292791, 31.117891837538135 ], [ -102.392632449314178, 31.122879489041804 ], [ -102.389370377078777, 31.126584106983358 ] ] ] } },
{ "type": "Feature", "properties": { "ABSTRACT_L": "A-820", "ABSTRACT_N": "103820", "LEVEL1_SUR": "SHORT, M H", "LEVEL2_BLO": null, "LEVEL3_SUR": "3", "Surv_Sect": "3", "SHAPE_AREA": 277.50602547031991, "owner_count": 0, "owners_json": [ ], "top_operator": "", "top_owner": "", "max_propensity_score": 0, "field_name": "Unknown", "production_status": "none", "pdp_well_count": 0, "pud_well_count": 0, "well_count": 0, "permit_count": 0 }, "geometry": { "type": "Polygon", "coordinates": [ [ [ -102.750438061904745, 31.317349970877572 ], [ -102.750437955428069, 31.317349890592535 ], [ -102.750108377607333, 31.317104421673982 ], [ -102.750438060145001, 31.31677144046083 ], [ -102.750438122423532, 31.316771377228878 ], [ -102.759535516832457, 31.30758101722056 ], [ -102.766034539391072, 31.312374522041821 ], [ -102.756814138804174, 31.321521489352357 ], [ -102.756482798106418, 31.321850139986896 ], [ -102.750438061904745, 31.317349970877572 ] ] ] } },
{ "type": "Feature", "properties": { "ABSTRACT_L": "A-821", "ABSTRACT_N": "103821", "LEVEL1_SUR": "PSL", "LEVEL2_BLO": "B22", "LEVEL3_SUR": "13", "Surv_Sect": "13", "SHAPE_AREA": 640.23793796184202, "owner_count": 0, "owners_json": [ ], "top_operator": "", "top_owner": "", "max_propensity_score": 0, "field_name": "Unknown", "production_status": "none", "pdp_well_count": 0, "pud_well_count": 0, "well_count": 0, "permit_count": 0 }, "geometry": { "type": "Polygon", "coordinates": [ [ [ -102.567162349093891, 31.613674285892273 ], [ -102.583342986557724, 31.609896081316048 ], [ -102.587887125202073, 31.624173065916658 ], [ -102.583652919491982, 31.625130132072115 ], [ -102.571790993090275, 31.627809130876237 ], [ -102.570912386675559, 31.625131051810268 ], [ -102.567162349093891, 31.613674285892273 ] ] ] } },
{ "type": "Feature", "properties": { "ABSTRACT_L": "A-822", "ABSTRACT_N": "103822", "LEVEL1_SUR": "PSL", "LEVEL2_BLO": "B22", "LEVEL3_SUR": "14", "Surv_Sect": "14", "SHAPE_AREA": 489.39640738874749, "owner_count": 0, "owners_json": [ ], "top_operator": "", "top_owner": "", "max_propensity_score": 0, "field_name": "Unknown", "production_status": "none", "pdp_well_count": 0, "pud_well_count": 0, "well_count": 0, "permit_count": 0 }, "geometry": { "type": "Polygon", "coordinates": [ [ [ -102.600041565741634, 31.621701311129844 ], [ -102.587887125202073, 31.624173065916658 ], [ -102.583342986557724, 31.609896081316048 ], [ -102.595541462823562, 31.607037962308823 ], [ -102.600041565741634, 31.621701311129844 ] ] ] } },
{ "type": "Feature", "properties": { "ABSTRACT_L": "A-823", "ABSTRACT_N": "103823", "LEVEL1_SUR": "PSL", "LEVEL2_BLO": "B22", "LEVEL3_SUR": "23", "Surv_Sect": "23", "SHAPE_AREA": 465.48552937419635, "owner_count": 0, "owners_json": [ ], "top_operator": "", "top_owner": "", "max_propensity_score": 0, "field_name": "Unknown", "production_status": "none", "pdp_well_count": 0, "pud_well_count": 0, "well_count": 0, "permit_count": 0 }, "geometry": { "type": "Polygon", "coordinates": [ [ [ -102.595541462823562, 31.607037962308823 ], [ -102.583342986557724, 31.609896081316048 ], [ -102.578933215890686, 31.596197413984036 ], [ -102.591184653030169, 31.593456228471961 ], [ -102.595541462823562, 31.607037962308823 ] ] ] } },
{ "type": "Feature", "properties": { "ABSTRACT_L": "A-824", "ABSTRACT_N": "103824", "LEVEL1_SUR": "PSL", "LEVEL2_BLO": "B22", "LEVEL3_SUR": "24", "Surv_Sect": "24", "SHAPE_AREA": 624.2696177419117, "owner_count": 0, "owners_json": [ ], "top_operator": "", "top_owner": "", "max_propensity_score": 0, "field_name": "Unknown", "production_status": "none", "pdp_well_count": 0, "pud_well_count": 0, "well_count": 0, "permit_count": 0 }, "geometry": { "type": "Polygon", "coordinates": [ [ [ -102.583342986557724, 31.609896081316048 ], [ -102.567162349093891, 31.613674285892273 ], [ -102.562667898462848, 31.599798254317427 ], [ -102.578933215890686, 31.596197413984036 ], [ -102.583342986557724, 31.609896081316048 ] ] ] } },
{ "type": "Feature", "properties": { "ABSTRACT_L": "A-825", "ABSTRACT_N": "103825", "LEVEL1_SUR": "PSL", "LEVEL2_BLO": "B27", "LEVEL3_SUR": "1", "Surv_Sect": "1", "SHAPE_AREA": 782.52434532022539, "owner_count": 0, "owners_json": [ ], "top_operator": "", "top_owner": "", "max_propensity_score": 0, "field_name": "Unknown", "production_status": "none", "pdp_well_count": 0, "pud_well_count": 0, "well_count": 0, "permit_count": 0 }, "geometry": { "type": "Polygon", "coordinates": [ [ [ -102.63334134373136, 31.491038074520784 ], [ -102.629861525277605, 31.49187473410387 ], [ -102.625435222591761, 31.478691271952862 ], [ -102.645469976410595, 31.473877369200849 ], [ -102.6499678053504, 31.488117358194334 ], [ -102.633644146875213, 31.491963131142153 ], [ -102.63334134373136, 31.491038074520784 ] ] ] } },
{ "type": "Feature", "properties": { "ABSTRACT_L": "A-828", "ABSTRACT_N": "103828", "LEVEL1_SUR": "H&TC RR CO", "LEVEL2_BLO": "6", "LEVEL3_SUR": "16", "Surv_Sect": "16", "SHAPE_AREA": 308.56311602678096, "owner_count": 0, "owners_json": [ ], "top_operator": "", "top_owner": "", "max_propensity_score": 0, "field_name": "Unknown", "production_status": "none", "pdp_well_count": 0, "pud_well_count": 0, "well_count": 0, "permit_count": 0 }, "geometry": { "type": "Polygon", "coordinates": [ [ [ -102.402537380628956, 31.204343374785452 ], [ -102.407451293820017, 31.208047961121448 ], [ -102.41552967922037, 31.2140332402778 ], [ -102.410268737752972, 31.219188906852587 ], [ -102.403686548953999, 31.214372583380573 ], [ -102.397312938674375, 31.209613286522274 ], [ -102.402537380628956, 31.204343374785452 ] ] ] } },
{ "type": "Feature", "properties": { "ABSTRACT_L": "A-83", "ABSTRACT_N": "10383", "LEVEL1_SUR": "H&TC RR CO", "LEVEL2_BLO": "35", "LEVEL3_SUR": "17", "Surv_Sect": "17", "SHAPE_AREA": 659.2156963043152, "owner_count": 0, "owners_json": [ ], "top_operator": "", "top_owner": "", "max_propensity_score": 0, "field_name": "Unknown", "production_status": "none", "pdp_well_count": 0, "pud_well_count": 0, "well_count": 0, "permit_count": 0 }, "geometry": { "type": "Polygon", "coordinates": [ [ [ -102.373613500005604, 31.153715161466206 ], [ -102.366554320430183, 31.160947412808309 ], [ -102.353501893666575, 31.151362403884104 ], [ -102.364642524069936, 31.140128024047215 ], [ -102.377540994211898, 31.149584053818291 ], [ -102.375579472818828, 31.15165959803965 ], [ -102.375181599637571, 31.152075025430729 ], [ -102.373613500005604, 31.153715161466206 ] ] ] } },
{ "type": "Feature", "properties": { "ABSTRACT_L": "A-830", "ABSTRACT_N": "103830", "LEVEL1_SUR": "H&TC RR CO", "LEVEL2_BLO": "4", "LEVEL3_SUR": "26", "Surv_Sect": "26", "SHAPE_AREA": 637.19614708069537, "owner_count": 0, "owners_json": [ ], "top_operator": "", "top_owner": "", "max_propensity_score": 0, "field_name": "Unknown", "production_status": "none", "pdp_well_count": 0, "pud_well_count": 0, "well_count": 0, "permit_count": 0 }, "geometry": { "type": "Polygon", "coordinates": [ [ [ -102.760864785946083, 31.362581159744661 ], [ -102.750438320900557, 31.373228114131599 ], [ -102.750438149582791, 31.373228289735565 ], [ -102.749963078535728, 31.373713691004717 ], [ -102.73691071934546, 31.364359081518181 ], [ -102.747700877321449, 31.353471433371222 ], [ -102.750438241980959, 31.355366192283174 ], [ -102.750438315465814, 31.355366238874769 ], [ -102.760864785946083, 31.362581159744661 ] ] ] } },
{ "type": "Feature", "properties": { "ABSTRACT_L": "A-831", "ABSTRACT_N": "103831", "LEVEL1_SUR": "PSL", "LEVEL2_BLO": "32", "LEVEL3_SUR": "48", "Surv_Sect": "48", "SHAPE_AREA": 312.19957268486002, "owner_count": 0, "owners_json": [ ], "top_operator": "", "top_owner": "", "max_propensity_score": 0, "field_name": "Unknown", "production_status": "none", "pdp_well_count": 0, "pud_well_count": 0, "well_count": 0, "permit_count": 0 }, "geometry": { "type": "Polygon", "coordinates": [ [ [ -102.516043003773731, 31.413428432987569 ], [ -102.50799823532293, 31.41533752917303 ], [ -102.503420865402404, 31.401668930673043 ], [ -102.503672089908832, 31.401608041827046 ], [ -102.511537863927487, 31.399647599465364 ], [ -102.516043003773731, 31.413428432987569 ] ] ] } },
{ "type": "Feature", "properties": { "ABSTRACT_L": "A-837", "ABSTRACT_N": "103837", "LEVEL1_SUR": "PSL", "LEVEL2_BLO": "B27", "LEVEL3_SUR": "23", "Surv_Sect": "23", "SHAPE_AREA": 648.44981398788502, "owner_count": 0, "owners_json": [ ], "top_operator": "", "top_owner": "", "max_propensity_score": 0, "field_name": "Unknown", "production_status": "none", "pdp_well_count": 0, "pud_well_count": 0, "well_count": 0, "permit_count": 0 }, "geometry": { "type": "Polygon", "coordinates": [ [ [ -102.660172522232244, 31.409917936779419 ], [ -102.66463161925931, 31.424021563704663 ], [ -102.648264629450068, 31.427802793731747 ], [ -102.643686847704302, 31.413673048130626 ], [ -102.660172522232244, 31.409917936779419 ] ] ] } },
{ "type": "Feature", "properties": { "ABSTRACT_L": "A-838", "ABSTRACT_N": "103838", "LEVEL1_SUR": "PSL", "LEVEL2_BLO": "B27", "LEVEL3_SUR": "24", "Surv_Sect": "24", "SHAPE_AREA": 645.13874021282584, "owner_count": 0, "owners_json": [ ], "top_operator": "", "top_owner": "", "max_propensity_score": 0, "field_name": "Unknown", "production_status": "none", "pdp_well_count": 0, "pud_well_count": 0, "well_count": 0, "permit_count": 0 }, "geometry": { "type": "Polygon", "coordinates": [ [ [ -102.676572806921484, 31.406180346254146 ], [ -102.681028638839862, 31.420229899045147 ], [ -102.680853359312906, 31.420272042728321 ], [ -102.664651129681246, 31.424017056331749 ], [ -102.66463161925931, 31.424021563704663 ], [ -102.660172522232244, 31.409917936779419 ], [ -102.676572806921484, 31.406180346254146 ] ] ] } },
{ "type": "Feature", "properties": { "ABSTRACT_L": "A-84", "ABSTRACT_N": "10384", "LEVEL1_SUR": "H&TC RR CO", "LEVEL2_BLO": "35", "LEVEL3_SUR": "19", "Surv_Sect": "19", "SHAPE_AREA": 660.23735231584897, "owner_count": 0, "owners_json": [ ], "top_operator": "", "top_owner": "", "max_propensity_score": 0, "field_name": "Unknown", "production_status": "none", "pdp_well_count": 0, "pud_well_count": 0, "well_count": 0, "permit_count": 0 }, "geometry": { "type": "Polygon", "coordinates": [ [ [ -102.331523956038779, 31.173499310631318 ], [ -102.342588573028763, 31.162316494016931 ], [ -102.355729778790561, 31.171950498503083 ], [ -102.344735505643868, 31.183065740540304 ], [ -102.338128797907231, 31.178282267291927 ], [ -102.331523956038779, 31.173499310631318 ] ] ] } },
{ "type": "Feature", "properties": { "ABSTRACT_L": "A-85", "ABSTRACT_N": "10385", "LEVEL1_SUR": "H&TC RR CO", "LEVEL2_BLO": "35", "LEVEL3_SUR": "21", "Surv_Sect": "21", "SHAPE_AREA": 658.58034127998508, "owner_count": 0, "owners_json": [ ], "top_operator": "", "top_owner": "", "max_propensity_score": 0, "field_name": "Unknown", "production_status": "none", "pdp_well_count": 0, "pud_well_count": 0, "well_count": 0, "permit_count": 0 }, "geometry": { "type": "Polygon", "coordinates": [ [ [ -102.320594965359476, 31.184541106618337 ], [ -102.333829157153602, 31.194100663559585 ], [ -102.328389987798502, 31.199631946239382 ], [ -102.322816175668706, 31.205213548643439 ], [ -102.309604294449827, 31.195617401790315 ], [ -102.315181801133249, 31.190014971669168 ], [ -102.320594965359476, 31.184541106618337 ] ] ] } },
{ "type": "Feature", "properties": { "ABSTRACT_L": "A-852", "ABSTRACT_N": "103852", "LEVEL1_SUR": "T&P RR CO", "LEVEL2_BLO": "43 T4S", "LEVEL3_SUR": "20", "Surv_Sect": "20", "SHAPE_AREA": 167.27204390666111, "owner_count": 0, "owners_json": [ ], "top_operator": "", "top_owner": "", "max_propensity_score": 0, "field_name": "Unknown", "production_status": "none", "pdp_well_count": 0, "pud_well_count": 0, "well_count": 0, "permit_count": 0 }, "geometry": { "type": "Polygon", "coordinates": [ [ [ -102.407800939225822, 31.620665746964029 ], [ -102.405519416259992, 31.613593800877684 ], [ -102.413950507578349, 31.611650939914782 ], [ -102.41630697103615, 31.618705596301584 ], [ -102.407800939225822, 31.620665746964029 ] ] ] } },
{ "type": "Feature", "properties": { "ABSTRACT_L": "A-853", "ABSTRACT_N": "103853", "LEVEL1_SUR": "PSL", "LEVEL2_BLO": "B22", "LEVEL3_SUR": "14", "Surv_Sect": "14", "SHAPE_AREA": 178.65830591968597, "owner_count": 0, "owners_json": [ ], "top_operator": "", "top_owner": "", "max_propensity_score": 0, "field_name": "Unknown", "production_status": "none", "pdp_well_count": 0, "pud_well_count": 0, "well_count": 0, "permit_count": 0 }, "geometry": { "type": "Polygon", "coordinates": [ [ [ -102.604404180103728, 31.620452956019172 ], [ -102.604473909329741, 31.620754878181206 ], [ -102.600041565741634, 31.621701311129844 ], [ -102.595541462823562, 31.607037962308823 ], [ -102.599825074265112, 31.606024485529332 ], [ -102.604404180103728, 31.620452956019172 ] ] ] } },
{ "type": "Feature", "properties": { "ABSTRACT_L": "A-854", "ABSTRACT_N": "103854", "LEVEL1_SUR": "PSL", "LEVEL2_BLO": "B22", "LEVEL3_SUR": "15", "Surv_Sect": "15", "SHAPE_AREA": 656.44906423567454, "owner_count": 0, "owners_json": [ ], "top_operator": "", "top_owner": "", "max_propensity_score": 0, "field_name": "Unknown", "production_status": "none", "pdp_well_count": 0, "pud_well_count": 0, "well_count": 0, "permit_count": 0 }, "geometry": { "type": "Polygon", "coordinates": [ [ [ -102.616264176032175, 31.602639280326287 ], [ -102.620654522831387, 31.616622601246572 ], [ -102.604404180103728, 31.620452956019172 ], [ -102.599825074265112, 31.606024485529332 ], [ -102.616120595371186, 31.602167592457302 ], [ -102.616264176032175, 31.602639280326287 ] ] ] } },
{ "type": "Feature", "properties": { "ABSTRACT_L": "A-855", "ABSTRACT_N": "103855", "LEVEL1_SUR": "PSL", "LEVEL2_BLO": "B22", "LEVEL3_SUR": "16", "Surv_Sect": "16", "SHAPE_AREA": 645.21575344098608, "owner_count": 0, "owners_json": [ ], "top_operator": "", "top_owner": "", "max_propensity_score": 0, "field_name": "Unknown", "production_status": "none", "pdp_well_count": 0, "pud_well_count": 0, "well_count": 0, "permit_count": 0 }, "geometry": { "type": "Polygon", "coordinates": [ [ [ -102.625435838718545, 31.600402552844383 ], [ -102.632609572745352, 31.59865205489108 ], [ -102.637134476268812, 31.612784141180729 ], [ -102.625435878720566, 31.615508840305768 ], [ -102.620654522831387, 31.616622601246572 ], [ -102.616264176032175, 31.602639280326287 ], [ -102.625435838718545, 31.600402552844383 ] ] ] } },
{ "type": "Feature", "properties": { "ABSTRACT_L": "A-858", "ABSTRACT_N": "103858", "LEVEL1_SUR": "PSL", "LEVEL2_BLO": "B23", "LEVEL3_SUR": "2", "Surv_Sect": "2", "SHAPE_AREA": 645.15278560879403, "owner_count": 0, "owners_json": [ ], "top_operator": "", "top_owner": "", "max_propensity_score": 0, "field_name": "Unknown", "production_status": "none", "pdp_well_count": 0, "pud_well_count": 0, "well_count": 0, "permit_count": 0 }, "geometry": { "type": "Polygon", "coordinates": [ [ [ -102.501662008657689, 31.629048624048096 ], [ -102.506162958411778, 31.643233392726234 ], [ -102.50401111493035, 31.643736362602404 ], [ -102.500432568610705, 31.644586558118462 ], [ -102.5004324966512, 31.644586573258259 ], [ -102.489896411042508, 31.647088052968051 ], [ -102.485317235181427, 31.632991633967521 ], [ -102.500432278439305, 31.629345351922431 ], [ -102.500432502136917, 31.629345299473989 ], [ -102.501662008657689, 31.629048624048096 ] ] ] } },
{ "type": "Feature", "properties": { "ABSTRACT_L": "A-859", "ABSTRACT_N": "103859", "LEVEL1_SUR": "PSL", "LEVEL2_BLO": "B23", "LEVEL3_SUR": "12", "Surv_Sect": "12", "SHAPE_AREA": 725.93629709882339, "owner_count": 0, "owners_json": [ ], "top_operator": "", "top_owner": "", "max_propensity_score": 0, "field_name": "Unknown", "production_status": "none", "pdp_well_count": 0, "pud_well_count": 0, "well_count": 0, "permit_count": 0 }, "geometry": { "type": "Polygon", "coordinates": [ [ [ -102.462190108571775, 31.623368920877059 ], [ -102.480723672465984, 31.619107803150332 ], [ -102.482716606035481, 31.625131862038121 ], [ -102.485317235181427, 31.632991633967521 ], [ -102.466713785910827, 31.637429360081462 ], [ -102.462756950767655, 31.625130593231528 ], [ -102.462190108571775, 31.623368920877059 ] ] ] } },
{ "type": "Feature", "properties": { "ABSTRACT_L": "A-86", "ABSTRACT_N": "10386", "LEVEL1_SUR": "H&TC RR CO", "LEVEL2_BLO": "35", "LEVEL3_SUR": "25", "Surv_Sect": "25", "SHAPE_AREA": 666.64333022806477, "owner_count": 0, "owners_json": [ ], "top_operator": "", "top_owner": "", "max_propensity_score": 0, "field_name": "Unknown", "production_status": "none", "pdp_well_count": 0, "pud_well_count": 0, "well_count": 0, "permit_count": 0 }, "geometry": { "type": "Polygon", "coordinates": [ [ [ -102.307145336230235, 31.174777714358456 ], [ -102.318105996364039, 31.16372202786917 ], [ -102.325023699926746, 31.168778705034846 ], [ -102.331523956038779, 31.173499310631318 ], [ -102.326052803481303, 31.179027379195965 ], [ -102.320594965359476, 31.184541106618337 ], [ -102.313964635002492, 31.179726675684027 ], [ -102.307145336230235, 31.174777714358456 ] ] ] } },
{ "type": "Feature", "properties": { "ABSTRACT_L": "A-860", "ABSTRACT_N": "103860", "LEVEL1_SUR": "PSL", "LEVEL2_BLO": "B23", "LEVEL3_SUR": "1", "Surv_Sect": "1", "SHAPE_AREA": 733.61447960424221, "owner_count": 0, "owners_json": [ ], "top_operator": "", "top_owner": "", "max_propensity_score": 0, "field_name": "Unknown", "production_status": "none", "pdp_well_count": 0, "pud_well_count": 0, "well_count": 0, "permit_count": 0 }, "geometry": { "type": "Polygon", "coordinates": [ [ [ -102.466713785910827, 31.637429360081462 ], [ -102.485317235181427, 31.632991633967521 ], [ -102.489896411042508, 31.647088052968051 ], [ -102.487634622940632, 31.647650626843753 ], [ -102.47168959029176, 31.651260511358263 ], [ -102.471069070083971, 31.651260238758404 ], [ -102.466713785910827, 31.637429360081462 ] ] ] } },
{ "type": "Feature", "properties": { "ABSTRACT_L": "A-861", "ABSTRACT_N": "103861", "LEVEL1_SUR": "H&TC RR CO", "LEVEL2_BLO": "1", "LEVEL3_SUR": "6", "Surv_Sect": "6", "SHAPE_AREA": 645.9687138964407, "owner_count": 0, "owners_json": [ ], "top_operator": "", "top_owner": "", "max_propensity_score": 0, "field_name": "Unknown", "production_status": "none", "pdp_well_count": 0, "pud_well_count": 0, "well_count": 0, "permit_count": 0 }, "geometry": { "type": "Polygon", "coordinates": [ [ [ -102.516283335140457, 31.260647510271326 ], [ -102.516576930664598, 31.260741549435025 ], [ -102.516998352355913, 31.260808339743598 ], [ -102.517349667227606, 31.260814577865439 ], [ -102.51782875009917, 31.260821769342581 ], [ -102.518129097393441, 31.260838626665077 ], [ -102.518378220897475, 31.260855778191146 ], [ -102.518531543163732, 31.26090025762468 ], [ -102.518837710523329, 31.261060081557204 ], [ -102.519028935865009, 31.261264100850305 ], [ -102.519214253070587, 31.261501238297814 ], [ -102.519405657194497, 31.261666733484883 ], [ -102.519603128643169, 31.261909831450751 ], [ -102.519769194895133, 31.262086123387647 ], [ -102.519896489196313, 31.262295506064511 ], [ -102.520081623054878, 31.262510661903207 ], [ -102.520222391250059, 31.262609710841669 ], [ -102.520458659788716, 31.262715182127874 ], [ -102.520726663283654, 31.262825517295031 ], [ -102.521014039521475, 31.262820616018946 ], [ -102.52108063792673, 31.262797823488537 ], [ -102.521237833268657, 31.262744039406666 ], [ -102.521429275376406, 31.262595846716227 ], [ -102.521563624519843, 31.262408890632987 ], [ -102.52174912813652, 31.262112228713598 ], [ -102.521915629417464, 31.261853810185951 ], [ -102.522005174602739, 31.261683540273747 ], [ -102.522113878908712, 31.261435836170602 ], [ -102.522190549745716, 31.261292650307961 ], [ -102.522241888427047, 31.261221481546222 ], [ -102.522306097372436, 31.261001498182676 ], [ -102.52245737262281, 31.260741243128717 ], [ -102.522559797418438, 31.260659428109292 ], [ -102.522676452724525, 31.260594649109077 ], [ -102.522778959625043, 31.260595396054729 ], [ -102.522906604711281, 31.260667197247212 ], [ -102.52298956972804, 31.260804534769509 ], [ -102.523091298290396, 31.260986203626356 ], [ -102.523142563263548, 31.26109114164715 ], [ -102.523129592481041, 31.261475907749109 ], [ -102.523090948017455, 31.261723588619422 ], [ -102.523045973897226, 31.262048446797003 ], [ -102.523032936578488, 31.262340366880899 ], [ -102.523083873589869, 31.262598696973949 ], [ -102.523134848687917, 31.262692628002561 ], [ -102.523313932769867, 31.262742109496998 ], [ -102.523479930938564, 31.262720294735921 ], [ -102.523709992421701, 31.262578245017291 ], [ -102.523882400977172, 31.262451743299501 ], [ -102.524048316773332, 31.262352889176842 ], [ -102.524201735918368, 31.26220477327433 ], [ -102.524304075156479, 31.26213880684929 ], [ -102.524463690999482, 31.262073092258323 ], [ -102.524557396768174, 31.262069201318496 ], [ -102.504449376957638, 31.282045256132132 ], [ -102.500430922374619, 31.285961952855846 ], [ -102.50042963387132, 31.285963215870549 ], [ -102.494262695167876, 31.281148193630099 ], [ -102.500430870801708, 31.274941855336021 ], [ -102.50043101146403, 31.274941721927284 ], [ -102.514902657043038, 31.260376614573111 ], [ -102.514935938135125, 31.260390997712992 ], [ -102.515037863461842, 31.260429587403248 ], [ -102.515274019392223, 31.260441500820907 ], [ -102.515708075456757, 31.260501336306817 ], [ -102.515949385676976, 31.260555551709789 ], [ -102.516022772348279, 31.26057204119445 ], [ -102.516283335140457, 31.260647510271326 ] ] ] } },
{ "type": "Feature", "properties": { "ABSTRACT_L": "A-862", "ABSTRACT_N": "103862", "LEVEL1_SUR": "T&P RR CO", "LEVEL2_BLO": "42 T4S", "LEVEL3_SUR": "20", "Surv_Sect": "20", "SHAPE_AREA": 673.34628194015431, "owner_count": 0, "owners_json": [ ], "top_operator": "", "top_owner": "", "max_propensity_score": 0, "field_name": "Unknown", "production_status": "none", "pdp_well_count": 0, "pud_well_count": 0, "well_count": 0, "permit_count": 0 }, "geometry": { "type": "Polygon", "coordinates": [ [ [ -102.337448423383407, 31.621909529262588 ], [ -102.342080407181115, 31.635943254274665 ], [ -102.341605997937549, 31.636048617589903 ], [ -102.324890911060166, 31.639759623737419 ], [ -102.320267117844438, 31.625692917235259 ], [ -102.336539886954426, 31.622109657589679 ], [ -102.337448423383407, 31.621909529262588 ] ] ] } },
{ "type": "Feature", "properties": { "ABSTRACT_L": "A-863", "ABSTRACT_N": "103863", "LEVEL1_SUR": "T&P RR CO", "LEVEL2_BLO": "43 T4S", "LEVEL3_SUR": "22", "Surv_Sect": "22", "SHAPE_AREA": 638.44569006371967, "owner_count": 0, "owners_json": [ ], "top_operator": "", "top_owner": "", "max_propensity_score": 0, "field_name": "Unknown", "production_status": "none", "pdp_well_count": 0, "pud_well_count": 0, "well_count": 0, "permit_count": 0 }, "geometry": { "type": "Polygon", "coordinates": [ [ [ -102.386845041143346, 31.610361611712847 ], [ -102.391367048448785, 31.624377772296825 ], [ -102.388131450051134, 31.625131921123433 ], [ -102.375429106674019, 31.628090313257768 ], [ -102.375109042681629, 31.628164939245895 ], [ -102.374176058545743, 31.625130366591836 ], [ -102.370707966389034, 31.61386477508648 ], [ -102.375428983977315, 31.612839756462371 ], [ -102.386845041143346, 31.610361611712847 ] ] ] } },
{ "type": "Feature", "properties": { "ABSTRACT_L": "A-864", "ABSTRACT_N": "103864", "LEVEL1_SUR": "T&P RR CO", "LEVEL2_BLO": "43 T4S", "LEVEL3_SUR": "10", "Surv_Sect": "10", "SHAPE_AREA": 660.18267863953201, "owner_count": 0, "owners_json": [ ], "top_operator": "", "top_owner": "", "max_propensity_score": 0, "field_name": "Unknown", "production_status": "none", "pdp_well_count": 0, "pud_well_count": 0, "well_count": 0, "permit_count": 0 }, "geometry": { "type": "Polygon", "coordinates": [ [ [ -102.395919049788461, 31.638526613070937 ], [ -102.412366737671917, 31.634761545741231 ], [ -102.413159586248511, 31.634580387940165 ], [ -102.417413567450211, 31.648686563811683 ], [ -102.406479222697328, 31.651231863883275 ], [ -102.400003937804897, 31.651229019234965 ], [ -102.395919049788461, 31.638526613070937 ] ] ] } },
{ "type": "Feature", "properties": { "ABSTRACT_L": "A-865", "ABSTRACT_N": "103865", "LEVEL1_SUR": "T&P RR CO", "LEVEL2_BLO": "43 T4S", "LEVEL3_SUR": "26", "Surv_Sect": "26", "SHAPE_AREA": 642.59471266559126, "owner_count": 0, "owners_json": [ ], "top_operator": "", "top_owner": "", "max_propensity_score": 0, "field_name": "Unknown", "production_status": "none", "pdp_well_count": 0, "pud_well_count": 0, "well_count": 0, "permit_count": 0 }, "geometry": { "type": "Polygon", "coordinates": [ [ [ -102.403725686294422, 31.606449946059055 ], [ -102.403250718211538, 31.606560522318702 ], [ -102.386845041143346, 31.610361611712847 ], [ -102.382496306563581, 31.596697653508233 ], [ -102.399197918069973, 31.59275403528731 ], [ -102.403725686294422, 31.606449946059055 ] ] ] } },
{ "type": "Feature", "properties": { "ABSTRACT_L": "A-866", "ABSTRACT_N": "103866", "LEVEL1_SUR": "T&P RR CO", "LEVEL2_BLO": "43 T4S", "LEVEL3_SUR": "14", "Surv_Sect": "14", "SHAPE_AREA": 646.13651187369487, "owner_count": 0, "owners_json": [ ], "top_operator": "", "top_owner": "", "max_propensity_score": 0, "field_name": "Unknown", "production_status": "none", "pdp_well_count": 0, "pud_well_count": 0, "well_count": 0, "permit_count": 0 }, "geometry": { "type": "Polygon", "coordinates": [ [ [ -102.391367048448785, 31.624377772296825 ], [ -102.391609848834605, 31.625131920613526 ], [ -102.395919049788461, 31.638526613070937 ], [ -102.379472675842678, 31.642345943107351 ], [ -102.375428773095877, 31.629204514006453 ], [ -102.375109042681629, 31.628164939245895 ], [ -102.375429106674019, 31.628090313257768 ], [ -102.388131450051134, 31.625131921123433 ], [ -102.391367048448785, 31.624377772296825 ] ] ] } },
{ "type": "Feature", "properties": { "ABSTRACT_L": "A-87", "ABSTRACT_N": "10387", "LEVEL1_SUR": "H&TC RR CO", "LEVEL2_BLO": "35", "LEVEL3_SUR": "27", "Surv_Sect": "27", "SHAPE_AREA": 662.34470479603795, "owner_count": 0, "owners_json": [ ], "top_operator": "", "top_owner": "", "max_propensity_score": 0, "field_name": "Unknown", "production_status": "none", "pdp_well_count": 0, "pud_well_count": 0, "well_count": 0, "permit_count": 0 }, "geometry": { "type": "Polygon", "coordinates": [ [ [ -102.353501893666575, 31.151362403884104 ], [ -102.342588573028763, 31.162316494016931 ], [ -102.335984962349329, 31.157515074899248 ], [ -102.329192372812741, 31.152561964055092 ], [ -102.340117865568288, 31.141582632012454 ], [ -102.353501893666575, 31.151362403884104 ] ] ] } },
{ "type": "Feature", "properties": { "ABSTRACT_L": "A-871", "ABSTRACT_N": "103871", "LEVEL1_SUR": "PSL", "LEVEL2_BLO": "B27", "LEVEL3_SUR": "16", "Surv_Sect": "16", "SHAPE_AREA": 647.51816611877496, "owner_count": 0, "owners_json": [ ], "top_operator": "", "top_owner": "", "max_propensity_score": 0, "field_name": "Unknown", "production_status": "none", "pdp_well_count": 0, "pud_well_count": 0, "well_count": 0, "permit_count": 0 }, "geometry": { "type": "Polygon", "coordinates": [ [ [ -102.701816352040339, 31.430427187636237 ], [ -102.68540174031402, 31.434300256931763 ], [ -102.680853359312906, 31.420272042728321 ], [ -102.681028638839862, 31.420229899045147 ], [ -102.69744681580093, 31.416421238373943 ], [ -102.701816352040339, 31.430427187636237 ] ] ] } },
{ "type": "Feature", "properties": { "ABSTRACT_L": "A-88", "ABSTRACT_N": "10388", "LEVEL1_SUR": "H&TC RR CO", "LEVEL2_BLO": "35", "LEVEL3_SUR": "29", "Surv_Sect": "29", "SHAPE_AREA": 661.593303195619, "owner_count": 0, "owners_json": [ ], "top_operator": "", "top_owner": "", "max_propensity_score": 0, "field_name": "Unknown", "production_status": "none", "pdp_well_count": 0, "pud_well_count": 0, "well_count": 0, "permit_count": 0 }, "geometry": { "type": "Polygon", "coordinates": [ [ [ -102.368443308366409, 31.123953661797643 ], [ -102.375426850141025, 31.129059430501787 ], [ -102.364642524069936, 31.140128024047215 ], [ -102.35123739921417, 31.130351838878749 ], [ -102.362129899663799, 31.119324340272492 ], [ -102.368443308366409, 31.123953661797643 ] ] ] } },
{ "type": "Feature", "properties": { "ABSTRACT_L": "A-89", "ABSTRACT_N": "10389", "LEVEL1_SUR": "H&TC RR CO", "LEVEL2_BLO": "35", "LEVEL3_SUR": "31", "Surv_Sect": "31", "SHAPE_AREA": 666.07347675114295, "owner_count": 0, "owners_json": [ ], "top_operator": "", "top_owner": "", "max_propensity_score": 0, "field_name": "Unknown", "production_status": "none", "pdp_well_count": 0, "pud_well_count": 0, "well_count": 0, "permit_count": 0 }, "geometry": { "type": "Polygon", "coordinates": [ [ [ -102.338163439404468, 31.120681120480683 ], [ -102.35123739921417, 31.130351838878749 ], [ -102.340117865568288, 31.141582632012454 ], [ -102.326995909279063, 31.131959809467389 ], [ -102.338163439404468, 31.120681120480683 ] ] ] } },
{ "type": "Feature", "properties": { "ABSTRACT_L": "A-895", "ABSTRACT_N": "103895", "LEVEL1_SUR": "PSL", "LEVEL2_BLO": "B22", "LEVEL3_SUR": "11", "Surv_Sect": "11", "SHAPE_AREA": 626.76506372455788, "owner_count": 0, "owners_json": [ ], "top_operator": "", "top_owner": "", "max_propensity_score": 0, "field_name": "Unknown", "production_status": "none", "pdp_well_count": 0, "pud_well_count": 0, "well_count": 0, "permit_count": 0 }, "geometry": { "type": "Polygon", "coordinates": [ [ [ -102.604473909329741, 31.620754878181206 ], [ -102.605890273530889, 31.62513115089914 ], [ -102.608803379220575, 31.634133070656166 ], [ -102.592299640654716, 31.638039123509078 ], [ -102.588191700336608, 31.625130610031071 ], [ -102.587887125202073, 31.624173065916658 ], [ -102.600041565741634, 31.621701311129844 ], [ -102.604473909329741, 31.620754878181206 ] ] ] } },
{ "type": "Feature", "properties": { "ABSTRACT_L": "A-896", "ABSTRACT_N": "103896", "LEVEL1_SUR": "PSL", "LEVEL2_BLO": "B22", "LEVEL3_SUR": "10", "Surv_Sect": "10", "SHAPE_AREA": 618.54622165076114, "owner_count": 0, "owners_json": [ ], "top_operator": "", "top_owner": "", "max_propensity_score": 0, "field_name": "Unknown", "production_status": "none", "pdp_well_count": 0, "pud_well_count": 0, "well_count": 0, "permit_count": 0 }, "geometry": { "type": "Polygon", "coordinates": [ [ [ -102.604404180103728, 31.620452956019172 ], [ -102.620654522831387, 31.616622601246572 ], [ -102.622740454284113, 31.623424151534845 ], [ -102.623331254487184, 31.625129667249475 ], [ -102.625080288150912, 31.630181332638447 ], [ -102.608803379220575, 31.634133070656166 ], [ -102.605890273530889, 31.62513115089914 ], [ -102.604473909329741, 31.620754878181206 ], [ -102.604404180103728, 31.620452956019172 ] ] ] } },
{ "type": "Feature", "properties": { "ABSTRACT_L": "A-897", "ABSTRACT_N": "103897", "LEVEL1_SUR": "H&TC RR CO", "LEVEL2_BLO": "31", "LEVEL3_SUR": "10", "Surv_Sect": "10", "SHAPE_AREA": 615.06092585330498, "owner_count": 0, "owners_json": [ ], "top_operator": "", "top_owner": "", "max_propensity_score": 0, "field_name": "Unknown", "production_status": "none", "pdp_well_count": 0, "pud_well_count": 0, "well_count": 0, "permit_count": 0 }, "geometry": { "type": "Polygon", "coordinates": [ [ [ -102.382366895279034, 31.087300443989555 ], [ -102.35939807663658, 31.110270430025501 ], [ -102.352988011709627, 31.105524127410224 ], [ -102.37107956609772, 31.087025450433874 ], [ -102.374671056593172, 31.087064273154699 ], [ -102.375426542856331, 31.087087524775086 ], [ -102.382366895279034, 31.087300443989555 ] ] ] } },
{ "type": "Feature", "properties": { "ABSTRACT_L": "A-898", "ABSTRACT_N": "103898", "LEVEL1_SUR": "H&TC RR CO", "LEVEL2_BLO": "35", "LEVEL3_SUR": "30", "Surv_Sect": "30", "SHAPE_AREA": 651.02705634442702, "owner_count": 0, "owners_json": [ ], "top_operator": "", "top_owner": "", "max_propensity_score": 0, "field_name": "Unknown", "production_status": "none", "pdp_well_count": 0, "pud_well_count": 0, "well_count": 0, "permit_count": 0 }, "geometry": { "type": "Polygon", "coordinates": [ [ [ -102.3489439877808, 31.109702136945387 ], [ -102.358153404890459, 31.116404765397586 ], [ -102.362129899663799, 31.119324340272492 ], [ -102.35123739921417, 31.130351838878749 ], [ -102.338163439404468, 31.120681120480683 ], [ -102.3489439877808, 31.109702136945387 ] ] ] } },
{ "type": "Feature", "properties": { "ABSTRACT_L": "A-899", "ABSTRACT_N": "103899", "LEVEL1_SUR": "PSL", "LEVEL2_BLO": "B26", "LEVEL3_SUR": "10", "Surv_Sect": "10", "SHAPE_AREA": 673.9620103668982, "owner_count": 0, "owners_json": [ ], "top_operator": "", "top_owner": "", "max_propensity_score": 0, "field_name": "Unknown", "production_status": "none", "pdp_well_count": 0, "pud_well_count": 0, "well_count": 0, "permit_count": 0 }, "geometry": { "type": "Polygon", "coordinates": [ [ [ -102.598187176494406, 31.54576391129865 ], [ -102.602880374174759, 31.56033757732849 ], [ -102.586219573920445, 31.564136303907027 ], [ -102.581664631067, 31.549611612295507 ], [ -102.598187176494406, 31.54576391129865 ] ] ] } },
{ "type": "Feature", "properties": { "ABSTRACT_L": "A-9", "ABSTRACT_N": "1039", "LEVEL1_SUR": "CCSD&RGNG RR CO", "LEVEL2_BLO": "F", "LEVEL3_SUR": "207", "Surv_Sect": "207", "SHAPE_AREA": 188.16800940279461, "owner_count": 0, "owners_json": [ ], "top_operator": "", "top_owner": "", "max_propensity_score": 0, "field_name": "Unknown", "production_status": "none", "pdp_well_count": 0, "pud_well_count": 0, "well_count": 0, "permit_count": 0 }, "geometry": { "type": "Polygon", "coordinates": [ [ [ -102.315020893948599, 31.340547458674397 ], [ -102.319638183536739, 31.354385610666231 ], [ -102.312693875559276, 31.355964577429276 ], [ -102.312415961228083, 31.346053179361473 ], [ -102.312255133167596, 31.341163949585553 ], [ -102.315020893948599, 31.340547458674397 ] ] ] } },
{ "type": "Feature", "properties": { "ABSTRACT_L": "A-90", "ABSTRACT_N": "10390", "LEVEL1_SUR": "H&TC RR CO", "LEVEL2_BLO": "35", "LEVEL3_SUR": "33", "Surv_Sect": "33", "SHAPE_AREA": 661.25180266833854, "owner_count": 0, "owners_json": [ ], "top_operator": "", "top_owner": "", "max_propensity_score": 0, "field_name": "Unknown", "production_status": "none", "pdp_well_count": 0, "pud_well_count": 0, "well_count": 0, "permit_count": 0 }, "geometry": { "type": "Polygon", "coordinates": [ [ [ -102.316075954896149, 31.142952391887647 ], [ -102.329192372812741, 31.152561964055092 ], [ -102.318105996364039, 31.16372202786917 ], [ -102.304975529622851, 31.154176253224065 ], [ -102.316075954896149, 31.142952391887647 ] ] ] } },
{ "type": "Feature", "properties": { "ABSTRACT_L": "A-902", "ABSTRACT_N": "103902", "LEVEL1_SUR": "H&TC RR CO", "LEVEL2_BLO": "35", "LEVEL3_SUR": "42", "Surv_Sect": "42", "SHAPE_AREA": 649.77046917211169, "owner_count": 0, "owners_json": [ ], "top_operator": "", "top_owner": "", "max_propensity_score": 0, "field_name": "Unknown", "production_status": "none", "pdp_well_count": 0, "pud_well_count": 0, "well_count": 0, "permit_count": 0 }, "geometry": { "type": "Polygon", "coordinates": [ [ [ -102.338163439404468, 31.120681120480683 ], [ -102.326995909279063, 31.131959809467389 ], [ -102.314274859483902, 31.122521113168077 ], [ -102.325348677164371, 31.111269263988063 ], [ -102.338163439404468, 31.120681120480683 ] ] ] } },
{ "type": "Feature", "properties": { "ABSTRACT_L": "A-905", "ABSTRACT_N": "103905", "LEVEL1_SUR": "PSL", "LEVEL2_BLO": "B22", "LEVEL3_SUR": "22", "Surv_Sect": "22", "SHAPE_AREA": 286.86382917735187, "owner_count": 0, "owners_json": [ ], "top_operator": "", "top_owner": "", "max_propensity_score": 0, "field_name": "Unknown", "production_status": "none", "pdp_well_count": 0, "pud_well_count": 0, "well_count": 0, "permit_count": 0 }, "geometry": { "type": "Polygon", "coordinates": [ [ [ -102.616120595371186, 31.602167592457302 ], [ -102.599825074265112, 31.606024485529332 ], [ -102.597847702355494, 31.599813978435758 ], [ -102.613990496330729, 31.59581086994562 ], [ -102.614088947111384, 31.595786452811502 ], [ -102.616120595371186, 31.602167592457302 ] ] ] } },
{ "type": "Feature", "properties": { "ABSTRACT_L": "A-906", "ABSTRACT_N": "103906", "LEVEL1_SUR": "PSL", "LEVEL2_BLO": "B22", "LEVEL3_SUR": "21", "Surv_Sect": "21", "SHAPE_AREA": 313.12759904855858, "owner_count": 0, "owners_json": [ ], "top_operator": "", "top_owner": "", "max_propensity_score": 0, "field_name": "Unknown", "production_status": "none", "pdp_well_count": 0, "pud_well_count": 0, "well_count": 0, "permit_count": 0 }, "geometry": { "type": "Polygon", "coordinates": [ [ [ -102.630394418933918, 31.591818828512721 ], [ -102.632609572745352, 31.59865205489108 ], [ -102.625435838718545, 31.600402552844383 ], [ -102.616264176032175, 31.602639280326287 ], [ -102.616120595371186, 31.602167592457302 ], [ -102.614088947111384, 31.595786452811502 ], [ -102.625435693843144, 31.593026493562025 ], [ -102.630394418933918, 31.591818828512721 ] ] ] } },
{ "type": "Feature", "properties": { "ABSTRACT_L": "A-91", "ABSTRACT_N": "10391", "LEVEL1_SUR": "H&TC RR CO", "LEVEL2_BLO": "35", "LEVEL3_SUR": "41", "Surv_Sect": "41", "SHAPE_AREA": 634.12614093756747, "owner_count": 0, "owners_json": [ ], "top_operator": "", "top_owner": "", "max_propensity_score": 0, "field_name": "Unknown", "production_status": "none", "pdp_well_count": 0, "pud_well_count": 0, "well_count": 0, "permit_count": 0 }, "geometry": { "type": "Polygon", "coordinates": [ [ [ -102.326995909279063, 31.131959809467389 ], [ -102.316075954896149, 31.142952391887647 ], [ -102.303394306803909, 31.133720343623565 ], [ -102.314274859483902, 31.122521113168077 ], [ -102.326995909279063, 31.131959809467389 ] ] ] } },
{ "type": "Feature", "properties": { "ABSTRACT_L": "A-912", "ABSTRACT_N": "103912", "LEVEL1_SUR": "T&P RR CO", "LEVEL2_BLO": "43 T4S", "LEVEL3_SUR": "30", "Surv_Sect": "30", "SHAPE_AREA": 676.14772199914694, "owner_count": 0, "owners_json": [ ], "top_operator": "", "top_owner": "", "max_propensity_score": 0, "field_name": "Unknown", "production_status": "none", "pdp_well_count": 0, "pud_well_count": 0, "well_count": 0, "permit_count": 0 }, "geometry": { "type": "Polygon", "coordinates": [ [ [ -102.377779260721965, 31.58210143633416 ], [ -102.382496306563581, 31.596697653508233 ], [ -102.375428608249848, 31.598319533240062 ], [ -102.366549272039393, 31.600355746465489 ], [ -102.365785971383147, 31.600537463207324 ], [ -102.361123478984609, 31.586183505182444 ], [ -102.361540213622234, 31.586081402672693 ], [ -102.37543509242083, 31.582676105179075 ], [ -102.377779260721965, 31.58210143633416 ] ] ] } },
{ "type": "Feature", "properties": { "ABSTRACT_L": "A-915", "ABSTRACT_N": "103915", "LEVEL1_SUR": "PSL", "LEVEL2_BLO": "B27", "LEVEL3_SUR": "1", "Surv_Sect": "1", "SHAPE_AREA": 782.52434532022539, "owner_count": 0, "owners_json": [ ], "top_operator": "", "top_owner": "", "max_propensity_score": 0, "field_name": "Unknown", "production_status": "none", "pdp_well_count": 0, "pud_well_count": 0, "well_count": 0, "permit_count": 0 }, "geometry": { "type": "Polygon", "coordinates": [ [ [ -102.63334134373136, 31.491038074520784 ], [ -102.629861525277605, 31.49187473410387 ], [ -102.625435222591761, 31.478691271952862 ], [ -102.645469976410595, 31.473877369200849 ], [ -102.6499678053504, 31.488117358194334 ], [ -102.633644146875213, 31.491963131142153 ], [ -102.63334134373136, 31.491038074520784 ] ] ] } },
{ "type": "Feature", "properties": { "ABSTRACT_L": "A-916", "ABSTRACT_N": "103916", "LEVEL1_SUR": "PSL", "LEVEL2_BLO": "B27", "LEVEL3_SUR": "8", "Surv_Sect": "8", "SHAPE_AREA": 651.90187606484585, "owner_count": 0, "owners_json": [ ], "top_operator": "", "top_owner": "", "max_propensity_score": 0, "field_name": "Unknown", "production_status": "none", "pdp_well_count": 0, "pud_well_count": 0, "well_count": 0, "permit_count": 0 }, "geometry": { "type": "Polygon", "coordinates": [ [ [ -102.673471133643005, 31.452015317219136 ], [ -102.678014064735933, 31.466234315882254 ], [ -102.661620824984908, 31.470075532353373 ], [ -102.657117920879486, 31.45582905749821 ], [ -102.673471133643005, 31.452015317219136 ] ] ] } },
{ "type": "Feature", "properties": { "ABSTRACT_L": "A-917", "ABSTRACT_N": "103917", "LEVEL1_SUR": "PSL", "LEVEL2_BLO": "B27", "LEVEL3_SUR": "9", "Surv_Sect": "9", "SHAPE_AREA": 644.99523055010161, "owner_count": 0, "owners_json": [ ], "top_operator": "", "top_owner": "", "max_propensity_score": 0, "field_name": "Unknown", "production_status": "none", "pdp_well_count": 0, "pud_well_count": 0, "well_count": 0, "permit_count": 0 }, "geometry": { "type": "Polygon", "coordinates": [ [ [ -102.657117920879486, 31.45582905749821 ], [ -102.661620824984908, 31.470075532353373 ], [ -102.645469976410595, 31.473877369200849 ], [ -102.640919693324307, 31.459619694267431 ], [ -102.657117920879486, 31.45582905749821 ] ] ] } },
{ "type": "Feature", "properties": { "ABSTRACT_L": "A-918", "ABSTRACT_N": "103918", "LEVEL1_SUR": "PSL", "LEVEL2_BLO": "B27", "LEVEL3_SUR": "10", "Surv_Sect": "10", "SHAPE_AREA": 799.09771439889005, "owner_count": 0, "owners_json": [ ], "top_operator": "", "top_owner": "", "max_propensity_score": 0, "field_name": "Unknown", "production_status": "none", "pdp_well_count": 0, "pud_well_count": 0, "well_count": 0, "permit_count": 0 }, "geometry": { "type": "Polygon", "coordinates": [ [ [ -102.640919693324307, 31.459619694267431 ], [ -102.645469976410595, 31.473877369200849 ], [ -102.625435222591761, 31.478691271952862 ], [ -102.625169199922638, 31.477853768714557 ], [ -102.620954011341738, 31.464437766116074 ], [ -102.620953465693006, 31.464436016278604 ], [ -102.625435285860959, 31.463355281433245 ], [ -102.640919693324307, 31.459619694267431 ] ] ] } },
{ "type": "Feature", "properties": { "ABSTRACT_L": "A-919", "ABSTRACT_N": "103919", "LEVEL1_SUR": "PSL", "LEVEL2_BLO": "B22", "LEVEL3_SUR": "12", "Surv_Sect": "12", "SHAPE_AREA": 703.57634821767192, "owner_count": 0, "owners_json": [ ], "top_operator": "", "top_owner": "", "max_propensity_score": 0, "field_name": "Unknown", "production_status": "none", "pdp_well_count": 0, "pud_well_count": 0, "well_count": 0, "permit_count": 0 }, "geometry": { "type": "Polygon", "coordinates": [ [ [ -102.587887125202073, 31.624173065916658 ], [ -102.588191700336608, 31.625130610031071 ], [ -102.592299640654716, 31.638039123509078 ], [ -102.574447990862225, 31.642324473132749 ], [ -102.574442138669468, 31.64230964336036 ], [ -102.569705348512457, 31.628311908236363 ], [ -102.571790993090275, 31.627809130876237 ], [ -102.583652919491982, 31.625130132072115 ], [ -102.587887125202073, 31.624173065916658 ] ] ] } },
{ "type": "Feature", "properties": { "ABSTRACT_L": "A-92", "ABSTRACT_N": "10392", "LEVEL1_SUR": "H&TC RR CO", "LEVEL2_BLO": "35", "LEVEL3_SUR": "43", "Surv_Sect": "43", "SHAPE_AREA": 628.9706511233768, "owner_count": 0, "owners_json": [ ], "top_operator": "", "top_owner": "", "max_propensity_score": 0, "field_name": "Unknown", "production_status": "none", "pdp_well_count": 0, "pud_well_count": 0, "well_count": 0, "permit_count": 0 }, "geometry": { "type": "Polygon", "coordinates": [ [ [ -102.342253387180818, 31.10493495930092 ], [ -102.3489439877808, 31.109702136945387 ], [ -102.338163439404468, 31.120681120480683 ], [ -102.325348677164371, 31.111269263988063 ], [ -102.335991394487976, 31.100408012981848 ], [ -102.342253387180818, 31.10493495930092 ] ] ] } },
{ "type": "Feature", "properties": { "ABSTRACT_L": "A-921", "ABSTRACT_N": "103921", "LEVEL1_SUR": "HENDRICKS, E E", "LEVEL2_BLO": null, "LEVEL3_SUR": "5", "Surv_Sect": "5", "SHAPE_AREA": 170.35141652198681, "owner_count": 0, "owners_json": [ ], "top_operator": "", "top_owner": "", "max_propensity_score": 0, "field_name": "Unknown", "production_status": "none", "pdp_well_count": 0, "pud_well_count": 0, "well_count": 0, "permit_count": 0 }, "geometry": { "type": "Polygon", "coordinates": [ [ [ -102.399548098535178, 31.173939008588533 ], [ -102.398659339934071, 31.173382511040696 ], [ -102.403288123782275, 31.168704452755989 ], [ -102.406392871912473, 31.165578188651747 ], [ -102.400379334554515, 31.161066170382828 ], [ -102.403103956794823, 31.158447793817071 ], [ -102.409112376112446, 31.16283734369248 ], [ -102.422595302453715, 31.149315462894872 ], [ -102.422597703130862, 31.149331617065606 ], [ -102.422860141386337, 31.149633486188559 ], [ -102.423262985835947, 31.14982611176627 ], [ -102.423499802669838, 31.149969563670542 ], [ -102.42353603295021, 31.150014985116758 ], [ -102.410021132978656, 31.163458743783462 ], [ -102.399548098535178, 31.173939008588533 ] ] ] } },
{ "type": "Feature", "properties": { "ABSTRACT_L": "A-928", "ABSTRACT_N": "103928", "LEVEL1_SUR": "PSL", "LEVEL2_BLO": "B22", "LEVEL3_SUR": "9", "Surv_Sect": "9", "SHAPE_AREA": 313.85519969710697, "owner_count": 0, "owners_json": [ ], "top_operator": "", "top_owner": "", "max_propensity_score": 0, "field_name": "Unknown", "production_status": "none", "pdp_well_count": 0, "pud_well_count": 0, "well_count": 0, "permit_count": 0 }, "geometry": { "type": "Polygon", "coordinates": [ [ [ -102.625435778259003, 31.622773403678025 ], [ -102.639291768555296, 31.619423750208284 ], [ -102.64093554415409, 31.625131473216761 ], [ -102.641293135799614, 31.626372569852929 ], [ -102.625436107039803, 31.630097785736268 ], [ -102.625080288150912, 31.630181332638447 ], [ -102.623331254487184, 31.625129667249475 ], [ -102.622740454284113, 31.623424151534845 ], [ -102.625435778259003, 31.622773403678025 ] ] ] } },
{ "type": "Feature", "properties": { "ABSTRACT_L": "A-93", "ABSTRACT_N": "10393", "LEVEL1_SUR": "H&TC RR CO", "LEVEL2_BLO": "35", "LEVEL3_SUR": "45", "Surv_Sect": "45", "SHAPE_AREA": 659.60838247271818, "owner_count": 0, "owners_json": [ ], "top_operator": "", "top_owner": "", "max_propensity_score": 0, "field_name": "Unknown", "production_status": "none", "pdp_well_count": 0, "pud_well_count": 0, "well_count": 0, "permit_count": 0 }, "geometry": { "type": "Polygon", "coordinates": [ [ [ -102.312292571654041, 31.10167201227144 ], [ -102.325348677164371, 31.111269263988063 ], [ -102.314274859483902, 31.122521113168077 ], [ -102.301303189438372, 31.113010672935555 ], [ -102.312292571654041, 31.10167201227144 ] ] ] } },
{ "type": "Feature", "properties": { "ABSTRACT_L": "A-930", "ABSTRACT_N": "103930", "LEVEL1_SUR": "H&TC RR CO", "LEVEL2_BLO": "31", "LEVEL3_SUR": "6", "Surv_Sect": "6", "SHAPE_AREA": 675.06500638444265, "owner_count": 0, "owners_json": [ ], "top_operator": "", "top_owner": "", "max_propensity_score": 0, "field_name": "Unknown", "production_status": "none", "pdp_well_count": 0, "pud_well_count": 0, "well_count": 0, "permit_count": 0 }, "geometry": { "type": "Polygon", "coordinates": [ [ [ -102.41148731207106, 31.097748627015903 ], [ -102.411533523083619, 31.097906586365561 ], [ -102.411461994245457, 31.09806544272061 ], [ -102.411035895619008, 31.098492304154966 ], [ -102.410887341087545, 31.098656036508999 ], [ -102.410744469151439, 31.098886385774435 ], [ -102.410615473934698, 31.099017423166941 ], [ -102.410543077853163, 31.099236827406521 ], [ -102.41056586099613, 31.099363514458648 ], [ -102.41052766832054, 31.099412727266042 ], [ -102.410589883867246, 31.099466038951 ], [ -102.410630063703096, 31.099565484163914 ], [ -102.410838023307122, 31.099756546338419 ], [ -102.411023014777527, 31.099821861258381 ], [ -102.411245508259981, 31.099967548207466 ], [ -102.411214212466859, 31.100112529151136 ], [ -102.411030537737574, 31.100263847368399 ], [ -102.41092920776741, 31.1003571277672 ], [ -102.410852573767656, 31.100540326205916 ], [ -102.410817096846401, 31.100682152047934 ], [ -102.410844763984073, 31.100849695542447 ], [ -102.411060363934666, 31.101033894386624 ], [ -102.411375109429542, 31.101122135920097 ], [ -102.411640981562883, 31.101123503157154 ], [ -102.411863670200461, 31.101190507225926 ], [ -102.412018488125895, 31.101333204856164 ], [ -102.412030643470089, 31.101347657070392 ], [ -102.412156209282912, 31.101634217557997 ], [ -102.412179457443671, 31.101937132915609 ], [ -102.41227304614543, 31.102223602258377 ], [ -102.412443662863438, 31.102505194348733 ], [ -102.412615453084527, 31.10264368801819 ], [ -102.412889946708873, 31.102733489065546 ], [ -102.413139090751727, 31.102801063265797 ], [ -102.413292135630272, 31.102862183994649 ], [ -102.413335426034322, 31.102885423437218 ], [ -102.392632449314178, 31.122879489041804 ], [ -102.38582046292791, 31.117891837538135 ], [ -102.409161416705615, 31.094971161353278 ], [ -102.40941954175986, 31.094982678861335 ], [ -102.40952199301168, 31.094956005401073 ], [ -102.409625749319346, 31.094945926399344 ], [ -102.409689404545219, 31.09499178956381 ], [ -102.409889200123104, 31.095169564509785 ], [ -102.409995970502735, 31.095375969657873 ], [ -102.41021257175683, 31.095600480830594 ], [ -102.410514488953851, 31.095732670552813 ], [ -102.410724894428256, 31.095849817180216 ], [ -102.410780545759422, 31.096059266425041 ], [ -102.410740977171301, 31.096201705258807 ], [ -102.410522081137984, 31.096365373776187 ], [ -102.410284089873599, 31.096501195498593 ], [ -102.410033779974711, 31.096576714186789 ], [ -102.409859398380661, 31.096746430032152 ], [ -102.409927856092906, 31.096972149582943 ], [ -102.409995698795214, 31.097068692234931 ], [ -102.410054288872189, 31.097250448423342 ], [ -102.410197731081126, 31.097362055483956 ], [ -102.410448459709656, 31.097390988224628 ], [ -102.41068190672334, 31.097382176286438 ], [ -102.410827146797757, 31.097412807790064 ], [ -102.410870705433751, 31.097426192761585 ], [ -102.411374616482092, 31.097668316532303 ], [ -102.41148731207106, 31.097748627015903 ] ] ] } },
{ "type": "Feature", "properties": { "ABSTRACT_L": "A-931", "ABSTRACT_N": "103931", "LEVEL1_SUR": "H&TC RR CO", "LEVEL2_BLO": "4", "LEVEL3_SUR": "38", "Surv_Sect": "38", "SHAPE_AREA": 222.66826345179351, "owner_count": 0, "owners_json": [ ], "top_operator": "", "top_owner": "", "max_propensity_score": 0, "field_name": "Unknown", "production_status": "none", "pdp_well_count": 0, "pud_well_count": 0, "well_count": 0, "permit_count": 0 }, "geometry": { "type": "Polygon", "coordinates": [ [ [ -102.750958045071712, 31.327363039855864 ], [ -102.755242140309889, 31.323086356503172 ], [ -102.756043834457884, 31.322285988662077 ], [ -102.756063456651404, 31.322266503045014 ], [ -102.767431027798679, 31.330460743941977 ], [ -102.767431048747881, 31.330475010198988 ], [ -102.767435803678495, 31.333878713097267 ], [ -102.766796911769859, 31.334508234673027 ], [ -102.760217904683188, 31.329650154195363 ], [ -102.757577259955468, 31.332251761298981 ], [ -102.750958045071712, 31.327363039855864 ] ] ] } },
{ "type": "Feature", "properties": { "ABSTRACT_L": "A-934", "ABSTRACT_N": "103934", "LEVEL1_SUR": "H&TC RR CO", "LEVEL2_BLO": "4", "LEVEL3_SUR": "38", "Surv_Sect": "38", "SHAPE_AREA": 234.74000723264641, "owner_count": 0, "owners_json": [ ], "top_operator": "", "top_owner": "", "max_propensity_score": 0, "field_name": "Unknown", "production_status": "none", "pdp_well_count": 0, "pud_well_count": 0, "well_count": 0, "permit_count": 0 }, "geometry": { "type": "MultiPolygon", "coordinates": [ [ [ [ -102.75043814722855, 31.336083055055813 ], [ -102.750438024316281, 31.336082961362067 ], [ -102.745715920405402, 31.332595153372985 ], [ -102.750438111367686, 31.327882039350236 ], [ -102.750958045071712, 31.327363039855864 ], [ -102.757577259955468, 31.332251761298981 ], [ -102.75229553072063, 31.337454809046829 ], [ -102.75043814722855, 31.336083055055813 ] ] ], [ [ [ -102.766796911769859, 31.334508234673027 ], [ -102.764156311960306, 31.337109972625996 ], [ -102.757577259955468, 31.332251761298981 ], [ -102.760217904683188, 31.329650154195363 ], [ -102.766796911769859, 31.334508234673027 ] ] ] ] } },
{ "type": "Feature", "properties": { "ABSTRACT_L": "A-935", "ABSTRACT_N": "103935", "LEVEL1_SUR": "PSL", "LEVEL2_BLO": "B27", "LEVEL3_SUR": "3", "Surv_Sect": "3", "SHAPE_AREA": 650.91378820130046, "owner_count": 0, "owners_json": [ ], "top_operator": "", "top_owner": "", "max_propensity_score": 0, "field_name": "Unknown", "production_status": "none", "pdp_well_count": 0, "pud_well_count": 0, "well_count": 0, "permit_count": 0 }, "geometry": { "type": "Polygon", "coordinates": [ [ [ -102.678014064735933, 31.466234315882254 ], [ -102.682514169209568, 31.480437487061369 ], [ -102.666175693989146, 31.484294674604349 ], [ -102.661620824984908, 31.470075532353373 ], [ -102.678014064735933, 31.466234315882254 ] ] ] } },
{ "type": "Feature", "properties": { "ABSTRACT_L": "A-936", "ABSTRACT_N": "103936", "LEVEL1_SUR": "H&TC RR CO", "LEVEL2_BLO": "31", "LEVEL3_SUR": "16", "Surv_Sect": "16", "SHAPE_AREA": 82.036039124364152, "owner_count": 0, "owners_json": [ ], "top_operator": "", "top_owner": "", "max_propensity_score": 0, "field_name": "Unknown", "production_status": "none", "pdp_well_count": 0, "pud_well_count": 0, "well_count": 0, "permit_count": 0 }, "geometry": { "type": "Polygon", "coordinates": [ [ [ -102.316079740527371, 31.086418486963971 ], [ -102.314247468349251, 31.088285758285423 ], [ -102.311085298800165, 31.09160140971586 ], [ -102.30459928523581, 31.086750249172628 ], [ -102.305047842565372, 31.086293918382129 ], [ -102.316079740527371, 31.086418486963971 ] ] ] } },
{ "type": "Feature", "properties": { "ABSTRACT_L": "A-937", "ABSTRACT_N": "103937", "LEVEL1_SUR": "H&TC RR CO", "LEVEL2_BLO": "35", "LEVEL3_SUR": "44", "Surv_Sect": "44", "SHAPE_AREA": 637.20323652876266, "owner_count": 0, "owners_json": [ ], "top_operator": "", "top_owner": "", "max_propensity_score": 0, "field_name": "Unknown", "production_status": "none", "pdp_well_count": 0, "pud_well_count": 0, "well_count": 0, "permit_count": 0 }, "geometry": { "type": "Polygon", "coordinates": [ [ [ -102.32075372948411, 31.093056976836937 ], [ -102.322933357685088, 31.090830431425282 ], [ -102.329337343884717, 31.095512267850793 ], [ -102.335991394487976, 31.100408012981848 ], [ -102.325348677164371, 31.111269263988063 ], [ -102.312292571654041, 31.10167201227144 ], [ -102.32075372948411, 31.093056976836937 ] ] ] } },
{ "type": "Feature", "properties": { "ABSTRACT_L": "A-94", "ABSTRACT_N": "10394", "LEVEL1_SUR": "H&TC RR CO", "LEVEL2_BLO": "35", "LEVEL3_SUR": "57", "Surv_Sect": "57", "SHAPE_AREA": 416.30626145171846, "owner_count": 0, "owners_json": [ ], "top_operator": "", "top_owner": "", "max_propensity_score": 0, "field_name": "Unknown", "production_status": "none", "pdp_well_count": 0, "pud_well_count": 0, "well_count": 0, "permit_count": 0 }, "geometry": { "type": "Polygon", "coordinates": [ [ [ -102.301756826591188, 31.086256579934464 ], [ -102.303688833352609, 31.087675827552484 ], [ -102.30459928523581, 31.086750249172628 ], [ -102.311085298800165, 31.09160140971586 ], [ -102.314247468349251, 31.088285758285423 ], [ -102.32075372948411, 31.093056976836937 ], [ -102.312292571654041, 31.10167201227144 ], [ -102.301165466541335, 31.093660337090459 ], [ -102.301165840113029, 31.093577478503921 ], [ -102.301199220853618, 31.08625024371548 ], [ -102.301756826591188, 31.086256579934464 ] ] ] } },
{ "type": "Feature", "properties": { "ABSTRACT_L": "A-941", "ABSTRACT_N": "103941", "LEVEL1_SUR": "H&TC RR CO", "LEVEL2_BLO": "35", "LEVEL3_SUR": "46", "Surv_Sect": "46", "SHAPE_AREA": 389.12862145555385, "owner_count": 0, "owners_json": [ ], "top_operator": "", "top_owner": "", "max_propensity_score": 0, "field_name": "Unknown", "production_status": "none", "pdp_well_count": 0, "pud_well_count": 0, "well_count": 0, "permit_count": 0 }, "geometry": { "type": "Polygon", "coordinates": [ [ [ -102.301031563667081, 31.123041613463613 ], [ -102.301076216717789, 31.113244284119254 ], [ -102.301303189438372, 31.113010672935555 ], [ -102.314274859483902, 31.122521113168077 ], [ -102.303394306803909, 31.133720343623565 ], [ -102.301315758712406, 31.132178165150698 ], [ -102.301017113503192, 31.128275020580787 ], [ -102.301005482400683, 31.126511582828392 ], [ -102.301015814794184, 31.125146018280311 ], [ -102.301031563667081, 31.123041613463613 ] ] ] } },
{ "type": "Feature", "properties": { "ABSTRACT_L": "A-943", "ABSTRACT_N": "103943", "LEVEL1_SUR": "H&TC RR CO", "LEVEL2_BLO": "35", "LEVEL3_SUR": "22", "Surv_Sect": "22", "SHAPE_AREA": 475.24345932713618, "owner_count": 0, "owners_json": [ ], "top_operator": "", "top_owner": "", "max_propensity_score": 0, "field_name": "Unknown", "production_status": "none", "pdp_well_count": 0, "pud_well_count": 0, "well_count": 0, "permit_count": 0 }, "geometry": { "type": "Polygon", "coordinates": [ [ [ -102.307320210090083, 31.197918704994517 ], [ -102.309604294449827, 31.195617401790315 ], [ -102.322816175668706, 31.205213548643439 ], [ -102.311933986510994, 31.216246737019588 ], [ -102.307843545347012, 31.213298311515231 ], [ -102.307333026874218, 31.198295423552096 ], [ -102.307320210090083, 31.197918704994517 ] ] ] } },
{ "type": "Feature", "properties": { "ABSTRACT_L": "A-944", "ABSTRACT_N": "103944", "LEVEL1_SUR": "H&TC RR CO", "LEVEL2_BLO": "35", "LEVEL3_SUR": "24", "Surv_Sect": "24", "SHAPE_AREA": 150.66128452619145, "owner_count": 0, "owners_json": [ ], "top_operator": "", "top_owner": "", "max_propensity_score": 0, "field_name": "Unknown", "production_status": "none", "pdp_well_count": 0, "pud_well_count": 0, "well_count": 0, "permit_count": 0 }, "geometry": { "type": "Polygon", "coordinates": [ [ [ -102.308532053946408, 31.185195798550286 ], [ -102.315181801133249, 31.190014971669168 ], [ -102.309604294449827, 31.195617401790315 ], [ -102.30691822546126, 31.193696007351605 ], [ -102.305910264946021, 31.183314195969388 ], [ -102.308532053946408, 31.185195798550286 ] ] ] } },
{ "type": "Feature", "properties": { "ABSTRACT_L": "A-948", "ABSTRACT_N": "103948", "LEVEL1_SUR": "FROST, B L", "LEVEL2_BLO": null, "LEVEL3_SUR": "101", "Surv_Sect": "101", "SHAPE_AREA": 544.69648043373286, "owner_count": 0, "owners_json": [ ], "top_operator": "", "top_owner": "", "max_propensity_score": 0, "field_name": "Unknown", "production_status": "none", "pdp_well_count": 0, "pud_well_count": 0, "well_count": 0, "permit_count": 0 }, "geometry": { "type": "Polygon", "coordinates": [ [ [ -102.335030771891297, 31.250141363225904 ], [ -102.335030842235568, 31.25014129317336 ], [ -102.340367161032717, 31.244985956799816 ], [ -102.347194571637516, 31.250141170765406 ], [ -102.347196741574976, 31.250142809740034 ], [ -102.352868149663422, 31.254424120943888 ], [ -102.355530584922704, 31.256430270794247 ], [ -102.333982413212638, 31.261565254935974 ], [ -102.333536666753574, 31.260198998826414 ], [ -102.331438562373577, 31.253610896496507 ], [ -102.335030771891297, 31.250141363225904 ] ] ] } },
{ "type": "Feature", "properties": { "ABSTRACT_L": "A-949", "ABSTRACT_N": "103949", "LEVEL1_SUR": "H&TC RR CO", "LEVEL2_BLO": "35", "LEVEL3_SUR": "56", "Surv_Sect": "56", "SHAPE_AREA": 285.6086583641324, "owner_count": 0, "owners_json": [ ], "top_operator": "", "top_owner": "", "max_propensity_score": 0, "field_name": "Unknown", "production_status": "none", "pdp_well_count": 0, "pud_well_count": 0, "well_count": 0, "permit_count": 0 }, "geometry": { "type": "Polygon", "coordinates": [ [ [ -102.301165466541335, 31.093660337090459 ], [ -102.312292571654041, 31.10167201227144 ], [ -102.301303189438372, 31.113010672935555 ], [ -102.301078033904446, 31.112846137447871 ], [ -102.301165466541335, 31.093660337090459 ] ] ] } },
{ "type": "Feature", "properties": { "ABSTRACT_L": "A-95", "ABSTRACT_N": "10395", "LEVEL1_SUR": "H&TC RR CO", "LEVEL2_BLO": "31", "LEVEL3_SUR": "1", "Surv_Sect": "1", "SHAPE_AREA": 595.65421812471459, "owner_count": 0, "owners_json": [ ], "top_operator": "", "top_owner": "", "max_propensity_score": 0, "field_name": "Unknown", "production_status": "none", "pdp_well_count": 0, "pud_well_count": 0, "well_count": 0, "permit_count": 0 }, "geometry": { "type": "Polygon", "coordinates": [ [ [ -102.427189876937376, 31.137174159838551 ], [ -102.427414087403818, 31.137404512023675 ], [ -102.427663672781989, 31.137673595614707 ], [ -102.42793243035544, 31.137909989070597 ], [ -102.428335431736585, 31.138063387345145 ], [ -102.428603947875118, 31.13811818779574 ], [ -102.428923654411633, 31.138172713840998 ], [ -102.42930140538958, 31.138277050415528 ], [ -102.429525312221912, 31.138369831858675 ], [ -102.429729760942848, 31.138562031083762 ], [ -102.429896730208441, 31.138836790277789 ], [ -102.429845774963354, 31.139221576271748 ], [ -102.429834092578389, 31.139227298746892 ], [ -102.429590888393136, 31.13933641093686 ], [ -102.42932806548859, 31.13932141538173 ], [ -102.429110619324703, 31.139293859292543 ], [ -102.428771649555955, 31.139189481440724 ], [ -102.428539974734193, 31.139124668706163 ], [ -102.428236402313516, 31.138976853164575 ], [ -102.427923571450677, 31.138969287442574 ], [ -102.427653330110871, 31.139014849800184 ], [ -102.427492903279386, 31.139036716431317 ], [ -102.427192723333178, 31.139245960009497 ], [ -102.427141578984589, 31.139388620142434 ], [ -102.427212366746588, 31.139718153764459 ], [ -102.42725784609047, 31.14015271778737 ], [ -102.42739877881354, 31.140504321732443 ], [ -102.427700378107929, 31.141103291170044 ], [ -102.427854026805903, 31.141388620917326 ], [ -102.428103592223508, 31.141515323117098 ], [ -102.428186622548239, 31.141713244261226 ], [ -102.428009309630724, 31.141926372669165 ], [ -102.427688455754605, 31.141905571042059 ], [ -102.427496684360875, 31.142037802286698 ], [ -102.427279707274323, 31.142169818577671 ], [ -102.427056112671821, 31.142340479072665 ], [ -102.426973551932832, 31.142725168849008 ], [ -102.427025196473977, 31.143103900037467 ], [ -102.427332230678957, 31.143225390895399 ], [ -102.427703103266722, 31.143263138751969 ], [ -102.428355386092349, 31.143389837765444 ], [ -102.428777268038402, 31.143483029318599 ], [ -102.429007975783207, 31.143763477675947 ], [ -102.429033785135928, 31.144038138238958 ], [ -102.429059804347716, 31.144477882091209 ], [ -102.429168829074186, 31.144769551515584 ], [ -102.429361020658689, 31.144950975793751 ], [ -102.429489107326845, 31.145143234445367 ], [ -102.429719713415167, 31.145544740559412 ], [ -102.429854435447993, 31.145918476993465 ], [ -102.429848710946956, 31.146226747384159 ], [ -102.429740147656432, 31.146501181439209 ], [ -102.42938923847872, 31.146776041895713 ], [ -102.429088654127426, 31.146891747382156 ], [ -102.428660755374707, 31.146908039877385 ], [ -102.428315161640313, 31.146858813957486 ], [ -102.427931316688202, 31.146705055474264 ], [ -102.427656326813945, 31.146523120159252 ], [ -102.427310780402905, 31.146303300667004 ], [ -102.427106415862582, 31.146229910691883 ], [ -102.426706331835334, 31.14613287887099 ], [ -102.426378539424547, 31.146152478352569 ], [ -102.426110813494546, 31.146313165585518 ], [ -102.425904424551746, 31.14641911692253 ], [ -102.425777214138293, 31.146605850846409 ], [ -102.425835099709971, 31.147056690670077 ], [ -102.425938169103219, 31.147397312523825 ], [ -102.425906340007899, 31.147732898833592 ], [ -102.425823383364332, 31.147820438070251 ], [ -102.425587269451782, 31.148002336218198 ], [ -102.42544007571793, 31.148001658100092 ], [ -102.425171469548445, 31.147897326286063 ], [ -102.424989749135975, 31.147761318582781 ], [ -102.42477917924316, 31.147585804300437 ], [ -102.424606099499243, 31.147541993329554 ], [ -102.424488736952938, 31.147537473640451 ], [ -102.424308307055654, 31.147578524118337 ], [ -102.423899462614273, 31.147809056587018 ], [ -102.423676057221968, 31.148144794095852 ], [ -102.42353120506246, 31.148290818446409 ], [ -102.423370167193681, 31.148337825552698 ], [ -102.423015397058776, 31.148525973574596 ], [ -102.422783579097882, 31.148631151223849 ], [ -102.422673537846336, 31.148776467252468 ], [ -102.422552358088652, 31.148996102122741 ], [ -102.422595302453715, 31.149315462894872 ], [ -102.409112376112446, 31.16283734369248 ], [ -102.403103956794823, 31.158447793817071 ], [ -102.404101616914701, 31.157358942400297 ], [ -102.409367486131529, 31.152119873387889 ], [ -102.426453127647349, 31.135136145339974 ], [ -102.426561179833598, 31.135257183116703 ], [ -102.426567585806907, 31.135493000373874 ], [ -102.42636981286735, 31.135718892522704 ], [ -102.426273900919995, 31.135768155200363 ], [ -102.425935344819266, 31.136087486757006 ], [ -102.425596944777837, 31.13631876782549 ], [ -102.425079410511813, 31.136785906308972 ], [ -102.425041663207281, 31.137203466818242 ], [ -102.425150796239294, 31.137720069133067 ], [ -102.425349784482592, 31.13824736725913 ], [ -102.425324661043675, 31.13853261419376 ], [ -102.425421011408019, 31.138735790107955 ], [ -102.42570873707129, 31.13879092405859 ], [ -102.42595145345733, 31.138680438883753 ], [ -102.426181482675517, 31.138433306402995 ], [ -102.426276765900539, 31.138202459577347 ], [ -102.426455209646818, 31.137735490268138 ], [ -102.426587655509294, 31.137416470707958 ], [ -102.426905588301636, 31.137091010385515 ], [ -102.427189876937376, 31.137174159838551 ] ] ] } },
{ "type": "Feature", "properties": { "ABSTRACT_L": "A-950", "ABSTRACT_N": "103950", "LEVEL1_SUR": "GC&SF RR CO", "LEVEL2_BLO": "R", "LEVEL3_SUR": "3", "Surv_Sect": "3", "SHAPE_AREA": 108.58505004296734, "owner_count": 0, "owners_json": [ ], "top_operator": "", "top_owner": "", "max_propensity_score": 0, "field_name": "Unknown", "production_status": "none", "pdp_well_count": 0, "pud_well_count": 0, "well_count": 0, "permit_count": 0 }, "geometry": { "type": "Polygon", "coordinates": [ [ [ -102.311933986510994, 31.216246737019588 ], [ -102.315428184851626, 31.218770529369429 ], [ -102.310051860973203, 31.218741433862576 ], [ -102.310141063211887, 31.230212951564923 ], [ -102.308419081686694, 31.230210552552762 ], [ -102.308405893075985, 31.229824334418939 ], [ -102.307843545347012, 31.213298311515231 ], [ -102.311933986510994, 31.216246737019588 ] ] ] } },
{ "type": "Feature", "properties": { "ABSTRACT_L": "A-951", "ABSTRACT_N": "103951", "LEVEL1_SUR": "GIBSON, J H", "LEVEL2_BLO": "X", "LEVEL3_SUR": "6", "Surv_Sect": "6", "SHAPE_AREA": 655.32973113895855, "owner_count": 0, "owners_json": [ ], "top_operator": "", "top_owner": "", "max_propensity_score": 0, "field_name": "Unknown", "production_status": "none", "pdp_well_count": 0, "pud_well_count": 0, "well_count": 0, "permit_count": 0 }, "geometry": { "type": "Polygon", "coordinates": [ [ [ -102.340149751164034, 31.364876777040653 ], [ -102.34361377601563, 31.375138992079677 ], [ -102.344873955638775, 31.378871670843505 ], [ -102.346014648976421, 31.382240580764531 ], [ -102.342661704809018, 31.382971839030471 ], [ -102.341518354143588, 31.379555491075109 ], [ -102.34004549358788, 31.375138119832364 ], [ -102.336891683435283, 31.365678407198896 ], [ -102.332127201780906, 31.351583509903978 ], [ -102.327637715849377, 31.337731773920332 ], [ -102.322937160661837, 31.323598195530387 ], [ -102.31827074797468, 31.309641956436391 ], [ -102.321321000076608, 31.308932517541301 ], [ -102.325986741459488, 31.322909991153672 ], [ -102.330750643328741, 31.337044392786794 ], [ -102.335387221374276, 31.350814280895733 ], [ -102.340149751164034, 31.364876777040653 ] ] ] } },
{ "type": "Feature", "properties": { "ABSTRACT_L": "A-952", "ABSTRACT_N": "103952", "LEVEL1_SUR": "H&TC RR CO", "LEVEL2_BLO": "35", "LEVEL3_SUR": "34", "Surv_Sect": "34", "SHAPE_AREA": 422.38922936387183, "owner_count": 0, "owners_json": [ ], "top_operator": "", "top_owner": "", "max_propensity_score": 0, "field_name": "Unknown", "production_status": "none", "pdp_well_count": 0, "pud_well_count": 0, "well_count": 0, "permit_count": 0 }, "geometry": { "type": "Polygon", "coordinates": [ [ [ -102.304975529622851, 31.154176253224065 ], [ -102.318105996364039, 31.16372202786917 ], [ -102.307145336230235, 31.174777714358456 ], [ -102.304926587147861, 31.173182492190339 ], [ -102.304719498793389, 31.171049519516266 ], [ -102.303330395151889, 31.155839670187724 ], [ -102.304975529622851, 31.154176253224065 ] ] ] } },
{ "type": "Feature", "properties": { "ABSTRACT_L": "A-953", "ABSTRACT_N": "103953", "LEVEL1_SUR": "H&TC RR CO", "LEVEL2_BLO": "35", "LEVEL3_SUR": "23", "Surv_Sect": "23", "SHAPE_AREA": 13.757578423757698, "owner_count": 0, "owners_json": [ ], "top_operator": "", "top_owner": "", "max_propensity_score": 0, "field_name": "Unknown", "production_status": "none", "pdp_well_count": 0, "pud_well_count": 0, "well_count": 0, "permit_count": 0 }, "geometry": { "type": "Polygon", "coordinates": [ [ [ -102.309604294449827, 31.195617401790315 ], [ -102.307320210090083, 31.197918704994517 ], [ -102.307315893538942, 31.197791916777334 ], [ -102.30691822546126, 31.193696007351605 ], [ -102.309604294449827, 31.195617401790315 ] ] ] } },
{ "type": "Feature", "properties": { "ABSTRACT_L": "A-955", "ABSTRACT_N": "103955", "LEVEL1_SUR": "CCSD&RGNG RR CO", "LEVEL2_BLO": "F", "LEVEL3_SUR": "208", "Surv_Sect": "208", "SHAPE_AREA": 35.981483192701191, "owner_count": 0, "owners_json": [ ], "top_operator": "", "top_owner": "", "max_propensity_score": 0, "field_name": "Unknown", "production_status": "none", "pdp_well_count": 0, "pud_well_count": 0, "well_count": 0, "permit_count": 0 }, "geometry": { "type": "Polygon", "coordinates": [ [ [ -102.315020893948599, 31.340547458674397 ], [ -102.312255133167596, 31.341163949585553 ], [ -102.311929251111451, 31.331257020113192 ], [ -102.315020893948599, 31.340547458674397 ] ] ] } },
{ "type": "Feature", "properties": { "ABSTRACT_L": "A-957", "ABSTRACT_N": "103957", "LEVEL1_SUR": "GC&SF RR CO", "LEVEL2_BLO": "Y", "LEVEL3_SUR": "92", "Surv_Sect": "92", "SHAPE_AREA": 491.52247926025314, "owner_count": 0, "owners_json": [ ], "top_operator": "", "top_owner": "", "max_propensity_score": 0, "field_name": "Unknown", "production_status": "none", "pdp_well_count": 0, "pud_well_count": 0, "well_count": 0, "permit_count": 0 }, "geometry": { "type": "Polygon", "coordinates": [ [ [ -102.314672319615568, 31.279745161759568 ], [ -102.320624279052055, 31.278308323398708 ], [ -102.325250002188355, 31.292182087729483 ], [ -102.313816130977827, 31.294865980461889 ], [ -102.310600729078459, 31.295635960895403 ], [ -102.310285108252373, 31.287788013838682 ], [ -102.310073729726128, 31.28086137949057 ], [ -102.314672319615568, 31.279745161759568 ] ] ] } },
{ "type": "Feature", "properties": { "ABSTRACT_L": "A-958", "ABSTRACT_N": "103958", "LEVEL1_SUR": "TC RR CO", "LEVEL2_BLO": null, "LEVEL3_SUR": "56", "Surv_Sect": "56", "SHAPE_AREA": 155.53382975582866, "owner_count": 0, "owners_json": [ ], "top_operator": "", "top_owner": "", "max_propensity_score": 0, "field_name": "Unknown", "production_status": "none", "pdp_well_count": 0, "pud_well_count": 0, "well_count": 0, "permit_count": 0 }, "geometry": { "type": "Polygon", "coordinates": [ [ [ -102.320624279052055, 31.278308323398708 ], [ -102.314672319615568, 31.279745161759568 ], [ -102.311577627998318, 31.270576947741411 ], [ -102.317561061196002, 31.269034926049855 ], [ -102.320624279052055, 31.278308323398708 ] ] ] } },
{ "type": "Feature", "properties": { "ABSTRACT_L": "A-959", "ABSTRACT_N": "103959", "LEVEL1_SUR": "H&TC RR CO", "LEVEL2_BLO": "35", "LEVEL3_SUR": "24", "Surv_Sect": "24", "SHAPE_AREA": 163.09238720789895, "owner_count": 0, "owners_json": [ ], "top_operator": "", "top_owner": "", "max_propensity_score": 0, "field_name": "Unknown", "production_status": "none", "pdp_well_count": 0, "pud_well_count": 0, "well_count": 0, "permit_count": 0 }, "geometry": { "type": "Polygon", "coordinates": [ [ [ -102.313964635002492, 31.179726675684027 ], [ -102.320594965359476, 31.184541106618337 ], [ -102.315181801133249, 31.190014971669168 ], [ -102.308532053946408, 31.185195798550286 ], [ -102.313964635002492, 31.179726675684027 ] ] ] } },
{ "type": "Feature", "properties": { "ABSTRACT_L": "A-96", "ABSTRACT_N": "10396", "LEVEL1_SUR": "H&TC RR CO", "LEVEL2_BLO": "31", "LEVEL3_SUR": "3", "Surv_Sect": "3", "SHAPE_AREA": 660.63869374872684, "owner_count": 0, "owners_json": [ ], "top_operator": "", "top_owner": "", "max_propensity_score": 0, "field_name": "Unknown", "production_status": "none", "pdp_well_count": 0, "pud_well_count": 0, "well_count": 0, "permit_count": 0 }, "geometry": { "type": "Polygon", "coordinates": [ [ [ -102.424988570227328, 31.119282913553018 ], [ -102.425127265881144, 31.11935855626319 ], [ -102.425476767639424, 31.119901170418839 ], [ -102.425451824930136, 31.120636767998519 ], [ -102.425411355844759, 31.120900292234499 ], [ -102.425371918172473, 31.121015905867235 ], [ -102.425357402094548, 31.121246613389811 ], [ -102.425431746876953, 31.121528626150408 ], [ -102.425673670162084, 31.121733885744561 ], [ -102.425781739964975, 31.121817153123914 ], [ -102.425915047426543, 31.121933652215905 ], [ -102.426154897220755, 31.12198423499801 ], [ -102.426233742549272, 31.122046341466103 ], [ -102.426623627987766, 31.122141845093431 ], [ -102.426834314197578, 31.122203924934443 ], [ -102.427012673087674, 31.122315449907763 ], [ -102.427095153154937, 31.122398508808828 ], [ -102.427158238783619, 31.122520452331504 ], [ -102.42721431108869, 31.122696868942452 ], [ -102.42727312106571, 31.122848188913192 ], [ -102.405066574216747, 31.14495196335152 ], [ -102.400067750755824, 31.141129553300502 ], [ -102.398558226053765, 31.140107204262289 ], [ -102.399430134368373, 31.139271096376195 ], [ -102.421716172858311, 31.117208811652365 ], [ -102.4217322136289, 31.117207321108257 ], [ -102.42178456547569, 31.117326035834022 ], [ -102.42176396724787, 31.117490821770954 ], [ -102.421707393182913, 31.117692902168084 ], [ -102.421551711513729, 31.118011544039465 ], [ -102.421569408367901, 31.118085361868264 ], [ -102.42148922525142, 31.118242991559725 ], [ -102.42148810994496, 31.118419106144128 ], [ -102.421563349237459, 31.118595166033575 ], [ -102.421677624524975, 31.118734037647265 ], [ -102.421823848524355, 31.118855801786829 ], [ -102.422123669011725, 31.119011832455321 ], [ -102.422505720946873, 31.119257119648559 ], [ -102.422647318919743, 31.119330316815013 ], [ -102.422998689199432, 31.119551386938685 ], [ -102.423216186209459, 31.119509250116483 ], [ -102.423271791460266, 31.119526167865622 ], [ -102.423272038157364, 31.11952612196875 ], [ -102.423643459162463, 31.119457291632603 ], [ -102.423823291930887, 31.11937550287632 ], [ -102.423858953433523, 31.119347484604329 ], [ -102.424384471014164, 31.11914776427632 ], [ -102.424988570227328, 31.119282913553018 ] ] ] } },
{ "type": "Feature", "properties": { "ABSTRACT_L": "A-960", "ABSTRACT_N": "103960", "LEVEL1_SUR": "CCSD&RGNG RR CO", "LEVEL2_BLO": "F", "LEVEL3_SUR": "210", "Surv_Sect": "210", "SHAPE_AREA": 639.45250991983096, "owner_count": 0, "owners_json": [ ], "top_operator": "", "top_owner": "", "max_propensity_score": 0, "field_name": "Unknown", "production_status": "none", "pdp_well_count": 0, "pud_well_count": 0, "well_count": 0, "permit_count": 0 }, "geometry": { "type": "Polygon", "coordinates": [ [ [ -102.330750643328741, 31.337044392786794 ], [ -102.331538519007481, 31.33685344706123 ], [ -102.336125535588977, 31.350640710707847 ], [ -102.335387221374276, 31.350814280895733 ], [ -102.332127201780906, 31.351583509903978 ], [ -102.319638183536739, 31.354385610666231 ], [ -102.315020893948599, 31.340547458674397 ], [ -102.327637715849377, 31.337731773920332 ], [ -102.330750643328741, 31.337044392786794 ] ] ] } },
{ "type": "Feature", "properties": { "ABSTRACT_L": "A-961", "ABSTRACT_N": "103961", "LEVEL1_SUR": "CCSD&RGNG RR CO", "LEVEL2_BLO": "F", "LEVEL3_SUR": "206", "Surv_Sect": "206", "SHAPE_AREA": 356.32059525676505, "owner_count": 0, "owners_json": [ ], "top_operator": "", "top_owner": "", "max_propensity_score": 0, "field_name": "Unknown", "production_status": "none", "pdp_well_count": 0, "pud_well_count": 0, "well_count": 0, "permit_count": 0 }, "geometry": { "type": "Polygon", "coordinates": [ [ [ -102.319638183536739, 31.354385610666231 ], [ -102.324297692287871, 31.368420905358974 ], [ -102.313113859807245, 31.370942686135759 ], [ -102.312693875559276, 31.355964577429276 ], [ -102.319638183536739, 31.354385610666231 ] ] ] } },
{ "type": "Feature", "properties": { "ABSTRACT_L": "A-962", "ABSTRACT_N": "103962", "LEVEL1_SUR": "H&TC RR CO", "LEVEL2_BLO": "31", "LEVEL3_SUR": "8", "Surv_Sect": "8", "SHAPE_AREA": 627.81487341247043, "owner_count": 0, "owners_json": [ ], "top_operator": "", "top_owner": "", "max_propensity_score": 0, "field_name": "Unknown", "production_status": "none", "pdp_well_count": 0, "pud_well_count": 0, "well_count": 0, "permit_count": 0 }, "geometry": { "type": "Polygon", "coordinates": [ [ [ -102.402797852994027, 31.087694541124197 ], [ -102.40289491971555, 31.087684130901685 ], [ -102.403166543462859, 31.087621945273785 ], [ -102.403751368023833, 31.087593031515937 ], [ -102.403954994524, 31.087604589717969 ], [ -102.404265020810584, 31.087622188455104 ], [ -102.404687640672762, 31.087597127609072 ], [ -102.405199355214123, 31.087634378719905 ], [ -102.405327272268252, 31.087651257942479 ], [ -102.405602432368056, 31.087642696291287 ], [ -102.405728178560224, 31.087682273896846 ], [ -102.378964028839363, 31.114174444861813 ], [ -102.378500891071241, 31.11385967369598 ], [ -102.382287140249488, 31.110096815278574 ], [ -102.376239239291692, 31.105478413874309 ], [ -102.395230242383406, 31.086720682485026 ], [ -102.395375145085424, 31.086694945978785 ], [ -102.39558525022116, 31.086817618352228 ], [ -102.395795951032639, 31.086884562158748 ], [ -102.396159203348304, 31.087073868537299 ], [ -102.396363043107456, 31.087185649990758 ], [ -102.39675127381183, 31.08744671749319 ], [ -102.397154621617545, 31.08748188316304 ], [ -102.397467541113954, 31.087544864339286 ], [ -102.397773541262566, 31.087703311485608 ], [ -102.39791898847885, 31.08782304584966 ], [ -102.398048298942356, 31.087995426180782 ], [ -102.398302374876721, 31.088158763437171 ], [ -102.398670085363747, 31.088184639316637 ], [ -102.398769132466782, 31.088175715634989 ], [ -102.398838505201056, 31.088169461395605 ], [ -102.399031951853317, 31.087994591203369 ], [ -102.399048798474126, 31.087921804781086 ], [ -102.399175315820415, 31.087774797394282 ], [ -102.399104127967163, 31.087135027175965 ], [ -102.399051930017151, 31.086551309385371 ], [ -102.399418990393414, 31.086256277600107 ], [ -102.399825751070651, 31.086405708765508 ], [ -102.400094052825594, 31.086619082040418 ], [ -102.400377298230566, 31.086774917061717 ], [ -102.400412990953257, 31.086802554913213 ], [ -102.400625780743042, 31.086781845337434 ], [ -102.400655694359898, 31.086782679076659 ], [ -102.400664792819768, 31.086778046224079 ], [ -102.400893378346822, 31.08675579725627 ], [ -102.401349032730465, 31.08661525962799 ], [ -102.401633265104721, 31.086924697880612 ], [ -102.401677660721191, 31.087069789181854 ], [ -102.401828391410163, 31.087373776340797 ], [ -102.401967304767354, 31.087573427171257 ], [ -102.402266740258511, 31.087751521276747 ], [ -102.402509379263634, 31.08772549366347 ], [ -102.402561559568895, 31.0877469617039 ], [ -102.402797852994027, 31.087694541124197 ] ] ] } },
{ "type": "Feature", "properties": { "ABSTRACT_L": "A-963", "ABSTRACT_N": "103963", "LEVEL1_SUR": "H&TC RR CO", "LEVEL2_BLO": "31", "LEVEL3_SUR": "12", "Surv_Sect": "12", "SHAPE_AREA": 443.91964829495339, "owner_count": 0, "owners_json": [ ], "top_operator": "", "top_owner": "", "max_propensity_score": 0, "field_name": "Unknown", "production_status": "none", "pdp_well_count": 0, "pud_well_count": 0, "well_count": 0, "permit_count": 0 }, "geometry": { "type": "Polygon", "coordinates": [ [ [ -102.359914606324153, 31.086904131815924 ], [ -102.343336297210826, 31.10384571079382 ], [ -102.342253387180818, 31.10493495930092 ], [ -102.335991394487976, 31.100408012981848 ], [ -102.349272589391504, 31.08678759248933 ], [ -102.359914606324153, 31.086904131815924 ] ] ] } },
{ "type": "Feature", "properties": { "ABSTRACT_L": "A-964", "ABSTRACT_N": "103964", "LEVEL1_SUR": "H&TC RR CO", "LEVEL2_BLO": "31", "LEVEL3_SUR": "14", "Surv_Sect": "14", "SHAPE_AREA": 188.60598492963874, "owner_count": 0, "owners_json": [ ], "top_operator": "", "top_owner": "", "max_propensity_score": 0, "field_name": "Unknown", "production_status": "none", "pdp_well_count": 0, "pud_well_count": 0, "well_count": 0, "permit_count": 0 }, "geometry": { "type": "Polygon", "coordinates": [ [ [ -102.337979944993108, 31.086662973059848 ], [ -102.329337343884717, 31.095512267850793 ], [ -102.322933357685088, 31.090830431425282 ], [ -102.327099371031224, 31.086541970704175 ], [ -102.337979944993108, 31.086662973059848 ] ] ] } },
{ "type": "Feature", "properties": { "ABSTRACT_L": "A-965", "ABSTRACT_N": "103965", "LEVEL1_SUR": "SAPP, H T", "LEVEL2_BLO": null, "LEVEL3_SUR": "6", "Surv_Sect": "6", "SHAPE_AREA": 736.82797222889053, "owner_count": 0, "owners_json": [ ], "top_operator": "", "top_owner": "", "max_propensity_score": 0, "field_name": "Unknown", "production_status": "none", "pdp_well_count": 0, "pud_well_count": 0, "well_count": 0, "permit_count": 0 }, "geometry": { "type": "Polygon", "coordinates": [ [ [ -102.310141063211887, 31.230212951564923 ], [ -102.31531173781697, 31.2302182207398 ], [ -102.315264146086463, 31.234481590600755 ], [ -102.328276274151349, 31.234469639261317 ], [ -102.327489789980376, 31.235291306383012 ], [ -102.316920861372324, 31.245991058603263 ], [ -102.32272659679758, 31.250141322272096 ], [ -102.322728389329555, 31.250142603869485 ], [ -102.318039212416423, 31.254749157420832 ], [ -102.31607684176042, 31.256716403568817 ], [ -102.309170325987736, 31.251483250496328 ], [ -102.30911858796884, 31.250142605037887 ], [ -102.309118564512133, 31.250141965772375 ], [ -102.30911854088923, 31.250141319631496 ], [ -102.308950605403126, 31.245775808242964 ], [ -102.308419081686694, 31.230210552552762 ], [ -102.310141063211887, 31.230212951564923 ] ] ] } },
{ "type": "Feature", "properties": { "ABSTRACT_L": "A-966", "ABSTRACT_N": "103966", "LEVEL1_SUR": "T&P RR CO", "LEVEL2_BLO": "42 T4S", "LEVEL3_SUR": "32", "Surv_Sect": "32", "SHAPE_AREA": 507.63364376422385, "owner_count": 0, "owners_json": [ ], "top_operator": "", "top_owner": "", "max_propensity_score": 0, "field_name": "Unknown", "production_status": "none", "pdp_well_count": 0, "pud_well_count": 0, "well_count": 0, "permit_count": 0 }, "geometry": { "type": "Polygon", "coordinates": [ [ [ -102.327194262382008, 31.59405747239115 ], [ -102.328355149994806, 31.593802137317219 ], [ -102.332983198803831, 31.607862017420068 ], [ -102.331915446278572, 31.608096399095334 ], [ -102.317758242379767, 31.611203118487495 ], [ -102.317675774775765, 31.596150545477343 ], [ -102.327194262382008, 31.59405747239115 ] ] ] } },
{ "type": "Feature", "properties": { "ABSTRACT_L": "A-968", "ABSTRACT_N": "103968", "LEVEL1_SUR": "T&P RR CO", "LEVEL2_BLO": "42 T4S", "LEVEL3_SUR": "28", "Surv_Sect": "28", "SHAPE_AREA": 25.231397373683549, "owner_count": 0, "owners_json": [ ], "top_operator": "", "top_owner": "", "max_propensity_score": 0, "field_name": "Unknown", "production_status": "none", "pdp_well_count": 0, "pud_well_count": 0, "well_count": 0, "permit_count": 0 }, "geometry": { "type": "Polygon", "coordinates": [ [ [ -102.318560874053304, 31.62054307735982 ], [ -102.318578970785097, 31.62059769280814 ], [ -102.319916093299412, 31.624633479450811 ], [ -102.319916301876304, 31.624634122221764 ], [ -102.320267117844438, 31.625692917235259 ], [ -102.317840546502538, 31.626227047764932 ], [ -102.317834555053238, 31.625132249844647 ], [ -102.317796776651733, 31.618236667589173 ], [ -102.318560874053304, 31.62054307735982 ] ] ] } },
{ "type": "Feature", "properties": { "ABSTRACT_L": "A-969", "ABSTRACT_N": "103969", "LEVEL1_SUR": "PRATER, J A", "LEVEL2_BLO": null, "LEVEL3_SUR": "2", "Surv_Sect": "2", "SHAPE_AREA": 319.09456600375955, "owner_count": 0, "owners_json": [ ], "top_operator": "", "top_owner": "", "max_propensity_score": 0, "field_name": "Unknown", "production_status": "none", "pdp_well_count": 0, "pud_well_count": 0, "well_count": 0, "permit_count": 0 }, "geometry": { "type": "Polygon", "coordinates": [ [ [ -102.322728389329555, 31.250142603869485 ], [ -102.329804431890338, 31.255154241325091 ], [ -102.331438562373577, 31.253610896496507 ], [ -102.333536666753574, 31.260198998826414 ], [ -102.320659584836903, 31.26319556116492 ], [ -102.318039212416423, 31.254749157420832 ], [ -102.322728389329555, 31.250142603869485 ] ] ] } },
{ "type": "Feature", "properties": { "ABSTRACT_L": "A-97", "ABSTRACT_N": "10397", "LEVEL1_SUR": "H&TC RR CO", "LEVEL2_BLO": "31", "LEVEL3_SUR": "5", "Surv_Sect": "5", "SHAPE_AREA": 666.72107796866408, "owner_count": 0, "owners_json": [ ], "top_operator": "", "top_owner": "", "max_propensity_score": 0, "field_name": "Unknown", "production_status": "none", "pdp_well_count": 0, "pud_well_count": 0, "well_count": 0, "permit_count": 0 }, "geometry": { "type": "Polygon", "coordinates": [ [ [ -102.415607474330628, 31.11043912916659 ], [ -102.41562422865411, 31.11076899180231 ], [ -102.415654004612833, 31.111060778407111 ], [ -102.415613268956875, 31.111346316319118 ], [ -102.415604556928599, 31.111649140214794 ], [ -102.415790865130234, 31.111805456242926 ], [ -102.395861140165678, 31.131532820624518 ], [ -102.395081487552019, 31.130941949929042 ], [ -102.389370377078777, 31.126584106983358 ], [ -102.392632449314178, 31.122879489041804 ], [ -102.413335426034322, 31.102885423437218 ], [ -102.413624026139317, 31.103040334396329 ], [ -102.413770881878733, 31.103046533925102 ], [ -102.413873171499276, 31.10310790717778 ], [ -102.413877563814808, 31.103344451351486 ], [ -102.413735521545107, 31.103481238341821 ], [ -102.413214399002001, 31.103802573746805 ], [ -102.413046280092246, 31.103983182453096 ], [ -102.413044392187786, 31.104208837971758 ], [ -102.413407060619676, 31.104512981771929 ], [ -102.413891508981379, 31.104763947947692 ], [ -102.414414242747966, 31.105074729390115 ], [ -102.414507544810817, 31.105251872950131 ], [ -102.414574438871597, 31.105425403255811 ], [ -102.414713159825951, 31.105658089424182 ], [ -102.414957656117025, 31.105996642752608 ], [ -102.415121999903519, 31.106250833930286 ], [ -102.415355919664577, 31.106648176646441 ], [ -102.415532466549877, 31.106973677385238 ], [ -102.415588656221857, 31.107172108520995 ], [ -102.415630875644908, 31.107513189126777 ], [ -102.41565999192531, 31.107803584970551 ], [ -102.415572876330501, 31.107934697186501 ], [ -102.415450816829861, 31.108051253679388 ], [ -102.415310413448665, 31.108060598058156 ], [ -102.414988351523291, 31.107992677560286 ], [ -102.414672732166991, 31.107870844748145 ], [ -102.414179024520564, 31.10781284945454 ], [ -102.413681085793527, 31.107896095221825 ], [ -102.41341183050443, 31.108062455520315 ], [ -102.413369564532488, 31.108244745131 ], [ -102.413382818529357, 31.108459607151197 ], [ -102.413442583700473, 31.108660159747568 ], [ -102.413628843694156, 31.108802261511133 ], [ -102.413665516438073, 31.10884859918173 ], [ -102.413824090161668, 31.108982708805854 ], [ -102.413942519875633, 31.109130300423701 ], [ -102.414351365983649, 31.109539441829014 ], [ -102.414835250293166, 31.109826184333183 ], [ -102.414915023702648, 31.109856087873055 ], [ -102.415083545680162, 31.110000610301654 ], [ -102.415502279744828, 31.110192734509575 ], [ -102.415607474330628, 31.11043912916659 ] ] ] } },
{ "type": "Feature", "properties": { "ABSTRACT_L": "A-970", "ABSTRACT_N": "103970", "LEVEL1_SUR": "ADCOCK, A J", "LEVEL2_BLO": null, "LEVEL3_SUR": "25", "Surv_Sect": "25", "SHAPE_AREA": 46.353923679141907, "owner_count": 0, "owners_json": [ ], "top_operator": "", "top_owner": "", "max_propensity_score": 0, "field_name": "Unknown", "production_status": "none", "pdp_well_count": 0, "pud_well_count": 0, "well_count": 0, "permit_count": 0 }, "geometry": { "type": "Polygon", "coordinates": [ [ [ -102.707410926124012, 31.316033846212374 ], [ -102.713370512804346, 31.320374158828727 ], [ -102.711614121762778, 31.322109313070246 ], [ -102.705691522091143, 31.317732365019562 ], [ -102.707410926124012, 31.316033846212374 ] ] ] } },
{ "type": "Feature", "properties": { "ABSTRACT_L": "A-971", "ABSTRACT_N": "103971", "LEVEL1_SUR": "T&P RR CO", "LEVEL2_BLO": "42 T4S", "LEVEL3_SUR": "44", "Surv_Sect": "44", "SHAPE_AREA": 154.79005200638062, "owner_count": 0, "owners_json": [ ], "top_operator": "", "top_owner": "", "max_propensity_score": 0, "field_name": "Unknown", "production_status": "none", "pdp_well_count": 0, "pud_well_count": 0, "well_count": 0, "permit_count": 0 }, "geometry": { "type": "Polygon", "coordinates": [ [ [ -102.318481021295142, 31.565985796940591 ], [ -102.31928723569817, 31.565801578067308 ], [ -102.323813200149075, 31.57973535902391 ], [ -102.322781083814306, 31.579961841516184 ], [ -102.317586311969905, 31.581101636484451 ], [ -102.317572175535432, 31.578767152268444 ], [ -102.317545720978373, 31.566199501476223 ], [ -102.318481021295142, 31.565985796940591 ] ] ] } },
{ "type": "Feature", "properties": { "ABSTRACT_L": "A-972", "ABSTRACT_N": "103972", "LEVEL1_SUR": "H&TC RR CO", "LEVEL2_BLO": "35", "LEVEL3_SUR": "40", "Surv_Sect": "40", "SHAPE_AREA": 414.10486867042181, "owner_count": 0, "owners_json": [ ], "top_operator": "", "top_owner": "", "max_propensity_score": 0, "field_name": "Unknown", "production_status": "none", "pdp_well_count": 0, "pud_well_count": 0, "well_count": 0, "permit_count": 0 }, "geometry": { "type": "Polygon", "coordinates": [ [ [ -102.303394306803909, 31.133720343623565 ], [ -102.316075954896149, 31.142952391887647 ], [ -102.304975529622851, 31.154176253224065 ], [ -102.303051213794362, 31.152782802250481 ], [ -102.302071592938873, 31.142056543124841 ], [ -102.301576989572482, 31.135592322758317 ], [ -102.303394306803909, 31.133720343623565 ] ] ] } },
{ "type": "Feature", "properties": { "ABSTRACT_L": "A-973", "ABSTRACT_N": "103973", "LEVEL1_SUR": "PSL", "LEVEL2_BLO": "B27", "LEVEL3_SUR": "2", "Surv_Sect": "2", "SHAPE_AREA": 644.3165091153711, "owner_count": 0, "owners_json": [ ], "top_operator": "", "top_owner": "", "max_propensity_score": 0, "field_name": "Unknown", "production_status": "none", "pdp_well_count": 0, "pud_well_count": 0, "well_count": 0, "permit_count": 0 }, "geometry": { "type": "Polygon", "coordinates": [ [ [ -102.661620824984908, 31.470075532353373 ], [ -102.666175693989146, 31.484294674604349 ], [ -102.6499678053504, 31.488117358194334 ], [ -102.645469976410595, 31.473877369200849 ], [ -102.661620824984908, 31.470075532353373 ] ] ] } },
{ "type": "Feature", "properties": { "ABSTRACT_L": "A-975", "ABSTRACT_N": "103975", "LEVEL1_SUR": "H&TC RR CO", "LEVEL2_BLO": "4", "LEVEL3_SUR": "24", "Surv_Sect": "24", "SHAPE_AREA": 436.18935815700269, "owner_count": 0, "owners_json": [ ], "top_operator": "", "top_owner": "", "max_propensity_score": 0, "field_name": "Unknown", "production_status": "none", "pdp_well_count": 0, "pud_well_count": 0, "well_count": 0, "permit_count": 0 }, "geometry": { "type": "Polygon", "coordinates": [ [ [ -102.755064583582111, 31.346091673801773 ], [ -102.750438218591384, 31.350728492130049 ], [ -102.750438117228924, 31.350728590584481 ], [ -102.747700877321449, 31.353471433371222 ], [ -102.734685131572689, 31.343765013041978 ], [ -102.742003500739017, 31.336402086636141 ], [ -102.750438019215665, 31.342659776080037 ], [ -102.750438182977931, 31.342659896421765 ], [ -102.755064583582111, 31.346091673801773 ] ] ] } },
{ "type": "Feature", "properties": { "ABSTRACT_L": "A-976", "ABSTRACT_N": "103976", "LEVEL1_SUR": "T&P RR CO", "LEVEL2_BLO": "43 T4S", "LEVEL3_SUR": "20", "Surv_Sect": "20", "SHAPE_AREA": 168.01309724896024, "owner_count": 0, "owners_json": [ ], "top_operator": "", "top_owner": "", "max_propensity_score": 0, "field_name": "Unknown", "production_status": "none", "pdp_well_count": 0, "pud_well_count": 0, "well_count": 0, "permit_count": 0 }, "geometry": { "type": "Polygon", "coordinates": [ [ [ -102.42481298808265, 31.616744812645734 ], [ -102.41630697103615, 31.618705596301584 ], [ -102.413950507578349, 31.611650939914782 ], [ -102.422455942746339, 31.609690305777828 ], [ -102.42481298808265, 31.616744812645734 ] ] ] } },
{ "type": "Feature", "properties": { "ABSTRACT_L": "A-977", "ABSTRACT_N": "103977", "LEVEL1_SUR": "H&TC RR CO", "LEVEL2_BLO": "2", "LEVEL3_SUR": "24", "Surv_Sect": "24", "SHAPE_AREA": 126.97408886626339, "owner_count": 0, "owners_json": [ ], "top_operator": "", "top_owner": "", "max_propensity_score": 0, "field_name": "Unknown", "production_status": "none", "pdp_well_count": 0, "pud_well_count": 0, "well_count": 0, "permit_count": 0 }, "geometry": { "type": "Polygon", "coordinates": [ [ [ -102.560955744614475, 31.293688873743886 ], [ -102.569877210016202, 31.300235306268096 ], [ -102.554724241456142, 31.300028837437424 ], [ -102.560955744614475, 31.293688873743886 ] ] ] } },
{ "type": "Feature", "properties": { "ABSTRACT_L": "A-978", "ABSTRACT_N": "103978", "LEVEL1_SUR": "CT&MC RR CO", "LEVEL2_BLO": null, "LEVEL3_SUR": "8", "Surv_Sect": "8", "SHAPE_AREA": 242.70993112490279, "owner_count": 0, "owners_json": [ ], "top_operator": "", "top_owner": "", "max_propensity_score": 0, "field_name": "Unknown", "production_status": "none", "pdp_well_count": 0, "pud_well_count": 0, "well_count": 0, "permit_count": 0 }, "geometry": { "type": "Polygon", "coordinates": [ [ [ -102.467112729109473, 31.319068541340116 ], [ -102.462953289302064, 31.323178483698914 ], [ -102.460338065413637, 31.321314512276228 ], [ -102.450068108023942, 31.313993496594058 ], [ -102.454336534827249, 31.309692478429128 ], [ -102.467112729109473, 31.319068541340116 ] ] ] } },
{ "type": "Feature", "properties": { "ABSTRACT_L": "A-979", "ABSTRACT_N": "103979", "LEVEL1_SUR": "PSL", "LEVEL2_BLO": "B18", "LEVEL3_SUR": "22", "Surv_Sect": "22", "SHAPE_AREA": 98.743653794546844, "owner_count": 0, "owners_json": [ ], "top_operator": "", "top_owner": "", "max_propensity_score": 0, "field_name": "Unknown", "production_status": "none", "pdp_well_count": 0, "pud_well_count": 0, "well_count": 0, "permit_count": 0 }, "geometry": { "type": "Polygon", "coordinates": [ [ [ -102.761785303120618, 31.552900216431631 ], [ -102.766152492941487, 31.566696768140059 ], [ -102.763523757000343, 31.567300934631671 ], [ -102.759285172675717, 31.553480943867989 ], [ -102.761785303120618, 31.552900216431631 ] ] ] } },
{ "type": "Feature", "properties": { "ABSTRACT_L": "A-98", "ABSTRACT_N": "10398", "LEVEL1_SUR": "H&TC RR CO", "LEVEL2_BLO": "31", "LEVEL3_SUR": "7", "Surv_Sect": "7", "SHAPE_AREA": 675.81985660765145, "owner_count": 0, "owners_json": [ ], "top_operator": "", "top_owner": "", "max_propensity_score": 0, "field_name": "Unknown", "production_status": "none", "pdp_well_count": 0, "pud_well_count": 0, "well_count": 0, "permit_count": 0 }, "geometry": { "type": "Polygon", "coordinates": [ [ [ -102.408863635438735, 31.095006600354616 ], [ -102.40901645067116, 31.094975060751057 ], [ -102.409161416705615, 31.094971161353278 ], [ -102.38582046292791, 31.117891837538135 ], [ -102.384935913375429, 31.118778993445556 ], [ -102.378964028839363, 31.114174444861813 ], [ -102.405728178560224, 31.087682273896846 ], [ -102.405940838733144, 31.087749206113337 ], [ -102.406035618367895, 31.087806401525825 ], [ -102.406059983292636, 31.087827979641606 ], [ -102.406159481394099, 31.08791610446859 ], [ -102.40621386505191, 31.088004824127029 ], [ -102.406170850257865, 31.088085981382342 ], [ -102.405692722920122, 31.088302971071336 ], [ -102.405075718148638, 31.088606800330762 ], [ -102.404554432503161, 31.088966626270217 ], [ -102.40431923543575, 31.089499284848763 ], [ -102.40430275455607, 31.089608116328083 ], [ -102.404272800304739, 31.08967601587457 ], [ -102.404141653804231, 31.090054719332329 ], [ -102.404004584326259, 31.090373000490217 ], [ -102.40422642965919, 31.09062751117694 ], [ -102.404499020944712, 31.09062962050475 ], [ -102.40450790228725, 31.090645888391158 ], [ -102.404531191110095, 31.090629867965045 ], [ -102.404535516254654, 31.09062990442041 ], [ -102.404539833237166, 31.090629934148819 ], [ -102.404642048363044, 31.090553604975298 ], [ -102.404920012453957, 31.090362384504303 ], [ -102.40523618010215, 31.090077913635781 ], [ -102.405475584186746, 31.0897604775795 ], [ -102.40586728255802, 31.089603230236118 ], [ -102.40624235953112, 31.089881711367326 ], [ -102.406283431139968, 31.090354887277037 ], [ -102.406154260268124, 31.090591258720117 ], [ -102.40606269703045, 31.090728162199436 ], [ -102.405860355077479, 31.091183858459758 ], [ -102.405867038989641, 31.091492655229811 ], [ -102.405829732090297, 31.091750075633296 ], [ -102.405933024938662, 31.091769696512827 ], [ -102.405969297428669, 31.091921975331736 ], [ -102.406135368142088, 31.091945710009242 ], [ -102.406590940670711, 31.091816161749232 ], [ -102.406898970143004, 31.09176364976674 ], [ -102.407289478813809, 31.09171647923316 ], [ -102.407435925282201, 31.091786030757859 ], [ -102.40743353582144, 31.091798510594355 ], [ -102.407261879065047, 31.091969440738723 ], [ -102.407056500238028, 31.092050995553773 ], [ -102.40675357302618, 31.092274003962419 ], [ -102.406624313915231, 31.09239472449929 ], [ -102.406578364581335, 31.09255378971412 ], [ -102.406589615109823, 31.092730362074082 ], [ -102.406665198287214, 31.092906424179862 ], [ -102.40689193166186, 31.093354130068121 ], [ -102.407056077992308, 31.0936028320268 ], [ -102.406912695894448, 31.093876522370287 ], [ -102.406778170526763, 31.094008498281479 ], [ -102.406526858829807, 31.094130164183934 ], [ -102.406311272880359, 31.094255174603639 ], [ -102.406143221320477, 31.094406195183012 ], [ -102.406148474430395, 31.094614486666984 ], [ -102.406302748507798, 31.094874289795264 ], [ -102.406583498297039, 31.094991502021209 ], [ -102.406884622232795, 31.094965945708012 ], [ -102.407147263613851, 31.094951423528855 ], [ -102.40751138882888, 31.095030623719328 ], [ -102.40770284477307, 31.095035627551347 ], [ -102.407734599595443, 31.095042499261858 ], [ -102.408604384445908, 31.09514185231464 ], [ -102.408863635438735, 31.095006600354616 ] ] ] } },
{ "type": "Feature", "properties": { "ABSTRACT_L": "A-980", "ABSTRACT_N": "103980", "LEVEL1_SUR": "PSL", "LEVEL2_BLO": "B20", "LEVEL3_SUR": "22", "Surv_Sect": "22", "SHAPE_AREA": 320.82427942354707, "owner_count": 0, "owners_json": [ ], "top_operator": "", "top_owner": "", "max_propensity_score": 0, "field_name": "Unknown", "production_status": "none", "pdp_well_count": 0, "pud_well_count": 0, "well_count": 0, "permit_count": 0 }, "geometry": { "type": "Polygon", "coordinates": [ [ [ -102.74867386307848, 31.464947032784238 ], [ -102.750438777162927, 31.470628398226186 ], [ -102.750438794791123, 31.470628452880838 ], [ -102.750876764933921, 31.472038891769685 ], [ -102.750438865706485, 31.472146545592146 ], [ -102.750438786094762, 31.472146567915487 ], [ -102.734939926760418, 31.475952625452539 ], [ -102.732614033580347, 31.468730362421006 ], [ -102.74867386307848, 31.464947032784238 ] ] ] } },
{ "type": "Feature", "properties": { "ABSTRACT_L": "A-987", "ABSTRACT_N": "103987", "LEVEL1_SUR": "BATES, W A", "LEVEL2_BLO": null, "LEVEL3_SUR": "40", "Surv_Sect": "40", "SHAPE_AREA": 70.441424121241468, "owner_count": 0, "owners_json": [ ], "top_operator": "", "top_owner": "", "max_propensity_score": 0, "field_name": "Unknown", "production_status": "none", "pdp_well_count": 0, "pud_well_count": 0, "well_count": 0, "permit_count": 0 }, "geometry": { "type": "Polygon", "coordinates": [ [ [ -102.365508389209765, 31.414910311865878 ], [ -102.3666565367419, 31.418338731370351 ], [ -102.359298856839587, 31.420083653943518 ], [ -102.358182683944207, 31.416689672219299 ], [ -102.365508389209765, 31.414910311865878 ] ] ] } },
{ "type": "Feature", "properties": { "ABSTRACT_L": "A-989", "ABSTRACT_N": "103989", "LEVEL1_SUR": "PSL", "LEVEL2_BLO": "B20", "LEVEL3_SUR": "11", "Surv_Sect": "11", "SHAPE_AREA": 167.94128954262402, "owner_count": 0, "owners_json": [ ], "top_operator": "", "top_owner": "", "max_propensity_score": 0, "field_name": "Unknown", "production_status": "none", "pdp_well_count": 0, "pud_well_count": 0, "well_count": 0, "permit_count": 0 }, "geometry": { "type": "Polygon", "coordinates": [ [ [ -102.735205032597847, 31.505994995015385 ], [ -102.737493295479041, 31.51292974731523 ], [ -102.728712377403056, 31.515074294303744 ], [ -102.726539708636267, 31.508370168493006 ], [ -102.735205032597847, 31.505994995015385 ] ] ] } },
{ "type": "Feature", "properties": { "ABSTRACT_L": "A-99", "ABSTRACT_N": "10399", "LEVEL1_SUR": "H&TC RR CO", "LEVEL2_BLO": "31", "LEVEL3_SUR": "9", "Surv_Sect": "9", "SHAPE_AREA": 693.83549609964587, "owner_count": 0, "owners_json": [ ], "top_operator": "", "top_owner": "", "max_propensity_score": 0, "field_name": "Unknown", "production_status": "none", "pdp_well_count": 0, "pud_well_count": 0, "well_count": 0, "permit_count": 0 }, "geometry": { "type": "Polygon", "coordinates": [ [ [ -102.393597056252844, 31.087301658617708 ], [ -102.39414949275934, 31.087001749885214 ], [ -102.39459250259128, 31.086833955917257 ], [ -102.395230242383406, 31.086720682485026 ], [ -102.376239239291692, 31.105478413874309 ], [ -102.372460133480757, 31.109337961476673 ], [ -102.368396967018427, 31.106223560939469 ], [ -102.361952873285716, 31.112639528240376 ], [ -102.35912266370498, 31.110562294409789 ], [ -102.35939807663658, 31.110270430025501 ], [ -102.382366895279034, 31.087300443989555 ], [ -102.388635198740943, 31.087492419045908 ], [ -102.3888218494901, 31.087564317367409 ], [ -102.388918314466011, 31.087601480936048 ], [ -102.389284948581547, 31.087581254432887 ], [ -102.38955110157093, 31.087394399275571 ], [ -102.389920516208662, 31.087282949813996 ], [ -102.390100945604004, 31.087162675384235 ], [ -102.390395287531973, 31.087186120994481 ], [ -102.390630749148883, 31.087379870278827 ], [ -102.390813680741687, 31.08767845881583 ], [ -102.390972979229943, 31.08778350625203 ], [ -102.391151598009557, 31.087862057077828 ], [ -102.391343231607863, 31.087917667233096 ], [ -102.391661276553577, 31.08790312074969 ], [ -102.391717716592083, 31.087852707964679 ], [ -102.39207224145639, 31.087998418348288 ], [ -102.392185690518929, 31.088203365762681 ], [ -102.392257501593079, 31.088242524101592 ], [ -102.392408959738958, 31.088325111681428 ], [ -102.392768003751584, 31.088266873697755 ], [ -102.392885152809853, 31.088129029670572 ], [ -102.393148889224463, 31.087987665959187 ], [ -102.393370638603557, 31.087570151372681 ], [ -102.393597056252844, 31.087301658617708 ] ] ] } },
{ "type": "Feature", "properties": { "ABSTRACT_L": "A-991", "ABSTRACT_N": "103991", "LEVEL1_SUR": "H&TC RR CO", "LEVEL2_BLO": "1", "LEVEL3_SUR": "14", "Surv_Sect": "14", "SHAPE_AREA": 338.42637355266214, "owner_count": 0, "owners_json": [ ], "top_operator": "", "top_owner": "", "max_propensity_score": 0, "field_name": "Unknown", "production_status": "none", "pdp_well_count": 0, "pud_well_count": 0, "well_count": 0, "permit_count": 0 }, "geometry": { "type": "Polygon", "coordinates": [ [ [ -102.599758574001925, 31.26632686742111 ], [ -102.599877377528514, 31.266477071646996 ], [ -102.600119254680635, 31.266768678712541 ], [ -102.600425159952508, 31.267043879876713 ], [ -102.600539696368841, 31.267176408435457 ], [ -102.600558528859125, 31.267308087279083 ], [ -102.600488539609643, 31.267456697192266 ], [ -102.600398865355203, 31.267588512607428 ], [ -102.600296319131516, 31.267836134750599 ], [ -102.600206695847476, 31.267940427341895 ], [ -102.599925778635978, 31.26804993741337 ], [ -102.599721756837653, 31.268115949619315 ], [ -102.599351227393683, 31.268170157883553 ], [ -102.59905123045786, 31.268284871061784 ], [ -102.598776405232613, 31.268411453003377 ], [ -102.598629345605701, 31.268554042298213 ], [ -102.598558701494994, 31.268708160262133 ], [ -102.598660402121183, 31.269043869328712 ], [ -102.598647017991894, 31.269329603483108 ], [ -102.598493468482488, 31.269483321846732 ], [ -102.598371848548922, 31.269692123415933 ], [ -102.598473952768444, 31.269895760580262 ], [ -102.598722494612943, 31.270138411433692 ], [ -102.598907391406144, 31.270309404759114 ], [ -102.59921972760813, 31.270556957983665 ], [ -102.599443105388659, 31.270524277402355 ], [ -102.599769000493836, 31.270376039516751 ], [ -102.600120583215968, 31.270112397053026 ], [ -102.600535999307638, 31.269899082181215 ], [ -102.600772167233828, 31.269822091224551 ], [ -102.600935167572473, 31.269831157024264 ], [ -102.578139888085857, 31.293129062665408 ], [ -102.574871763515162, 31.290724656297371 ], [ -102.599215143464562, 31.266035935343886 ], [ -102.59927206304225, 31.266074434435581 ], [ -102.599482529866606, 31.266185075821763 ], [ -102.599672690121523, 31.266262811139867 ], [ -102.599758574001925, 31.26632686742111 ] ] ] } },
{ "type": "Feature", "properties": { "ABSTRACT_L": "A-992", "ABSTRACT_N": "103992", "LEVEL1_SUR": "H&TC RR CO", "LEVEL2_BLO": "1", "LEVEL3_SUR": "18", "Surv_Sect": "18", "SHAPE_AREA": 222.758620345802, "owner_count": 0, "owners_json": [ ], "top_operator": "", "top_owner": "", "max_propensity_score": 0, "field_name": "Unknown", "production_status": "none", "pdp_well_count": 0, "pud_well_count": 0, "well_count": 0, "permit_count": 0 }, "geometry": { "type": "Polygon", "coordinates": [ [ [ -102.601861713086336, 31.3138204761261 ], [ -102.598663435996357, 31.311512633606679 ], [ -102.613316552843614, 31.296442305124334 ], [ -102.61677931729092, 31.29894073007809 ], [ -102.601861713086336, 31.3138204761261 ] ] ] } },
{ "type": "Feature", "properties": { "ABSTRACT_L": "A-993", "ABSTRACT_N": "103993", "LEVEL1_SUR": "H&TC RR CO", "LEVEL2_BLO": "1", "LEVEL3_SUR": "26", "Surv_Sect": "26", "SHAPE_AREA": 672.41104463304384, "owner_count": 0, "owners_json": [ ], "top_operator": "", "top_owner": "", "max_propensity_score": 0, "field_name": "Unknown", "production_status": "none", "pdp_well_count": 0, "pud_well_count": 0, "well_count": 0, "permit_count": 0 }, "geometry": { "type": "Polygon", "coordinates": [ [ [ -102.676529509652596, 31.327122694046132 ], [ -102.6768105367278, 31.326801842668061 ], [ -102.67704069728903, 31.326736553903181 ], [ -102.677464481737999, 31.326689274766519 ], [ -102.678004094705315, 31.326627912852647 ], [ -102.678557928936328, 31.326616469186533 ], [ -102.678788705211389, 31.326573176413881 ], [ -102.679082596099846, 31.326494858522459 ], [ -102.679288207316247, 31.3264685873133 ], [ -102.679604867975172, 31.326274262467333 ], [ -102.679739501477272, 31.32603347408741 ], [ -102.67974771563658, 31.325856521305951 ], [ -102.679749593720445, 31.325696208493561 ], [ -102.680076387558884, 31.325407413774876 ], [ -102.680719846355728, 31.325377590633163 ], [ -102.680953577646036, 31.325438796077353 ], [ -102.681238571584842, 31.325498940074457 ], [ -102.681373451227444, 31.325479625577611 ], [ -102.681678241466201, 31.325318545240041 ], [ -102.681869368720697, 31.32502156208545 ], [ -102.681993293060401, 31.324615202032671 ], [ -102.682139416801036, 31.324313660916335 ], [ -102.682445429846894, 31.32396957253243 ], [ -102.682690566925459, 31.323754681381885 ], [ -102.682975633882961, 31.323577504177464 ], [ -102.683390656401571, 31.323447154231289 ], [ -102.683759804192235, 31.323295734586431 ], [ -102.683969288783175, 31.323180653759341 ], [ -102.684473310732344, 31.323009935344007 ], [ -102.684833349795056, 31.322974944864875 ], [ -102.685289698751959, 31.322931786697382 ], [ -102.685520999568141, 31.322921509285027 ], [ -102.68585475246897, 31.322865048988447 ], [ -102.686157007123924, 31.3226152678121 ], [ -102.686476061925845, 31.322520617317803 ], [ -102.686759852293306, 31.322298739380063 ], [ -102.687298988970142, 31.322221513095823 ], [ -102.687648728856047, 31.322291298799687 ], [ -102.687991018492625, 31.322322710407605 ], [ -102.688280923773135, 31.322316694263588 ], [ -102.688359203424028, 31.322304235685728 ], [ -102.688479554358693, 31.322285077603315 ], [ -102.688705461883529, 31.322070573714409 ], [ -102.688845797085492, 31.321791135775474 ], [ -102.688926316778407, 31.321451711742188 ], [ -102.689034129182431, 31.321156439684334 ], [ -102.689448146597982, 31.32076608835337 ], [ -102.689896976769546, 31.320458231607834 ], [ -102.690535224541193, 31.320246180627343 ], [ -102.691428442487833, 31.319940079422288 ], [ -102.691631475022149, 31.31989740849172 ], [ -102.679097172474883, 31.332341331193607 ], [ -102.675376677154574, 31.336034131674296 ], [ -102.673446779980679, 31.337911012070737 ], [ -102.670735044089653, 31.340548087561409 ], [ -102.669939949739273, 31.341331260880175 ], [ -102.660401668117203, 31.350725098886421 ], [ -102.657282355967752, 31.348412943248235 ], [ -102.65494132428708, 31.346677563328026 ], [ -102.654145136233623, 31.346118821071911 ], [ -102.66347015153886, 31.336492258517463 ], [ -102.666843645229179, 31.333009021888181 ], [ -102.671545851522694, 31.328153269572073 ], [ -102.671572196246359, 31.32817634770716 ], [ -102.671761714779663, 31.328261188067422 ], [ -102.672096203772213, 31.328243269353521 ], [ -102.672365736576353, 31.328210187780584 ], [ -102.672905799398237, 31.328165346959757 ], [ -102.673033431640476, 31.328129702571395 ], [ -102.673143946544997, 31.328130373100496 ], [ -102.673252749144339, 31.32814401082069 ], [ -102.67357805054553, 31.328472716566502 ], [ -102.673740591020447, 31.328524391480279 ], [ -102.674166692660307, 31.328786610032029 ], [ -102.674453823057377, 31.328907945325163 ], [ -102.674765628498633, 31.329222061921932 ], [ -102.674999752912953, 31.329538449082314 ], [ -102.675270926383945, 31.329775674217981 ], [ -102.675604610042157, 31.329957272923217 ], [ -102.675897998138296, 31.330072952252031 ], [ -102.676138437502019, 31.330145040717241 ], [ -102.67642721962703, 31.330111553144899 ], [ -102.676821321604507, 31.329921124892689 ], [ -102.677051494344212, 31.329628845847164 ], [ -102.677261862328024, 31.329330777930299 ], [ -102.677409985833364, 31.329084891605333 ], [ -102.677456408760108, 31.328912659343636 ], [ -102.677501482916412, 31.32867920696593 ], [ -102.677501177784052, 31.328441210162978 ], [ -102.677495248669871, 31.328231546026178 ], [ -102.677399518276843, 31.328034035334433 ], [ -102.67731941756098, 31.327936637497007 ], [ -102.67709583569966, 31.327780289608611 ], [ -102.676892017688957, 31.32762973753325 ], [ -102.676673467864603, 31.327424459914443 ], [ -102.67665522609019, 31.327405783834145 ], [ -102.67655324578979, 31.327243694876898 ], [ -102.676529509652596, 31.327122694046132 ] ] ] } },
{ "type": "Feature", "properties": { "ABSTRACT_L": "A-994", "ABSTRACT_N": "103994", "LEVEL1_SUR": "H&TC RR CO", "LEVEL2_BLO": "3", "LEVEL3_SUR": "20", "Surv_Sect": "20", "SHAPE_AREA": 691.82241383502776, "owner_count": 0, "owners_json": [ ], "top_operator": "", "top_owner": "", "max_propensity_score": 0, "field_name": "Unknown", "production_status": "none", "pdp_well_count": 0, "pud_well_count": 0, "well_count": 0, "permit_count": 0 }, "geometry": { "type": "Polygon", "coordinates": [ [ [ -102.62151230024601, 31.33377093092826 ], [ -102.625434750522928, 31.336674074343804 ], [ -102.627903685670887, 31.33850117834244 ], [ -102.631410422905162, 31.334917090795432 ], [ -102.63793699541948, 31.339660637027574 ], [ -102.638970032826322, 31.338617421859311 ], [ -102.645626712235384, 31.34342052767099 ], [ -102.643133600128422, 31.346061907374178 ], [ -102.64964748865124, 31.350732897020826 ], [ -102.654145136233623, 31.346118821071911 ], [ -102.65494132428708, 31.346677563328026 ], [ -102.646502447218566, 31.35543471789974 ], [ -102.638948501818462, 31.349911168503649 ], [ -102.626086652017776, 31.340516996637504 ], [ -102.62543479929387, 31.340054895746466 ], [ -102.612947395582722, 31.33120077329075 ], [ -102.610969470056219, 31.329714290321999 ], [ -102.615533820093432, 31.325032104751948 ], [ -102.617482215842699, 31.326451031393585 ], [ -102.615862507471434, 31.328254303618124 ], [ -102.622293760761849, 31.332885658963775 ], [ -102.62151230024601, 31.33377093092826 ] ] ] } },
{ "type": "Feature", "properties": { "ABSTRACT_L": "A-996", "ABSTRACT_N": "103996", "LEVEL1_SUR": "H&GN RR CO", "LEVEL2_BLO": null, "LEVEL3_SUR": "4", "Surv_Sect": "4", "SHAPE_AREA": 303.50949297968384, "owner_count": 0, "owners_json": [ ], "top_operator": "", "top_owner": "", "max_propensity_score": 0, "field_name": "Unknown", "production_status": "none", "pdp_well_count": 0, "pud_well_count": 0, "well_count": 0, "permit_count": 0 }, "geometry": { "type": "Polygon", "coordinates": [ [ [ -102.410021132978656, 31.163458743783462 ], [ -102.416327031365725, 31.168103808171399 ], [ -102.405966393799105, 31.178720057356923 ], [ -102.405769868946962, 31.178573670933282 ], [ -102.399548098535178, 31.173939008588533 ], [ -102.410021132978656, 31.163458743783462 ] ] ] } },
{ "type": "Feature", "properties": { "ABSTRACT_L": "A-997", "ABSTRACT_N": "103997", "LEVEL1_SUR": "H&TC RR CO", "LEVEL2_BLO": "3", "LEVEL3_SUR": "22", "Surv_Sect": "22", "SHAPE_AREA": 649.67596711863871, "owner_count": 0, "owners_json": [ ], "top_operator": "", "top_owner": "", "max_propensity_score": 0, "field_name": "Unknown", "production_status": "none", "pdp_well_count": 0, "pud_well_count": 0, "well_count": 0, "permit_count": 0 }, "geometry": { "type": "Polygon", "coordinates": [ [ [ -102.660401668117203, 31.350725098886421 ], [ -102.669939949739273, 31.341331260880175 ], [ -102.670735044089653, 31.340548087561409 ], [ -102.68348234009872, 31.350124632171816 ], [ -102.676089264584064, 31.357604696051467 ], [ -102.672485453819831, 31.361200238155966 ], [ -102.65954046299332, 31.35166037426465 ], [ -102.660401668117203, 31.350725098886421 ] ] ] } },
{ "type": "Feature", "properties": { "ABSTRACT_L": "A-998", "ABSTRACT_N": "103998", "LEVEL1_SUR": "H&TC RR CO", "LEVEL2_BLO": "1", "LEVEL3_SUR": "8", "Surv_Sect": "8", "SHAPE_AREA": 319.2637702547525, "owner_count": 0, "owners_json": [ ], "top_operator": "", "top_owner": "", "max_propensity_score": 0, "field_name": "Unknown", "production_status": "none", "pdp_well_count": 0, "pud_well_count": 0, "well_count": 0, "permit_count": 0 }, "geometry": { "type": "Polygon", "coordinates": [ [ [ -102.539324806083059, 31.265481251227524 ], [ -102.539643888489195, 31.265562900705177 ], [ -102.540014597028716, 31.265618904207095 ], [ -102.540340624046976, 31.265591878156684 ], [ -102.540570311585824, 31.265526144370167 ], [ -102.540755967451503, 31.265580982786986 ], [ -102.540813464233395, 31.265724291400577 ], [ -102.540813840285736, 31.265960908189207 ], [ -102.540731173065097, 31.266103555853128 ], [ -102.540596932021103, 31.266279531278126 ], [ -102.540411932856244, 31.266532167271869 ], [ -102.54034195067868, 31.266730275570129 ], [ -102.540335696976513, 31.267048870917677 ], [ -102.540419324341329, 31.267224704866308 ], [ -102.54057255300792, 31.267324182347185 ], [ -102.540860366515219, 31.267379760435382 ], [ -102.541237851617524, 31.267434932825271 ], [ -102.541534034858316, 31.267373154292589 ], [ -102.521919055948771, 31.287017811875302 ], [ -102.519340690527599, 31.289550454285937 ], [ -102.51619713378895, 31.287191705530098 ], [ -102.538074089183979, 31.265363734548675 ], [ -102.53809676300709, 31.265373814290172 ], [ -102.538397096527149, 31.26543463452553 ], [ -102.538763079933787, 31.265493079841868 ], [ -102.538780756305584, 31.265495904236506 ], [ -102.538976896663868, 31.265472249719885 ], [ -102.539140801026974, 31.265484860323077 ], [ -102.539324806083059, 31.265481251227524 ] ] ] } },
{ "type": "Feature", "properties": { "ABSTRACT_L": "A-999", "ABSTRACT_N": "103999", "LEVEL1_SUR": "PSL", "LEVEL2_BLO": "B28", "LEVEL3_SUR": "18", "Surv_Sect": "18", "SHAPE_AREA": 165.1142655618242, "owner_count": 0, "owners_json": [ ], "top_operator": "", "top_owner": "", "max_propensity_score": 0, "field_name": "Unknown", "production_status": "none", "pdp_well_count": 0, "pud_well_count": 0, "well_count": 0, "permit_count": 0 }, "geometry": { "type": "Polygon", "coordinates": [ [ [ -102.753273280086106, 31.392716613873315 ], [ -102.760678440152788, 31.391003302593401 ], [ -102.762596554649974, 31.396924535721123 ], [ -102.753997798461342, 31.398913972544253 ], [ -102.75219985963507, 31.399329869754595 ], [ -102.750849129384449, 31.395158837083901 ], [ -102.751479882469866, 31.39451920101196 ], [ -102.753273280086106, 31.392716613873315 ] ] ] } },
{ "type": "Feature", "properties": { "ABSTRACT_L": "A-?11", "ABSTRACT_N": "10311", "LEVEL1_SUR": "H&TC RR CO", "LEVEL2_BLO": "35", "LEVEL3_SUR": "20", "Surv_Sect": "20", "SHAPE_AREA": 163.60028560943681, "owner_count": 0, "owners_json": [ ], "top_operator": "", "top_owner": "", "max_propensity_score": 0, "field_name": "Unknown", "production_status": "none", "pdp_well_count": 0, "pud_well_count": 0, "well_count": 0, "permit_count": 0 }, "geometry": { "type": "Polygon", "coordinates": [ [ [ -102.332664679289266, 31.183803606357444 ], [ -102.326052803481303, 31.179027379195965 ], [ -102.331523956038779, 31.173499310631318 ], [ -102.338128797907231, 31.178282267291927 ], [ -102.332664679289266, 31.183803606357444 ] ] ] } },
{ "type": "Feature", "properties": { "ABSTRACT_L": "A-?2", "ABSTRACT_N": "1032", "LEVEL1_SUR": "PSL", "LEVEL2_BLO": "B22", "LEVEL3_SUR": "26", "Surv_Sect": "26", "SHAPE_AREA": 644.20297327493893, "owner_count": 0, "owners_json": [ ], "top_operator": "", "top_owner": "", "max_propensity_score": 0, "field_name": "Unknown", "production_status": "none", "pdp_well_count": 0, "pud_well_count": 0, "well_count": 0, "permit_count": 0 }, "geometry": { "type": "Polygon", "coordinates": [ [ [ -102.595149345851311, 31.592582120556433 ], [ -102.595131320509665, 31.592586476770219 ], [ -102.591184653030169, 31.593456228471961 ], [ -102.578933215890686, 31.596197413984036 ], [ -102.574437268064003, 31.582042877315192 ], [ -102.590656264511168, 31.578234621680615 ], [ -102.595149345851311, 31.592582120556433 ] ] ] } },
{ "type": "Feature", "properties": { "ABSTRACT_L": "A-?3", "ABSTRACT_N": "1033", "LEVEL1_SUR": "STATE OF TEXAS", "LEVEL2_BLO": null, "LEVEL3_SUR": null, "Surv_Sect": null, "SHAPE_AREA": 164.64032144911963, "owner_count": 0, "owners_json": [ ], "top_operator": "", "top_owner": "", "max_propensity_score": 0, "field_name": "Unknown", "production_status": "none", "pdp_well_count": 0, "pud_well_count": 0, "well_count": 0, "permit_count": 0 }, "geometry": { "type": "Polygon", "coordinates": [ [ [ -102.750439132940471, 31.54764382764025 ], [ -102.756937710896764, 31.546115897117023 ], [ -102.758042888616501, 31.549554328118038 ], [ -102.750439151772269, 31.551450994385103 ], [ -102.750439032155981, 31.551451024432172 ], [ -102.741541677324577, 31.553668969381221 ], [ -102.740344157646447, 31.550016389287382 ], [ -102.750439101030821, 31.547643835194538 ], [ -102.750439132940471, 31.54764382764025 ] ] ] } },
{ "type": "Feature", "properties": { "ABSTRACT_L": "A-?6", "ABSTRACT_N": "1036", "LEVEL1_SUR": "STATE OF TEXAS", "LEVEL2_BLO": null, "LEVEL3_SUR": null, "Surv_Sect": null, "SHAPE_AREA": 10.737652980580608, "owner_count": 0, "owners_json": [ ], "top_operator": "", "top_owner": "", "max_propensity_score": 0, "field_name": "Unknown", "production_status": "none", "pdp_well_count": 0, "pud_well_count": 0, "well_count": 0, "permit_count": 0 }, "geometry": { "type": "Polygon", "coordinates": [ [ [ -102.531367143618908, 31.366712027607097 ], [ -102.532102874389693, 31.367279555996955 ], [ -102.528937257713125, 31.370427697440316 ], [ -102.528182260458323, 31.369885069458718 ], [ -102.528234054614643, 31.369832684240798 ], [ -102.531367143618908, 31.366712027607097 ] ] ] } },
{ "type": "Feature", "properties": { "ABSTRACT_L": "A-?7", "ABSTRACT_N": "1037", "LEVEL1_SUR": "STATE OF TEXAS", "LEVEL2_BLO": null, "LEVEL3_SUR": null, "Surv_Sect": null, "SHAPE_AREA": 202.5367399513633, "owner_count": 0, "owners_json": [ ], "top_operator": "", "top_owner": "", "max_propensity_score": 0, "field_name": "Unknown", "production_status": "none", "pdp_well_count": 0, "pud_well_count": 0, "well_count": 0, "permit_count": 0 }, "geometry": { "type": "Polygon", "coordinates": [ [ [ -102.506121164302996, 31.348104771800287 ], [ -102.519153476846967, 31.357688095664038 ], [ -102.515801927791287, 31.361039319857564 ], [ -102.506973239795258, 31.354759671866329 ], [ -102.502641752998827, 31.351672452082187 ], [ -102.506121164302996, 31.348104771800287 ] ] ] } },
{ "type": "Feature", "properties": { "ABSTRACT_L": "A-U1", "ABSTRACT_N": "1031", "LEVEL1_SUR": "UL", "LEVEL2_BLO": "30", "LEVEL3_SUR": "1", "Surv_Sect": "1", "SHAPE_AREA": 646.83885263056368, "owner_count": 0, "owners_json": [ ], "top_operator": "", "top_owner": "", "max_propensity_score": 0, "field_name": "Unknown", "production_status": "none", "pdp_well_count": 0, "pud_well_count": 0, "well_count": 0, "permit_count": 0 }, "geometry": { "type": "Polygon", "coordinates": [ [ [ -102.347306917060749, 31.544166920387934 ], [ -102.351927433700453, 31.558243342454212 ], [ -102.335508902072235, 31.562093751423717 ], [ -102.330924531389101, 31.548006841790041 ], [ -102.347306917060749, 31.544166920387934 ] ] ] } },
{ "type": "Feature", "properties": { "ABSTRACT_L": "A-U10", "ABSTRACT_N": "10310", "LEVEL1_SUR": "UL", "LEVEL2_BLO": "30", "LEVEL3_SUR": "10", "Surv_Sect": "10", "SHAPE_AREA": 639.99212591312676, "owner_count": 0, "owners_json": [ ], "top_operator": "", "top_owner": "", "max_propensity_score": 0, "field_name": "Unknown", "production_status": "none", "pdp_well_count": 0, "pud_well_count": 0, "well_count": 0, "permit_count": 0 }, "geometry": { "type": "Polygon", "coordinates": [ [ [ -102.380008526179168, 31.536442058078315 ], [ -102.375428668468487, 31.537531471946433 ], [ -102.363815296706704, 31.540293723273251 ], [ -102.35918033297456, 31.526253654898934 ], [ -102.375428434444643, 31.522356800127735 ], [ -102.380008526179168, 31.536442058078315 ] ] ] } },
{ "type": "Feature", "properties": { "ABSTRACT_L": "A-U100", "ABSTRACT_N": "103100", "LEVEL1_SUR": "UL", "LEVEL2_BLO": "35", "LEVEL3_SUR": "11", "Surv_Sect": "11", "SHAPE_AREA": 448.0068336966616, "owner_count": 0, "owners_json": [ ], "top_operator": "", "top_owner": "", "max_propensity_score": 0, "field_name": "Unknown", "production_status": "none", "pdp_well_count": 0, "pud_well_count": 0, "well_count": 0, "permit_count": 0 }, "geometry": { "type": "Polygon", "coordinates": [ [ [ -102.50401111493035, 31.643736362602404 ], [ -102.506162958411778, 31.643233392726234 ], [ -102.520859700387746, 31.639771645772012 ], [ -102.524484875412, 31.651275018349445 ], [ -102.506357131602797, 31.651273639237328 ], [ -102.50401111493035, 31.643736362602404 ] ] ] } },
{ "type": "Feature", "properties": { "ABSTRACT_L": "A-U101", "ABSTRACT_N": "103101", "LEVEL1_SUR": "UL", "LEVEL2_BLO": "35", "LEVEL3_SUR": "12", "Surv_Sect": "12", "SHAPE_AREA": 595.30777079807547, "owner_count": 0, "owners_json": [ ], "top_operator": "", "top_owner": "", "max_propensity_score": 0, "field_name": "Unknown", "production_status": "none", "pdp_well_count": 0, "pud_well_count": 0, "well_count": 0, "permit_count": 0 }, "geometry": { "type": "Polygon", "coordinates": [ [ [ -102.520859700387746, 31.639771645772012 ], [ -102.522453705804296, 31.639385846621089 ], [ -102.536945488346277, 31.635997072993057 ], [ -102.541490603251731, 31.650120667480124 ], [ -102.536401741890202, 31.651275924953989 ], [ -102.524484875412, 31.651275018349445 ], [ -102.520859700387746, 31.639771645772012 ] ] ] } },
{ "type": "Feature", "properties": { "ABSTRACT_L": "A-U102", "ABSTRACT_N": "103102", "LEVEL1_SUR": "UL", "LEVEL2_BLO": "35", "LEVEL3_SUR": "13", "Surv_Sect": "13", "SHAPE_AREA": 661.09166606464294, "owner_count": 0, "owners_json": [ ], "top_operator": "", "top_owner": "", "max_propensity_score": 0, "field_name": "Unknown", "production_status": "none", "pdp_well_count": 0, "pud_well_count": 0, "well_count": 0, "permit_count": 0 }, "geometry": { "type": "Polygon", "coordinates": [ [ [ -102.558137079203533, 31.646245171685766 ], [ -102.541490603251731, 31.650120667480124 ], [ -102.536945488346277, 31.635997072993057 ], [ -102.539180251997522, 31.635452038352518 ], [ -102.553624268353175, 31.631989411838962 ], [ -102.558137079203533, 31.646245171685766 ] ] ] } },
{ "type": "Feature", "properties": { "ABSTRACT_L": "A-U103", "ABSTRACT_N": "103103", "LEVEL1_SUR": "UL", "LEVEL2_BLO": "35", "LEVEL3_SUR": "14", "Surv_Sect": "14", "SHAPE_AREA": 645.29757697838545, "owner_count": 0, "owners_json": [ ], "top_operator": "", "top_owner": "", "max_propensity_score": 0, "field_name": "Unknown", "production_status": "none", "pdp_well_count": 0, "pud_well_count": 0, "well_count": 0, "permit_count": 0 }, "geometry": { "type": "Polygon", "coordinates": [ [ [ -102.569705348512457, 31.628311908236363 ], [ -102.574442138669468, 31.64230964336036 ], [ -102.574447990862225, 31.642324473132749 ], [ -102.574522849822316, 31.642514374948792 ], [ -102.558137079203533, 31.646245171685766 ], [ -102.553624268353175, 31.631989411838962 ], [ -102.555224352341483, 31.631613360834987 ], [ -102.569705348512457, 31.628311908236363 ] ] ] } },
{ "type": "Feature", "properties": { "ABSTRACT_L": "A-U11", "ABSTRACT_N": "10311", "LEVEL1_SUR": "UL", "LEVEL2_BLO": "30", "LEVEL3_SUR": "11", "Surv_Sect": "11", "SHAPE_AREA": 648.0794137834323, "owner_count": 0, "owners_json": [ ], "top_operator": "", "top_owner": "", "max_propensity_score": 0, "field_name": "Unknown", "production_status": "none", "pdp_well_count": 0, "pud_well_count": 0, "well_count": 0, "permit_count": 0 }, "geometry": { "type": "Polygon", "coordinates": [ [ [ -102.363815296706704, 31.540293723273251 ], [ -102.347306917060749, 31.544166920387934 ], [ -102.342723934540757, 31.530159256105129 ], [ -102.35918033297456, 31.526253654898934 ], [ -102.363815296706704, 31.540293723273251 ] ] ] } },
{ "type": "Feature", "properties": { "ABSTRACT_L": "A-U12", "ABSTRACT_N": "10312", "LEVEL1_SUR": "UL", "LEVEL2_BLO": "30", "LEVEL3_SUR": "12", "Surv_Sect": "12", "SHAPE_AREA": 643.92621508242576, "owner_count": 0, "owners_json": [ ], "top_operator": "", "top_owner": "", "max_propensity_score": 0, "field_name": "Unknown", "production_status": "none", "pdp_well_count": 0, "pud_well_count": 0, "well_count": 0, "permit_count": 0 }, "geometry": { "type": "Polygon", "coordinates": [ [ [ -102.347306917060749, 31.544166920387934 ], [ -102.330924531389101, 31.548006841790041 ], [ -102.326331493872189, 31.533944976508096 ], [ -102.342723934540757, 31.530159256105129 ], [ -102.347306917060749, 31.544166920387934 ] ] ] } },
{ "type": "Feature", "properties": { "ABSTRACT_L": "A-U13", "ABSTRACT_N": "10313", "LEVEL1_SUR": "UL", "LEVEL2_BLO": "30", "LEVEL3_SUR": "13", "Surv_Sect": "13", "SHAPE_AREA": 637.41586524836202, "owner_count": 0, "owners_json": [ ], "top_operator": "", "top_owner": "", "max_propensity_score": 0, "field_name": "Unknown", "production_status": "none", "pdp_well_count": 0, "pud_well_count": 0, "well_count": 0, "permit_count": 0 }, "geometry": { "type": "Polygon", "coordinates": [ [ [ -102.342723934540757, 31.530159256105129 ], [ -102.326331493872189, 31.533944976508096 ], [ -102.326268058974037, 31.533748479157161 ], [ -102.321862785051536, 31.520100715652276 ], [ -102.338181365394362, 31.516174860877616 ], [ -102.342723934540757, 31.530159256105129 ] ] ] } },
{ "type": "Feature", "properties": { "ABSTRACT_L": "A-U14", "ABSTRACT_N": "10314", "LEVEL1_SUR": "UL", "LEVEL2_BLO": "30", "LEVEL3_SUR": "14", "Surv_Sect": "14", "SHAPE_AREA": 644.79375892747441, "owner_count": 0, "owners_json": [ ], "top_operator": "", "top_owner": "", "max_propensity_score": 0, "field_name": "Unknown", "production_status": "none", "pdp_well_count": 0, "pud_well_count": 0, "well_count": 0, "permit_count": 0 }, "geometry": { "type": "Polygon", "coordinates": [ [ [ -102.35918033297456, 31.526253654898934 ], [ -102.342723934540757, 31.530159256105129 ], [ -102.338181365394362, 31.516174860877616 ], [ -102.354523718368227, 31.512224093493309 ], [ -102.35918033297456, 31.526253654898934 ] ] ] } },
{ "type": "Feature", "properties": { "ABSTRACT_L": "A-U15", "ABSTRACT_N": "10315", "LEVEL1_SUR": "UL", "LEVEL2_BLO": "30", "LEVEL3_SUR": "15", "Surv_Sect": "15", "SHAPE_AREA": 640.74138663185158, "owner_count": 0, "owners_json": [ ], "top_operator": "", "top_owner": "", "max_propensity_score": 0, "field_name": "Unknown", "production_status": "none", "pdp_well_count": 0, "pud_well_count": 0, "well_count": 0, "permit_count": 0 }, "geometry": { "type": "Polygon", "coordinates": [ [ [ -102.375428434444643, 31.522356800127735 ], [ -102.35918033297456, 31.526253654898934 ], [ -102.354523718368227, 31.512224093493309 ], [ -102.370895688065588, 31.508377086309853 ], [ -102.375428434444643, 31.522356800127735 ] ] ] } },
{ "type": "Feature", "properties": { "ABSTRACT_L": "A-U16", "ABSTRACT_N": "10316", "LEVEL1_SUR": "UL", "LEVEL2_BLO": "30", "LEVEL3_SUR": "16", "Surv_Sect": "16", "SHAPE_AREA": 638.26394284970524, "owner_count": 0, "owners_json": [ ], "top_operator": "", "top_owner": "", "max_propensity_score": 0, "field_name": "Unknown", "production_status": "none", "pdp_well_count": 0, "pud_well_count": 0, "well_count": 0, "permit_count": 0 }, "geometry": { "type": "Polygon", "coordinates": [ [ [ -102.391714421356468, 31.51843655122002 ], [ -102.375428434444643, 31.522356800127735 ], [ -102.370895688065588, 31.508377086309853 ], [ -102.375428219107363, 31.50729485396991 ], [ -102.387199009697412, 31.504484541602086 ], [ -102.391714421356468, 31.51843655122002 ] ] ] } },
{ "type": "Feature", "properties": { "ABSTRACT_L": "A-U17", "ABSTRACT_N": "10317", "LEVEL1_SUR": "UL", "LEVEL2_BLO": "30", "LEVEL3_SUR": "17", "Surv_Sect": "17", "SHAPE_AREA": 634.74348552183244, "owner_count": 0, "owners_json": [ ], "top_operator": "", "top_owner": "", "max_propensity_score": 0, "field_name": "Unknown", "production_status": "none", "pdp_well_count": 0, "pud_well_count": 0, "well_count": 0, "permit_count": 0 }, "geometry": { "type": "Polygon", "coordinates": [ [ [ -102.407918574632376, 31.51452193816078 ], [ -102.391714421356468, 31.51843655122002 ], [ -102.387199009697412, 31.504484541602086 ], [ -102.403406315225766, 31.500559371739104 ], [ -102.407918574632376, 31.51452193816078 ] ] ] } },
{ "type": "Feature", "properties": { "ABSTRACT_L": "A-U18", "ABSTRACT_N": "10318", "LEVEL1_SUR": "UL", "LEVEL2_BLO": "30", "LEVEL3_SUR": "18", "Surv_Sect": "18", "SHAPE_AREA": 644.40083940330976, "owner_count": 0, "owners_json": [ ], "top_operator": "", "top_owner": "", "max_propensity_score": 0, "field_name": "Unknown", "production_status": "none", "pdp_well_count": 0, "pud_well_count": 0, "well_count": 0, "permit_count": 0 }, "geometry": { "type": "Polygon", "coordinates": [ [ [ -102.419860746047192, 31.496639041416476 ], [ -102.421037092639139, 31.500222529278382 ], [ -102.42103738815031, 31.500223417907115 ], [ -102.424426469784777, 31.510545938240014 ], [ -102.407918574632376, 31.51452193816078 ], [ -102.403406315225766, 31.500559371739104 ], [ -102.40518772238984, 31.500135014364268 ], [ -102.405192374304079, 31.500133903336703 ], [ -102.419860746047192, 31.496639041416476 ] ] ] } },
{ "type": "Feature", "properties": { "ABSTRACT_L": "A-U19", "ABSTRACT_N": "10319", "LEVEL1_SUR": "UL", "LEVEL2_BLO": "30", "LEVEL3_SUR": "19", "Surv_Sect": "19", "SHAPE_AREA": 633.95607066369837, "owner_count": 0, "owners_json": [ ], "top_operator": "", "top_owner": "", "max_propensity_score": 0, "field_name": "Unknown", "production_status": "none", "pdp_well_count": 0, "pud_well_count": 0, "well_count": 0, "permit_count": 0 }, "geometry": { "type": "Polygon", "coordinates": [ [ [ -102.415340504593118, 31.482866483646408 ], [ -102.419860746047192, 31.496639041416476 ], [ -102.405192374304079, 31.500133903336703 ], [ -102.40518772238984, 31.500135014364268 ], [ -102.403406315225766, 31.500559371739104 ], [ -102.403269994104619, 31.500135460986279 ], [ -102.403269523547934, 31.500133990932717 ], [ -102.399006981665323, 31.486744170445384 ], [ -102.415340504593118, 31.482866483646408 ] ] ] } },
{ "type": "Feature", "properties": { "ABSTRACT_L": "A-U2", "ABSTRACT_N": "1032", "LEVEL1_SUR": "UL", "LEVEL2_BLO": "30", "LEVEL3_SUR": "2", "Surv_Sect": "2", "SHAPE_AREA": 654.61656491099177, "owner_count": 0, "owners_json": [ ], "top_operator": "", "top_owner": "", "max_propensity_score": 0, "field_name": "Unknown", "production_status": "none", "pdp_well_count": 0, "pud_well_count": 0, "well_count": 0, "permit_count": 0 }, "geometry": { "type": "Polygon", "coordinates": [ [ [ -102.368745335569741, 31.554129437373881 ], [ -102.352488035216211, 31.558106252379392 ], [ -102.351927433700453, 31.558243342454212 ], [ -102.347306917060749, 31.544166920387934 ], [ -102.363815296706704, 31.540293723273251 ], [ -102.368745335569741, 31.554129437373881 ] ] ] } },
{ "type": "Feature", "properties": { "ABSTRACT_L": "A-U20", "ABSTRACT_N": "10320", "LEVEL1_SUR": "UL", "LEVEL2_BLO": "30", "LEVEL3_SUR": "20", "Surv_Sect": "20", "SHAPE_AREA": 630.82468208045748, "owner_count": 0, "owners_json": [ ], "top_operator": "", "top_owner": "", "max_propensity_score": 0, "field_name": "Unknown", "production_status": "none", "pdp_well_count": 0, "pud_well_count": 0, "well_count": 0, "permit_count": 0 }, "geometry": { "type": "Polygon", "coordinates": [ [ [ -102.399006981665323, 31.486744170445384 ], [ -102.403269523547934, 31.500133990932717 ], [ -102.403269994104619, 31.500135460986279 ], [ -102.403406315225766, 31.500559371739104 ], [ -102.387199009697412, 31.504484541602086 ], [ -102.385812884892715, 31.500134959344159 ], [ -102.385812614469813, 31.500134097691966 ], [ -102.382675556651733, 31.490618165956949 ], [ -102.399006981665323, 31.486744170445384 ] ] ] } },
{ "type": "Feature", "properties": { "ABSTRACT_L": "A-U21", "ABSTRACT_N": "10321", "LEVEL1_SUR": "UL", "LEVEL2_BLO": "30", "LEVEL3_SUR": "21", "Surv_Sect": "21", "SHAPE_AREA": 637.26595002157001, "owner_count": 0, "owners_json": [ ], "top_operator": "", "top_owner": "", "max_propensity_score": 0, "field_name": "Unknown", "production_status": "none", "pdp_well_count": 0, "pud_well_count": 0, "well_count": 0, "permit_count": 0 }, "geometry": { "type": "Polygon", "coordinates": [ [ [ -102.382675556651733, 31.490618165956949 ], [ -102.385812614469813, 31.500134097691966 ], [ -102.385812884892715, 31.500134959344159 ], [ -102.387199009697412, 31.504484541602086 ], [ -102.375428219107363, 31.50729485396991 ], [ -102.370895688065588, 31.508377086309853 ], [ -102.368115039749128, 31.500135127097437 ], [ -102.368114719293814, 31.500134183788919 ], [ -102.366340108971556, 31.494492111237573 ], [ -102.375540711768977, 31.492310655482989 ], [ -102.382675556651733, 31.490618165956949 ] ] ] } },
{ "type": "Feature", "properties": { "ABSTRACT_L": "A-U22", "ABSTRACT_N": "10322", "LEVEL1_SUR": "UL", "LEVEL2_BLO": "30", "LEVEL3_SUR": "22", "Surv_Sect": "22", "SHAPE_AREA": 634.73815992223592, "owner_count": 0, "owners_json": [ ], "top_operator": "", "top_owner": "", "max_propensity_score": 0, "field_name": "Unknown", "production_status": "none", "pdp_well_count": 0, "pud_well_count": 0, "well_count": 0, "permit_count": 0 }, "geometry": { "type": "Polygon", "coordinates": [ [ [ -102.366340108971556, 31.494492111237573 ], [ -102.368114719293814, 31.500134183788919 ], [ -102.368115039749128, 31.500135127097437 ], [ -102.370895688065588, 31.508377086309853 ], [ -102.354523718368227, 31.512224093493309 ], [ -102.350576983103053, 31.500124946686135 ], [ -102.350576531611509, 31.500123565524056 ], [ -102.350002755449751, 31.498364315957566 ], [ -102.366340108971556, 31.494492111237573 ] ] ] } },
{ "type": "Feature", "properties": { "ABSTRACT_L": "A-U23", "ABSTRACT_N": "10323", "LEVEL1_SUR": "UL", "LEVEL2_BLO": "30", "LEVEL3_SUR": "23", "Surv_Sect": "23", "SHAPE_AREA": 638.12457455618858, "owner_count": 0, "owners_json": [ ], "top_operator": "", "top_owner": "", "max_propensity_score": 0, "field_name": "Unknown", "production_status": "none", "pdp_well_count": 0, "pud_well_count": 0, "well_count": 0, "permit_count": 0 }, "geometry": { "type": "Polygon", "coordinates": [ [ [ -102.350002755449751, 31.498364315957566 ], [ -102.350576531611509, 31.500123565524056 ], [ -102.350576983103053, 31.500124946686135 ], [ -102.354523718368227, 31.512224093493309 ], [ -102.338181365394362, 31.516174860877616 ], [ -102.333650524583959, 31.502192521269571 ], [ -102.341963977749415, 31.500246636868155 ], [ -102.341967473554973, 31.50024581721938 ], [ -102.350002755449751, 31.498364315957566 ] ] ] } },
{ "type": "Feature", "properties": { "ABSTRACT_L": "A-U24", "ABSTRACT_N": "10324", "LEVEL1_SUR": "UL", "LEVEL2_BLO": "30", "LEVEL3_SUR": "24", "Surv_Sect": "24", "SHAPE_AREA": 638.66532024170351, "owner_count": 0, "owners_json": [ ], "top_operator": "", "top_owner": "", "max_propensity_score": 0, "field_name": "Unknown", "production_status": "none", "pdp_well_count": 0, "pud_well_count": 0, "well_count": 0, "permit_count": 0 }, "geometry": { "type": "Polygon", "coordinates": [ [ [ -102.333650524583959, 31.502192521269571 ], [ -102.338181365394362, 31.516174860877616 ], [ -102.321862785051536, 31.520100715652276 ], [ -102.321788017460534, 31.519869038689663 ], [ -102.317317851447484, 31.506234488087404 ], [ -102.333650524583959, 31.502192521269571 ] ] ] } },
{ "type": "Feature", "properties": { "ABSTRACT_L": "A-U25", "ABSTRACT_N": "10325", "LEVEL1_SUR": "UL", "LEVEL2_BLO": "30", "LEVEL3_SUR": "25", "Surv_Sect": "25", "SHAPE_AREA": 599.34038285958718, "owner_count": 0, "owners_json": [ ], "top_operator": "", "top_owner": "", "max_propensity_score": 0, "field_name": "Unknown", "production_status": "none", "pdp_well_count": 0, "pud_well_count": 0, "well_count": 0, "permit_count": 0 }, "geometry": { "type": "Polygon", "coordinates": [ [ [ -102.328959480448489, 31.488030797361269 ], [ -102.332962090033107, 31.500114871581431 ], [ -102.333649184118045, 31.502188920723398 ], [ -102.333650524583959, 31.502192521269571 ], [ -102.317317851447484, 31.506234488087404 ], [ -102.317164118015455, 31.505772289313683 ], [ -102.316756324909832, 31.504547736860975 ], [ -102.316344787034964, 31.503311920356182 ], [ -102.31626887905405, 31.500136038695981 ], [ -102.316208833289068, 31.497616362767509 ], [ -102.316046860113474, 31.491104799402411 ], [ -102.328959480448489, 31.488030797361269 ] ] ] } },
{ "type": "Feature", "properties": { "ABSTRACT_L": "A-U26", "ABSTRACT_N": "10326", "LEVEL1_SUR": "UL", "LEVEL2_BLO": "30", "LEVEL3_SUR": "26", "Surv_Sect": "26", "SHAPE_AREA": 649.78056000540403, "owner_count": 0, "owners_json": [ ], "top_operator": "", "top_owner": "", "max_propensity_score": 0, "field_name": "Unknown", "production_status": "none", "pdp_well_count": 0, "pud_well_count": 0, "well_count": 0, "permit_count": 0 }, "geometry": { "type": "Polygon", "coordinates": [ [ [ -102.345340098914747, 31.484208782615223 ], [ -102.350002755449751, 31.498364315957566 ], [ -102.341967473554973, 31.50024581721938 ], [ -102.341963977749415, 31.500246636868155 ], [ -102.333650524583959, 31.502192521269571 ], [ -102.333649184118045, 31.502188920723398 ], [ -102.332962090033107, 31.500114871581431 ], [ -102.328959480448489, 31.488030797361269 ], [ -102.345340098914747, 31.484208782615223 ] ] ] } },
{ "type": "Feature", "properties": { "ABSTRACT_L": "A-U27", "ABSTRACT_N": "10327", "LEVEL1_SUR": "UL", "LEVEL2_BLO": "30", "LEVEL3_SUR": "27", "Surv_Sect": "27", "SHAPE_AREA": 644.51661090632547, "owner_count": 0, "owners_json": [ ], "top_operator": "", "top_owner": "", "max_propensity_score": 0, "field_name": "Unknown", "production_status": "none", "pdp_well_count": 0, "pud_well_count": 0, "well_count": 0, "permit_count": 0 }, "geometry": { "type": "Polygon", "coordinates": [ [ [ -102.361604240888084, 31.480465888837973 ], [ -102.366340108971556, 31.494492111237573 ], [ -102.350002755449751, 31.498364315957566 ], [ -102.345340098914747, 31.484208782615223 ], [ -102.361604240888084, 31.480465888837973 ] ] ] } },
{ "type": "Feature", "properties": { "ABSTRACT_L": "A-U28", "ABSTRACT_N": "10328", "LEVEL1_SUR": "UL", "LEVEL2_BLO": "30", "LEVEL3_SUR": "28", "Surv_Sect": "28", "SHAPE_AREA": 648.20993432605076, "owner_count": 0, "owners_json": [ ], "top_operator": "", "top_owner": "", "max_propensity_score": 0, "field_name": "Unknown", "production_status": "none", "pdp_well_count": 0, "pud_well_count": 0, "well_count": 0, "permit_count": 0 }, "geometry": { "type": "Polygon", "coordinates": [ [ [ -102.37819032738183, 31.476568534622942 ], [ -102.382675556651733, 31.490618165956949 ], [ -102.375540711768977, 31.492310655482989 ], [ -102.366340108971556, 31.494492111237573 ], [ -102.361604240888084, 31.480465888837973 ], [ -102.375428135517225, 31.477217509902445 ], [ -102.37819032738183, 31.476568534622942 ] ] ] } },
{ "type": "Feature", "properties": { "ABSTRACT_L": "A-U29", "ABSTRACT_N": "10329", "LEVEL1_SUR": "UL", "LEVEL2_BLO": "30", "LEVEL3_SUR": "29", "Surv_Sect": "29", "SHAPE_AREA": 641.52046710042316, "owner_count": 0, "owners_json": [ ], "top_operator": "", "top_owner": "", "max_propensity_score": 0, "field_name": "Unknown", "production_status": "none", "pdp_well_count": 0, "pud_well_count": 0, "well_count": 0, "permit_count": 0 }, "geometry": { "type": "Polygon", "coordinates": [ [ [ -102.394425628864767, 31.472687190887186 ], [ -102.399006981665323, 31.486744170445384 ], [ -102.382675556651733, 31.490618165956949 ], [ -102.37819032738183, 31.476568534622942 ], [ -102.394425628864767, 31.472687190887186 ] ] ] } },
{ "type": "Feature", "properties": { "ABSTRACT_L": "A-U3", "ABSTRACT_N": "1033", "LEVEL1_SUR": "UL", "LEVEL2_BLO": "30", "LEVEL3_SUR": "3", "Surv_Sect": "3", "SHAPE_AREA": 623.90636898483513, "owner_count": 0, "owners_json": [ ], "top_operator": "", "top_owner": "", "max_propensity_score": 0, "field_name": "Unknown", "production_status": "none", "pdp_well_count": 0, "pud_well_count": 0, "well_count": 0, "permit_count": 0 }, "geometry": { "type": "Polygon", "coordinates": [ [ [ -102.375428668468487, 31.537531471946433 ], [ -102.380008526179168, 31.536442058078315 ], [ -102.384535832723969, 31.550337569116959 ], [ -102.375428782792582, 31.552524497948884 ], [ -102.368745335569741, 31.554129437373881 ], [ -102.363815296706704, 31.540293723273251 ], [ -102.375428668468487, 31.537531471946433 ] ] ] } },
{ "type": "Feature", "properties": { "ABSTRACT_L": "A-U30", "ABSTRACT_N": "10330", "LEVEL1_SUR": "UL", "LEVEL2_BLO": "30", "LEVEL3_SUR": "30", "Surv_Sect": "30", "SHAPE_AREA": 643.13349085890661, "owner_count": 0, "owners_json": [ ], "top_operator": "", "top_owner": "", "max_propensity_score": 0, "field_name": "Unknown", "production_status": "none", "pdp_well_count": 0, "pud_well_count": 0, "well_count": 0, "permit_count": 0 }, "geometry": { "type": "Polygon", "coordinates": [ [ [ -102.410745700108791, 31.468835646305894 ], [ -102.415340504593118, 31.482866483646408 ], [ -102.399006981665323, 31.486744170445384 ], [ -102.394425628864767, 31.472687190887186 ], [ -102.410745468717579, 31.468835698751739 ], [ -102.410745700108791, 31.468835646305894 ] ] ] } },
{ "type": "Feature", "properties": { "ABSTRACT_L": "A-U31", "ABSTRACT_N": "10331", "LEVEL1_SUR": "UL", "LEVEL2_BLO": "30", "LEVEL3_SUR": "31", "Surv_Sect": "31", "SHAPE_AREA": 637.81050542268656, "owner_count": 0, "owners_json": [ ], "top_operator": "", "top_owner": "", "max_propensity_score": 0, "field_name": "Unknown", "production_status": "none", "pdp_well_count": 0, "pud_well_count": 0, "well_count": 0, "permit_count": 0 }, "geometry": { "type": "Polygon", "coordinates": [ [ [ -102.406172653277764, 31.4548768007032 ], [ -102.410745700108791, 31.468835646305894 ], [ -102.410745468717579, 31.468835698751739 ], [ -102.394425628864767, 31.472687190887186 ], [ -102.389912550006557, 31.458719121787407 ], [ -102.389912709547957, 31.458719084458032 ], [ -102.406172653277764, 31.4548768007032 ] ] ] } },
{ "type": "Feature", "properties": { "ABSTRACT_L": "A-U32", "ABSTRACT_N": "10332", "LEVEL1_SUR": "UL", "LEVEL2_BLO": "30", "LEVEL3_SUR": "32", "Surv_Sect": "32", "SHAPE_AREA": 636.53048850723292, "owner_count": 0, "owners_json": [ ], "top_operator": "", "top_owner": "", "max_propensity_score": 0, "field_name": "Unknown", "production_status": "none", "pdp_well_count": 0, "pud_well_count": 0, "well_count": 0, "permit_count": 0 }, "geometry": { "type": "Polygon", "coordinates": [ [ [ -102.389912550006557, 31.458719121787407 ], [ -102.394425628864767, 31.472687190887186 ], [ -102.37819032738183, 31.476568534622942 ], [ -102.375428166907227, 31.467961784534204 ], [ -102.373691596943104, 31.462549842815125 ], [ -102.389912550006557, 31.458719121787407 ] ] ] } },
{ "type": "Feature", "properties": { "ABSTRACT_L": "A-U33", "ABSTRACT_N": "10333", "LEVEL1_SUR": "UL", "LEVEL2_BLO": "30", "LEVEL3_SUR": "33", "Surv_Sect": "33", "SHAPE_AREA": 650.86585859890783, "owner_count": 0, "owners_json": [ ], "top_operator": "", "top_owner": "", "max_propensity_score": 0, "field_name": "Unknown", "production_status": "none", "pdp_well_count": 0, "pud_well_count": 0, "well_count": 0, "permit_count": 0 }, "geometry": { "type": "Polygon", "coordinates": [ [ [ -102.373690727330157, 31.462550044432447 ], [ -102.373691596943104, 31.462549842815125 ], [ -102.375428166907227, 31.467961784534204 ], [ -102.37819032738183, 31.476568534622942 ], [ -102.375428135517225, 31.477217509902445 ], [ -102.361604240888084, 31.480465888837973 ], [ -102.357100968453437, 31.46646544256971 ], [ -102.373690727330157, 31.462550044432447 ] ] ] } },
{ "type": "Feature", "properties": { "ABSTRACT_L": "A-U34", "ABSTRACT_N": "10334", "LEVEL1_SUR": "UL", "LEVEL2_BLO": "30", "LEVEL3_SUR": "34", "Surv_Sect": "34", "SHAPE_AREA": 635.07186166138433, "owner_count": 0, "owners_json": [ ], "top_operator": "", "top_owner": "", "max_propensity_score": 0, "field_name": "Unknown", "production_status": "none", "pdp_well_count": 0, "pud_well_count": 0, "well_count": 0, "permit_count": 0 }, "geometry": { "type": "Polygon", "coordinates": [ [ [ -102.357100968453437, 31.46646544256971 ], [ -102.361604240888084, 31.480465888837973 ], [ -102.345340098914747, 31.484208782615223 ], [ -102.340849016169315, 31.47029874767054 ], [ -102.357100777142819, 31.466465494191329 ], [ -102.357100968453437, 31.46646544256971 ] ] ] } },
{ "type": "Feature", "properties": { "ABSTRACT_L": "A-U35", "ABSTRACT_N": "10335", "LEVEL1_SUR": "UL", "LEVEL2_BLO": "30", "LEVEL3_SUR": "35", "Surv_Sect": "35", "SHAPE_AREA": 640.35993422438071, "owner_count": 0, "owners_json": [ ], "top_operator": "", "top_owner": "", "max_propensity_score": 0, "field_name": "Unknown", "production_status": "none", "pdp_well_count": 0, "pud_well_count": 0, "well_count": 0, "permit_count": 0 }, "geometry": { "type": "Polygon", "coordinates": [ [ [ -102.345340098914747, 31.484208782615223 ], [ -102.328959480448489, 31.488030797361269 ], [ -102.324428486903955, 31.474021923954332 ], [ -102.340849016169315, 31.47029874767054 ], [ -102.345340098914747, 31.484208782615223 ] ] ] } },
{ "type": "Feature", "properties": { "ABSTRACT_L": "A-U36", "ABSTRACT_N": "10336", "LEVEL1_SUR": "UL", "LEVEL2_BLO": "30", "LEVEL3_SUR": "36", "Surv_Sect": "36", "SHAPE_AREA": 426.93488379482346, "owner_count": 0, "owners_json": [ ], "top_operator": "", "top_owner": "", "max_propensity_score": 0, "field_name": "Unknown", "production_status": "none", "pdp_well_count": 0, "pud_well_count": 0, "well_count": 0, "permit_count": 0 }, "geometry": { "type": "Polygon", "coordinates": [ [ [ -102.324428486903955, 31.474021923954332 ], [ -102.328959480448489, 31.488030797361269 ], [ -102.316046860113474, 31.491104799402411 ], [ -102.315670728967376, 31.475983766044102 ], [ -102.324428486903955, 31.474021923954332 ] ] ] } },
{ "type": "Feature", "properties": { "ABSTRACT_L": "A-U37", "ABSTRACT_N": "10337", "LEVEL1_SUR": "UL", "LEVEL2_BLO": "30", "LEVEL3_SUR": "37", "Surv_Sect": "37", "SHAPE_AREA": 258.15810431814526, "owner_count": 0, "owners_json": [ ], "top_operator": "", "top_owner": "", "max_propensity_score": 0, "field_name": "Unknown", "production_status": "none", "pdp_well_count": 0, "pud_well_count": 0, "well_count": 0, "permit_count": 0 }, "geometry": { "type": "Polygon", "coordinates": [ [ [ -102.31992636760522, 31.460201285722135 ], [ -102.31992766823636, 31.460200987345726 ], [ -102.324428486903955, 31.474021923954332 ], [ -102.315670728967376, 31.475983766044102 ], [ -102.315304649909962, 31.461266841650769 ], [ -102.31992636760522, 31.460201285722135 ] ] ] } },
{ "type": "Feature", "properties": { "ABSTRACT_L": "A-U38", "ABSTRACT_N": "10338", "LEVEL1_SUR": "UL", "LEVEL2_BLO": "30", "LEVEL3_SUR": "38", "Surv_Sect": "38", "SHAPE_AREA": 640.91285384721243, "owner_count": 0, "owners_json": [ ], "top_operator": "", "top_owner": "", "max_propensity_score": 0, "field_name": "Unknown", "production_status": "none", "pdp_well_count": 0, "pud_well_count": 0, "well_count": 0, "permit_count": 0 }, "geometry": { "type": "Polygon", "coordinates": [ [ [ -102.340849016169315, 31.47029874767054 ], [ -102.324428486903955, 31.474021923954332 ], [ -102.31992766823636, 31.460200987345726 ], [ -102.336289890183551, 31.456217035722499 ], [ -102.340849016169315, 31.47029874767054 ] ] ] } },
{ "type": "Feature", "properties": { "ABSTRACT_L": "A-U39", "ABSTRACT_N": "10339", "LEVEL1_SUR": "UL", "LEVEL2_BLO": "30", "LEVEL3_SUR": "39", "Surv_Sect": "39", "SHAPE_AREA": 642.94777518878823, "owner_count": 0, "owners_json": [ ], "top_operator": "", "top_owner": "", "max_propensity_score": 0, "field_name": "Unknown", "production_status": "none", "pdp_well_count": 0, "pud_well_count": 0, "well_count": 0, "permit_count": 0 }, "geometry": { "type": "Polygon", "coordinates": [ [ [ -102.357100777142819, 31.466465494191329 ], [ -102.340849016169315, 31.47029874767054 ], [ -102.336289890183551, 31.456217035722499 ], [ -102.352528334438716, 31.4523214398818 ], [ -102.357100777142819, 31.466465494191329 ] ] ] } },
{ "type": "Feature", "properties": { "ABSTRACT_L": "A-U4", "ABSTRACT_N": "1034", "LEVEL1_SUR": "UL", "LEVEL2_BLO": "30", "LEVEL3_SUR": "4", "Surv_Sect": "4", "SHAPE_AREA": 637.85798377561923, "owner_count": 0, "owners_json": [ ], "top_operator": "", "top_owner": "", "max_propensity_score": 0, "field_name": "Unknown", "production_status": "none", "pdp_well_count": 0, "pud_well_count": 0, "well_count": 0, "permit_count": 0 }, "geometry": { "type": "Polygon", "coordinates": [ [ [ -102.380008526179168, 31.536442058078315 ], [ -102.396380306946043, 31.532539655297377 ], [ -102.400924372619002, 31.54642265116194 ], [ -102.388553411425505, 31.549368237228869 ], [ -102.385675910855781, 31.550064900050344 ], [ -102.384535832723969, 31.550337569116959 ], [ -102.380008526179168, 31.536442058078315 ] ] ] } },
{ "type": "Feature", "properties": { "ABSTRACT_L": "A-U40", "ABSTRACT_N": "10340", "LEVEL1_SUR": "UL", "LEVEL2_BLO": "30", "LEVEL3_SUR": "40", "Surv_Sect": "40", "SHAPE_AREA": 658.6232602349786, "owner_count": 0, "owners_json": [ ], "top_operator": "", "top_owner": "", "max_propensity_score": 0, "field_name": "Unknown", "production_status": "none", "pdp_well_count": 0, "pud_well_count": 0, "well_count": 0, "permit_count": 0 }, "geometry": { "type": "Polygon", "coordinates": [ [ [ -102.369073683718042, 31.448349789981165 ], [ -102.373690727330157, 31.462550044432447 ], [ -102.357100968453437, 31.46646544256971 ], [ -102.357100777142819, 31.466465494191329 ], [ -102.352528334438716, 31.4523214398818 ], [ -102.352528892762493, 31.452321305952257 ], [ -102.369073683718042, 31.448349789981165 ] ] ] } },
{ "type": "Feature", "properties": { "ABSTRACT_L": "A-U41", "ABSTRACT_N": "10341", "LEVEL1_SUR": "UL", "LEVEL2_BLO": "30", "LEVEL3_SUR": "41", "Surv_Sect": "41", "SHAPE_AREA": 648.07778029088968, "owner_count": 0, "owners_json": [ ], "top_operator": "", "top_owner": "", "max_propensity_score": 0, "field_name": "Unknown", "production_status": "none", "pdp_well_count": 0, "pud_well_count": 0, "well_count": 0, "permit_count": 0 }, "geometry": { "type": "Polygon", "coordinates": [ [ [ -102.385312996428951, 31.444449226225661 ], [ -102.389912709547957, 31.458719084458032 ], [ -102.389912550006557, 31.458719121787407 ], [ -102.373691596943104, 31.462549842815125 ], [ -102.373690727330157, 31.462550044432447 ], [ -102.369073683718042, 31.448349789981165 ], [ -102.369073899043812, 31.448349737902248 ], [ -102.385312326619825, 31.444449389860715 ], [ -102.385312996428951, 31.444449226225661 ] ] ] } },
{ "type": "Feature", "properties": { "ABSTRACT_L": "A-U42", "ABSTRACT_N": "10342", "LEVEL1_SUR": "UL", "LEVEL2_BLO": "30", "LEVEL3_SUR": "42", "Surv_Sect": "42", "SHAPE_AREA": 650.30626289123791, "owner_count": 0, "owners_json": [ ], "top_operator": "", "top_owner": "", "max_propensity_score": 0, "field_name": "Unknown", "production_status": "none", "pdp_well_count": 0, "pud_well_count": 0, "well_count": 0, "permit_count": 0 }, "geometry": { "type": "Polygon", "coordinates": [ [ [ -102.401484883325992, 31.440562520258073 ], [ -102.406172653277764, 31.4548768007032 ], [ -102.389912709547957, 31.458719084458032 ], [ -102.385312996428951, 31.444449226225661 ], [ -102.401484883325992, 31.440562520258073 ] ] ] } },
{ "type": "Feature", "properties": { "ABSTRACT_L": "A-U43", "ABSTRACT_N": "10343", "LEVEL1_SUR": "UL", "LEVEL2_BLO": "30", "LEVEL3_SUR": "43", "Surv_Sect": "43", "SHAPE_AREA": 617.87283778366384, "owner_count": 0, "owners_json": [ ], "top_operator": "", "top_owner": "", "max_propensity_score": 0, "field_name": "Unknown", "production_status": "none", "pdp_well_count": 0, "pud_well_count": 0, "well_count": 0, "permit_count": 0 }, "geometry": { "type": "Polygon", "coordinates": [ [ [ -102.397027206515006, 31.426946639808573 ], [ -102.401484883325992, 31.440562520258073 ], [ -102.385312996428951, 31.444449226225661 ], [ -102.385312326619825, 31.444449389860715 ], [ -102.380941336004412, 31.430757642165378 ], [ -102.387689379113098, 31.429159198869684 ], [ -102.397027206515006, 31.426946639808573 ] ] ] } },
{ "type": "Feature", "properties": { "ABSTRACT_L": "A-U44", "ABSTRACT_N": "10344", "LEVEL1_SUR": "UL", "LEVEL2_BLO": "30", "LEVEL3_SUR": "44", "Surv_Sect": "44", "SHAPE_AREA": 626.31522141593553, "owner_count": 0, "owners_json": [ ], "top_operator": "", "top_owner": "", "max_propensity_score": 0, "field_name": "Unknown", "production_status": "none", "pdp_well_count": 0, "pud_well_count": 0, "well_count": 0, "permit_count": 0 }, "geometry": { "type": "Polygon", "coordinates": [ [ [ -102.385312326619825, 31.444449389860715 ], [ -102.369073899043812, 31.448349737902248 ], [ -102.364600583752846, 31.434626671954629 ], [ -102.371402637021504, 31.433016424028345 ], [ -102.380941336004412, 31.430757642165378 ], [ -102.385312326619825, 31.444449389860715 ] ] ] } },
{ "type": "Feature", "properties": { "ABSTRACT_L": "A-U45", "ABSTRACT_N": "10345", "LEVEL1_SUR": "UL", "LEVEL2_BLO": "30", "LEVEL3_SUR": "45", "Surv_Sect": "45", "SHAPE_AREA": 639.23336527035076, "owner_count": 0, "owners_json": [ ], "top_operator": "", "top_owner": "", "max_propensity_score": 0, "field_name": "Unknown", "production_status": "none", "pdp_well_count": 0, "pud_well_count": 0, "well_count": 0, "permit_count": 0 }, "geometry": { "type": "Polygon", "coordinates": [ [ [ -102.364600583752846, 31.434626671954629 ], [ -102.369073899043812, 31.448349737902248 ], [ -102.369073683718042, 31.448349789981165 ], [ -102.352528892762493, 31.452321305952257 ], [ -102.348040388430761, 31.43850452757102 ], [ -102.360786056362514, 31.435529506788193 ], [ -102.364183116762575, 31.434725485550523 ], [ -102.364600583752846, 31.434626671954629 ] ] ] } },
{ "type": "Feature", "properties": { "ABSTRACT_L": "A-U46", "ABSTRACT_N": "10346", "LEVEL1_SUR": "UL", "LEVEL2_BLO": "30", "LEVEL3_SUR": "46", "Surv_Sect": "46", "SHAPE_AREA": 632.27713664481485, "owner_count": 0, "owners_json": [ ], "top_operator": "", "top_owner": "", "max_propensity_score": 0, "field_name": "Unknown", "production_status": "none", "pdp_well_count": 0, "pud_well_count": 0, "well_count": 0, "permit_count": 0 }, "geometry": { "type": "Polygon", "coordinates": [ [ [ -102.331730460600653, 31.442347768874484 ], [ -102.348040388430761, 31.43850452757102 ], [ -102.352528892762493, 31.452321305952257 ], [ -102.352528334438716, 31.4523214398818 ], [ -102.336289890183551, 31.456217035722499 ], [ -102.336131640626775, 31.455728185105777 ], [ -102.331730460600653, 31.442347768874484 ] ] ] } },
{ "type": "Feature", "properties": { "ABSTRACT_L": "A-U47", "ABSTRACT_N": "10347", "LEVEL1_SUR": "UL", "LEVEL2_BLO": "30", "LEVEL3_SUR": "47", "Surv_Sect": "47", "SHAPE_AREA": 639.79742944110001, "owner_count": 0, "owners_json": [ ], "top_operator": "", "top_owner": "", "max_propensity_score": 0, "field_name": "Unknown", "production_status": "none", "pdp_well_count": 0, "pud_well_count": 0, "well_count": 0, "permit_count": 0 }, "geometry": { "type": "Polygon", "coordinates": [ [ [ -102.331730460600653, 31.442347768874484 ], [ -102.336131640626775, 31.455728185105777 ], [ -102.336289890183551, 31.456217035722499 ], [ -102.31992766823636, 31.460200987345726 ], [ -102.31992636760522, 31.460201285722135 ], [ -102.315397656428416, 31.446194037760765 ], [ -102.331730460600653, 31.442347768874484 ] ] ] } },
{ "type": "Feature", "properties": { "ABSTRACT_L": "A-U48", "ABSTRACT_N": "10348", "LEVEL1_SUR": "UL", "LEVEL2_BLO": "30", "LEVEL3_SUR": "48", "Surv_Sect": "48", "SHAPE_AREA": 99.688530510543714, "owner_count": 0, "owners_json": [ ], "top_operator": "", "top_owner": "", "max_propensity_score": 0, "field_name": "Unknown", "production_status": "none", "pdp_well_count": 0, "pud_well_count": 0, "well_count": 0, "permit_count": 0 }, "geometry": { "type": "Polygon", "coordinates": [ [ [ -102.315397656428416, 31.446194037760765 ], [ -102.31992636760522, 31.460201285722135 ], [ -102.315304649909962, 31.461266841650769 ], [ -102.314932442791843, 31.446303560072632 ], [ -102.315397656428416, 31.446194037760765 ] ] ] } },
{ "type": "Feature", "properties": { "ABSTRACT_L": "A-U49", "ABSTRACT_N": "10349", "LEVEL1_SUR": "UL", "LEVEL2_BLO": "31", "LEVEL3_SUR": "1", "Surv_Sect": "1", "SHAPE_AREA": 646.60470600542794, "owner_count": 0, "owners_json": [ ], "top_operator": "", "top_owner": "", "max_propensity_score": 0, "field_name": "Unknown", "production_status": "none", "pdp_well_count": 0, "pud_well_count": 0, "well_count": 0, "permit_count": 0 }, "geometry": { "type": "Polygon", "coordinates": [ [ [ -102.445484064827937, 31.520791902235569 ], [ -102.450097641985295, 31.534874832944418 ], [ -102.437421319040496, 31.537889764500949 ], [ -102.433670206663294, 31.538781656582987 ], [ -102.429161362191806, 31.524687974650494 ], [ -102.445484064827937, 31.520791902235569 ] ] ] } },
{ "type": "Feature", "properties": { "ABSTRACT_L": "A-U5", "ABSTRACT_N": "1035", "LEVEL1_SUR": "UL", "LEVEL2_BLO": "30", "LEVEL3_SUR": "5", "Surv_Sect": "5", "SHAPE_AREA": 627.42677906385006, "owner_count": 0, "owners_json": [ ], "top_operator": "", "top_owner": "", "max_propensity_score": 0, "field_name": "Unknown", "production_status": "none", "pdp_well_count": 0, "pud_well_count": 0, "well_count": 0, "permit_count": 0 }, "geometry": { "type": "Polygon", "coordinates": [ [ [ -102.412518652597839, 31.528681452224653 ], [ -102.417020422665473, 31.542568166832567 ], [ -102.404456991961638, 31.545566329721694 ], [ -102.400924372619002, 31.54642265116194 ], [ -102.396380306946043, 31.532539655297377 ], [ -102.412518652597839, 31.528681452224653 ] ] ] } },
{ "type": "Feature", "properties": { "ABSTRACT_L": "A-U50", "ABSTRACT_N": "10350", "LEVEL1_SUR": "UL", "LEVEL2_BLO": "31", "LEVEL3_SUR": "2", "Surv_Sect": "2", "SHAPE_AREA": 633.34767796670496, "owner_count": 0, "owners_json": [ ], "top_operator": "", "top_owner": "", "max_propensity_score": 0, "field_name": "Unknown", "production_status": "none", "pdp_well_count": 0, "pud_well_count": 0, "well_count": 0, "permit_count": 0 }, "geometry": { "type": "Polygon", "coordinates": [ [ [ -102.461749901732489, 31.517024160772255 ], [ -102.466036424533172, 31.531081916286478 ], [ -102.453579921084255, 31.534046360527157 ], [ -102.450097641985295, 31.534874832944418 ], [ -102.445484064827937, 31.520791902235569 ], [ -102.461749901732489, 31.517024160772255 ] ] ] } },
{ "type": "Feature", "properties": { "ABSTRACT_L": "A-U51", "ABSTRACT_N": "10351", "LEVEL1_SUR": "UL", "LEVEL2_BLO": "31", "LEVEL3_SUR": "3", "Surv_Sect": "3", "SHAPE_AREA": 647.02964602824341, "owner_count": 0, "owners_json": [ ], "top_operator": "", "top_owner": "", "max_propensity_score": 0, "field_name": "Unknown", "production_status": "none", "pdp_well_count": 0, "pud_well_count": 0, "well_count": 0, "permit_count": 0 }, "geometry": { "type": "Polygon", "coordinates": [ [ [ -102.478083466401671, 31.513134647048609 ], [ -102.482681433831644, 31.527118514630949 ], [ -102.47006174731348, 31.530123662609448 ], [ -102.466197614655556, 31.531043549713605 ], [ -102.466036424533172, 31.531081916286478 ], [ -102.461749901732489, 31.517024160772255 ], [ -102.478083466401671, 31.513134647048609 ] ] ] } },
{ "type": "Feature", "properties": { "ABSTRACT_L": "A-U52", "ABSTRACT_N": "10352", "LEVEL1_SUR": "UL", "LEVEL2_BLO": "31", "LEVEL3_SUR": "4", "Surv_Sect": "4", "SHAPE_AREA": 640.94054977784583, "owner_count": 0, "owners_json": [ ], "top_operator": "", "top_owner": "", "max_propensity_score": 0, "field_name": "Unknown", "production_status": "none", "pdp_well_count": 0, "pud_well_count": 0, "well_count": 0, "permit_count": 0 }, "geometry": { "type": "Polygon", "coordinates": [ [ [ -102.494414771316414, 31.509243277387874 ], [ -102.499014971353688, 31.52322686493245 ], [ -102.486110333458015, 31.526301739808115 ], [ -102.482681433831644, 31.527118514630949 ], [ -102.478083466401671, 31.513134647048609 ], [ -102.494414771316414, 31.509243277387874 ] ] ] } },
{ "type": "Feature", "properties": { "ABSTRACT_L": "A-U53", "ABSTRACT_N": "10353", "LEVEL1_SUR": "UL", "LEVEL2_BLO": "31", "LEVEL3_SUR": "5", "Surv_Sect": "5", "SHAPE_AREA": 642.74535760951915, "owner_count": 0, "owners_json": [ ], "top_operator": "", "top_owner": "", "max_propensity_score": 0, "field_name": "Unknown", "production_status": "none", "pdp_well_count": 0, "pud_well_count": 0, "well_count": 0, "permit_count": 0 }, "geometry": { "type": "Polygon", "coordinates": [ [ [ -102.510808380490815, 31.505334641400118 ], [ -102.515204587756983, 31.518779528771223 ], [ -102.515382707659853, 31.519324199977284 ], [ -102.50259313066654, 31.522373904796019 ], [ -102.502590234264773, 31.522374600292721 ], [ -102.500595622551714, 31.522850089589578 ], [ -102.50059552678853, 31.522850112068397 ], [ -102.499014971353688, 31.52322686493245 ], [ -102.494414771316414, 31.509243277387874 ], [ -102.500569804224682, 31.507783033523591 ], [ -102.500569868056729, 31.507783018537651 ], [ -102.510808380490815, 31.505334641400118 ] ] ] } },
{ "type": "Feature", "properties": { "ABSTRACT_L": "A-U54", "ABSTRACT_N": "10354", "LEVEL1_SUR": "UL", "LEVEL2_BLO": "31", "LEVEL3_SUR": "6", "Surv_Sect": "6", "SHAPE_AREA": 638.26758386776908, "owner_count": 0, "owners_json": [ ], "top_operator": "", "top_owner": "", "max_propensity_score": 0, "field_name": "Unknown", "production_status": "none", "pdp_well_count": 0, "pud_well_count": 0, "well_count": 0, "permit_count": 0 }, "geometry": { "type": "Polygon", "coordinates": [ [ [ -102.527085864551054, 31.501488392205061 ], [ -102.531679842945124, 31.515435977261372 ], [ -102.518910929766449, 31.518482625350664 ], [ -102.515382707659853, 31.519324199977284 ], [ -102.515204587756983, 31.518779528771223 ], [ -102.510808380490815, 31.505334641400118 ], [ -102.527085864551054, 31.501488392205061 ] ] ] } },
{ "type": "Feature", "properties": { "ABSTRACT_L": "A-U55", "ABSTRACT_N": "10355", "LEVEL1_SUR": "UL", "LEVEL2_BLO": "31", "LEVEL3_SUR": "7", "Surv_Sect": "7", "SHAPE_AREA": 642.68936270762538, "owner_count": 0, "owners_json": [ ], "top_operator": "", "top_owner": "", "max_propensity_score": 0, "field_name": "Unknown", "production_status": "none", "pdp_well_count": 0, "pud_well_count": 0, "well_count": 0, "permit_count": 0 }, "geometry": { "type": "Polygon", "coordinates": [ [ [ -102.522754424574941, 31.487461278239248 ], [ -102.526681746198491, 31.500179864212871 ], [ -102.526682202794291, 31.500181341005156 ], [ -102.527085864551054, 31.501488392205061 ], [ -102.510808380490815, 31.505334641400118 ], [ -102.510645514613046, 31.504836452488906 ], [ -102.509128827037742, 31.500134312755627 ], [ -102.509128626386016, 31.500133704481236 ], [ -102.506276000839947, 31.491289815568788 ], [ -102.522754424574941, 31.487461278239248 ] ] ] } },
{ "type": "Feature", "properties": { "ABSTRACT_L": "A-U56", "ABSTRACT_N": "10356", "LEVEL1_SUR": "UL", "LEVEL2_BLO": "31", "LEVEL3_SUR": "8", "Surv_Sect": "8", "SHAPE_AREA": 645.55035048530544, "owner_count": 0, "owners_json": [ ], "top_operator": "", "top_owner": "", "max_propensity_score": 0, "field_name": "Unknown", "production_status": "none", "pdp_well_count": 0, "pud_well_count": 0, "well_count": 0, "permit_count": 0 }, "geometry": { "type": "Polygon", "coordinates": [ [ [ -102.506276000839947, 31.491289815568788 ], [ -102.509128626386016, 31.500133704481236 ], [ -102.509128827037742, 31.500134312755627 ], [ -102.510645514613046, 31.504836452488906 ], [ -102.510808380490815, 31.505334641400118 ], [ -102.500569868056729, 31.507783018537651 ], [ -102.500569804224682, 31.507783033523591 ], [ -102.494414771316414, 31.509243277387874 ], [ -102.491587541110491, 31.500154546900326 ], [ -102.491587173023674, 31.500153364054484 ], [ -102.489993460760246, 31.495029240698337 ], [ -102.5004318660189, 31.492632386926978 ], [ -102.500432001685567, 31.492632356800527 ], [ -102.506276000839947, 31.491289815568788 ] ] ] } },
{ "type": "Feature", "properties": { "ABSTRACT_L": "A-U57", "ABSTRACT_N": "10357", "LEVEL1_SUR": "UL", "LEVEL2_BLO": "31", "LEVEL3_SUR": "9", "Surv_Sect": "9", "SHAPE_AREA": 660.26523042228746, "owner_count": 0, "owners_json": [ ], "top_operator": "", "top_owner": "", "max_propensity_score": 0, "field_name": "Unknown", "production_status": "none", "pdp_well_count": 0, "pud_well_count": 0, "well_count": 0, "permit_count": 0 }, "geometry": { "type": "Polygon", "coordinates": [ [ [ -102.489993460760246, 31.495029240698337 ], [ -102.491587173023674, 31.500153364054484 ], [ -102.491587541110491, 31.500154546900326 ], [ -102.494414771316414, 31.509243277387874 ], [ -102.478083466401671, 31.513134647048609 ], [ -102.47374293858033, 31.500132872412014 ], [ -102.473742573035395, 31.500131778886406 ], [ -102.473286149257333, 31.49876437288551 ], [ -102.489993460760246, 31.495029240698337 ] ] ] } },
{ "type": "Feature", "properties": { "ABSTRACT_L": "A-U58", "ABSTRACT_N": "10358", "LEVEL1_SUR": "UL", "LEVEL2_BLO": "31", "LEVEL3_SUR": "10", "Surv_Sect": "10", "SHAPE_AREA": 660.50951701238955, "owner_count": 0, "owners_json": [ ], "top_operator": "", "top_owner": "", "max_propensity_score": 0, "field_name": "Unknown", "production_status": "none", "pdp_well_count": 0, "pud_well_count": 0, "well_count": 0, "permit_count": 0 }, "geometry": { "type": "Polygon", "coordinates": [ [ [ -102.473286149257333, 31.49876437288551 ], [ -102.473742573035395, 31.500131778886406 ], [ -102.47374293858033, 31.500132872412014 ], [ -102.478083466401671, 31.513134647048609 ], [ -102.461749901732489, 31.517024160772255 ], [ -102.457013583156936, 31.502487720650898 ], [ -102.467298308534097, 31.500134967142142 ], [ -102.467303782942011, 31.500133714434057 ], [ -102.473286149257333, 31.49876437288551 ] ] ] } },
{ "type": "Feature", "properties": { "ABSTRACT_L": "A-U59", "ABSTRACT_N": "10359", "LEVEL1_SUR": "UL", "LEVEL2_BLO": "31", "LEVEL3_SUR": "11", "Surv_Sect": "11", "SHAPE_AREA": 655.44605179133316, "owner_count": 0, "owners_json": [ ], "top_operator": "", "top_owner": "", "max_propensity_score": 0, "field_name": "Unknown", "production_status": "none", "pdp_well_count": 0, "pud_well_count": 0, "well_count": 0, "permit_count": 0 }, "geometry": { "type": "Polygon", "coordinates": [ [ [ -102.457013583156936, 31.502487720650898 ], [ -102.461749901732489, 31.517024160772255 ], [ -102.445484064827937, 31.520791902235569 ], [ -102.440880493379723, 31.506469805695357 ], [ -102.457013583156936, 31.502487720650898 ] ] ] } },
{ "type": "Feature", "properties": { "ABSTRACT_L": "A-U6", "ABSTRACT_N": "1036", "LEVEL1_SUR": "UL", "LEVEL2_BLO": "30", "LEVEL3_SUR": "6", "Surv_Sect": "6", "SHAPE_AREA": 651.56768178087123, "owner_count": 0, "owners_json": [ ], "top_operator": "", "top_owner": "", "max_propensity_score": 0, "field_name": "Unknown", "production_status": "none", "pdp_well_count": 0, "pud_well_count": 0, "well_count": 0, "permit_count": 0 }, "geometry": { "type": "Polygon", "coordinates": [ [ [ -102.429161362191806, 31.524687974650494 ], [ -102.433670206663294, 31.538781656582987 ], [ -102.420937609647382, 31.541677538428409 ], [ -102.417020422665473, 31.542568166832567 ], [ -102.412518652597839, 31.528681452224653 ], [ -102.429161362191806, 31.524687974650494 ] ] ] } },
{ "type": "Feature", "properties": { "ABSTRACT_L": "A-U60", "ABSTRACT_N": "10360", "LEVEL1_SUR": "UL", "LEVEL2_BLO": "31", "LEVEL3_SUR": "12", "Surv_Sect": "12", "SHAPE_AREA": 655.44583042779709, "owner_count": 0, "owners_json": [ ], "top_operator": "", "top_owner": "", "max_propensity_score": 0, "field_name": "Unknown", "production_status": "none", "pdp_well_count": 0, "pud_well_count": 0, "well_count": 0, "permit_count": 0 }, "geometry": { "type": "Polygon", "coordinates": [ [ [ -102.440880493379723, 31.506469805695357 ], [ -102.445484064827937, 31.520791902235569 ], [ -102.429161362191806, 31.524687974650494 ], [ -102.424426469784777, 31.510545938240014 ], [ -102.440880493379723, 31.506469805695357 ] ] ] } },
{ "type": "Feature", "properties": { "ABSTRACT_L": "A-U61", "ABSTRACT_N": "10361", "LEVEL1_SUR": "UL", "LEVEL2_BLO": "31", "LEVEL3_SUR": "13", "Surv_Sect": "13", "SHAPE_AREA": 641.6711816441782, "owner_count": 0, "owners_json": [ ], "top_operator": "", "top_owner": "", "max_propensity_score": 0, "field_name": "Unknown", "production_status": "none", "pdp_well_count": 0, "pud_well_count": 0, "well_count": 0, "permit_count": 0 }, "geometry": { "type": "Polygon", "coordinates": [ [ [ -102.436338387189707, 31.492660832620651 ], [ -102.438796405153269, 31.500133759273876 ], [ -102.438796849019923, 31.50013510590583 ], [ -102.440880493379723, 31.506469805695357 ], [ -102.424426469784777, 31.510545938240014 ], [ -102.42103738815031, 31.500223417907115 ], [ -102.421037092639139, 31.500222529278382 ], [ -102.419860746047192, 31.496639041416476 ], [ -102.436338387189707, 31.492660832620651 ] ] ] } },
{ "type": "Feature", "properties": { "ABSTRACT_L": "A-U62", "ABSTRACT_N": "10362", "LEVEL1_SUR": "UL", "LEVEL2_BLO": "31", "LEVEL3_SUR": "14", "Surv_Sect": "14", "SHAPE_AREA": 629.04972423163372, "owner_count": 0, "owners_json": [ ], "top_operator": "", "top_owner": "", "max_propensity_score": 0, "field_name": "Unknown", "production_status": "none", "pdp_well_count": 0, "pud_well_count": 0, "well_count": 0, "permit_count": 0 }, "geometry": { "type": "Polygon", "coordinates": [ [ [ -102.452612738916898, 31.488669019254321 ], [ -102.456264127019622, 31.500133792065004 ], [ -102.457013583156936, 31.502487720650898 ], [ -102.440880493379723, 31.506469805695357 ], [ -102.438796849019923, 31.50013510590583 ], [ -102.438796405153269, 31.500133759273876 ], [ -102.436338387189707, 31.492660832620651 ], [ -102.452612738916898, 31.488669019254321 ] ] ] } },
{ "type": "Feature", "properties": { "ABSTRACT_L": "A-U63", "ABSTRACT_N": "10363", "LEVEL1_SUR": "UL", "LEVEL2_BLO": "31", "LEVEL3_SUR": "15", "Surv_Sect": "15", "SHAPE_AREA": 630.17904889429713, "owner_count": 0, "owners_json": [ ], "top_operator": "", "top_owner": "", "max_propensity_score": 0, "field_name": "Unknown", "production_status": "none", "pdp_well_count": 0, "pud_well_count": 0, "well_count": 0, "permit_count": 0 }, "geometry": { "type": "Polygon", "coordinates": [ [ [ -102.452612738916898, 31.488669019254321 ], [ -102.468767957592746, 31.484807397447824 ], [ -102.473286149257333, 31.49876437288551 ], [ -102.467303782942011, 31.500133714434057 ], [ -102.467298308534097, 31.500134967142142 ], [ -102.457013583156936, 31.502487720650898 ], [ -102.456264127019622, 31.500133792065004 ], [ -102.452612738916898, 31.488669019254321 ] ] ] } },
{ "type": "Feature", "properties": { "ABSTRACT_L": "A-U64", "ABSTRACT_N": "10364", "LEVEL1_SUR": "UL", "LEVEL2_BLO": "31", "LEVEL3_SUR": "16", "Surv_Sect": "16", "SHAPE_AREA": 658.98337769361751, "owner_count": 0, "owners_json": [ ], "top_operator": "", "top_owner": "", "max_propensity_score": 0, "field_name": "Unknown", "production_status": "none", "pdp_well_count": 0, "pud_well_count": 0, "well_count": 0, "permit_count": 0 }, "geometry": { "type": "Polygon", "coordinates": [ [ [ -102.489993460760246, 31.495029240698337 ], [ -102.473286149257333, 31.49876437288551 ], [ -102.468767957592746, 31.484807397447824 ], [ -102.485340924153959, 31.480717010002213 ], [ -102.489993460760246, 31.495029240698337 ] ] ] } },
{ "type": "Feature", "properties": { "ABSTRACT_L": "A-U65", "ABSTRACT_N": "10365", "LEVEL1_SUR": "UL", "LEVEL2_BLO": "31", "LEVEL3_SUR": "17", "Surv_Sect": "17", "SHAPE_AREA": 651.65585454206541, "owner_count": 0, "owners_json": [ ], "top_operator": "", "top_owner": "", "max_propensity_score": 0, "field_name": "Unknown", "production_status": "none", "pdp_well_count": 0, "pud_well_count": 0, "well_count": 0, "permit_count": 0 }, "geometry": { "type": "Polygon", "coordinates": [ [ [ -102.501664556176081, 31.47700964404121 ], [ -102.506276000839947, 31.491289815568788 ], [ -102.500432001685567, 31.492632356800527 ], [ -102.5004318660189, 31.492632386926978 ], [ -102.489993460760246, 31.495029240698337 ], [ -102.485340924153959, 31.480717010002213 ], [ -102.500431557329989, 31.477289965919322 ], [ -102.500431796713841, 31.477289913159176 ], [ -102.501664556176081, 31.47700964404121 ] ] ] } },
{ "type": "Feature", "properties": { "ABSTRACT_L": "A-U66", "ABSTRACT_N": "10366", "LEVEL1_SUR": "UL", "LEVEL2_BLO": "31", "LEVEL3_SUR": "18", "Surv_Sect": "18", "SHAPE_AREA": 654.91355141247755, "owner_count": 0, "owners_json": [ ], "top_operator": "", "top_owner": "", "max_propensity_score": 0, "field_name": "Unknown", "production_status": "none", "pdp_well_count": 0, "pud_well_count": 0, "well_count": 0, "permit_count": 0 }, "geometry": { "type": "Polygon", "coordinates": [ [ [ -102.522754424574941, 31.487461278239248 ], [ -102.506276000839947, 31.491289815568788 ], [ -102.501664556176081, 31.47700964404121 ], [ -102.51806332014489, 31.473275359192609 ], [ -102.522754424574941, 31.487461278239248 ] ] ] } },
{ "type": "Feature", "properties": { "ABSTRACT_L": "A-U67", "ABSTRACT_N": "10367", "LEVEL1_SUR": "UL", "LEVEL2_BLO": "31", "LEVEL3_SUR": "19", "Surv_Sect": "19", "SHAPE_AREA": 627.87944882185514, "owner_count": 0, "owners_json": [ ], "top_operator": "", "top_owner": "", "max_propensity_score": 0, "field_name": "Unknown", "production_status": "none", "pdp_well_count": 0, "pud_well_count": 0, "well_count": 0, "permit_count": 0 }, "geometry": { "type": "Polygon", "coordinates": [ [ [ -102.513600295123737, 31.459532068052599 ], [ -102.51806332014489, 31.473275359192609 ], [ -102.501664556176081, 31.47700964404121 ], [ -102.500431783028361, 31.473270806611286 ], [ -102.500431634944505, 31.473270362383811 ], [ -102.497189574731976, 31.463434626566816 ], [ -102.50065454754035, 31.462610843870955 ], [ -102.500654627202422, 31.462610821700874 ], [ -102.513600295123737, 31.459532068052599 ] ] ] } },
{ "type": "Feature", "properties": { "ABSTRACT_L": "A-U68", "ABSTRACT_N": "10368", "LEVEL1_SUR": "UL", "LEVEL2_BLO": "31", "LEVEL3_SUR": "20", "Surv_Sect": "20", "SHAPE_AREA": 616.29174582908661, "owner_count": 0, "owners_json": [ ], "top_operator": "", "top_owner": "", "max_propensity_score": 0, "field_name": "Unknown", "production_status": "none", "pdp_well_count": 0, "pud_well_count": 0, "well_count": 0, "permit_count": 0 }, "geometry": { "type": "Polygon", "coordinates": [ [ [ -102.497189574731976, 31.463434626566816 ], [ -102.500431634944505, 31.473270362383811 ], [ -102.500431783028361, 31.473270806611286 ], [ -102.501664556176081, 31.47700964404121 ], [ -102.500431796713841, 31.477289913159176 ], [ -102.500431557329989, 31.477289965919322 ], [ -102.485340924153959, 31.480717010002213 ], [ -102.480930327910045, 31.467298796264821 ], [ -102.497189574731976, 31.463434626566816 ] ] ] } },
{ "type": "Feature", "properties": { "ABSTRACT_L": "A-U69", "ABSTRACT_N": "10369", "LEVEL1_SUR": "UL", "LEVEL2_BLO": "31", "LEVEL3_SUR": "21", "Surv_Sect": "21", "SHAPE_AREA": 628.44003006161336, "owner_count": 0, "owners_json": [ ], "top_operator": "", "top_owner": "", "max_propensity_score": 0, "field_name": "Unknown", "production_status": "none", "pdp_well_count": 0, "pud_well_count": 0, "well_count": 0, "permit_count": 0 }, "geometry": { "type": "Polygon", "coordinates": [ [ [ -102.480930327910045, 31.467298796264821 ], [ -102.485340924153959, 31.480717010002213 ], [ -102.468767957592746, 31.484807397447824 ], [ -102.464354995607451, 31.471235649932883 ], [ -102.480930327910045, 31.467298796264821 ] ] ] } },
{ "type": "Feature", "properties": { "ABSTRACT_L": "A-U7", "ABSTRACT_N": "1037", "LEVEL1_SUR": "UL", "LEVEL2_BLO": "30", "LEVEL3_SUR": "7", "Surv_Sect": "7", "SHAPE_AREA": 658.80117969652122, "owner_count": 0, "owners_json": [ ], "top_operator": "", "top_owner": "", "max_propensity_score": 0, "field_name": "Unknown", "production_status": "none", "pdp_well_count": 0, "pud_well_count": 0, "well_count": 0, "permit_count": 0 }, "geometry": { "type": "Polygon", "coordinates": [ [ [ -102.424426469784777, 31.510545938240014 ], [ -102.429161362191806, 31.524687974650494 ], [ -102.412518652597839, 31.528681452224653 ], [ -102.407918574632376, 31.51452193816078 ], [ -102.424426469784777, 31.510545938240014 ] ] ] } },
{ "type": "Feature", "properties": { "ABSTRACT_L": "A-U70", "ABSTRACT_N": "10370", "LEVEL1_SUR": "UL", "LEVEL2_BLO": "31", "LEVEL3_SUR": "22", "Surv_Sect": "22", "SHAPE_AREA": 614.49901204918831, "owner_count": 0, "owners_json": [ ], "top_operator": "", "top_owner": "", "max_propensity_score": 0, "field_name": "Unknown", "production_status": "none", "pdp_well_count": 0, "pud_well_count": 0, "well_count": 0, "permit_count": 0 }, "geometry": { "type": "Polygon", "coordinates": [ [ [ -102.464354995607451, 31.471235649932883 ], [ -102.468767957592746, 31.484807397447824 ], [ -102.452612738916898, 31.488669019254321 ], [ -102.448257607222445, 31.475056633307243 ], [ -102.464354995607451, 31.471235649932883 ] ] ] } },
{ "type": "Feature", "properties": { "ABSTRACT_L": "A-U71", "ABSTRACT_N": "10371", "LEVEL1_SUR": "UL", "LEVEL2_BLO": "31", "LEVEL3_SUR": "23", "Surv_Sect": "23", "SHAPE_AREA": 630.07439381027427, "owner_count": 0, "owners_json": [ ], "top_operator": "", "top_owner": "", "max_propensity_score": 0, "field_name": "Unknown", "production_status": "none", "pdp_well_count": 0, "pud_well_count": 0, "well_count": 0, "permit_count": 0 }, "geometry": { "type": "Polygon", "coordinates": [ [ [ -102.448257607222445, 31.475056633307243 ], [ -102.452612738916898, 31.488669019254321 ], [ -102.436338387189707, 31.492660832620651 ], [ -102.431671878503508, 31.478987323155128 ], [ -102.448257607222445, 31.475056633307243 ] ] ] } },
{ "type": "Feature", "properties": { "ABSTRACT_L": "A-U72", "ABSTRACT_N": "10372", "LEVEL1_SUR": "UL", "LEVEL2_BLO": "31", "LEVEL3_SUR": "24", "Surv_Sect": "24", "SHAPE_AREA": 633.02357653265096, "owner_count": 0, "owners_json": [ ], "top_operator": "", "top_owner": "", "max_propensity_score": 0, "field_name": "Unknown", "production_status": "none", "pdp_well_count": 0, "pud_well_count": 0, "well_count": 0, "permit_count": 0 }, "geometry": { "type": "Polygon", "coordinates": [ [ [ -102.431671878503508, 31.478987323155128 ], [ -102.436338387189707, 31.492660832620651 ], [ -102.419860746047192, 31.496639041416476 ], [ -102.415340504593118, 31.482866483646408 ], [ -102.431671878503508, 31.478987323155128 ] ] ] } },
{ "type": "Feature", "properties": { "ABSTRACT_L": "A-U73", "ABSTRACT_N": "10373", "LEVEL1_SUR": "UL", "LEVEL2_BLO": "31", "LEVEL3_SUR": "25", "Surv_Sect": "25", "SHAPE_AREA": 649.48390262448606, "owner_count": 0, "owners_json": [ ], "top_operator": "", "top_owner": "", "max_propensity_score": 0, "field_name": "Unknown", "production_status": "none", "pdp_well_count": 0, "pud_well_count": 0, "well_count": 0, "permit_count": 0 }, "geometry": { "type": "Polygon", "coordinates": [ [ [ -102.427288613153735, 31.464821567390661 ], [ -102.431671878503508, 31.478987323155128 ], [ -102.415340504593118, 31.482866483646408 ], [ -102.410745700108791, 31.468835646305894 ], [ -102.427288613153735, 31.464821567390661 ] ] ] } },
{ "type": "Feature", "properties": { "ABSTRACT_L": "A-U74", "ABSTRACT_N": "10374", "LEVEL1_SUR": "UL", "LEVEL2_BLO": "31", "LEVEL3_SUR": "26", "Surv_Sect": "26", "SHAPE_AREA": 655.50857581494722, "owner_count": 0, "owners_json": [ ], "top_operator": "", "top_owner": "", "max_propensity_score": 0, "field_name": "Unknown", "production_status": "none", "pdp_well_count": 0, "pud_well_count": 0, "well_count": 0, "permit_count": 0 }, "geometry": { "type": "Polygon", "coordinates": [ [ [ -102.443858663465704, 31.460923560662238 ], [ -102.448257607222445, 31.475056633307243 ], [ -102.431671878503508, 31.478987323155128 ], [ -102.427288613153735, 31.464821567390661 ], [ -102.443858663465704, 31.460923560662238 ] ] ] } },
{ "type": "Feature", "properties": { "ABSTRACT_L": "A-U75", "ABSTRACT_N": "10375", "LEVEL1_SUR": "UL", "LEVEL2_BLO": "31", "LEVEL3_SUR": "27", "Surv_Sect": "27", "SHAPE_AREA": 632.12706565456847, "owner_count": 0, "owners_json": [ ], "top_operator": "", "top_owner": "", "max_propensity_score": 0, "field_name": "Unknown", "production_status": "none", "pdp_well_count": 0, "pud_well_count": 0, "well_count": 0, "permit_count": 0 }, "geometry": { "type": "Polygon", "coordinates": [ [ [ -102.4597733733887, 31.4571617056646 ], [ -102.464354995607451, 31.471235649932883 ], [ -102.448257607222445, 31.475056633307243 ], [ -102.443858663465704, 31.460923560662238 ], [ -102.4597733733887, 31.4571617056646 ] ] ] } },
{ "type": "Feature", "properties": { "ABSTRACT_L": "A-U76", "ABSTRACT_N": "10376", "LEVEL1_SUR": "UL", "LEVEL2_BLO": "31", "LEVEL3_SUR": "28", "Surv_Sect": "28", "SHAPE_AREA": 654.03866158095798, "owner_count": 0, "owners_json": [ ], "top_operator": "", "top_owner": "", "max_propensity_score": 0, "field_name": "Unknown", "production_status": "none", "pdp_well_count": 0, "pud_well_count": 0, "well_count": 0, "permit_count": 0 }, "geometry": { "type": "Polygon", "coordinates": [ [ [ -102.476340521383349, 31.453234785360127 ], [ -102.480930327910045, 31.467298796264821 ], [ -102.464354995607451, 31.471235649932883 ], [ -102.4597733733887, 31.4571617056646 ], [ -102.476340521383349, 31.453234785360127 ] ] ] } },
{ "type": "Feature", "properties": { "ABSTRACT_L": "A-U77", "ABSTRACT_N": "10377", "LEVEL1_SUR": "UL", "LEVEL2_BLO": "31", "LEVEL3_SUR": "29", "Surv_Sect": "29", "SHAPE_AREA": 642.30181961831465, "owner_count": 0, "owners_json": [ ], "top_operator": "", "top_owner": "", "max_propensity_score": 0, "field_name": "Unknown", "production_status": "none", "pdp_well_count": 0, "pud_well_count": 0, "well_count": 0, "permit_count": 0 }, "geometry": { "type": "Polygon", "coordinates": [ [ [ -102.492634634498387, 31.44936392819508 ], [ -102.497189574731976, 31.463434626566816 ], [ -102.480930327910045, 31.467298796264821 ], [ -102.476340521383349, 31.453234785360127 ], [ -102.492634634498387, 31.44936392819508 ] ] ] } },
{ "type": "Feature", "properties": { "ABSTRACT_L": "A-U78", "ABSTRACT_N": "10378", "LEVEL1_SUR": "UL", "LEVEL2_BLO": "31", "LEVEL3_SUR": "30", "Surv_Sect": "30", "SHAPE_AREA": 645.50819629657508, "owner_count": 0, "owners_json": [ ], "top_operator": "", "top_owner": "", "max_propensity_score": 0, "field_name": "Unknown", "production_status": "none", "pdp_well_count": 0, "pud_well_count": 0, "well_count": 0, "permit_count": 0 }, "geometry": { "type": "Polygon", "coordinates": [ [ [ -102.508956018098019, 31.445495289002437 ], [ -102.513600295123737, 31.459532068052599 ], [ -102.500654627202422, 31.462610821700874 ], [ -102.50065454754035, 31.462610843870955 ], [ -102.497189574731976, 31.463434626566816 ], [ -102.492634634498387, 31.44936392819508 ], [ -102.50043165809997, 31.447516333615706 ], [ -102.5004317058536, 31.447516318938725 ], [ -102.508956018098019, 31.445495289002437 ] ] ] } },
{ "type": "Feature", "properties": { "ABSTRACT_L": "A-U79", "ABSTRACT_N": "10379", "LEVEL1_SUR": "UL", "LEVEL2_BLO": "31", "LEVEL3_SUR": "31", "Surv_Sect": "31", "SHAPE_AREA": 636.06734562509223, "owner_count": 0, "owners_json": [ ], "top_operator": "", "top_owner": "", "max_propensity_score": 0, "field_name": "Unknown", "production_status": "none", "pdp_well_count": 0, "pud_well_count": 0, "well_count": 0, "permit_count": 0 }, "geometry": { "type": "Polygon", "coordinates": [ [ [ -102.504428542618442, 31.431571646821396 ], [ -102.504430136948542, 31.431571265242351 ], [ -102.508956018098019, 31.445495289002437 ], [ -102.5004317058536, 31.447516318938725 ], [ -102.50043165809997, 31.447516333615706 ], [ -102.492634634498387, 31.44936392819508 ], [ -102.488168877073917, 31.435443535682595 ], [ -102.500431590209459, 31.432523655874974 ], [ -102.504428542618442, 31.431571646821396 ] ] ] } },
{ "type": "Feature", "properties": { "ABSTRACT_L": "A-U8", "ABSTRACT_N": "1038", "LEVEL1_SUR": "UL", "LEVEL2_BLO": "30", "LEVEL3_SUR": "8", "Surv_Sect": "8", "SHAPE_AREA": 641.53243130747228, "owner_count": 0, "owners_json": [ ], "top_operator": "", "top_owner": "", "max_propensity_score": 0, "field_name": "Unknown", "production_status": "none", "pdp_well_count": 0, "pud_well_count": 0, "well_count": 0, "permit_count": 0 }, "geometry": { "type": "Polygon", "coordinates": [ [ [ -102.412518652597839, 31.528681452224653 ], [ -102.396380306946043, 31.532539655297377 ], [ -102.391714421356468, 31.51843655122002 ], [ -102.407918574632376, 31.51452193816078 ], [ -102.412518652597839, 31.528681452224653 ] ] ] } },
{ "type": "Feature", "properties": { "ABSTRACT_L": "A-U80", "ABSTRACT_N": "10380", "LEVEL1_SUR": "UL", "LEVEL2_BLO": "31", "LEVEL3_SUR": "32", "Surv_Sect": "32", "SHAPE_AREA": 636.55382927428889, "owner_count": 0, "owners_json": [ ], "top_operator": "", "top_owner": "", "max_propensity_score": 0, "field_name": "Unknown", "production_status": "none", "pdp_well_count": 0, "pud_well_count": 0, "well_count": 0, "permit_count": 0 }, "geometry": { "type": "Polygon", "coordinates": [ [ [ -102.488168877073917, 31.435443535682595 ], [ -102.492634634498387, 31.44936392819508 ], [ -102.476340521383349, 31.453234785360127 ], [ -102.471828789374257, 31.439332195104779 ], [ -102.488168877073917, 31.435443535682595 ] ] ] } },
{ "type": "Feature", "properties": { "ABSTRACT_L": "A-U81", "ABSTRACT_N": "10381", "LEVEL1_SUR": "UL", "LEVEL2_BLO": "31", "LEVEL3_SUR": "33", "Surv_Sect": "33", "SHAPE_AREA": 645.49768123839567, "owner_count": 0, "owners_json": [ ], "top_operator": "", "top_owner": "", "max_propensity_score": 0, "field_name": "Unknown", "production_status": "none", "pdp_well_count": 0, "pud_well_count": 0, "well_count": 0, "permit_count": 0 }, "geometry": { "type": "Polygon", "coordinates": [ [ [ -102.471828789374257, 31.439332195104779 ], [ -102.476340521383349, 31.453234785360127 ], [ -102.4597733733887, 31.4571617056646 ], [ -102.455284024837994, 31.443257341524227 ], [ -102.471828191380638, 31.439332337187004 ], [ -102.471828789374257, 31.439332195104779 ] ] ] } },
{ "type": "Feature", "properties": { "ABSTRACT_L": "A-U82", "ABSTRACT_N": "10382", "LEVEL1_SUR": "UL", "LEVEL2_BLO": "31", "LEVEL3_SUR": "34", "Surv_Sect": "34", "SHAPE_AREA": 621.34869804450136, "owner_count": 0, "owners_json": [ ], "top_operator": "", "top_owner": "", "max_propensity_score": 0, "field_name": "Unknown", "production_status": "none", "pdp_well_count": 0, "pud_well_count": 0, "well_count": 0, "permit_count": 0 }, "geometry": { "type": "Polygon", "coordinates": [ [ [ -102.455284024837994, 31.443257341524227 ], [ -102.4597733733887, 31.4571617056646 ], [ -102.443858663465704, 31.460923560662238 ], [ -102.439308806832386, 31.447039338968835 ], [ -102.455282828575179, 31.443257618660976 ], [ -102.455284024837994, 31.443257341524227 ] ] ] } },
{ "type": "Feature", "properties": { "ABSTRACT_L": "A-U83", "ABSTRACT_N": "10383", "LEVEL1_SUR": "UL", "LEVEL2_BLO": "31", "LEVEL3_SUR": "35", "Surv_Sect": "35", "SHAPE_AREA": 642.79450581002902, "owner_count": 0, "owners_json": [ ], "top_operator": "", "top_owner": "", "max_propensity_score": 0, "field_name": "Unknown", "production_status": "none", "pdp_well_count": 0, "pud_well_count": 0, "well_count": 0, "permit_count": 0 }, "geometry": { "type": "Polygon", "coordinates": [ [ [ -102.439308806832386, 31.447039338968835 ], [ -102.443858663465704, 31.460923560662238 ], [ -102.427288613153735, 31.464821567390661 ], [ -102.422849392788606, 31.450933586573527 ], [ -102.439307044461714, 31.447039757286724 ], [ -102.439308806832386, 31.447039338968835 ] ] ] } },
{ "type": "Feature", "properties": { "ABSTRACT_L": "A-U84", "ABSTRACT_N": "10384", "LEVEL1_SUR": "UL", "LEVEL2_BLO": "31", "LEVEL3_SUR": "36", "Surv_Sect": "36", "SHAPE_AREA": 648.90641872280287, "owner_count": 0, "owners_json": [ ], "top_operator": "", "top_owner": "", "max_propensity_score": 0, "field_name": "Unknown", "production_status": "none", "pdp_well_count": 0, "pud_well_count": 0, "well_count": 0, "permit_count": 0 }, "geometry": { "type": "Polygon", "coordinates": [ [ [ -102.422849392788606, 31.450933586573527 ], [ -102.427288613153735, 31.464821567390661 ], [ -102.410745700108791, 31.468835646305894 ], [ -102.406172653277764, 31.4548768007032 ], [ -102.422848260316186, 31.450933855337464 ], [ -102.422849392788606, 31.450933586573527 ] ] ] } },
{ "type": "Feature", "properties": { "ABSTRACT_L": "A-U85", "ABSTRACT_N": "10385", "LEVEL1_SUR": "UL", "LEVEL2_BLO": "31", "LEVEL3_SUR": "37", "Surv_Sect": "37", "SHAPE_AREA": 671.13868849214407, "owner_count": 0, "owners_json": [ ], "top_operator": "", "top_owner": "", "max_propensity_score": 0, "field_name": "Unknown", "production_status": "none", "pdp_well_count": 0, "pud_well_count": 0, "well_count": 0, "permit_count": 0 }, "geometry": { "type": "Polygon", "coordinates": [ [ [ -102.418223998384121, 31.436602619166958 ], [ -102.422848260316186, 31.450933855337464 ], [ -102.406172653277764, 31.4548768007032 ], [ -102.401484883325992, 31.440562520258073 ], [ -102.418223336530474, 31.436602775947918 ], [ -102.418223998384121, 31.436602619166958 ] ] ] } },
{ "type": "Feature", "properties": { "ABSTRACT_L": "A-U86", "ABSTRACT_N": "10386", "LEVEL1_SUR": "UL", "LEVEL2_BLO": "31", "LEVEL3_SUR": "38", "Surv_Sect": "38", "SHAPE_AREA": 658.81814893343403, "owner_count": 0, "owners_json": [ ], "top_operator": "", "top_owner": "", "max_propensity_score": 0, "field_name": "Unknown", "production_status": "none", "pdp_well_count": 0, "pud_well_count": 0, "well_count": 0, "permit_count": 0 }, "geometry": { "type": "Polygon", "coordinates": [ [ [ -102.439307044461714, 31.447039757286724 ], [ -102.422849392788606, 31.450933586573527 ], [ -102.422848260316186, 31.450933855337464 ], [ -102.418223998384121, 31.436602619166958 ], [ -102.43456337043817, 31.432737599546488 ], [ -102.439307044461714, 31.447039757286724 ] ] ] } },
{ "type": "Feature", "properties": { "ABSTRACT_L": "A-U87", "ABSTRACT_N": "10387", "LEVEL1_SUR": "UL", "LEVEL2_BLO": "31", "LEVEL3_SUR": "39", "Surv_Sect": "39", "SHAPE_AREA": 643.57284039855563, "owner_count": 0, "owners_json": [ ], "top_operator": "", "top_owner": "", "max_propensity_score": 0, "field_name": "Unknown", "production_status": "none", "pdp_well_count": 0, "pud_well_count": 0, "well_count": 0, "permit_count": 0 }, "geometry": { "type": "Polygon", "coordinates": [ [ [ -102.450625801547901, 31.428935779592567 ], [ -102.455282828575179, 31.443257618660976 ], [ -102.439308806832386, 31.447039338968835 ], [ -102.439307044461714, 31.447039757286724 ], [ -102.43456337043817, 31.432737599546488 ], [ -102.434564303442613, 31.43273738256573 ], [ -102.450625801547901, 31.428935779592567 ] ] ] } },
{ "type": "Feature", "properties": { "ABSTRACT_L": "A-U88", "ABSTRACT_N": "10388", "LEVEL1_SUR": "UL", "LEVEL2_BLO": "31", "LEVEL3_SUR": "40", "Surv_Sect": "40", "SHAPE_AREA": 664.55980553144605, "owner_count": 0, "owners_json": [ ], "top_operator": "", "top_owner": "", "max_propensity_score": 0, "field_name": "Unknown", "production_status": "none", "pdp_well_count": 0, "pud_well_count": 0, "well_count": 0, "permit_count": 0 }, "geometry": { "type": "Polygon", "coordinates": [ [ [ -102.467166979540636, 31.425018244885127 ], [ -102.471828191380638, 31.439332337187004 ], [ -102.455284024837994, 31.443257341524227 ], [ -102.455282828575179, 31.443257618660976 ], [ -102.450625801547901, 31.428935779592567 ], [ -102.450626503206138, 31.42893561501355 ], [ -102.467166947649702, 31.425018252370059 ], [ -102.467166979540636, 31.425018244885127 ] ] ] } },
{ "type": "Feature", "properties": { "ABSTRACT_L": "A-U89", "ABSTRACT_N": "10389", "LEVEL1_SUR": "UL", "LEVEL2_BLO": "31", "LEVEL3_SUR": "41", "Surv_Sect": "41", "SHAPE_AREA": 657.23453141007235, "owner_count": 0, "owners_json": [ ], "top_operator": "", "top_owner": "", "max_propensity_score": 0, "field_name": "Unknown", "production_status": "none", "pdp_well_count": 0, "pud_well_count": 0, "well_count": 0, "permit_count": 0 }, "geometry": { "type": "Polygon", "coordinates": [ [ [ -102.488168877073917, 31.435443535682595 ], [ -102.471828789374257, 31.439332195104779 ], [ -102.471828191380638, 31.439332337187004 ], [ -102.467166979540636, 31.425018244885127 ], [ -102.483566983811031, 31.421131738102659 ], [ -102.488168877073917, 31.435443535682595 ] ] ] } },
{ "type": "Feature", "properties": { "ABSTRACT_L": "A-U9", "ABSTRACT_N": "1039", "LEVEL1_SUR": "UL", "LEVEL2_BLO": "30", "LEVEL3_SUR": "9", "Surv_Sect": "9", "SHAPE_AREA": 645.92387143613473, "owner_count": 0, "owners_json": [ ], "top_operator": "", "top_owner": "", "max_propensity_score": 0, "field_name": "Unknown", "production_status": "none", "pdp_well_count": 0, "pud_well_count": 0, "well_count": 0, "permit_count": 0 }, "geometry": { "type": "Polygon", "coordinates": [ [ [ -102.396380306946043, 31.532539655297377 ], [ -102.380008526179168, 31.536442058078315 ], [ -102.375428434444643, 31.522356800127735 ], [ -102.391714421356468, 31.51843655122002 ], [ -102.396380306946043, 31.532539655297377 ] ] ] } },
{ "type": "Feature", "properties": { "ABSTRACT_L": "A-U90", "ABSTRACT_N": "10390", "LEVEL1_SUR": "UL", "LEVEL2_BLO": "31", "LEVEL3_SUR": "42", "Surv_Sect": "42", "SHAPE_AREA": 649.11125434889345, "owner_count": 0, "owners_json": [ ], "top_operator": "", "top_owner": "", "max_propensity_score": 0, "field_name": "Unknown", "production_status": "none", "pdp_well_count": 0, "pud_well_count": 0, "well_count": 0, "permit_count": 0 }, "geometry": { "type": "Polygon", "coordinates": [ [ [ -102.499674733949021, 31.417312158996729 ], [ -102.500431536542365, 31.419582230679644 ], [ -102.500431580411231, 31.419582374277617 ], [ -102.504428542618442, 31.431571646821396 ], [ -102.500431590209459, 31.432523655874974 ], [ -102.488168877073917, 31.435443535682595 ], [ -102.483566983811031, 31.421131738102659 ], [ -102.483567477991102, 31.421131618586077 ], [ -102.499668556476863, 31.417313626223404 ], [ -102.499674733949021, 31.417312158996729 ] ] ] } },
{ "type": "Feature", "properties": { "ABSTRACT_L": "A-U91", "ABSTRACT_N": "10391", "LEVEL1_SUR": "UL", "LEVEL2_BLO": "31", "LEVEL3_SUR": "43", "Surv_Sect": "43", "SHAPE_AREA": 618.58353531054877, "owner_count": 0, "owners_json": [ ], "top_operator": "", "top_owner": "", "max_propensity_score": 0, "field_name": "Unknown", "production_status": "none", "pdp_well_count": 0, "pud_well_count": 0, "well_count": 0, "permit_count": 0 }, "geometry": { "type": "Polygon", "coordinates": [ [ [ -102.499668556476863, 31.417313626223404 ], [ -102.483567477991102, 31.421131618586077 ], [ -102.479153176409568, 31.407453738246495 ], [ -102.486342267250379, 31.405744520438624 ], [ -102.495286632227277, 31.403617339656002 ], [ -102.499668556476863, 31.417313626223404 ] ] ] } },
{ "type": "Feature", "properties": { "ABSTRACT_L": "A-U92", "ABSTRACT_N": "10392", "LEVEL1_SUR": "UL", "LEVEL2_BLO": "31", "LEVEL3_SUR": "44", "Surv_Sect": "44", "SHAPE_AREA": 629.53446920873091, "owner_count": 0, "owners_json": [ ], "top_operator": "", "top_owner": "", "max_propensity_score": 0, "field_name": "Unknown", "production_status": "none", "pdp_well_count": 0, "pud_well_count": 0, "well_count": 0, "permit_count": 0 }, "geometry": { "type": "Polygon", "coordinates": [ [ [ -102.479153176409568, 31.407453738246495 ], [ -102.483567477991102, 31.421131618586077 ], [ -102.483566983811031, 31.421131738102659 ], [ -102.467166979540636, 31.425018244885127 ], [ -102.467166947649702, 31.425018252370059 ], [ -102.462721683451477, 31.411358623648294 ], [ -102.470217896077031, 31.409577471126113 ], [ -102.479153176409568, 31.407453738246495 ] ] ] } },
{ "type": "Feature", "properties": { "ABSTRACT_L": "A-U93", "ABSTRACT_N": "10393", "LEVEL1_SUR": "UL", "LEVEL2_BLO": "31", "LEVEL3_SUR": "45", "Surv_Sect": "45", "SHAPE_AREA": 634.31597675178887, "owner_count": 0, "owners_json": [ ], "top_operator": "", "top_owner": "", "max_propensity_score": 0, "field_name": "Unknown", "production_status": "none", "pdp_well_count": 0, "pud_well_count": 0, "well_count": 0, "permit_count": 0 }, "geometry": { "type": "Polygon", "coordinates": [ [ [ -102.467166947649702, 31.425018252370059 ], [ -102.450626503206138, 31.42893561501355 ], [ -102.446153293611715, 31.415293597504256 ], [ -102.453914458238671, 31.413450632230997 ], [ -102.462721683451477, 31.411358623648294 ], [ -102.467166947649702, 31.425018252370059 ] ] ] } },
{ "type": "Feature", "properties": { "ABSTRACT_L": "A-U94", "ABSTRACT_N": "10394", "LEVEL1_SUR": "UL", "LEVEL2_BLO": "31", "LEVEL3_SUR": "46", "Surv_Sect": "46", "SHAPE_AREA": 616.54322204011737, "owner_count": 0, "owners_json": [ ], "top_operator": "", "top_owner": "", "max_propensity_score": 0, "field_name": "Unknown", "production_status": "none", "pdp_well_count": 0, "pud_well_count": 0, "well_count": 0, "permit_count": 0 }, "geometry": { "type": "Polygon", "coordinates": [ [ [ -102.446153293611715, 31.415293597504256 ], [ -102.450626503206138, 31.42893561501355 ], [ -102.450625801547901, 31.428935779592567 ], [ -102.434564303442613, 31.43273738256573 ], [ -102.430007876390917, 31.419125774301754 ], [ -102.437362163201016, 31.41738049629717 ], [ -102.446153293611715, 31.415293597504256 ] ] ] } },
{ "type": "Feature", "properties": { "ABSTRACT_L": "A-U95", "ABSTRACT_N": "10395", "LEVEL1_SUR": "UL", "LEVEL2_BLO": "31", "LEVEL3_SUR": "47", "Surv_Sect": "47", "SHAPE_AREA": 621.41198578840635, "owner_count": 0, "owners_json": [ ], "top_operator": "", "top_owner": "", "max_propensity_score": 0, "field_name": "Unknown", "production_status": "none", "pdp_well_count": 0, "pud_well_count": 0, "well_count": 0, "permit_count": 0 }, "geometry": { "type": "Polygon", "coordinates": [ [ [ -102.430007876390917, 31.419125774301754 ], [ -102.434564303442613, 31.43273738256573 ], [ -102.43456337043817, 31.432737599546488 ], [ -102.418223998384121, 31.436602619166958 ], [ -102.418223336530474, 31.436602775947918 ], [ -102.413860388406448, 31.422956109526805 ], [ -102.42096884446066, 31.42127020579348 ], [ -102.430007876390917, 31.419125774301754 ] ] ] } },
{ "type": "Feature", "properties": { "ABSTRACT_L": "A-U96", "ABSTRACT_N": "10396", "LEVEL1_SUR": "UL", "LEVEL2_BLO": "31", "LEVEL3_SUR": "48", "Surv_Sect": "48", "SHAPE_AREA": 641.67435353477799, "owner_count": 0, "owners_json": [ ], "top_operator": "", "top_owner": "", "max_propensity_score": 0, "field_name": "Unknown", "production_status": "none", "pdp_well_count": 0, "pud_well_count": 0, "well_count": 0, "permit_count": 0 }, "geometry": { "type": "Polygon", "coordinates": [ [ [ -102.413860388406448, 31.422956109526805 ], [ -102.418223336530474, 31.436602775947918 ], [ -102.401484883325992, 31.440562520258073 ], [ -102.397027206515006, 31.426946639808573 ], [ -102.404442555984247, 31.425189043852992 ], [ -102.413860388406448, 31.422956109526805 ] ] ] } },
{ "type": "Feature", "properties": { "ABSTRACT_L": "A-U97", "ABSTRACT_N": "10397", "LEVEL1_SUR": "UL", "LEVEL2_BLO": "35", "LEVEL3_SUR": "8", "Surv_Sect": "8", "SHAPE_AREA": 316.05474784620696, "owner_count": 0, "owners_json": [ ], "top_operator": "", "top_owner": "", "max_propensity_score": 0, "field_name": "Unknown", "production_status": "none", "pdp_well_count": 0, "pud_well_count": 0, "well_count": 0, "permit_count": 0 }, "geometry": { "type": "Polygon", "coordinates": [ [ [ -102.558137079203533, 31.646245171685766 ], [ -102.574522849822316, 31.642514374948792 ], [ -102.577394247343136, 31.65127904355835 ], [ -102.559729750217556, 31.651277699688851 ], [ -102.558137079203533, 31.646245171685766 ] ] ] } },
{ "type": "Feature", "properties": { "ABSTRACT_L": "A-U98", "ABSTRACT_N": "10398", "LEVEL1_SUR": "UL", "LEVEL2_BLO": "35", "LEVEL3_SUR": "9", "Surv_Sect": "9", "SHAPE_AREA": 143.71753417754277, "owner_count": 0, "owners_json": [ ], "top_operator": "", "top_owner": "", "max_propensity_score": 0, "field_name": "Unknown", "production_status": "none", "pdp_well_count": 0, "pud_well_count": 0, "well_count": 0, "permit_count": 0 }, "geometry": { "type": "Polygon", "coordinates": [ [ [ -102.541490603251731, 31.650120667480124 ], [ -102.558137079203533, 31.646245171685766 ], [ -102.559729750217556, 31.651277699688851 ], [ -102.541856775183305, 31.651276339958891 ], [ -102.541490603251731, 31.650120667480124 ] ] ] } }
]
}
