{"type":"FeatureCollection","features":[{"type":"Feature","geometry":{"type":"Polygon","coordinates":[[[-101.37065315541848,32.44808828410208],[-101.386658153501,32.4442565559371],[-101.39102108664815,32.45823343570652],[-101.37468884728979,32.46211874194534],[-101.37065315541848,32.44808828410208]]]},"properties":{"Surv_Name":"MC CARTY, J E","max_propensity_score":10.0,"top_operator":"SM ENERGY COMPANY","owner_count":430.0,"ABSTRACT_L":"A-1159","field_name":"Unknown","Surv_Sect":"20","permit_count":0.0,"DESC_":"T&P RR CO","Block":"31 T2N","pending_permit_count":0.0,"production_trend":null,"production_status":"pdp","pdp_well_count":8.0,"well_count":8.0,"STArea__":27226592.0359,"ABSTRACT_N":"1159","new_permit_count":0.0,"CODE":"1159","pud_well_count":0.0,"legal_desc":"T2N BLK 31 SEC 20 A-1159"}},{"type":"Feature","geometry":{"type":"Polygon","coordinates":[[[-101.34645820818031,32.455033089363354],[-101.34699888851281,32.43992805211735],[-101.36399990193985,32.44023584567313],[-101.36370146888919,32.44985956186817],[-101.36352789971029,32.455455768298485],[-101.34645820818031,32.455033089363354]]]},"properties":{"Surv_Name":null,"max_propensity_score":8.0,"top_operator":"SURGE OPERATING, LLC","owner_count":391.0,"ABSTRACT_L":"A-28","field_name":"Unknown","Surv_Sect":"25","permit_count":0.0,"DESC_":"H&TC RR CO","Block":"27","pending_permit_count":0.0,"production_trend":null,"production_status":"pdp","pdp_well_count":11.0,"well_count":11.0,"STArea__":29008163.3229,"ABSTRACT_N":"28","new_permit_count":0.0,"CODE":"28","pud_well_count":0.0,"legal_desc":"H&TC RR CO A-28"}},{"type":"Feature","geometry":{"type":"Polygon","coordinates":[[[-101.32954554372039,32.454611975386975],[-101.33003266574921,32.43961855949672],[-101.34699888851281,32.43992805211735],[-101.34645820818031,32.455033089363354],[-101.32954554372039,32.454611975386975]]]},"properties":{"Surv_Name":"COOK, O D","max_propensity_score":5.0,"top_operator":"SURGE OPERATING, LLC","owner_count":147.0,"ABSTRACT_L":"A-1114","field_name":"Unknown","Surv_Sect":"26","permit_count":0.0,"DESC_":"H&TC RR CO","Block":"27","pending_permit_count":0.0,"production_trend":null,"production_status":"pdp","pdp_well_count":15.0,"well_count":15.0,"STArea__":28630099.3711,"ABSTRACT_N":"1114","new_permit_count":0.0,"CODE":"1114","pud_well_count":0.0,"legal_desc":"COOK, O D A-1114"}},{"type":"Feature","geometry":{"type":"Polygon","coordinates":[[[-101.31218481654687,32.454177299723504],[-101.31296044145648,32.43930478627594],[-101.33003266574921,32.43961855949672],[-101.32954554372039,32.454611975386975],[-101.31218481654687,32.454177299723504]]]},"properties":{"Surv_Name":null,"max_propensity_score":5.0,"top_operator":"HIGHPEAK ENERGY HOLDIN","owner_count":223.0,"ABSTRACT_L":"A-29","field_name":"Unknown","Surv_Sect":"27","permit_count":0.0,"DESC_":"H&TC RR CO","Block":"27","pending_permit_count":0.0,"production_trend":null,"production_status":"pdp","pdp_well_count":16.0,"well_count":16.0,"STArea__":28878914.0768,"ABSTRACT_N":"29","new_permit_count":0.0,"CODE":"29","pud_well_count":0.0,"legal_desc":"H&TC RR CO A-29"}},{"type":"Feature","geometry":{"type":"Polygon","coordinates":[[[-101.2954848756345,32.45375686989862],[-101.29600671409372,32.43899085960405],[-101.31296044145648,32.43930478627594],[-101.31218481654687,32.454177299723504],[-101.2954848756345,32.45375686989862]]]},"properties":{"Surv_Name":"SMITH, R A","max_propensity_score":4.0,"top_operator":"HIGHPEAK ENERGY HOLDIN","owner_count":34.0,"ABSTRACT_L":"A-1200","field_name":"Unknown","Surv_Sect":"28","permit_count":0.0,"DESC_":"H&TC RR CO","Block":"27","pending_permit_count":0.0,"production_trend":null,"production_status":"pdp","pdp_well_count":3.0,"well_count":3.0,"STArea__":28011547.9935,"ABSTRACT_N":"1200","new_permit_count":0.0,"CODE":"1200","pud_well_count":0.0,"legal_desc":"SMITH, R A A-1200"}},{"type":"Feature","geometry":{"type":"Polygon","coordinates":[[[-101.27844302827634,32.45341504530824],[-101.27894895180032,32.4387386261982],[-101.29600671409372,32.43899085960405],[-101.2954848756345,32.45375686989862],[-101.27844302827634,32.45341504530824]]]},"properties":{"Surv_Name":null,"max_propensity_score":6.0,"top_operator":"HIGHPEAK ENERGY HOLDIN","owner_count":33.0,"ABSTRACT_L":"A-30","field_name":"Unknown","Surv_Sect":"29","permit_count":0.0,"DESC_":"H&TC RR CO","Block":"27","pending_permit_count":0.0,"production_trend":null,"production_status":"pdp","pdp_well_count":18.0,"well_count":18.0,"STArea__":28185266.9608,"ABSTRACT_N":"30","new_permit_count":0.0,"CODE":"30","pud_well_count":0.0,"legal_desc":"H&TC RR CO A-30"}},{"type":"Feature","geometry":{"type":"Polygon","coordinates":[[[-101.2611972136616,32.45303850477228],[-101.26174252359122,32.43847809193003],[-101.27894895180032,32.4387386261982],[-101.27844302827634,32.45341504530824],[-101.2611972136616,32.45303850477228]]]},"properties":{"Surv_Name":"HARRINGTON, S","max_propensity_score":10.0,"top_operator":"SURGE OPERATING, LLC","owner_count":269.0,"ABSTRACT_L":"A-1052","field_name":"Unknown","Surv_Sect":"30","permit_count":0.0,"DESC_":"H&TC RR CO","Block":"27","pending_permit_count":0.0,"production_trend":null,"production_status":"pdp","pdp_well_count":26.0,"well_count":26.0,"STArea__":28279585.9835,"ABSTRACT_N":"1052","new_permit_count":0.0,"CODE":"1052","pud_well_count":0.0,"legal_desc":"HARRINGTON, S A-1052"}},{"type":"Feature","geometry":{"type":"Polygon","coordinates":[[[-101.36399990193985,32.44023584567313],[-101.36432432789357,32.42977156654302],[-101.36573986501347,32.433885168186166],[-101.3701427937944,32.44821644534389],[-101.36370146888919,32.44985956186817],[-101.36399990193985,32.44023584567313]]]},"properties":{"Surv_Name":"RICE, E C","max_propensity_score":0.0,"top_operator":"","owner_count":0.0,"ABSTRACT_L":"A-1186","field_name":"Unknown","Surv_Sect":"22","permit_count":0.0,"DESC_":"T&P RR CO","Block":"31 T2N","pending_permit_count":0.0,"production_trend":"stable","production_status":"pdp","pdp_well_count":5.0,"well_count":5.0,"STArea__":7325340.983,"ABSTRACT_N":"1186","new_permit_count":0.0,"CODE":"1186","pud_well_count":0.0,"legal_desc":"T2N BLK 31 SEC 22 A-1186"}},{"type":"Feature","geometry":{"type":"Polygon","coordinates":[[[-101.36573986501347,32.433885168186166],[-101.3823160921001,32.43018735435296],[-101.386658153501,32.4442565559371],[-101.37065315541848,32.44808828410208],[-101.3701427937944,32.44821644534389],[-101.36573986501347,32.433885168186166]]]},"properties":{"Surv_Name":null,"max_propensity_score":9.0,"top_operator":"SM ENERGY COMPANY","owner_count":806.0,"ABSTRACT_L":"A-187","field_name":"Unknown","Surv_Sect":"23","permit_count":0.0,"DESC_":"T&P RR CO","Block":"31 T2N","pending_permit_count":0.0,"production_trend":null,"production_status":"pdp","pdp_well_count":5.0,"well_count":5.0,"STArea__":28243782.6277,"ABSTRACT_N":"187","new_permit_count":0.0,"CODE":"187","pud_well_count":0.0,"legal_desc":"T2N BLK 31 SEC 23 A-187"}},{"type":"Feature","geometry":{"type":"Polygon","coordinates":[[[-101.34699888851281,32.43992805211735],[-101.34738070002206,32.42558144506878],[-101.36445999583692,32.426023267217076],[-101.36432432789357,32.42977156654302],[-101.36399990193985,32.44023584567313],[-101.34699888851281,32.43992805211735]]]},"properties":{"Surv_Name":"BIRKHEAD, B T","max_propensity_score":6.0,"top_operator":"PIONEER NATURAL RES. U","owner_count":79.0,"ABSTRACT_L":"A-1013","field_name":"Unknown","Surv_Sect":"40","permit_count":0.0,"DESC_":"H&TC RR CO","Block":"27","pending_permit_count":0.0,"production_trend":null,"production_status":"pdp","pdp_well_count":1.0,"well_count":1.0,"STArea__":27318006.0591,"ABSTRACT_N":"1013","new_permit_count":0.0,"CODE":"1013","pud_well_count":0.0,"legal_desc":"BIRKHEAD, B T A-1013"}},{"type":"Feature","geometry":{"type":"Polygon","coordinates":[[[-101.33003266574921,32.43961855949672],[-101.33050165891437,32.42517840201577],[-101.34738070002206,32.42558144506878],[-101.34699888851281,32.43992805211735],[-101.33003266574921,32.43961855949672]]]},"properties":{"Surv_Name":null,"max_propensity_score":7.0,"top_operator":"SURGE OPERATING, LLC","owner_count":87.0,"ABSTRACT_L":"A-35","field_name":"Unknown","Surv_Sect":"39","permit_count":0.0,"DESC_":"H&TC RR CO","Block":"27","pending_permit_count":0.0,"production_trend":null,"production_status":"pdp","pdp_well_count":3.0,"well_count":3.0,"STArea__":27356633.7792,"ABSTRACT_N":"35","new_permit_count":0.0,"CODE":"35","pud_well_count":0.0,"legal_desc":"H&TC RR CO A-35"}},{"type":"Feature","geometry":{"type":"Polygon","coordinates":[[[-101.31296044145648,32.43930478627594],[-101.31346491200974,32.424765052023744],[-101.33050165891437,32.42517840201577],[-101.33003266574921,32.43961855949672],[-101.31296044145648,32.43930478627594]]]},"properties":{"Surv_Name":"SMITH, R A","max_propensity_score":8.0,"top_operator":"HIGHPEAK ENERGY HOLDIN","owner_count":235.0,"ABSTRACT_L":"A-1202","field_name":"Unknown","Surv_Sect":"38","permit_count":0.0,"DESC_":"H&TC RR CO","Block":"27","pending_permit_count":0.0,"production_trend":null,"production_status":"pdp","pdp_well_count":2.0,"well_count":2.0,"STArea__":27757462.9847,"ABSTRACT_N":"1202","new_permit_count":0.0,"CODE":"1202","pud_well_count":0.0,"legal_desc":"SMITH, R A A-1202"}},{"type":"Feature","geometry":{"type":"Polygon","coordinates":[[[-101.2961501622851,32.430392079236846],[-101.29625194215949,32.42428998616999],[-101.30554657396976,32.4245491991354],[-101.3060455004123,32.42458002004121],[-101.30611355723812,32.42458159836915],[-101.3109790170619,32.42470306555799],[-101.31346491200974,32.424765052023744],[-101.31296044145648,32.43930478627594],[-101.29600671409372,32.43899085960405],[-101.29614441465417,32.430736624724105],[-101.2961501622851,32.430392079236846]]]},"properties":{"Surv_Name":null,"max_propensity_score":7.0,"top_operator":"NEW HEIGHT ENERGY, LLC","owner_count":37.0,"ABSTRACT_L":"A-34","field_name":"Unknown","Surv_Sect":"37","permit_count":0.0,"DESC_":"H&TC RR CO","Block":"27","pending_permit_count":0.0,"production_trend":null,"production_status":"pdp","pdp_well_count":15.0,"well_count":15.0,"STArea__":28041318.3115,"ABSTRACT_N":"34","new_permit_count":0.0,"CODE":"34","pud_well_count":0.0,"legal_desc":"H&TC RR CO A-34"}},{"type":"Feature","geometry":{"type":"Polygon","coordinates":[[[-101.27894895180032,32.4387386261982],[-101.27933061312866,32.42387893294637],[-101.29625194215949,32.42428998616999],[-101.29600671409372,32.43899085960405],[-101.27894895180032,32.4387386261982]]]},"properties":{"Surv_Name":"SMITH, R A","max_propensity_score":4.0,"top_operator":"HIGHPEAK ENERGY HOLDIN","owner_count":9.0,"ABSTRACT_L":"A-1203","field_name":"Unknown","Surv_Sect":"36","permit_count":0.0,"DESC_":"H&TC RR CO","Block":"27","pending_permit_count":0.0,"production_trend":null,"production_status":"pdp","pdp_well_count":3.0,"well_count":3.0,"STArea__":28197551.133,"ABSTRACT_N":"1203","new_permit_count":0.0,"CODE":"1203","pud_well_count":0.0,"legal_desc":"SMITH, R A A-1203"}},{"type":"Feature","geometry":{"type":"Polygon","coordinates":[[[-101.26215712027991,32.427368716686395],[-101.26242557892671,32.42338557314312],[-101.27100899643108,32.423591633745225],[-101.27933061312866,32.42387893294637],[-101.27894895180032,32.4387386261982],[-101.26174252359122,32.43847809193003],[-101.26188901110123,32.43457938360707],[-101.26215712027991,32.427368716686395]]]},"properties":{"Surv_Name":null,"max_propensity_score":5.0,"top_operator":"NEW HEIGHT ENERGY, LLC","owner_count":70.0,"ABSTRACT_L":"A-33","field_name":"Unknown","Surv_Sect":"35","permit_count":0.0,"DESC_":"H&TC RR CO","Block":"27","pending_permit_count":0.0,"production_trend":null,"production_status":"pdp","pdp_well_count":1.0,"well_count":1.0,"STArea__":28809762.5968,"ABSTRACT_N":"33","new_permit_count":0.0,"CODE":"33","pud_well_count":0.0,"legal_desc":"H&TC RR CO A-33"}},{"type":"Feature","geometry":{"type":"Polygon","coordinates":[[[-101.36466209274266,32.419145706291275],[-101.37834904312516,32.41622941564816],[-101.3823160921001,32.43018735435296],[-101.36573986501347,32.433885168186166],[-101.36432432789357,32.42977156654302],[-101.36445999583692,32.426023267217076],[-101.36466209274266,32.419145706291275]]]},"properties":{"Surv_Name":"RICE, E C","max_propensity_score":0.0,"top_operator":"","owner_count":0.0,"ABSTRACT_L":"A-1328","field_name":"Unknown","Surv_Sect":"30","permit_count":0.0,"DESC_":"T&P RR CO","Block":"31 T2N","pending_permit_count":0.0,"production_trend":null,"production_status":"none","pdp_well_count":0.0,"well_count":0.0,"STArea__":26220955.2617,"ABSTRACT_N":"1328","new_permit_count":0.0,"CODE":"1328","pud_well_count":0.0,"legal_desc":"T2N BLK 31 SEC 30 A-1328"}},{"type":"Feature","geometry":{"type":"Polygon","coordinates":[[[-101.38693332924767,32.4143416115374],[-101.39496697426468,32.41257429012184],[-101.39918677499529,32.42650139057715],[-101.3823160921001,32.43018735435296],[-101.37834904312516,32.41622941564816],[-101.38693332924767,32.4143416115374]]]},"properties":{"Surv_Name":null,"max_propensity_score":0.0,"top_operator":"","owner_count":0.0,"ABSTRACT_L":"A-190","field_name":"Unknown","Surv_Sect":"29","permit_count":0.0,"DESC_":"T&P RR CO","Block":"31 T2N","pending_permit_count":0.0,"production_trend":null,"production_status":"pdp","pdp_well_count":5.0,"well_count":5.0,"STArea__":27894147.3612,"ABSTRACT_N":"190","new_permit_count":0.0,"CODE":"190","pud_well_count":0.0,"legal_desc":"T2N BLK 31 SEC 29 A-190"}},{"type":"Feature","geometry":{"type":"Polygon","coordinates":[[[-101.34788292076415,32.41098958030876],[-101.3651087084776,32.4113979018701],[-101.36466209274266,32.419145706291275],[-101.36445999583692,32.426023267217076],[-101.34738070002206,32.42558144506878],[-101.34788292076415,32.41098958030876]]]},"properties":{"Surv_Name":null,"max_propensity_score":9.0,"top_operator":"SURGE OPERATING, LLC","owner_count":460.0,"ABSTRACT_L":"A-36","field_name":"Unknown","Surv_Sect":"41","permit_count":0.0,"DESC_":"H&TC RR CO","Block":"27","pending_permit_count":0.0,"production_trend":null,"production_status":"pdp","pdp_well_count":5.0,"well_count":5.0,"STArea__":28072810.6584,"ABSTRACT_N":"36","new_permit_count":0.0,"CODE":"36","pud_well_count":0.0,"legal_desc":"H&TC RR CO A-36"}},{"type":"Feature","geometry":{"type":"Polygon","coordinates":[[[-101.33050165891437,32.42517840201577],[-101.3309772578776,32.41053007901886],[-101.34788292076415,32.41098958030876],[-101.34738070002206,32.42558144506878],[-101.33050165891437,32.42517840201577]]]},"properties":{"Surv_Name":"BIRKHEAD, B T","max_propensity_score":7.0,"top_operator":"SURGE OPERATING, LLC","owner_count":678.0,"ABSTRACT_L":"A-1014","field_name":"Unknown","Surv_Sect":"42","permit_count":0.0,"DESC_":"H&TC RR CO","Block":"27","pending_permit_count":0.0,"production_trend":null,"production_status":"pdp","pdp_well_count":8.0,"well_count":8.0,"STArea__":27748758.642,"ABSTRACT_N":"1014","new_permit_count":0.0,"CODE":"1014","pud_well_count":0.0,"legal_desc":"BIRKHEAD, B T A-1014"}},{"type":"Feature","geometry":{"type":"Polygon","coordinates":[[[-101.31375911220398,32.41290118412508],[-101.31384297589912,32.410088892972645],[-101.31550652115686,32.41013183134781],[-101.31699257476164,32.41017016945836],[-101.3183178690133,32.410204344741665],[-101.3309772578776,32.41053007901886],[-101.33096282757366,32.4109745979038],[-101.33050165891437,32.42517840201577],[-101.31346491200974,32.424765052023744],[-101.31365313381602,32.42011320159218],[-101.31368139098213,32.41972362424766],[-101.31375911220398,32.41290118412508]]]},"properties":{"Surv_Name":null,"max_propensity_score":9.0,"top_operator":"SURGE OPERATING, LLC","owner_count":910.0,"ABSTRACT_L":"A-37","field_name":"Unknown","Surv_Sect":"43","permit_count":0.0,"DESC_":"H&TC RR CO","Block":"27","pending_permit_count":0.0,"production_trend":null,"production_status":"pdp","pdp_well_count":2.0,"well_count":2.0,"STArea__":28095349.0913,"ABSTRACT_N":"37","new_permit_count":0.0,"CODE":"37","pud_well_count":0.0,"legal_desc":"H&TC RR CO A-37"}},{"type":"Feature","geometry":{"type":"Polygon","coordinates":[[[-101.29625194215949,32.42428998616999],[-101.29659149984143,32.40964229031501],[-101.31384297589912,32.410088892972645],[-101.31375911220398,32.41290118412508],[-101.31368139098213,32.41972362424766],[-101.31365313381602,32.42011320159218],[-101.31346491200974,32.424765052023744],[-101.3109790170619,32.42470306555799],[-101.30611355723812,32.42458159836915],[-101.3060455004123,32.42458002004121],[-101.30554657396976,32.4245491991354],[-101.29625194215949,32.42428998616999]]]},"properties":{"Surv_Name":"POND, S T","max_propensity_score":5.0,"top_operator":"HIGHPEAK ENERGY HOLDIN","owner_count":19.0,"ABSTRACT_L":"A-1173","field_name":"Unknown","Surv_Sect":"44","permit_count":0.0,"DESC_":"H&TC RR CO","Block":"27","pending_permit_count":0.0,"production_trend":null,"production_status":"pdp","pdp_well_count":4.0,"well_count":4.0,"STArea__":28440809.3942,"ABSTRACT_N":"1173","new_permit_count":0.0,"CODE":"1173","pud_well_count":0.0,"legal_desc":"POND, S T A-1173"}},{"type":"Feature","geometry":{"type":"Polygon","coordinates":[[[-101.27933061312866,32.42387893294637],[-101.27986251369502,32.40921066403139],[-101.29659149984143,32.40964229031501],[-101.29625194215949,32.42428998616999],[-101.27933061312866,32.42387893294637]]]},"properties":{"Surv_Name":null,"max_propensity_score":0.0,"top_operator":"","owner_count":0.0,"ABSTRACT_L":"A-38","field_name":"Unknown","Surv_Sect":"45","permit_count":0.0,"DESC_":"H&TC RR CO","Block":"27","pending_permit_count":0.0,"production_trend":null,"production_status":"pdp","pdp_well_count":3.0,"well_count":3.0,"STArea__":27707387.229,"ABSTRACT_N":"38","new_permit_count":0.0,"CODE":"38","pud_well_count":0.0,"legal_desc":"H&TC RR CO A-38"}},{"type":"Feature","geometry":{"type":"Polygon","coordinates":[[[-101.34788292076415,32.41098958030876],[-101.3485554874732,32.396345751536714],[-101.36574206519482,32.39688680898891],[-101.36542735606571,32.404097830886535],[-101.3651087084776,32.4113979018701],[-101.34788292076415,32.41098958030876]]]},"properties":{"Surv_Name":"KEY, J","max_propensity_score":8.0,"top_operator":"NEW HEIGHT ENERGY, LLC","owner_count":133.0,"ABSTRACT_L":"A-1142","field_name":"Unknown","Surv_Sect":"56","permit_count":0.0,"DESC_":"H&TC RR CO","Block":"27","pending_permit_count":0.0,"production_trend":null,"production_status":"pdp","pdp_well_count":19.0,"well_count":19.0,"STArea__":28197113.1078,"ABSTRACT_N":"1142","new_permit_count":0.0,"CODE":"1142","pud_well_count":0.0,"legal_desc":"KEY, J A-1142"}},{"type":"Feature","geometry":{"type":"Polygon","coordinates":[[[-101.33142883234287,32.3966172423553],[-101.33465086334455,32.39590626461139],[-101.3485554874732,32.396345751536714],[-101.34788292076415,32.41098958030876],[-101.3309772578776,32.41053007901886],[-101.33142883234287,32.3966172423553]]]},"properties":{"Surv_Name":null,"max_propensity_score":7.0,"top_operator":"BAYSWATER OPERATING CO","owner_count":34.0,"ABSTRACT_L":"A-67","field_name":"Unknown","Surv_Sect":"55","permit_count":0.0,"DESC_":"H&TC RR CO","Block":"27","pending_permit_count":0.0,"production_trend":null,"production_status":"pdp","pdp_well_count":6.0,"well_count":6.0,"STArea__":27920522.5156,"ABSTRACT_N":"67","new_permit_count":0.0,"CODE":"67","pud_well_count":0.0,"legal_desc":"H&TC RR CO A-67"}},{"type":"Feature","geometry":{"type":"Polygon","coordinates":[[[-101.31980792032383,32.39918073968329],[-101.33142883234287,32.3966172423553],[-101.3309772578776,32.41053007901886],[-101.31384297589912,32.410088892972645],[-101.31419964088127,32.40014690232168],[-101.31980792032383,32.39918073968329]]]},"properties":{"Surv_Name":"KEY, J","max_propensity_score":10.0,"top_operator":"BAYSWATER OPERATING CO","owner_count":920.0,"ABSTRACT_L":"A-1141","field_name":"Unknown","Surv_Sect":"54","permit_count":0.0,"DESC_":"H&TC RR CO","Block":"27","pending_permit_count":0.0,"production_trend":null,"production_status":"pdp","pdp_well_count":9.0,"well_count":9.0,"STArea__":22763195.3278,"ABSTRACT_N":"1141","new_permit_count":0.0,"CODE":"1141","pud_well_count":0.0,"legal_desc":"KEY, J A-1141"}},{"type":"Feature","geometry":{"type":"Polygon","coordinates":[[[-101.30329259049032,32.4020593219756],[-101.31419964088127,32.40014690232168],[-101.31384297589912,32.410088892972645],[-101.29659149984143,32.40964229031501],[-101.29673210258895,32.403575597871324],[-101.30329259049032,32.4020593219756]]]},"properties":{"Surv_Name":null,"max_propensity_score":0.0,"top_operator":"","owner_count":0.0,"ABSTRACT_L":"A-68","field_name":"Unknown","Surv_Sect":"53","permit_count":0.0,"DESC_":"H&TC RR CO","Block":"27","pending_permit_count":0.0,"production_trend":null,"production_status":"pdp","pdp_well_count":13.0,"well_count":13.0,"STArea__":15783853.1842,"ABSTRACT_N":"68","new_permit_count":0.0,"CODE":"68","pud_well_count":0.0,"legal_desc":"H&TC RR CO A-68"}},{"type":"Feature","geometry":{"type":"Polygon","coordinates":[[[-101.28724346536109,32.40580751639919],[-101.29673210258895,32.403575597871324],[-101.29659149984143,32.40964229031501],[-101.27986251369502,32.40921066403139],[-101.27994021729637,32.407441010633214],[-101.28724346536109,32.40580751639919]]]},"properties":{"Surv_Name":"COFFEE, W D","max_propensity_score":7.0,"top_operator":"BAYSWATER OPERATING CO","owner_count":92.0,"ABSTRACT_L":"A-1437","field_name":"Unknown","Surv_Sect":"52","permit_count":0.0,"DESC_":"H&TC RR CO","Block":"27","pending_permit_count":0.0,"production_trend":null,"production_status":"pdp","pdp_well_count":14.0,"well_count":14.0,"STArea__":7307428.83362,"ABSTRACT_N":"1437","new_permit_count":0.0,"CODE":"1437","pud_well_count":0.0,"legal_desc":"COFFEE, W D A-1437"}},{"type":"Feature","geometry":{"type":"Polygon","coordinates":[[[-101.2725808556873,32.40902044978285],[-101.27994021729637,32.407441010633214],[-101.27986251369502,32.40921066403139],[-101.2725808556873,32.40902044978285]]]},"properties":{"Surv_Name":null,"max_propensity_score":9.0,"top_operator":"HIGHPEAK ENERGY HOLDIN","owner_count":72.0,"ABSTRACT_L":"A-69","field_name":"Unknown","Surv_Sect":"51","permit_count":0.0,"DESC_":"H&TC RR CO","Block":"27","pending_permit_count":0.0,"production_trend":null,"production_status":"none","pdp_well_count":0.0,"well_count":0.0,"STArea__":724206.951321,"ABSTRACT_N":"69","new_permit_count":0.0,"CODE":"69","pud_well_count":0.0,"legal_desc":"H&TC RR CO A-69"}},{"type":"Feature","geometry":{"type":"Polygon","coordinates":[[[-101.36608985247719,32.388916513981115],[-101.36969793134698,32.388159658219635],[-101.37132743646679,32.39343203237601],[-101.37402112795918,32.40214678693112],[-101.37403452664704,32.40219009882932],[-101.37399049307581,32.402199860269846],[-101.36542735606571,32.404097830886535],[-101.36574206519482,32.39688680898891],[-101.36608985247719,32.388916513981115]]]},"properties":{"Surv_Name":"BUCHANAN, S D","max_propensity_score":0.0,"top_operator":"","owner_count":0.0,"ABSTRACT_L":"A-1377","field_name":"Unknown","Surv_Sect":"38","permit_count":0.0,"DESC_":"T&P RR CO","Block":"31 T2N","pending_permit_count":0.0,"production_trend":null,"production_status":"pdp","pdp_well_count":6.0,"well_count":6.0,"STArea__":10291674.39,"ABSTRACT_N":"1377","new_permit_count":0.0,"CODE":"1377","pud_well_count":0.0,"legal_desc":"T2N BLK 31 SEC 38 A-1377"}},{"type":"Feature","geometry":{"type":"Polygon","coordinates":[[[-101.62645669374899,32.52482575546455],[-101.64310127678571,32.52162993372422],[-101.64366621016153,32.52338012663979],[-101.64422282456009,32.52510447765753],[-101.62532526635955,32.52501735572795],[-101.62645669374899,32.52482575546455]]]},"properties":{"Surv_Name":"BENNETT, T B","max_propensity_score":0.0,"top_operator":"","owner_count":0.0,"ABSTRACT_L":"A-1532","field_name":"Unknown","Surv_Sect":"16","permit_count":0.0,"DESC_":"T&P RR CO","Block":"33 T3N","pending_permit_count":0.0,"production_trend":null,"production_status":"none","pdp_well_count":0.0,"well_count":0.0,"STArea__":3651918.03196,"ABSTRACT_N":"1532","new_permit_count":0.0,"CODE":"1532","pud_well_count":0.0,"legal_desc":"T3N BLK 33 SEC 16 A-1532"}},{"type":"Feature","geometry":{"type":"Polygon","coordinates":[[[-101.55608134304062,32.5249386885144],[-101.56961339457108,32.521650562659],[-101.57069506697898,32.52495982104803],[-101.55608134304062,32.5249386885144]]]},"properties":{"Surv_Name":null,"max_propensity_score":0.0,"top_operator":"","owner_count":0.0,"ABSTRACT_L":"A-287","field_name":"Unknown","Surv_Sect":"19","permit_count":0.0,"DESC_":"T&P RR CO","Block":"32 T3N","pending_permit_count":0.0,"production_trend":null,"production_status":"pdp","pdp_well_count":2.0,"well_count":2.0,"STArea__":2710033.91374,"ABSTRACT_N":"287","new_permit_count":0.0,"CODE":"287","pud_well_count":0.0,"legal_desc":"T3N BLK 32 SEC 19 A-287"}},{"type":"Feature","geometry":{"type":"Polygon","coordinates":[[[-101.64310127678571,32.52162993372422],[-101.64518373270778,32.52120634653657],[-101.65133428312929,32.51995090770097],[-101.66115146406942,32.517976494292505],[-101.66354301788891,32.52516877088115],[-101.65307700889366,32.52513476145746],[-101.64422282456009,32.52510447765753],[-101.64366621016153,32.52338012663979],[-101.64310127678571,32.52162993372422]]]},"properties":{"Surv_Name":null,"max_propensity_score":7.0,"top_operator":"APACHE CORPORATION","owner_count":9.0,"ABSTRACT_L":"A-342","field_name":"Unknown","Surv_Sect":"17","permit_count":0.0,"DESC_":"T&P RR CO","Block":"33 T3N","pending_permit_count":0.0,"production_trend":null,"production_status":"pdp","pdp_well_count":2.0,"well_count":2.0,"STArea__":11541076.6691,"ABSTRACT_N":"342","new_permit_count":0.0,"CODE":"342","pud_well_count":0.0,"legal_desc":"T3N BLK 33 SEC 17 A-342"}},{"type":"Feature","geometry":{"type":"Polygon","coordinates":[[[-101.58603789180972,32.518309373709286],[-101.5874733118607,32.51801760740713],[-101.58973128277442,32.52497082835724],[-101.57069506697898,32.52495982104803],[-101.56961339457108,32.521650562659],[-101.58603789180972,32.518309373709286]]]},"properties":{"Surv_Name":"SLAUGHTER, R E","max_propensity_score":9.0,"top_operator":"SURGE OPERATING, LLC","owner_count":91.0,"ABSTRACT_L":"A-1563","field_name":"Unknown","Surv_Sect":"24","permit_count":0.0,"DESC_":"T&P RR CO","Block":"33 T3N","pending_permit_count":0.0,"production_trend":null,"production_status":"pdp","pdp_well_count":7.0,"well_count":7.0,"STArea__":10953860.2298,"ABSTRACT_N":"1563","new_permit_count":0.0,"CODE":"1563","pud_well_count":0.0,"legal_desc":"T3N BLK 33 SEC 24 A-1563"}},{"type":"Feature","geometry":{"type":"Polygon","coordinates":[[[-101.66115146406942,32.517976494292505],[-101.67771542315329,32.51454335653653],[-101.67804527637584,32.51556690790411],[-101.67822814635637,32.516134368905206],[-101.68132080157527,32.525228747251646],[-101.66354301788891,32.52516877088115],[-101.66115146406942,32.517976494292505]]]},"properties":{"Surv_Name":"BENNETT, T B","max_propensity_score":7.0,"top_operator":"APACHE CORPORATION","owner_count":78.0,"ABSTRACT_L":"A-1247","field_name":"Unknown","Surv_Sect":"18","permit_count":0.0,"DESC_":"T&P RR CO","Block":"33 T3N","pending_permit_count":0.0,"production_trend":null,"production_status":"pdp","pdp_well_count":7.0,"well_count":7.0,"STArea__":17763587.1797,"ABSTRACT_N":"1247","new_permit_count":0.0,"CODE":"1247","pud_well_count":0.0,"legal_desc":"T3N BLK 33 SEC 18 A-1247"}},{"type":"Feature","geometry":{"type":"Polygon","coordinates":[[[-101.51554575412126,32.51966516470399],[-101.53109005316706,32.515870485891625],[-101.53426170590228,32.524921878658354],[-101.51642914161356,32.52491004461663],[-101.51476405102754,32.51985327852859],[-101.51554575412126,32.51966516470399]]]},"properties":{"Surv_Name":"THOMAS, W H","max_propensity_score":7.0,"top_operator":"VITAL ENERGY, INC.","owner_count":96.0,"ABSTRACT_L":"A-1566","field_name":"Unknown","Surv_Sect":"28","permit_count":0.0,"DESC_":"T&P RR CO","Block":"32 T2N","pending_permit_count":0.0,"production_trend":null,"production_status":"pdp","pdp_well_count":9.0,"well_count":9.0,"STArea__":14045572.3917,"ABSTRACT_N":"1566","new_permit_count":0.0,"CODE":"1566","pud_well_count":0.0,"legal_desc":"T2N BLK 32 SEC 28 A-1566"}},{"type":"Feature","geometry":{"type":"Polygon","coordinates":[[[-101.5874733118607,32.51801760740713],[-101.60414269256493,32.514658608457076],[-101.60749652364878,32.52498186844126],[-101.58973128277442,32.52497082835724],[-101.5874733118607,32.51801760740713]]]},"properties":{"Surv_Name":null,"max_propensity_score":7.0,"top_operator":"SURGE OPERATING, LLC","owner_count":82.0,"ABSTRACT_L":"A-345","field_name":"Unknown","Surv_Sect":"23","permit_count":0.0,"DESC_":"T&P RR CO","Block":"33 T3N","pending_permit_count":0.0,"production_trend":null,"production_status":"pdp","pdp_well_count":1.0,"well_count":1.0,"STArea__":17203844.2997,"ABSTRACT_N":"345","new_permit_count":0.0,"CODE":"345","pud_well_count":0.0,"legal_desc":"T3N BLK 33 SEC 23 A-345"}},{"type":"Feature","geometry":{"type":"Polygon","coordinates":[[[-101.67771542315329,32.51454335653653],[-101.68868318263189,32.51218272103886],[-101.68874101863183,32.52522277085254],[-101.68132080157527,32.525228747251646],[-101.67822814635637,32.516134368905206],[-101.67804527637584,32.51556690790411],[-101.67771542315329,32.51454335653653]]]},"properties":{"Surv_Name":null,"max_propensity_score":8.0,"top_operator":"APACHE CORPORATION","owner_count":966.0,"ABSTRACT_L":"A-1567","field_name":"Unknown","Surv_Sect":"13","permit_count":0.0,"DESC_":"T&P RR CO","Block":"34 T3N","pending_permit_count":0.0,"production_trend":null,"production_status":"pdp","pdp_well_count":5.0,"well_count":5.0,"STArea__":12487508.4988,"ABSTRACT_N":"1567","new_permit_count":0.0,"CODE":"1567","pud_well_count":0.0,"legal_desc":"T3N BLK 34 SEC 13 A-1567"}},{"type":"Feature","geometry":{"type":"Polygon","coordinates":[[[-101.62058503045866,32.51134197245889],[-101.62187162125218,32.51107935368253],[-101.62645669374899,32.52482575546455],[-101.62532526635955,32.52501735572795],[-101.62500006900235,32.52501665714746],[-101.60749652364878,32.52498186844126],[-101.60414269256493,32.514658608457076],[-101.62058503045866,32.51134197245889]]]},"properties":{"Surv_Name":"BENNETT, T B","max_propensity_score":6.0,"top_operator":"APACHE CORPORATION","owner_count":44.0,"ABSTRACT_L":"A-1246","field_name":"Unknown","Surv_Sect":"22","permit_count":0.0,"DESC_":"T&P RR CO","Block":"33 T3N","pending_permit_count":0.0,"production_trend":null,"production_status":"pdp","pdp_well_count":2.0,"well_count":2.0,"STArea__":25778509.2952,"ABSTRACT_N":"1246","new_permit_count":0.0,"CODE":"1246","pud_well_count":0.0,"legal_desc":"T3N BLK 33 SEC 22 A-1246"}},{"type":"Feature","geometry":{"type":"Polygon","coordinates":[[[-101.53231421192615,32.51556826356042],[-101.54746910884431,32.511851832466725],[-101.551755887767,32.52493568876605],[-101.53426170590228,32.524921878658354],[-101.53109005316706,32.515870485891625],[-101.53231421192615,32.51556826356042]]]},"properties":{"Surv_Name":null,"max_propensity_score":0.0,"top_operator":"","owner_count":0.0,"ABSTRACT_L":"A-289","field_name":"Unknown","Surv_Sect":"29","permit_count":0.0,"DESC_":"T&P RR CO","Block":"32 T3N","pending_permit_count":0.0,"production_trend":null,"production_status":"pdp","pdp_well_count":19.0,"well_count":19.0,"STArea__":21858419.6786,"ABSTRACT_N":"289","new_permit_count":0.0,"CODE":"289","pud_well_count":0.0,"legal_desc":"T3N BLK 32 SEC 29 A-289"}},{"type":"Feature","geometry":{"type":"Polygon","coordinates":[[[-101.62187162125218,32.51107935368253],[-101.63854354380243,32.50769628199239],[-101.64310127678571,32.52162993372422],[-101.62645669374899,32.52482575546455],[-101.62187162125218,32.51107935368253]]]},"properties":{"Surv_Name":null,"max_propensity_score":5.0,"top_operator":"SMC OIL & GAS, INC.","owner_count":26.0,"ABSTRACT_L":"A-344","field_name":"Unknown","Surv_Sect":"21","permit_count":0.0,"DESC_":"T&P RR CO","Block":"33 T3N","pending_permit_count":0.0,"production_trend":null,"production_status":"pdp","pdp_well_count":19.0,"well_count":19.0,"STArea__":27539748.3358,"ABSTRACT_N":"344","new_permit_count":0.0,"CODE":"344","pud_well_count":0.0,"legal_desc":"T3N BLK 33 SEC 21 A-344"}},{"type":"Feature","geometry":{"type":"Polygon","coordinates":[[[-101.56022706156041,32.50864686781121],[-101.56489777481879,32.50751219822077],[-101.56961339457108,32.521650562659],[-101.55608134304062,32.5249386885144],[-101.551755887767,32.52493568876605],[-101.54746910884431,32.511851832466725],[-101.54838289267,32.51162535902753],[-101.55670394808406,32.509502637226845],[-101.5599776151633,32.50870748630833],[-101.56022706156041,32.50864686781121]]]},"properties":{"Surv_Name":"ANDREWS, H W","max_propensity_score":7.0,"top_operator":"VITAL ENERGY, INC.","owner_count":88.0,"ABSTRACT_L":"A-1231","field_name":"Unknown","Surv_Sect":"30","permit_count":0.0,"DESC_":"T&P RR CO","Block":"32 T3N","pending_permit_count":0.0,"production_trend":null,"production_status":"pdp","pdp_well_count":16.0,"well_count":16.0,"STArea__":29698600.1831,"ABSTRACT_N":"1231","new_permit_count":0.0,"CODE":"1231","pud_well_count":0.0,"legal_desc":"T3N BLK 32 SEC 30 A-1231"}},{"type":"Feature","geometry":{"type":"Polygon","coordinates":[[[-101.63854354380243,32.50769628199239],[-101.65524211004666,32.504303547207655],[-101.65662307373972,32.50402285726176],[-101.66115146406942,32.517976494292505],[-101.65133428312929,32.51995090770097],[-101.64518373270778,32.52120634653657],[-101.64310127678571,32.52162993372422],[-101.63854354380243,32.50769628199239]]]},"properties":{"Surv_Name":"BENNETT, T B","max_propensity_score":10.0,"top_operator":"APACHE CORPORATION","owner_count":1145.0,"ABSTRACT_L":"A-1245","field_name":"Unknown","Surv_Sect":"20","permit_count":0.0,"DESC_":"T&P RR CO","Block":"33 T3N","pending_permit_count":0.0,"production_trend":null,"production_status":"pdp","pdp_well_count":12.0,"well_count":12.0,"STArea__":30101285.7979,"ABSTRACT_N":"1245","new_permit_count":0.0,"CODE":"1245","pud_well_count":0.0,"legal_desc":"T3N BLK 33 SEC 20 A-1245"}},{"type":"Feature","geometry":{"type":"Polygon","coordinates":[[[-101.49484108161751,32.50952388179381],[-101.51114427638149,32.50557638758165],[-101.51554575412126,32.51966516470399],[-101.51476405102754,32.51985327852859],[-101.49936606797856,32.523444607399064],[-101.49484108161751,32.50952388179381]]]},"properties":{"Surv_Name":"THOMAS, W H","max_propensity_score":6.0,"top_operator":"VITAL ENERGY, INC.","owner_count":358.0,"ABSTRACT_L":"A-1360","field_name":"Unknown","Surv_Sect":"34","permit_count":0.0,"DESC_":"T&P RR CO","Block":"32 T3N","pending_permit_count":0.0,"production_trend":null,"production_status":"pdp","pdp_well_count":24.0,"well_count":24.0,"STArea__":27445757.4284,"ABSTRACT_N":"1360","new_permit_count":0.0,"CODE":"1360","pud_well_count":0.0,"legal_desc":"T3N BLK 32 SEC 34 A-1360"}},{"type":"Feature","geometry":{"type":"Polygon","coordinates":[[[-101.56489777481879,32.50751219822077],[-101.58159536486718,32.504083425222795],[-101.58603789180972,32.518309373709286],[-101.56961339457108,32.521650562659],[-101.56489777481879,32.50751219822077]]]},"properties":{"Surv_Name":null,"max_propensity_score":9.0,"top_operator":"VITAL ENERGY, INC.","owner_count":411.0,"ABSTRACT_L":"A-346","field_name":"Unknown","Surv_Sect":"25","permit_count":0.0,"DESC_":"T&P RR CO","Block":"33 T3N","pending_permit_count":0.0,"production_trend":null,"production_status":"pdp","pdp_well_count":23.0,"well_count":23.0,"STArea__":28077225.4231,"ABSTRACT_N":"346","new_permit_count":0.0,"CODE":"346","pud_well_count":0.0,"legal_desc":"T3N BLK 33 SEC 25 A-346"}},{"type":"Feature","geometry":{"type":"Polygon","coordinates":[[[-101.65662307373972,32.50402285726176],[-101.6731269345468,32.50055758892068],[-101.67771542315329,32.51454335653653],[-101.66115146406942,32.517976494292505],[-101.65662307373972,32.50402285726176]]]},"properties":{"Surv_Name":null,"max_propensity_score":9.0,"top_operator":"APACHE CORPORATION","owner_count":229.0,"ABSTRACT_L":"A-343","field_name":"Unknown","Surv_Sect":"19","permit_count":0.0,"DESC_":"T&P RR CO","Block":"33 T3N","pending_permit_count":0.0,"production_trend":null,"production_status":"pdp","pdp_well_count":20.0,"well_count":20.0,"STArea__":27666271.7108,"ABSTRACT_N":"343","new_permit_count":0.0,"CODE":"343","pud_well_count":0.0,"legal_desc":"T3N BLK 33 SEC 19 A-343"}},{"type":"Feature","geometry":{"type":"Polygon","coordinates":[[[-101.51133360931395,32.50552837946846],[-101.527665939178,32.50150328442479],[-101.53231421192615,32.51556826356042],[-101.53109005316706,32.515870485891625],[-101.51554575412126,32.51966516470399],[-101.51114427638149,32.50557638758165],[-101.51133360931395,32.50552837946846]]]},"properties":{"Surv_Name":null,"max_propensity_score":10.0,"top_operator":"VITAL ENERGY, INC.","owner_count":277.0,"ABSTRACT_L":"A-291","field_name":"Unknown","Surv_Sect":"33","permit_count":0.0,"DESC_":"T&P RR CO","Block":"32 T3N","pending_permit_count":0.0,"production_trend":null,"production_status":"pdp","pdp_well_count":33.0,"well_count":33.0,"STArea__":28353820.395,"ABSTRACT_N":"291","new_permit_count":0.0,"CODE":"291","pud_well_count":0.0,"legal_desc":"T3N BLK 32 SEC 33 A-291"}},{"type":"Feature","geometry":{"type":"Polygon","coordinates":[[[-101.58159536486718,32.504083425222795],[-101.59933997229663,32.500528379676446],[-101.60414269256493,32.514658608457076],[-101.5874733118607,32.51801760740713],[-101.58603789180972,32.518309373709286],[-101.58159536486718,32.504083425222795]]]},"properties":{"Surv_Name":"BOYDSTON, J N","max_propensity_score":9.0,"top_operator":"VITAL ENERGY, INC.","owner_count":349.0,"ABSTRACT_L":"A-1251","field_name":"Unknown","Surv_Sect":"26","permit_count":0.0,"DESC_":"T&P RR CO","Block":"33 T3N","pending_permit_count":0.0,"production_trend":null,"production_status":"pdp","pdp_well_count":18.0,"well_count":18.0,"STArea__":30366081.9401,"ABSTRACT_N":"1251","new_permit_count":0.0,"CODE":"1251","pud_well_count":0.0,"legal_desc":"T3N BLK 33 SEC 26 A-1251"}},{"type":"Feature","geometry":{"type":"Polygon","coordinates":[[[-101.49314506330485,32.524978884822964],[-101.49800170953374,32.523783075010535],[-101.49840848563431,32.524948399737845],[-101.49314506330485,32.524978884822964]]]},"properties":{"Surv_Name":null,"max_propensity_score":6.0,"top_operator":"LANGFORD & BRIGHAM OPE","owner_count":270.0,"ABSTRACT_L":"A-1660","field_name":"Unknown","Surv_Sect":"26","permit_count":0.0,"DESC_":"T&P RR CO","Block":"32 T32","pending_permit_count":0.0,"production_trend":null,"production_status":"none","pdp_well_count":0.0,"well_count":0.0,"STArea__":344568.712864,"ABSTRACT_N":"1660","new_permit_count":0.0,"CODE":"1660","pud_well_count":0.0,"legal_desc":"T&P RR CO A-1660"}},{"type":"Feature","geometry":{"type":"Polygon","coordinates":[[[-101.36652956511776,32.524421017573694],[-101.37442272874425,32.52261036948663],[-101.37497401852211,32.524435771478416],[-101.36652956511776,32.524421017573694]]]},"properties":{"Surv_Name":null,"max_propensity_score":2.0,"top_operator":"RP OPERATING, L.L.C.","owner_count":2.0,"ABSTRACT_L":"A-197","field_name":"Unknown","Surv_Sect":"37","permit_count":0.0,"DESC_":"T&P RR CO","Block":"31 T3N","pending_permit_count":0.0,"production_trend":null,"production_status":"none","pdp_well_count":0.0,"well_count":0.0,"STArea__":863750.422302,"ABSTRACT_N":"197","new_permit_count":0.0,"CODE":"197","pud_well_count":0.0,"legal_desc":"T3N BLK 31 SEC 37 A-197"}},{"type":"Feature","geometry":{"type":"Polygon","coordinates":[[[-101.430391018598,32.52477477150632],[-101.44514453960886,32.52128133628303],[-101.44619541145939,32.52482556066159],[-101.430391018598,32.52477477150632]]]},"properties":{"Surv_Name":"KENNEDY, L F","max_propensity_score":0.0,"top_operator":"","owner_count":0.0,"ABSTRACT_L":"A-1286","field_name":"Unknown","Surv_Sect":"32","permit_count":0.0,"DESC_":"T&P RR CO","Block":"31 T3N","pending_permit_count":0.0,"production_trend":null,"production_status":"none","pdp_well_count":0.0,"well_count":0.0,"STArea__":3137431.09313,"ABSTRACT_N":"1286","new_permit_count":0.0,"CODE":"1286","pud_well_count":0.0,"legal_desc":"T3N BLK 31 SEC 32 A-1286"}},{"type":"Feature","geometry":{"type":"Polygon","coordinates":[[[-101.49936606797856,32.523444607399064],[-101.51476405102754,32.51985327852859],[-101.51642914161356,32.52491004461663],[-101.49840848563431,32.524948399737845],[-101.49800170953374,32.523783075010535],[-101.49936606797856,32.523444607399064]]]},"properties":{"Surv_Name":null,"max_propensity_score":0.0,"top_operator":"","owner_count":0.0,"ABSTRACT_L":"A-288","field_name":"Unknown","Surv_Sect":"27","permit_count":0.0,"DESC_":"T&P RR CO","Block":"32 T3N","pending_permit_count":0.0,"production_trend":null,"production_status":"pdp","pdp_well_count":4.0,"well_count":4.0,"STArea__":6314909.26841,"ABSTRACT_N":"288","new_permit_count":0.0,"CODE":"288","pud_well_count":0.0,"legal_desc":"T3N BLK 32 SEC 27 A-288"}},{"type":"Feature","geometry":{"type":"Polygon","coordinates":[[[-101.44514453960886,32.52128133628303],[-101.46060486718724,32.517618360934556],[-101.46276708782456,32.52487318097218],[-101.44619541145939,32.52482556066159],[-101.44514453960886,32.52128133628303]]]},"properties":{"Surv_Name":null,"max_propensity_score":0.0,"top_operator":"","owner_count":0.0,"ABSTRACT_L":"A-195","field_name":"Unknown","Surv_Sect":"31","permit_count":0.0,"DESC_":"T&P RR CO","Block":"31 T3N","pending_permit_count":0.0,"production_trend":null,"production_status":"none","pdp_well_count":0.0,"well_count":0.0,"STArea__":10022570.6804,"ABSTRACT_N":"195","new_permit_count":0.0,"CODE":"195","pud_well_count":0.0,"legal_desc":"T3N BLK 31 SEC 31 A-195"}},{"type":"Feature","geometry":{"type":"Polygon","coordinates":[[[-101.3909674093052,32.51881324169228],[-101.40727238272545,32.51507008209246],[-101.41050481464944,32.524660819816084],[-101.39286066588026,32.524593667206176],[-101.3909674093052,32.51881324169228]]]},"properties":{"Surv_Name":null,"max_propensity_score":8.0,"top_operator":"SURGE OPERATING, LLC","owner_count":50.0,"ABSTRACT_L":"A-198","field_name":"Unknown","Surv_Sect":"39","permit_count":0.0,"DESC_":"T&P RR CO","Block":"31 T3N","pending_permit_count":0.0,"production_trend":null,"production_status":"pdp","pdp_well_count":2.0,"well_count":2.0,"STArea__":15156920.8815,"ABSTRACT_N":"198","new_permit_count":0.0,"CODE":"198","pud_well_count":0.0,"legal_desc":"T3N BLK 31 SEC 39 A-198"}},{"type":"Feature","geometry":{"type":"Polygon","coordinates":[[[-101.47735884910776,32.51364636694624],[-101.47811182199223,32.5134677920803],[-101.48188028669044,32.524935890279515],[-101.46276708782456,32.52487318097218],[-101.46060486718724,32.517618360934556],[-101.47735884910776,32.51364636694624]]]},"properties":{"Surv_Name":"MILLER, W H","max_propensity_score":8.0,"top_operator":"SURGE OPERATING, LLC","owner_count":339.0,"ABSTRACT_L":"A-1297","field_name":"Unknown","Surv_Sect":"36","permit_count":0.0,"DESC_":"T&P RR CO","Block":"32 T3N","pending_permit_count":0.0,"production_trend":null,"production_status":"pdp","pdp_well_count":3.0,"well_count":3.0,"STArea__":19900245.0982,"ABSTRACT_N":"1297","new_permit_count":0.0,"CODE":"1297","pud_well_count":0.0,"legal_desc":"T3N BLK 32 SEC 36 A-1297"}},{"type":"Feature","geometry":{"type":"Polygon","coordinates":[[[-101.34428369202102,32.52435100805742],[-101.34433386494024,32.51394098891915],[-101.36160918780038,32.51433620608555],[-101.36134247980134,32.524394047747755],[-101.34428369202102,32.52435100805742]]]},"properties":{"Surv_Name":"GRAY, A R","max_propensity_score":0.0,"top_operator":"","owner_count":0.0,"ABSTRACT_L":"A-1281","field_name":"Unknown","Surv_Sect":"16","permit_count":0.0,"DESC_":"H&TC RR CO","Block":"27","pending_permit_count":0.0,"production_trend":null,"production_status":"pdp","pdp_well_count":25.0,"well_count":25.0,"STArea__":19704361.5627,"ABSTRACT_N":"1281","new_permit_count":0.0,"CODE":"1281","pud_well_count":0.0,"legal_desc":"GRAY, A R A-1281"}},{"type":"Feature","geometry":{"type":"Polygon","coordinates":[[[-101.32722788358183,32.52431785303334],[-101.32751410103043,32.5134688734888],[-101.34433386494024,32.51394098891915],[-101.34428369202102,32.52435100805742],[-101.32722788358183,32.52431785303334]]]},"properties":{"Surv_Name":null,"max_propensity_score":6.0,"top_operator":"SURGE OPERATING, LLC","owner_count":252.0,"ABSTRACT_L":"A-756","field_name":"Unknown","Surv_Sect":"15","permit_count":0.0,"DESC_":"H&TC RR CO","Block":"27","pending_permit_count":0.0,"production_trend":null,"production_status":"pdp","pdp_well_count":26.0,"well_count":26.0,"STArea__":20193504.0019,"ABSTRACT_N":"756","new_permit_count":0.0,"CODE":"756","pud_well_count":0.0,"legal_desc":"H&TC RR CO A-756"}},{"type":"Feature","geometry":{"type":"Polygon","coordinates":[[[-101.31011297185279,32.52426080015228],[-101.31046035384777,32.51314988919338],[-101.32751410103043,32.5134688734888],[-101.32722788358183,32.52431785303334],[-101.31011297185279,32.52426080015228]]]},"properties":{"Surv_Name":"SPEIRS, N E","max_propensity_score":0.0,"top_operator":"","owner_count":0.0,"ABSTRACT_L":"A-1359","field_name":"Unknown","Surv_Sect":"36","permit_count":0.0,"DESC_":"H&TC RR CO","Block":"25","pending_permit_count":0.0,"production_trend":null,"production_status":"pdp","pdp_well_count":12.0,"well_count":12.0,"STArea__":21041500.3385,"ABSTRACT_N":"1359","new_permit_count":0.0,"CODE":"1359","pud_well_count":0.0,"legal_desc":"SPEIRS, N E A-1359"}},{"type":"Feature","geometry":{"type":"Polygon","coordinates":[[[-101.29297517169825,32.52420383989381],[-101.29350380490143,32.51269090688734],[-101.31046035384777,32.51314988919338],[-101.31011297185279,32.52426080015228],[-101.29297517169825,32.52420383989381]]]},"properties":{"Surv_Name":null,"max_propensity_score":0.0,"top_operator":"","owner_count":0.0,"ABSTRACT_L":"A-755","field_name":"Unknown","Surv_Sect":"35","permit_count":0.0,"DESC_":"H&TC RR CO","Block":"25","pending_permit_count":0.0,"production_trend":null,"production_status":"pdp","pdp_well_count":6.0,"well_count":6.0,"STArea__":21636402.6518,"ABSTRACT_N":"755","new_permit_count":0.0,"CODE":"755","pud_well_count":0.0,"legal_desc":"H&TC RR CO A-755"}},{"type":"Feature","geometry":{"type":"Polygon","coordinates":[[[-101.40727238272545,32.51507008209246],[-101.42408823715967,32.51127723169584],[-101.42800516482717,32.52476711643023],[-101.41050481464944,32.524660819816084],[-101.40727238272545,32.51507008209246]]]},"properties":{"Surv_Name":"KENNEDY, L F","max_propensity_score":8.0,"top_operator":"LANGFORD & BRIGHAM OPE","owner_count":203.0,"ABSTRACT_L":"A-1288","field_name":"Unknown","Surv_Sect":"40","permit_count":0.0,"DESC_":"T&P RR CO","Block":"31 T3N","pending_permit_count":0.0,"production_trend":null,"production_status":"pdp","pdp_well_count":1.0,"well_count":1.0,"STArea__":22942567.4107,"ABSTRACT_N":"1288","new_permit_count":0.0,"CODE":"1288","pud_well_count":0.0,"legal_desc":"T3N BLK 31 SEC 40 A-1288"}},{"type":"Feature","geometry":{"type":"Polygon","coordinates":[[[-101.27596494202076,32.524161866573],[-101.27646713726683,32.51226465869475],[-101.29350380490143,32.51269090688734],[-101.29297517169825,32.52420383989381],[-101.27596494202076,32.524161866573]]]},"properties":{"Surv_Name":"SAWYER, M B","max_propensity_score":8.0,"top_operator":"HIGHPEAK ENERGY HOLDIN","owner_count":165.0,"ABSTRACT_L":"A-1087","field_name":"Unknown","Surv_Sect":"34","permit_count":0.0,"DESC_":"H&TC RR CO","Block":"25","pending_permit_count":0.0,"production_trend":null,"production_status":"pdp","pdp_well_count":6.0,"well_count":6.0,"STArea__":22357715.6604,"ABSTRACT_N":"1087","new_permit_count":0.0,"CODE":"1087","pud_well_count":0.0,"legal_desc":"SAWYER, M B A-1087"}},{"type":"Feature","geometry":{"type":"Polygon","coordinates":[[[-101.25892994173212,32.524119006356536],[-101.25923095603764,32.51183417248146],[-101.27646713726683,32.51226465869475],[-101.27596494202076,32.524161866573],[-101.25892994173212,32.524119006356536]]]},"properties":{"Surv_Name":null,"max_propensity_score":5.0,"top_operator":"HIGHPEAK ENERGY HOLDIN","owner_count":17.0,"ABSTRACT_L":"A-750","field_name":"Unknown","Surv_Sect":"33","permit_count":0.0,"DESC_":"H&TC RR CO","Block":"25","pending_permit_count":0.0,"production_trend":null,"production_status":"pdp","pdp_well_count":3.0,"well_count":3.0,"STArea__":23243700.5441,"ABSTRACT_N":"750","new_permit_count":0.0,"CODE":"750","pud_well_count":0.0,"legal_desc":"H&TC RR CO A-750"}},{"type":"Feature","geometry":{"type":"Polygon","coordinates":[[[-101.47811182199223,32.5134677920803],[-101.49484108161751,32.50952388179381],[-101.49936606797856,32.523444607399064],[-101.49800170953374,32.523783075010535],[-101.49314506330485,32.524978884822964],[-101.48188028669044,32.524935890279515],[-101.47811182199223,32.5134677920803]]]},"properties":{"Surv_Name":null,"max_propensity_score":0.0,"top_operator":"","owner_count":0.0,"ABSTRACT_L":"A-292","field_name":"Unknown","Surv_Sect":"35","permit_count":0.0,"DESC_":"T&P RR CO","Block":"32 T3N","pending_permit_count":0.0,"production_trend":null,"production_status":"pdp","pdp_well_count":18.0,"well_count":18.0,"STArea__":26600551.7651,"ABSTRACT_N":"292","new_permit_count":0.0,"CODE":"292","pud_well_count":0.0,"legal_desc":"T3N BLK 32 SEC 35 A-292"}},{"type":"Feature","geometry":{"type":"Polygon","coordinates":[[[-101.36171776099903,32.51024112121631],[-101.37011116637707,32.50833147130355],[-101.37442272874425,32.52261036948663],[-101.36652956511776,32.524421017573694],[-101.36134247980134,32.524394047747755],[-101.36160918780038,32.51433620608555],[-101.36171776099903,32.51024112121631]]]},"properties":{"Surv_Name":"WILSON, G Y","max_propensity_score":7.0,"top_operator":"HIGHPEAK ENERGY HOLDIN","owner_count":101.0,"ABSTRACT_L":"A-1217","field_name":"Unknown","Surv_Sect":"48","permit_count":0.0,"DESC_":"T&P RR CO","Block":"31 T3N","pending_permit_count":0.0,"production_trend":null,"production_status":"pdp","pdp_well_count":11.0,"well_count":11.0,"STArea__":18061785.8762,"ABSTRACT_N":"1217","new_permit_count":0.0,"CODE":"1217","pud_well_count":0.0,"legal_desc":"T3N BLK 31 SEC 48 A-1217"}},{"type":"Feature","geometry":{"type":"Polygon","coordinates":[[[-101.42408823715967,32.51127723169584],[-101.44099505481552,32.507283734777275],[-101.44514453960886,32.52128133628303],[-101.430391018598,32.52477477150632],[-101.42800516482717,32.52476711643023],[-101.42408823715967,32.51127723169584]]]},"properties":{"Surv_Name":null,"max_propensity_score":8.0,"top_operator":"LANGFORD & BRIGHAM OPE","owner_count":956.0,"ABSTRACT_L":"A-199","field_name":"Unknown","Surv_Sect":"41","permit_count":0.0,"DESC_":"T&P RR CO","Block":"31 T3N","pending_permit_count":0.0,"production_trend":null,"production_status":"pdp","pdp_well_count":1.0,"well_count":1.0,"STArea__":28400783.6175,"ABSTRACT_N":"199","new_permit_count":0.0,"CODE":"199","pud_well_count":0.0,"legal_desc":"T3N BLK 31 SEC 41 A-199"}},{"type":"Feature","geometry":{"type":"Polygon","coordinates":[[[-101.37011116637707,32.50833147130355],[-101.38683084370037,32.504525509015714],[-101.3909674093052,32.51881324169228],[-101.38263150810415,32.520726709529654],[-101.37442272874425,32.52261036948663],[-101.37011116637707,32.50833147130355]]]},"properties":{"Surv_Name":null,"max_propensity_score":4.0,"top_operator":"SURGE OPERATING, LLC","owner_count":26.0,"ABSTRACT_L":"A-202","field_name":"Unknown","Surv_Sect":"47","permit_count":0.0,"DESC_":"T&P RR CO","Block":"31 T3N","pending_permit_count":0.0,"production_trend":null,"production_status":"pdp","pdp_well_count":9.0,"well_count":9.0,"STArea__":28441387.2702,"ABSTRACT_N":"202","new_permit_count":0.0,"CODE":"202","pud_well_count":0.0,"legal_desc":"T3N BLK 31 SEC 47 A-202"}},{"type":"Feature","geometry":{"type":"Polygon","coordinates":[[[-101.44099505481552,32.507283734777275],[-101.45643791886086,32.50363370465991],[-101.46060486718724,32.517618360934556],[-101.44514453960886,32.52128133628303],[-101.44099505481552,32.507283734777275]]]},"properties":{"Surv_Name":"KENNEDY, L F","max_propensity_score":8.0,"top_operator":"LANGFORD & BRIGHAM OPE","owner_count":251.0,"ABSTRACT_L":"A-1287","field_name":"Unknown","Surv_Sect":"42","permit_count":0.0,"DESC_":"T&P RR CO","Block":"31 T3N","pending_permit_count":0.0,"production_trend":null,"production_status":"pdp","pdp_well_count":7.0,"well_count":7.0,"STArea__":25948715.7092,"ABSTRACT_N":"1287","new_permit_count":0.0,"CODE":"1287","pud_well_count":0.0,"legal_desc":"T3N BLK 31 SEC 42 A-1287"}},{"type":"Feature","geometry":{"type":"Polygon","coordinates":[[[-101.38683084370037,32.504525509015714],[-101.40349733509444,32.50072908523532],[-101.40727238272545,32.51507008209246],[-101.3909674093052,32.51881324169228],[-101.38683084370037,32.504525509015714]]]},"properties":{"Surv_Name":"WILSON, G Y","max_propensity_score":8.0,"top_operator":"SURGE OPERATING, LLC","owner_count":50.0,"ABSTRACT_L":"A-1216","field_name":"Unknown","Surv_Sect":"46","permit_count":0.0,"DESC_":"T&P RR CO","Block":"31 T3N","pending_permit_count":0.0,"production_trend":null,"production_status":"pdp","pdp_well_count":9.0,"well_count":9.0,"STArea__":28136967.2323,"ABSTRACT_N":"1216","new_permit_count":0.0,"CODE":"1216","pud_well_count":0.0,"legal_desc":"T3N BLK 31 SEC 46 A-1216"}},{"type":"Feature","geometry":{"type":"Polygon","coordinates":[[[-101.24199908600448,32.52398178876289],[-101.24217913802664,32.51156003628349],[-101.24230740389132,32.511563270001496],[-101.2507738331162,32.511776444220786],[-101.25923095603764,32.51183417248146],[-101.25892994173212,32.524119006356536],[-101.25870273770877,32.52411718007483],[-101.2496829767964,32.524044349938755],[-101.24199908600448,32.52398178876289]]]},"properties":{"Surv_Name":"SHAFER, J A","max_propensity_score":0.0,"top_operator":"","owner_count":0.0,"ABSTRACT_L":"A-1356","field_name":"Unknown","Surv_Sect":"32","permit_count":0.0,"DESC_":"H&TC RR CO","Block":"25","pending_permit_count":0.0,"production_trend":null,"production_status":"pdp","pdp_well_count":1.0,"well_count":1.0,"STArea__":23468262.132,"ABSTRACT_N":"1356","new_permit_count":0.0,"CODE":"1356","pud_well_count":0.0,"legal_desc":"SHAFER, J A A-1356"}},{"type":"Feature","geometry":{"type":"Polygon","coordinates":[[[-101.22518081967064,32.518422119304965],[-101.22545003378904,32.511137532772466],[-101.22753836345797,32.51122189939136],[-101.23374226124692,32.51134702080747],[-101.23390460663583,32.51135112550501],[-101.24217913802664,32.51156003628349],[-101.24199908600448,32.52398178876289],[-101.24186927485528,32.523981823544325],[-101.22500501792898,32.52398577101349],[-101.22518081967064,32.518422119304965]]]},"properties":{"Surv_Name":null,"max_propensity_score":8.0,"top_operator":"HIGHPEAK ENERGY HOLDIN","owner_count":89.0,"ABSTRACT_L":"A-749","field_name":"Unknown","Surv_Sect":"31","permit_count":0.0,"DESC_":"H&TC RR CO","Block":"25","pending_permit_count":0.0,"production_trend":null,"production_status":"pdp","pdp_well_count":9.0,"well_count":9.0,"STArea__":23895250.1891,"ABSTRACT_N":"749","new_permit_count":0.0,"CODE":"749","pud_well_count":0.0,"legal_desc":"H&TC RR CO A-749"}},{"type":"Feature","geometry":{"type":"Polygon","coordinates":[[[-101.2078550177201,32.52403477081227],[-101.20811451025821,32.51064085555905],[-101.20834993309325,32.51064858066356],[-101.20835172671669,32.51064863980496],[-101.21019128074333,32.51070898681148],[-101.21751956400121,32.510949119520745],[-101.22501724528087,32.511194353628774],[-101.22545003378904,32.511137532772466],[-101.22518081967064,32.518422119304965],[-101.22500501792898,32.52398577101349],[-101.2078550177201,32.52403477081227]]]},"properties":{"Surv_Name":"MARSHALL, J C A","max_propensity_score":10.0,"top_operator":"HIGHPEAK ENERGY HOLDIN","owner_count":226.0,"ABSTRACT_L":"A-1381","field_name":"Unknown","Surv_Sect":"68","permit_count":0.0,"DESC_":"LN CO","Block":"20","pending_permit_count":0.0,"production_trend":null,"production_status":"pdp","pdp_well_count":3.0,"well_count":3.0,"STArea__":25299574.555,"ABSTRACT_N":"1381","new_permit_count":0.0,"CODE":"1381","pud_well_count":0.0,"legal_desc":"MARSHALL, J C A A-1381"}},{"type":"Feature","geometry":{"type":"Polygon","coordinates":[[[-101.1913080181629,32.52408177073696],[-101.19139300739077,32.51019032420943],[-101.20811451025821,32.51064085555905],[-101.2078550177201,32.52403477081227],[-101.1913080181629,32.52408177073696]]]},"properties":{"Surv_Name":null,"max_propensity_score":10.0,"top_operator":"HIGHPEAK ENERGY HOLDIN","owner_count":223.0,"ABSTRACT_L":"A-1561","field_name":"Unknown","Surv_Sect":"67","permit_count":0.0,"DESC_":"LN CO","Block":"20","pending_permit_count":0.0,"production_trend":null,"production_status":"pdp","pdp_well_count":9.0,"well_count":9.0,"STArea__":25451756.7106,"ABSTRACT_N":"1561","new_permit_count":0.0,"CODE":"1561","pud_well_count":0.0,"legal_desc":"LN CO A-1561"}},{"type":"Feature","geometry":{"type":"Polygon","coordinates":[[[-101.17456301740252,32.52412177132579],[-101.1745810180018,32.50960377150416],[-101.19139300739077,32.51019032420943],[-101.1913080181629,32.52408177073696],[-101.17456301740252,32.52412177132579]]]},"properties":{"Surv_Name":"CUPP, J W","max_propensity_score":0.0,"top_operator":"","owner_count":0.0,"ABSTRACT_L":"A-1558","field_name":"Unknown","Surv_Sect":"66","permit_count":0.0,"DESC_":"LN CO","Block":"20","pending_permit_count":0.0,"production_trend":null,"production_status":"pdp","pdp_well_count":11.0,"well_count":11.0,"STArea__":26727656.1286,"ABSTRACT_N":"1558","new_permit_count":0.0,"CODE":"1558","pud_well_count":0.0,"legal_desc":"CUPP, J W A-1558"}},{"type":"Feature","geometry":{"type":"Polygon","coordinates":[[[-101.6731269345468,32.50055758892068],[-101.68874796348884,32.49718702465562],[-101.68868318263189,32.51218272103886],[-101.67771542315329,32.51454335653653],[-101.6731269345468,32.50055758892068]]]},"properties":{"Surv_Name":"BENNETT, T B","max_propensity_score":7.0,"top_operator":"SMC OIL & GAS, INC.","owner_count":105.0,"ABSTRACT_L":"A-1390","field_name":"Unknown","Surv_Sect":"24","permit_count":0.0,"DESC_":"T&P RR CO","Block":"34 T3N","pending_permit_count":0.0,"production_trend":null,"production_status":"pdp","pdp_well_count":17.0,"well_count":17.0,"STArea__":22332363.577,"ABSTRACT_N":"1390","new_permit_count":0.0,"CODE":"1390","pud_well_count":0.0,"legal_desc":"T3N BLK 34 SEC 24 A-1390"}},{"type":"Feature","geometry":{"type":"Polygon","coordinates":[[[-101.66849631007099,32.48667922803032],[-101.68522394078248,32.482961984516336],[-101.68880751218066,32.49386698249962],[-101.68874796348884,32.49718702465562],[-101.6731269345468,32.50055758892068],[-101.67290914617742,32.49989927154323],[-101.66849631007099,32.48667922803032]]]},"properties":{"Surv_Name":null,"max_propensity_score":8.0,"top_operator":"APACHE CORPORATION","owner_count":412.0,"ABSTRACT_L":"A-531","field_name":"Unknown","Surv_Sect":"25","permit_count":0.0,"DESC_":"T&P RR CO","Block":"34 T3N","pending_permit_count":0.0,"production_trend":null,"production_status":"pdp","pdp_well_count":36.0,"well_count":36.0,"STArea__":27816448.1757,"ABSTRACT_N":"531","new_permit_count":0.0,"CODE":"531","pud_well_count":0.0,"legal_desc":"T3N BLK 34 SEC 25 A-531"}},{"type":"Feature","geometry":{"type":"Polygon","coordinates":[[[-101.65077672783002,32.4902831355363],[-101.66849631007099,32.48667922803032],[-101.67290914617742,32.49989927154323],[-101.6731269345468,32.50055758892068],[-101.65662307373972,32.50402285726176],[-101.65524211004666,32.504303547207655],[-101.65517045621932,32.50409092953213],[-101.65077672783002,32.4902831355363]]]},"properties":{"Surv_Name":"ALLEN, C T","max_propensity_score":7.0,"top_operator":"DIAMONDBACK E&P LLC","owner_count":99.0,"ABSTRACT_L":"A-1234","field_name":"Unknown","Surv_Sect":"30","permit_count":0.0,"DESC_":"T&P RR CO","Block":"33 T3N","pending_permit_count":0.0,"production_trend":null,"production_status":"pdp","pdp_well_count":38.0,"well_count":38.0,"STArea__":29741452.7957,"ABSTRACT_N":"1234","new_permit_count":0.0,"CODE":"1234","pud_well_count":0.0,"legal_desc":"T3N BLK 33 SEC 30 A-1234"}},{"type":"Feature","geometry":{"type":"Polygon","coordinates":[[[-101.63393265479867,32.493701372382226],[-101.65077672783002,32.4902831355363],[-101.65517045621932,32.50409092953213],[-101.65524211004666,32.504303547207655],[-101.63854354380243,32.50769628199239],[-101.63393265479867,32.493701372382226]]]},"properties":{"Surv_Name":null,"max_propensity_score":7.0,"top_operator":"APACHE CORPORATION","owner_count":108.0,"ABSTRACT_L":"A-348","field_name":"Unknown","Surv_Sect":"29","permit_count":0.0,"DESC_":"T&P RR CO","Block":"33 T3N","pending_permit_count":0.0,"production_trend":null,"production_status":"pdp","pdp_well_count":14.0,"well_count":14.0,"STArea__":28079660.0172,"ABSTRACT_N":"348","new_permit_count":0.0,"CODE":"348","pud_well_count":0.0,"legal_desc":"T3N BLK 33 SEC 29 A-348"}},{"type":"Feature","geometry":{"type":"Polygon","coordinates":[[[-101.61726572985008,32.49704963141773],[-101.63393265479867,32.493701372382226],[-101.63854354380243,32.50769628199239],[-101.62187162125218,32.51107935368253],[-101.62058503045866,32.51134197245889],[-101.61602814165298,32.4971824114778],[-101.61726572985008,32.49704963141773]]]},"properties":{"Surv_Name":"ALLEN, C T","max_propensity_score":8.0,"top_operator":"APACHE CORPORATION","owner_count":179.0,"ABSTRACT_L":"A-1237","field_name":"Unknown","Surv_Sect":"28","permit_count":0.0,"DESC_":"T&P RR CO","Block":"33 T3N","pending_permit_count":0.0,"production_trend":null,"production_status":"pdp","pdp_well_count":8.0,"well_count":8.0,"STArea__":30033196.0424,"ABSTRACT_N":"1237","new_permit_count":0.0,"CODE":"1237","pud_well_count":0.0,"legal_desc":"T3N BLK 33 SEC 28 A-1237"}},{"type":"Feature","geometry":{"type":"Polygon","coordinates":[[[-101.59933997229663,32.500528379676446],[-101.61602814165298,32.4971824114778],[-101.62058503045866,32.51134197245889],[-101.60414269256493,32.514658608457076],[-101.59933997229663,32.500528379676446]]]},"properties":{"Surv_Name":null,"max_propensity_score":7.0,"top_operator":"VITAL ENERGY, INC.","owner_count":151.0,"ABSTRACT_L":"A-347","field_name":"Unknown","Surv_Sect":"27","permit_count":0.0,"DESC_":"T&P RR CO","Block":"33 T3N","pending_permit_count":0.0,"production_trend":null,"production_status":"pdp","pdp_well_count":11.0,"well_count":11.0,"STArea__":28026962.771,"ABSTRACT_N":"347","new_permit_count":0.0,"CODE":"347","pud_well_count":0.0,"legal_desc":"T3N BLK 33 SEC 27 A-347"}},{"type":"Feature","geometry":{"type":"Polygon","coordinates":[[[-101.61159597801482,32.483264701823124],[-101.6128336561732,32.48302067947252],[-101.61726572985008,32.49704963141773],[-101.61602814165298,32.4971824114778],[-101.59933997229663,32.500528379676446],[-101.59471699544905,32.48659122026427],[-101.61159597801482,32.483264701823124]]]},"properties":{"Surv_Name":"ALLEN, C T","max_propensity_score":6.0,"top_operator":"SURGE OPERATING, LLC","owner_count":52.0,"ABSTRACT_L":"A-1235","field_name":"Unknown","Surv_Sect":"34","permit_count":0.0,"DESC_":"T&P RR CO","Block":"33 T3N","pending_permit_count":0.0,"production_trend":null,"production_status":"pdp","pdp_well_count":8.0,"well_count":8.0,"STArea__":29947546.4907,"ABSTRACT_N":"1235","new_permit_count":0.0,"CODE":"1235","pud_well_count":0.0,"legal_desc":"T3N BLK 33 SEC 34 A-1235"}},{"type":"Feature","geometry":{"type":"Polygon","coordinates":[[[-101.58519897700616,32.48859877069887],[-101.59471699544905,32.48659122026427],[-101.59933997229663,32.500528379676446],[-101.58159536486718,32.504083425222795],[-101.57728243187252,32.49018263849673],[-101.57811707603179,32.49001569124962],[-101.58519897700616,32.48859877069887]]]},"properties":{"Surv_Name":null,"max_propensity_score":7.0,"top_operator":"HOG OPERATING LLC","owner_count":282.0,"ABSTRACT_L":"A-351","field_name":"Unknown","Surv_Sect":"35","permit_count":0.0,"DESC_":"T&P RR CO","Block":"33 T3N","pending_permit_count":0.0,"production_trend":null,"production_status":"pdp","pdp_well_count":15.0,"well_count":15.0,"STArea__":29206283.4263,"ABSTRACT_N":"351","new_permit_count":0.0,"CODE":"351","pud_well_count":0.0,"legal_desc":"T3N BLK 33 SEC 35 A-351"}},{"type":"Feature","geometry":{"type":"Polygon","coordinates":[[[-101.56044786736263,32.49358673461418],[-101.57728243187252,32.49018263849673],[-101.58159536486718,32.504083425222795],[-101.56489815284822,32.50751207609685],[-101.56433483449821,32.5057409509372],[-101.56360019232281,32.50342950081374],[-101.56044786736263,32.49358673461418]]]},"properties":{"Surv_Name":"NIVENS, W W","max_propensity_score":9.0,"top_operator":"SURGE OPERATING, LLC","owner_count":115.0,"ABSTRACT_L":"A-1315","field_name":"Unknown","Surv_Sect":"36","permit_count":0.0,"DESC_":"T&P RR CO","Block":"33 T3N","pending_permit_count":0.0,"production_trend":null,"production_status":"pdp","pdp_well_count":16.0,"well_count":16.0,"STArea__":27836599.4161,"ABSTRACT_N":"1315","new_permit_count":0.0,"CODE":"1315","pud_well_count":0.0,"legal_desc":"T3N BLK 33 SEC 36 A-1315"}},{"type":"Feature","geometry":{"type":"Polygon","coordinates":[[[-101.5589101025317,32.49397845228298],[-101.56044786736263,32.49358673461418],[-101.56360019232281,32.50342950081374],[-101.56433483449821,32.5057409509372],[-101.56489777481879,32.50751219822077],[-101.56022706156041,32.50864686781121],[-101.5599776151633,32.50870748630833],[-101.55670394808406,32.509502637226845],[-101.54838289267,32.51162535902753],[-101.54394460379977,32.49748891132047],[-101.5589101025317,32.49397845228298]]]},"properties":{"Surv_Name":null,"max_propensity_score":9.0,"top_operator":"SURGE OPERATING, LLC","owner_count":610.0,"ABSTRACT_L":"A-290","field_name":"Unknown","Surv_Sect":"31","permit_count":0.0,"DESC_":"T&P RR CO","Block":"32 T3N","pending_permit_count":0.0,"production_trend":null,"production_status":"pdp","pdp_well_count":3.0,"well_count":3.0,"STArea__":27909823.7055,"ABSTRACT_N":"290","new_permit_count":0.0,"CODE":"290","pud_well_count":0.0,"legal_desc":"T3N BLK 32 SEC 31 A-290"}},{"type":"Feature","geometry":{"type":"Polygon","coordinates":[[[-101.527665939178,32.50150328442479],[-101.54394460379977,32.49748891132047],[-101.54838289267,32.51162535902753],[-101.54746910884431,32.511851832466725],[-101.53231421192615,32.51556826356042],[-101.527665939178,32.50150328442479]]]},"properties":{"Surv_Name":"NIVENS, W W","max_propensity_score":7.0,"top_operator":"VITAL ENERGY, INC.","owner_count":116.0,"ABSTRACT_L":"A-1316","field_name":"Unknown","Surv_Sect":"32","permit_count":0.0,"DESC_":"T&P RR CO","Block":"32 T3N","pending_permit_count":0.0,"production_trend":null,"production_status":"pdp","pdp_well_count":24.0,"well_count":24.0,"STArea__":27606240.7692,"ABSTRACT_N":"1316","new_permit_count":0.0,"CODE":"1316","pud_well_count":0.0,"legal_desc":"T3N BLK 32 SEC 32 A-1316"}},{"type":"Feature","geometry":{"type":"Polygon","coordinates":[[[-101.53183535963488,32.48540073748911],[-101.53920551634393,32.48358967915294],[-101.54394460379977,32.49748891132047],[-101.527665939178,32.50150328442479],[-101.52305454851832,32.487539519779986],[-101.52388673732544,32.48733778678593],[-101.53183535963488,32.48540073748911]]]},"properties":{"Surv_Name":null,"max_propensity_score":9.0,"top_operator":"VITAL ENERGY, INC.","owner_count":462.0,"ABSTRACT_L":"A-295","field_name":"Unknown","Surv_Sect":"41","permit_count":0.0,"DESC_":"T&P RR CO","Block":"32 T3N","pending_permit_count":0.0,"production_trend":null,"production_status":"pdp","pdp_well_count":13.0,"well_count":13.0,"STArea__":27418639.395,"ABSTRACT_N":"295","new_permit_count":0.0,"CODE":"295","pud_well_count":0.0,"legal_desc":"T3N BLK 32 SEC 41 A-295"}},{"type":"Feature","geometry":{"type":"Polygon","coordinates":[[[-101.50716651507749,32.49143637900901],[-101.52305454851832,32.487539519779986],[-101.527665939178,32.50150328442479],[-101.51133360931395,32.50552837946846],[-101.50658614803925,32.49157936825549],[-101.50716651507749,32.49143637900901]]]},"properties":{"Surv_Name":"NIVENS, W W","max_propensity_score":8.0,"top_operator":"VITAL ENERGY, INC.","owner_count":443.0,"ABSTRACT_L":"A-1314","field_name":"Unknown","Surv_Sect":"40","permit_count":0.0,"DESC_":"T&P RR CO","Block":"32 T3N","pending_permit_count":0.0,"production_trend":null,"production_status":"pdp","pdp_well_count":13.0,"well_count":13.0,"STArea__":27790044.9473,"ABSTRACT_N":"1314","new_permit_count":0.0,"CODE":"1314","pud_well_count":0.0,"legal_desc":"T3N BLK 32 SEC 40 A-1314"}},{"type":"Feature","geometry":{"type":"Polygon","coordinates":[[[-101.6128336561732,32.48302067947252],[-101.62944115405061,32.47962391340535],[-101.63393265479867,32.493701372382226],[-101.61726572985008,32.49704963141773],[-101.6128336561732,32.48302067947252]]]},"properties":{"Surv_Name":null,"max_propensity_score":7.0,"top_operator":"APACHE CORPORATION","owner_count":144.0,"ABSTRACT_L":"A-350","field_name":"Unknown","Surv_Sect":"33","permit_count":0.0,"DESC_":"T&P RR CO","Block":"33 T3N","pending_permit_count":0.0,"production_trend":null,"production_status":"pdp","pdp_well_count":9.0,"well_count":9.0,"STArea__":27914714.8202,"ABSTRACT_N":"350","new_permit_count":0.0,"CODE":"350","pud_well_count":0.0,"legal_desc":"T3N BLK 33 SEC 33 A-350"}},{"type":"Feature","geometry":{"type":"Polygon","coordinates":[[[-101.54014318564407,32.483358763001554],[-101.55610935598091,32.47951755957566],[-101.56044786736263,32.49358673461418],[-101.5589101025317,32.49397845228298],[-101.54394460379977,32.49748891132047],[-101.53920551634393,32.48358967915294],[-101.54014318564407,32.483358763001554]]]},"properties":{"Surv_Name":"BOYDSTON, J N","max_propensity_score":0.0,"top_operator":"","owner_count":0.0,"ABSTRACT_L":"A-1253","field_name":"Unknown","Surv_Sect":"42","permit_count":0.0,"DESC_":"T&P RR CO","Block":"32 T3N","pending_permit_count":0.0,"production_trend":null,"production_status":"pdp","pdp_well_count":7.0,"well_count":7.0,"STArea__":28262761.2127,"ABSTRACT_N":"1253","new_permit_count":0.0,"CODE":"1253","pud_well_count":0.0,"legal_desc":"T3N BLK 32 SEC 42 A-1253"}},{"type":"Feature","geometry":{"type":"Polygon","coordinates":[[[-101.68522394078248,32.482961984516336],[-101.6889850132972,32.48211876792828],[-101.68880751218066,32.49386698249962],[-101.68522394078248,32.482961984516336]]]},"properties":{"Surv_Name":"JOYNER, Z T","max_propensity_score":0.0,"top_operator":"","owner_count":0.0,"ABSTRACT_L":"A-1409","field_name":"Unknown","Surv_Sect":"26","permit_count":0.0,"DESC_":"T&P RR CO","Block":"34 T3N","pending_permit_count":0.0,"production_trend":null,"production_status":"pdp","pdp_well_count":3.0,"well_count":3.0,"STArea__":2469992.73449,"ABSTRACT_N":"1409","new_permit_count":0.0,"CODE":"1409","pud_well_count":0.0,"legal_desc":"T3N BLK 34 SEC 26 A-1409"}},{"type":"Feature","geometry":{"type":"Polygon","coordinates":[[[-101.64593839174108,32.47624724110091],[-101.64622184018904,32.47620217440323],[-101.64639663321154,32.47666042638555],[-101.65077672783002,32.4902831355363],[-101.63393265479867,32.493701372382226],[-101.62944115405061,32.47962391340535],[-101.64593839174108,32.47624724110091]]]},"properties":{"Surv_Name":"BOYDSTON, J N","max_propensity_score":7.0,"top_operator":"APACHE CORPORATION","owner_count":32.0,"ABSTRACT_L":"A-1252","field_name":"Unknown","Surv_Sect":"32","permit_count":0.0,"DESC_":"T&P RR CO","Block":"33 T3N","pending_permit_count":0.0,"production_trend":null,"production_status":"pdp","pdp_well_count":11.0,"well_count":11.0,"STArea__":28321290.6332,"ABSTRACT_N":"1252","new_permit_count":0.0,"CODE":"1252","pud_well_count":0.0,"legal_desc":"T3N BLK 33 SEC 32 A-1252"}},{"type":"Feature","geometry":{"type":"Polygon","coordinates":[[[-101.55610935598091,32.47951755957566],[-101.57281475953967,32.47609681680563],[-101.57598430494433,32.486304604208264],[-101.57728243187252,32.49018263849673],[-101.56044786736263,32.49358673461418],[-101.55610935598091,32.47951755957566]]]},"properties":{"Surv_Name":null,"max_propensity_score":0.0,"top_operator":"","owner_count":0.0,"ABSTRACT_L":"A-352","field_name":"Unknown","Surv_Sect":"37","permit_count":0.0,"DESC_":"T&P RR CO","Block":"33 T3N","pending_permit_count":0.0,"production_trend":null,"production_status":"pdp","pdp_well_count":9.0,"well_count":9.0,"STArea__":28114636.2578,"ABSTRACT_N":"352","new_permit_count":0.0,"CODE":"352","pud_well_count":0.0,"legal_desc":"T3N BLK 33 SEC 37 A-352"}},{"type":"Feature","geometry":{"type":"Polygon","coordinates":[[[-101.49054050701814,32.495499210237256],[-101.48604316359453,32.481299058872644],[-101.4863879089242,32.48133165282725],[-101.50262675271173,32.477336820347595],[-101.50716651507749,32.49143637900901],[-101.50658614803925,32.49157936825549],[-101.49054050701814,32.495499210237256]]]},"properties":{"Surv_Name":"SIMPSON, W M","max_propensity_score":9.0,"top_operator":"VITAL ENERGY, INC.","owner_count":761.0,"ABSTRACT_L":"A-1357","field_name":"Unknown","Surv_Sect":"46","permit_count":0.0,"DESC_":"T&P RR CO","Block":"32 T3N","pending_permit_count":0.0,"production_trend":null,"production_status":"pdp","pdp_well_count":11.0,"well_count":11.0,"STArea__":28284277.8417,"ABSTRACT_N":"1357","new_permit_count":0.0,"CODE":"1357","pud_well_count":0.0,"legal_desc":"T3N BLK 32 SEC 46 A-1357"}},{"type":"Feature","geometry":{"type":"Polygon","coordinates":[[[-101.64665826350259,32.47613384214162],[-101.66378250830635,32.47253913249334],[-101.66849631007099,32.48667922803032],[-101.65077672783002,32.4902831355363],[-101.64639663321154,32.47666042638555],[-101.64622184018904,32.47620217440323],[-101.64665826350259,32.47613384214162]]]},"properties":{"Surv_Name":null,"max_propensity_score":8.0,"top_operator":"APACHE CORPORATION","owner_count":321.0,"ABSTRACT_L":"A-349","field_name":"Unknown","Surv_Sect":"31","permit_count":0.0,"DESC_":"T&P RR CO","Block":"33 T3N","pending_permit_count":0.0,"production_trend":null,"production_status":"pdp","pdp_well_count":15.0,"well_count":15.0,"STArea__":29769063.8319,"ABSTRACT_N":"349","new_permit_count":0.0,"CODE":"349","pud_well_count":0.0,"legal_desc":"T3N BLK 33 SEC 31 A-349"}},{"type":"Feature","geometry":{"type":"Polygon","coordinates":[[[-101.51102350112392,32.47526877239379],[-101.51916694229568,32.47330235956899],[-101.52388673732544,32.48733778678593],[-101.52305454851832,32.487539519779986],[-101.50716651507749,32.49143637900901],[-101.50262675271173,32.477336820347595],[-101.51102350112392,32.47526877239379]]]},"properties":{"Surv_Name":null,"max_propensity_score":10.0,"top_operator":"VITAL ENERGY, INC.","owner_count":2999.0,"ABSTRACT_L":"A-297","field_name":"Unknown","Surv_Sect":"45","permit_count":0.0,"DESC_":"T&P RR CO","Block":"32 T3N","pending_permit_count":0.0,"production_trend":null,"production_status":"pdp","pdp_well_count":3.0,"well_count":3.0,"STArea__":28372826.8245,"ABSTRACT_N":"297","new_permit_count":0.0,"CODE":"297","pud_well_count":0.0,"legal_desc":"T3N BLK 32 SEC 45 A-297"}},{"type":"Feature","geometry":{"type":"Polygon","coordinates":[[[-101.57342099055043,32.47597534932329],[-101.59018091291266,32.47261240320839],[-101.59471699544905,32.48659122026427],[-101.58519897700616,32.48859877069887],[-101.57811707603179,32.49001569124962],[-101.57728243187252,32.49018263849673],[-101.57598430494433,32.486304604208264],[-101.57281475953967,32.47609681680563],[-101.57342099055043,32.47597534932329]]]},"properties":{"Surv_Name":"PARR, C W","max_propensity_score":8.0,"top_operator":"SURGE OPERATING, LLC","owner_count":135.0,"ABSTRACT_L":"A-1007","field_name":"Unknown","Surv_Sect":"38","permit_count":0.0,"DESC_":"T&P RR CO","Block":"33 T3N","pending_permit_count":0.0,"production_trend":null,"production_status":"pdp","pdp_well_count":7.0,"well_count":7.0,"STArea__":29277061.5511,"ABSTRACT_N":"1007","new_permit_count":0.0,"CODE":"1007","pud_well_count":0.0,"legal_desc":"T3N BLK 33 SEC 38 A-1007"}},{"type":"Feature","geometry":{"type":"Polygon","coordinates":[[[-101.66378250830635,32.47253913249334],[-101.68083680231959,32.46878180313316],[-101.68522394078248,32.482961984516336],[-101.66849631007099,32.48667922803032],[-101.66378250830635,32.47253913249334]]]},"properties":{"Surv_Name":"JOYNER, Z T","max_propensity_score":7.0,"top_operator":"DIAMONDBACK E&P LLC","owner_count":92.0,"ABSTRACT_L":"A-1410","field_name":"Unknown","Surv_Sect":"36","permit_count":0.0,"DESC_":"T&P RR CO","Block":"34 T3N","pending_permit_count":0.0,"production_trend":null,"production_status":"pdp","pdp_well_count":19.0,"well_count":19.0,"STArea__":28740506.1432,"ABSTRACT_N":"1410","new_permit_count":0.0,"CODE":"1410","pud_well_count":0.0,"legal_desc":"T3N BLK 34 SEC 36 A-1410"}},{"type":"Feature","geometry":{"type":"Polygon","coordinates":[[[-101.59018091291266,32.47261240320839],[-101.6069167590275,32.46924800108894],[-101.6115363122412,32.48311127218268],[-101.61159597801482,32.483264701823124],[-101.59471699544905,32.48659122026427],[-101.59018091291266,32.47261240320839]]]},"properties":{"Surv_Name":null,"max_propensity_score":8.0,"top_operator":"SURGE OPERATING, LLC","owner_count":938.0,"ABSTRACT_L":"A-353","field_name":"Unknown","Surv_Sect":"39","permit_count":0.0,"DESC_":"T&P RR CO","Block":"33 T3N","pending_permit_count":0.0,"production_trend":null,"production_status":"pdp","pdp_well_count":2.0,"well_count":2.0,"STArea__":28116346.0905,"ABSTRACT_N":"353","new_permit_count":0.0,"CODE":"353","pud_well_count":0.0,"legal_desc":"T3N BLK 33 SEC 39 A-353"}},{"type":"Feature","geometry":{"type":"Polygon","coordinates":[[[-101.68083680231959,32.46878180313316],[-101.6892133415915,32.46691496020259],[-101.6889850132972,32.48211876792828],[-101.68522394078248,32.482961984516336],[-101.68083680231959,32.46878180313316]]]},"properties":{"Surv_Name":null,"max_propensity_score":10.0,"top_operator":"SM ENERGY COMPANY","owner_count":595.0,"ABSTRACT_L":"A-502","field_name":"Unknown","Surv_Sect":"35","permit_count":0.0,"DESC_":"T&P RR CO","Block":"34 T3N","pending_permit_count":0.0,"production_trend":null,"production_status":"pdp","pdp_well_count":2.0,"well_count":2.0,"STArea__":10319545.103,"ABSTRACT_N":"502","new_permit_count":0.0,"CODE":"502","pud_well_count":0.0,"legal_desc":"T3N BLK 34 SEC 35 A-502"}},{"type":"Feature","geometry":{"type":"Polygon","coordinates":[[[-101.60814251675326,32.46900147893452],[-101.62485004456546,32.465639947341366],[-101.62944115405061,32.47962391340535],[-101.6128336561732,32.48302067947252],[-101.61159597801482,32.483264701823124],[-101.6115363122412,32.48311127218268],[-101.6069167590275,32.46924800108894],[-101.60814251675326,32.46900147893452]]]},"properties":{"Surv_Name":"BOYDSTON, J N","max_propensity_score":0.0,"top_operator":"","owner_count":0.0,"ABSTRACT_L":"A-1250","field_name":"Unknown","Surv_Sect":"40","permit_count":0.0,"DESC_":"T&P RR CO","Block":"33 T3N","pending_permit_count":0.0,"production_trend":null,"production_status":"pdp","pdp_well_count":17.0,"well_count":17.0,"STArea__":29998588.3549,"ABSTRACT_N":"1250","new_permit_count":0.0,"CODE":"1250","pud_well_count":0.0,"legal_desc":"T3N BLK 33 SEC 40 A-1250"}},{"type":"Feature","geometry":{"type":"Polygon","coordinates":[[[-101.62485004456546,32.465639947341366],[-101.64169309464256,32.4621849459359],[-101.64587994065354,32.47543204229888],[-101.64622184018904,32.47620217440323],[-101.64593839174108,32.47624724110091],[-101.62944115405061,32.47962391340535],[-101.62485004456546,32.465639947341366]]]},"properties":{"Surv_Name":null,"max_propensity_score":7.0,"top_operator":"APACHE CORPORATION","owner_count":64.0,"ABSTRACT_L":"A-354","field_name":"Unknown","Surv_Sect":"41","permit_count":0.0,"DESC_":"T&P RR CO","Block":"33 T3N","pending_permit_count":0.0,"production_trend":null,"production_status":"pdp","pdp_well_count":26.0,"well_count":26.0,"STArea__":28082004.9151,"ABSTRACT_N":"354","new_permit_count":0.0,"CODE":"354","pud_well_count":0.0,"legal_desc":"T3N BLK 33 SEC 41 A-354"}},{"type":"Feature","geometry":{"type":"Polygon","coordinates":[[[-101.64169309464256,32.4621849459359],[-101.65923858072098,32.45866895103124],[-101.66378250830635,32.47253913249334],[-101.64665826350259,32.47613384214162],[-101.64622184018904,32.47620217440323],[-101.64587994065354,32.47543204229888],[-101.64169309464256,32.4621849459359]]]},"properties":{"Surv_Name":"ALLEN, C T","max_propensity_score":6.0,"top_operator":"DIAMONDBACK E&P LLC","owner_count":55.0,"ABSTRACT_L":"A-1236","field_name":"Unknown","Surv_Sect":"42","permit_count":0.0,"DESC_":"T&P RR CO","Block":"33 T3N","pending_permit_count":0.0,"production_trend":null,"production_status":"pdp","pdp_well_count":25.0,"well_count":25.0,"STArea__":29383898.611,"ABSTRACT_N":"1236","new_permit_count":0.0,"CODE":"1236","pud_well_count":0.0,"legal_desc":"T3N BLK 33 SEC 42 A-1236"}},{"type":"Feature","geometry":{"type":"Polygon","coordinates":[[[-101.4901732167862,32.465094961605686],[-101.49818913346265,32.46315400716109],[-101.50045437153949,32.47038085232719],[-101.50262675271173,32.477336820347595],[-101.4863879089242,32.48133165282725],[-101.48604316359453,32.481299058872644],[-101.48179782450221,32.467324481566266],[-101.4901732167862,32.465094961605686]]]},"properties":{"Surv_Name":null,"max_propensity_score":9.0,"top_operator":"VITAL ENERGY, INC.","owner_count":130.0,"ABSTRACT_L":"A-264","field_name":"Unknown","Surv_Sect":"3","permit_count":0.0,"DESC_":"T&P RR CO","Block":"32 T2N","pending_permit_count":0.0,"production_trend":null,"production_status":"pdp","pdp_well_count":9.0,"well_count":9.0,"STArea__":28224421.6298,"ABSTRACT_N":"264","new_permit_count":0.0,"CODE":"264","pud_well_count":0.0,"legal_desc":"T2N BLK 32 SEC 3 A-264"}},{"type":"Feature","geometry":{"type":"Polygon","coordinates":[[[-101.66766023975882,32.4567791107602],[-101.6762036279331,32.45489061748831],[-101.68083680231959,32.46878180313316],[-101.66378250830635,32.47253913249334],[-101.65923858072098,32.45866895103124],[-101.66766023975882,32.4567791107602]]]},"properties":{"Surv_Name":null,"max_propensity_score":7.0,"top_operator":"DIAMONDBACK E&P LLC","owner_count":21.0,"ABSTRACT_L":"A-403","field_name":"Unknown","Surv_Sect":"37","permit_count":0.0,"DESC_":"T&P RR CO","Block":"34 T3N","pending_permit_count":0.0,"production_trend":null,"production_status":"pdp","pdp_well_count":23.0,"well_count":23.0,"STArea__":28445843.6799,"ABSTRACT_N":"403","new_permit_count":0.0,"CODE":"403","pud_well_count":0.0,"legal_desc":"T3N BLK 34 SEC 37 A-403"}},{"type":"Feature","geometry":{"type":"Polygon","coordinates":[[[-101.51495780927127,32.45909954787651],[-101.53136482039423,32.45513827712608],[-101.53575848635184,32.46929404377966],[-101.53543619018104,32.469371931581975],[-101.52713433057643,32.47137785764155],[-101.51916694229568,32.47330235956899],[-101.51495780927127,32.45909954787651]]]},"properties":{"Surv_Name":null,"max_propensity_score":0.0,"top_operator":"","owner_count":0.0,"ABSTRACT_L":"A-265","field_name":"Unknown","Surv_Sect":"5","permit_count":0.0,"DESC_":"T&P RR CO","Block":"32 T2N","pending_permit_count":0.0,"production_trend":null,"production_status":"pdp","pdp_well_count":12.0,"well_count":12.0,"STArea__":28173031.0921,"ABSTRACT_N":"265","new_permit_count":0.0,"CODE":"265","pud_well_count":0.0,"legal_desc":"T2N BLK 32 SEC 5 A-265"}},{"type":"Feature","geometry":{"type":"Polygon","coordinates":[[[-101.6762036279331,32.45489061748831],[-101.68943985391918,32.451963462895975],[-101.6892133415915,32.46691496020259],[-101.68083680231959,32.46878180313316],[-101.6762036279331,32.45489061748831]]]},"properties":{"Surv_Name":"JOYNER, Z T","max_propensity_score":7.0,"top_operator":"DIAMONDBACK E&P LLC","owner_count":44.0,"ABSTRACT_L":"A-1411","field_name":"Unknown","Surv_Sect":"38","permit_count":0.0,"DESC_":"T&P RR CO","Block":"34 T3N","pending_permit_count":0.0,"production_trend":null,"production_status":"pdp","pdp_well_count":14.0,"well_count":14.0,"STArea__":18079594.1675,"ABSTRACT_N":"1411","new_permit_count":0.0,"CODE":"1411","pud_well_count":0.0,"legal_desc":"T3N BLK 34 SEC 38 A-1411"}},{"type":"Feature","geometry":{"type":"Polygon","coordinates":[[[-101.60351061996647,32.45492286999779],[-101.62033219352615,32.4515001428364],[-101.62485004456546,32.465639947341366],[-101.60814251675326,32.46900147893452],[-101.60351061996647,32.45492286999779]]]},"properties":{"Surv_Name":null,"max_propensity_score":7.0,"top_operator":"SURGE OPERATING, LLC","owner_count":118.0,"ABSTRACT_L":"A-356","field_name":"Unknown","Surv_Sect":"45","permit_count":0.0,"DESC_":"T&P RR CO","Block":"33 T3N","pending_permit_count":0.0,"production_trend":null,"production_status":"pdp","pdp_well_count":6.0,"well_count":6.0,"STArea__":28282541.5416,"ABSTRACT_N":"356","new_permit_count":0.0,"CODE":"356","pud_well_count":0.0,"legal_desc":"T3N BLK 33 SEC 45 A-356"}},{"type":"Feature","geometry":{"type":"Polygon","coordinates":[[[-101.62033219352615,32.4515001428364],[-101.63799577556307,32.44792843093981],[-101.64169309464256,32.4621849459359],[-101.62485004456546,32.465639947341366],[-101.62033219352615,32.4515001428364]]]},"properties":{"Surv_Name":"AKIN, E T","max_propensity_score":7.0,"top_operator":"SURGE OPERATING, LLC","owner_count":155.0,"ABSTRACT_L":"A-1224","field_name":"Unknown","Surv_Sect":"34","permit_count":0.0,"DESC_":"T&P RR CO","Block":"33 T3N","pending_permit_count":0.0,"production_trend":null,"production_status":"pdp","pdp_well_count":21.0,"well_count":21.0,"STArea__":29107690.5396,"ABSTRACT_N":"1224","new_permit_count":0.0,"CODE":"1224","pud_well_count":0.0,"legal_desc":"T3N BLK 33 SEC 34 A-1224"}},{"type":"Feature","geometry":{"type":"Polygon","coordinates":[[[-101.56555470584945,32.4482226287144],[-101.58254888353156,32.44475742047229],[-101.58591965848423,32.45842232762797],[-101.58573700628746,32.45845924542514],[-101.57785027050431,32.46003688931688],[-101.571920353331,32.461409083713434],[-101.56946381693835,32.461977435394424],[-101.56916106166847,32.46202984222969],[-101.56914193859474,32.46203315255061],[-101.56907757467818,32.46182471971092],[-101.56698030791985,32.45520874028087],[-101.56482527631358,32.448382954308926],[-101.56555470584945,32.4482226287144]]]},"properties":{"Surv_Name":"ANDREWS, R W","max_propensity_score":5.0,"top_operator":"PIONEER NATURAL RES. U","owner_count":153.0,"ABSTRACT_L":"A-1232","field_name":"Unknown","Surv_Sect":"2","permit_count":0.0,"DESC_":"T&P RR CO","Block":"33 T2N","pending_permit_count":0.0,"production_trend":null,"production_status":"pdp","pdp_well_count":27.0,"well_count":27.0,"STArea__":27906033.9517,"ABSTRACT_N":"1232","new_permit_count":0.0,"CODE":"1232","pud_well_count":0.0,"legal_desc":"T2N BLK 33 SEC 2 A-1232"}},{"type":"Feature","geometry":{"type":"Polygon","coordinates":[[[-101.59123364176774,32.442985545268854],[-101.59935650634584,32.44132769342568],[-101.60351061996647,32.45492286999779],[-101.58591965848423,32.45842232762797],[-101.58254888353156,32.44475742047229],[-101.59123364176774,32.442985545268854]]]},"properties":{"Surv_Name":null,"max_propensity_score":3.0,"top_operator":"SURGE OPERATING, LLC","owner_count":9.0,"ABSTRACT_L":"A-319","field_name":"Unknown","Surv_Sect":"3","permit_count":0.0,"DESC_":"T&P RR CO","Block":"33 T2N","pending_permit_count":0.0,"production_trend":null,"production_status":"pdp","pdp_well_count":6.0,"well_count":6.0,"STArea__":27770691.6367,"ABSTRACT_N":"319","new_permit_count":0.0,"CODE":"319","pud_well_count":0.0,"legal_desc":"T2N BLK 33 SEC 3 A-319"}},{"type":"Feature","geometry":{"type":"Polygon","coordinates":[[[-101.51073611597332,32.44529585480802],[-101.52710383378412,32.44140108031083],[-101.53136482039423,32.45513827712608],[-101.51495780927127,32.45909954787651],[-101.5113781549545,32.447395419050636],[-101.51073611597332,32.44529585480802]]]},"properties":{"Surv_Name":"NIVENS, W W","max_propensity_score":7.0,"top_operator":"OVINTIV USA INC.","owner_count":73.0,"ABSTRACT_L":"A-1005","field_name":"Unknown","Surv_Sect":"8","permit_count":0.0,"DESC_":"T&P RR CO","Block":"32 T2N","pending_permit_count":0.0,"production_trend":null,"production_status":"pdp","pdp_well_count":2.0,"well_count":2.0,"STArea__":27193634.4967,"ABSTRACT_N":"1005","new_permit_count":0.0,"CODE":"1005","pud_well_count":0.0,"legal_desc":"T2N BLK 32 SEC 8 A-1005"}},{"type":"Feature","geometry":{"type":"Polygon","coordinates":[[[-101.60052881117976,32.44098543476769],[-101.61663427494808,32.4374939259755],[-101.62033219352615,32.4515001428364],[-101.60351061996647,32.45492286999779],[-101.59935650634584,32.44132769342568],[-101.60052881117976,32.44098543476769]]]},"properties":{"Surv_Name":"SCOTT, C R","max_propensity_score":7.0,"top_operator":"SURGE OPERATING, LLC","owner_count":115.0,"ABSTRACT_L":"A-1086","field_name":"Unknown","Surv_Sect":"4","permit_count":0.0,"DESC_":"T&P RR CO","Block":"33 T2N","pending_permit_count":0.0,"production_trend":null,"production_status":"pdp","pdp_well_count":26.0,"well_count":26.0,"STArea__":28084868.6146,"ABSTRACT_N":"1086","new_permit_count":0.0,"CODE":"1086","pud_well_count":0.0,"legal_desc":"T2N BLK 33 SEC 4 A-1086"}},{"type":"Feature","geometry":{"type":"Polygon","coordinates":[[[-101.61663427494808,32.4374939259755],[-101.63352952063428,32.4339975391081],[-101.63578860771848,32.44111034040254],[-101.63799577556307,32.44792843093981],[-101.62033219352615,32.4515001428364],[-101.61663427494808,32.4374939259755]]]},"properties":{"Surv_Name":null,"max_propensity_score":0.0,"top_operator":"","owner_count":0.0,"ABSTRACT_L":"A-320","field_name":"Unknown","Surv_Sect":"5","permit_count":0.0,"DESC_":"T&P RR CO","Block":"33 T2N","pending_permit_count":0.0,"production_trend":null,"production_status":"pdp","pdp_well_count":22.0,"well_count":22.0,"STArea__":28691563.3911,"ABSTRACT_N":"320","new_permit_count":0.0,"CODE":"320","pud_well_count":0.0,"legal_desc":"T2N BLK 33 SEC 5 A-320"}},{"type":"Feature","geometry":{"type":"Polygon","coordinates":[[[-101.5611130784024,32.43436963348373],[-101.57825676408791,32.43089966309707],[-101.58254888353156,32.44475742047229],[-101.56555470584945,32.4482226287144],[-101.5611130784024,32.43436963348373]]]},"properties":{"Surv_Name":null,"max_propensity_score":8.0,"top_operator":"SURGE OPERATING, LLC","owner_count":362.0,"ABSTRACT_L":"A-323","field_name":"Unknown","Surv_Sect":"11","permit_count":0.0,"DESC_":"T&P RR CO","Block":"33 T2N","pending_permit_count":0.0,"production_trend":null,"production_status":"pdp","pdp_well_count":4.0,"well_count":4.0,"STArea__":28242656.4643,"ABSTRACT_N":"323","new_permit_count":0.0,"CODE":"323","pud_well_count":0.0,"legal_desc":"T2N BLK 33 SEC 11 A-323"}},{"type":"Feature","geometry":{"type":"Polygon","coordinates":[[[-101.59602002555667,32.42720602307287],[-101.61260339671583,32.42351629239225],[-101.61271355323562,32.42386412668795],[-101.61241243825377,32.4245257074832],[-101.61663427494808,32.4374939259755],[-101.60052881117976,32.44098543476769],[-101.59602002555667,32.42720602307287]]]},"properties":{"Surv_Name":null,"max_propensity_score":5.0,"top_operator":"DIAMONDBACK E&P LLC","owner_count":69.0,"ABSTRACT_L":"A-322","field_name":"Unknown","Surv_Sect":"9","permit_count":0.0,"DESC_":"T&P RR CO","Block":"33 T2N","pending_permit_count":0.0,"production_trend":null,"production_status":"pdp","pdp_well_count":15.0,"well_count":15.0,"STArea__":26813682.9187,"ABSTRACT_N":"322","new_permit_count":0.0,"CODE":"322","pud_well_count":0.0,"legal_desc":"T2N BLK 33 SEC 9 A-322"}},{"type":"Feature","geometry":{"type":"Polygon","coordinates":[[[-101.5023414071936,32.41721723194273],[-101.51852295599315,32.41332230110506],[-101.522774649223,32.42723719025005],[-101.50666040775057,32.43132769179566],[-101.5028627146005,32.41892062406465],[-101.5023414071936,32.41721723194273]]]},"properties":{"Surv_Name":"BEAL, H S","max_propensity_score":8.0,"top_operator":"SURGE OPERATING, LLC","owner_count":55.0,"ABSTRACT_L":"A-1242","field_name":"Unknown","Surv_Sect":"20","permit_count":0.0,"DESC_":"T&P RR CO","Block":"32 T2N","pending_permit_count":0.0,"production_trend":null,"production_status":"pdp","pdp_well_count":2.0,"well_count":2.0,"STArea__":27321635.5869,"ABSTRACT_N":"1242","new_permit_count":0.0,"CODE":"1242","pud_well_count":0.0,"legal_desc":"T2N BLK 32 SEC 20 A-1242"}},{"type":"Feature","geometry":{"type":"Polygon","coordinates":[[[-101.49484108161751,32.50952388179381],[-101.49021606186031,32.49550015634883],[-101.49054050701814,32.495499210237256],[-101.50658614803925,32.49157936825549],[-101.51133360931395,32.50552837946846],[-101.51114427638149,32.50557638758165],[-101.49484108161751,32.50952388179381]]]},"properties":{"Surv_Name":null,"max_propensity_score":10.0,"top_operator":"VITAL ENERGY, INC.","owner_count":940.0,"ABSTRACT_L":"A-294","field_name":"Unknown","Surv_Sect":"39","permit_count":0.0,"DESC_":"T&P RR CO","Block":"32 T3N","pending_permit_count":0.0,"production_trend":null,"production_status":"pdp","pdp_well_count":20.0,"well_count":20.0,"STArea__":27787401.1906,"ABSTRACT_N":"294","new_permit_count":0.0,"CODE":"294","pud_well_count":0.0,"legal_desc":"T3N BLK 32 SEC 39 A-294"}},{"type":"Feature","geometry":{"type":"Polygon","coordinates":[[[-101.47393354150863,32.49949580437623],[-101.49021606186031,32.49550015634883],[-101.49484108161751,32.50952388179381],[-101.47811182199223,32.5134677920803],[-101.47735884910776,32.51364636694624],[-101.47292688521608,32.499733966883475],[-101.47393354150863,32.49949580437623]]]},"properties":{"Surv_Name":"MC WHORTER, S","max_propensity_score":0.0,"top_operator":"","owner_count":0.0,"ABSTRACT_L":"A-1413","field_name":"Unknown","Surv_Sect":"38","permit_count":0.0,"DESC_":"T&P RR CO","Block":"32 T3N","pending_permit_count":0.0,"production_trend":null,"production_status":"pdp","pdp_well_count":16.0,"well_count":16.0,"STArea__":29348626.2992,"ABSTRACT_N":"1413","new_permit_count":0.0,"CODE":"1413","pud_well_count":0.0,"legal_desc":"T3N BLK 32 SEC 38 A-1413"}},{"type":"Feature","geometry":{"type":"Polygon","coordinates":[[[-101.45643791886086,32.50363370465991],[-101.47292688521608,32.499733966883475],[-101.47735884910776,32.51364636694624],[-101.46060486718724,32.517618360934556],[-101.45643791886086,32.50363370465991]]]},"properties":{"Surv_Name":null,"max_propensity_score":8.0,"top_operator":"LANGFORD & BRIGHAM OPE","owner_count":394.0,"ABSTRACT_L":"A-293","field_name":"Unknown","Surv_Sect":"37","permit_count":0.0,"DESC_":"T&P RR CO","Block":"32 T3N","pending_permit_count":0.0,"production_trend":null,"production_status":"pdp","pdp_well_count":1.0,"well_count":1.0,"STArea__":27898658.5861,"ABSTRACT_N":"293","new_permit_count":0.0,"CODE":"293","pud_well_count":0.0,"legal_desc":"T3N BLK 32 SEC 37 A-293"}},{"type":"Feature","geometry":{"type":"Polygon","coordinates":[[[-101.45334572435414,32.48925629055833],[-101.46963665376346,32.48539589904566],[-101.47393354150863,32.49949580437623],[-101.47292688521608,32.499733966883475],[-101.45643791886086,32.50363370465991],[-101.45334572435414,32.48925629055833]]]},"properties":{"Surv_Name":"SMITH, MRS G B","max_propensity_score":0.0,"top_operator":"","owner_count":0.0,"ABSTRACT_L":"A-1424","field_name":"Unknown","Surv_Sect":"48","permit_count":0.0,"DESC_":"T&P RR CO","Block":"32 T3N","pending_permit_count":0.0,"production_trend":null,"production_status":"pdp","pdp_well_count":13.0,"well_count":13.0,"STArea__":28637298.7481,"ABSTRACT_N":"1424","new_permit_count":0.0,"CODE":"1424","pud_well_count":0.0,"legal_desc":"T3N BLK 32 SEC 48 A-1424"}},{"type":"Feature","geometry":{"type":"Polygon","coordinates":[[[-101.45309443904716,32.48931581713295],[-101.45334572435414,32.48925629055833],[-101.45643791886086,32.50363370465991],[-101.44099505481552,32.507283734777275],[-101.436812939181,32.49317146205705],[-101.45309443904716,32.48931581713295]]]},"properties":{"Surv_Name":null,"max_propensity_score":8.0,"top_operator":"LANGFORD & BRIGHAM OPE","owner_count":824.0,"ABSTRACT_L":"A-200","field_name":"Unknown","Surv_Sect":"43","permit_count":0.0,"DESC_":"T&P RR CO","Block":"31 T3N","pending_permit_count":0.0,"production_trend":null,"production_status":"pdp","pdp_well_count":4.0,"well_count":4.0,"STArea__":27087015.8871,"ABSTRACT_N":"200","new_permit_count":0.0,"CODE":"200","pud_well_count":0.0,"legal_desc":"T3N BLK 31 SEC 43 A-200"}},{"type":"Feature","geometry":{"type":"Polygon","coordinates":[[[-101.41998293796965,32.49713407637157],[-101.436812939181,32.49317146205705],[-101.44099505481552,32.507283734777275],[-101.42408823715967,32.51127723169584],[-101.41998293796965,32.49713407637157]]]},"properties":{"Surv_Name":"SMITH, G B","max_propensity_score":0.0,"top_operator":"","owner_count":0.0,"ABSTRACT_L":"A-1205","field_name":"Unknown","Surv_Sect":"44","permit_count":0.0,"DESC_":"T&P RR CO","Block":"31 T2N","pending_permit_count":0.0,"production_trend":null,"production_status":"pdp","pdp_well_count":14.0,"well_count":14.0,"STArea__":28576838.9998,"ABSTRACT_N":"1205","new_permit_count":0.0,"CODE":"1205","pud_well_count":0.0,"legal_desc":"T2N BLK 31 SEC 44 A-1205"}},{"type":"Feature","geometry":{"type":"Polygon","coordinates":[[[-101.40349733509444,32.50072908523532],[-101.41998293796965,32.49713407637157],[-101.42408823715967,32.51127723169584],[-101.40727238272545,32.51507008209246],[-101.40349733509444,32.50072908523532]]]},"properties":{"Surv_Name":null,"max_propensity_score":0.0,"top_operator":"","owner_count":0.0,"ABSTRACT_L":"A-201","field_name":"Unknown","Surv_Sect":"45","permit_count":0.0,"DESC_":"T&P RR CO","Block":"31 T3N","pending_permit_count":0.0,"production_trend":null,"production_status":"pdp","pdp_well_count":15.0,"well_count":15.0,"STArea__":28227911.7104,"ABSTRACT_N":"201","new_permit_count":0.0,"CODE":"201","pud_well_count":0.0,"legal_desc":"T3N BLK 31 SEC 45 A-201"}},{"type":"Feature","geometry":{"type":"Polygon","coordinates":[[[-101.47393354150863,32.49949580437623],[-101.46963665376346,32.48539589904566],[-101.48604316359453,32.481299058872644],[-101.49054050701814,32.495499210237256],[-101.49021606186031,32.49550015634883],[-101.47393354150863,32.49949580437623]]]},"properties":{"Surv_Name":null,"max_propensity_score":9.0,"top_operator":"VITAL ENERGY, INC.","owner_count":595.0,"ABSTRACT_L":"A-298","field_name":"Unknown","Surv_Sect":"47","permit_count":0.0,"DESC_":"T&P RR CO","Block":"32 T3N","pending_permit_count":0.0,"production_trend":null,"production_status":"pdp","pdp_well_count":16.0,"well_count":16.0,"STArea__":28123875.0127,"ABSTRACT_N":"298","new_permit_count":0.0,"CODE":"298","pud_well_count":0.0,"legal_desc":"T3N BLK 32 SEC 47 A-298"}},{"type":"Feature","geometry":{"type":"Polygon","coordinates":[[[-101.40349733509444,32.50072908523532],[-101.39934213278505,32.48647059211425],[-101.39955413452682,32.48651090230247],[-101.41590355804742,32.48296148068866],[-101.41998293796965,32.49713407637157],[-101.40349733509444,32.50072908523532]]]},"properties":{"Surv_Name":"SMITH, G B","max_propensity_score":6.0,"top_operator":"SM ENERGY COMPANY","owner_count":52.0,"ABSTRACT_L":"A-1204","field_name":"Unknown","Surv_Sect":"4","permit_count":0.0,"DESC_":"T&P RR CO","Block":"31 T2N","pending_permit_count":0.0,"production_trend":null,"production_status":"pdp","pdp_well_count":6.0,"well_count":6.0,"STArea__":27908730.4523,"ABSTRACT_N":"1204","new_permit_count":0.0,"CODE":"1204","pud_well_count":0.0,"legal_desc":"T2N BLK 31 SEC 4 A-1204"}},{"type":"Feature","geometry":{"type":"Polygon","coordinates":[[[-101.38309905451743,32.489916786041846],[-101.39934213278505,32.48647059211425],[-101.40349733509444,32.50072908523532],[-101.38683084370037,32.504525509015714],[-101.38265845651551,32.490181549402095],[-101.38261403449569,32.490020950495456],[-101.38309905451743,32.489916786041846]]]},"properties":{"Surv_Name":null,"max_propensity_score":0.0,"top_operator":"","owner_count":0.0,"ABSTRACT_L":"A-178","field_name":"Unknown","Surv_Sect":"3","permit_count":0.0,"DESC_":"T&P RR CO","Block":"31 T2N","pending_permit_count":0.0,"production_trend":null,"production_status":"pdp","pdp_well_count":9.0,"well_count":9.0,"STArea__":28662069.3711,"ABSTRACT_N":"178","new_permit_count":0.0,"CODE":"178","pud_well_count":0.0,"legal_desc":"T2N BLK 31 SEC 3 A-178"}},{"type":"Feature","geometry":{"type":"Polygon","coordinates":[[[-101.36568824897348,32.49367887916635],[-101.38261403449569,32.490020950495456],[-101.38265845651551,32.490181549402095],[-101.38683084370037,32.504525509015714],[-101.37011116637707,32.50833147130355],[-101.36568824897348,32.49367887916635]]]},"properties":{"Surv_Name":"WRIGHT, J W","max_propensity_score":0.0,"top_operator":"","owner_count":0.0,"ABSTRACT_L":"A-1222","field_name":"Unknown","Surv_Sect":"2","permit_count":0.0,"DESC_":"T&P RR CO","Block":"31 T2N","pending_permit_count":0.0,"production_trend":null,"production_status":"pdp","pdp_well_count":16.0,"well_count":16.0,"STArea__":29313666.7189,"ABSTRACT_N":"1222","new_permit_count":0.0,"CODE":"1222","pud_well_count":0.0,"legal_desc":"T2N BLK 31 SEC 2 A-1222"}},{"type":"Feature","geometry":{"type":"Polygon","coordinates":[[[-101.36245768378431,32.48490136005171],[-101.36251897880253,32.48317640442153],[-101.36260039385566,32.483446236220985],[-101.36306785275131,32.48499547102044],[-101.36568824897348,32.49367887916635],[-101.3688774099815,32.5042446865117],[-101.36893303011009,32.50442893524661],[-101.37011116637707,32.50833147130355],[-101.36171776099903,32.51024112121631],[-101.36199534584499,32.49976969923799],[-101.36245198182047,32.48506554363464],[-101.36245554118585,32.484949225679884],[-101.36245768378431,32.48490136005171]]]},"properties":{"Surv_Name":null,"max_propensity_score":4.0,"top_operator":"SURGE OPERATING, LLC","owner_count":60.0,"ABSTRACT_L":"A-176","field_name":"Unknown","Surv_Sect":"1","permit_count":0.0,"DESC_":"T&P RR CO","Block":"31 T2N","pending_permit_count":0.0,"production_trend":null,"production_status":"pdp","pdp_well_count":19.0,"well_count":19.0,"STArea__":12708430.4288,"ABSTRACT_N":"176","new_permit_count":0.0,"CODE":"176","pud_well_count":0.0,"legal_desc":"T2N BLK 31 SEC 1 A-176"}},{"type":"Feature","geometry":{"type":"Polygon","coordinates":[[[-101.34455136558444,32.506504688845034],[-101.3447885833325,32.499172590463836],[-101.34504470036339,32.49927273238947],[-101.36199018076903,32.499769441410905],[-101.36199534584499,32.49976969923799],[-101.36171776099903,32.51024112121631],[-101.36160918780038,32.51433620608555],[-101.34433386494024,32.51394098891915],[-101.34455136558444,32.506504688845034]]]},"properties":{"Surv_Name":null,"max_propensity_score":7.0,"top_operator":"SURGE OPERATING, LLC","owner_count":205.0,"ABSTRACT_L":"A-757","field_name":"Unknown","Surv_Sect":"17","permit_count":0.0,"DESC_":"H&TC RR CO","Block":"27","pending_permit_count":0.0,"production_trend":null,"production_status":"pdp","pdp_well_count":39.0,"well_count":39.0,"STArea__":28305698.334,"ABSTRACT_N":"757","new_permit_count":0.0,"CODE":"757","pud_well_count":0.0,"legal_desc":"H&TC RR CO A-757"}},{"type":"Feature","geometry":{"type":"Polygon","coordinates":[[[-101.31046035384777,32.51314988919338],[-101.31091775868597,32.4985157058379],[-101.32789976675315,32.49884620973362],[-101.32770803151055,32.50611651424555],[-101.32751410103043,32.5134688734888],[-101.31046035384777,32.51314988919338]]]},"properties":{"Surv_Name":null,"max_propensity_score":4.0,"top_operator":"SURGE OPERATING, LLC","owner_count":4.0,"ABSTRACT_L":"A-746","field_name":"Unknown","Surv_Sect":"25","permit_count":0.0,"DESC_":"H&TC RR CO","Block":"25","pending_permit_count":0.0,"production_trend":null,"production_status":"pdp","pdp_well_count":5.0,"well_count":5.0,"STArea__":27934753.4148,"ABSTRACT_N":"746","new_permit_count":0.0,"CODE":"746","pud_well_count":0.0,"legal_desc":"H&TC RR CO A-746"}},{"type":"Feature","geometry":{"type":"Polygon","coordinates":[[[-101.29350380490143,32.51269090688734],[-101.29385095194486,32.4980248061162],[-101.31091775868597,32.4985157058379],[-101.31046035384777,32.51314988919338],[-101.29350380490143,32.51269090688734]]]},"properties":{"Surv_Name":"SAWYER, M B","max_propensity_score":0.0,"top_operator":"","owner_count":0.0,"ABSTRACT_L":"A-1089","field_name":"Unknown","Surv_Sect":"26","permit_count":0.0,"DESC_":"H&TC RR CO","Block":"25","pending_permit_count":0.0,"production_trend":null,"production_status":"pdp","pdp_well_count":5.0,"well_count":5.0,"STArea__":27972219.3568,"ABSTRACT_N":"1089","new_permit_count":0.0,"CODE":"1089","pud_well_count":0.0,"legal_desc":"SAWYER, M B A-1089"}},{"type":"Feature","geometry":{"type":"Polygon","coordinates":[[[-101.27646713726683,32.51226465869475],[-101.27687772049003,32.497608239912374],[-101.29385095194486,32.4980248061162],[-101.29350380490143,32.51269090688734],[-101.27646713726683,32.51226465869475]]]},"properties":{"Surv_Name":null,"max_propensity_score":0.0,"top_operator":"","owner_count":0.0,"ABSTRACT_L":"A-747","field_name":"Unknown","Surv_Sect":"27","permit_count":0.0,"DESC_":"H&TC RR CO","Block":"25","pending_permit_count":0.0,"production_trend":null,"production_status":"pdp","pdp_well_count":13.0,"well_count":13.0,"STArea__":27978986.5384,"ABSTRACT_N":"747","new_permit_count":0.0,"CODE":"747","pud_well_count":0.0,"legal_desc":"H&TC RR CO A-747"}},{"type":"Feature","geometry":{"type":"Polygon","coordinates":[[[-101.26755438858528,32.51204235585733],[-101.26776558584189,32.50453077820881],[-101.26796615176268,32.49739613561351],[-101.27687772049003,32.497608239912374],[-101.27646713726683,32.51226465869475],[-101.26755438858528,32.51204235585733]]]},"properties":{"Surv_Name":"HALLER, H","max_propensity_score":0.0,"top_operator":"","owner_count":0.0,"ABSTRACT_L":"A-1682","field_name":"Unknown","Surv_Sect":"38","permit_count":0.0,"DESC_":"H&TC RR CO","Block":"25","pending_permit_count":0.0,"production_trend":null,"production_status":"pdp","pdp_well_count":6.0,"well_count":6.0,"STArea__":14654313.0153,"ABSTRACT_N":"1682","new_permit_count":0.0,"CODE":"1682","pud_well_count":0.0,"legal_desc":"HALLER, H A-1682"}},{"type":"Feature","geometry":{"type":"Polygon","coordinates":[[[-101.3447885833325,32.499172590463836],[-101.3453053491052,32.48462983673306],[-101.3457548041946,32.4846409887117],[-101.36022553257654,32.48487113593252],[-101.36245554118585,32.484949225679884],[-101.36245198182047,32.48506554363464],[-101.36199534584499,32.49976969923799],[-101.36199018076903,32.499769441410905],[-101.35333734078571,32.49951609805193],[-101.34911702249796,32.49939232570501],[-101.34504470036339,32.49927273238947],[-101.3447885833325,32.499172590463836]]]},"properties":{"Surv_Name":"RUTLEDGE, W V","max_propensity_score":10.0,"top_operator":"SURGE OPERATING, LLC","owner_count":1166.0,"ABSTRACT_L":"A-1351","field_name":"Unknown","Surv_Sect":"20","permit_count":0.0,"DESC_":"H&TC RR CO","Block":"27","pending_permit_count":0.0,"production_trend":null,"production_status":"pdp","pdp_well_count":50.0,"well_count":50.0,"STArea__":28434929.4857,"ABSTRACT_N":"1351","new_permit_count":0.0,"CODE":"1351","pud_well_count":0.0,"legal_desc":"RUTLEDGE, W V A-1351"}},{"type":"Feature","geometry":{"type":"Polygon","coordinates":[[[-101.32789976675315,32.49884620973362],[-101.32837548724531,32.48419959384353],[-101.3453053491052,32.48462983673306],[-101.3447885833325,32.499172590463836],[-101.32789976675315,32.49884620973362]]]},"properties":{"Surv_Name":null,"max_propensity_score":8.0,"top_operator":"SURGE OPERATING, LLC","owner_count":457.0,"ABSTRACT_L":"A-758","field_name":"Unknown","Surv_Sect":"19","permit_count":0.0,"DESC_":"H&TC RR CO","Block":"27","pending_permit_count":0.0,"production_trend":null,"production_status":"pdp","pdp_well_count":8.0,"well_count":8.0,"STArea__":27702853.5058,"ABSTRACT_N":"758","new_permit_count":0.0,"CODE":"758","pud_well_count":0.0,"legal_desc":"H&TC RR CO A-758"}},{"type":"Feature","geometry":{"type":"Polygon","coordinates":[[[-101.31091775868597,32.4985157058379],[-101.31137931871802,32.483794608680185],[-101.32837548724531,32.48419959384353],[-101.32789976675315,32.49884620973362],[-101.31091775868597,32.4985157058379]]]},"properties":{"Surv_Name":"SAWYER, M B","max_propensity_score":0.0,"top_operator":"","owner_count":0.0,"ABSTRACT_L":"A-1088","field_name":"Unknown","Surv_Sect":"24","permit_count":0.0,"DESC_":"H&TC RR CO","Block":"25","pending_permit_count":0.0,"production_trend":null,"production_status":"pdp","pdp_well_count":3.0,"well_count":3.0,"STArea__":28001729.1405,"ABSTRACT_N":"1088","new_permit_count":0.0,"CODE":"1088","pud_well_count":0.0,"legal_desc":"SAWYER, M B A-1088"}},{"type":"Feature","geometry":{"type":"Polygon","coordinates":[[[-101.29385095194486,32.4980248061162],[-101.29427795999833,32.483410539524286],[-101.31137931871802,32.483794608680185],[-101.31091775868597,32.4985157058379],[-101.29385095194486,32.4980248061162]]]},"properties":{"Surv_Name":null,"max_propensity_score":7.0,"top_operator":"HIGHPEAK ENERGY HOLDIN","owner_count":36.0,"ABSTRACT_L":"A-751","field_name":"Unknown","Surv_Sect":"19","permit_count":0.0,"DESC_":"H&TC RR CO","Block":"25","pending_permit_count":0.0,"production_trend":null,"production_status":"pdp","pdp_well_count":4.0,"well_count":4.0,"STArea__":28129795.8703,"ABSTRACT_N":"751","new_permit_count":0.0,"CODE":"751","pud_well_count":0.0,"legal_desc":"H&TC RR CO A-751"}},{"type":"Feature","geometry":{"type":"Polygon","coordinates":[[[-101.41590355804742,32.48296148068866],[-101.43252715361982,32.47920189270031],[-101.436812939181,32.49317146205705],[-101.41998293796965,32.49713407637157],[-101.41590355804742,32.48296148068866]]]},"properties":{"Surv_Name":null,"max_propensity_score":6.0,"top_operator":"SURGE OPERATING, LLC","owner_count":71.0,"ABSTRACT_L":"A-179","field_name":"Unknown","Surv_Sect":"5","permit_count":0.0,"DESC_":"T&P RR CO","Block":"31 T2N","pending_permit_count":0.0,"production_trend":null,"production_status":"pdp","pdp_well_count":2.0,"well_count":2.0,"STArea__":28213173.8384,"ABSTRACT_N":"179","new_permit_count":0.0,"CODE":"179","pud_well_count":0.0,"legal_desc":"T2N BLK 31 SEC 5 A-179"}},{"type":"Feature","geometry":{"type":"Polygon","coordinates":[[[-101.27687772049003,32.497608239912374],[-101.27746708571676,32.48304097239609],[-101.29427795999833,32.483410539524286],[-101.29385095194486,32.4980248061162],[-101.27687772049003,32.497608239912374]]]},"properties":{"Surv_Name":"RUTLEDGE, W V","max_propensity_score":0.0,"top_operator":"","owner_count":0.0,"ABSTRACT_L":"A-1350","field_name":"Unknown","Surv_Sect":"18","permit_count":0.0,"DESC_":"H&TC RR CO","Block":"25","pending_permit_count":0.0,"production_trend":null,"production_status":"pdp","pdp_well_count":2.0,"well_count":2.0,"STArea__":27668849.7532,"ABSTRACT_N":"1350","new_permit_count":0.0,"CODE":"1350","pud_well_count":0.0,"legal_desc":"RUTLEDGE, W V A-1350"}},{"type":"Feature","geometry":{"type":"Polygon","coordinates":[[[-101.25969535394339,32.49719870866264],[-101.26015487559637,32.48256835786916],[-101.27050198660768,32.482890912023194],[-101.27746708571676,32.48304097239609],[-101.27687772049003,32.497608239912374],[-101.25969535394339,32.49719870866264]]]},"properties":{"Surv_Name":null,"max_propensity_score":10.0,"top_operator":"HIGHPEAK ENERGY HOLDIN","owner_count":381.0,"ABSTRACT_L":"A-754","field_name":"Unknown","Surv_Sect":"13","permit_count":0.0,"DESC_":"H&TC RR CO","Block":"25","pending_permit_count":0.0,"production_trend":null,"production_status":"pdp","pdp_well_count":12.0,"well_count":12.0,"STArea__":28230839.2952,"ABSTRACT_N":"754","new_permit_count":0.0,"CODE":"754","pud_well_count":0.0,"legal_desc":"H&TC RR CO A-754"}},{"type":"Feature","geometry":{"type":"Polygon","coordinates":[[[-101.43252715361982,32.47920189270031],[-101.44893398436787,32.47548362330379],[-101.45309443904716,32.48931581713295],[-101.436812939181,32.49317146205705],[-101.43252715361982,32.47920189270031]]]},"properties":{"Surv_Name":"BOATLER, U M","max_propensity_score":8.0,"top_operator":"LANGFORD & BRIGHAM OPE","owner_count":194.0,"ABSTRACT_L":"A-1107","field_name":"Unknown","Surv_Sect":"6","permit_count":0.0,"DESC_":"T&P RR CO","Block":"31 T2N","pending_permit_count":0.0,"production_trend":null,"production_status":"pdp","pdp_well_count":7.0,"well_count":7.0,"STArea__":27280784.4758,"ABSTRACT_N":"1107","new_permit_count":0.0,"CODE":"1107","pud_well_count":0.0,"legal_desc":"T2N BLK 31 SEC 6 A-1107"}},{"type":"Feature","geometry":{"type":"Polygon","coordinates":[[[-101.36264630967081,32.47959273793365],[-101.37877268186725,32.475935412312424],[-101.38309905451743,32.489916786041846],[-101.38261403449569,32.490020950495456],[-101.36568824897348,32.49367887916635],[-101.36306785275131,32.48499547102044],[-101.36260039385566,32.483446236220985],[-101.36251897880253,32.48317640442153],[-101.36252028746635,32.483139547232675],[-101.36255312696709,32.482215330607744],[-101.36264630967081,32.47959273793365]]]},"properties":{"Surv_Name":null,"max_propensity_score":10.0,"top_operator":"SURGE OPERATING, LLC","owner_count":1719.0,"ABSTRACT_L":"A-182","field_name":"Unknown","Surv_Sect":"11","permit_count":0.0,"DESC_":"T&P RR CO","Block":"31 T2N","pending_permit_count":0.0,"production_trend":null,"production_status":"pdp","pdp_well_count":11.0,"well_count":11.0,"STArea__":28642859.016,"ABSTRACT_N":"182","new_permit_count":0.0,"CODE":"182","pud_well_count":0.0,"legal_desc":"T2N BLK 31 SEC 11 A-182"}},{"type":"Feature","geometry":{"type":"Polygon","coordinates":[[[-101.44893398436787,32.47548362330379],[-101.46534408030952,32.47131924674607],[-101.46963665376346,32.48539589904566],[-101.45334572435414,32.48925629055833],[-101.45309443904716,32.48931581713295],[-101.45105778668331,32.48254514632309],[-101.44893398436787,32.47548362330379]]]},"properties":{"Surv_Name":null,"max_propensity_score":10.0,"top_operator":"SM ENERGY COMPANY","owner_count":840.0,"ABSTRACT_L":"A-263","field_name":"Unknown","Surv_Sect":"1","permit_count":0.0,"DESC_":"T&P RR CO","Block":"32 T2N","pending_permit_count":0.0,"production_trend":null,"production_status":"none","pdp_well_count":0.0,"well_count":0.0,"STArea__":27709203.9246,"ABSTRACT_N":"263","new_permit_count":0.0,"CODE":"263","pud_well_count":0.0,"legal_desc":"T2N BLK 32 SEC 1 A-263"}},{"type":"Feature","geometry":{"type":"Polygon","coordinates":[[[-101.37877268186725,32.475935412312424],[-101.39538340667187,32.47220381935629],[-101.39934213278505,32.48647059211425],[-101.38309905451743,32.489916786041846],[-101.37877268186725,32.475935412312424]]]},"properties":{"Surv_Name":"BUCHANAN, M C","max_propensity_score":4.0,"top_operator":"SM ENERGY COMPANY","owner_count":118.0,"ABSTRACT_L":"A-1108","field_name":"Unknown","Surv_Sect":"10","permit_count":0.0,"DESC_":"T&P RR CO","Block":"31 T2N","pending_permit_count":0.0,"production_trend":null,"production_status":"pdp","pdp_well_count":10.0,"well_count":10.0,"STArea__":27695786.9891,"ABSTRACT_N":"1108","new_permit_count":0.0,"CODE":"1108","pud_well_count":0.0,"legal_desc":"T2N BLK 31 SEC 10 A-1108"}},{"type":"Feature","geometry":{"type":"Polygon","coordinates":[[[-101.39538340667187,32.47220381935629],[-101.41167997467561,32.468570487612624],[-101.41590355804742,32.48296148068866],[-101.39955413452682,32.48651090230247],[-101.39934213278505,32.48647059211425],[-101.39538340667187,32.47220381935629]]]},"properties":{"Surv_Name":null,"max_propensity_score":10.0,"top_operator":"SM ENERGY COMPANY","owner_count":454.0,"ABSTRACT_L":"A-181","field_name":"Unknown","Surv_Sect":"9","permit_count":0.0,"DESC_":"T&P RR CO","Block":"31 T2N","pending_permit_count":0.0,"production_trend":null,"production_status":"pdp","pdp_well_count":8.0,"well_count":8.0,"STArea__":28128068.8946,"ABSTRACT_N":"181","new_permit_count":0.0,"CODE":"181","pud_well_count":0.0,"legal_desc":"T2N BLK 31 SEC 9 A-181"}},{"type":"Feature","geometry":{"type":"Polygon","coordinates":[[[-101.47597099202007,32.468706600527604],[-101.48179782450221,32.467324481566266],[-101.48237576888312,32.46922719562407],[-101.48604316359453,32.481299058872644],[-101.46963665376346,32.48539589904566],[-101.46534408030952,32.47131924674607],[-101.46543944240416,32.47129189805346],[-101.4655232463211,32.47124725595721],[-101.46673844143537,32.47096778420026],[-101.46722500381729,32.47084637714449],[-101.47223261921539,32.46959317791781],[-101.47223318977471,32.46959305416343],[-101.47367763736786,32.46923256538597],[-101.47597099202007,32.468706600527604]]]},"properties":{"Surv_Name":"SIMPSON, W M","max_propensity_score":8.0,"top_operator":"VITAL ENERGY, INC.","owner_count":394.0,"ABSTRACT_L":"A-1093","field_name":"Unknown","Surv_Sect":"2","permit_count":0.0,"DESC_":"T&P RR COO","Block":"32 T2N","pending_permit_count":0.0,"production_trend":null,"production_status":"pdp","pdp_well_count":15.0,"well_count":15.0,"STArea__":27846886.458,"ABSTRACT_N":"1093","new_permit_count":0.0,"CODE":"1093","pud_well_count":0.0,"legal_desc":"T2N BLK 32 SEC 2 A-1093"}},{"type":"Feature","geometry":{"type":"Polygon","coordinates":[[[-101.3457786636512,32.48436683933519],[-101.34610457627703,32.47030064350043],[-101.36296008730977,32.47073048110517],[-101.3627452317276,32.476798987016274],[-101.36264630967081,32.47959273793365],[-101.36255312696709,32.482215330607744],[-101.36252028746635,32.483139547232675],[-101.36251897877352,32.483176403520055],[-101.36245768378431,32.48490136005171],[-101.36245554118585,32.484949225679884],[-101.36022553257654,32.48487113593252],[-101.3457548041946,32.4846409887117],[-101.3457786636512,32.48436683933519]]]},"properties":{"Surv_Name":null,"max_propensity_score":8.0,"top_operator":"SURGE OPERATING, LLC","owner_count":296.0,"ABSTRACT_L":"A-26","field_name":"Unknown","Surv_Sect":"21","permit_count":0.0,"DESC_":"H&TC RR CO","Block":"27","pending_permit_count":0.0,"production_trend":null,"production_status":"pdp","pdp_well_count":10.0,"well_count":10.0,"STArea__":26847972.9953,"ABSTRACT_N":"26","new_permit_count":0.0,"CODE":"26","pud_well_count":0.0,"legal_desc":"H&TC RR CO A-26"}},{"type":"Feature","geometry":{"type":"Polygon","coordinates":[[[-101.32837548724531,32.48419959384353],[-101.32895225258916,32.469860817901775],[-101.34610457627703,32.47030064350043],[-101.3457786636512,32.48436683933519],[-101.3457548041946,32.4846409887117],[-101.3453053491052,32.48462983673306],[-101.32837548724531,32.48419959384353]]]},"properties":{"Surv_Name":"COOK, O D","max_propensity_score":6.0,"top_operator":"SURGE OPERATING, LLC","owner_count":27.0,"ABSTRACT_L":"A-1116","field_name":"Unknown","Surv_Sect":"22","permit_count":0.0,"DESC_":"H&TC RR CO","Block":"27","pending_permit_count":0.0,"production_trend":null,"production_status":"pdp","pdp_well_count":9.0,"well_count":9.0,"STArea__":27812738.7741,"ABSTRACT_N":"1116","new_permit_count":0.0,"CODE":"1116","pud_well_count":0.0,"legal_desc":"COOK, O D A-1116"}},{"type":"Feature","geometry":{"type":"Polygon","coordinates":[[[-101.31137931871802,32.483794608680185],[-101.3117733628078,32.46933746725618],[-101.32895225258916,32.469860817901775],[-101.32837548724531,32.48419959384353],[-101.31137931871802,32.483794608680185]]]},"properties":{"Surv_Name":null,"max_propensity_score":7.0,"top_operator":"SURGE OPERATING, LLC","owner_count":111.0,"ABSTRACT_L":"A-23","field_name":"Unknown","Surv_Sect":"23","permit_count":0.0,"DESC_":"H&TC RR CO","Block":"25","pending_permit_count":0.0,"production_trend":null,"production_status":"pdp","pdp_well_count":6.0,"well_count":6.0,"STArea__":27626346.1778,"ABSTRACT_N":"23","new_permit_count":0.0,"CODE":"23","pud_well_count":0.0,"legal_desc":"H&TC RR CO A-23"}},{"type":"Feature","geometry":{"type":"Polygon","coordinates":[[[-101.41167997467561,32.468570487612624],[-101.42810478032857,32.46489547873368],[-101.43252715361982,32.47920189270031],[-101.41590355804742,32.48296148068866],[-101.41167997467561,32.468570487612624]]]},"properties":{"Surv_Name":"GROVES, J N","max_propensity_score":10.0,"top_operator":"SM ENERGY COMPANY","owner_count":828.0,"ABSTRACT_L":"A-1050","field_name":"Unknown","Surv_Sect":"8","permit_count":0.0,"DESC_":"T&P RR CO","Block":"31 T2N","pending_permit_count":0.0,"production_trend":null,"production_status":"pdp","pdp_well_count":4.0,"well_count":4.0,"STArea__":28403591.0942,"ABSTRACT_N":"1050","new_permit_count":0.0,"CODE":"1050","pud_well_count":0.0,"legal_desc":"T2N BLK 31 SEC 8 A-1050"}},{"type":"Feature","geometry":{"type":"Polygon","coordinates":[[[-101.29427795999833,32.483410539524286],[-101.29481330123618,32.4688231612828],[-101.3117733628078,32.46933746725618],[-101.31137931871802,32.483794608680185],[-101.29427795999833,32.483410539524286]]]},"properties":{"Surv_Name":"POND, S T","max_propensity_score":7.0,"top_operator":"HIGHPEAK ENERGY HOLDIN","owner_count":70.0,"ABSTRACT_L":"A-1174","field_name":"Unknown","Surv_Sect":"20","permit_count":0.0,"DESC_":"H&TC RR CO","Block":"25","pending_permit_count":0.0,"production_trend":null,"production_status":"pdp","pdp_well_count":15.0,"well_count":15.0,"STArea__":27770345.436,"ABSTRACT_N":"1174","new_permit_count":0.0,"CODE":"1174","pud_well_count":0.0,"legal_desc":"POND, S T A-1174"}},{"type":"Feature","geometry":{"type":"Polygon","coordinates":[[[-101.27753382662169,32.47550557177139],[-101.27798351808471,32.46833064016117],[-101.28220783651878,32.468454479826775],[-101.29481330123618,32.4688231612828],[-101.29427795999833,32.483410539524286],[-101.27746708571676,32.48304097239609],[-101.2774767169255,32.4827662153136],[-101.27753382662169,32.47550557177139]]]},"properties":{"Surv_Name":null,"max_propensity_score":9.0,"top_operator":"HIGHPEAK ENERGY HOLDIN","owner_count":321.0,"ABSTRACT_L":"A-22","field_name":"Unknown","Surv_Sect":"17","permit_count":0.0,"DESC_":"H&TC RR CO","Block":"25","pending_permit_count":0.0,"production_trend":null,"production_status":"pdp","pdp_well_count":10.0,"well_count":10.0,"STArea__":27828824.2271,"ABSTRACT_N":"22","new_permit_count":0.0,"CODE":"22","pud_well_count":0.0,"legal_desc":"H&TC RR CO A-22"}},{"type":"Feature","geometry":{"type":"Polygon","coordinates":[[[-101.42810478032857,32.46489547873368],[-101.44465230442428,32.46124401882164],[-101.44681320707453,32.46843100352725],[-101.44893398436787,32.47548362330379],[-101.43252715361982,32.47920189270031],[-101.42810478032857,32.46489547873368]]]},"properties":{"Surv_Name":null,"max_propensity_score":10.0,"top_operator":"SM ENERGY COMPANY","owner_count":1162.0,"ABSTRACT_L":"A-180","field_name":"Unknown","Surv_Sect":"7","permit_count":0.0,"DESC_":"T&P RR CO","Block":"31 T2N","pending_permit_count":0.0,"production_trend":null,"production_status":"pdp","pdp_well_count":15.0,"well_count":15.0,"STArea__":28185446.9829,"ABSTRACT_N":"180","new_permit_count":0.0,"CODE":"180","pud_well_count":0.0,"legal_desc":"T2N BLK 31 SEC 7 A-180"}},{"type":"Feature","geometry":{"type":"Polygon","coordinates":[[[-101.36264630967081,32.47959273793365],[-101.36296008730977,32.47073048110517],[-101.36297004255755,32.470730794158904],[-101.36296386991249,32.47062362611128],[-101.36318493765926,32.46484725521772],[-101.37468884728979,32.46211874194534],[-101.37877268186725,32.475935412312424],[-101.36264630967081,32.47959273793365]]]},"properties":{"Surv_Name":"MC CARTY, J E","max_propensity_score":9.0,"top_operator":"SURGE OPERATING, LLC","owner_count":637.0,"ABSTRACT_L":"A-1160","field_name":"Unknown","Surv_Sect":"12","permit_count":0.0,"DESC_":"T&P RR CO","Block":"31 T2N","pending_permit_count":0.0,"production_trend":null,"production_status":"pdp","pdp_well_count":7.0,"well_count":7.0,"STArea__":22778864.8454,"ABSTRACT_N":"1160","new_permit_count":0.0,"CODE":"1160","pud_well_count":0.0,"legal_desc":"T2N BLK 31 SEC 12 A-1160"}},{"type":"Feature","geometry":{"type":"Polygon","coordinates":[[[-101.37468884728979,32.46211874194534],[-101.39102108664815,32.45823343570652],[-101.39538340667187,32.47220381935629],[-101.37877268186725,32.475935412312424],[-101.37468884728979,32.46211874194534]]]},"properties":{"Surv_Name":null,"max_propensity_score":9.0,"top_operator":"SM ENERGY COMPANY","owner_count":289.0,"ABSTRACT_L":"A-183","field_name":"Unknown","Surv_Sect":"13","permit_count":0.0,"DESC_":"T&P RR CO","Block":"31 T2N","pending_permit_count":0.0,"production_trend":null,"production_status":"pdp","pdp_well_count":10.0,"well_count":10.0,"STArea__":27481188.2827,"ABSTRACT_N":"183","new_permit_count":0.0,"CODE":"183","pud_well_count":0.0,"legal_desc":"T2N BLK 31 SEC 13 A-183"}},{"type":"Feature","geometry":{"type":"Polygon","coordinates":[[[-101.39102108664815,32.45823343570652],[-101.40745805511612,32.45433024366537],[-101.41167997467561,32.468570487612624],[-101.39538340667187,32.47220381935629],[-101.39102108664815,32.45823343570652]]]},"properties":{"Surv_Name":"MC CARTY, J E","max_propensity_score":10.0,"top_operator":"SM ENERGY COMPANY","owner_count":1039.0,"ABSTRACT_L":"A-1154","field_name":"Unknown","Surv_Sect":"14","permit_count":0.0,"DESC_":"T&P RR CO","Block":"31 T2N","pending_permit_count":0.0,"production_trend":null,"production_status":"pdp","pdp_well_count":10.0,"well_count":10.0,"STArea__":27718195.0736,"ABSTRACT_N":"1154","new_permit_count":0.0,"CODE":"1154","pud_well_count":0.0,"legal_desc":"T2N BLK 31 SEC 14 A-1154"}},{"type":"Feature","geometry":{"type":"Polygon","coordinates":[[[-101.46242792972104,32.45773179143661],[-101.47787638411926,32.45442504773763],[-101.48179782450221,32.467324481566266],[-101.47597099202007,32.468706600527604],[-101.47367763736786,32.46923256538597],[-101.4722331887113,32.469593054188934],[-101.47223261921539,32.46959317791781],[-101.46722500381729,32.47084637714449],[-101.46673844143537,32.47096778420026],[-101.4655232463211,32.47124725595721],[-101.46543944240416,32.47129189805346],[-101.46534408030952,32.47131924674607],[-101.46521047628244,32.470886038494584],[-101.46336021922507,32.464869128623434],[-101.46294536497358,32.463136512560155],[-101.46283263890037,32.46276872537916],[-101.46242634889077,32.461443120567374],[-101.46130690820625,32.45797166215313],[-101.46135244263377,32.45796191900678],[-101.46242792972104,32.45773179143661]]]},"properties":{"Surv_Name":null,"max_propensity_score":9.0,"top_operator":"VITAL ENERGY, INC.","owner_count":580.0,"ABSTRACT_L":"A-268","field_name":"Unknown","Surv_Sect":"11","permit_count":0.0,"DESC_":"T&P RR CO","Block":"32 T2N","pending_permit_count":0.0,"production_trend":null,"production_status":"pdp","pdp_well_count":14.0,"well_count":14.0,"STArea__":25921557.638,"ABSTRACT_N":"268","new_permit_count":0.0,"CODE":"268","pud_well_count":0.0,"legal_desc":"T2N BLK 32 SEC 11 A-268"}},{"type":"Feature","geometry":{"type":"Polygon","coordinates":[[[-101.34610457627703,32.47030064350043],[-101.34645820818031,32.455033089363354],[-101.36352789971029,32.455455768298485],[-101.36318493765926,32.46484725521772],[-101.36296386991249,32.47062362611128],[-101.36297004255755,32.470730794158904],[-101.36296008730977,32.47073048110517],[-101.34610457627703,32.47030064350043]]]},"properties":{"Surv_Name":"COOK, O D","max_propensity_score":7.0,"top_operator":"PIONEER NATURAL RES. U","owner_count":178.0,"ABSTRACT_L":"A-1117","field_name":"Unknown","Surv_Sect":"24","permit_count":0.0,"DESC_":"H&TC RR CO","Block":"27","pending_permit_count":0.0,"production_trend":null,"production_status":"pdp","pdp_well_count":20.0,"well_count":20.0,"STArea__":29092724.1458,"ABSTRACT_N":"1117","new_permit_count":0.0,"CODE":"1117","pud_well_count":0.0,"legal_desc":"COOK, O D A-1117"}},{"type":"Feature","geometry":{"type":"Polygon","coordinates":[[[-101.32895225258916,32.469860817901775],[-101.32954554372039,32.454611975386975],[-101.34645820818031,32.455033089363354],[-101.34610457627703,32.47030064350043],[-101.32895225258916,32.469860817901775]]]},"properties":{"Surv_Name":null,"max_propensity_score":6.0,"top_operator":"SURGE OPERATING, LLC","owner_count":27.0,"ABSTRACT_L":"A-27","field_name":"Unknown","Surv_Sect":"23","permit_count":0.0,"DESC_":"H&TC RR CO","Block":"27","pending_permit_count":0.0,"production_trend":null,"production_status":"pdp","pdp_well_count":21.0,"well_count":21.0,"STArea__":29183523.393,"ABSTRACT_N":"27","new_permit_count":0.0,"CODE":"27","pud_well_count":0.0,"legal_desc":"H&TC RR CO A-27"}},{"type":"Feature","geometry":{"type":"Polygon","coordinates":[[[-101.3117733628078,32.46933746725618],[-101.31218481654687,32.454177299723504],[-101.32954554372039,32.454611975386975],[-101.32895225258916,32.469860817901775],[-101.3117733628078,32.46933746725618]]]},"properties":{"Surv_Name":"COOK, O D","max_propensity_score":0.0,"top_operator":"","owner_count":0.0,"ABSTRACT_L":"A-1115","field_name":"Unknown","Surv_Sect":"22","permit_count":0.0,"DESC_":"H&TC RR CO","Block":"25","pending_permit_count":0.0,"production_trend":null,"production_status":"pdp","pdp_well_count":18.0,"well_count":18.0,"STArea__":29490061.1776,"ABSTRACT_N":"1115","new_permit_count":0.0,"CODE":"1115","pud_well_count":0.0,"legal_desc":"COOK, O D A-1115"}},{"type":"Feature","geometry":{"type":"Polygon","coordinates":[[[-101.41568142711573,32.452561861711786],[-101.42399658377241,32.450773115049444],[-101.42607464192551,32.45791723871007],[-101.42810478032857,32.46489547873368],[-101.41167997467561,32.468570487612624],[-101.40745805511612,32.45433024366537],[-101.41568142711573,32.452561861711786]]]},"properties":{"Surv_Name":null,"max_propensity_score":8.0,"top_operator":"SURGE OPERATING, LLC","owner_count":349.0,"ABSTRACT_L":"A-184","field_name":"Unknown","Surv_Sect":"15","permit_count":0.0,"DESC_":"T&P RR CO","Block":"31 T2N","pending_permit_count":0.0,"production_trend":null,"production_status":"pdp","pdp_well_count":13.0,"well_count":13.0,"STArea__":27916897.4642,"ABSTRACT_N":"184","new_permit_count":0.0,"CODE":"184","pud_well_count":0.0,"legal_desc":"T2N BLK 31 SEC 15 A-184"}},{"type":"Feature","geometry":{"type":"Polygon","coordinates":[[[-101.29481330123618,32.4688231612828],[-101.2954848756345,32.45375686989862],[-101.31218481654687,32.454177299723504],[-101.3117733628078,32.46933746725618],[-101.29481330123618,32.4688231612828]]]},"properties":{"Surv_Name":null,"max_propensity_score":7.0,"top_operator":"HIGHPEAK ENERGY HOLDIN","owner_count":136.0,"ABSTRACT_L":"A-24","field_name":"Unknown","Surv_Sect":"21","permit_count":0.0,"DESC_":"H&TC RR CO","Block":"25","pending_permit_count":0.0,"production_trend":null,"production_status":"pdp","pdp_well_count":7.0,"well_count":7.0,"STArea__":28568907.8399,"ABSTRACT_N":"24","new_permit_count":0.0,"CODE":"24","pud_well_count":0.0,"legal_desc":"H&TC RR CO A-24"}},{"type":"Feature","geometry":{"type":"Polygon","coordinates":[[[-101.27798351808471,32.46833064016117],[-101.27844302827634,32.45341504530824],[-101.2954848756345,32.45375686989862],[-101.29481330123618,32.4688231612828],[-101.27798351808471,32.46833064016117]]]},"properties":{"Surv_Name":"POND, S T","max_propensity_score":5.0,"top_operator":"HIGHPEAK ENERGY HOLDIN","owner_count":62.0,"ABSTRACT_L":"A-1175","field_name":"Unknown","Surv_Sect":"16","permit_count":0.0,"DESC_":"H&TC RR CO","Block":"25","pending_permit_count":0.0,"production_trend":null,"production_status":"pdp","pdp_well_count":6.0,"well_count":6.0,"STArea__":28514185.648,"ABSTRACT_N":"1175","new_permit_count":0.0,"CODE":"1175","pud_well_count":0.0,"legal_desc":"POND, S T A-1175"}},{"type":"Feature","geometry":{"type":"Polygon","coordinates":[[[-101.26062111963398,32.467849111196536],[-101.2611972136616,32.45303850477228],[-101.27844302827634,32.45341504530824],[-101.27798351808471,32.46833064016117],[-101.26062111963398,32.467849111196536]]]},"properties":{"Surv_Name":null,"max_propensity_score":8.0,"top_operator":"SHARP IMAGE ENERGY, IN","owner_count":74.0,"ABSTRACT_L":"A-25","field_name":"Unknown","Surv_Sect":"15","permit_count":0.0,"DESC_":"H&TC RR CO","Block":"25","pending_permit_count":0.0,"production_trend":null,"production_status":"pdp","pdp_well_count":11.0,"well_count":11.0,"STArea__":28884052.3465,"ABSTRACT_N":"25","new_permit_count":0.0,"CODE":"25","pud_well_count":0.0,"legal_desc":"H&TC RR CO A-25"}},{"type":"Feature","geometry":{"type":"Polygon","coordinates":[[[-101.3701427937944,32.44821644534389],[-101.37065315541848,32.44808828410208],[-101.37468884728979,32.46211874194534],[-101.36318493765926,32.46484725521772],[-101.36352789971029,32.455455768298485],[-101.36370146888919,32.44985956186817],[-101.3701427937944,32.44821644534389]]]},"properties":{"Surv_Name":null,"max_propensity_score":6.0,"top_operator":"FLAT TOP OPERATING, LL","owner_count":87.0,"ABSTRACT_L":"A-177","field_name":"Unknown","Surv_Sect":"21","permit_count":0.0,"DESC_":"T&P RR CO","Block":"31 T2N","pending_permit_count":0.0,"production_trend":null,"production_status":"pdp","pdp_well_count":5.0,"well_count":5.0,"STArea__":15452518.808,"ABSTRACT_N":"177","new_permit_count":0.0,"CODE":"177","pud_well_count":0.0,"legal_desc":"T2N BLK 31 SEC 21 A-177"}},{"type":"Feature","geometry":{"type":"Polygon","coordinates":[[[-101.35357225572282,32.391729121264284],[-101.36608985250618,32.38891651488258],[-101.36574206519482,32.39688680898891],[-101.3485554874732,32.396345751536714],[-101.34867436152277,32.392810710059585],[-101.35357225572282,32.391729121264284]]]},"properties":{"Surv_Name":null,"max_propensity_score":5.0,"top_operator":"BAYSWATER OPERATING CO","owner_count":21.0,"ABSTRACT_L":"A-?7","field_name":"Unknown","Surv_Sect":"57","permit_count":0.0,"DESC_":"STATE OF TEXAS","Block":null,"pending_permit_count":0.0,"production_trend":null,"production_status":"pdp","pdp_well_count":7.0,"well_count":7.0,"STArea__":11119159.6101,"ABSTRACT_N":"?7","new_permit_count":0.0,"CODE":"?7","pud_well_count":0.0,"legal_desc":"STATE OF TEXAS A-?7"}},{"type":"Feature","geometry":{"type":"Polygon","coordinates":[[[-101.24267567240334,32.49964389079227],[-101.24277512162857,32.49681254039964],[-101.24290069120259,32.49681570550475],[-101.25128986155565,32.49702684618314],[-101.25969535394339,32.49719870866264],[-101.25923095603764,32.51183417248146],[-101.2507738331162,32.511776444220786],[-101.24230740389132,32.511563270001496],[-101.24217913802664,32.51156003628349],[-101.2425160708275,32.50418741618021],[-101.24267567240334,32.49964389079227]]]},"properties":{"Surv_Name":null,"max_propensity_score":9.0,"top_operator":"SHARP IMAGE ENERGY, IN","owner_count":56.0,"ABSTRACT_L":"A-748","field_name":"Unknown","Surv_Sect":"29","permit_count":0.0,"DESC_":"H&TC RR CO","Block":"25","pending_permit_count":0.0,"production_trend":null,"production_status":"pdp","pdp_well_count":12.0,"well_count":12.0,"STArea__":28031034.3224,"ABSTRACT_N":"748","new_permit_count":0.0,"CODE":"748","pud_well_count":0.0,"legal_desc":"H&TC RR CO A-748"}},{"type":"Feature","geometry":{"type":"Polygon","coordinates":[[[-101.22571304875642,32.503762784731066],[-101.22581257009335,32.4962301509551],[-101.22590697479485,32.4962288007848],[-101.24269308889102,32.49674655896805],[-101.24277512162857,32.49681254039964],[-101.24267567240334,32.49964389079227],[-101.2425160708275,32.50418741618021],[-101.24217913802664,32.51156003628349],[-101.23390460663583,32.51135112550501],[-101.23374226124692,32.51134702080747],[-101.22753836345797,32.51122189939136],[-101.22545003378904,32.511137532772466],[-101.22571304875642,32.503762784731066]]]},"properties":{"Surv_Name":"DOVE, W","max_propensity_score":8.0,"top_operator":"PETEX","owner_count":103.0,"ABSTRACT_L":"A-793","field_name":"Unknown","Surv_Sect":"30","permit_count":0.0,"DESC_":"H&TC RR CO","Block":"25","pending_permit_count":0.0,"production_trend":null,"production_status":"pdp","pdp_well_count":18.0,"well_count":18.0,"STArea__":28081658.7942,"ABSTRACT_N":"793","new_permit_count":0.0,"CODE":"793","pud_well_count":0.0,"legal_desc":"DOVE, W A-793"}},{"type":"Feature","geometry":{"type":"Polygon","coordinates":[[[-101.20825593528873,32.50370355630761],[-101.20851710045467,32.49589904871887],[-101.223838181402,32.496266290771345],[-101.22581257009335,32.4962301509551],[-101.22571304875642,32.503762784731066],[-101.22545003378904,32.511137532772466],[-101.22501724528087,32.511194353628774],[-101.21751956293727,32.51094911954407],[-101.21019126262867,32.510708986305424],[-101.20835172671669,32.51064863980496],[-101.20834993309325,32.51064858066356],[-101.20811451025821,32.51064085555905],[-101.20825593528873,32.50370355630761]]]},"properties":{"Surv_Name":null,"max_propensity_score":0.0,"top_operator":"","owner_count":0.0,"ABSTRACT_L":"A-595","field_name":"Unknown","Surv_Sect":"57","permit_count":0.0,"DESC_":"LN CO","Block":"20","pending_permit_count":0.0,"production_trend":null,"production_status":"pdp","pdp_well_count":21.0,"well_count":21.0,"STArea__":28912507.3521,"ABSTRACT_N":"595","new_permit_count":0.0,"CODE":"595","pud_well_count":0.0,"legal_desc":"LN CO A-595"}},{"type":"Feature","geometry":{"type":"Polygon","coordinates":[[[-101.19139300739077,32.51019032420943],[-101.19148312048547,32.49545671304017],[-101.20851710045467,32.49589904871887],[-101.20825593528873,32.50370355630761],[-101.20811451025821,32.51064085555905],[-101.19139300739077,32.51019032420943]]]},"properties":{"Surv_Name":"CARR, H C","max_propensity_score":8.0,"top_operator":"PETEX","owner_count":407.0,"ABSTRACT_L":"A-1378","field_name":"Unknown","Surv_Sect":"58","permit_count":0.0,"DESC_":"LN CO","Block":"20","pending_permit_count":0.0,"production_trend":null,"production_status":"pdp","pdp_well_count":22.0,"well_count":22.0,"STArea__":27869899.2169,"ABSTRACT_N":"1378","new_permit_count":0.0,"CODE":"1378","pud_well_count":0.0,"legal_desc":"CARR, H C A-1378"}},{"type":"Feature","geometry":{"type":"Polygon","coordinates":[[[-101.17460529889063,32.495433847875546],[-101.17471587560846,32.495072753585134],[-101.19148312048547,32.49545671304017],[-101.19139300739077,32.51019032420943],[-101.1745810180018,32.50960377150416],[-101.17458801834447,32.500535770864474],[-101.17453501761064,32.50011377134137],[-101.17460529889063,32.495433847875546]]]},"properties":{"Surv_Name":null,"max_propensity_score":0.0,"top_operator":"","owner_count":0.0,"ABSTRACT_L":"A-1599","field_name":"Unknown","Surv_Sect":"59","permit_count":0.0,"DESC_":"LN CO","Block":"20","pending_permit_count":0.0,"production_trend":null,"production_status":"pdp","pdp_well_count":23.0,"well_count":23.0,"STArea__":27669165.5856,"ABSTRACT_N":"1599","new_permit_count":0.0,"CODE":"1599","pud_well_count":0.0,"legal_desc":"LN CO A-1599"}},{"type":"Feature","geometry":{"type":"Polygon","coordinates":[[[-101.24269308889102,32.49674655896805],[-101.24325185617074,32.482158536279364],[-101.24341394720798,32.482162476918205],[-101.26015487559637,32.48256835786916],[-101.25969535394339,32.49719870866264],[-101.25128986155565,32.49702684618314],[-101.24290069120259,32.49681570550475],[-101.24277512162857,32.49681254039964],[-101.24269308889102,32.49674655896805]]]},"properties":{"Surv_Name":"SHAFER, J A","max_propensity_score":6.0,"top_operator":"HIGHPEAK ENERGY HOLDIN","owner_count":41.0,"ABSTRACT_L":"A-1091","field_name":"Unknown","Surv_Sect":"12","permit_count":0.0,"DESC_":"H&TC RR CO","Block":"25","pending_permit_count":0.0,"production_trend":null,"production_status":"pdp","pdp_well_count":21.0,"well_count":21.0,"STArea__":27885023.5824,"ABSTRACT_N":"1091","new_permit_count":0.0,"CODE":"1091","pud_well_count":0.0,"legal_desc":"SHAFER, J A A-1091"}},{"type":"Feature","geometry":{"type":"Polygon","coordinates":[[[-101.22581257009335,32.4962301509551],[-101.22637065806006,32.48167460893707],[-101.24325185617074,32.482158536279364],[-101.24269308889102,32.49674655896805],[-101.22590697479485,32.4962288007848],[-101.22581257009335,32.4962301509551]]]},"properties":{"Surv_Name":null,"max_propensity_score":8.0,"top_operator":"AUTUMN ENERGY OPERATIN","owner_count":124.0,"ABSTRACT_L":"A-752","field_name":"Unknown","Surv_Sect":"9","permit_count":0.0,"DESC_":"H&TC RR CO","Block":"25","pending_permit_count":0.0,"production_trend":null,"production_status":"pdp","pdp_well_count":22.0,"well_count":22.0,"STArea__":27619895.6372,"ABSTRACT_N":"752","new_permit_count":0.0,"CODE":"752","pud_well_count":0.0,"legal_desc":"H&TC RR CO A-752"}},{"type":"Feature","geometry":{"type":"Polygon","coordinates":[[[-101.19148312048547,32.49545671304017],[-101.19222033901883,32.48079033431374],[-101.2088246421997,32.48138116910976],[-101.20868732328383,32.488965767778396],[-101.20851710045467,32.49589904871887],[-101.19148312048547,32.49545671304017]]]},"properties":{"Surv_Name":null,"max_propensity_score":0.0,"top_operator":"","owner_count":0.0,"ABSTRACT_L":"A-753","field_name":"Unknown","Surv_Sect":"5","permit_count":0.0,"DESC_":"H&TC RR CO","Block":"25","pending_permit_count":0.0,"production_trend":null,"production_status":"pdp","pdp_well_count":23.0,"well_count":23.0,"STArea__":27579616.5206,"ABSTRACT_N":"753","new_permit_count":0.0,"CODE":"753","pud_well_count":0.0,"legal_desc":"H&TC RR CO A-753"}},{"type":"Feature","geometry":{"type":"Polygon","coordinates":[[[-101.17522550694771,32.48055359161581],[-101.17509401777441,32.48034277078512],[-101.19222033901883,32.48079033431374],[-101.19148312048547,32.49545671304017],[-101.17471587560846,32.495072753585134],[-101.17480347950176,32.493405222533745],[-101.174809083176,32.493108603528974],[-101.17498504082812,32.48785268802553],[-101.17522550694771,32.48055359161581]]]},"properties":{"Surv_Name":"WAGNER, B E","max_propensity_score":2.0,"top_operator":"GNG OPERATING LLC","owner_count":4.0,"ABSTRACT_L":"A-1221","field_name":"Unknown","Surv_Sect":"4","permit_count":0.0,"DESC_":"H&TC RR CO","Block":"25","pending_permit_count":0.0,"production_trend":null,"production_status":"pdp","pdp_well_count":22.0,"well_count":22.0,"STArea__":27832099.8362,"ABSTRACT_N":"1221","new_permit_count":0.0,"CODE":"1221","pud_well_count":0.0,"legal_desc":"WAGNER, B E A-1221"}},{"type":"Feature","geometry":{"type":"Polygon","coordinates":[[[-101.2435833394501,32.474700247166425],[-101.24381596652142,32.46741090393644],[-101.25233196154073,32.467633250147436],[-101.26062111963398,32.467849111196536],[-101.26038680407461,32.47524860003252],[-101.26015487559637,32.48256835786916],[-101.24325185617074,32.482158536279364],[-101.2435833394501,32.474700247166425]]]},"properties":{"Surv_Name":null,"max_propensity_score":9.0,"top_operator":"HIGHPEAK ENERGY HOLDIN","owner_count":456.0,"ABSTRACT_L":"A-20","field_name":"Unknown","Surv_Sect":"11","permit_count":0.0,"DESC_":"H&TC RR CO","Block":"25","pending_permit_count":0.0,"production_trend":null,"production_status":"pdp","pdp_well_count":8.0,"well_count":8.0,"STArea__":27845244.5077,"ABSTRACT_N":"20","new_permit_count":0.0,"CODE":"20","pud_well_count":0.0,"legal_desc":"H&TC RR CO A-20"}},{"type":"Feature","geometry":{"type":"Polygon","coordinates":[[[-101.20905269981898,32.48119392046192],[-101.20972299974909,32.46669987584885],[-101.22668239860994,32.46690804976888],[-101.22637065806006,32.48167460893707],[-101.21291867731979,32.48130143737486],[-101.21136022443957,32.48125810961325],[-101.20905269981898,32.48119392046192]]]},"properties":{"Surv_Name":"GREENE, S W","max_propensity_score":4.0,"top_operator":"HIGHPEAK ENERGY HOLDIN","owner_count":18.0,"ABSTRACT_L":"A-1046","field_name":"Unknown","Surv_Sect":"12","permit_count":0.0,"DESC_":"H&TC RR CO","Block":"26","pending_permit_count":0.0,"production_trend":null,"production_status":"pdp","pdp_well_count":11.0,"well_count":11.0,"STArea__":28150250.7933,"ABSTRACT_N":"1046","new_permit_count":0.0,"CODE":"1046","pud_well_count":0.0,"legal_desc":"GREENE, S W A-1046"}},{"type":"Feature","geometry":{"type":"Polygon","coordinates":[[[-101.19222033901883,32.48079033431374],[-101.19273569426328,32.46628051640926],[-101.20972299974909,32.46669987584885],[-101.20905269981898,32.48119392046192],[-101.2088246421997,32.48138116910976],[-101.19222033901883,32.48079033431374]]]},"properties":{"Surv_Name":null,"max_propensity_score":6.0,"top_operator":"APV MCCAMEY LLC","owner_count":41.0,"ABSTRACT_L":"A-744","field_name":"Unknown","Surv_Sect":"11","permit_count":0.0,"DESC_":"H&TC RR CO","Block":"26","pending_permit_count":0.0,"production_trend":null,"production_status":"pdp","pdp_well_count":16.0,"well_count":16.0,"STArea__":27721538.1184,"ABSTRACT_N":"744","new_permit_count":0.0,"CODE":"744","pud_well_count":0.0,"legal_desc":"H&TC RR CO A-744"}},{"type":"Feature","geometry":{"type":"Polygon","coordinates":[[[-101.1751677252978,32.46683353045596],[-101.17519831777807,32.46579850628239],[-101.19273569426328,32.46628051640926],[-101.19222033901883,32.48079033431374],[-101.17509401777441,32.48034277078512],[-101.17502001796841,32.4786997708705],[-101.17503001837238,32.474907771407686],[-101.17513301835076,32.469688771417616],[-101.1751677252978,32.46683353045596]]]},"properties":{"Surv_Name":"MORRISON, W","max_propensity_score":10.0,"top_operator":"BAYSWATER OPERATING CO","owner_count":329.0,"ABSTRACT_L":"A-1602","field_name":"Unknown","Surv_Sect":"10","permit_count":0.0,"DESC_":"H&TC RR CO","Block":"26","pending_permit_count":0.0,"production_trend":null,"production_status":"pdp","pdp_well_count":14.0,"well_count":14.0,"STArea__":28364175.061,"ABSTRACT_N":"1602","new_permit_count":0.0,"CODE":"1602","pud_well_count":0.0,"legal_desc":"MORRISON, W A-1602"}},{"type":"Feature","geometry":{"type":"Polygon","coordinates":[[[-101.24381596652142,32.46741090393644],[-101.24440942716967,32.452603994444274],[-101.2611972136616,32.45303850477228],[-101.26062111963398,32.467849111196536],[-101.25233196154073,32.467633250147436],[-101.24381596652142,32.46741090393644]]]},"properties":{"Surv_Name":null,"max_propensity_score":0.0,"top_operator":"","owner_count":0.0,"ABSTRACT_L":"A-21","field_name":"Unknown","Surv_Sect":"7","permit_count":0.0,"DESC_":"H&TC RR CO","Block":"25","pending_permit_count":0.0,"production_trend":null,"production_status":"pdp","pdp_well_count":4.0,"well_count":4.0,"STArea__":27938855.7979,"ABSTRACT_N":"21","new_permit_count":0.0,"CODE":"21","pud_well_count":0.0,"legal_desc":"H&TC RR CO A-21"}},{"type":"Feature","geometry":{"type":"Polygon","coordinates":[[[-101.22668239860994,32.46690804976888],[-101.22720893327846,32.452254711041476],[-101.22740339361758,32.45225867323267],[-101.24440942716967,32.452603994444274],[-101.24400012401654,32.462816688179345],[-101.24381596652142,32.46741090393644],[-101.23966707660321,32.46732270824662],[-101.23873904699279,32.46730296167532],[-101.23744065234327,32.46727532237018],[-101.23684863065657,32.46726271545813],[-101.2353331385945,32.4671500329173],[-101.22691565868146,32.46690607061362],[-101.22668239860994,32.46690804976888]]]},"properties":{"Surv_Name":"GREENE, S W","max_propensity_score":0.0,"top_operator":"","owner_count":0.0,"ABSTRACT_L":"A-1045","field_name":"Unknown","Surv_Sect":"8","permit_count":0.0,"DESC_":"H&TC RR CO","Block":"25","pending_permit_count":0.0,"production_trend":null,"production_status":"pdp","pdp_well_count":11.0,"well_count":11.0,"STArea__":28416977.0497,"ABSTRACT_N":"1045","new_permit_count":0.0,"CODE":"1045","pud_well_count":0.0,"legal_desc":"GREENE, S W A-1045"}},{"type":"Feature","geometry":{"type":"Polygon","coordinates":[[[-101.20972299974909,32.46669987584885],[-101.21040872223962,32.45186745315725],[-101.22720893327846,32.452254711041476],[-101.22668239860994,32.46690804976888],[-101.20972299974909,32.46669987584885]]]},"properties":{"Surv_Name":null,"max_propensity_score":4.0,"top_operator":"HIGHPEAK ENERGY HOLDIN","owner_count":10.0,"ABSTRACT_L":"A-743","field_name":"Unknown","Surv_Sect":"13","permit_count":0.0,"DESC_":"H&TC RR CO","Block":"26","pending_permit_count":0.0,"production_trend":null,"production_status":"pdp","pdp_well_count":5.0,"well_count":5.0,"STArea__":27944419.9869,"ABSTRACT_N":"743","new_permit_count":0.0,"CODE":"743","pud_well_count":0.0,"legal_desc":"H&TC RR CO A-743"}},{"type":"Feature","geometry":{"type":"Polygon","coordinates":[[[-101.19273569426328,32.46628051640926],[-101.19326156182377,32.45146984512573],[-101.21040872223962,32.45186745315725],[-101.20972299974909,32.46669987584885],[-101.19273569426328,32.46628051640926]]]},"properties":{"Surv_Name":"GREENE, S W","max_propensity_score":6.0,"top_operator":"HIGHPEAK ENERGY HOLDIN","owner_count":35.0,"ABSTRACT_L":"A-1048","field_name":"Unknown","Surv_Sect":"14","permit_count":0.0,"DESC_":"H&TC RR CO","Block":"26","pending_permit_count":0.0,"production_trend":null,"production_status":"pdp","pdp_well_count":26.0,"well_count":26.0,"STArea__":28412769.0144,"ABSTRACT_N":"1048","new_permit_count":0.0,"CODE":"1048","pud_well_count":0.0,"legal_desc":"GREENE, S W A-1048"}},{"type":"Feature","geometry":{"type":"Polygon","coordinates":[[[-101.17519831777807,32.46579850628239],[-101.17555501750633,32.45105677110841],[-101.19326156182377,32.45146984512573],[-101.19273569426328,32.46628051640926],[-101.17519831777807,32.46579850628239]]]},"properties":{"Surv_Name":null,"max_propensity_score":9.0,"top_operator":"HIGHPEAK ENERGY HOLDIN","owner_count":67.0,"ABSTRACT_L":"A-1598","field_name":"Unknown","Surv_Sect":"15","permit_count":0.0,"DESC_":"H&TC RR CO","Block":"26","pending_permit_count":0.0,"production_trend":null,"production_status":"pdp","pdp_well_count":3.0,"well_count":3.0,"STArea__":29240224.6022,"ABSTRACT_N":"1598","new_permit_count":0.0,"CODE":"1598","pud_well_count":0.0,"legal_desc":"H&TC RR CO A-1598"}},{"type":"Feature","geometry":{"type":"Polygon","coordinates":[[[-101.24440942716967,32.452603994444274],[-101.24486355275545,32.4380006039353],[-101.26174252359122,32.43847809193003],[-101.2611972136616,32.45303850477228],[-101.24440942716967,32.452603994444274]]]},"properties":{"Surv_Name":null,"max_propensity_score":0.0,"top_operator":"","owner_count":0.0,"ABSTRACT_L":"A-31","field_name":"Unknown","Surv_Sect":"31","permit_count":0.0,"DESC_":"H&TC RR CO","Block":"27","pending_permit_count":0.0,"production_trend":null,"production_status":"pdp","pdp_well_count":20.0,"well_count":20.0,"STArea__":27573182.6183,"ABSTRACT_N":"31","new_permit_count":0.0,"CODE":"31","pud_well_count":0.0,"legal_desc":"H&TC RR CO A-31"}},{"type":"Feature","geometry":{"type":"Polygon","coordinates":[[[-101.22720893327846,32.452254711041476],[-101.22793864808091,32.43751950172227],[-101.24486355275545,32.4380006039353],[-101.24440942716967,32.452603994444274],[-101.22720893327846,32.452254711041476]]]},"properties":{"Surv_Name":"WILLIAMS, E W","max_propensity_score":0.0,"top_operator":"","owner_count":0.0,"ABSTRACT_L":"A-1372","field_name":"Unknown","Surv_Sect":"32","permit_count":0.0,"DESC_":"H&TC RR CO","Block":"27","pending_permit_count":0.0,"production_trend":null,"production_status":"pdp","pdp_well_count":8.0,"well_count":8.0,"STArea__":28117966.1332,"ABSTRACT_N":"1372","new_permit_count":0.0,"CODE":"1372","pud_well_count":0.0,"legal_desc":"WILLIAMS, E W A-1372"}},{"type":"Feature","geometry":{"type":"Polygon","coordinates":[[[-101.21040872223962,32.45186745315725],[-101.21083458943322,32.43690069433997],[-101.21242995806733,32.43695143687477],[-101.22793864808091,32.43751950172227],[-101.22720893327846,32.452254711041476],[-101.21040872223962,32.45186745315725]]]},"properties":{"Surv_Name":"GREENE, S W","max_propensity_score":10.0,"top_operator":"HIGHPEAK ENERGY HOLDIN","owner_count":202.0,"ABSTRACT_L":"A-1047","field_name":"Unknown","Surv_Sect":"36","permit_count":0.0,"DESC_":"H&TC RR CO","Block":"26","pending_permit_count":0.0,"production_trend":null,"production_status":"pdp","pdp_well_count":6.0,"well_count":6.0,"STArea__":28293575.1708,"ABSTRACT_N":"1047","new_permit_count":0.0,"CODE":"1047","pud_well_count":0.0,"legal_desc":"GREENE, S W A-1047"}},{"type":"Feature","geometry":{"type":"Polygon","coordinates":[[[-101.19326156182377,32.45146984512573],[-101.19383062322795,32.43635857939307],[-101.21083458943322,32.43690069433997],[-101.21040872223962,32.45186745315725],[-101.19326156182377,32.45146984512573]]]},"properties":{"Surv_Name":null,"max_propensity_score":9.0,"top_operator":"HIGHPEAK ENERGY HOLDIN","owner_count":233.0,"ABSTRACT_L":"A-745","field_name":"Unknown","Surv_Sect":"35","permit_count":0.0,"DESC_":"H&TC RR CO","Block":"26","pending_permit_count":0.0,"production_trend":null,"production_status":"pdp","pdp_well_count":16.0,"well_count":16.0,"STArea__":28846601.2195,"ABSTRACT_N":"745","new_permit_count":0.0,"CODE":"745","pud_well_count":0.0,"legal_desc":"H&TC RR CO A-745"}},{"type":"Feature","geometry":{"type":"Polygon","coordinates":[[[-101.17555501750633,32.45105677110841],[-101.17585275588048,32.4357828685356],[-101.18222076403991,32.4359870922676],[-101.19383062322795,32.43635857939307],[-101.19326156182377,32.45146984512573],[-101.17555501750633,32.45105677110841]]]},"properties":{"Surv_Name":"MORRISON, W","max_propensity_score":0.0,"top_operator":"","owner_count":0.0,"ABSTRACT_L":"A-1603","field_name":"Unknown","Surv_Sect":"34","permit_count":0.0,"DESC_":"H&TC RR CO","Block":"26","pending_permit_count":0.0,"production_trend":null,"production_status":"pdp","pdp_well_count":6.0,"well_count":6.0,"STArea__":30446046.5064,"ABSTRACT_N":"1603","new_permit_count":0.0,"CODE":"1603","pud_well_count":0.0,"legal_desc":"MORRISON, W A-1603"}},{"type":"Feature","geometry":{"type":"Polygon","coordinates":[[[-101.22793864808091,32.43751950172227],[-101.22819359049716,32.422159504351335],[-101.24537410789154,32.42296783693432],[-101.24521624449945,32.42665572498638],[-101.24499067322893,32.43391189923204],[-101.24486355275545,32.4380006039353],[-101.22793864808091,32.43751950172227]]]},"properties":{"Surv_Name":null,"max_propensity_score":5.0,"top_operator":"SM ENERGY COMPANY","owner_count":30.0,"ABSTRACT_L":"A-32","field_name":"Unknown","Surv_Sect":"33","permit_count":0.0,"DESC_":"H&TC RR CO","Block":"27","pending_permit_count":0.0,"production_trend":null,"production_status":"pdp","pdp_well_count":2.0,"well_count":2.0,"STArea__":29087722.4178,"ABSTRACT_N":"32","new_permit_count":0.0,"CODE":"32","pud_well_count":0.0,"legal_desc":"H&TC RR CO A-32"}},{"type":"Feature","geometry":{"type":"Polygon","coordinates":[[[-101.21280048026719,32.42209332867333],[-101.22820245103846,32.4216255532074],[-101.22819359049716,32.422159504351335],[-101.22793864808091,32.43751950172227],[-101.21242995806733,32.43695143687477],[-101.21280048026719,32.42209332867333]]]},"properties":{"Surv_Name":null,"max_propensity_score":6.0,"top_operator":"HANKAMER, CURTIS CORPO","owner_count":86.0,"ABSTRACT_L":"A-1540","field_name":"Unknown","Surv_Sect":"37","permit_count":0.0,"DESC_":"H&TC RR CO","Block":"26","pending_permit_count":0.0,"production_trend":null,"production_status":"pdp","pdp_well_count":11.0,"well_count":11.0,"STArea__":26676452.884,"ABSTRACT_N":"1540","new_permit_count":0.0,"CODE":"1540","pud_well_count":0.0,"legal_desc":"H&TC RR CO A-1540"}},{"type":"Feature","geometry":{"type":"Polygon","coordinates":[[[-101.20400763403786,32.42412315863407],[-101.21280048026719,32.42209332867333],[-101.21242995806733,32.43695143687477],[-101.21083458943322,32.43690069433997],[-101.19383062322795,32.43635857939307],[-101.19420610368672,32.42638499717617],[-101.20400763403786,32.42412315863407]]]},"properties":{"Surv_Name":"WILLIAMS, E W","max_propensity_score":5.0,"top_operator":"HIGHPEAK ENERGY HOLDIN","owner_count":43.0,"ABSTRACT_L":"A-1371","field_name":"Unknown","Surv_Sect":"38","permit_count":0.0,"DESC_":"H&TC RR CO","Block":"26","pending_permit_count":0.0,"production_trend":null,"production_status":"pdp","pdp_well_count":7.0,"well_count":7.0,"STArea__":25839716.301,"ABSTRACT_N":"1371","new_permit_count":0.0,"CODE":"1371","pud_well_count":0.0,"legal_desc":"WILLIAMS, E W A-1371"}},{"type":"Feature","geometry":{"type":"Polygon","coordinates":[[[-101.18820378919052,32.42776967565306],[-101.19420610368672,32.42638499717617],[-101.19383062322795,32.43635857939307],[-101.18222076403991,32.4359870922676],[-101.18248134924833,32.42908947802738],[-101.18820378919052,32.42776967565306]]]},"properties":{"Surv_Name":null,"max_propensity_score":0.0,"top_operator":"","owner_count":0.0,"ABSTRACT_L":"A-759","field_name":"Unknown","Surv_Sect":"39","permit_count":0.0,"DESC_":"H&TC RR CO","Block":"26","pending_permit_count":0.0,"production_trend":null,"production_status":"pdp","pdp_well_count":1.0,"well_count":1.0,"STArea__":11005523.7716,"ABSTRACT_N":"759","new_permit_count":0.0,"CODE":"759","pud_well_count":0.0,"legal_desc":"H&TC RR CO A-759"}},{"type":"Feature","geometry":{"type":"Polygon","coordinates":[[[-101.1760022747799,32.430583422526134],[-101.18248134924833,32.42908947802738],[-101.18222076403991,32.4359870922676],[-101.17585275588048,32.4357828685356],[-101.1760022747799,32.430583422526134]]]},"properties":{"Surv_Name":"MORRISON, W","max_propensity_score":0.0,"top_operator":"","owner_count":0.0,"ABSTRACT_L":"A-1604","field_name":"Unknown","Surv_Sect":"40","permit_count":0.0,"DESC_":"H&TC RR CO","Block":"26","pending_permit_count":0.0,"production_trend":null,"production_status":"pdp","pdp_well_count":2.0,"well_count":2.0,"STArea__":4346143.16014,"ABSTRACT_N":"1604","new_permit_count":0.0,"CODE":"1604","pud_well_count":0.0,"legal_desc":"MORRISON, W A-1604"}},{"type":"Feature","geometry":{"type":"Polygon","coordinates":[[[-101.25473256290536,32.41284893593799],[-101.26288446809247,32.41110069971878],[-101.26242557892671,32.42338557314312],[-101.26242555951265,32.42338570167906],[-101.25112872329865,32.423162299928755],[-101.24999711955,32.42313966198543],[-101.24992394831501,32.423138209748615],[-101.24952229425845,32.42313044820994],[-101.24537408845299,32.422967965467635],[-101.24537410789154,32.42296783693432],[-101.24568118550043,32.41478936216529],[-101.25473256290536,32.41284893593799]]]},"properties":{"Surv_Name":null,"max_propensity_score":9.0,"top_operator":"HIGHPEAK ENERGY HOLDIN","owner_count":136.0,"ABSTRACT_L":"A-71","field_name":"Unknown","Surv_Sect":"47","permit_count":0.0,"DESC_":"H&TC RR CO","Block":"27","pending_permit_count":0.0,"production_trend":null,"production_status":"pdp","pdp_well_count":1.0,"well_count":1.0,"STArea__":19660897.3167,"ABSTRACT_N":"71","new_permit_count":0.0,"CODE":"71","pud_well_count":0.0,"legal_desc":"H&TC RR CO A-71"}},{"type":"Feature","geometry":{"type":"Polygon","coordinates":[[[-101.23760216299982,32.416520705384684],[-101.24568118550043,32.41478936216529],[-101.24537410789154,32.42296783693432],[-101.22819359049716,32.422159504351335],[-101.22820245103846,32.4216255532074],[-101.22830504976655,32.41851235182032],[-101.23760216299982,32.416520705384684]]]},"properties":{"Surv_Name":"WILLIAMS, J D","max_propensity_score":0.0,"top_operator":"","owner_count":0.0,"ABSTRACT_L":"A-1510","field_name":"Unknown","Surv_Sect":"48","permit_count":0.0,"DESC_":"H&TC RR CO","Block":"27","pending_permit_count":0.0,"production_trend":null,"production_status":"pdp","pdp_well_count":7.0,"well_count":7.0,"STArea__":11436125.2099,"ABSTRACT_N":"1510","new_permit_count":0.0,"CODE":"1510","pud_well_count":0.0,"legal_desc":"WILLIAMS, J D A-1510"}},{"type":"Feature","geometry":{"type":"Polygon","coordinates":[[[-101.22081127027933,32.42024341397063],[-101.22830504976655,32.41851235182032],[-101.22820245103846,32.4216255532074],[-101.21280048026719,32.42209332867333],[-101.22081127027933,32.42024341397063]]]},"properties":{"Surv_Name":null,"max_propensity_score":0.0,"top_operator":"","owner_count":0.0,"ABSTRACT_L":"A-?6","field_name":"Unknown","Surv_Sect":"60","permit_count":0.0,"DESC_":"STATE OF TEXAS","Block":null,"pending_permit_count":0.0,"production_trend":null,"production_status":"pdp","pdp_well_count":1.0,"well_count":1.0,"STArea__":2688627.42518,"ABSTRACT_N":"?6","new_permit_count":0.0,"CODE":"?6","pud_well_count":0.0,"legal_desc":"STATE OF TEXAS A-?6"}},{"type":"Feature","geometry":{"type":"Polygon","coordinates":[[[-101.24220608176307,32.11636428784406],[-101.2428805921898,32.10173101022486],[-101.25893842388797,32.10234817281779],[-101.25826466444411,32.11694325213945],[-101.24220608176307,32.11636428784406]]]},"properties":{"Surv_Name":null,"max_propensity_score":5.0,"top_operator":"GRAYROCK ENERGY II, LL","owner_count":60.0,"ABSTRACT_L":"A-470","field_name":"Unknown","Surv_Sect":"123","permit_count":0.0,"DESC_":"W&NW RR CO","Block":"29","pending_permit_count":0.0,"production_trend":null,"production_status":"pdp","pdp_well_count":143.0,"well_count":143.0,"STArea__":26482701.4605,"ABSTRACT_N":"470","new_permit_count":0.0,"CODE":"470","pud_well_count":0.0,"legal_desc":"W&NW RR CO A-470"}},{"type":"Feature","geometry":{"type":"Polygon","coordinates":[[[-101.2244788885825,32.12306131023252],[-101.22482643738716,32.1157353325815],[-101.24220608176307,32.11636428784406],[-101.24153964894454,32.13081765438086],[-101.22414006679423,32.130202178990636],[-101.2244788885825,32.12306131023252]]]},"properties":{"Surv_Name":null,"max_propensity_score":6.0,"top_operator":"GRAYROCK ENERGY II, LL","owner_count":73.0,"ABSTRACT_L":"A-1483","field_name":"Unknown","Surv_Sect":"115","permit_count":0.0,"DESC_":"W&NW RR CO","Block":"29","pending_permit_count":0.0,"production_trend":null,"production_status":"pdp","pdp_well_count":52.0,"well_count":52.0,"STArea__":28370344.7303,"ABSTRACT_N":"1483","new_permit_count":0.0,"CODE":"1483","pud_well_count":0.0,"legal_desc":"W&NW RR CO A-1483"}},{"type":"Feature","geometry":{"type":"Polygon","coordinates":[[[-101.22482643738716,32.1157353325815],[-101.22552240219152,32.10106150999104],[-101.2428805921898,32.10173101022486],[-101.24220608176307,32.11636428784406],[-101.22482643738716,32.1157353325815]]]},"properties":{"Surv_Name":"HARRAL, T E","max_propensity_score":3.0,"top_operator":"P4 OPERATING, LLC","owner_count":44.0,"ABSTRACT_L":"A-1132","field_name":"Unknown","Surv_Sect":"122","permit_count":0.0,"DESC_":"W&NW RR CO","Block":"29","pending_permit_count":0.0,"production_trend":null,"production_status":"pdp","pdp_well_count":48.0,"well_count":48.0,"STArea__":28722514.4645,"ABSTRACT_N":"1132","new_permit_count":0.0,"CODE":"1132","pud_well_count":0.0,"legal_desc":"HARRAL, T E A-1132"}},{"type":"Feature","geometry":{"type":"Polygon","coordinates":[[[-101.25804318626604,32.12500122649687],[-101.25826466444411,32.11694325213945],[-101.26738696681113,32.11727120709047],[-101.27576639074343,32.11757185929304],[-101.27536571575253,32.12500175976324],[-101.27487698705326,32.132052820818565],[-101.25759667967438,32.131408597532364],[-101.25804318626604,32.12500122649687]]]},"properties":{"Surv_Name":null,"max_propensity_score":10.0,"top_operator":"CITATION OIL & GAS COR","owner_count":175.0,"ABSTRACT_L":"A-469","field_name":"Unknown","Surv_Sect":"113","permit_count":0.0,"DESC_":"W&NW RR CO","Block":"29","pending_permit_count":0.0,"production_trend":null,"production_status":"pdp","pdp_well_count":165.0,"well_count":165.0,"STArea__":28328891.4018,"ABSTRACT_N":"469","new_permit_count":0.0,"CODE":"469","pud_well_count":0.0,"legal_desc":"W&NW RR CO A-469"}},{"type":"Feature","geometry":{"type":"Polygon","coordinates":[[[-101.24153964894454,32.13081765438086],[-101.24220608176307,32.11636428784406],[-101.25826466444411,32.11694325213945],[-101.25804318626604,32.12500122649687],[-101.25759667967438,32.131408597532364],[-101.24153964894454,32.13081765438086]]]},"properties":{"Surv_Name":"HARRAL, T E","max_propensity_score":10.0,"top_operator":"CITATION OIL & GAS COR","owner_count":422.0,"ABSTRACT_L":"A-1131","field_name":"Unknown","Surv_Sect":"114","permit_count":0.0,"DESC_":"W&NW RR CO","Block":"29","pending_permit_count":0.0,"production_trend":null,"production_status":"pdp","pdp_well_count":202.0,"well_count":202.0,"STArea__":26318898.4157,"ABSTRACT_N":"1131","new_permit_count":0.0,"CODE":"1131","pud_well_count":0.0,"legal_desc":"HARRAL, T E A-1131"}},{"type":"Feature","geometry":{"type":"Polygon","coordinates":[[[-101.20810185971541,32.115127764748785],[-101.20869208313141,32.10041002886675],[-101.22552240219152,32.10106150999104],[-101.22482643738716,32.1157353325815],[-101.20810185971541,32.115127764748785]]]},"properties":{"Surv_Name":null,"max_propensity_score":0.0,"top_operator":"","owner_count":0.0,"ABSTRACT_L":"A-735","field_name":"Unknown","Surv_Sect":"121","permit_count":0.0,"DESC_":"W&NW RR CO","Block":"29","pending_permit_count":0.0,"production_trend":null,"production_status":"pdp","pdp_well_count":51.0,"well_count":51.0,"STArea__":27821632.0822,"ABSTRACT_N":"735","new_permit_count":0.0,"CODE":"735","pud_well_count":0.0,"legal_desc":"W&NW RR CO A-735"}},{"type":"Feature","geometry":{"type":"Polygon","coordinates":[[[-101.22344956412402,32.14475141126789],[-101.22414006679423,32.130202178990636],[-101.24153964894454,32.13081765438086],[-101.24086682911685,32.14540480974163],[-101.22344956412402,32.14475141126789]]]},"properties":{"Surv_Name":"CHALK, O","max_propensity_score":6.0,"top_operator":"EXTEX OPERATING COMPAN","owner_count":144.0,"ABSTRACT_L":"A-1394","field_name":"Unknown","Surv_Sect":"94","permit_count":0.0,"DESC_":"W&NW RR CO","Block":"29","pending_permit_count":0.0,"production_trend":null,"production_status":"pdp","pdp_well_count":83.0,"well_count":83.0,"STArea__":28609532.9159,"ABSTRACT_N":"1394","new_permit_count":0.0,"CODE":"1394","pud_well_count":0.0,"legal_desc":"CHALK, O A-1394"}},{"type":"Feature","geometry":{"type":"Polygon","coordinates":[[[-101.24086682911685,32.14540480974163],[-101.24153964894454,32.13081765438086],[-101.25759667967438,32.131408597532364],[-101.25692242533374,32.146004941109524],[-101.24086682911685,32.14540480974163]]]},"properties":{"Surv_Name":null,"max_propensity_score":10.0,"top_operator":"CITATION OIL & GAS COR","owner_count":476.0,"ABSTRACT_L":"A-460","field_name":"Unknown","Surv_Sect":"95","permit_count":0.0,"DESC_":"W&NW RR CO","Block":"29","pending_permit_count":0.0,"production_trend":null,"production_status":"pdp","pdp_well_count":89.0,"well_count":89.0,"STArea__":26430095.6711,"ABSTRACT_N":"460","new_permit_count":0.0,"CODE":"460","pud_well_count":0.0,"legal_desc":"W&NW RR CO A-460"}},{"type":"Feature","geometry":{"type":"Polygon","coordinates":[[[-101.20869208313141,32.10041002886675],[-101.20921846633337,32.08728013484916],[-101.22617448507305,32.087308556170996],[-101.22552240219152,32.10106150999104],[-101.20869208313141,32.10041002886675]]]},"properties":{"Surv_Name":"HARRAL, T E","max_propensity_score":5.0,"top_operator":"SCOUT ENERGY MANAGEMEN","owner_count":20.0,"ABSTRACT_L":"A-1130","field_name":"Unknown","Surv_Sect":"144","permit_count":0.0,"DESC_":"W&NW RR CO","Block":"29","pending_permit_count":0.0,"production_trend":null,"production_status":"pdp","pdp_well_count":12.0,"well_count":12.0,"STArea__":25607079.0023,"ABSTRACT_N":"1130","new_permit_count":0.0,"CODE":"1130","pud_well_count":0.0,"legal_desc":"HARRAL, T E A-1130"}},{"type":"Feature","geometry":{"type":"Polygon","coordinates":[[[-101.19154533617026,32.09974392913206],[-101.19219149162282,32.08723412990527],[-101.20921846633337,32.08728013484916],[-101.20869208313141,32.10041002886675],[-101.19154533617026,32.09974392913206]]]},"properties":{"Surv_Name":null,"max_propensity_score":0.0,"top_operator":"","owner_count":0.0,"ABSTRACT_L":"A-734","field_name":"Unknown","Surv_Sect":"145","permit_count":0.0,"DESC_":"W&NW RR CO","Block":"29","pending_permit_count":0.0,"production_trend":null,"production_status":"pdp","pdp_well_count":4.0,"well_count":4.0,"STArea__":24704793.1325,"ABSTRACT_N":"734","new_permit_count":0.0,"CODE":"734","pud_well_count":0.0,"legal_desc":"W&NW RR CO A-734"}},{"type":"Feature","geometry":{"type":"Polygon","coordinates":[[[-101.18375433151883,32.09944048181286],[-101.18399701791695,32.08720877109149],[-101.19219149162282,32.08723412990527],[-101.19154533617026,32.09974392913206],[-101.18375433151883,32.09944048181286]]]},"properties":{"Surv_Name":"HARRAL, W R JR","max_propensity_score":6.0,"top_operator":"WALSH & WATTS, INC.","owner_count":18.0,"ABSTRACT_L":"A-1572","field_name":"Unknown","Surv_Sect":"146","permit_count":0.0,"DESC_":"W&NW RR CO","Block":"29","pending_permit_count":0.0,"production_trend":null,"production_status":"pdp","pdp_well_count":3.0,"well_count":3.0,"STArea__":11149024.0526,"ABSTRACT_N":"1572","new_permit_count":0.0,"CODE":"1572","pud_well_count":0.0,"legal_desc":"HARRAL, W R JR A-1572"}},{"type":"Feature","geometry":{"type":"Polygon","coordinates":[[[-101.19078312060331,32.114496215817006],[-101.19154533617026,32.09974392913206],[-101.20869208313141,32.10041002886675],[-101.20810185971541,32.115127764748785],[-101.19078312060331,32.114496215817006]]]},"properties":{"Surv_Name":"HARRELL, W R JR","max_propensity_score":0.0,"top_operator":"","owner_count":0.0,"ABSTRACT_L":"A-1284","field_name":"Unknown","Surv_Sect":"120","permit_count":0.0,"DESC_":"W&NW RR CO","Block":"29","pending_permit_count":0.0,"production_trend":null,"production_status":"pdp","pdp_well_count":18.0,"well_count":18.0,"STArea__":28655588.106,"ABSTRACT_N":"1284","new_permit_count":0.0,"CODE":"1284","pud_well_count":0.0,"legal_desc":"HARRELL, W R JR A-1284"}},{"type":"Feature","geometry":{"type":"Polygon","coordinates":[[[-101.18338713890995,32.11422576904663],[-101.18375433151883,32.09944048181286],[-101.19154533617026,32.09974392913206],[-101.19078312060331,32.114496215817006],[-101.18338713890995,32.11422576904663]]]},"properties":{"Surv_Name":null,"max_propensity_score":6.0,"top_operator":"OWL OPS LLC","owner_count":8.0,"ABSTRACT_L":"A-1616","field_name":"Unknown","Surv_Sect":"119","permit_count":0.0,"DESC_":"W&NW RR CO","Block":"29","pending_permit_count":0.0,"production_trend":null,"production_status":"pdp","pdp_well_count":1.0,"well_count":1.0,"STArea__":12652350.9747,"ABSTRACT_N":"1616","new_permit_count":0.0,"CODE":"1616","pud_well_count":0.0,"legal_desc":"W&NW RR CO A-1616"}},{"type":"Feature","geometry":{"type":"Polygon","coordinates":[[[-101.22552240219152,32.10106150999104],[-101.22617448507305,32.087308556170996],[-101.2379259297169,32.087321622189094],[-101.24354890187374,32.08722755509972],[-101.2428805921898,32.10173101022486],[-101.22552240219152,32.10106150999104]]]},"properties":{"Surv_Name":null,"max_propensity_score":2.0,"top_operator":"GRAYROCK ENERGY II, LL","owner_count":3.0,"ABSTRACT_L":"A-1617","field_name":"Unknown","Surv_Sect":"143","permit_count":0.0,"DESC_":"W&NW RR CO","Block":"29","pending_permit_count":0.0,"production_trend":null,"production_status":"pdp","pdp_well_count":32.0,"well_count":32.0,"STArea__":27600534.0923,"ABSTRACT_N":"1617","new_permit_count":0.0,"CODE":"1617","pud_well_count":0.0,"legal_desc":"W&NW RR CO A-1617"}},{"type":"Feature","geometry":{"type":"Polygon","coordinates":[[[-101.386658153501,32.4442565559371],[-101.40327779774204,32.44022589655692],[-101.40745805511612,32.45433024366537],[-101.39102108664815,32.45823343570652],[-101.386658153501,32.4442565559371]]]},"properties":{"Surv_Name":null,"max_propensity_score":8.0,"top_operator":"SM ENERGY COMPANY","owner_count":116.0,"ABSTRACT_L":"A-186","field_name":"Unknown","Surv_Sect":"19","permit_count":0.0,"DESC_":"T&P RR CO","Block":"31 T2N","pending_permit_count":0.0,"production_trend":null,"production_status":"pdp","pdp_well_count":2.0,"well_count":2.0,"STArea__":27944836.734,"ABSTRACT_N":"186","new_permit_count":0.0,"CODE":"186","pud_well_count":0.0,"legal_desc":"T2N BLK 31 SEC 19 A-186"}},{"type":"Feature","geometry":{"type":"Polygon","coordinates":[[[-101.42781830472607,32.43509502624252],[-101.43649834984085,32.43326561242931],[-101.4406330639915,32.44719526898077],[-101.42399658377241,32.450773115049444],[-101.42195965265033,32.44376923733008],[-101.41991801901645,32.43674805101832],[-101.42781830472607,32.43509502624252]]]},"properties":{"Surv_Name":null,"max_propensity_score":10.0,"top_operator":"SM ENERGY COMPANY","owner_count":1126.0,"ABSTRACT_L":"A-185","field_name":"Unknown","Surv_Sect":"17","permit_count":0.0,"DESC_":"T&P RR CO","Block":"31 T2N","pending_permit_count":0.0,"production_trend":null,"production_status":"pdp","pdp_well_count":3.0,"well_count":3.0,"STArea__":27675115.975,"ABSTRACT_N":"185","new_permit_count":0.0,"CODE":"185","pud_well_count":0.0,"legal_desc":"T2N BLK 31 SEC 17 A-185"}},{"type":"Feature","geometry":{"type":"Polygon","coordinates":[[[-101.45312065818153,32.42977229975991],[-101.46948315142293,32.42629176080025],[-101.47370515258731,32.44010903481951],[-101.46541067847112,32.44188410724407],[-101.45720635126663,32.443699602760695],[-101.45312065818153,32.42977229975991]]]},"properties":{"Surv_Name":null,"max_propensity_score":9.0,"top_operator":"VITAL ENERGY, INC.","owner_count":354.0,"ABSTRACT_L":"A-274","field_name":"Unknown","Surv_Sect":"23","permit_count":0.0,"DESC_":"T&P RR CO","Block":"32 T2N","pending_permit_count":0.0,"production_trend":null,"production_status":"pdp","pdp_well_count":35.0,"well_count":35.0,"STArea__":27203385.455,"ABSTRACT_N":"274","new_permit_count":0.0,"CODE":"274","pud_well_count":0.0,"legal_desc":"T2N BLK 32 SEC 23 A-274"}},{"type":"Feature","geometry":{"type":"Polygon","coordinates":[[[-101.3823160921001,32.43018735435296],[-101.39918677499529,32.42650139057715],[-101.40327779774204,32.44022589655692],[-101.386658153501,32.4442565559371],[-101.3823160921001,32.43018735435296]]]},"properties":{"Surv_Name":"MORGAN, P S","max_propensity_score":8.0,"top_operator":"OVINTIV USA INC.","owner_count":1135.0,"ABSTRACT_L":"A-1302","field_name":"Unknown","Surv_Sect":"24","permit_count":0.0,"DESC_":"T&P RR CO","Block":"31 T2N","pending_permit_count":0.0,"production_trend":null,"production_status":"pdp","pdp_well_count":10.0,"well_count":10.0,"STArea__":27944887.1292,"ABSTRACT_N":"1302","new_permit_count":0.0,"CODE":"1302","pud_well_count":0.0,"legal_desc":"T2N BLK 31 SEC 24 A-1302"}},{"type":"Feature","geometry":{"type":"Polygon","coordinates":[[[-101.39918677499529,32.42650139057715],[-101.41574344299515,32.42284765901946],[-101.41991801901645,32.43674805101832],[-101.4115121817938,32.438499054496766],[-101.40327779774204,32.44022589655692],[-101.39918677499529,32.42650139057715]]]},"properties":{"Surv_Name":null,"max_propensity_score":9.0,"top_operator":"OVINTIV USA INC.","owner_count":506.0,"ABSTRACT_L":"A-188","field_name":"Unknown","Surv_Sect":"25","permit_count":0.0,"DESC_":"T&P RR CO","Block":"31 T2N","pending_permit_count":0.0,"production_trend":null,"production_status":"pdp","pdp_well_count":12.0,"well_count":12.0,"STArea__":27382215.3922,"ABSTRACT_N":"188","new_permit_count":0.0,"CODE":"188","pud_well_count":0.0,"legal_desc":"T2N BLK 31 SEC 25 A-188"}},{"type":"Feature","geometry":{"type":"Polygon","coordinates":[[[-101.43238905156676,32.41917503793461],[-101.44895164243572,32.41559050482749],[-101.45312065818153,32.42977229975991],[-101.44476169995113,32.43153334064753],[-101.43649834984085,32.43326561242931],[-101.43238905156676,32.41917503793461]]]},"properties":{"Surv_Name":null,"max_propensity_score":0.0,"top_operator":"","owner_count":0.0,"ABSTRACT_L":"A-275","field_name":"Unknown","Surv_Sect":"25","permit_count":0.0,"DESC_":"T&P RR CO","Block":"32 T2N","pending_permit_count":0.0,"production_trend":null,"production_status":"pdp","pdp_well_count":10.0,"well_count":10.0,"STArea__":27977659.6213,"ABSTRACT_N":"275","new_permit_count":0.0,"CODE":"275","pud_well_count":0.0,"legal_desc":"T2N BLK 32 SEC 25 A-275"}},{"type":"Feature","geometry":{"type":"Polygon","coordinates":[[[-101.44895164243572,32.41559050482749],[-101.4651385673344,32.41219613056455],[-101.46948315142293,32.42629176080025],[-101.45312065818153,32.42977229975991],[-101.44895164243572,32.41559050482749]]]},"properties":{"Surv_Name":"MANION, R K","max_propensity_score":8.0,"top_operator":"SM ENERGY COMPANY","owner_count":144.0,"ABSTRACT_L":"A-1060","field_name":"Unknown","Surv_Sect":"26","permit_count":0.0,"DESC_":"T&P RR CO","Block":"32 T2N","pending_permit_count":0.0,"production_trend":null,"production_status":"pdp","pdp_well_count":7.0,"well_count":7.0,"STArea__":27473652.9046,"ABSTRACT_N":"1060","new_permit_count":0.0,"CODE":"1060","pud_well_count":0.0,"legal_desc":"T2N BLK 32 SEC 26 A-1060"}},{"type":"Feature","geometry":{"type":"Polygon","coordinates":[[[-101.4651385673344,32.41219613056455],[-101.48166956874782,32.40864511393829],[-101.48585886558007,32.42262270317028],[-101.47784049190302,32.424386694666104],[-101.46948315142293,32.42629176080025],[-101.4651385673344,32.41219613056455]]]},"properties":{"Surv_Name":null,"max_propensity_score":8.0,"top_operator":"HIBERNIA RESOURCES IV,","owner_count":323.0,"ABSTRACT_L":"A-276","field_name":"Unknown","Surv_Sect":"27","permit_count":0.0,"DESC_":"T&P RR CO","Block":"32 T2N","pending_permit_count":0.0,"production_trend":null,"production_status":"pdp","pdp_well_count":22.0,"well_count":22.0,"STArea__":27626079.9469,"ABSTRACT_N":"276","new_permit_count":0.0,"CODE":"276","pud_well_count":0.0,"legal_desc":"T2N BLK 32 SEC 27 A-276"}},{"type":"Feature","geometry":{"type":"Polygon","coordinates":[[[-101.39496697426468,32.41257429012184],[-101.41157960232698,32.40874718154449],[-101.41574344299515,32.42284765901946],[-101.39918677499529,32.42650139057715],[-101.39496697426468,32.41257429012184]]]},"properties":{"Surv_Name":"MORGAN, P S","max_propensity_score":0.0,"top_operator":"","owner_count":0.0,"ABSTRACT_L":"A-1729","field_name":"Unknown","Surv_Sect":"28","permit_count":0.0,"DESC_":"T&P RR CO","Block":"31 T2N","pending_permit_count":0.0,"production_trend":null,"production_status":"pdp","pdp_well_count":1.0,"well_count":1.0,"STArea__":27851519.7258,"ABSTRACT_N":"1729","new_permit_count":0.0,"CODE":"1729","pud_well_count":0.0,"legal_desc":"T2N BLK 31 SEC 28 A-1729"}},{"type":"Feature","geometry":{"type":"Polygon","coordinates":[[[-101.41157960232698,32.40874718154449],[-101.42812048498442,32.405103967089275],[-101.43238905156676,32.41917503793461],[-101.42373044684975,32.421084186119145],[-101.41574344299515,32.42284765901946],[-101.41157960232698,32.40874718154449]]]},"properties":{"Surv_Name":null,"max_propensity_score":7.0,"top_operator":"GRAYROCK ENERGY II, LL","owner_count":29.0,"ABSTRACT_L":"A-189","field_name":"Unknown","Surv_Sect":"27","permit_count":0.0,"DESC_":"T&P RR CO","Block":"31 T2N","pending_permit_count":0.0,"production_trend":null,"production_status":"pdp","pdp_well_count":18.0,"well_count":18.0,"STArea__":27970034.517,"ABSTRACT_N":"189","new_permit_count":0.0,"CODE":"189","pud_well_count":0.0,"legal_desc":"T2N BLK 31 SEC 27 A-189"}},{"type":"Feature","geometry":{"type":"Polygon","coordinates":[[[-101.42812048498442,32.405103967089275],[-101.44462984416839,32.40163583068488],[-101.44895164243572,32.41559050482749],[-101.43238905156676,32.41917503793461],[-101.42812048498442,32.405103967089275]]]},"properties":{"Surv_Name":"CLINTON, C A","max_propensity_score":6.0,"top_operator":"SM ENERGY COMPANY","owner_count":112.0,"ABSTRACT_L":"A-620","field_name":"Unknown","Surv_Sect":"36","permit_count":0.0,"DESC_":"T&P RR CO","Block":"32 T2N","pending_permit_count":0.0,"production_trend":null,"production_status":"pdp","pdp_well_count":15.0,"well_count":15.0,"STArea__":27715703.5214,"ABSTRACT_N":"620","new_permit_count":0.0,"CODE":"620","pud_well_count":0.0,"legal_desc":"T2N BLK 32 SEC 36 A-620"}},{"type":"Feature","geometry":{"type":"Polygon","coordinates":[[[-101.36542735606571,32.404097830886535],[-101.37403452664704,32.40219009882932],[-101.37834904312516,32.41622941564816],[-101.36466209274266,32.419145706291275],[-101.3651087084776,32.4113979018701],[-101.36542735606571,32.404097830886535]]]},"properties":{"Surv_Name":null,"max_propensity_score":0.0,"top_operator":"","owner_count":0.0,"ABSTRACT_L":"A-191","field_name":"Unknown","Surv_Sect":"31","permit_count":0.0,"DESC_":"T&P RR CO","Block":"31 T2N","pending_permit_count":0.0,"production_trend":null,"production_status":"pdp","pdp_well_count":7.0,"well_count":7.0,"STArea__":18637285.034,"ABSTRACT_N":"191","new_permit_count":0.0,"CODE":"191","pud_well_count":0.0,"legal_desc":"T2N BLK 31 SEC 31 A-191"}},{"type":"Feature","geometry":{"type":"Polygon","coordinates":[[[-101.44462984416839,32.40163583068488],[-101.46091287502679,32.39804450401876],[-101.4651385673344,32.41219613056455],[-101.44895164243572,32.41559050482749],[-101.44462984416839,32.40163583068488]]]},"properties":{"Surv_Name":null,"max_propensity_score":8.0,"top_operator":"OVINTIV USA INC.","owner_count":265.0,"ABSTRACT_L":"A-280","field_name":"Unknown","Surv_Sect":"35","permit_count":0.0,"DESC_":"T&P RR CO","Block":"32 T2N","pending_permit_count":0.0,"production_trend":null,"production_status":"pdp","pdp_well_count":15.0,"well_count":15.0,"STArea__":27292088.9984,"ABSTRACT_N":"280","new_permit_count":0.0,"CODE":"280","pud_well_count":0.0,"legal_desc":"T2N BLK 32 SEC 35 A-280"}},{"type":"Feature","geometry":{"type":"Polygon","coordinates":[[[-101.46091287502679,32.39804450401876],[-101.47744268295037,32.39437734293847],[-101.48166956874782,32.40864511393829],[-101.4651385673344,32.41219613056455],[-101.46091287502679,32.39804450401876]]]},"properties":{"Surv_Name":"BATCHELOR, J E","max_propensity_score":8.0,"top_operator":"HIBERNIA RESOURCES IV,","owner_count":37.0,"ABSTRACT_L":"A-612","field_name":"Unknown","Surv_Sect":"34","permit_count":0.0,"DESC_":"T&P RR CO","Block":"32 T2N","pending_permit_count":0.0,"production_trend":null,"production_status":"pdp","pdp_well_count":46.0,"well_count":46.0,"STArea__":28086443.471,"ABSTRACT_N":"612","new_permit_count":0.0,"CODE":"612","pud_well_count":0.0,"legal_desc":"T2N BLK 32 SEC 34 A-612"}},{"type":"Feature","geometry":{"type":"Polygon","coordinates":[[[-101.39067618098368,32.39842930825513],[-101.40720935197109,32.39451504598309],[-101.41157960232698,32.40874718154449],[-101.39496697426468,32.41257429012184],[-101.39278267883648,32.40536343962116],[-101.39067618098368,32.39842930825513]]]},"properties":{"Surv_Name":null,"max_propensity_score":9.0,"top_operator":"VITAL ENERGY, INC.","owner_count":554.0,"ABSTRACT_L":"A-192","field_name":"Unknown","Surv_Sect":"33","permit_count":0.0,"DESC_":"T&P RR CO","Block":"31 T2N","pending_permit_count":0.0,"production_trend":null,"production_status":"pdp","pdp_well_count":18.0,"well_count":18.0,"STArea__":28281682.9596,"ABSTRACT_N":"192","new_permit_count":0.0,"CODE":"192","pud_well_count":0.0,"legal_desc":"T2N BLK 31 SEC 33 A-192"}},{"type":"Feature","geometry":{"type":"Polygon","coordinates":[[[-101.23353335204618,32.40306168434535],[-101.25041378783318,32.399294543164736],[-101.25473256290536,32.41284893593799],[-101.24568118550043,32.41478936216529],[-101.23760216299982,32.416520705384684],[-101.23334788169683,32.40310149445114],[-101.23353335204618,32.40306168434535]]]},"properties":{"Surv_Name":"MC KINNEY, B F","max_propensity_score":10.0,"top_operator":"HIGHPEAK ENERGY HOLDIN","owner_count":334.0,"ABSTRACT_L":"A-1382","field_name":"Unknown","Surv_Sect":"2","permit_count":0.0,"DESC_":"T&P RR CO","Block":"30 T1N","pending_permit_count":0.0,"production_trend":null,"production_status":"pdp","pdp_well_count":6.0,"well_count":7.0,"STArea__":27688643.5562,"ABSTRACT_N":"1382","new_permit_count":0.0,"CODE":"1382","pud_well_count":1.0,"legal_desc":"T1N BLK 30 SEC 2 A-1382"}},{"type":"Feature","geometry":{"type":"Polygon","coordinates":[[[-101.48544702795174,32.39256796957184],[-101.49419295944602,32.39078585492359],[-101.49792521563211,32.40297379668069],[-101.49842894453266,32.404628364261036],[-101.49854363157613,32.405005059423196],[-101.49027173323059,32.40680427217206],[-101.48166956874782,32.40864511393829],[-101.47744268295037,32.39437734293847],[-101.48544702795174,32.39256796957184]]]},"properties":{"Surv_Name":null,"max_propensity_score":7.0,"top_operator":"HIBERNIA RESOURCES IV,","owner_count":23.0,"ABSTRACT_L":"A-279","field_name":"Unknown","Surv_Sect":"33","permit_count":0.0,"DESC_":"T&P RR CO","Block":"32 T2N","pending_permit_count":0.0,"production_trend":null,"production_status":"pdp","pdp_well_count":28.0,"well_count":28.0,"STArea__":28733633.759,"ABSTRACT_N":"279","new_permit_count":0.0,"CODE":"279","pud_well_count":0.0,"legal_desc":"T2N BLK 32 SEC 33 A-279"}},{"type":"Feature","geometry":{"type":"Polygon","coordinates":[[[-101.40720935197109,32.39451504598309],[-101.42382858977881,32.39095136630887],[-101.42812048498442,32.405103967089275],[-101.41157960232698,32.40874718154449],[-101.40720935197109,32.39451504598309]]]},"properties":{"Surv_Name":"DENMARK, A G","max_propensity_score":0.0,"top_operator":"","owner_count":0.0,"ABSTRACT_L":"A-598","field_name":"Unknown","Surv_Sect":"34","permit_count":0.0,"DESC_":"T&P RR CO","Block":"31 T2N","pending_permit_count":0.0,"production_trend":null,"production_status":"pdp","pdp_well_count":4.0,"well_count":4.0,"STArea__":28174235.9162,"ABSTRACT_N":"598","new_permit_count":0.0,"CODE":"598","pud_well_count":0.0,"legal_desc":"T2N BLK 31 SEC 34 A-598"}},{"type":"Feature","geometry":{"type":"Polygon","coordinates":[[[-101.26689578199766,32.39561379294124],[-101.28315779876544,32.39197972060329],[-101.28724346536109,32.40580751639919],[-101.27994021729637,32.407441010633214],[-101.2725808556873,32.40902044978285],[-101.27145733197875,32.40926153293067],[-101.27107067746147,32.40934449796509],[-101.26689578199766,32.39561379294124]]]},"properties":{"Surv_Name":"COFFEE, L","max_propensity_score":8.0,"top_operator":"APACHE CORPORATION","owner_count":689.0,"ABSTRACT_L":"A-1032","field_name":"Unknown","Surv_Sect":"4","permit_count":0.0,"DESC_":"T&P RR CO","Block":"30 T1N","pending_permit_count":0.0,"production_trend":null,"production_status":"none","pdp_well_count":0.0,"well_count":0.0,"STArea__":26786880.5582,"ABSTRACT_N":"1032","new_permit_count":0.0,"CODE":"1032","pud_well_count":0.0,"legal_desc":"T1N BLK 30 SEC 4 A-1032"}},{"type":"Feature","geometry":{"type":"Polygon","coordinates":[[[-101.43322465955052,32.389028180047596],[-101.44029636884903,32.38757995348337],[-101.44149291406488,32.39147713983219],[-101.44182240248205,32.3925689558252],[-101.44243814993382,32.39455772802495],[-101.44462984416839,32.40163583068488],[-101.42812048504366,32.405103968892206],[-101.42382858977881,32.39095136630887],[-101.43322465955052,32.389028180047596]]]},"properties":{"Surv_Name":null,"max_propensity_score":8.0,"top_operator":"VITAL ENERGY, INC.","owner_count":663.0,"ABSTRACT_L":"A-281","field_name":"Unknown","Surv_Sect":"37","permit_count":0.0,"DESC_":"T&P RR CO","Block":"32 T2N","pending_permit_count":0.0,"production_trend":null,"production_status":"pdp","pdp_well_count":3.0,"well_count":3.0,"STArea__":27761691.4912,"ABSTRACT_N":"281","new_permit_count":0.0,"CODE":"281","pud_well_count":0.0,"legal_desc":"T2N BLK 32 SEC 37 A-281"}},{"type":"Feature","geometry":{"type":"Polygon","coordinates":[[[-101.28315779876544,32.39197972060329],[-101.29913812209824,32.38840622912562],[-101.30329259049032,32.4020593219756],[-101.29673210258895,32.403575597871324],[-101.28724346536109,32.40580751639919],[-101.28315779876544,32.39197972060329]]]},"properties":{"Surv_Name":null,"max_propensity_score":6.0,"top_operator":"BAYSWATER OPERATING CO","owner_count":108.0,"ABSTRACT_L":"A-226","field_name":"Unknown","Surv_Sect":"5","permit_count":0.0,"DESC_":"T&P RR CO","Block":"30 T1N","pending_permit_count":0.0,"production_trend":null,"production_status":"pdp","pdp_well_count":4.0,"well_count":4.0,"STArea__":26388087.7547,"ABSTRACT_N":"226","new_permit_count":0.0,"CODE":"226","pud_well_count":0.0,"legal_desc":"T1N BLK 30 SEC 5 A-226"}},{"type":"Feature","geometry":{"type":"Polygon","coordinates":[[[-101.44213636391301,32.387194425105925],[-101.45672806500167,32.38413455158369],[-101.46091287502679,32.39804450401876],[-101.44462984416839,32.40163583068488],[-101.44243814993382,32.39455772802495],[-101.44182240248205,32.3925689558252],[-101.44149291406488,32.39147713983219],[-101.44029642251738,32.38758012993663],[-101.44213636391301,32.387194425105925]]]},"properties":{"Surv_Name":"MANION, R K","max_propensity_score":6.0,"top_operator":"OVINTIV USA INC.","owner_count":28.0,"ABSTRACT_L":"A-1059","field_name":"Unknown","Surv_Sect":"38","permit_count":0.0,"DESC_":"T&P RR CO","Block":"32 T2N","pending_permit_count":0.0,"production_trend":null,"production_status":"pdp","pdp_well_count":4.0,"well_count":4.0,"STArea__":27374998.6219,"ABSTRACT_N":"1059","new_permit_count":0.0,"CODE":"1059","pud_well_count":0.0,"legal_desc":"T2N BLK 32 SEC 38 A-1059"}},{"type":"Feature","geometry":{"type":"Polygon","coordinates":[[[-101.53575848635184,32.46929404377966],[-101.55232349148235,32.46546477135396],[-101.55453791852445,32.4736731458403],[-101.5560661123241,32.47935674192498],[-101.55610935598091,32.47951755957566],[-101.54014318564407,32.483358763001554],[-101.540087284467,32.48320078346197],[-101.53543619018104,32.469371931581975],[-101.53575848635184,32.46929404377966]]]},"properties":{"Surv_Name":null,"max_propensity_score":0.0,"top_operator":"","owner_count":0.0,"ABSTRACT_L":"A-296","field_name":"Unknown","Surv_Sect":"43","permit_count":0.0,"DESC_":"T&P RR CO","Block":"32 T3N","pending_permit_count":0.0,"production_trend":null,"production_status":"pdp","pdp_well_count":19.0,"well_count":19.0,"STArea__":27691052.1965,"ABSTRACT_N":"296","new_permit_count":0.0,"CODE":"296","pud_well_count":0.0,"legal_desc":"T3N BLK 32 SEC 43 A-296"}},{"type":"Feature","geometry":{"type":"Polygon","coordinates":[[[-101.55232349148235,32.46546477135396],[-101.56914193859474,32.46203315255061],[-101.56946381693835,32.461977435394424],[-101.57064618161415,32.46731662165863],[-101.57324191089512,32.47541658707656],[-101.57342099055043,32.47597534932329],[-101.57281475953967,32.47609681680563],[-101.55610935598091,32.47951755957566],[-101.5560661123241,32.47935674192498],[-101.55453791852445,32.4736731458403],[-101.55232349148235,32.46546477135396]]]},"properties":{"Surv_Name":"AKIN, E T","max_propensity_score":8.0,"top_operator":"SURGE OPERATING, LLC","owner_count":141.0,"ABSTRACT_L":"A-994","field_name":"Unknown","Surv_Sect":"48","permit_count":0.0,"DESC_":"T&P RR CO","Block":"33 T3N","pending_permit_count":0.0,"production_trend":null,"production_status":"pdp","pdp_well_count":8.0,"well_count":8.0,"STArea__":28380841.6206,"ABSTRACT_N":"994","new_permit_count":0.0,"CODE":"994","pud_well_count":0.0,"legal_desc":"T3N BLK 33 SEC 48 A-994"}},{"type":"Feature","geometry":{"type":"Polygon","coordinates":[[[-101.57785027050431,32.46003688931688],[-101.58573700628746,32.45845924542514],[-101.58573712257187,32.45845962235931],[-101.58578638383501,32.45861920353266],[-101.59018091291266,32.47261240320839],[-101.57342099055043,32.47597534932329],[-101.57324191089512,32.47541658707656],[-101.57064618161415,32.46731662165863],[-101.56946381693835,32.461977435394424],[-101.57785027050431,32.46003688931688]]]},"properties":{"Surv_Name":null,"max_propensity_score":8.0,"top_operator":"SURGE OPERATING, LLC","owner_count":149.0,"ABSTRACT_L":"A-357","field_name":"Unknown","Surv_Sect":"47","permit_count":0.0,"DESC_":"T&P RR CO","Block":"33 T3N","pending_permit_count":0.0,"production_trend":null,"production_status":"pdp","pdp_well_count":20.0,"well_count":20.0,"STArea__":28078318.4523,"ABSTRACT_N":"357","new_permit_count":0.0,"CODE":"357","pud_well_count":0.0,"legal_desc":"T3N BLK 33 SEC 47 A-357"}},{"type":"Feature","geometry":{"type":"Polygon","coordinates":[[[-101.58591965848423,32.45842232762797],[-101.60351061996647,32.45492286999779],[-101.60814251675326,32.46900147893452],[-101.6069167590275,32.46924800108894],[-101.59018091291266,32.47261240320839],[-101.58578638383501,32.45861920353266],[-101.58573700628746,32.45845924542514],[-101.58591965848423,32.45842232762797]]]},"properties":{"Surv_Name":"AKIN, E T","max_propensity_score":7.0,"top_operator":"SURGE OPERATING, LLC","owner_count":126.0,"ABSTRACT_L":"A-1225","field_name":"Unknown","Surv_Sect":"46","permit_count":0.0,"DESC_":"T&P RR CO","Block":"33 T3N","pending_permit_count":0.0,"production_trend":null,"production_status":"pdp","pdp_well_count":32.0,"well_count":32.0,"STArea__":30120709.3241,"ABSTRACT_N":"1225","new_permit_count":0.0,"CODE":"1225","pud_well_count":0.0,"legal_desc":"T3N BLK 33 SEC 46 A-1225"}},{"type":"Feature","geometry":{"type":"Polygon","coordinates":[[[-101.5478059032966,32.45121303801243],[-101.54799222507879,32.45116513764366],[-101.54817296546838,32.451764174340745],[-101.54866062181907,32.45336799696967],[-101.55226944207767,32.46523495597865],[-101.55232349148235,32.46546477135396],[-101.53575848635184,32.46929404377966],[-101.53136482039423,32.45513827712608],[-101.5478059032966,32.45121303801243]]]},"properties":{"Surv_Name":"MC WHORTER, S","max_propensity_score":8.0,"top_operator":"SURGE OPERATING, LLC","owner_count":143.0,"ABSTRACT_L":"A-1067","field_name":"Unknown","Surv_Sect":"6","permit_count":0.0,"DESC_":"T&P RR CO","Block":"32 T2N","pending_permit_count":0.0,"production_trend":null,"production_status":"pdp","pdp_well_count":3.0,"well_count":3.0,"STArea__":28413325.5029,"ABSTRACT_N":"1067","new_permit_count":0.0,"CODE":"1067","pud_well_count":0.0,"legal_desc":"T2N BLK 32 SEC 6 A-1067"}},{"type":"Feature","geometry":{"type":"Polygon","coordinates":[[[-101.54817296546838,32.451764174340745],[-101.56482527631358,32.448382954308926],[-101.56698030791985,32.45520874028087],[-101.56907757467818,32.46182471971092],[-101.56914193859474,32.46203315255061],[-101.56897171699293,32.46206789680594],[-101.55233227582272,32.465462979674086],[-101.55232349148235,32.46546477135396],[-101.54866062181907,32.45336799696967],[-101.54866060146132,32.4533679307078],[-101.54817296546838,32.451764174340745]]]},"properties":{"Surv_Name":null,"max_propensity_score":0.0,"top_operator":"","owner_count":0.0,"ABSTRACT_L":"A-318","field_name":"Unknown","Surv_Sect":"1","permit_count":0.0,"DESC_":"T&P RR CO","Block":"33 T2N","pending_permit_count":0.0,"production_trend":null,"production_status":"pdp","pdp_well_count":14.0,"well_count":14.0,"STArea__":27296298.5186,"ABSTRACT_N":"318","new_permit_count":0.0,"CODE":"318","pud_well_count":0.0,"legal_desc":"T2N BLK 33 SEC 1 A-318"}},{"type":"Feature","geometry":{"type":"Polygon","coordinates":[[[-101.64647960943942,32.44622256385976],[-101.6545853229185,32.4445198674267],[-101.65703491127651,32.45195075843328],[-101.65923858072098,32.45866895103124],[-101.64169309464256,32.4621849459359],[-101.63799577556307,32.44792843093981],[-101.64647960943942,32.44622256385976]]]},"properties":{"Surv_Name":null,"max_propensity_score":10.0,"top_operator":"DIAMONDBACK E&P LLC","owner_count":283.0,"ABSTRACT_L":"A-355","field_name":"Unknown","Surv_Sect":"43","permit_count":0.0,"DESC_":"T&P RR CO","Block":"33 T3N","pending_permit_count":0.0,"production_trend":null,"production_status":"pdp","pdp_well_count":25.0,"well_count":25.0,"STArea__":28794795.5776,"ABSTRACT_N":"355","new_permit_count":0.0,"CODE":"355","pud_well_count":0.0,"legal_desc":"T3N BLK 33 SEC 43 A-355"}},{"type":"Feature","geometry":{"type":"Polygon","coordinates":[[[-101.67141440657926,32.44077233238722],[-101.68778480071227,32.43705293064021],[-101.68957959269306,32.442670741247525],[-101.68943985391918,32.451963462895975],[-101.6762036279331,32.45489061748831],[-101.67141440657926,32.44077233238722]]]},"properties":{"Surv_Name":null,"max_propensity_score":9.0,"top_operator":"DIAMONDBACK E&P LLC","owner_count":2957.0,"ABSTRACT_L":"A-511","field_name":"Unknown","Surv_Sect":"47","permit_count":0.0,"DESC_":"T&P RR CO","Block":"34 T3N","pending_permit_count":0.0,"production_trend":null,"production_status":"pdp","pdp_well_count":10.0,"well_count":10.0,"STArea__":26294906.5565,"ABSTRACT_N":"511","new_permit_count":0.0,"CODE":"511","pud_well_count":0.0,"legal_desc":"T3N BLK 34 SEC 47 A-511"}},{"type":"Feature","geometry":{"type":"Polygon","coordinates":[[[-101.54359441951247,32.43747453835337],[-101.54378169411328,32.4374299593085],[-101.5439465343181,32.437969030568425],[-101.54799222507879,32.45116513764366],[-101.5478059032966,32.45121303801243],[-101.53136482039423,32.45513827712608],[-101.52710383378412,32.44140108031083],[-101.54359441951247,32.43747453835337]]]},"properties":{"Surv_Name":null,"max_propensity_score":0.0,"top_operator":"","owner_count":0.0,"ABSTRACT_L":"A-266","field_name":"Unknown","Surv_Sect":"7","permit_count":0.0,"DESC_":"T&P RR CO","Block":"32 T2N","pending_permit_count":0.0,"production_trend":null,"production_status":"pdp","pdp_well_count":3.0,"well_count":3.0,"STArea__":27562136.4581,"ABSTRACT_N":"266","new_permit_count":0.0,"CODE":"266","pud_well_count":0.0,"legal_desc":"T2N BLK 32 SEC 7 A-266"}},{"type":"Feature","geometry":{"type":"Polygon","coordinates":[[[-101.55255569793925,32.43616423676269],[-101.5611130784024,32.43436963348373],[-101.5632220574176,32.44094788452515],[-101.56555470584945,32.4482226287144],[-101.56482527631358,32.448382954308926],[-101.54817296546838,32.451764174340745],[-101.54799222507879,32.45116513764366],[-101.5439465343181,32.437969030568425],[-101.55255569793925,32.43616423676269]]]},"properties":{"Surv_Name":"LITTLE, P E","max_propensity_score":0.0,"top_operator":"","owner_count":0.0,"ABSTRACT_L":"A-1673","field_name":"Unknown","Surv_Sect":"12","permit_count":0.0,"DESC_":"T&P RR CO","Block":"33 T2N","pending_permit_count":0.0,"production_trend":null,"production_status":"pdp","pdp_well_count":20.0,"well_count":20.0,"STArea__":28546389.271,"ABSTRACT_N":"1673","new_permit_count":0.0,"CODE":"1673","pud_well_count":0.0,"legal_desc":"T2N BLK 33 SEC 12 A-1673"}},{"type":"Feature","geometry":{"type":"Polygon","coordinates":[[[-101.49450772276026,32.451045780571214],[-101.5113781549545,32.447395419050636],[-101.51495780927127,32.45909954787651],[-101.49818913346265,32.46315400716109],[-101.4961733912996,32.45653890944652],[-101.49450772276026,32.451045780571214]]]},"properties":{"Surv_Name":null,"max_propensity_score":8.0,"top_operator":"OVINTIV USA INC.","owner_count":233.0,"ABSTRACT_L":"A-267","field_name":"Unknown","Surv_Sect":"9","permit_count":0.0,"DESC_":"T&P RR CO","Block":"32 T2N","pending_permit_count":0.0,"production_trend":null,"production_status":"pdp","pdp_well_count":4.0,"well_count":4.0,"STArea__":24044254.7986,"ABSTRACT_N":"267","new_permit_count":0.0,"CODE":"267","pud_well_count":0.0,"legal_desc":"T2N BLK 32 SEC 9 A-267"}},{"type":"Feature","geometry":{"type":"Polygon","coordinates":[[[-101.48996458720688,32.435238789055575],[-101.50646948412923,32.43138492210422],[-101.5065471684789,32.431594866880815],[-101.51073611597332,32.44529585480802],[-101.5113781549545,32.447395419050636],[-101.49450772276026,32.451045780571214],[-101.49444344533602,32.45083378653891],[-101.49383667166363,32.44882734957895],[-101.49017292847788,32.4367529847077],[-101.4901247027334,32.436593207061755],[-101.4897153777038,32.43529341441092],[-101.48996458720688,32.435238789055575]]]},"properties":{"Surv_Name":"MC WHORTER, S","max_propensity_score":0.0,"top_operator":"","owner_count":0.0,"ABSTRACT_L":"A-1065","field_name":"Unknown","Surv_Sect":"16","permit_count":0.0,"DESC_":"T&P RR CO","Block":"32 T2N","pending_permit_count":0.0,"production_trend":null,"production_status":"pdp","pdp_well_count":9.0,"well_count":9.0,"STArea__":32018958.6212,"ABSTRACT_N":"1065","new_permit_count":0.0,"CODE":"1065","pud_well_count":0.0,"legal_desc":"T2N BLK 32 SEC 16 A-1065"}},{"type":"Feature","geometry":{"type":"Polygon","coordinates":[[[-101.65020005254794,32.43054587684194],[-101.66693354172058,32.426758469738495],[-101.66920583445331,32.43389301544436],[-101.67141440657926,32.44077233238722],[-101.66329632041867,32.44261432079202],[-101.6545853229185,32.4445198674267],[-101.65020005254794,32.43054587684194]]]},"properties":{"Surv_Name":null,"max_propensity_score":9.0,"top_operator":"DIAMONDBACK E&P LLC","owner_count":701.0,"ABSTRACT_L":"A-396","field_name":"Unknown","Surv_Sect":"1","permit_count":0.0,"DESC_":"T&P RR CO","Block":"34 T2N","pending_permit_count":0.0,"production_trend":null,"production_status":"pdp","pdp_well_count":20.0,"well_count":20.0,"STArea__":28257647.2388,"ABSTRACT_N":"396","new_permit_count":0.0,"CODE":"396","pud_well_count":0.0,"legal_desc":"T2N BLK 34 SEC 1 A-396"}},{"type":"Feature","geometry":{"type":"Polygon","coordinates":[[[-101.50666040775057,32.43132769179566],[-101.522774649223,32.42723719025005],[-101.52710383378412,32.44140108031083],[-101.51073611597332,32.44529585480802],[-101.5065471684789,32.431594866880815],[-101.50646948412923,32.43138492210422],[-101.50666040775057,32.43132769179566]]]},"properties":{"Surv_Name":null,"max_propensity_score":0.0,"top_operator":"","owner_count":0.0,"ABSTRACT_L":"A-271","field_name":"Unknown","Surv_Sect":"17","permit_count":0.0,"DESC_":"T&P RR CO","Block":"32 T2N","pending_permit_count":0.0,"production_trend":null,"production_status":"pdp","pdp_well_count":13.0,"well_count":13.0,"STArea__":27676144.5644,"ABSTRACT_N":"271","new_permit_count":0.0,"CODE":"271","pud_well_count":0.0,"legal_desc":"T2N BLK 32 SEC 17 A-271"}},{"type":"Feature","geometry":{"type":"Polygon","coordinates":[[[-101.68778480071227,32.43705293064021],[-101.68967000700351,32.436628769111294],[-101.68957959269306,32.442670741247525],[-101.68778480071227,32.43705293064021]]]},"properties":{"Surv_Name":null,"max_propensity_score":0.0,"top_operator":"","owner_count":0.0,"ABSTRACT_L":"A-?4","field_name":"Unknown","Surv_Sect":"46","permit_count":0.0,"DESC_":"T&P RR CO","Block":"33 T3N","pending_permit_count":0.0,"production_trend":null,"production_status":"none","pdp_well_count":0.0,"well_count":0.0,"STArea__":637063.613381,"ABSTRACT_N":"?4","new_permit_count":0.0,"CODE":"?4","pud_well_count":0.0,"legal_desc":"T3N BLK 33 SEC 46 A-?4"}},{"type":"Feature","geometry":{"type":"Polygon","coordinates":[[[-101.53932427409075,32.423492858442536],[-101.53950977824825,32.423442431889825],[-101.53971123545635,32.42411010016163],[-101.54378169411328,32.4374299593085],[-101.54359441951247,32.43747453835337],[-101.52710383378412,32.44140108031083],[-101.522774649223,32.42723719025005],[-101.53932427409075,32.423492858442536]]]},"properties":{"Surv_Name":"BEAL, H S","max_propensity_score":0.0,"top_operator":"","owner_count":0.0,"ABSTRACT_L":"A-1243","field_name":"Unknown","Surv_Sect":"18","permit_count":0.0,"DESC_":"T&P RR CO","Block":"32 T2N","pending_permit_count":0.0,"production_trend":null,"production_status":"pdp","pdp_well_count":20.0,"well_count":20.0,"STArea__":28259370.9306,"ABSTRACT_N":"1243","new_permit_count":0.0,"CODE":"1243","pud_well_count":0.0,"legal_desc":"T2N BLK 32 SEC 18 A-1243"}},{"type":"Feature","geometry":{"type":"Polygon","coordinates":[[[-101.68331282075053,32.422987599883555],[-101.68989813613804,32.42149713461904],[-101.68967000700351,32.436628769111294],[-101.68778480071227,32.43705293064021],[-101.68558515174267,32.43017043196319],[-101.68331282075053,32.422987599883555]]]},"properties":{"Surv_Name":null,"max_propensity_score":7.0,"top_operator":"DIAMONDBACK E&P LLC","owner_count":428.0,"ABSTRACT_L":"A-535","field_name":"Unknown","Surv_Sect":"3","permit_count":0.0,"DESC_":"T&P RR CO","Block":"34 T2N","pending_permit_count":0.0,"production_trend":null,"production_status":"pdp","pdp_well_count":4.0,"well_count":4.0,"STArea__":7177239.23953,"ABSTRACT_N":"535","new_permit_count":0.0,"CODE":"535","pud_well_count":0.0,"legal_desc":"T2N BLK 34 SEC 3 A-535"}},{"type":"Feature","geometry":{"type":"Polygon","coordinates":[[[-101.62890392406055,32.42004766154766],[-101.6293027931218,32.4199575174952],[-101.63352952063428,32.4339975391081],[-101.61663427494808,32.4374939259755],[-101.61241243825377,32.4245257074832],[-101.61271355323562,32.42386412668795],[-101.61260339671583,32.42351629239225],[-101.62890392406055,32.42004766154766]]]},"properties":{"Surv_Name":"SCOTT, C R","max_propensity_score":0.0,"top_operator":"","owner_count":0.0,"ABSTRACT_L":"A-1092","field_name":"Unknown","Surv_Sect":"8","permit_count":0.0,"DESC_":"T&P RR CO","Block":"33 T2N","pending_permit_count":0.0,"production_trend":null,"production_status":"pdp","pdp_well_count":18.0,"well_count":18.0,"STArea__":28411528.8498,"ABSTRACT_N":"1092","new_permit_count":0.0,"CODE":"1092","pud_well_count":0.0,"legal_desc":"T2N BLK 33 SEC 8 A-1092"}},{"type":"Feature","geometry":{"type":"Polygon","coordinates":[[[-101.53971123545635,32.42411010016163],[-101.55698665587485,32.42068084919471],[-101.55678966898341,32.42072336761171],[-101.55685967942509,32.420935166321605],[-101.5611130784024,32.43436963348373],[-101.5439465343181,32.437969030568425],[-101.54378169411328,32.4374299593085],[-101.53971123545635,32.42411010016163]]]},"properties":{"Surv_Name":null,"max_propensity_score":10.0,"top_operator":"SURGE OPERATING, LLC","owner_count":718.0,"ABSTRACT_L":"A-324","field_name":"Unknown","Surv_Sect":"13","permit_count":0.0,"DESC_":"T&P RR CO","Block":"33 T2N","pending_permit_count":0.0,"production_trend":null,"production_status":"pdp","pdp_well_count":19.0,"well_count":19.0,"STArea__":28115450.4567,"ABSTRACT_N":"324","new_permit_count":0.0,"CODE":"324","pud_well_count":0.0,"legal_desc":"T2N BLK 33 SEC 13 A-324"}},{"type":"Feature","geometry":{"type":"Polygon","coordinates":[[[-101.63765668451327,32.41822799056417],[-101.64571408751475,32.416511307723106],[-101.65020005254794,32.43054587684194],[-101.64205814792969,32.432247910618266],[-101.63352952063428,32.4339975391081],[-101.6293027931218,32.4199575174952],[-101.63765668451327,32.41822799056417]]]},"properties":{"Surv_Name":null,"max_propensity_score":5.0,"top_operator":"BIRCH OPERATIONS, INC.","owner_count":49.0,"ABSTRACT_L":"A-321","field_name":"Unknown","Surv_Sect":"7","permit_count":0.0,"DESC_":"T&P RR CO","Block":"33 T2N","pending_permit_count":0.0,"production_trend":null,"production_status":"pdp","pdp_well_count":27.0,"well_count":27.0,"STArea__":27742956.0314,"ABSTRACT_N":"321","new_permit_count":0.0,"CODE":"321","pud_well_count":0.0,"legal_desc":"T2N BLK 33 SEC 7 A-321"}},{"type":"Feature","geometry":{"type":"Polygon","coordinates":[[[-101.55698665587485,32.42068084919471],[-101.57384004109235,32.417039916154685],[-101.5739079594372,32.417252158652104],[-101.57825676408791,32.43089966309707],[-101.5611130784024,32.43436963348373],[-101.55685967942509,32.420935166321605],[-101.55678966898341,32.42072336761171],[-101.55698665587485,32.42068084919471]]]},"properties":{"Surv_Name":"ADAMS, D W","max_propensity_score":5.0,"top_operator":"SURGE OPERATING, LLC","owner_count":20.0,"ABSTRACT_L":"A-1106","field_name":"Unknown","Surv_Sect":"14","permit_count":0.0,"DESC_":"T&P RR CO","Block":"33 T2N","pending_permit_count":0.0,"production_trend":null,"production_status":"pdp","pdp_well_count":5.0,"well_count":5.0,"STArea__":28147013.7662,"ABSTRACT_N":"1106","new_permit_count":0.0,"CODE":"1106","pud_well_count":0.0,"legal_desc":"T2N BLK 33 SEC 14 A-1106"}},{"type":"Feature","geometry":{"type":"Polygon","coordinates":[[[-101.49445616048976,32.42077130655845],[-101.5028627146005,32.41892062406465],[-101.50666040775057,32.43132769179566],[-101.50646948412923,32.43138492210422],[-101.48996458720688,32.435238789055575],[-101.4897153777038,32.43529341441092],[-101.48799956670341,32.42969846690448],[-101.48585886558007,32.42262270317028],[-101.49445616048976,32.42077130655845]]]},"properties":{"Surv_Name":null,"max_propensity_score":8.0,"top_operator":"SURGE OPERATING, LLC","owner_count":137.0,"ABSTRACT_L":"A-273","field_name":"Unknown","Surv_Sect":"21","permit_count":0.0,"DESC_":"T&P RR CO","Block":"32 T2N","pending_permit_count":0.0,"production_trend":null,"production_status":"pdp","pdp_well_count":3.0,"well_count":3.0,"STArea__":25543647.4597,"ABSTRACT_N":"273","new_permit_count":0.0,"CODE":"273","pud_well_count":0.0,"legal_desc":"T2N BLK 32 SEC 21 A-273"}},{"type":"Feature","geometry":{"type":"Polygon","coordinates":[[[-101.64571408751475,32.416511307723106],[-101.6624988894942,32.41273709372203],[-101.66693354172058,32.426758469738495],[-101.65020005254794,32.43054587684194],[-101.64571408751475,32.416511307723106]]]},"properties":{"Surv_Name":"GRANTHAM, H W","max_propensity_score":8.0,"top_operator":"BIRCH OPERATIONS, INC.","owner_count":799.0,"ABSTRACT_L":"A-1668","field_name":"Unknown","Surv_Sect":"12","permit_count":0.0,"DESC_":"T&P RR CO","Block":"34 T2N","pending_permit_count":0.0,"production_trend":null,"production_status":"pdp","pdp_well_count":31.0,"well_count":31.0,"STArea__":28284436.6575,"ABSTRACT_N":"1668","new_permit_count":0.0,"CODE":"1668","pud_well_count":0.0,"legal_desc":"T2N BLK 34 SEC 12 A-1668"}},{"type":"Feature","geometry":{"type":"Polygon","coordinates":[[[-101.59141724748228,32.41344387815242],[-101.5916096790861,32.41341591795023],[-101.5918044644142,32.414035737965186],[-101.59602002555667,32.42720602307287],[-101.58688623480171,32.42911168063812],[-101.57825676408791,32.43089966309707],[-101.5739079594372,32.417252158652104],[-101.57384004109235,32.417039916154685],[-101.57432460753311,32.41693450881438],[-101.59141724748228,32.41344387815242]]]},"properties":{"Surv_Name":null,"max_propensity_score":8.0,"top_operator":"SURGE OPERATING, LLC","owner_count":401.0,"ABSTRACT_L":"A-325","field_name":"Unknown","Surv_Sect":"15","permit_count":0.0,"DESC_":"T&P RR CO","Block":"33 T2N","pending_permit_count":0.0,"production_trend":null,"production_status":"pdp","pdp_well_count":9.0,"well_count":9.0,"STArea__":29405921.6891,"ABSTRACT_N":"325","new_permit_count":0.0,"CODE":"325","pud_well_count":0.0,"legal_desc":"T2N BLK 33 SEC 15 A-325"}},{"type":"Feature","geometry":{"type":"Polygon","coordinates":[[[-101.6624988894942,32.41273709372203],[-101.67882143391961,32.408997289281004],[-101.68331282075053,32.422987599883555],[-101.67512638306493,32.42486448655737],[-101.66693354172058,32.426758469738495],[-101.6624988894942,32.41273709372203]]]},"properties":{"Surv_Name":null,"max_propensity_score":10.0,"top_operator":"DIAMONDBACK E&P LLC","owner_count":721.0,"ABSTRACT_L":"A-397","field_name":"Unknown","Surv_Sect":"11","permit_count":0.0,"DESC_":"T&P RR CO","Block":"34 T2N","pending_permit_count":0.0,"production_trend":null,"production_status":"pdp","pdp_well_count":32.0,"well_count":32.0,"STArea__":27583046.6466,"ABSTRACT_N":"397","new_permit_count":0.0,"CODE":"397","pud_well_count":0.0,"legal_desc":"T2N BLK 34 SEC 11 A-397"}},{"type":"Feature","geometry":{"type":"Polygon","coordinates":[[[-101.5918044644142,32.414035737965186],[-101.60839286417998,32.41016121205182],[-101.61260339671583,32.42351629239225],[-101.59602002555667,32.42720602307287],[-101.5918044644142,32.414035737965186]]]},"properties":{"Surv_Name":"COFFEE, J L","max_propensity_score":6.0,"top_operator":"SURGE OPERATING, LLC","owner_count":189.0,"ABSTRACT_L":"A-1026","field_name":"Unknown","Surv_Sect":"16","permit_count":0.0,"DESC_":"T&P RR CO","Block":"33 T2N","pending_permit_count":0.0,"production_trend":null,"production_status":"pdp","pdp_well_count":9.0,"well_count":9.0,"STArea__":26483250.0254,"ABSTRACT_N":"1026","new_permit_count":0.0,"CODE":"1026","pud_well_count":0.0,"legal_desc":"T2N BLK 33 SEC 16 A-1026"}},{"type":"Feature","geometry":{"type":"Polygon","coordinates":[[[-101.52547514833407,32.411648141283024],[-101.53517233783568,32.40931335549185],[-101.53573011380237,32.41114322478444],[-101.53950977824825,32.423442431889825],[-101.53932427409075,32.423492858442536],[-101.522774649223,32.42723719025005],[-101.51852295599315,32.41332230110506],[-101.52547514833407,32.411648141283024]]]},"properties":{"Surv_Name":null,"max_propensity_score":8.0,"top_operator":"SURGE OPERATING, LLC","owner_count":50.0,"ABSTRACT_L":"A-272","field_name":"Unknown","Surv_Sect":"19","permit_count":0.0,"DESC_":"T&P RR CO","Block":"32 T2N","pending_permit_count":0.0,"production_trend":null,"production_status":"pdp","pdp_well_count":1.0,"well_count":1.0,"STArea__":28162133.6841,"ABSTRACT_N":"272","new_permit_count":0.0,"CODE":"272","pud_well_count":0.0,"legal_desc":"T2N BLK 32 SEC 19 A-272"}},{"type":"Feature","geometry":{"type":"Polygon","coordinates":[[[-101.67882143391961,32.408997289281004],[-101.69009761366914,32.40640897042881],[-101.68989813613804,32.42149713461904],[-101.68331282075053,32.422987599883555],[-101.67882143391961,32.408997289281004]]]},"properties":{"Surv_Name":"BROOKING, A E","max_propensity_score":9.0,"top_operator":"DIAMONDBACK E&P LLC","owner_count":518.0,"ABSTRACT_L":"A-1376","field_name":"Unknown","Surv_Sect":"10","permit_count":0.0,"DESC_":"T&P RR CO","Block":"34 T2N","pending_permit_count":0.0,"production_trend":null,"production_status":"pdp","pdp_well_count":6.0,"well_count":6.0,"STArea__":15068839.1668,"ABSTRACT_N":"1376","new_permit_count":0.0,"CODE":"1376","pud_well_count":0.0,"legal_desc":"T2N BLK 34 SEC 10 A-1376"}},{"type":"Feature","geometry":{"type":"Polygon","coordinates":[[[-101.55223078757017,32.40748057733336],[-101.55277049595075,32.407360736528176],[-101.55296126272243,32.4079635145047],[-101.55698665587485,32.42068084919471],[-101.53971123545635,32.42411010016163],[-101.53950977824825,32.423442431889825],[-101.53573011380237,32.41114322478444],[-101.55223078757017,32.40748057733336]]]},"properties":{"Surv_Name":"ARNETT, W D","max_propensity_score":8.0,"top_operator":"SURGE OPERATING, LLC","owner_count":423.0,"ABSTRACT_L":"A-1105","field_name":"Unknown","Surv_Sect":"24","permit_count":0.0,"DESC_":"T&P RR CO","Block":"33 T2N","pending_permit_count":0.0,"production_trend":null,"production_status":"pdp","pdp_well_count":1.0,"well_count":1.0,"STArea__":26973950.8338,"ABSTRACT_N":"1105","new_permit_count":0.0,"CODE":"1105","pud_well_count":0.0,"legal_desc":"T2N BLK 33 SEC 24 A-1105"}},{"type":"Feature","geometry":{"type":"Polygon","coordinates":[[[-101.60839286417998,32.41016121205182],[-101.62449812152889,32.40642229862983],[-101.62663955243843,32.41317396403434],[-101.62890392406055,32.42004766154766],[-101.61260339671583,32.42351629239225],[-101.60839286417998,32.41016121205182]]]},"properties":{"Surv_Name":null,"max_propensity_score":8.0,"top_operator":"SURGE OPERATING, LLC","owner_count":590.0,"ABSTRACT_L":"A-326","field_name":"Unknown","Surv_Sect":"17","permit_count":0.0,"DESC_":"T&P RR CO","Block":"33 T2N","pending_permit_count":0.0,"production_trend":null,"production_status":"pdp","pdp_well_count":24.0,"well_count":24.0,"STArea__":26250325.6607,"ABSTRACT_N":"326","new_permit_count":0.0,"CODE":"326","pud_well_count":0.0,"legal_desc":"T2N BLK 33 SEC 17 A-326"}},{"type":"Feature","geometry":{"type":"Polygon","coordinates":[[[-101.55296126272243,32.4079635145047],[-101.57013959285803,32.40412431814693],[-101.57432460753311,32.41693450881438],[-101.57384004109235,32.417039916154685],[-101.55698665587485,32.42068084919471],[-101.55296126272243,32.4079635145047]]]},"properties":{"Surv_Name":null,"max_propensity_score":9.0,"top_operator":"SURGE OPERATING, LLC","owner_count":421.0,"ABSTRACT_L":"A-329","field_name":"Unknown","Surv_Sect":"23","permit_count":0.0,"DESC_":"T&P RR CO","Block":"33 T2N","pending_permit_count":0.0,"production_trend":null,"production_status":"pdp","pdp_well_count":18.0,"well_count":18.0,"STArea__":26479191.4554,"ABSTRACT_N":"329","new_permit_count":0.0,"CODE":"329","pud_well_count":0.0,"legal_desc":"T2N BLK 33 SEC 23 A-329"}},{"type":"Feature","geometry":{"type":"Polygon","coordinates":[[[-101.64137605944308,32.402588175107454],[-101.65799871065623,32.3987149343574],[-101.6624988894942,32.41273709372203],[-101.64571408751475,32.416511307723106],[-101.64137605944308,32.402588175107454]]]},"properties":{"Surv_Name":null,"max_propensity_score":9.0,"top_operator":"DIAMONDBACK E&P LLC","owner_count":859.0,"ABSTRACT_L":"A-398","field_name":"Unknown","Surv_Sect":"13","permit_count":0.0,"DESC_":"T&P RR CO","Block":"34 T2N","pending_permit_count":0.0,"production_trend":null,"production_status":"pdp","pdp_well_count":17.0,"well_count":17.0,"STArea__":28101647.5091,"ABSTRACT_N":"398","new_permit_count":0.0,"CODE":"398","pud_well_count":0.0,"legal_desc":"T2N BLK 34 SEC 13 A-398"}},{"type":"Feature","geometry":{"type":"Polygon","coordinates":[[[-101.57013959285803,32.40412431814693],[-101.58698316672387,32.40013400040885],[-101.5870848037662,32.40043913297844],[-101.5916096790861,32.41341591795023],[-101.59141724748228,32.41344387815242],[-101.57432460753311,32.41693450881438],[-101.57013959285803,32.40412431814693]]]},"properties":{"Surv_Name":"MAULDIN, J T","max_propensity_score":0.0,"top_operator":"","owner_count":0.0,"ABSTRACT_L":"A-1295","field_name":"Unknown","Surv_Sect":"22","permit_count":0.0,"DESC_":"T&P RR CO","Block":"33 T2N","pending_permit_count":0.0,"production_trend":null,"production_status":"pdp","pdp_well_count":10.0,"well_count":10.0,"STArea__":26837430.0729,"ABSTRACT_N":"1295","new_permit_count":0.0,"CODE":"1295","pud_well_count":0.0,"legal_desc":"T2N BLK 33 SEC 22 A-1295"}},{"type":"Feature","geometry":{"type":"Polygon","coordinates":[[[-101.59547534036297,32.398532737358366],[-101.60379952659468,32.39665433474295],[-101.60839286417998,32.41016121205182],[-101.5918044644142,32.414035737965186],[-101.5916096790861,32.41341591795023],[-101.5870848037662,32.40043913297844],[-101.58738034777677,32.400371234142995],[-101.59547534036297,32.398532737358366]]]},"properties":{"Surv_Name":null,"max_propensity_score":7.0,"top_operator":"OXYROCK OPERATING, LLC","owner_count":203.0,"ABSTRACT_L":"A-328","field_name":"Unknown","Surv_Sect":"21","permit_count":0.0,"DESC_":"T&P RR CO","Block":"33 T2N","pending_permit_count":0.0,"production_trend":null,"production_status":"pdp","pdp_well_count":44.0,"well_count":44.0,"STArea__":27329820.1824,"ABSTRACT_N":"328","new_permit_count":0.0,"CODE":"328","pud_well_count":0.0,"legal_desc":"T2N BLK 33 SEC 21 A-328"}},{"type":"Feature","geometry":{"type":"Polygon","coordinates":[[[-101.65799871065623,32.3987149343574],[-101.67431190753194,32.3949877546485],[-101.67882143391961,32.408997289281004],[-101.6624988894942,32.41273709372203],[-101.65799871065623,32.3987149343574]]]},"properties":{"Surv_Name":"ROBERTSON, J P JR","max_propensity_score":9.0,"top_operator":"DIAMONDBACK E&P LLC","owner_count":229.0,"ABSTRACT_L":"A-1336","field_name":"Unknown","Surv_Sect":"14","permit_count":0.0,"DESC_":"T&P RR CO","Block":"34 T2N","pending_permit_count":0.0,"production_trend":null,"production_status":"pdp","pdp_well_count":34.0,"well_count":34.0,"STArea__":27567822.3742,"ABSTRACT_N":"1336","new_permit_count":0.0,"CODE":"1336","pud_well_count":0.0,"legal_desc":"T2N BLK 34 SEC 14 A-1336"}},{"type":"Feature","geometry":{"type":"Polygon","coordinates":[[[-101.60379952659468,32.39665433474295],[-101.62037771602908,32.392468250896755],[-101.6246858821528,32.40637867228064],[-101.62449812152889,32.40642229862983],[-101.60839286417998,32.41016121205182],[-101.60379952659468,32.39665433474295]]]},"properties":{"Surv_Name":"COFFEE, F M","max_propensity_score":10.0,"top_operator":"SCOUT ENERGY MANAGEMEN","owner_count":271.0,"ABSTRACT_L":"A-1122","field_name":"Unknown","Surv_Sect":"20","permit_count":0.0,"DESC_":"T&P RR CO","Block":"33 T2N","pending_permit_count":0.0,"production_trend":null,"production_status":"pdp","pdp_well_count":9.0,"well_count":9.0,"STArea__":27289616.9626,"ABSTRACT_N":"1122","new_permit_count":0.0,"CODE":"1122","pud_well_count":0.0,"legal_desc":"T2N BLK 33 SEC 20 A-1122"}},{"type":"Feature","geometry":{"type":"Polygon","coordinates":[[[-101.55296126272243,32.4079635145047],[-101.55277049595075,32.407360736528176],[-101.55223078757017,32.40748057733336],[-101.54784096529926,32.39345628376423],[-101.54843224803251,32.39334994918645],[-101.56567007908349,32.39006343277544],[-101.57013959285803,32.40412431814693],[-101.55296126272243,32.4079635145047]]]},"properties":{"Surv_Name":"STEPHENS, G H","max_propensity_score":6.0,"top_operator":"SURGE OPERATING, LLC","owner_count":64.0,"ABSTRACT_L":"A-1099","field_name":"Unknown","Surv_Sect":"26","permit_count":0.0,"DESC_":"T&P RR CO","Block":"33 T2N","pending_permit_count":0.0,"production_trend":null,"production_status":"pdp","pdp_well_count":16.0,"well_count":16.0,"STArea__":30451518.0048,"ABSTRACT_N":"1099","new_permit_count":0.0,"CODE":"1099","pud_well_count":0.0,"legal_desc":"T2N BLK 33 SEC 26 A-1099"}},{"type":"Feature","geometry":{"type":"Polygon","coordinates":[[[-101.54294122438222,32.394517499186264],[-101.54784096529926,32.39345628376423],[-101.55223078757017,32.40748057733336],[-101.53573011380237,32.41114322478444],[-101.53517233783568,32.40931335549185],[-101.53142711478657,32.39703511784273],[-101.54294122438222,32.394517499186264]]]},"properties":{"Surv_Name":null,"max_propensity_score":8.0,"top_operator":"SURGE OPERATING, LLC","owner_count":123.0,"ABSTRACT_L":"A-330","field_name":"Unknown","Surv_Sect":"25","permit_count":0.0,"DESC_":"T&P RR CO","Block":"33 T2N","pending_permit_count":0.0,"production_trend":null,"production_status":"pdp","pdp_well_count":10.0,"well_count":10.0,"STArea__":27765741.3478,"ABSTRACT_N":"330","new_permit_count":0.0,"CODE":"330","pud_well_count":0.0,"legal_desc":"T2N BLK 33 SEC 25 A-330"}},{"type":"Feature","geometry":{"type":"Polygon","coordinates":[[[-101.67431190753194,32.3949877546485],[-101.6903224007789,32.39130058060669],[-101.69009761366914,32.40640897042881],[-101.67882143391961,32.408997289281004],[-101.67431190753194,32.3949877546485]]]},"properties":{"Surv_Name":null,"max_propensity_score":7.0,"top_operator":"DIAMONDBACK E&P LLC","owner_count":75.0,"ABSTRACT_L":"A-533","field_name":"Unknown","Surv_Sect":"15","permit_count":0.0,"DESC_":"T&P RR CO","Block":"34 T2N","pending_permit_count":0.0,"production_trend":null,"production_status":"pdp","pdp_well_count":30.0,"well_count":30.0,"STArea__":23058220.8105,"ABSTRACT_N":"533","new_permit_count":0.0,"CODE":"533","pud_well_count":0.0,"legal_desc":"T2N BLK 34 SEC 15 A-533"}},{"type":"Feature","geometry":{"type":"Polygon","coordinates":[[[-101.62037771602908,32.392468250896755],[-101.63683567079484,32.38856008432772],[-101.64137605944308,32.402588175107454],[-101.6331943111771,32.4044008114689],[-101.6246858821528,32.40637867228064],[-101.62037771602908,32.392468250896755]]]},"properties":{"Surv_Name":null,"max_propensity_score":7.0,"top_operator":"SCOUT ENERGY MANAGEMEN","owner_count":111.0,"ABSTRACT_L":"A-327","field_name":"Unknown","Surv_Sect":"19","permit_count":0.0,"DESC_":"T&P RR CO","Block":"33 T2N","pending_permit_count":0.0,"production_trend":null,"production_status":"pdp","pdp_well_count":17.0,"well_count":17.0,"STArea__":27867106.3004,"ABSTRACT_N":"327","new_permit_count":0.0,"CODE":"327","pud_well_count":0.0,"legal_desc":"T2N BLK 33 SEC 19 A-327"}},{"type":"Feature","geometry":{"type":"Polygon","coordinates":[[[-101.56567007908349,32.39006343277544],[-101.582500940626,32.38624911563128],[-101.58471440058103,32.39320536399462],[-101.58698316672387,32.40013400040885],[-101.57013959285803,32.40412431814693],[-101.56567007908349,32.39006343277544]]]},"properties":{"Surv_Name":null,"max_propensity_score":9.0,"top_operator":"SURGE OPERATING, LLC","owner_count":130.0,"ABSTRACT_L":"A-331","field_name":"Unknown","Surv_Sect":"27","permit_count":0.0,"DESC_":"T&P RR CO","Block":"33 T2N","pending_permit_count":0.0,"production_trend":null,"production_status":"pdp","pdp_well_count":36.0,"well_count":36.0,"STArea__":28354492.8623,"ABSTRACT_N":"331","new_permit_count":0.0,"CODE":"331","pud_well_count":0.0,"legal_desc":"T2N BLK 33 SEC 27 A-331"}},{"type":"Feature","geometry":{"type":"Polygon","coordinates":[[[-101.63683567079484,32.38856008432772],[-101.65356037972657,32.38471009009267],[-101.65799871065623,32.3987149343574],[-101.64137605944308,32.402588175107454],[-101.63683567079484,32.38856008432772]]]},"properties":{"Surv_Name":null,"max_propensity_score":9.0,"top_operator":"DIAMONDBACK E&P LLC","owner_count":1092.0,"ABSTRACT_L":"A-399","field_name":"Unknown","Surv_Sect":"19","permit_count":0.0,"DESC_":"T&P RR CO","Block":"34 T2N","pending_permit_count":0.0,"production_trend":null,"production_status":"pdp","pdp_well_count":17.0,"well_count":17.0,"STArea__":28190252.134,"ABSTRACT_N":"399","new_permit_count":0.0,"CODE":"399","pud_well_count":0.0,"legal_desc":"T2N BLK 34 SEC 19 A-399"}},{"type":"Feature","geometry":{"type":"Polygon","coordinates":[[[-101.65356037972657,32.38471009009267],[-101.66984541518124,32.38098721816622],[-101.67431190753194,32.3949877546485],[-101.65799871065623,32.3987149343574],[-101.65356037972657,32.38471009009267]]]},"properties":{"Surv_Name":"ROBERTSON, J P JR","max_propensity_score":7.0,"top_operator":"DIAMONDBACK E&P LLC","owner_count":207.0,"ABSTRACT_L":"A-1335","field_name":"Unknown","Surv_Sect":"18","permit_count":0.0,"DESC_":"T&P RR CO","Block":"34 T2N","pending_permit_count":0.0,"production_trend":null,"production_status":"pdp","pdp_well_count":30.0,"well_count":30.0,"STArea__":27492351.0492,"ABSTRACT_N":"1335","new_permit_count":0.0,"CODE":"1335","pud_well_count":0.0,"legal_desc":"T2N BLK 34 SEC 18 A-1335"}},{"type":"Feature","geometry":{"type":"Polygon","coordinates":[[[-101.5101263726738,32.38543096006364],[-101.5266392449609,32.38135502437718],[-101.52722430255393,32.383260882147106],[-101.52931646540983,32.390135733320044],[-101.53093614778176,32.39542126327741],[-101.52111164176122,32.39774210118651],[-101.51431549595841,32.399348426263046],[-101.51068083265847,32.38727329187549],[-101.5101263726738,32.38543096006364]]]},"properties":{"Surv_Name":null,"max_propensity_score":9.0,"top_operator":"OXY USA INC.","owner_count":237.0,"ABSTRACT_L":"A-278","field_name":"Unknown","Surv_Sect":"31","permit_count":0.0,"DESC_":"T&P RR CO","Block":"32 T2N","pending_permit_count":0.0,"production_trend":null,"production_status":"pdp","pdp_well_count":1.0,"well_count":1.0,"STArea__":27934365.5465,"ABSTRACT_N":"278","new_permit_count":0.0,"CODE":"278","pud_well_count":0.0,"legal_desc":"T2N BLK 32 SEC 31 A-278"}},{"type":"Feature","geometry":{"type":"Polygon","coordinates":[[[-101.61581524712513,32.37869458433023],[-101.61603229239981,32.378645584299576],[-101.62037771602908,32.392468250896755],[-101.60379952659468,32.39665433474295],[-101.60141856703302,32.389337061640255],[-101.59920191663218,32.38245843092457],[-101.6074117127732,32.38059506026076],[-101.61581524712513,32.37869458433023]]]},"properties":{"Surv_Name":null,"max_propensity_score":10.0,"top_operator":"BIRCH OPERATIONS, INC.","owner_count":9015.0,"ABSTRACT_L":"A-332","field_name":"Unknown","Surv_Sect":"29","permit_count":0.0,"DESC_":"T&P RR CO","Block":"33 T2N","pending_permit_count":0.0,"production_trend":null,"production_status":"pdp","pdp_well_count":11.0,"well_count":11.0,"STArea__":28300732.9117,"ABSTRACT_N":"332","new_permit_count":0.0,"CODE":"332","pud_well_count":0.0,"legal_desc":"T2N BLK 33 SEC 29 A-332"}},{"type":"Feature","geometry":{"type":"Polygon","coordinates":[[[-101.66984541518124,32.38098721816622],[-101.68659547727437,32.37724300348142],[-101.68691481482142,32.378251765090766],[-101.68702501293724,32.3785907633394],[-101.68722240465412,32.379210107712865],[-101.68883446760655,32.384267854314345],[-101.69036126245317,32.38905752690836],[-101.6903224007789,32.39130058060669],[-101.67431190753194,32.3949877546485],[-101.66984541518124,32.38098721816622]]]},"properties":{"Surv_Name":null,"max_propensity_score":7.0,"top_operator":"DIAMONDBACK E&P LLC","owner_count":222.0,"ABSTRACT_L":"A-529","field_name":"Unknown","Surv_Sect":"17","permit_count":0.0,"DESC_":"T&P RR CO","Block":"34 T2N","pending_permit_count":0.0,"production_trend":null,"production_status":"pdp","pdp_well_count":12.0,"well_count":12.0,"STArea__":28016502.1406,"ABSTRACT_N":"529","new_permit_count":0.0,"CODE":"529","pud_well_count":0.0,"legal_desc":"T2N BLK 34 SEC 17 A-529"}},{"type":"Feature","geometry":{"type":"Polygon","coordinates":[[[-101.54411142404204,32.380097380563846],[-101.56120636861134,32.37619632763992],[-101.56349797413455,32.38331606175513],[-101.56567007908349,32.39006343277544],[-101.54843224803251,32.39334994918645],[-101.54837791548111,32.39319113139632],[-101.54626515381717,32.38650621392409],[-101.54460915032587,32.38126578438302],[-101.54411142404204,32.380097380563846]]]},"properties":{"Surv_Name":null,"max_propensity_score":7.0,"top_operator":"OXY USA INC.","owner_count":1391.0,"ABSTRACT_L":"A-335","field_name":"Unknown","Surv_Sect":"35","permit_count":0.0,"DESC_":"T&P RR CO","Block":"33 T2N","pending_permit_count":0.0,"production_trend":null,"production_status":"pdp","pdp_well_count":14.0,"well_count":14.0,"STArea__":27829851.4548,"ABSTRACT_N":"335","new_permit_count":0.0,"CODE":"335","pud_well_count":0.0,"legal_desc":"T2N BLK 33 SEC 35 A-335"}},{"type":"Feature","geometry":{"type":"Polygon","coordinates":[[[-101.61603229239981,32.378645584299576],[-101.6324771888952,32.374901414401364],[-101.63683567079484,32.38856008432772],[-101.62037771602908,32.392468250896755],[-101.61603229239981,32.378645584299576]]]},"properties":{"Surv_Name":"ROBERTSON, J P JR","max_propensity_score":7.0,"top_operator":"SCOUT ENERGY MANAGEMEN","owner_count":70.0,"ABSTRACT_L":"A-1333","field_name":"Unknown","Surv_Sect":"30","permit_count":0.0,"DESC_":"T&P RR CO","Block":"33 T2N","pending_permit_count":0.0,"production_trend":null,"production_status":"pdp","pdp_well_count":69.0,"well_count":69.0,"STArea__":27257096.1719,"ABSTRACT_N":"1333","new_permit_count":0.0,"CODE":"1333","pud_well_count":0.0,"legal_desc":"T2N BLK 33 SEC 30 A-1333"}},{"type":"Feature","geometry":{"type":"Polygon","coordinates":[[[-101.68724907705088,32.37709649345992],[-101.69058001831469,32.376349771212745],[-101.69045010077089,32.38389727153052],[-101.69036126245317,32.38905752690836],[-101.68883446760655,32.384267854314345],[-101.68722240465412,32.379210107712865],[-101.68702501293724,32.3785907633394],[-101.68691481482142,32.378251765090766],[-101.68659547727437,32.37724300348142],[-101.68724907705088,32.37709649345992]]]},"properties":{"Surv_Name":null,"max_propensity_score":7.0,"top_operator":"DIAMONDBACK E&P LLC","owner_count":221.0,"ABSTRACT_L":"A-594","field_name":"Unknown","Surv_Sect":"50","permit_count":0.0,"DESC_":"BAUER & COCKRELL","Block":"A","pending_permit_count":0.0,"production_trend":null,"production_status":"pdp","pdp_well_count":1.0,"well_count":1.0,"STArea__":2832665.6995,"ABSTRACT_N":"594","new_permit_count":0.0,"CODE":"594","pud_well_count":0.0,"legal_desc":"BAUER & COCKRELL A-594"}},{"type":"Feature","geometry":{"type":"Polygon","coordinates":[[[-101.63269220171527,32.37452147369238],[-101.64904147620179,32.37076287165129],[-101.65356037972657,32.38471009009267],[-101.63683567079484,32.38856008432772],[-101.6324771888952,32.374901414401364],[-101.63269220171527,32.37452147369238]]]},"properties":{"Surv_Name":"ARNETT, J G","max_propensity_score":8.0,"top_operator":"DIAMONDBACK E&P LLC","owner_count":287.0,"ABSTRACT_L":"A-1696","field_name":"Unknown","Surv_Sect":"20","permit_count":0.0,"DESC_":"T&P RR CO","Block":"34 T2N","pending_permit_count":0.0,"production_trend":null,"production_status":"pdp","pdp_well_count":8.0,"well_count":8.0,"STArea__":28097208.3316,"ABSTRACT_N":"1696","new_permit_count":0.0,"CODE":"1696","pud_well_count":0.0,"legal_desc":"T2N BLK 34 SEC 20 A-1696"}},{"type":"Feature","geometry":{"type":"Polygon","coordinates":[[[-101.49419295944602,32.39078585492359],[-101.51068083265847,32.38727329187549],[-101.51431549595841,32.399348426263046],[-101.51481660551094,32.40101295421656],[-101.49842894453266,32.404628364261036],[-101.49792521563211,32.40297379668069],[-101.49419295944602,32.39078585492359]]]},"properties":{"Surv_Name":"BEAL, H S","max_propensity_score":3.0,"top_operator":"SM ENERGY COMPANY","owner_count":11.0,"ABSTRACT_L":"A-1241","field_name":"Unknown","Surv_Sect":"32","permit_count":0.0,"DESC_":"T&P RR CO","Block":"32 T2N","pending_permit_count":0.0,"production_trend":null,"production_status":"pdp","pdp_well_count":20.0,"well_count":20.0,"STArea__":27128656.3845,"ABSTRACT_N":"1241","new_permit_count":0.0,"CODE":"1241","pud_well_count":0.0,"legal_desc":"T2N BLK 32 SEC 32 A-1241"}},{"type":"Feature","geometry":{"type":"Polygon","coordinates":[[[-101.49821049691698,32.37500196653679],[-101.506453088811,32.373223574779644],[-101.5101263726738,32.38543096006364],[-101.51068083265847,32.38727329187549],[-101.49419295944602,32.39078585492359],[-101.49369751707201,32.38917883522224],[-101.49003831181763,32.37676455617943],[-101.49367539159205,32.37598018047018],[-101.49821049691698,32.37500196653679]]]},"properties":{"Surv_Name":null,"max_propensity_score":6.0,"top_operator":"OVINTIV USA INC.","owner_count":94.0,"ABSTRACT_L":"A-283","field_name":"Unknown","Surv_Sect":"41","permit_count":0.0,"DESC_":"T&P RR CO","Block":"32 T2N","pending_permit_count":0.0,"production_trend":null,"production_status":"pdp","pdp_well_count":16.0,"well_count":16.0,"STArea__":27607292.2777,"ABSTRACT_N":"283","new_permit_count":0.0,"CODE":"283","pud_well_count":0.0,"legal_desc":"T2N BLK 32 SEC 41 A-283"}},{"type":"Feature","geometry":{"type":"Polygon","coordinates":[[[-101.578044703062,32.37235119237557],[-101.59476521449623,32.36847599640251],[-101.59697102063151,32.375388690980465],[-101.59920191663218,32.38245843092457],[-101.582500940626,32.38624911563128],[-101.58028095117547,32.37940094635272],[-101.578044703062,32.37235119237557]]]},"properties":{"Surv_Name":null,"max_propensity_score":8.0,"top_operator":"SCOUT ENERGY MANAGEMEN","owner_count":218.0,"ABSTRACT_L":"A-334","field_name":"Unknown","Surv_Sect":"33","permit_count":0.0,"DESC_":"T&P RR CO","Block":"33 T2N","pending_permit_count":0.0,"production_trend":null,"production_status":"pdp","pdp_well_count":12.0,"well_count":12.0,"STArea__":28106244.8522,"ABSTRACT_N":"334","new_permit_count":0.0,"CODE":"334","pud_well_count":0.0,"legal_desc":"T2N BLK 33 SEC 33 A-334"}},{"type":"Feature","geometry":{"type":"Polygon","coordinates":[[[-101.65731883108634,32.368852801540186],[-101.66543181124419,32.36698500013131],[-101.66984541518124,32.38098721816622],[-101.65356037972657,32.38471009009267],[-101.64904147620179,32.37076287165129],[-101.65731883108634,32.368852801540186]]]},"properties":{"Surv_Name":null,"max_propensity_score":9.0,"top_operator":"DIAMONDBACK E&P LLC","owner_count":1266.0,"ABSTRACT_L":"A-400","field_name":"Unknown","Surv_Sect":"21","permit_count":0.0,"DESC_":"T&P RR CO","Block":"34 T2N","pending_permit_count":0.0,"production_trend":null,"production_status":"pdp","pdp_well_count":19.0,"well_count":19.0,"STArea__":27526818.6472,"ABSTRACT_N":"400","new_permit_count":0.0,"CODE":"400","pud_well_count":0.0,"legal_desc":"T2N BLK 34 SEC 21 A-400"}},{"type":"Feature","geometry":{"type":"Polygon","coordinates":[[[-101.506453088811,32.373223574779644],[-101.50594466482654,32.37153366463932],[-101.52241480121526,32.367527281366925],[-101.5230756366976,32.369684279903495],[-101.5266392449609,32.38135502437718],[-101.5101263726738,32.38543096006364],[-101.506453088811,32.373223574779644]]]},"properties":{"Surv_Name":"GROVES, A","max_propensity_score":5.0,"top_operator":"OVINTIV USA INC.","owner_count":65.0,"ABSTRACT_L":"A-1125","field_name":"Unknown","Surv_Sect":"42","permit_count":0.0,"DESC_":"T&P RR CO","Block":"32 T2N","pending_permit_count":0.0,"production_trend":null,"production_status":"pdp","pdp_well_count":16.0,"well_count":16.0,"STArea__":27585873.9465,"ABSTRACT_N":"1125","new_permit_count":0.0,"CODE":"1125","pud_well_count":0.0,"legal_desc":"T2N BLK 32 SEC 42 A-1125"}},{"type":"Feature","geometry":{"type":"Polygon","coordinates":[[[-101.53544936973559,32.36676201676093],[-101.53951404335578,32.365765749551386],[-101.54394504552812,32.379630821047144],[-101.54294268033219,32.37983834520402],[-101.52722430255393,32.383260882147106],[-101.5266392449609,32.38135502437718],[-101.5230756366976,32.369684279903495],[-101.53139067132574,32.36765476110067],[-101.53544936973559,32.36676201676093]]]},"properties":{"Surv_Name":null,"max_propensity_score":9.0,"top_operator":"SURGE OPERATING, LLC","owner_count":249.0,"ABSTRACT_L":"A-336","field_name":"Unknown","Surv_Sect":"37","permit_count":0.0,"DESC_":"T&P RR CO","Block":"33 T2N","pending_permit_count":0.0,"production_trend":null,"production_status":"none","pdp_well_count":0.0,"well_count":0.0,"STArea__":27382254.5588,"ABSTRACT_N":"336","new_permit_count":0.0,"CODE":"336","pud_well_count":0.0,"legal_desc":"T2N BLK 33 SEC 37 A-336"}},{"type":"Feature","geometry":{"type":"Polygon","coordinates":[[[-101.66543181124419,32.36698500013131],[-101.682140925787,32.363160946146564],[-101.68659547727437,32.37724300348142],[-101.66984541518124,32.38098721816622],[-101.66543181124419,32.36698500013131]]]},"properties":{"Surv_Name":null,"max_propensity_score":9.0,"top_operator":"DIAMONDBACK E&P LLC","owner_count":1053.0,"ABSTRACT_L":"A-593","field_name":"Unknown","Surv_Sect":"49","permit_count":0.0,"DESC_":"BAUER & COCKRELL","Block":"A","pending_permit_count":0.0,"production_trend":null,"production_status":"pdp","pdp_well_count":24.0,"well_count":24.0,"STArea__":28270776.7299,"ABSTRACT_N":"593","new_permit_count":0.0,"CODE":"593","pud_well_count":0.0,"legal_desc":"BAUER & COCKRELL A-593"}},{"type":"Feature","geometry":{"type":"Polygon","coordinates":[[[-101.53951404335578,32.365765749551386],[-101.5565044274843,32.36179023059918],[-101.56120636861134,32.37619632763992],[-101.54411142404204,32.380097380563846],[-101.54394504552812,32.379630821047144],[-101.53951404335578,32.365765749551386]]]},"properties":{"Surv_Name":"BEAL, H S","max_propensity_score":7.0,"top_operator":"OCCIDENTAL PERMIAN LTD","owner_count":204.0,"ABSTRACT_L":"A-1244","field_name":"Unknown","Surv_Sect":"38","permit_count":0.0,"DESC_":"T&P RR CO","Block":"33 T2N","pending_permit_count":0.0,"production_trend":null,"production_status":"pdp","pdp_well_count":16.0,"well_count":16.0,"STArea__":29575939.1411,"ABSTRACT_N":"1244","new_permit_count":0.0,"CODE":"1244","pud_well_count":0.0,"legal_desc":"T2N BLK 33 SEC 38 A-1244"}},{"type":"Feature","geometry":{"type":"Polygon","coordinates":[[[-101.61965004870505,32.362722127840435],[-101.62793430293827,32.36075133721061],[-101.63269220171527,32.37452147369238],[-101.6324771888952,32.374901414401364],[-101.61603229239981,32.378645584299576],[-101.61581524712513,32.37869458433023],[-101.61120649494633,32.36471378472938],[-101.61965004870505,32.362722127840435]]]},"properties":{"Surv_Name":null,"max_propensity_score":5.0,"top_operator":"SCOUT ENERGY MANAGEMEN","owner_count":70.0,"ABSTRACT_L":"A-333","field_name":"Unknown","Surv_Sect":"31","permit_count":0.0,"DESC_":"T&P RR CO","Block":"33 T2N","pending_permit_count":0.0,"production_trend":null,"production_status":"pdp","pdp_well_count":17.0,"well_count":17.0,"STArea__":28629405.2645,"ABSTRACT_N":"333","new_permit_count":0.0,"CODE":"333","pud_well_count":0.0,"legal_desc":"T2N BLK 33 SEC 31 A-333"}},{"type":"Feature","geometry":{"type":"Polygon","coordinates":[[[-101.682140925787,32.363160946146564],[-101.69091783983214,32.36117292644218],[-101.69058001831469,32.376349771212745],[-101.68659547727437,32.37724300348142],[-101.682140925787,32.363160946146564]]]},"properties":{"Surv_Name":null,"max_propensity_score":8.0,"top_operator":"SCOUT ENERGY MANAGEMEN","owner_count":124.0,"ABSTRACT_L":"A-592","field_name":"Unknown","Surv_Sect":"48","permit_count":0.0,"DESC_":"BAUER & COCKRELL","Block":"A","pending_permit_count":0.0,"production_trend":null,"production_status":"pdp","pdp_well_count":16.0,"well_count":16.0,"STArea__":10818343.9587,"ABSTRACT_N":"592","new_permit_count":0.0,"CODE":"592","pud_well_count":0.0,"legal_desc":"BAUER & COCKRELL A-592"}},{"type":"Feature","geometry":{"type":"Polygon","coordinates":[[[-101.5565044274843,32.36179023059918],[-101.57317705756486,32.358095209132685],[-101.578044703062,32.37235119237557],[-101.56120636861134,32.37619632763992],[-101.5565044274843,32.36179023059918]]]},"properties":{"Surv_Name":null,"max_propensity_score":8.0,"top_operator":"SCOUT ENERGY MANAGEMEN","owner_count":125.0,"ABSTRACT_L":"A-337","field_name":"Unknown","Surv_Sect":"39","permit_count":0.0,"DESC_":"T&P RR CO","Block":"33 T2N","pending_permit_count":0.0,"production_trend":null,"production_status":"pdp","pdp_well_count":21.0,"well_count":21.0,"STArea__":28998474.4342,"ABSTRACT_N":"337","new_permit_count":0.0,"CODE":"337","pud_well_count":0.0,"legal_desc":"T2N BLK 33 SEC 39 A-337"}},{"type":"Feature","geometry":{"type":"Polygon","coordinates":[[[-101.62793430293827,32.36075133721061],[-101.64462769585849,32.356900196843824],[-101.64904147620179,32.37076287165129],[-101.63269220171527,32.37452147369238],[-101.62793430293827,32.36075133721061]]]},"properties":{"Surv_Name":null,"max_propensity_score":8.0,"top_operator":"BIRCH OPERATIONS, INC.","owner_count":1932.0,"ABSTRACT_L":"A-401","field_name":"Unknown","Surv_Sect":"23","permit_count":0.0,"DESC_":"T&P RR CO","Block":"34 T2N","pending_permit_count":0.0,"production_trend":null,"production_status":"pdp","pdp_well_count":35.0,"well_count":35.0,"STArea__":27600589.8759,"ABSTRACT_N":"401","new_permit_count":0.0,"CODE":"401","pud_well_count":0.0,"legal_desc":"T2N BLK 34 SEC 23 A-401"}},{"type":"Feature","geometry":{"type":"Polygon","coordinates":[[[-101.50206738769587,32.359132136761524],[-101.51849063095379,32.35553923523273],[-101.52092057807151,32.36264966869499],[-101.52241480121526,32.367527281366925],[-101.50594466482654,32.37153366463932],[-101.50206738769587,32.359132136761524]]]},"properties":{"Surv_Name":null,"max_propensity_score":10.0,"top_operator":"OVINTIV USA INC.","owner_count":1554.0,"ABSTRACT_L":"A-284","field_name":"Unknown","Surv_Sect":"43","permit_count":0.0,"DESC_":"T&P RR CO","Block":"32 T2N","pending_permit_count":0.0,"production_trend":null,"production_status":"pdp","pdp_well_count":8.0,"well_count":8.0,"STArea__":24263512.4268,"ABSTRACT_N":"284","new_permit_count":0.0,"CODE":"284","pud_well_count":0.0,"legal_desc":"T2N BLK 32 SEC 43 A-284"}},{"type":"Feature","geometry":{"type":"Polygon","coordinates":[[[-101.5899132557897,32.354302469274],[-101.59010955430897,32.354257300436664],[-101.59476521449623,32.36847599640251],[-101.578044703062,32.37235119237557],[-101.57317705756486,32.358095209132685],[-101.5899132557897,32.354302469274]]]},"properties":{"Surv_Name":"COFFEE, R C","max_propensity_score":8.0,"top_operator":"SCOUT ENERGY MANAGEMEN","owner_count":166.0,"ABSTRACT_L":"A-996","field_name":"Unknown","Surv_Sect":"40","permit_count":0.0,"DESC_":"T&P RR CO","Block":"33 T2N","pending_permit_count":0.0,"production_trend":null,"production_status":"pdp","pdp_well_count":21.0,"well_count":21.0,"STArea__":28972765.9952,"ABSTRACT_N":"996","new_permit_count":0.0,"CODE":"996","pud_well_count":0.0,"legal_desc":"T2N BLK 33 SEC 40 A-996"}},{"type":"Feature","geometry":{"type":"Polygon","coordinates":[[[-101.59010955430897,32.354257300436664],[-101.60632455550787,32.350474694479864],[-101.6088475862888,32.35785066188321],[-101.61120649494633,32.36471378472938],[-101.60307515659085,32.36654711954331],[-101.59476521449623,32.36847599640251],[-101.59010955430897,32.354257300436664]]]},"properties":{"Surv_Name":null,"max_propensity_score":8.0,"top_operator":"SCOUT ENERGY MANAGEMEN","owner_count":234.0,"ABSTRACT_L":"A-338","field_name":"Unknown","Surv_Sect":"41","permit_count":0.0,"DESC_":"T&P RR CO","Block":"33 T2N","pending_permit_count":0.0,"production_trend":null,"production_status":"pdp","pdp_well_count":51.0,"well_count":51.0,"STArea__":28090046.1795,"ABSTRACT_N":"338","new_permit_count":0.0,"CODE":"338","pud_well_count":0.0,"legal_desc":"T2N BLK 33 SEC 41 A-338"}},{"type":"Feature","geometry":{"type":"Polygon","coordinates":[[[-101.66099446940846,32.35313260182056],[-101.67775406981002,32.349239603274356],[-101.682140925787,32.363160946146564],[-101.66543181124419,32.36698500013131],[-101.66099446940846,32.35313260182056]]]},"properties":{"Surv_Name":null,"max_propensity_score":7.0,"top_operator":"OXYROCK OPERATING, LLC","owner_count":41.0,"ABSTRACT_L":"A-590","field_name":"Unknown","Surv_Sect":"41","permit_count":0.0,"DESC_":"BAUER & COCKRELL","Block":"A","pending_permit_count":0.0,"production_trend":null,"production_status":"pdp","pdp_well_count":21.0,"well_count":21.0,"STArea__":28018389.5676,"ABSTRACT_N":"590","new_permit_count":0.0,"CODE":"590","pud_well_count":0.0,"legal_desc":"BAUER & COCKRELL A-590"}},{"type":"Feature","geometry":{"type":"Polygon","coordinates":[[[-101.55178120710256,32.34762728770282],[-101.55196760020262,32.34758049131685],[-101.5552673501565,32.358349784053175],[-101.5565044274843,32.36179023059918],[-101.55634289448935,32.3618280395049],[-101.53951404335578,32.365765749551386],[-101.53538398485064,32.35202935453266],[-101.5353038769218,32.35176287618419],[-101.53536856334837,32.35174664573539],[-101.535490271504,32.35171610860222],[-101.54337473368417,32.349822750832125],[-101.5445673333256,32.34951441306752],[-101.55178120710256,32.34762728770282]]]},"properties":{"Surv_Name":null,"max_propensity_score":8.0,"top_operator":"SM ENERGY COMPANY","owner_count":41.0,"ABSTRACT_L":"A-341","field_name":"Unknown","Surv_Sect":"47","permit_count":0.0,"DESC_":"T&P RR CO","Block":"33 T2N","pending_permit_count":0.0,"production_trend":null,"production_status":"pdp","pdp_well_count":31.0,"well_count":31.0,"STArea__":28479827.5726,"ABSTRACT_N":"341","new_permit_count":0.0,"CODE":"341","pud_well_count":0.0,"legal_desc":"T2N BLK 33 SEC 47 A-341"}},{"type":"Feature","geometry":{"type":"Polygon","coordinates":[[[-101.67775406981002,32.349239603274356],[-101.69114975116376,32.34623705343624],[-101.69091783983214,32.36117292644218],[-101.682140925787,32.363160946146564],[-101.67775406981002,32.349239603274356]]]},"properties":{"Surv_Name":null,"max_propensity_score":7.0,"top_operator":"OXYROCK OPERATING, LLC","owner_count":18.0,"ABSTRACT_L":"A-591","field_name":"Unknown","Surv_Sect":"42","permit_count":0.0,"DESC_":"BAUER & COCKRELL","Block":"A","pending_permit_count":0.0,"production_trend":null,"production_status":"pdp","pdp_well_count":22.0,"well_count":22.0,"STArea__":18552692.1611,"ABSTRACT_N":"591","new_permit_count":0.0,"CODE":"591","pud_well_count":0.0,"legal_desc":"BAUER & COCKRELL A-591"}},{"type":"Feature","geometry":{"type":"Polygon","coordinates":[[[-101.6233590372804,32.34647546816933],[-101.63990209376438,32.34293378327576],[-101.64462769585849,32.356900196843824],[-101.62793430293827,32.36075133721061],[-101.62565976932541,32.35370422359193],[-101.6233590372804,32.34647546816933]]]},"properties":{"Surv_Name":"WOODARD, E P","max_propensity_score":8.0,"top_operator":"SM ENERGY COMPANY","owner_count":552.0,"ABSTRACT_L":"A-1213","field_name":"Unknown","Surv_Sect":"24","permit_count":0.0,"DESC_":"T&P RR CO","Block":"34 T2N","pending_permit_count":0.0,"production_trend":null,"production_status":"pdp","pdp_well_count":34.0,"well_count":34.0,"STArea__":28307914.9951,"ABSTRACT_N":"1213","new_permit_count":0.0,"CODE":"1213","pud_well_count":0.0,"legal_desc":"T2N BLK 34 SEC 24 A-1213"}},{"type":"Feature","geometry":{"type":"Polygon","coordinates":[[[-101.48165853873569,32.34848164029753],[-101.49784143489362,32.345119413207506],[-101.50206738769587,32.359132136761524],[-101.49393453866405,32.36090274585009],[-101.48945566099957,32.361874325975315],[-101.48581699765914,32.362665649182944],[-101.48165853873569,32.34848164029753]]]},"properties":{"Surv_Name":null,"max_propensity_score":9.0,"top_operator":"OVINTIV USA INC.","owner_count":602.0,"ABSTRACT_L":"A-130","field_name":"Unknown","Surv_Sect":"5","permit_count":0.0,"DESC_":"T&P RR CO","Block":"32 T1N","pending_permit_count":0.0,"production_trend":null,"production_status":"pdp","pdp_well_count":10.0,"well_count":10.0,"STArea__":27309833.9973,"ABSTRACT_N":"130","new_permit_count":0.0,"CODE":"130","pud_well_count":0.0,"legal_desc":"T1N BLK 32 SEC 5 A-130"}},{"type":"Feature","geometry":{"type":"Polygon","coordinates":[[[-101.58080862926846,32.34092174140044],[-101.58487241001374,32.33997786605965],[-101.5899132557897,32.354302469274],[-101.57317705756486,32.358095209132685],[-101.57127711798725,32.35242014894535],[-101.5683695312177,32.34378692103722],[-101.58080862926846,32.34092174140044]]]},"properties":{"Surv_Name":null,"max_propensity_score":8.0,"top_operator":"SM ENERGY COMPANY","owner_count":191.0,"ABSTRACT_L":"A-340","field_name":"Unknown","Surv_Sect":"45","permit_count":0.0,"DESC_":"T&P RR CO","Block":"33 T2N","pending_permit_count":0.0,"production_trend":null,"production_status":"pdp","pdp_well_count":43.0,"well_count":43.0,"STArea__":28823405.2749,"ABSTRACT_N":"340","new_permit_count":0.0,"CODE":"340","pud_well_count":0.0,"legal_desc":"T2N BLK 33 SEC 45 A-340"}},{"type":"Feature","geometry":{"type":"Polygon","coordinates":[[[-101.63990209376438,32.34293378327576],[-101.65658125122107,32.339190523730466],[-101.66099446940846,32.35313260182056],[-101.65290072816548,32.35499607332244],[-101.64462769585849,32.356900196843824],[-101.63990209376438,32.34293378327576]]]},"properties":{"Surv_Name":null,"max_propensity_score":0.0,"top_operator":"","owner_count":0.0,"ABSTRACT_L":"A-402","field_name":"Unknown","Surv_Sect":"25","permit_count":0.0,"DESC_":"T&P RR CO","Block":"34 T2N","pending_permit_count":0.0,"production_trend":null,"production_status":"pdp","pdp_well_count":33.0,"well_count":33.0,"STArea__":27832105.4838,"ABSTRACT_N":"402","new_permit_count":0.0,"CODE":"402","pud_well_count":0.0,"legal_desc":"T2N BLK 34 SEC 25 A-402"}},{"type":"Feature","geometry":{"type":"Polygon","coordinates":[[[-101.514258549349,32.34151543921187],[-101.53093867495348,32.337691865607674],[-101.5353038769218,32.35176287618419],[-101.52701452136807,32.353608723740265],[-101.51849063095379,32.35553923523273],[-101.514258549349,32.34151543921187]]]},"properties":{"Surv_Name":null,"max_propensity_score":8.0,"top_operator":"NEW HEIGHT ENERGY, LLC","owner_count":91.0,"ABSTRACT_L":"A-302","field_name":"Unknown","Surv_Sect":"1","permit_count":0.0,"DESC_":"T&P RR CO","Block":"33 T1N","pending_permit_count":0.0,"production_trend":null,"production_status":"pdp","pdp_well_count":16.0,"well_count":16.0,"STArea__":28250424.8099,"ABSTRACT_N":"302","new_permit_count":0.0,"CODE":"302","pud_well_count":0.0,"legal_desc":"T1N BLK 33 SEC 1 A-302"}},{"type":"Feature","geometry":{"type":"Polygon","coordinates":[[[-101.58487241001374,32.33997786605965],[-101.60142288557236,32.33611625810129],[-101.60632455550787,32.350474694479864],[-101.59010955430897,32.354257300436664],[-101.5899132557897,32.354302469274],[-101.58487241001374,32.33997786605965]]]},"properties":{"Surv_Name":"ARNETT, G M","max_propensity_score":6.0,"top_operator":"SM ENERGY COMPANY","owner_count":86.0,"ABSTRACT_L":"A-1011","field_name":"Unknown","Surv_Sect":"44","permit_count":0.0,"DESC_":"T&P RR CO","Block":"33 T2N","pending_permit_count":0.0,"production_trend":null,"production_status":"pdp","pdp_well_count":11.0,"well_count":11.0,"STArea__":28704098.1347,"ABSTRACT_N":"1011","new_permit_count":0.0,"CODE":"1011","pud_well_count":0.0,"legal_desc":"T2N BLK 33 SEC 44 A-1011"}},{"type":"Feature","geometry":{"type":"Polygon","coordinates":[[[-101.65658125122107,32.339190523730466],[-101.67320919555348,32.33537413815839],[-101.67775406981002,32.349239603274356],[-101.66099446940846,32.35313260182056],[-101.65658125122107,32.339190523730466]]]},"properties":{"Surv_Name":null,"max_propensity_score":7.0,"top_operator":"OXYROCK OPERATING, LLC","owner_count":593.0,"ABSTRACT_L":"A-589","field_name":"Unknown","Surv_Sect":"40","permit_count":0.0,"DESC_":"BAUER & COCKRELL","Block":"A","pending_permit_count":0.0,"production_trend":null,"production_status":"pdp","pdp_well_count":48.0,"well_count":48.0,"STArea__":28018253.0603,"ABSTRACT_N":"589","new_permit_count":0.0,"CODE":"589","pud_well_count":0.0,"legal_desc":"BAUER & COCKRELL A-589"}},{"type":"Feature","geometry":{"type":"Polygon","coordinates":[[[-101.54738312658897,32.33411838221655],[-101.54779549885663,32.33402748609272],[-101.5478180392896,32.33410071873641],[-101.55196760020262,32.34758049131685],[-101.55178120710256,32.34762728770282],[-101.5445673333256,32.34951441306752],[-101.54337473368417,32.349822750832125],[-101.535490271504,32.35171610860222],[-101.53536856334837,32.35174664573539],[-101.5353038769218,32.35176287618419],[-101.53093867495348,32.337691865607674],[-101.54738312658897,32.33411838221655]]]},"properties":{"Surv_Name":"SHUMAKE, W L","max_propensity_score":7.0,"top_operator":"SM ENERGY COMPANY","owner_count":159.0,"ABSTRACT_L":"A-1207","field_name":"Unknown","Surv_Sect":"2","permit_count":0.0,"DESC_":"T&P RR CO","Block":"33 T1N","pending_permit_count":0.0,"production_trend":null,"production_status":"pdp","pdp_well_count":12.0,"well_count":12.0,"STArea__":27969933.5627,"ABSTRACT_N":"1207","new_permit_count":0.0,"CODE":"1207","pud_well_count":0.0,"legal_desc":"T1N BLK 33 SEC 2 A-1207"}},{"type":"Feature","geometry":{"type":"Polygon","coordinates":[[[-101.60994486486143,32.33418659630278],[-101.61816965523354,32.33231084209805],[-101.6233590372804,32.34647546816933],[-101.60632455550787,32.350474694479864],[-101.60142288557236,32.33611625810129],[-101.60994486486143,32.33418659630278]]]},"properties":{"Surv_Name":null,"max_propensity_score":6.0,"top_operator":"SCOUT ENERGY MANAGEMEN","owner_count":140.0,"ABSTRACT_L":"A-339","field_name":"Unknown","Surv_Sect":"43","permit_count":0.0,"DESC_":"T&P RR CO","Block":"33 T2N","pending_permit_count":0.0,"production_trend":null,"production_status":"pdp","pdp_well_count":48.0,"well_count":48.0,"STArea__":29271903.1912,"ABSTRACT_N":"339","new_permit_count":0.0,"CODE":"339","pud_well_count":0.0,"legal_desc":"T2N BLK 33 SEC 43 A-339"}},{"type":"Feature","geometry":{"type":"Polygon","coordinates":[[[-101.67320919555348,32.33537413815839],[-101.68964286040989,32.33159982971869],[-101.69129604089865,32.336816601511075],[-101.69114975116376,32.34623705343624],[-101.67775406981002,32.349239603274356],[-101.67320919555348,32.33537413815839]]]},"properties":{"Surv_Name":null,"max_propensity_score":7.0,"top_operator":"OXYROCK OPERATING, LLC","owner_count":292.0,"ABSTRACT_L":"A-588","field_name":"Unknown","Surv_Sect":"39","permit_count":0.0,"DESC_":"BAUER & COCKRELL","Block":"A","pending_permit_count":0.0,"production_trend":null,"production_status":"pdp","pdp_well_count":4.0,"well_count":4.0,"STArea__":25952499.0948,"ABSTRACT_N":"588","new_permit_count":0.0,"CODE":"588","pud_well_count":0.0,"legal_desc":"BAUER & COCKRELL A-588"}},{"type":"Feature","geometry":{"type":"Polygon","coordinates":[[[-101.5559793004677,32.331947658073055],[-101.56419778981862,32.329954038476075],[-101.56566366434124,32.334955938168804],[-101.56578852384439,32.335417027475195],[-101.56621288900516,32.3368658256299],[-101.5683695312177,32.34378692103722],[-101.5602178916113,32.34567139566247],[-101.55196760020262,32.34758049131685],[-101.54786468320555,32.33424727090917],[-101.54779549885663,32.33402748609272],[-101.54773326024976,32.33376237154581],[-101.5559793004677,32.331947658073055]]]},"properties":{"Surv_Name":null,"max_propensity_score":5.0,"top_operator":"NEW HEIGHT ENERGY, LLC","owner_count":30.0,"ABSTRACT_L":"A-303","field_name":"Unknown","Surv_Sect":"3","permit_count":0.0,"DESC_":"T&P RR CO","Block":"33 T1N","pending_permit_count":0.0,"production_trend":null,"production_status":"pdp","pdp_well_count":19.0,"well_count":19.0,"STArea__":27198888.7322,"ABSTRACT_N":"303","new_permit_count":0.0,"CODE":"303","pud_well_count":0.0,"legal_desc":"T1N BLK 33 SEC 3 A-303"}},{"type":"Feature","geometry":{"type":"Polygon","coordinates":[[[-101.63495774448948,32.32876500624953],[-101.63990209376438,32.34293378327576],[-101.6233590372804,32.34647546816933],[-101.61816965523354,32.33231084209805],[-101.63495774448948,32.32876500624953]]]},"properties":{"Surv_Name":"WOODARD, E P","max_propensity_score":2.0,"top_operator":"NEW HEIGHT ENERGY, LLC","owner_count":12.0,"ABSTRACT_L":"A-1214","field_name":"Unknown","Surv_Sect":"26","permit_count":0.0,"DESC_":"T&P RR CO","Block":"34 T2N","pending_permit_count":0.0,"production_trend":null,"production_status":"pdp","pdp_well_count":39.0,"well_count":39.0,"STArea__":28546224.0885,"ABSTRACT_N":"1214","new_permit_count":0.0,"CODE":"1214","pud_well_count":0.0,"legal_desc":"T2N BLK 34 SEC 26 A-1214"}},{"type":"Feature","geometry":{"type":"Polygon","coordinates":[[[-101.63495774448948,32.32876500624953],[-101.65216725175927,32.32487953723333],[-101.65658125122107,32.339190523730466],[-101.63990209376438,32.34293378327576],[-101.63495774448948,32.32876500624953]]]},"properties":{"Surv_Name":null,"max_propensity_score":8.0,"top_operator":"SM ENERGY COMPANY","owner_count":555.0,"ABSTRACT_L":"A-580","field_name":"Unknown","Surv_Sect":"31","permit_count":0.0,"DESC_":"BAUER & COCKRELL","Block":"A","pending_permit_count":0.0,"production_trend":null,"production_status":"pdp","pdp_well_count":8.0,"well_count":8.0,"STArea__":29118390.8493,"ABSTRACT_N":"580","new_permit_count":0.0,"CODE":"580","pud_well_count":0.0,"legal_desc":"BAUER & COCKRELL A-580"}},{"type":"Feature","geometry":{"type":"Polygon","coordinates":[[[-101.49359098401773,32.33069164887103],[-101.5098890393077,32.3270020589099],[-101.50998511762994,32.32732123619862],[-101.514258549349,32.34151543921187],[-101.49784143489362,32.345119413207506],[-101.49359098401773,32.33069164887103]]]},"properties":{"Surv_Name":null,"max_propensity_score":7.0,"top_operator":"OVINTIV USA INC.","owner_count":55.0,"ABSTRACT_L":"A-131","field_name":"Unknown","Surv_Sect":"7","permit_count":0.0,"DESC_":"T&P RR CO","Block":"32 T1N","pending_permit_count":0.0,"production_trend":null,"production_status":"pdp","pdp_well_count":18.0,"well_count":18.0,"STArea__":28363471.307,"ABSTRACT_N":"131","new_permit_count":0.0,"CODE":"131","pud_well_count":0.0,"legal_desc":"T1N BLK 32 SEC 7 A-131"}},{"type":"Feature","geometry":{"type":"Polygon","coordinates":[[[-101.51841876225933,32.32535154430963],[-101.52661097692832,32.32343334809731],[-101.52869222878687,32.33035852262375],[-101.53093867495348,32.337691865607674],[-101.514258549349,32.34151543921187],[-101.50998511762994,32.32732123619862],[-101.51057782688547,32.32718690464504],[-101.51841876225933,32.32535154430963]]]},"properties":{"Surv_Name":null,"max_propensity_score":7.0,"top_operator":"SOUTHWEST ROYALTIES, I","owner_count":37.0,"ABSTRACT_L":"A-307","field_name":"Unknown","Surv_Sect":"11","permit_count":0.0,"DESC_":"T&P RR CO","Block":"33 T1N","pending_permit_count":0.0,"production_trend":null,"production_status":"pdp","pdp_well_count":31.0,"well_count":31.0,"STArea__":28464742.1139,"ABSTRACT_N":"307","new_permit_count":0.0,"CODE":"307","pud_well_count":0.0,"legal_desc":"T1N BLK 33 SEC 11 A-307"}},{"type":"Feature","geometry":{"type":"Polygon","coordinates":[[[-101.58067579588918,32.32578425677566],[-101.59719977220864,32.32204333401141],[-101.59926188822945,32.329167842960665],[-101.60142288557236,32.33611625810129],[-101.58487241001374,32.33997786605965],[-101.58282000765308,32.33303689985413],[-101.58067579588918,32.32578425677566]]]},"properties":{"Surv_Name":null,"max_propensity_score":8.0,"top_operator":"SM ENERGY COMPANY","owner_count":73.0,"ABSTRACT_L":"A-304","field_name":"Unknown","Surv_Sect":"5","permit_count":0.0,"DESC_":"T&P RR CO","Block":"33 T1N","pending_permit_count":0.0,"production_trend":null,"production_status":"pdp","pdp_well_count":28.0,"well_count":28.0,"STArea__":28002604.1217,"ABSTRACT_N":"304","new_permit_count":0.0,"CODE":"304","pud_well_count":0.0,"legal_desc":"T1N BLK 33 SEC 5 A-304"}},{"type":"Feature","geometry":{"type":"Polygon","coordinates":[[[-101.65216725175927,32.32487953723333],[-101.66856658484382,32.321205883504575],[-101.67320919555348,32.33537413815839],[-101.65658125122107,32.339190523730466],[-101.65216725175927,32.32487953723333]]]},"properties":{"Surv_Name":null,"max_propensity_score":8.0,"top_operator":"OXYROCK OPERATING, LLC","owner_count":107.0,"ABSTRACT_L":"A-581","field_name":"Unknown","Surv_Sect":"32","permit_count":0.0,"DESC_":"BAUER & COCKRELL","Block":"A","pending_permit_count":0.0,"production_trend":null,"production_status":"pdp","pdp_well_count":11.0,"well_count":11.0,"STArea__":28330016.2702,"ABSTRACT_N":"581","new_permit_count":0.0,"CODE":"581","pud_well_count":0.0,"legal_desc":"BAUER & COCKRELL A-581"}},{"type":"Feature","geometry":{"type":"Polygon","coordinates":[[[-101.68964286040989,32.33159982971869],[-101.69138295249586,32.3312000371727],[-101.69129604089865,32.336816601511075],[-101.68964286040989,32.33159982971869]]]},"properties":{"Surv_Name":null,"max_propensity_score":0.0,"top_operator":"","owner_count":0.0,"ABSTRACT_L":"A-587","field_name":"Unknown","Surv_Sect":"37","permit_count":0.0,"DESC_":"BAUER & COCKRELL","Block":"A","pending_permit_count":0.0,"production_trend":null,"production_status":"none","pdp_well_count":0.0,"well_count":0.0,"STArea__":547169.37349,"ABSTRACT_N":"587","new_permit_count":0.0,"CODE":"587","pud_well_count":0.0,"legal_desc":"BAUER & COCKRELL A-587"}},{"type":"Feature","geometry":{"type":"Polygon","coordinates":[[[-101.68417427211392,32.317733444814955],[-101.68517864877872,32.317509428614294],[-101.68964286040989,32.33159982971869],[-101.67320919555348,32.33537413815839],[-101.66856658484382,32.321205883504575],[-101.68417427211392,32.317733444814955]]]},"properties":{"Surv_Name":null,"max_propensity_score":2.0,"top_operator":"OXYROCK OPERATING, LLC","owner_count":7.0,"ABSTRACT_L":"A-582","field_name":"Unknown","Surv_Sect":"33","permit_count":0.0,"DESC_":"BAUER & COCKRELL","Block":"A","pending_permit_count":0.0,"production_trend":null,"production_status":"pdp","pdp_well_count":27.0,"well_count":27.0,"STArea__":28146390.2894,"ABSTRACT_N":"582","new_permit_count":0.0,"CODE":"582","pud_well_count":0.0,"legal_desc":"BAUER & COCKRELL A-582"}},{"type":"Feature","geometry":{"type":"Polygon","coordinates":[[[-101.54347345392459,32.31945347564995],[-101.55967097405144,32.31561676093704],[-101.56419778981862,32.329954038476075],[-101.5559793004677,32.331947658073055],[-101.54773326024976,32.33376237154581],[-101.54543521931379,32.32652874197961],[-101.54347345392459,32.31945347564995]]]},"properties":{"Surv_Name":null,"max_propensity_score":7.0,"top_operator":"OVINTIV USA INC.","owner_count":212.0,"ABSTRACT_L":"A-306","field_name":"Unknown","Surv_Sect":"9","permit_count":0.0,"DESC_":"T&P RR CO","Block":"33 T1N","pending_permit_count":0.0,"production_trend":null,"production_status":"pdp","pdp_well_count":15.0,"well_count":15.0,"STArea__":28375657.5965,"ABSTRACT_N":"306","new_permit_count":0.0,"CODE":"306","pud_well_count":0.0,"legal_desc":"T1N BLK 33 SEC 9 A-306"}},{"type":"Feature","geometry":{"type":"Polygon","coordinates":[[[-101.68517864877872,32.317509428614294],[-101.6916138332026,32.31607390410446],[-101.69138295249586,32.3312000371727],[-101.68964286040989,32.33159982971869],[-101.68517864877872,32.317509428614294]]]},"properties":{"Surv_Name":null,"max_propensity_score":0.0,"top_operator":"","owner_count":0.0,"ABSTRACT_L":"A-583","field_name":"Unknown","Surv_Sect":"34","permit_count":0.0,"DESC_":"BAUER & COCKRELL","Block":"A","pending_permit_count":0.0,"production_trend":null,"production_status":"none","pdp_well_count":0.0,"well_count":0.0,"STArea__":6929208.86468,"ABSTRACT_N":"583","new_permit_count":0.0,"CODE":"583","pud_well_count":0.0,"legal_desc":"BAUER & COCKRELL A-583"}},{"type":"Feature","geometry":{"type":"Polygon","coordinates":[[[-101.61383710167452,32.31838736291948],[-101.63051424017435,32.314648046908054],[-101.63495774448948,32.32876500624953],[-101.61816965523354,32.33231084209805],[-101.61600405019314,32.32535182035103],[-101.61383710167452,32.31838736291948]]]},"properties":{"Surv_Name":null,"max_propensity_score":6.0,"top_operator":"AMERICO ENERGY RESOURC","owner_count":104.0,"ABSTRACT_L":"A-579","field_name":"Unknown","Surv_Sect":"30","permit_count":0.0,"DESC_":"BAUER & COCKRELL","Block":"A","pending_permit_count":0.0,"production_trend":null,"production_status":"pdp","pdp_well_count":39.0,"well_count":39.0,"STArea__":28160414.5474,"ABSTRACT_N":"579","new_permit_count":0.0,"CODE":"579","pud_well_count":0.0,"legal_desc":"BAUER & COCKRELL A-579"}},{"type":"Feature","geometry":{"type":"Polygon","coordinates":[[[-101.63051424017435,32.314648046908054],[-101.64757333629277,32.310785058440565],[-101.65216725175927,32.32487953723333],[-101.63495774448948,32.32876500624953],[-101.63051424017435,32.314648046908054]]]},"properties":{"Surv_Name":null,"max_propensity_score":8.0,"top_operator":"OXY USA INC.","owner_count":384.0,"ABSTRACT_L":"A-578","field_name":"Unknown","Surv_Sect":"29","permit_count":0.0,"DESC_":"BAUER & COCKRELL","Block":"A","pending_permit_count":0.0,"production_trend":null,"production_status":"pdp","pdp_well_count":25.0,"well_count":25.0,"STArea__":29130332.814,"ABSTRACT_N":"578","new_permit_count":0.0,"CODE":"578","pud_well_count":0.0,"legal_desc":"BAUER & COCKRELL A-578"}},{"type":"Feature","geometry":{"type":"Polygon","coordinates":[[[-101.57622053578835,32.31164290483424],[-101.57640713209122,32.31159903184245],[-101.58067579588918,32.32578425677566],[-101.56419778981862,32.329954038476075],[-101.55967097405144,32.31561676093704],[-101.57622053578835,32.31164290483424]]]},"properties":{"Surv_Name":"MOORE, S W","max_propensity_score":7.0,"top_operator":"SM ENERGY COMPANY","owner_count":288.0,"ABSTRACT_L":"A-1073","field_name":"Unknown","Surv_Sect":"8","permit_count":0.0,"DESC_":"T&P RR CO","Block":"33 T1N","pending_permit_count":0.0,"production_trend":null,"production_status":"pdp","pdp_well_count":21.0,"well_count":21.0,"STArea__":28641224.4907,"ABSTRACT_N":"1073","new_permit_count":0.0,"CODE":"1073","pud_well_count":0.0,"legal_desc":"T1N BLK 33 SEC 8 A-1073"}},{"type":"Feature","geometry":{"type":"Polygon","coordinates":[[[-101.57640713209122,32.31159903184245],[-101.57635500858031,32.31142579184784],[-101.5927609875267,32.307808249343125],[-101.59719977220864,32.32204333401141],[-101.58067579588918,32.32578425677566],[-101.57640713209122,32.31159903184245]]]},"properties":{"Surv_Name":null,"max_propensity_score":6.0,"top_operator":"NEW HEIGHT ENERGY, LLC","owner_count":19.0,"ABSTRACT_L":"A-305","field_name":"Unknown","Surv_Sect":"7","permit_count":0.0,"DESC_":"T&P RR CO","Block":"33 T1N","pending_permit_count":0.0,"production_trend":null,"production_status":"pdp","pdp_well_count":42.0,"well_count":42.0,"STArea__":28267285.3647,"ABSTRACT_N":"305","new_permit_count":0.0,"CODE":"305","pud_well_count":0.0,"legal_desc":"T1N BLK 33 SEC 7 A-305"}},{"type":"Feature","geometry":{"type":"Polygon","coordinates":[[[-101.64757333629277,32.310785058440565],[-101.66382455772994,32.307119176233],[-101.66856658484382,32.321205883504575],[-101.65216725175927,32.32487953723333],[-101.64757333629277,32.310785058440565]]]},"properties":{"Surv_Name":null,"max_propensity_score":10.0,"top_operator":"OXYROCK OPERATING, LLC","owner_count":1991.0,"ABSTRACT_L":"A-577","field_name":"Unknown","Surv_Sect":"28","permit_count":0.0,"DESC_":"BAUER & COCKRELL","Block":"A","pending_permit_count":0.0,"production_trend":null,"production_status":"pdp","pdp_well_count":28.0,"well_count":28.0,"STArea__":27778948.1686,"ABSTRACT_N":"577","new_permit_count":0.0,"CODE":"577","pud_well_count":0.0,"legal_desc":"BAUER & COCKRELL A-577"}},{"type":"Feature","geometry":{"type":"Polygon","coordinates":[[[-101.53058441255037,32.30711715649742],[-101.53903485197799,32.30510287973532],[-101.54127488481754,32.312289550993455],[-101.54229600304498,32.31566822719716],[-101.54347345392459,32.31945347564995],[-101.52661097692832,32.32343334809731],[-101.52444153784342,32.31631887469553],[-101.52297365442416,32.311199491692925],[-101.52234638423384,32.30916453128231],[-101.52434176035327,32.30868598275989],[-101.53058441255037,32.30711715649742]]]},"properties":{"Surv_Name":null,"max_propensity_score":7.0,"top_operator":"OVINTIV USA INC.","owner_count":191.0,"ABSTRACT_L":"A-308","field_name":"Unknown","Surv_Sect":"13","permit_count":0.0,"DESC_":"T&P RR CO","Block":"33 T1N","pending_permit_count":0.0,"production_trend":null,"production_status":"pdp","pdp_well_count":20.0,"well_count":20.0,"STArea__":29008321.7962,"ABSTRACT_N":"308","new_permit_count":0.0,"CODE":"308","pud_well_count":0.0,"legal_desc":"T1N BLK 33 SEC 13 A-308"}},{"type":"Feature","geometry":{"type":"Polygon","coordinates":[[[-101.66382455772994,32.307119176233],[-101.67987851262622,32.30349540049514],[-101.68417427211392,32.317733444814955],[-101.66856658484382,32.321205883504575],[-101.66382455772994,32.307119176233]]]},"properties":{"Surv_Name":null,"max_propensity_score":8.0,"top_operator":"NEW HEIGHT ENERGY, LLC","owner_count":34.0,"ABSTRACT_L":"A-576","field_name":"Unknown","Surv_Sect":"27","permit_count":0.0,"DESC_":"BAUER & COCKRELL","Block":"A","pending_permit_count":0.0,"production_trend":null,"production_status":"pdp","pdp_well_count":28.0,"well_count":28.0,"STArea__":27001437.4082,"ABSTRACT_N":"576","new_permit_count":0.0,"CODE":"576","pud_well_count":0.0,"legal_desc":"BAUER & COCKRELL A-576"}},{"type":"Feature","geometry":{"type":"Polygon","coordinates":[[[-101.5927609875267,32.307808249343125],[-101.60940394543904,32.30413592995253],[-101.61383710167452,32.31838736291948],[-101.6053529821558,32.32025202213838],[-101.59719977220864,32.32204333401141],[-101.5927609875267,32.307808249343125]]]},"properties":{"Surv_Name":null,"max_propensity_score":8.0,"top_operator":"OXYROCK OPERATING, LLC","owner_count":1158.0,"ABSTRACT_L":"A-571","field_name":"Unknown","Surv_Sect":"22","permit_count":0.0,"DESC_":"BAUER & COCKRELL","Block":"A","pending_permit_count":0.0,"production_trend":null,"production_status":"pdp","pdp_well_count":36.0,"well_count":36.0,"STArea__":28465543.2773,"ABSTRACT_N":"571","new_permit_count":0.0,"CODE":"571","pud_well_count":0.0,"legal_desc":"BAUER & COCKRELL A-571"}},{"type":"Feature","geometry":{"type":"Polygon","coordinates":[[[-101.67987851262622,32.30349540049514],[-101.69184385094789,32.30079298144912],[-101.6916138332026,32.31607390410446],[-101.68517864877872,32.317509428614294],[-101.68417427211392,32.317733444814955],[-101.67987851262622,32.30349540049514]]]},"properties":{"Surv_Name":null,"max_propensity_score":4.0,"top_operator":"OXYROCK OPERATING, LLC","owner_count":228.0,"ABSTRACT_L":"A-522","field_name":"Unknown","Surv_Sect":"1","permit_count":0.0,"DESC_":"T&P RR CO","Block":"34 T1N","pending_permit_count":0.0,"production_trend":null,"production_status":"pdp","pdp_well_count":23.0,"well_count":23.0,"STArea__":16594469.4971,"ABSTRACT_N":"522","new_permit_count":0.0,"CODE":"522","pud_well_count":0.0,"legal_desc":"T1N BLK 34 SEC 1 A-522"}},{"type":"Feature","geometry":{"type":"Polygon","coordinates":[[[-101.60940394543904,32.30413592995253],[-101.62614650821983,32.30043906833605],[-101.63051424017435,32.314648046908054],[-101.61383710167452,32.31838736291948],[-101.60940394543904,32.30413592995253]]]},"properties":{"Surv_Name":null,"max_propensity_score":8.0,"top_operator":"OXYROCK OPERATING, LLC","owner_count":243.0,"ABSTRACT_L":"A-572","field_name":"Unknown","Surv_Sect":"23","permit_count":0.0,"DESC_":"BAUER & COCKRELL","Block":"A","pending_permit_count":0.0,"production_trend":null,"production_status":"pdp","pdp_well_count":58.0,"well_count":58.0,"STArea__":28565860.9449,"ABSTRACT_N":"572","new_permit_count":0.0,"CODE":"572","pud_well_count":0.0,"legal_desc":"BAUER & COCKRELL A-572"}},{"type":"Feature","geometry":{"type":"Polygon","coordinates":[[[-101.57134408517216,32.29740798396831],[-101.57199623184844,32.29725322366964],[-101.57214249438245,32.29774299462097],[-101.57635500858031,32.31142579184784],[-101.57640713209122,32.31159903184245],[-101.57622053578835,32.31164290483424],[-101.55967097405144,32.31561676093704],[-101.55845991243693,32.3116934064607],[-101.55747206241192,32.308489225029234],[-101.55535959717922,32.301209106410255],[-101.57134408517216,32.29740798396831]]]},"properties":{"Surv_Name":null,"max_propensity_score":8.0,"top_operator":"OVINTIV USA INC.","owner_count":374.0,"ABSTRACT_L":"A-309","field_name":"Unknown","Surv_Sect":"15","permit_count":0.0,"DESC_":"T&P RR CO","Block":"33 T1N","pending_permit_count":0.0,"production_trend":null,"production_status":"pdp","pdp_well_count":28.0,"well_count":28.0,"STArea__":28969941.8355,"ABSTRACT_N":"309","new_permit_count":0.0,"CODE":"309","pud_well_count":0.0,"legal_desc":"T1N BLK 33 SEC 15 A-309"}},{"type":"Feature","geometry":{"type":"Polygon","coordinates":[[[-101.62614650821983,32.30043906833605],[-101.64297084828458,32.29665965310338],[-101.64757333629277,32.310785058440565],[-101.63051424017435,32.314648046908054],[-101.62614650821983,32.30043906833605]]]},"properties":{"Surv_Name":null,"max_propensity_score":8.0,"top_operator":"OCCIDENTAL PERMIAN LTD","owner_count":528.0,"ABSTRACT_L":"A-573","field_name":"Unknown","Surv_Sect":"24","permit_count":0.0,"DESC_":"BAUER & COCKRELL","Block":"A","pending_permit_count":0.0,"production_trend":null,"production_status":"pdp","pdp_well_count":28.0,"well_count":28.0,"STArea__":28905327.1762,"ABSTRACT_N":"573","new_permit_count":0.0,"CODE":"573","pud_well_count":0.0,"legal_desc":"BAUER & COCKRELL A-573"}},{"type":"Feature","geometry":{"type":"Polygon","coordinates":[[[-101.48503617895743,32.30243139758066],[-101.50135046351821,32.298845584722464],[-101.50581847812532,32.31307624610491],[-101.49765983835833,32.31459154251122],[-101.48930454009486,32.31643505722021],[-101.48503617895743,32.30243139758066]]]},"properties":{"Surv_Name":null,"max_propensity_score":7.0,"top_operator":"OVINTIV USA INC.","owner_count":137.0,"ABSTRACT_L":"A-137","field_name":"Unknown","Surv_Sect":"19","permit_count":0.0,"DESC_":"T&P RR CO","Block":"32 T1N","pending_permit_count":0.0,"production_trend":null,"production_status":"pdp","pdp_well_count":7.0,"well_count":7.0,"STArea__":27616622.8254,"ABSTRACT_N":"137","new_permit_count":0.0,"CODE":"137","pud_well_count":0.0,"legal_desc":"T1N BLK 32 SEC 19 A-137"}},{"type":"Feature","geometry":{"type":"Polygon","coordinates":[[[-101.5097314230369,32.29681512923444],[-101.51800970859767,32.29481694081188],[-101.52234638423384,32.30916453128231],[-101.50798644682999,32.31255754068645],[-101.50581847812532,32.31307624610491],[-101.50135046351821,32.298845584722464],[-101.5097314230369,32.29681512923444]]]},"properties":{"Surv_Name":null,"max_propensity_score":7.0,"top_operator":"OVINTIV USA INC.","owner_count":221.0,"ABSTRACT_L":"A-311","field_name":"Unknown","Surv_Sect":"19","permit_count":0.0,"DESC_":"T&P RR CO","Block":"33 T1N","pending_permit_count":0.0,"production_trend":null,"production_status":"pdp","pdp_well_count":8.0,"well_count":8.0,"STArea__":28615500.2758,"ABSTRACT_N":"311","new_permit_count":0.0,"CODE":"311","pud_well_count":0.0,"legal_desc":"T1N BLK 33 SEC 19 A-311"}},{"type":"Feature","geometry":{"type":"Polygon","coordinates":[[[-101.64297084828458,32.29665965310338],[-101.65916273287023,32.29301984888974],[-101.66382455772994,32.307119176233],[-101.64757333629277,32.310785058440565],[-101.64297084828458,32.29665965310338]]]},"properties":{"Surv_Name":null,"max_propensity_score":9.0,"top_operator":"SM ENERGY COMPANY","owner_count":959.0,"ABSTRACT_L":"A-574","field_name":"Unknown","Surv_Sect":"25","permit_count":0.0,"DESC_":"BAUER & COCKRELL","Block":"A","pending_permit_count":0.0,"production_trend":null,"production_status":"pdp","pdp_well_count":7.0,"well_count":7.0,"STArea__":27635191.7028,"ABSTRACT_N":"574","new_permit_count":0.0,"CODE":"574","pud_well_count":0.0,"legal_desc":"BAUER & COCKRELL A-574"}},{"type":"Feature","geometry":{"type":"Polygon","coordinates":[[[-101.57214249438245,32.29774299462097],[-101.58862515979718,32.294010101569995],[-101.5927609875267,32.307808249343125],[-101.57635500858031,32.31142579184784],[-101.57214249438245,32.29774299462097]]]},"properties":{"Surv_Name":null,"max_propensity_score":8.0,"top_operator":"OVINTIV USA INC.","owner_count":555.0,"ABSTRACT_L":"A-570","field_name":"Unknown","Surv_Sect":"21","permit_count":0.0,"DESC_":"BAUER & COCKRELL","Block":"A","pending_permit_count":0.0,"production_trend":null,"production_status":"pdp","pdp_well_count":22.0,"well_count":22.0,"STArea__":27123319.713,"ABSTRACT_N":"570","new_permit_count":0.0,"CODE":"570","pud_well_count":0.0,"legal_desc":"BAUER & COCKRELL A-570"}},{"type":"Feature","geometry":{"type":"Polygon","coordinates":[[[-101.65916273287023,32.29301984888974],[-101.67560467727579,32.289321361689794],[-101.67987851262622,32.30349540049514],[-101.66382455772994,32.307119176233],[-101.65916273287023,32.29301984888974]]]},"properties":{"Surv_Name":null,"max_propensity_score":8.0,"top_operator":"SM ENERGY COMPANY","owner_count":210.0,"ABSTRACT_L":"A-575","field_name":"Unknown","Surv_Sect":"26","permit_count":0.0,"DESC_":"BAUER & COCKRELL","Block":"A","pending_permit_count":0.0,"production_trend":null,"production_status":"pdp","pdp_well_count":7.0,"well_count":7.0,"STArea__":27659304.9093,"ABSTRACT_N":"575","new_permit_count":0.0,"CODE":"575","pud_well_count":0.0,"legal_desc":"BAUER & COCKRELL A-575"}},{"type":"Feature","geometry":{"type":"Polygon","coordinates":[[[-101.58862515979718,32.294010101569995],[-101.60522821016694,32.29024740863859],[-101.60940394543904,32.30413592995253],[-101.5927609875267,32.307808249343125],[-101.58862515979718,32.294010101569995]]]},"properties":{"Surv_Name":null,"max_propensity_score":8.0,"top_operator":"SM ENERGY COMPANY","owner_count":302.0,"ABSTRACT_L":"A-569","field_name":"Unknown","Surv_Sect":"20","permit_count":0.0,"DESC_":"BAUER & COCKRELL","Block":"A","pending_permit_count":0.0,"production_trend":null,"production_status":"pdp","pdp_well_count":18.0,"well_count":18.0,"STArea__":27604813.6094,"ABSTRACT_N":"569","new_permit_count":0.0,"CODE":"569","pud_well_count":0.0,"legal_desc":"BAUER & COCKRELL A-569"}},{"type":"Feature","geometry":{"type":"Polygon","coordinates":[[[-101.5343313502206,32.290875386580396],[-101.55108828124874,32.286980143747385],[-101.55535959717922,32.301209106410255],[-101.53903485197799,32.30510287973532],[-101.53665760722826,32.29839915359829],[-101.5343313502206,32.290875386580396]]]},"properties":{"Surv_Name":null,"max_propensity_score":9.0,"top_operator":"OVINTIV USA INC.","owner_count":916.0,"ABSTRACT_L":"A-310","field_name":"Unknown","Surv_Sect":"17","permit_count":0.0,"DESC_":"T&P RR CO","Block":"33 T1N","pending_permit_count":0.0,"production_trend":null,"production_status":"pdp","pdp_well_count":26.0,"well_count":26.0,"STArea__":28550088.6359,"ABSTRACT_N":"310","new_permit_count":0.0,"CODE":"310","pud_well_count":0.0,"legal_desc":"T1N BLK 33 SEC 17 A-310"}},{"type":"Feature","geometry":{"type":"Polygon","coordinates":[[[-101.67560467727579,32.289321361689794],[-101.6920807118237,32.28561270633282],[-101.69184385094789,32.30079298144912],[-101.67987851262622,32.30349540049514],[-101.67560467727579,32.289321361689794]]]},"properties":{"Surv_Name":"ROBERTSON, W C","max_propensity_score":7.0,"top_operator":"OXYROCK OPERATING, LLC","owner_count":486.0,"ABSTRACT_L":"A-1337","field_name":"Unknown","Surv_Sect":"4","permit_count":0.0,"DESC_":"T&P RR CO","Block":"34 T1N","pending_permit_count":0.0,"production_trend":null,"production_status":"pdp","pdp_well_count":19.0,"well_count":19.0,"STArea__":24191240.8618,"ABSTRACT_N":"1337","new_permit_count":0.0,"CODE":"1337","pud_well_count":0.0,"legal_desc":"T1N BLK 34 SEC 4 A-1337"}},{"type":"Feature","geometry":{"type":"Polygon","coordinates":[[[-101.60522821016694,32.29024740863859],[-101.62181054713011,32.28648686962325],[-101.62614650821983,32.30043906833605],[-101.60940394543904,32.30413592995253],[-101.60522821016694,32.29024740863859]]]},"properties":{"Surv_Name":null,"max_propensity_score":8.0,"top_operator":"OXYROCK OPERATING, LLC","owner_count":71.0,"ABSTRACT_L":"A-568","field_name":"Unknown","Surv_Sect":"19","permit_count":0.0,"DESC_":"BAUER & COCKRELL","Block":"A","pending_permit_count":0.0,"production_trend":null,"production_status":"pdp","pdp_well_count":14.0,"well_count":14.0,"STArea__":27858815.2159,"ABSTRACT_N":"568","new_permit_count":0.0,"CODE":"568","pud_well_count":0.0,"legal_desc":"BAUER & COCKRELL A-568"}},{"type":"Feature","geometry":{"type":"Polygon","coordinates":[[[-101.55108828124874,32.286980143747385],[-101.55527184153634,32.28603400845073],[-101.55940985875743,32.285098013804834],[-101.56780008687079,32.283199709115614],[-101.57199623184844,32.29725322366964],[-101.57134408517216,32.29740798396831],[-101.55535959717922,32.301209106410255],[-101.55108828124874,32.286980143747385]]]},"properties":{"Surv_Name":"MOORE, S W","max_propensity_score":8.0,"top_operator":"FOUNDATION ENERGY MANA","owner_count":249.0,"ABSTRACT_L":"A-1070","field_name":"Unknown","Surv_Sect":"16","permit_count":0.0,"DESC_":"T&P RR CO","Block":"33 T1N","pending_permit_count":0.0,"production_trend":null,"production_status":"pdp","pdp_well_count":28.0,"well_count":28.0,"STArea__":28349055.4568,"ABSTRACT_N":"1070","new_permit_count":0.0,"CODE":"1070","pud_well_count":0.0,"legal_desc":"T1N BLK 33 SEC 16 A-1070"}},{"type":"Feature","geometry":{"type":"Polygon","coordinates":[[[-101.62181054713011,32.28648686962325],[-101.63842893179108,32.282715608062595],[-101.64297084828458,32.29665965310338],[-101.62614650821983,32.30043906833605],[-101.62181054713011,32.28648686962325]]]},"properties":{"Surv_Name":null,"max_propensity_score":8.0,"top_operator":"AMERICO ENERGY RESOURC","owner_count":72.0,"ABSTRACT_L":"A-567","field_name":"Unknown","Surv_Sect":"18","permit_count":0.0,"DESC_":"BAUER & COCKRELL","Block":"A","pending_permit_count":0.0,"production_trend":null,"production_status":"pdp","pdp_well_count":19.0,"well_count":19.0,"STArea__":28104403.8434,"ABSTRACT_N":"567","new_permit_count":0.0,"CODE":"567","pud_well_count":0.0,"legal_desc":"BAUER & COCKRELL A-567"}},{"type":"Feature","geometry":{"type":"Polygon","coordinates":[[[-101.64651219799131,32.280883165404134],[-101.65477624434617,32.27900889497086],[-101.6584680711324,32.29080132218309],[-101.65848278457553,32.29084831120705],[-101.65916273287023,32.29301984888974],[-101.65102669364244,32.29484906626133],[-101.6458257366211,32.29601807241157],[-101.64297084828458,32.29665965310338],[-101.64003433051494,32.287644827302586],[-101.63842893179108,32.282715608062595],[-101.64651219799131,32.280883165404134]]]},"properties":{"Surv_Name":null,"max_propensity_score":6.0,"top_operator":"ENDEAVOR ENERGY RESOUR","owner_count":208.0,"ABSTRACT_L":"A-566","field_name":"Unknown","Surv_Sect":"17","permit_count":0.0,"DESC_":"BAUER & COCKRELL","Block":"A","pending_permit_count":0.0,"production_trend":null,"production_status":"pdp","pdp_well_count":10.0,"well_count":10.0,"STArea__":27410275.8843,"ABSTRACT_N":"566","new_permit_count":0.0,"CODE":"566","pud_well_count":0.0,"legal_desc":"BAUER & COCKRELL A-566"}},{"type":"Feature","geometry":{"type":"Polygon","coordinates":[[[-101.57199623184844,32.29725322366964],[-101.56780008687079,32.283199709115614],[-101.58429025887885,32.279543076664424],[-101.58862515979718,32.294010101569995],[-101.57214249438245,32.29774299462097],[-101.57199623184844,32.29725322366964]]]},"properties":{"Surv_Name":null,"max_propensity_score":8.0,"top_operator":"SM ENERGY COMPANY","owner_count":511.0,"ABSTRACT_L":"A-562","field_name":"Unknown","Surv_Sect":"13","permit_count":0.0,"DESC_":"BAUER & COCKRELL","Block":"A","pending_permit_count":0.0,"production_trend":null,"production_status":"pdp","pdp_well_count":32.0,"well_count":32.0,"STArea__":28687512.4507,"ABSTRACT_N":"562","new_permit_count":0.0,"CODE":"562","pud_well_count":0.0,"legal_desc":"BAUER & COCKRELL A-562"}},{"type":"Feature","geometry":{"type":"Polygon","coordinates":[[[-101.51369038277635,32.280655685342786],[-101.5301364363907,32.27696343697549],[-101.5343313502206,32.290875386580396],[-101.52622887916765,32.29283238522952],[-101.51800970859767,32.29481694081188],[-101.5158440710472,32.28771730518272],[-101.51574864027945,32.287404426101055],[-101.51369038277635,32.280655685342786]]]},"properties":{"Surv_Name":null,"max_propensity_score":8.0,"top_operator":"APACHE CORPORATION","owner_count":771.0,"ABSTRACT_L":"A-312","field_name":"Unknown","Surv_Sect":"21","permit_count":0.0,"DESC_":"T&P RR CO","Block":"33 T1N","pending_permit_count":0.0,"production_trend":null,"production_status":"pdp","pdp_well_count":16.0,"well_count":16.0,"STArea__":27682653.4246,"ABSTRACT_N":"312","new_permit_count":0.0,"CODE":"312","pud_well_count":0.0,"legal_desc":"T1N BLK 33 SEC 21 A-312"}},{"type":"Feature","geometry":{"type":"Polygon","coordinates":[[[-101.66271511995325,32.2772078837278],[-101.67131160825437,32.27521201492639],[-101.67560467727579,32.289321361689794],[-101.65916273287023,32.29301984888974],[-101.65477624434617,32.27900889497086],[-101.66271511995325,32.2772078837278]]]},"properties":{"Surv_Name":null,"max_propensity_score":8.0,"top_operator":"OXYROCK OPERATING, LLC","owner_count":1481.0,"ABSTRACT_L":"A-387","field_name":"Unknown","Surv_Sect":"5","permit_count":0.0,"DESC_":"T&P RR CO","Block":"34 T1N","pending_permit_count":0.0,"production_trend":null,"production_status":"pdp","pdp_well_count":30.0,"well_count":30.0,"STArea__":27873830.0771,"ABSTRACT_N":"387","new_permit_count":0.0,"CODE":"387","pud_well_count":0.0,"legal_desc":"T1N BLK 34 SEC 5 A-387"}},{"type":"Feature","geometry":{"type":"Polygon","coordinates":[[[-101.58429025887885,32.279543076664424],[-101.60090291491287,32.275856758069075],[-101.60522821016694,32.29024740863859],[-101.58862515979718,32.294010101569995],[-101.58429025887885,32.279543076664424]]]},"properties":{"Surv_Name":null,"max_propensity_score":8.0,"top_operator":"OVINTIV USA INC.","owner_count":136.0,"ABSTRACT_L":"A-563","field_name":"Unknown","Surv_Sect":"14","permit_count":0.0,"DESC_":"BAUER & COCKRELL","Block":"A","pending_permit_count":0.0,"production_trend":null,"production_status":"pdp","pdp_well_count":49.0,"well_count":49.0,"STArea__":28755173.7698,"ABSTRACT_N":"563","new_permit_count":0.0,"CODE":"563","pud_well_count":0.0,"legal_desc":"BAUER & COCKRELL A-563"}},{"type":"Feature","geometry":{"type":"Polygon","coordinates":[[[-101.67131160825437,32.27521201492639],[-101.68789274555495,32.27142373229781],[-101.69209201868563,32.28494077100236],[-101.6920807118237,32.28561270633282],[-101.67560467727579,32.289321361689794],[-101.67131160825437,32.27521201492639]]]},"properties":{"Surv_Name":"ROBERTSON, W C","max_propensity_score":4.0,"top_operator":"OXYROCK OPERATING, LLC","owner_count":84.0,"ABSTRACT_L":"A-1338","field_name":"Unknown","Surv_Sect":"6","permit_count":0.0,"DESC_":"T&P RR CO","Block":"34 T1N","pending_permit_count":0.0,"production_trend":null,"production_status":"pdp","pdp_well_count":15.0,"well_count":15.0,"STArea__":28249427.9872,"ABSTRACT_N":"1338","new_permit_count":0.0,"CODE":"1338","pud_well_count":0.0,"legal_desc":"T1N BLK 34 SEC 6 A-1338"}},{"type":"Feature","geometry":{"type":"Polygon","coordinates":[[[-101.60090291491287,32.275856758069075],[-101.61737196692809,32.27219980220987],[-101.62181054713011,32.28648686962325],[-101.60522821016694,32.29024740863859],[-101.60090291491287,32.275856758069075]]]},"properties":{"Surv_Name":null,"max_propensity_score":8.0,"top_operator":"OVINTIV USA INC.","owner_count":249.0,"ABSTRACT_L":"A-564","field_name":"Unknown","Surv_Sect":"15","permit_count":0.0,"DESC_":"BAUER & COCKRELL","Block":"A","pending_permit_count":0.0,"production_trend":null,"production_status":"pdp","pdp_well_count":32.0,"well_count":32.0,"STArea__":28469850.9991,"ABSTRACT_N":"564","new_permit_count":0.0,"CODE":"564","pud_well_count":0.0,"legal_desc":"BAUER & COCKRELL A-564"}},{"type":"Feature","geometry":{"type":"Polygon","coordinates":[[[-101.62269942477015,32.271028261883366],[-101.63380993683865,32.26858415568992],[-101.63842893179108,32.282715608062595],[-101.62181054713011,32.28648686962325],[-101.61737196692809,32.27219980220987],[-101.62269942477015,32.271028261883366]]]},"properties":{"Surv_Name":null,"max_propensity_score":8.0,"top_operator":"AMERICO ENERGY RESOURC","owner_count":36.0,"ABSTRACT_L":"A-565","field_name":"Unknown","Surv_Sect":"16","permit_count":0.0,"DESC_":"BAUER & COCKRELL","Block":"A","pending_permit_count":0.0,"production_trend":null,"production_status":"pdp","pdp_well_count":61.0,"well_count":61.0,"STArea__":28287644.4611,"ABSTRACT_N":"565","new_permit_count":0.0,"CODE":"565","pud_well_count":0.0,"legal_desc":"BAUER & COCKRELL A-565"}},{"type":"Feature","geometry":{"type":"Polygon","coordinates":[[[-101.68789274555495,32.27142373229781],[-101.69227716785943,32.27042195387884],[-101.69209201868563,32.28494077100236],[-101.68789274555495,32.27142373229781]]]},"properties":{"Surv_Name":null,"max_propensity_score":1.0,"top_operator":"SCOUT ENERGY MANAGEMEN","owner_count":2.0,"ABSTRACT_L":"A-525","field_name":"Unknown","Surv_Sect":"7","permit_count":0.0,"DESC_":"T&P RR CO","Block":"34 T1N","pending_permit_count":0.0,"production_trend":null,"production_status":"pdp","pdp_well_count":2.0,"well_count":2.0,"STArea__":3568588.87685,"ABSTRACT_N":"525","new_permit_count":0.0,"CODE":"525","pud_well_count":0.0,"legal_desc":"T1N BLK 34 SEC 7 A-525"}},{"type":"Feature","geometry":{"type":"Polygon","coordinates":[[[-101.6421143464886,32.26671877574692],[-101.65038220232174,32.26489300227958],[-101.65206693695633,32.27042431327876],[-101.65217177126344,32.270721556791415],[-101.65256770325162,32.27198150117106],[-101.65477624434617,32.27900889497086],[-101.64651219799131,32.280883165404134],[-101.63842893179108,32.282715608062595],[-101.63380993683865,32.26858415568992],[-101.63399771570845,32.26854234544734],[-101.6421143464886,32.26671877574692]]]},"properties":{"Surv_Name":null,"max_propensity_score":5.0,"top_operator":"OWL OPS LLC","owner_count":56.0,"ABSTRACT_L":"A-388","field_name":"Unknown","Surv_Sect":"11","permit_count":0.0,"DESC_":"T&P RR CO","Block":"34 T1N","pending_permit_count":0.0,"production_trend":null,"production_status":"pdp","pdp_well_count":21.0,"well_count":21.0,"STArea__":28005597.6556,"ABSTRACT_N":"388","new_permit_count":0.0,"CODE":"388","pud_well_count":0.0,"legal_desc":"T1N BLK 34 SEC 11 A-388"}},{"type":"Feature","geometry":{"type":"Polygon","coordinates":[[[-101.56358632509567,32.269082613609335],[-101.58007854329344,32.26555364671422],[-101.58429025887885,32.279543076664424],[-101.56780008687079,32.283199709115614],[-101.56576033938022,32.27636664991815],[-101.56563128185878,32.27593427545103],[-101.56358632509567,32.269082613609335]]]},"properties":{"Surv_Name":null,"max_propensity_score":6.0,"top_operator":"OVINTIV USA INC.","owner_count":79.0,"ABSTRACT_L":"A-560","field_name":"Unknown","Surv_Sect":"11","permit_count":0.0,"DESC_":"BAUER & COCKRELL","Block":"A","pending_permit_count":0.0,"production_trend":null,"production_status":"pdp","pdp_well_count":22.0,"well_count":22.0,"STArea__":27761353.6652,"ABSTRACT_N":"560","new_permit_count":0.0,"CODE":"560","pud_well_count":0.0,"legal_desc":"BAUER & COCKRELL A-560"}},{"type":"Feature","geometry":{"type":"Polygon","coordinates":[[[-101.50933348827435,32.2663914989421],[-101.5259621742423,32.26288904182844],[-101.5301364363907,32.27696343697549],[-101.51369038277635,32.280655685342786],[-101.50933348827435,32.2663914989421]]]},"properties":{"Surv_Name":"BAILEY, O","max_propensity_score":5.0,"top_operator":"CALLON PETROLEUM OPERA","owner_count":9.0,"ABSTRACT_L":"A-1109","field_name":"Unknown","Surv_Sect":"24","permit_count":0.0,"DESC_":"T&P RR CO","Block":"33 T1N","pending_permit_count":0.0,"production_trend":null,"production_status":"pdp","pdp_well_count":10.0,"well_count":10.0,"STArea__":28074438.6988,"ABSTRACT_N":"1109","new_permit_count":0.0,"CODE":"1109","pud_well_count":0.0,"legal_desc":"T1N BLK 33 SEC 24 A-1109"}},{"type":"Feature","geometry":{"type":"Polygon","coordinates":[[[-101.58007854329344,32.26555364671422],[-101.59663856453001,32.261850271843336],[-101.60090291491287,32.275856758069075],[-101.58429025887885,32.279543076664424],[-101.58007854329344,32.26555364671422]]]},"properties":{"Surv_Name":null,"max_propensity_score":8.0,"top_operator":"OVINTIV USA INC.","owner_count":35.0,"ABSTRACT_L":"A-559","field_name":"Unknown","Surv_Sect":"10","permit_count":0.0,"DESC_":"BAUER & COCKRELL","Block":"A","pending_permit_count":0.0,"production_trend":null,"production_status":"pdp","pdp_well_count":22.0,"well_count":22.0,"STArea__":27868542.9424,"ABSTRACT_N":"559","new_permit_count":0.0,"CODE":"559","pud_well_count":0.0,"legal_desc":"BAUER & COCKRELL A-559"}},{"type":"Feature","geometry":{"type":"Polygon","coordinates":[[[-101.59663856453001,32.261850271843336],[-101.61299645697606,32.25818962067623],[-101.61737196692809,32.27219980220987],[-101.60090291491287,32.275856758069075],[-101.59663856453001,32.261850271843336]]]},"properties":{"Surv_Name":null,"max_propensity_score":8.0,"top_operator":"OVINTIV USA INC.","owner_count":367.0,"ABSTRACT_L":"A-558","field_name":"Unknown","Surv_Sect":"9","permit_count":0.0,"DESC_":"BAUER & COCKRELL","Block":"A","pending_permit_count":0.0,"production_trend":null,"production_status":"pdp","pdp_well_count":17.0,"well_count":17.0,"STArea__":27633257.4132,"ABSTRACT_N":"558","new_permit_count":0.0,"CODE":"558","pud_well_count":0.0,"legal_desc":"BAUER & COCKRELL A-558"}},{"type":"Feature","geometry":{"type":"Polygon","coordinates":[[[-101.55912920678182,32.25532321437083],[-101.57568601469809,32.251510829401745],[-101.58007854329344,32.26555364671422],[-101.56358632509567,32.269082613609335],[-101.56266344673175,32.26623399133866],[-101.56257278274836,32.26595413252552],[-101.55912920678182,32.25532321437083]]]},"properties":{"Surv_Name":null,"max_propensity_score":6.0,"top_operator":"PIONEER NATURAL RES. U","owner_count":136.0,"ABSTRACT_L":"A-556","field_name":"Unknown","Surv_Sect":"7","permit_count":0.0,"DESC_":"BAUER & COCKRELL","Block":"A","pending_permit_count":0.0,"production_trend":null,"production_status":"pdp","pdp_well_count":17.0,"well_count":17.0,"STArea__":27660059.7855,"ABSTRACT_N":"556","new_permit_count":0.0,"CODE":"556","pud_well_count":0.0,"legal_desc":"BAUER & COCKRELL A-556"}},{"type":"Feature","geometry":{"type":"Polygon","coordinates":[[[-101.62976121502106,32.254448910345566],[-101.64600558851522,32.25090451511004],[-101.64821577743352,32.257969263538115],[-101.65038220232174,32.26489300227958],[-101.6421143464886,32.26671877574692],[-101.63399771570845,32.26854234544734],[-101.63380993683865,32.26858415568992],[-101.63222077373955,32.26332596175132],[-101.62964081375736,32.25446793205553],[-101.62976121502106,32.254448910345566]]]},"properties":{"Surv_Name":null,"max_propensity_score":8.0,"top_operator":"CLEAR WATER INC.","owner_count":186.0,"ABSTRACT_L":"A-389","field_name":"Unknown","Surv_Sect":"13","permit_count":0.0,"DESC_":"T&P RR CO","Block":"34 T1N","pending_permit_count":0.0,"production_trend":null,"production_status":"pdp","pdp_well_count":37.0,"well_count":37.0,"STArea__":27776490.8863,"ABSTRACT_N":"389","new_permit_count":0.0,"CODE":"389","pud_well_count":0.0,"legal_desc":"T1N BLK 34 SEC 13 A-389"}},{"type":"Feature","geometry":{"type":"Polygon","coordinates":[[[-101.50480932439315,32.2524376159466],[-101.50504778247283,32.25238155856472],[-101.50681234272233,32.258089995305404],[-101.50933348827435,32.2663914989421],[-101.50505764130486,32.26738772917806],[-101.50482970872854,32.2674408304817],[-101.50177341472592,32.26812528672699],[-101.50077204313459,32.26837038158075],[-101.49326732497157,32.270104454785155],[-101.49325944327659,32.27010627587404],[-101.4927923005494,32.27019689172811],[-101.49135191445289,32.26580792194057],[-101.48852359034689,32.25609036342009],[-101.49487750523448,32.254665529707616],[-101.50480932439315,32.2524376159466]]]},"properties":{"Surv_Name":"DAWSON, E F","max_propensity_score":8.0,"top_operator":"APACHE CORPORATION","owner_count":154.0,"ABSTRACT_L":"A-621","field_name":"Unknown","Surv_Sect":"26","permit_count":0.0,"DESC_":"T&P RR CO","Block":"33 T1N","pending_permit_count":0.0,"production_trend":null,"production_status":"pdp","pdp_well_count":16.0,"well_count":16.0,"STArea__":28062527.6294,"ABSTRACT_N":"621","new_permit_count":0.0,"CODE":"621","pud_well_count":0.0,"legal_desc":"T1N BLK 33 SEC 26 A-621"}},{"type":"Feature","geometry":{"type":"Polygon","coordinates":[[[-101.51481660551094,32.40101295421656],[-101.51852295599315,32.41332230110506],[-101.5023414071936,32.41721723194273],[-101.49854363157613,32.405005059423196],[-101.49842894453266,32.404628364261036],[-101.51481660551094,32.40101295421656]]]},"properties":{"Surv_Name":null,"max_propensity_score":0.0,"top_operator":"","owner_count":0.0,"ABSTRACT_L":"A-277","field_name":"Unknown","Surv_Sect":"29","permit_count":0.0,"DESC_":"T&P RR CO","Block":"32 T2N","pending_permit_count":0.0,"production_trend":null,"production_status":"pdp","pdp_well_count":8.0,"well_count":8.0,"STArea__":24368793.3545,"ABSTRACT_N":"277","new_permit_count":0.0,"CODE":"277","pud_well_count":0.0,"legal_desc":"T2N BLK 32 SEC 29 A-277"}},{"type":"Feature","geometry":{"type":"Polygon","coordinates":[[[-101.44886033969998,32.44546769800604],[-101.45720635126663,32.443699602760695],[-101.45831426306216,32.44720094955641],[-101.45940410501466,32.450857263924526],[-101.46130690820625,32.45797166215313],[-101.45244585279852,32.459873525180235],[-101.44465230442428,32.46124401882164],[-101.44267734551812,32.4543413678071],[-101.4406330639915,32.44719526898077],[-101.44886033969998,32.44546769800604]]]},"properties":{"Surv_Name":null,"max_propensity_score":10.0,"top_operator":"VITAL ENERGY, INC.","owner_count":515.0,"ABSTRACT_L":"A-269","field_name":"Unknown","Surv_Sect":"13","permit_count":0.0,"DESC_":"T&P RR CO","Block":"32 T2N","pending_permit_count":0.0,"production_trend":null,"production_status":"pdp","pdp_well_count":11.0,"well_count":11.0,"STArea__":28211792.2974,"ABSTRACT_N":"269","new_permit_count":0.0,"CODE":"269","pud_well_count":0.0,"legal_desc":"T2N BLK 32 SEC 13 A-269"}},{"type":"Feature","geometry":{"type":"Polygon","coordinates":[[[-101.37798898758874,32.386264755720724],[-101.38621959082457,32.384388473985695],[-101.38793382669624,32.38966145195722],[-101.38847744720805,32.39139941118635],[-101.39067618098368,32.39842930825513],[-101.38777193938832,32.39908581224266],[-101.38661452051495,32.39934742542128],[-101.37403452664704,32.40219009882932],[-101.37402112795918,32.40214678693112],[-101.37132743646679,32.39343203237601],[-101.36969793134698,32.388159658219635],[-101.37798898758874,32.386264755720724]]]},"properties":{"Surv_Name":null,"max_propensity_score":7.0,"top_operator":"SCOUT ENERGY MANAGEMEN","owner_count":21.0,"ABSTRACT_L":"A-194","field_name":"Unknown","Surv_Sect":"37","permit_count":0.0,"DESC_":"T&P RR CO","Block":"31 T2N","pending_permit_count":0.0,"production_trend":null,"production_status":"pdp","pdp_well_count":11.0,"well_count":11.0,"STArea__":28028429.9369,"ABSTRACT_N":"194","new_permit_count":0.0,"CODE":"194","pud_well_count":0.0,"legal_desc":"T2N BLK 31 SEC 37 A-194"}},{"type":"Feature","geometry":{"type":"Polygon","coordinates":[[[-101.29913812209824,32.38840622912562],[-101.31558671340125,32.38472557105637],[-101.31980792032383,32.39918073968329],[-101.31419964088127,32.40014690232168],[-101.30329259049032,32.4020593219756],[-101.29913812209824,32.38840622912562]]]},"properties":{"Surv_Name":"COFFEE, L","max_propensity_score":8.0,"top_operator":"BAYSWATER OPERATING CO","owner_count":110.0,"ABSTRACT_L":"A-1031","field_name":"Unknown","Surv_Sect":"6","permit_count":0.0,"DESC_":"T&P RR CO","Block":"30 T1N","pending_permit_count":0.0,"production_trend":null,"production_status":"pdp","pdp_well_count":4.0,"well_count":4.0,"STArea__":27542977.6846,"ABSTRACT_N":"1031","new_permit_count":0.0,"CODE":"1031","pud_well_count":0.0,"legal_desc":"T1N BLK 30 SEC 6 A-1031"}},{"type":"Feature","geometry":{"type":"Polygon","coordinates":[[[-101.46519645047358,32.3822959976187],[-101.47328281608245,32.38052830798659],[-101.47744268295037,32.39437734293847],[-101.46091287502679,32.39804450401876],[-101.45672806500167,32.38413455158369],[-101.46519645047358,32.3822959976187]]]},"properties":{"Surv_Name":null,"max_propensity_score":8.0,"top_operator":"HIBERNIA RESOURCES IV,","owner_count":378.0,"ABSTRACT_L":"A-282","field_name":"Unknown","Surv_Sect":"39","permit_count":0.0,"DESC_":"T&P RR CO","Block":"32 T2N","pending_permit_count":0.0,"production_trend":null,"production_status":"pdp","pdp_well_count":16.0,"well_count":16.0,"STArea__":27482049.2048,"ABSTRACT_N":"282","new_permit_count":0.0,"CODE":"282","pud_well_count":0.0,"legal_desc":"T2N BLK 32 SEC 39 A-282"}},{"type":"Feature","geometry":{"type":"Polygon","coordinates":[[[-101.38621959082457,32.384388473985695],[-101.40281845027975,32.380750608607435],[-101.40720935197109,32.39451504598309],[-101.39067618098368,32.39842930825513],[-101.38847744720805,32.39139941118635],[-101.38793382669624,32.38966145195722],[-101.38621959082457,32.384388473985695]]]},"properties":{"Surv_Name":"RICE, E C","max_propensity_score":7.0,"top_operator":"VITAL ENERGY, INC.","owner_count":192.0,"ABSTRACT_L":"A-1184","field_name":"Unknown","Surv_Sect":"36","permit_count":0.0,"DESC_":"T&P RR CO","Block":"31 T2N","pending_permit_count":0.0,"production_trend":null,"production_status":"pdp","pdp_well_count":3.0,"well_count":3.0,"STArea__":27707218.3762,"ABSTRACT_N":"1184","new_permit_count":0.0,"CODE":"1184","pud_well_count":0.0,"legal_desc":"T2N BLK 31 SEC 36 A-1184"}},{"type":"Feature","geometry":{"type":"Polygon","coordinates":[[[-101.31558671340125,32.38472557105637],[-101.33294649020375,32.380838319370596],[-101.33766679453947,32.395240678350675],[-101.33465086334455,32.39590626461139],[-101.33142883234287,32.3966172423553],[-101.31980792032383,32.39918073968329],[-101.31558671340125,32.38472557105637]]]},"properties":{"Surv_Name":null,"max_propensity_score":7.0,"top_operator":"BAYSWATER OPERATING CO","owner_count":33.0,"ABSTRACT_L":"A-80","field_name":"Unknown","Surv_Sect":"1","permit_count":0.0,"DESC_":"T&P RR CO","Block":"31 T1N","pending_permit_count":0.0,"production_trend":null,"production_status":"pdp","pdp_well_count":2.0,"well_count":2.0,"STArea__":30497499.5397,"ABSTRACT_N":"80","new_permit_count":0.0,"CODE":"80","pud_well_count":0.0,"legal_desc":"T1N BLK 31 SEC 1 A-80"}},{"type":"Feature","geometry":{"type":"Polygon","coordinates":[[[-101.26231214371839,32.381633400852074],[-101.26262583350098,32.3815659514959],[-101.26689578199766,32.39561379294124],[-101.25041378783318,32.399294543164736],[-101.2459111824773,32.38515866104142],[-101.26231214371839,32.381633400852074]]]},"properties":{"Surv_Name":"ROBINSON, J","max_propensity_score":0.0,"top_operator":"","owner_count":0.0,"ABSTRACT_L":"A-1706","field_name":"Unknown","Surv_Sect":"10","permit_count":0.0,"DESC_":"T&P RR CO","Block":"30 T1N","pending_permit_count":0.0,"production_trend":null,"production_status":"pdp","pdp_well_count":10.0,"well_count":10.0,"STArea__":28057725.1512,"ABSTRACT_N":"1706","new_permit_count":0.0,"CODE":"1706","pud_well_count":0.0,"legal_desc":"T1N BLK 30 SEC 10 A-1706"}},{"type":"Feature","geometry":{"type":"Polygon","coordinates":[[[-101.33766679453947,32.395240678350675],[-101.34867436152277,32.392810710059585],[-101.3485554874732,32.396345751536714],[-101.33465086334455,32.39590626461139],[-101.33766679453947,32.395240678350675]]]},"properties":{"Surv_Name":"BUCHANAN, J","max_propensity_score":0.0,"top_operator":"","owner_count":0.0,"ABSTRACT_L":"A-1670","field_name":"Unknown","Surv_Sect":"58","permit_count":0.0,"DESC_":"H&TC RR CO","Block":"27","pending_permit_count":0.0,"production_trend":null,"production_status":"pdp","pdp_well_count":7.0,"well_count":7.0,"STArea__":2762646.75436,"ABSTRACT_N":"1670","new_permit_count":0.0,"CODE":"1670","pud_well_count":0.0,"legal_desc":"BUCHANAN, J A-1670"}},{"type":"Feature","geometry":{"type":"Polygon","coordinates":[[[-101.33294649020375,32.380838319370596],[-101.34914787472178,32.37737138367819],[-101.35357225572282,32.391729121264284],[-101.34867436152277,32.392810710059585],[-101.33766679453947,32.395240678350675],[-101.33294649020375,32.380838319370596]]]},"properties":{"Surv_Name":"BIRKHEAD, B T","max_propensity_score":0.0,"top_operator":"","owner_count":0.0,"ABSTRACT_L":"A-1012","field_name":"Unknown","Surv_Sect":"2","permit_count":0.0,"DESC_":"T&P RR CO","Block":"31 T1N","pending_permit_count":0.0,"production_trend":null,"production_status":"pdp","pdp_well_count":11.0,"well_count":11.0,"STArea__":27716510.1554,"ABSTRACT_N":"1012","new_permit_count":0.0,"CODE":"1012","pud_well_count":0.0,"legal_desc":"T1N BLK 31 SEC 2 A-1012"}},{"type":"Feature","geometry":{"type":"Polygon","coordinates":[[[-101.4112684877394,32.378929385130895],[-101.4196002537758,32.37712753614345],[-101.42382858977881,32.39095136630887],[-101.40720935197109,32.39451504598309],[-101.40281845027975,32.380750608607435],[-101.4112684877394,32.378929385130895]]]},"properties":{"Surv_Name":null,"max_propensity_score":0.0,"top_operator":"","owner_count":0.0,"ABSTRACT_L":"A-193","field_name":"Unknown","Surv_Sect":"35","permit_count":0.0,"DESC_":"T&P RR CO","Block":"31 T2N","pending_permit_count":0.0,"production_trend":null,"production_status":"pdp","pdp_well_count":5.0,"well_count":5.0,"STArea__":27607614.2345,"ABSTRACT_N":"193","new_permit_count":0.0,"CODE":"193","pud_well_count":0.0,"legal_desc":"T2N BLK 31 SEC 35 A-193"}},{"type":"Feature","geometry":{"type":"Polygon","coordinates":[[[-101.26262583350098,32.3815659514959],[-101.27903906854932,32.378035552653195],[-101.28315779876544,32.39197972060329],[-101.26689578199766,32.39561379294124],[-101.26262583350098,32.3815659514959]]]},"properties":{"Surv_Name":null,"max_propensity_score":0.0,"top_operator":"","owner_count":0.0,"ABSTRACT_L":"A-228","field_name":"Unknown","Surv_Sect":"9","permit_count":0.0,"DESC_":"T&P RR CO","Block":"30 T1N","pending_permit_count":0.0,"production_trend":null,"production_status":"pdp","pdp_well_count":15.0,"well_count":15.0,"STArea__":27366373.5692,"ABSTRACT_N":"228","new_permit_count":0.0,"CODE":"228","pud_well_count":0.0,"legal_desc":"T1N BLK 30 SEC 9 A-228"}},{"type":"Feature","geometry":{"type":"Polygon","coordinates":[[[-101.36025562747481,32.375001777443785],[-101.36530698205534,32.3739111150426],[-101.36673693070678,32.378682946055854],[-101.36838290813289,32.38417502478329],[-101.36847289136382,32.38447524926782],[-101.36969793134698,32.388159658219635],[-101.36608985247719,32.388916513981115],[-101.36106204121914,32.39004639796206],[-101.36036068613986,32.390203993211095],[-101.35357225572282,32.391729121264284],[-101.34914787472178,32.37737138367819],[-101.36025562747481,32.375001777443785]]]},"properties":{"Surv_Name":null,"max_propensity_score":10.0,"top_operator":"SURGE OPERATING, LLC","owner_count":89.0,"ABSTRACT_L":"A-81","field_name":"Unknown","Surv_Sect":"3","permit_count":0.0,"DESC_":"T&P RR CO","Block":"31 T1N","pending_permit_count":0.0,"production_trend":null,"production_status":"pdp","pdp_well_count":4.0,"well_count":4.0,"STArea__":27552463.3993,"ABSTRACT_N":"81","new_permit_count":0.0,"CODE":"81","pud_well_count":0.0,"legal_desc":"T1N BLK 31 SEC 3 A-81"}},{"type":"Feature","geometry":{"type":"Polygon","coordinates":[[[-101.4196002537758,32.37712753614345],[-101.43616621659628,32.373486248494764],[-101.44029636884903,32.38757995348337],[-101.43322465955052,32.389028180047596],[-101.42382858977881,32.39095136630887],[-101.4196002537758,32.37712753614345]]]},"properties":{"Surv_Name":"RICE, J W","max_propensity_score":8.0,"top_operator":"OVINTIV USA INC.","owner_count":465.0,"ABSTRACT_L":"A-1182","field_name":"Unknown","Surv_Sect":"48","permit_count":0.0,"DESC_":"T&P RR CO","Block":"32 T2N","pending_permit_count":0.0,"production_trend":null,"production_status":"pdp","pdp_well_count":21.0,"well_count":21.0,"STArea__":27538872.9349,"ABSTRACT_N":"1182","new_permit_count":0.0,"CODE":"1182","pud_well_count":0.0,"legal_desc":"T2N BLK 32 SEC 48 A-1182"}},{"type":"Feature","geometry":{"type":"Polygon","coordinates":[[[-101.27903906854932,32.378035552653195],[-101.29494220108069,32.37461253130434],[-101.29913812209824,32.38840622912562],[-101.28315779876544,32.39197972060329],[-101.27903906854932,32.378035552653195]]]},"properties":{"Surv_Name":"COFFEE, L","max_propensity_score":0.0,"top_operator":"","owner_count":0.0,"ABSTRACT_L":"A-1029","field_name":"Unknown","Surv_Sect":"8","permit_count":0.0,"DESC_":"T&P RR CO","Block":"30 T1N","pending_permit_count":0.0,"production_trend":null,"production_status":"pdp","pdp_well_count":4.0,"well_count":4.0,"STArea__":26463576.1568,"ABSTRACT_N":"1029","new_permit_count":0.0,"CODE":"1029","pud_well_count":0.0,"legal_desc":"T1N BLK 30 SEC 8 A-1029"}},{"type":"Feature","geometry":{"type":"Polygon","coordinates":[[[-101.43616621659628,32.373486248494764],[-101.452493645501,32.36987085873162],[-101.45456100207,32.376949343687905],[-101.45672806500167,32.38413455158369],[-101.44213636391301,32.387194425105925],[-101.44029642251738,32.38758012993663],[-101.44029636884903,32.38757995348337],[-101.43616621659628,32.373486248494764]]]},"properties":{"Surv_Name":null,"max_propensity_score":3.0,"top_operator":"OVINTIV USA INC.","owner_count":10.0,"ABSTRACT_L":"A-286","field_name":"Unknown","Surv_Sect":"47","permit_count":0.0,"DESC_":"T&P RR CO","Block":"32 T2N","pending_permit_count":0.0,"production_trend":null,"production_status":"pdp","pdp_well_count":11.0,"well_count":11.0,"STArea__":27714709.9553,"ABSTRACT_N":"286","new_permit_count":0.0,"CODE":"286","pud_well_count":0.0,"legal_desc":"T2N BLK 32 SEC 47 A-286"}},{"type":"Feature","geometry":{"type":"Polygon","coordinates":[[[-101.29494220108069,32.37461253130434],[-101.31158781654038,32.37102722736019],[-101.31558671340125,32.38472557105637],[-101.29913812209824,32.38840622912562],[-101.29494220108069,32.37461253130434]]]},"properties":{"Surv_Name":null,"max_propensity_score":5.0,"top_operator":"BAYSWATER OPERATING CO","owner_count":36.0,"ABSTRACT_L":"A-227","field_name":"Unknown","Surv_Sect":"7","permit_count":0.0,"DESC_":"T&P RR CO","Block":"30 T1N","pending_permit_count":0.0,"production_trend":null,"production_status":"pdp","pdp_well_count":11.0,"well_count":11.0,"STArea__":27217621.0215,"ABSTRACT_N":"227","new_permit_count":0.0,"CODE":"227","pud_well_count":0.0,"legal_desc":"T1N BLK 30 SEC 7 A-227"}},{"type":"Feature","geometry":{"type":"Polygon","coordinates":[[[-101.39444961462623,32.3675886878274],[-101.39853775805226,32.366783405322806],[-101.3994449870822,32.369746486088],[-101.40005603121456,32.37170479472743],[-101.40069595674237,32.37382827161682],[-101.40142562232165,32.376214684458304],[-101.40281845027975,32.380750608607435],[-101.38621959082457,32.384388473985695],[-101.38459758571858,32.37906937724019],[-101.38192037401407,32.37029032979981],[-101.38201975505677,32.37026667038602],[-101.38210884058803,32.370247481784766],[-101.38211121585783,32.370246969975554],[-101.38314162669037,32.370025044117014],[-101.3833502243315,32.36998010942217],[-101.38548040972182,32.36952121556499],[-101.38607536040354,32.36939304669368],[-101.38607582701485,32.36939294649809],[-101.3861631109251,32.36937414338403],[-101.38709024242301,32.369174414159275],[-101.38709032578335,32.369174395073486],[-101.3876308848272,32.36905793814537],[-101.38763122160032,32.369057866233874],[-101.39030638869409,32.36848149656774],[-101.3903692677523,32.36846795076261],[-101.39444961462623,32.3675886878274]]]},"properties":{"Surv_Name":null,"max_propensity_score":9.0,"top_operator":"OVINTIV USA INC.","owner_count":234.0,"ABSTRACT_L":"A-82","field_name":"Unknown","Surv_Sect":"5","permit_count":0.0,"DESC_":"T&P RR CO","Block":"31 T1N","pending_permit_count":0.0,"production_trend":null,"production_status":"pdp","pdp_well_count":18.0,"well_count":18.0,"STArea__":27953380.2174,"ABSTRACT_N":"82","new_permit_count":0.0,"CODE":"82","pud_well_count":0.0,"legal_desc":"T1N BLK 31 SEC 5 A-82"}},{"type":"Feature","geometry":{"type":"Polygon","coordinates":[[[-101.31158781654038,32.37102722736019],[-101.32843236400142,32.367396503223134],[-101.33294649020375,32.380838319370596],[-101.31558671340125,32.38472557105637],[-101.31158781654038,32.37102722736019]]]},"properties":{"Surv_Name":"KEY, J","max_propensity_score":10.0,"top_operator":"BAYSWATER OPERATING CO","owner_count":131.0,"ABSTRACT_L":"A-1139","field_name":"Unknown","Surv_Sect":"12","permit_count":0.0,"DESC_":"T&P RR CO","Block":"31 T1N","pending_permit_count":0.0,"production_trend":null,"production_status":"pdp","pdp_well_count":8.0,"well_count":8.0,"STArea__":27862920.4902,"ABSTRACT_N":"1139","new_permit_count":0.0,"CODE":"1139","pud_well_count":0.0,"legal_desc":"T1N BLK 31 SEC 12 A-1139"}},{"type":"Feature","geometry":{"type":"Polygon","coordinates":[[[-101.24999999939735,32.36947220595581],[-101.25802031076833,32.36768031671287],[-101.26231214371839,32.381633400852074],[-101.2459111824773,32.38515866104142],[-101.24384711080664,32.378676978374855],[-101.2437509296936,32.37837492227745],[-101.2414702037527,32.37121171016549],[-101.24994634766196,32.36948386281962],[-101.24999972063019,32.36947226627795],[-101.24999999939735,32.36947220595581]]]},"properties":{"Surv_Name":null,"max_propensity_score":0.0,"top_operator":"","owner_count":0.0,"ABSTRACT_L":"A-231","field_name":"Unknown","Surv_Sect":"15","permit_count":0.0,"DESC_":"T&P RR CO","Block":"30 T1N","pending_permit_count":0.0,"production_trend":null,"production_status":"pdp","pdp_well_count":3.0,"well_count":3.0,"STArea__":27469127.0984,"ABSTRACT_N":"231","new_permit_count":0.0,"CODE":"231","pud_well_count":0.0,"legal_desc":"T1N BLK 30 SEC 15 A-231"}},{"type":"Feature","geometry":{"type":"Polygon","coordinates":[[[-101.47743741084372,32.364486348500854],[-101.48581699765914,32.362665649182944],[-101.49003831181763,32.37676455617943],[-101.47328281608245,32.38052830798659],[-101.46913202797012,32.36623826823502],[-101.47743741084372,32.364486348500854]]]},"properties":{"Surv_Name":null,"max_propensity_score":7.0,"top_operator":"HIBERNIA RESOURCES IV,","owner_count":364.0,"ABSTRACT_L":"A-285","field_name":"Unknown","Surv_Sect":"45","permit_count":0.0,"DESC_":"T&P RR CO","Block":"32 T2N","pending_permit_count":0.0,"production_trend":null,"production_status":"pdp","pdp_well_count":19.0,"well_count":19.0,"STArea__":28357872.8739,"ABSTRACT_N":"285","new_permit_count":0.0,"CODE":"285","pud_well_count":0.0,"legal_desc":"T2N BLK 32 SEC 45 A-285"}},{"type":"Feature","geometry":{"type":"Polygon","coordinates":[[[-101.32868239755587,32.36733882201781],[-101.3447528443971,32.363493000994836],[-101.34914787472178,32.37737138367819],[-101.3331977797365,32.38078456419259],[-101.33294649020375,32.380838319370596],[-101.32843236400142,32.367396503223134],[-101.32868239755587,32.36733882201781]]]},"properties":{"Surv_Name":null,"max_propensity_score":7.0,"top_operator":"BAYSWATER OPERATING CO","owner_count":602.0,"ABSTRACT_L":"A-85","field_name":"Unknown","Surv_Sect":"11","permit_count":0.0,"DESC_":"T&P RR CO","Block":"31 T1N","pending_permit_count":0.0,"production_trend":null,"production_status":"pdp","pdp_well_count":4.0,"well_count":4.0,"STArea__":26791066.975,"ABSTRACT_N":"85","new_permit_count":0.0,"CODE":"85","pud_well_count":0.0,"legal_desc":"T1N BLK 31 SEC 11 A-85"}},{"type":"Feature","geometry":{"type":"Polygon","coordinates":[[[-101.25802031076833,32.36768031671287],[-101.27462568993921,32.36402062067341],[-101.27903906854932,32.378035552653195],[-101.26262583350098,32.3815659514959],[-101.26231214371839,32.381633400852074],[-101.25802031076833,32.36768031671287]]]},"properties":{"Surv_Name":"COFFEE, L","max_propensity_score":5.0,"top_operator":"BAYSWATER OPERATING CO","owner_count":21.0,"ABSTRACT_L":"A-1030","field_name":"Unknown","Surv_Sect":"16","permit_count":0.0,"DESC_":"T&P RR CO","Block":"30 T1N","pending_permit_count":0.0,"production_trend":null,"production_status":"pdp","pdp_well_count":18.0,"well_count":18.0,"STArea__":27951091.0567,"ABSTRACT_N":"1030","new_permit_count":0.0,"CODE":"1030","pud_well_count":0.0,"legal_desc":"T1N BLK 30 SEC 16 A-1030"}},{"type":"Feature","geometry":{"type":"Polygon","coordinates":[[[-101.42341414452221,32.36134275891745],[-101.43186446921176,32.35949342279184],[-101.43616621659628,32.373486248494764],[-101.4196002537758,32.37712753614345],[-101.41526883100607,32.36312472584412],[-101.42341414452221,32.36134275891745]]]},"properties":{"Surv_Name":null,"max_propensity_score":9.0,"top_operator":"HIBERNIA RESOURCES IV,","owner_count":220.0,"ABSTRACT_L":"A-128","field_name":"Unknown","Surv_Sect":"1","permit_count":0.0,"DESC_":"T&P RR CO","Block":"32 T1N","pending_permit_count":0.0,"production_trend":null,"production_status":"pdp","pdp_well_count":19.0,"well_count":19.0,"STArea__":27833141.3604,"ABSTRACT_N":"128","new_permit_count":0.0,"CODE":"128","pud_well_count":0.0,"legal_desc":"T1N BLK 32 SEC 1 A-128"}},{"type":"Feature","geometry":{"type":"Polygon","coordinates":[[[-101.35302785507152,32.36167497815811],[-101.3611149176608,32.359918892185256],[-101.3632022639523,32.3668865766565],[-101.36530698205534,32.3739111150426],[-101.36025562747481,32.375001777443785],[-101.34914787472178,32.37737138367819],[-101.3447528443971,32.363493000994836],[-101.35302785507152,32.36167497815811]]]},"properties":{"Surv_Name":"PALLARD, F T","max_propensity_score":7.0,"top_operator":"BAYSWATER OPERATING CO","owner_count":80.0,"ABSTRACT_L":"A-1321","field_name":"Unknown","Surv_Sect":"10","permit_count":0.0,"DESC_":"T&P RR CO","Block":"31 T1N","pending_permit_count":0.0,"production_trend":null,"production_status":"pdp","pdp_well_count":5.0,"well_count":5.0,"STArea__":27166316.5264,"ABSTRACT_N":"1321","new_permit_count":0.0,"CODE":"1321","pud_well_count":0.0,"legal_desc":"T1N BLK 31 SEC 10 A-1321"}},{"type":"Feature","geometry":{"type":"Polygon","coordinates":[[[-101.27462568993921,32.36402062067341],[-101.29064681730546,32.36048729350111],[-101.29494220108069,32.37461253130434],[-101.27903906854932,32.378035552653195],[-101.27462568993921,32.36402062067341]]]},"properties":{"Surv_Name":null,"max_propensity_score":6.0,"top_operator":"BAYSWATER OPERATING CO","owner_count":21.0,"ABSTRACT_L":"A-232","field_name":"Unknown","Surv_Sect":"17","permit_count":0.0,"DESC_":"T&P RR CO","Block":"30 T1N","pending_permit_count":0.0,"production_trend":null,"production_status":"pdp","pdp_well_count":18.0,"well_count":18.0,"STArea__":26927772.4258,"ABSTRACT_N":"232","new_permit_count":0.0,"CODE":"232","pud_well_count":0.0,"legal_desc":"T1N BLK 30 SEC 17 A-232"}},{"type":"Feature","geometry":{"type":"Polygon","coordinates":[[[-101.43186446921176,32.35949342279184],[-101.44823246678231,32.35590946054225],[-101.452493645501,32.36987085873162],[-101.43616621659628,32.373486248494764],[-101.43186446921176,32.35949342279184]]]},"properties":{"Surv_Name":"RICE, J W","max_propensity_score":7.0,"top_operator":"OVINTIV USA INC.","owner_count":46.0,"ABSTRACT_L":"A-1183","field_name":"Unknown","Surv_Sect":"2","permit_count":0.0,"DESC_":"T&P RR CO","Block":"32 T2N","pending_permit_count":0.0,"production_trend":null,"production_status":"pdp","pdp_well_count":20.0,"well_count":20.0,"STArea__":27397796.8262,"ABSTRACT_N":"1183","new_permit_count":0.0,"CODE":"1183","pud_well_count":0.0,"legal_desc":"T2N BLK 32 SEC 2 A-1183"}},{"type":"Feature","geometry":{"type":"Polygon","coordinates":[[[-101.3611149176608,32.359918892185256],[-101.37766121784435,32.356297912316386],[-101.37976049447478,32.363268019651194],[-101.38172195129964,32.36964405462231],[-101.38172199768104,32.36964420690928],[-101.38192037401407,32.37029032979981],[-101.37366163589867,32.37212113944676],[-101.36530698205534,32.3739111150426],[-101.3632022639523,32.3668865766565],[-101.3611149176608,32.359918892185256]]]},"properties":{"Surv_Name":null,"max_propensity_score":7.0,"top_operator":"BAYSWATER OPERATING CO","owner_count":310.0,"ABSTRACT_L":"A-84","field_name":"Unknown","Surv_Sect":"9","permit_count":0.0,"DESC_":"T&P RR CO","Block":"31 T1N","pending_permit_count":0.0,"production_trend":null,"production_status":"pdp","pdp_well_count":7.0,"well_count":7.0,"STArea__":27789147.8951,"ABSTRACT_N":"84","new_permit_count":0.0,"CODE":"84","pud_well_count":0.0,"legal_desc":"T1N BLK 31 SEC 9 A-84"}},{"type":"Feature","geometry":{"type":"Polygon","coordinates":[[[-101.29064681730546,32.36048729350111],[-101.30743095073632,32.35678316734182],[-101.31158781654038,32.37102722736019],[-101.29494220108069,32.37461253130434],[-101.29064681730546,32.36048729350111]]]},"properties":{"Surv_Name":"KEY, J","max_propensity_score":7.0,"top_operator":"BAYSWATER OPERATING CO","owner_count":53.0,"ABSTRACT_L":"A-1140","field_name":"Unknown","Surv_Sect":"18","permit_count":0.0,"DESC_":"T&P RR CO","Block":"30 T1N","pending_permit_count":0.0,"production_trend":null,"production_status":"pdp","pdp_well_count":6.0,"well_count":6.0,"STArea__":28362588.5439,"ABSTRACT_N":"1140","new_permit_count":0.0,"CODE":"1140","pud_well_count":0.0,"legal_desc":"T1N BLK 30 SEC 18 A-1140"}},{"type":"Feature","geometry":{"type":"Polygon","coordinates":[[[-101.44823246678231,32.35590946054225],[-101.46492459094593,32.352252002271555],[-101.46913202797012,32.36623826823502],[-101.452493645501,32.36987085873162],[-101.44823246678231,32.35590946054225]]]},"properties":{"Surv_Name":null,"max_propensity_score":6.0,"top_operator":"VITAL ENERGY, INC.","owner_count":44.0,"ABSTRACT_L":"A-129","field_name":"Unknown","Surv_Sect":"3","permit_count":0.0,"DESC_":"T&P RR CO","Block":"32 T1N","pending_permit_count":0.0,"production_trend":null,"production_status":"pdp","pdp_well_count":11.0,"well_count":11.0,"STArea__":27893846.1414,"ABSTRACT_N":"129","new_permit_count":0.0,"CODE":"129","pud_well_count":0.0,"legal_desc":"T1N BLK 32 SEC 3 A-129"}},{"type":"Feature","geometry":{"type":"Polygon","coordinates":[[[-101.30743095073632,32.35678316734182],[-101.32400464345038,32.353120629003946],[-101.32843236400142,32.367396503223134],[-101.31158781654038,32.37102722736019],[-101.30743095073632,32.35678316734182]]]},"properties":{"Surv_Name":null,"max_propensity_score":0.0,"top_operator":"","owner_count":0.0,"ABSTRACT_L":"A-86","field_name":"Unknown","Surv_Sect":"13","permit_count":0.0,"DESC_":"T&P RR CO","Block":"31 T1N","pending_permit_count":0.0,"production_trend":null,"production_status":"pdp","pdp_well_count":4.0,"well_count":4.0,"STArea__":28523972.9701,"ABSTRACT_N":"86","new_permit_count":0.0,"CODE":"86","pud_well_count":0.0,"legal_desc":"T1N BLK 31 SEC 13 A-86"}},{"type":"Feature","geometry":{"type":"Polygon","coordinates":[[[-101.2368387518227,32.356648082668876],[-101.25355301848401,32.35315201196452],[-101.25440676176447,32.35592888886111],[-101.25802031076833,32.36768031671287],[-101.24999999939735,32.36947220595581],[-101.24999972063019,32.36947226627795],[-101.24994634766196,32.36948386281962],[-101.2414702037527,32.37121171016549],[-101.23688938119595,32.35680731282679],[-101.2368387518227,32.356648082668876]]]},"properties":{"Surv_Name":"HARDY, A T","max_propensity_score":0.0,"top_operator":"","owner_count":0.0,"ABSTRACT_L":"A-1137","field_name":"Unknown","Surv_Sect":"22","permit_count":0.0,"DESC_":"T&P RR CO","Block":"30 T1N","pending_permit_count":0.0,"production_trend":null,"production_status":"pdp","pdp_well_count":2.0,"well_count":2.0,"STArea__":29047366.2076,"ABSTRACT_N":"1137","new_permit_count":0.0,"CODE":"1137","pud_well_count":0.0,"legal_desc":"T1N BLK 30 SEC 22 A-1137"}},{"type":"Feature","geometry":{"type":"Polygon","coordinates":[[[-101.39430207235272,32.35246198949584],[-101.41082431317251,32.34875200237605],[-101.41306904951396,32.35601039246286],[-101.41526883100607,32.36312472584412],[-101.40692909783274,32.36491774882719],[-101.39853775805226,32.366783405322806],[-101.39633639153027,32.3596503471168],[-101.39430207235272,32.35246198949584]]]},"properties":{"Surv_Name":null,"max_propensity_score":8.0,"top_operator":"SURGE OPERATING, LLC","owner_count":937.0,"ABSTRACT_L":"A-83","field_name":"Unknown","Surv_Sect":"7","permit_count":0.0,"DESC_":"T&P RR CO","Block":"31 T1N","pending_permit_count":0.0,"production_trend":null,"production_status":"pdp","pdp_well_count":7.0,"well_count":7.0,"STArea__":28638723.8005,"ABSTRACT_N":"83","new_permit_count":0.0,"CODE":"83","pud_well_count":0.0,"legal_desc":"T1N BLK 31 SEC 7 A-83"}},{"type":"Feature","geometry":{"type":"Polygon","coordinates":[[[-101.25355301848401,32.35315201196452],[-101.27008076969649,32.34958321149292],[-101.27462568993921,32.36402062067341],[-101.25802031076833,32.36768031671287],[-101.25355301848401,32.35315201196452]]]},"properties":{"Surv_Name":null,"max_propensity_score":5.0,"top_operator":"BAYSWATER OPERATING CO","owner_count":12.0,"ABSTRACT_L":"A-234","field_name":"Unknown","Surv_Sect":"21","permit_count":0.0,"DESC_":"T&P RR CO","Block":"30 T1N","pending_permit_count":0.0,"production_trend":null,"production_status":"pdp","pdp_well_count":3.0,"well_count":3.0,"STArea__":28782735.1462,"ABSTRACT_N":"234","new_permit_count":0.0,"CODE":"234","pud_well_count":0.0,"legal_desc":"T1N BLK 30 SEC 21 A-234"}},{"type":"Feature","geometry":{"type":"Polygon","coordinates":[[[-101.32400464345038,32.353120629003946],[-101.34049445202412,32.34927553453132],[-101.34054358022256,32.34943509907037],[-101.3434100492421,32.35879956833486],[-101.3447528443971,32.363493000994836],[-101.32868239755587,32.36733882201781],[-101.32843236400142,32.367396503223134],[-101.32400464345038,32.353120629003946]]]},"properties":{"Surv_Name":"ELLIS, W F","max_propensity_score":0.0,"top_operator":"","owner_count":0.0,"ABSTRACT_L":"A-1039","field_name":"Unknown","Surv_Sect":"14","permit_count":0.0,"DESC_":"T&P RR CO","Block":"31 T1N","pending_permit_count":0.0,"production_trend":null,"production_status":"pdp","pdp_well_count":6.0,"well_count":6.0,"STArea__":28198097.8075,"ABSTRACT_N":"1039","new_permit_count":0.0,"CODE":"1039","pud_well_count":0.0,"legal_desc":"T1N BLK 31 SEC 14 A-1039"}},{"type":"Feature","geometry":{"type":"Polygon","coordinates":[[[-101.27008076969649,32.34958321149292],[-101.28629822033925,32.34618236404219],[-101.29064681730546,32.36048729350111],[-101.27462568993921,32.36402062067341],[-101.27008076969649,32.34958321149292]]]},"properties":{"Surv_Name":"HARDY, A T","max_propensity_score":6.0,"top_operator":"BAYSWATER OPERATING CO","owner_count":38.0,"ABSTRACT_L":"A-1136","field_name":"Unknown","Surv_Sect":"20","permit_count":0.0,"DESC_":"T&P RR CO","Block":"30 T1N","pending_permit_count":0.0,"production_trend":null,"production_status":"pdp","pdp_well_count":7.0,"well_count":7.0,"STArea__":27756291.8939,"ABSTRACT_N":"1136","new_permit_count":0.0,"CODE":"1136","pud_well_count":0.0,"legal_desc":"T1N BLK 30 SEC 20 A-1136"}},{"type":"Feature","geometry":{"type":"Polygon","coordinates":[[[-101.34890731954599,32.34740890035883],[-101.35695565488375,32.345610324985785],[-101.35700165332572,32.345763720189986],[-101.3611149176608,32.359918892185256],[-101.35302785507152,32.36167497815811],[-101.3447528443971,32.363493000994836],[-101.3434100492421,32.35879956833486],[-101.34054358022256,32.34943509907037],[-101.34049445202412,32.34927553453132],[-101.34181119929741,32.34898340628903],[-101.34890731954599,32.34740890035883]]]},"properties":{"Surv_Name":null,"max_propensity_score":10.0,"top_operator":"HIGHPEAK ENERGY HOLDIN","owner_count":231.0,"ABSTRACT_L":"A-87","field_name":"Unknown","Surv_Sect":"15","permit_count":0.0,"DESC_":"T&P RR CO","Block":"31 T1N","pending_permit_count":0.0,"production_trend":null,"production_status":"pdp","pdp_well_count":3.0,"well_count":3.0,"STArea__":27943424.6051,"ABSTRACT_N":"87","new_permit_count":0.0,"CODE":"87","pud_well_count":0.0,"legal_desc":"T1N BLK 31 SEC 15 A-87"}},{"type":"Feature","geometry":{"type":"Polygon","coordinates":[[[-101.49784143489362,32.345119413207506],[-101.514258549349,32.34151543921187],[-101.51849063095379,32.35553923523273],[-101.50206738769587,32.359132136761524],[-101.49784143489362,32.345119413207506]]]},"properties":{"Surv_Name":"PRICE, H","max_propensity_score":7.0,"top_operator":"OVINTIV USA INC.","owner_count":103.0,"ABSTRACT_L":"A-1322","field_name":"Unknown","Surv_Sect":"6","permit_count":0.0,"DESC_":"T&P RR CO","Block":"32 T1N","pending_permit_count":0.0,"production_trend":null,"production_status":"pdp","pdp_well_count":19.0,"well_count":19.0,"STArea__":27570131.3296,"ABSTRACT_N":"1322","new_permit_count":0.0,"CODE":"1322","pud_well_count":0.0,"legal_desc":"T1N BLK 32 SEC 6 A-1322"}},{"type":"Feature","geometry":{"type":"Polygon","coordinates":[[[-101.4274360785603,32.34514141162186],[-101.44404439131746,32.341542146655044],[-101.44823246678231,32.35590946054225],[-101.43186446921176,32.35949342279184],[-101.4274360785603,32.34514141162186]]]},"properties":{"Surv_Name":null,"max_propensity_score":8.0,"top_operator":"VITAL ENERGY, INC.","owner_count":54.0,"ABSTRACT_L":"A-133","field_name":"Unknown","Surv_Sect":"11","permit_count":0.0,"DESC_":"T&P RR CO","Block":"32 T1N","pending_permit_count":0.0,"production_trend":null,"production_status":"pdp","pdp_well_count":14.0,"well_count":14.0,"STArea__":28338265.132,"ABSTRACT_N":"133","new_permit_count":0.0,"CODE":"133","pud_well_count":0.0,"legal_desc":"T1N BLK 32 SEC 11 A-133"}},{"type":"Feature","geometry":{"type":"Polygon","coordinates":[[[-101.28629822033925,32.34618236404219],[-101.30323739859578,32.34262756796707],[-101.30372037412891,32.34415864136778],[-101.30430586298586,32.34601460940925],[-101.30639479734243,32.35323191668803],[-101.30743095073632,32.35678316734182],[-101.29855228897557,32.35874293980292],[-101.29853202649369,32.35874741167455],[-101.29064681730546,32.36048729350111],[-101.28629822033925,32.34618236404219]]]},"properties":{"Surv_Name":null,"max_propensity_score":5.0,"top_operator":"BAYSWATER OPERATING CO","owner_count":43.0,"ABSTRACT_L":"A-233","field_name":"Unknown","Surv_Sect":"19","permit_count":0.0,"DESC_":"T&P RR CO","Block":"30 T1N","pending_permit_count":0.0,"production_trend":null,"production_status":"pdp","pdp_well_count":3.0,"well_count":3.0,"STArea__":28747070.8675,"ABSTRACT_N":"233","new_permit_count":0.0,"CODE":"233","pud_well_count":0.0,"legal_desc":"T1N BLK 30 SEC 19 A-233"}},{"type":"Feature","geometry":{"type":"Polygon","coordinates":[[[-101.35904586703386,32.34516130123055],[-101.37345938447119,32.34195936609208],[-101.37766121784435,32.356297912316386],[-101.3611149176608,32.359918892185256],[-101.35700165332572,32.345763720189986],[-101.35695565488375,32.345610324985785],[-101.35904586703386,32.34516130123055]]]},"properties":{"Surv_Name":"POLLARD, F T","max_propensity_score":6.0,"top_operator":"BAYSWATER OPERATING CO","owner_count":232.0,"ABSTRACT_L":"A-1082","field_name":"Unknown","Surv_Sect":"16","permit_count":0.0,"DESC_":"T&P RR CO","Block":"31 T1N","pending_permit_count":0.0,"production_trend":null,"production_status":"pdp","pdp_well_count":7.0,"well_count":7.0,"STArea__":28286462.0366,"ABSTRACT_N":"1082","new_permit_count":0.0,"CODE":"1082","pud_well_count":0.0,"legal_desc":"T1N BLK 31 SEC 16 A-1082"}},{"type":"Feature","geometry":{"type":"Polygon","coordinates":[[[-101.44404439131746,32.341542146655044],[-101.46043174229557,32.33796583034224],[-101.46492459094593,32.352252002271555],[-101.44823246678231,32.35590946054225],[-101.44404439131746,32.341542146655044]]]},"properties":{"Surv_Name":"SMITH, J C","max_propensity_score":7.0,"top_operator":"OVINTIV USA INC.","owner_count":72.0,"ABSTRACT_L":"A-1208","field_name":"Unknown","Surv_Sect":"10","permit_count":0.0,"DESC_":"T&P RR CO","Block":"32 T1N","pending_permit_count":0.0,"production_trend":null,"production_status":"pdp","pdp_well_count":10.0,"well_count":10.0,"STArea__":28386794.3097,"ABSTRACT_N":"1208","new_permit_count":0.0,"CODE":"1208","pud_well_count":0.0,"legal_desc":"T1N BLK 32 SEC 10 A-1208"}},{"type":"Feature","geometry":{"type":"Polygon","coordinates":[[[-101.3815918576827,32.3401729969139],[-101.38979714956841,32.33838832192707],[-101.39430207235272,32.35246198949584],[-101.37766121784435,32.356297912316386],[-101.37345938447119,32.34195936609208],[-101.3815918576827,32.3401729969139]]]},"properties":{"Surv_Name":null,"max_propensity_score":8.0,"top_operator":"OVINTIV USA INC.","owner_count":59.0,"ABSTRACT_L":"A-88","field_name":"Unknown","Surv_Sect":"17","permit_count":0.0,"DESC_":"T&P RR CO","Block":"31 T1N","pending_permit_count":0.0,"production_trend":null,"production_status":"pdp","pdp_well_count":4.0,"well_count":4.0,"STArea__":28137992.2405,"ABSTRACT_N":"88","new_permit_count":0.0,"CODE":"88","pud_well_count":0.0,"legal_desc":"T1N BLK 31 SEC 17 A-88"}},{"type":"Feature","geometry":{"type":"Polygon","coordinates":[[[-101.46899578342484,32.33611060213265],[-101.47738866976516,32.33438834531475],[-101.48165853873569,32.34848164029753],[-101.47318276899598,32.35030230689398],[-101.46492459094593,32.352252002271555],[-101.46043174229557,32.33796583034224],[-101.46899578342484,32.33611060213265]]]},"properties":{"Surv_Name":null,"max_propensity_score":3.0,"top_operator":"OVINTIV USA INC.","owner_count":15.0,"ABSTRACT_L":"A-132","field_name":"Unknown","Surv_Sect":"9","permit_count":0.0,"DESC_":"T&P RR CO","Block":"32 T1N","pending_permit_count":0.0,"production_trend":null,"production_status":"pdp","pdp_well_count":12.0,"well_count":12.0,"STArea__":28627892.3932,"ABSTRACT_N":"132","new_permit_count":0.0,"CODE":"132","pud_well_count":0.0,"legal_desc":"T1N BLK 32 SEC 9 A-132"}},{"type":"Feature","geometry":{"type":"Polygon","coordinates":[[[-101.38979714956841,32.33838832192707],[-101.4065027049861,32.33468210228562],[-101.41082431317251,32.34875200237605],[-101.39430207235272,32.35246198949584],[-101.38979714956841,32.33838832192707]]]},"properties":{"Surv_Name":"BUCHANAN, S D","max_propensity_score":7.0,"top_operator":"CAMBRIAN MANAGEMENT, L","owner_count":95.0,"ABSTRACT_L":"A-1020","field_name":"Unknown","Surv_Sect":"18","permit_count":0.0,"DESC_":"T&P RR CO","Block":"31 T1N","pending_permit_count":0.0,"production_trend":null,"production_status":"pdp","pdp_well_count":16.0,"well_count":16.0,"STArea__":28106129.0581,"ABSTRACT_N":"1020","new_permit_count":0.0,"CODE":"1020","pud_well_count":0.0,"legal_desc":"T1N BLK 31 SEC 18 A-1020"}},{"type":"Feature","geometry":{"type":"Polygon","coordinates":[[[-101.3195832917775,32.338974204290075],[-101.33628261952028,32.33533685638818],[-101.33843740237339,32.34246847636724],[-101.33946673790774,32.345874822194155],[-101.34049445202412,32.34927553453132],[-101.32400464345038,32.353120629003946],[-101.32177281890874,32.34591782382618],[-101.3195832917775,32.338974204290075]]]},"properties":{"Surv_Name":null,"max_propensity_score":0.0,"top_operator":"","owner_count":0.0,"ABSTRACT_L":"A-91","field_name":"Unknown","Surv_Sect":"23","permit_count":0.0,"DESC_":"T&P RR CO","Block":"31 T1N","pending_permit_count":0.0,"production_trend":null,"production_status":"pdp","pdp_well_count":8.0,"well_count":8.0,"STArea__":27981140.342,"ABSTRACT_N":"91","new_permit_count":0.0,"CODE":"91","pud_well_count":0.0,"legal_desc":"T1N BLK 31 SEC 23 A-91"}},{"type":"Feature","geometry":{"type":"Polygon","coordinates":[[[-101.23250154915718,32.34267688432028],[-101.24906670178922,32.339088232041156],[-101.25355301848401,32.35315201196452],[-101.2368387518227,32.356648082668876],[-101.23250154915718,32.34267688432028]]]},"properties":{"Surv_Name":null,"max_propensity_score":6.0,"top_operator":"BAYSWATER OPERATING CO","owner_count":109.0,"ABSTRACT_L":"A-236","field_name":"Unknown","Surv_Sect":"27","permit_count":0.0,"DESC_":"T&P RR CO","Block":"30 T1N","pending_permit_count":0.0,"production_trend":null,"production_status":"pdp","pdp_well_count":3.0,"well_count":3.0,"STArea__":27961282.0509,"ABSTRACT_N":"236","new_permit_count":0.0,"CODE":"236","pud_well_count":0.0,"legal_desc":"T1N BLK 30 SEC 27 A-236"}},{"type":"Feature","geometry":{"type":"Polygon","coordinates":[[[-101.47738866976516,32.33438834531475],[-101.49359098401773,32.33069164887103],[-101.49784143489362,32.345119413207506],[-101.48165853873569,32.34848164029753],[-101.47738866976516,32.33438834531475]]]},"properties":{"Surv_Name":"AMES, G W","max_propensity_score":7.0,"top_operator":"OVINTIV USA INC.","owner_count":251.0,"ABSTRACT_L":"A-1728","field_name":"Unknown","Surv_Sect":"8","permit_count":0.0,"DESC_":"T&P RR CO","Block":"32 T1N","pending_permit_count":0.0,"production_trend":null,"production_status":"pdp","pdp_well_count":9.0,"well_count":9.0,"STArea__":27635342.241,"ABSTRACT_N":"1728","new_permit_count":0.0,"CODE":"1728","pud_well_count":0.0,"legal_desc":"T1N BLK 32 SEC 8 A-1728"}},{"type":"Feature","geometry":{"type":"Polygon","coordinates":[[[-101.41473992028374,32.3328702458072],[-101.42304620818281,32.33102308888923],[-101.42414396001158,32.33455401482886],[-101.4274360785603,32.34514141162186],[-101.4189962908584,32.34694348865767],[-101.41696831112341,32.34739235168672],[-101.41082431317251,32.34875200237605],[-101.4065027049861,32.33468210228562],[-101.41473992028374,32.3328702458072]]]},"properties":{"Surv_Name":null,"max_propensity_score":9.0,"top_operator":"VITAL ENERGY, INC.","owner_count":329.0,"ABSTRACT_L":"A-134","field_name":"Unknown","Surv_Sect":"13","permit_count":0.0,"DESC_":"T&P RR CO","Block":"32 T1N","pending_permit_count":0.0,"production_trend":null,"production_status":"pdp","pdp_well_count":8.0,"well_count":8.0,"STArea__":27992228.2523,"ABSTRACT_N":"134","new_permit_count":0.0,"CODE":"134","pud_well_count":0.0,"legal_desc":"T1N BLK 32 SEC 13 A-134"}},{"type":"Feature","geometry":{"type":"Polygon","coordinates":[[[-101.35266355408102,32.33149560296026],[-101.36910581816045,32.32783028594473],[-101.36999742082368,32.33072440125335],[-101.37132962520013,32.33504809473525],[-101.37345938447119,32.34195936609208],[-101.35904586703386,32.34516130123055],[-101.35695565488375,32.345610324985785],[-101.35406345848544,32.335964358230775],[-101.35405826822314,32.335947047523604],[-101.35377121674878,32.33498956405912],[-101.35324415382678,32.33323144567749],[-101.3530559368416,32.33260161758462],[-101.35276344329687,32.33164373653625],[-101.35266355408102,32.33149560296026]]]},"properties":{"Surv_Name":null,"max_propensity_score":0.0,"top_operator":"","owner_count":0.0,"ABSTRACT_L":"A-90","field_name":"Unknown","Surv_Sect":"21","permit_count":0.0,"DESC_":"T&P RR CO","Block":"31 T1N","pending_permit_count":0.0,"production_trend":null,"production_status":"pdp","pdp_well_count":12.0,"well_count":12.0,"STArea__":27881538.8168,"ABSTRACT_N":"90","new_permit_count":0.0,"CODE":"90","pud_well_count":0.0,"legal_desc":"T1N BLK 31 SEC 21 A-90"}},{"type":"Feature","geometry":{"type":"Polygon","coordinates":[[[-101.4480812683738,32.32551662062029],[-101.45620353850101,32.32373296484595],[-101.45833996470738,32.330894934074486],[-101.46043174229557,32.33796583034224],[-101.44404439131746,32.341542146655044],[-101.44078259316504,32.33101241558357],[-101.43965562072817,32.32737372631918],[-101.4480812683738,32.32551662062029]]]},"properties":{"Surv_Name":null,"max_propensity_score":9.0,"top_operator":"VITAL ENERGY, INC.","owner_count":639.0,"ABSTRACT_L":"A-135","field_name":"Unknown","Surv_Sect":"15","permit_count":0.0,"DESC_":"T&P RR CO","Block":"32 T1N","pending_permit_count":0.0,"production_trend":null,"production_status":"pdp","pdp_well_count":7.0,"well_count":7.0,"STArea__":28035474.5729,"ABSTRACT_N":"135","new_permit_count":0.0,"CODE":"135","pud_well_count":0.0,"legal_desc":"T1N BLK 32 SEC 15 A-135"}},{"type":"Feature","geometry":{"type":"Polygon","coordinates":[[[-101.2987968217842,32.32833688424155],[-101.3151002370994,32.324658706156285],[-101.3195832917775,32.338974204290075],[-101.31140474968635,32.34080641059912],[-101.30577853212861,32.34205707490673],[-101.3046333811206,32.34231159808099],[-101.30323739859578,32.34262756796707],[-101.30318526948587,32.34246196342702],[-101.30108143614206,32.3355848944145],[-101.2987968217842,32.32833688424155]]]},"properties":{"Surv_Name":null,"max_propensity_score":5.0,"top_operator":"BAYSWATER OPERATING CO","owner_count":27.0,"ABSTRACT_L":"A-92","field_name":"Unknown","Surv_Sect":"25","permit_count":0.0,"DESC_":"T&P RR CO","Block":"31 T1N","pending_permit_count":0.0,"production_trend":null,"production_status":"pdp","pdp_well_count":2.0,"well_count":2.0,"STArea__":28051074.6695,"ABSTRACT_N":"92","new_permit_count":0.0,"CODE":"92","pud_well_count":0.0,"legal_desc":"T1N BLK 31 SEC 25 A-92"}},{"type":"Feature","geometry":{"type":"Polygon","coordinates":[[[-101.39384554088512,32.32234615253719],[-101.4020652065506,32.32056847622274],[-101.40433798745578,32.32777531889207],[-101.4065027049861,32.33468210228562],[-101.38979714956841,32.33838832192707],[-101.38769796138969,32.33143809063367],[-101.38637340207191,32.327052012544264],[-101.38541319696157,32.32420262407644],[-101.38954508221724,32.32329298795682],[-101.39384554088512,32.32234615253719]]]},"properties":{"Surv_Name":null,"max_propensity_score":7.0,"top_operator":"VITAL ENERGY, INC.","owner_count":304.0,"ABSTRACT_L":"A-89","field_name":"Unknown","Surv_Sect":"19","permit_count":0.0,"DESC_":"T&P RR CO","Block":"31 T1N","pending_permit_count":0.0,"production_trend":null,"production_status":"pdp","pdp_well_count":7.0,"well_count":7.0,"STArea__":28296799.9458,"ABSTRACT_N":"89","new_permit_count":0.0,"CODE":"89","pud_well_count":0.0,"legal_desc":"T1N BLK 31 SEC 19 A-89"}},{"type":"Feature","geometry":{"type":"Polygon","coordinates":[[[-101.32408934935566,32.3226926486112],[-101.33181724455231,32.32108447336145],[-101.33183841123248,32.32116714663765],[-101.33398472971695,32.328180156550445],[-101.33528913041573,32.33224281397148],[-101.33628261952028,32.33533685638818],[-101.3195832917775,32.338974204290075],[-101.3151002370994,32.324658706156285],[-101.32382700368545,32.3227500377229],[-101.32408934935566,32.3226926486112]]]},"properties":{"Surv_Name":"GUTHRIE, R V","max_propensity_score":0.0,"top_operator":"","owner_count":0.0,"ABSTRACT_L":"A-1051","field_name":"Unknown","Surv_Sect":"26","permit_count":0.0,"DESC_":"T&P RR CO","Block":"31 T1N","pending_permit_count":0.0,"production_trend":null,"production_status":"pdp","pdp_well_count":2.0,"well_count":2.0,"STArea__":28627477.2357,"ABSTRACT_N":"1051","new_permit_count":0.0,"CODE":"1051","pud_well_count":0.0,"legal_desc":"T1N BLK 31 SEC 26 A-1051"}},{"type":"Feature","geometry":{"type":"Polygon","coordinates":[[[-101.2446402921926,32.32520775169835],[-101.26114423534703,32.32157705338532],[-101.26555460000127,32.33562356879077],[-101.24906670178922,32.339088232041156],[-101.2446402921926,32.32520775169835]]]},"properties":{"Surv_Name":null,"max_propensity_score":4.0,"top_operator":"CAMPANA PETROLEUM COMP","owner_count":18.0,"ABSTRACT_L":"A-239","field_name":"Unknown","Surv_Sect":"33","permit_count":0.0,"DESC_":"T&P RR CO","Block":"30 T1N","pending_permit_count":0.0,"production_trend":null,"production_status":"pdp","pdp_well_count":12.0,"well_count":12.0,"STArea__":27645500.8526,"ABSTRACT_N":"239","new_permit_count":0.0,"CODE":"239","pud_well_count":0.0,"legal_desc":"T1N BLK 30 SEC 33 A-239"}},{"type":"Feature","geometry":{"type":"Polygon","coordinates":[[[-101.48734107045094,32.31686754749221],[-101.48930454009486,32.31643505722021],[-101.48935302416925,32.31659476061191],[-101.49094474076928,32.32183743714335],[-101.4914780881907,32.32359399233591],[-101.49359098401773,32.33069164887103],[-101.47738866976516,32.33438834531475],[-101.47523285088451,32.32732504655928],[-101.4737529212377,32.32243730866525],[-101.47306962597662,32.32018041384704],[-101.47302126717418,32.32002068183453],[-101.4732415064007,32.31995911887421],[-101.4749159403894,32.319579275058466],[-101.47706513048522,32.31912732284554],[-101.47907180811335,32.318687419189736],[-101.48022026397462,32.31843563848761],[-101.48114773506816,32.31823229694101],[-101.4832168089879,32.31778036756],[-101.48527306137528,32.317323027011625],[-101.48682406778839,32.31698142112008],[-101.48734107045094,32.31686754749221]]]},"properties":{"Surv_Name":null,"max_propensity_score":9.0,"top_operator":"OVINTIV USA INC.","owner_count":762.0,"ABSTRACT_L":"A-136","field_name":"Unknown","Surv_Sect":"17","permit_count":0.0,"DESC_":"T&P RR CO","Block":"32 T1N","pending_permit_count":0.0,"production_trend":null,"production_status":"pdp","pdp_well_count":12.0,"well_count":12.0,"STArea__":27925595.5721,"ABSTRACT_N":"136","new_permit_count":0.0,"CODE":"136","pud_well_count":0.0,"legal_desc":"T1N BLK 32 SEC 17 A-136"}},{"type":"Feature","geometry":{"type":"Polygon","coordinates":[[[-101.33181724455231,32.32108447336145],[-101.34824196547333,32.31745932639096],[-101.34826773193919,32.317541136143475],[-101.34850507628983,32.31829469624511],[-101.34850513771337,32.31829488969455],[-101.35230537999823,32.33035875341205],[-101.35266355408102,32.33149560296026],[-101.34447064351686,32.33345319666466],[-101.34015381192134,32.33446838497428],[-101.33628261952028,32.33533685638818],[-101.33528913041573,32.33224281397148],[-101.33398472971695,32.328180156550445],[-101.33183841123248,32.32116714663765],[-101.33181724455231,32.32108447336145]]]},"properties":{"Surv_Name":null,"max_propensity_score":7.0,"top_operator":"HIBERNIA RESOURCES IV,","owner_count":11.0,"ABSTRACT_L":"A-93","field_name":"Unknown","Surv_Sect":"27","permit_count":0.0,"DESC_":"T&P RR CO","Block":"31 T1N","pending_permit_count":0.0,"production_trend":null,"production_status":"pdp","pdp_well_count":6.0,"well_count":6.0,"STArea__":28026045.6005,"ABSTRACT_N":"93","new_permit_count":0.0,"CODE":"93","pud_well_count":0.0,"legal_desc":"T1N BLK 31 SEC 27 A-93"}},{"type":"Feature","geometry":{"type":"Polygon","coordinates":[[[-101.42736277918243,32.314959495580645],[-101.43527035514842,32.313211007067316],[-101.43551002603492,32.313985190103004],[-101.43569273245565,32.31457535726724],[-101.43572629514064,32.31468376721633],[-101.43590900439312,32.31527393318602],[-101.43591110420745,32.315281501253345],[-101.43595841339042,32.31545199417023],[-101.43629915483798,32.316679934148326],[-101.43644355864329,32.3171698605032],[-101.43654464259222,32.317512806326164],[-101.43663756214954,32.3178280544832],[-101.43695430202436,32.318902638640814],[-101.43711232891178,32.31916057111019],[-101.43785650006743,32.32156400799047],[-101.43857614840687,32.323888115508915],[-101.4386010618547,32.3239685664508],[-101.43965562072817,32.32737372631918],[-101.43689464918059,32.3279805322382],[-101.42948965622602,32.329607656885024],[-101.42304620818281,32.33102308888923],[-101.4213214558967,32.32547482679573],[-101.42092565851686,32.324141577188065],[-101.4188117191271,32.31702003873788],[-101.41876425143016,32.31686011350596],[-101.42736277918243,32.314959495580645]]]},"properties":{"Surv_Name":null,"max_propensity_score":8.0,"top_operator":"SM ENERGY COMPANY","owner_count":315.0,"ABSTRACT_L":"A-139","field_name":"Unknown","Surv_Sect":"23","permit_count":0.0,"DESC_":"T&P RR CO","Block":"32 T1N","pending_permit_count":0.0,"production_trend":null,"production_status":"pdp","pdp_well_count":5.0,"well_count":5.0,"STArea__":28149096.661,"ABSTRACT_N":"139","new_permit_count":0.0,"CODE":"139","pud_well_count":0.0,"legal_desc":"T1N BLK 32 SEC 23 A-139"}},{"type":"Feature","geometry":{"type":"Polygon","coordinates":[[[-101.34824196547333,32.31745932639096],[-101.36486803498501,32.31393117159404],[-101.36910581816045,32.32783028594473],[-101.35266355408102,32.33149560296026],[-101.34824196547333,32.31745932639096]]]},"properties":{"Surv_Name":"BUCHANAN, S D","max_propensity_score":8.0,"top_operator":"HIGHPEAK ENERGY HOLDIN","owner_count":219.0,"ABSTRACT_L":"A-1019","field_name":"Unknown","Surv_Sect":"28","permit_count":0.0,"DESC_":"T&P RR CO","Block":"31 T1N","pending_permit_count":0.0,"production_trend":null,"production_status":"pdp","pdp_well_count":1.0,"well_count":1.0,"STArea__":27704232.0153,"ABSTRACT_N":"1019","new_permit_count":0.0,"CODE":"1019","pud_well_count":0.0,"legal_desc":"T1N BLK 31 SEC 28 A-1019"}},{"type":"Feature","geometry":{"type":"Polygon","coordinates":[[[-101.36486803498501,32.31393117159404],[-101.3812481358697,32.31012328223746],[-101.38336151485304,32.317217659740066],[-101.38541319696157,32.32420262407644],[-101.36910581816045,32.32783028594473],[-101.36486803498501,32.31393117159404]]]},"properties":{"Surv_Name":null,"max_propensity_score":9.0,"top_operator":"VITAL ENERGY, INC.","owner_count":424.0,"ABSTRACT_L":"A-94","field_name":"Unknown","Surv_Sect":"29","permit_count":0.0,"DESC_":"T&P RR CO","Block":"31 T1N","pending_permit_count":0.0,"production_trend":null,"production_status":"pdp","pdp_well_count":4.0,"well_count":4.0,"STArea__":27463025.3948,"ABSTRACT_N":"94","new_permit_count":0.0,"CODE":"94","pud_well_count":0.0,"legal_desc":"T1N BLK 31 SEC 29 A-94"}},{"type":"Feature","geometry":{"type":"Polygon","coordinates":[[[-101.29421383542692,32.31429456744995],[-101.3107089555907,32.310658315412596],[-101.3151002370994,32.324658706156285],[-101.2987968217842,32.32833688424155],[-101.29421383542692,32.31429456744995]]]},"properties":{"Surv_Name":"SPEARS, J W","max_propensity_score":3.0,"top_operator":"BCP RESOURCES, LLC","owner_count":4.0,"ABSTRACT_L":"A-1095","field_name":"Unknown","Surv_Sect":"36","permit_count":0.0,"DESC_":"T&P RR CO","Block":"31 T1N","pending_permit_count":0.0,"production_trend":null,"production_status":"pdp","pdp_well_count":5.0,"well_count":5.0,"STArea__":27686502.5668,"ABSTRACT_N":"1095","new_permit_count":0.0,"CODE":"1095","pud_well_count":0.0,"legal_desc":"T1N BLK 31 SEC 36 A-1095"}},{"type":"Feature","geometry":{"type":"Polygon","coordinates":[[[-101.46405938638706,32.30705782566788],[-101.46829178086668,32.306298369037556],[-101.47025933965419,32.3120076539984],[-101.47302126717418,32.32002068183453],[-101.46462964240773,32.32187334208066],[-101.45639217455168,32.323691340836774],[-101.45620353850101,32.32373296484595],[-101.45514580706536,32.32026247195186],[-101.45469864457547,32.31865276377497],[-101.45429581978017,32.317343851831076],[-101.45404065801159,32.31651626982168],[-101.4535383154068,32.31488390958925],[-101.45193597302625,32.309565984739635],[-101.4599914090292,32.30778763026499],[-101.46405938638706,32.30705782566788]]]},"properties":{"Surv_Name":null,"max_propensity_score":7.0,"top_operator":"OVINTIV USA INC.","owner_count":55.0,"ABSTRACT_L":"A-138","field_name":"Unknown","Surv_Sect":"21","permit_count":0.0,"DESC_":"T&P RR CO","Block":"32 T1N","pending_permit_count":0.0,"production_trend":null,"production_status":"pdp","pdp_well_count":3.0,"well_count":3.0,"STArea__":27911633.9594,"ABSTRACT_N":"138","new_permit_count":0.0,"CODE":"138","pud_well_count":0.0,"legal_desc":"T1N BLK 32 SEC 21 A-138"}},{"type":"Feature","geometry":{"type":"Polygon","coordinates":[[[-101.31914253287115,32.30879821798267],[-101.32737410710257,32.30698204535346],[-101.33076830327957,32.317548213398],[-101.33115169100658,32.31883139083093],[-101.33181724455231,32.32108447336145],[-101.32408934935566,32.3226926486112],[-101.32382700368545,32.3227500377229],[-101.3151002370994,32.324658706156285],[-101.3107089555907,32.310658315412596],[-101.31914253287115,32.30879821798267]]]},"properties":{"Surv_Name":null,"max_propensity_score":5.0,"top_operator":"BAYSWATER OPERATING CO","owner_count":5.0,"ABSTRACT_L":"A-97","field_name":"Unknown","Surv_Sect":"35","permit_count":0.0,"DESC_":"T&P RR CO","Block":"31 T1N","pending_permit_count":0.0,"production_trend":null,"production_status":"pdp","pdp_well_count":4.0,"well_count":4.0,"STArea__":28169860.3817,"ABSTRACT_N":"97","new_permit_count":0.0,"CODE":"97","pud_well_count":0.0,"legal_desc":"T1N BLK 31 SEC 35 A-97"}},{"type":"Feature","geometry":{"type":"Polygon","coordinates":[[[-101.2401694316188,32.311183345729646],[-101.25676177595852,32.30759272705266],[-101.26114423534703,32.32157705338532],[-101.2446402921926,32.32520775169835],[-101.2401694316188,32.311183345729646]]]},"properties":{"Surv_Name":"POSEY, M E","max_propensity_score":5.0,"top_operator":"PALADIN PETROLEUM III,","owner_count":11.0,"ABSTRACT_L":"A-663","field_name":"Unknown","Surv_Sect":"40","permit_count":0.0,"DESC_":"T&P RR CO","Block":"30 T1N","pending_permit_count":0.0,"production_trend":null,"production_status":"pdp","pdp_well_count":9.0,"well_count":9.0,"STArea__":27842463.6966,"ABSTRACT_N":"663","new_permit_count":0.0,"CODE":"663","pud_well_count":0.0,"legal_desc":"T1N BLK 30 SEC 40 A-663"}},{"type":"Feature","geometry":{"type":"Polygon","coordinates":[[[-101.48240785127986,32.30303855840615],[-101.48503617895743,32.30243139758066],[-101.48554330747244,32.30409542537095],[-101.486676733313,32.307814273285324],[-101.4881963204059,32.31279963892495],[-101.488243805187,32.31295541430703],[-101.48841616110145,32.313520833783265],[-101.48930454009486,32.31643505722021],[-101.48734107045094,32.31686754749221],[-101.48682406778839,32.31698142112008],[-101.48527306137528,32.317323027011625],[-101.4832168089879,32.31778036756],[-101.48114773506816,32.31823229694101],[-101.48022026397462,32.31843563848761],[-101.47907180811335,32.318687419189736],[-101.47706513048522,32.31912732284554],[-101.4749159403894,32.319579275058466],[-101.4732415064007,32.31995911887421],[-101.47302126717418,32.32002068183453],[-101.47301755149749,32.32000990170804],[-101.47271660785378,32.319136864832],[-101.47025933965419,32.3120076539984],[-101.46829178086668,32.306298369037556],[-101.46852315099366,32.30624495400501],[-101.47694353045388,32.304300648487065],[-101.48003722910786,32.30358613378994],[-101.48156768352855,32.30323262951714],[-101.48240785127986,32.30303855840615]]]},"properties":{"Surv_Name":"SMITH, J C","max_propensity_score":7.0,"top_operator":"OVINTIV USA INC.","owner_count":124.0,"ABSTRACT_L":"A-1199","field_name":"Unknown","Surv_Sect":"20","permit_count":0.0,"DESC_":"T&P RR CO","Block":"32 T1N","pending_permit_count":0.0,"production_trend":null,"production_status":"pdp","pdp_well_count":11.0,"well_count":11.0,"STArea__":27609034.4569,"ABSTRACT_N":"1199","new_permit_count":0.0,"CODE":"1199","pud_well_count":0.0,"legal_desc":"T1N BLK 32 SEC 20 A-1199"}},{"type":"Feature","geometry":{"type":"Polygon","coordinates":[[[-101.414269188211,32.30288425692174],[-101.41445739736314,32.302843646444245],[-101.41662016344546,32.309877136452336],[-101.41876425143016,32.31686011350596],[-101.41037424144723,32.31870721941827],[-101.4020652065506,32.32056847622274],[-101.40096488509214,32.316945829681146],[-101.39995214597164,32.313611268206024],[-101.39776154698299,32.30644747831409],[-101.40572352085019,32.3047278527836],[-101.40608393779745,32.30465011210104],[-101.414269188211,32.30288425692174]]]},"properties":{"Surv_Name":null,"max_propensity_score":8.0,"top_operator":"VITAL ENERGY, INC.","owner_count":559.0,"ABSTRACT_L":"A-140","field_name":"Unknown","Surv_Sect":"25","permit_count":0.0,"DESC_":"T&P RR CO","Block":"32 T1N","pending_permit_count":0.0,"production_trend":null,"production_status":"pdp","pdp_well_count":7.0,"well_count":7.0,"STArea__":28153806.0828,"ABSTRACT_N":"140","new_permit_count":0.0,"CODE":"140","pud_well_count":0.0,"legal_desc":"T1N BLK 32 SEC 25 A-140"}},{"type":"Feature","geometry":{"type":"Polygon","coordinates":[[[-101.34377566031128,32.30336143769249],[-101.34396360932234,32.30331993443114],[-101.34821844604173,32.31738160935792],[-101.34824196547333,32.31745932639096],[-101.33181724455231,32.32108447336145],[-101.33115169100658,32.31883139083093],[-101.33076830327957,32.317548213398],[-101.32737410710257,32.30698204535346],[-101.34377566031128,32.30336143769249]]]},"properties":{"Surv_Name":"LOGAN, S H","max_propensity_score":5.0,"top_operator":"RRIG EXPLORATION, LLC","owner_count":40.0,"ABSTRACT_L":"A-1147","field_name":"Unknown","Surv_Sect":"34","permit_count":0.0,"DESC_":"T&P RR CO","Block":"31 T1N","pending_permit_count":0.0,"production_trend":null,"production_status":"pdp","pdp_well_count":5.0,"well_count":5.0,"STArea__":27932496.6576,"ABSTRACT_N":"1147","new_permit_count":0.0,"CODE":"1147","pud_well_count":0.0,"legal_desc":"T1N BLK 31 SEC 34 A-1147"}},{"type":"Feature","geometry":{"type":"Polygon","coordinates":[[[-101.26942729203552,32.30478677116548],[-101.27352326292949,32.30387286474642],[-101.27567864564978,32.31107233415491],[-101.27773073750372,32.31792567820807],[-101.26114423534703,32.32157705338532],[-101.25676177595852,32.30759272705266],[-101.26466311368003,32.305879951433184],[-101.26942729203552,32.30478677116548]]]},"properties":{"Surv_Name":null,"max_propensity_score":4.0,"top_operator":"CAMPANA PETROLEUM COMP","owner_count":17.0,"ABSTRACT_L":"A-243","field_name":"Unknown","Surv_Sect":"41","permit_count":0.0,"DESC_":"T&P RR CO","Block":"30 T1N","pending_permit_count":0.0,"production_trend":null,"production_status":"pdp","pdp_well_count":9.0,"well_count":9.0,"STArea__":28019954.7831,"ABSTRACT_N":"243","new_permit_count":0.0,"CODE":"243","pud_well_count":0.0,"legal_desc":"T1N BLK 30 SEC 41 A-243"}},{"type":"Feature","geometry":{"type":"Polygon","coordinates":[[[-101.34396360932234,32.30331993443114],[-101.36051908813583,32.29966281639802],[-101.36486803498501,32.31393117159404],[-101.34824196547333,32.31745932639096],[-101.34396360932234,32.30331993443114]]]},"properties":{"Surv_Name":null,"max_propensity_score":7.0,"top_operator":"OVINTIV USA INC.","owner_count":257.0,"ABSTRACT_L":"A-96","field_name":"Unknown","Surv_Sect":"33","permit_count":0.0,"DESC_":"T&P RR CO","Block":"31 T1N","pending_permit_count":0.0,"production_trend":null,"production_status":"pdp","pdp_well_count":2.0,"well_count":2.0,"STArea__":28229451.3174,"ABSTRACT_N":"96","new_permit_count":0.0,"CODE":"96","pud_well_count":0.0,"legal_desc":"T1N BLK 31 SEC 33 A-96"}},{"type":"Feature","geometry":{"type":"Polygon","coordinates":[[[-101.43101268257296,32.299212634972825],[-101.44744319341625,32.295417244672464],[-101.44751215481902,32.29563878966881],[-101.44773933467472,32.29636680622266],[-101.44961579600262,32.30220318278828],[-101.44973045156429,32.302561268628885],[-101.45193597302625,32.309565984739635],[-101.43527035514842,32.313211007067316],[-101.43323362162337,32.30638610958156],[-101.43101268257296,32.299212634972825]]]},"properties":{"Surv_Name":null,"max_propensity_score":0.0,"top_operator":"","owner_count":0.0,"ABSTRACT_L":"A-141","field_name":"Unknown","Surv_Sect":"27","permit_count":0.0,"DESC_":"T&P RR CO","Block":"32 T1N","pending_permit_count":0.0,"production_trend":null,"production_status":"pdp","pdp_well_count":17.0,"well_count":17.0,"STArea__":27988976.0626,"ABSTRACT_N":"141","new_permit_count":0.0,"CODE":"141","pud_well_count":0.0,"legal_desc":"T1N BLK 32 SEC 27 A-141"}},{"type":"Feature","geometry":{"type":"Polygon","coordinates":[[[-101.37688260729855,32.29604563182199],[-101.37698296157207,32.295917867850235],[-101.37837969605206,32.300789900052436],[-101.38007699903774,32.30631285916605],[-101.3800770227122,32.30631293439569],[-101.3801785128108,32.3066431583292],[-101.3812481358697,32.31012328223746],[-101.36486803498501,32.31393117159404],[-101.36051908813583,32.29966281639802],[-101.3666806996816,32.298301069376315],[-101.37688260729855,32.29604563182199]]]},"properties":{"Surv_Name":"MORGAN, J R","max_propensity_score":7.0,"top_operator":"DE IV OPERATING","owner_count":504.0,"ABSTRACT_L":"A-1303","field_name":"Unknown","Surv_Sect":"32","permit_count":0.0,"DESC_":"T&P RR CO","Block":"31 T1N","pending_permit_count":0.0,"production_trend":null,"production_status":"pdp","pdp_well_count":2.0,"well_count":2.0,"STArea__":27958656.5031,"ABSTRACT_N":"1303","new_permit_count":0.0,"CODE":"1303","pud_well_count":0.0,"legal_desc":"T1N BLK 31 SEC 32 A-1303"}},{"type":"Feature","geometry":{"type":"Polygon","coordinates":[[[-101.28981354001834,32.30032533378066],[-101.30629921413745,32.29659152145851],[-101.3107089555907,32.310658315412596],[-101.29421383542692,32.31429456744995],[-101.28981354001834,32.30032533378066]]]},"properties":{"Surv_Name":null,"max_propensity_score":0.0,"top_operator":"","owner_count":0.0,"ABSTRACT_L":"A-98","field_name":"Unknown","Surv_Sect":"37","permit_count":0.0,"DESC_":"T&P RR CO","Block":"31 T1N","pending_permit_count":0.0,"production_trend":null,"production_status":"pdp","pdp_well_count":1.0,"well_count":1.0,"STArea__":27808324.7986,"ABSTRACT_N":"98","new_permit_count":0.0,"CODE":"98","pud_well_count":0.0,"legal_desc":"T1N BLK 31 SEC 37 A-98"}},{"type":"Feature","geometry":{"type":"Polygon","coordinates":[[[-101.30629921413745,32.29659152145851],[-101.32302800719705,32.292828930171645],[-101.32737410710257,32.30698204535346],[-101.3107089555907,32.310658315412596],[-101.30629921413745,32.29659152145851]]]},"properties":{"Surv_Name":"COOKSEY, W F","max_propensity_score":0.0,"top_operator":"","owner_count":0.0,"ABSTRACT_L":"A-1033","field_name":"Unknown","Surv_Sect":"38","permit_count":0.0,"DESC_":"T&P RR CO","Block":"31 T1N","pending_permit_count":0.0,"production_trend":null,"production_status":"pdp","pdp_well_count":2.0,"well_count":2.0,"STArea__":28313263.6959,"ABSTRACT_N":"1033","new_permit_count":0.0,"CODE":"1033","pud_well_count":0.0,"legal_desc":"T1N BLK 31 SEC 38 A-1033"}},{"type":"Feature","geometry":{"type":"Polygon","coordinates":[[[-101.23576031608346,32.29709307439052],[-101.2523303845016,32.29344765875542],[-101.25676177595852,32.30759272705266],[-101.2401694316188,32.311183345729646],[-101.23576031608346,32.29709307439052]]]},"properties":{"Surv_Name":null,"max_propensity_score":5.0,"top_operator":"WALSH & WATTS, INC.","owner_count":60.0,"ABSTRACT_L":"A-245","field_name":"Unknown","Surv_Sect":"45","permit_count":0.0,"DESC_":"T&P RR CO","Block":"30 T1N","pending_permit_count":0.0,"production_trend":null,"production_status":"pdp","pdp_well_count":17.0,"well_count":17.0,"STArea__":28111160.8139,"ABSTRACT_N":"245","new_permit_count":0.0,"CODE":"245","pud_well_count":0.0,"legal_desc":"T1N BLK 30 SEC 45 A-245"}},{"type":"Feature","geometry":{"type":"Polygon","coordinates":[[[-101.4642430145613,32.29185086826845],[-101.48048192112725,32.287973027400945],[-101.48262773786679,32.29494434879307],[-101.48503617895743,32.30243139758066],[-101.46829178086668,32.306298369037556],[-101.46630609114585,32.29894432984758],[-101.465252858456,32.29544883658548],[-101.4642430145613,32.29185086826845]]]},"properties":{"Surv_Name":null,"max_propensity_score":9.0,"top_operator":"SM ENERGY COMPANY","owner_count":369.0,"ABSTRACT_L":"A-142","field_name":"Unknown","Surv_Sect":"29","permit_count":0.0,"DESC_":"T&P RR CO","Block":"32 T1N","pending_permit_count":0.0,"production_trend":null,"production_status":"pdp","pdp_well_count":9.0,"well_count":9.0,"STArea__":28579766.503,"ABSTRACT_N":"142","new_permit_count":0.0,"CODE":"142","pud_well_count":0.0,"legal_desc":"T1N BLK 32 SEC 29 A-142"}},{"type":"Feature","geometry":{"type":"Polygon","coordinates":[[[-101.32302800719705,32.292828930171645],[-101.33947974599705,32.28921229342562],[-101.34396360932234,32.30331993443114],[-101.32737410710257,32.30698204535346],[-101.32302800719705,32.292828930171645]]]},"properties":{"Surv_Name":null,"max_propensity_score":4.0,"top_operator":"OVINTIV USA INC.","owner_count":11.0,"ABSTRACT_L":"A-99","field_name":"Unknown","Surv_Sect":"39","permit_count":0.0,"DESC_":"T&P RR CO","Block":"31 T1N","pending_permit_count":0.0,"production_trend":null,"production_status":"pdp","pdp_well_count":3.0,"well_count":3.0,"STArea__":28048414.9456,"ABSTRACT_N":"99","new_permit_count":0.0,"CODE":"99","pud_well_count":0.0,"legal_desc":"T1N BLK 31 SEC 39 A-99"}},{"type":"Feature","geometry":{"type":"Polygon","coordinates":[[[-101.41015601721422,32.28855449671212],[-101.42663327125572,32.28490299962915],[-101.43101268257296,32.299212634972825],[-101.41445739736314,32.302843646444245],[-101.41334445894093,32.299141649216075],[-101.41224390788392,32.29549451783838],[-101.41015601721422,32.28855449671212]]]},"properties":{"Surv_Name":null,"max_propensity_score":7.0,"top_operator":"SM ENERGY COMPANY","owner_count":65.0,"ABSTRACT_L":"A-145","field_name":"Unknown","Surv_Sect":"35","permit_count":0.0,"DESC_":"T&P RR CO","Block":"32 T1N","pending_permit_count":0.0,"production_trend":null,"production_status":"pdp","pdp_well_count":2.0,"well_count":2.0,"STArea__":28327016.8652,"ABSTRACT_N":"145","new_permit_count":0.0,"CODE":"145","pud_well_count":0.0,"legal_desc":"T1N BLK 32 SEC 35 A-145"}},{"type":"Feature","geometry":{"type":"Polygon","coordinates":[[[-101.35548361892775,32.28562700596509],[-101.35596543557514,32.285519029981565],[-101.35596971760575,32.28553233338125],[-101.3561103453226,32.2859535870815],[-101.35713194080279,32.28914603375927],[-101.35766943925545,32.29082560298849],[-101.35773720920616,32.291037364214404],[-101.35854838839909,32.29357198766417],[-101.35911237110908,32.29533413002741],[-101.3592252768352,32.29568689225639],[-101.35947317166595,32.29640679038839],[-101.36051908813583,32.29966281639802],[-101.35215505497294,32.30151075260335],[-101.3447011775853,32.30315705867247],[-101.34396360932234,32.30331993443114],[-101.34337421676685,32.301465782498866],[-101.33947974599705,32.28921229342562],[-101.33954111584085,32.28919854994703],[-101.34600660337391,32.28775039123245],[-101.35548361892775,32.28562700596509]]]},"properties":{"Surv_Name":"COOKSEY, W F","max_propensity_score":0.0,"top_operator":"","owner_count":0.0,"ABSTRACT_L":"A-1035","field_name":"Unknown","Surv_Sect":"40","permit_count":0.0,"DESC_":"T&P RR CO","Block":"31 T1N","pending_permit_count":0.0,"production_trend":null,"production_status":"pdp","pdp_well_count":7.0,"well_count":7.0,"STArea__":28096941.9627,"ABSTRACT_N":"1035","new_permit_count":0.0,"CODE":"1035","pud_well_count":0.0,"legal_desc":"T1N BLK 31 SEC 40 A-1035"}},{"type":"Feature","geometry":{"type":"Polygon","coordinates":[[[-101.28383338056356,32.28647551148301],[-101.2855145192809,32.286119909922235],[-101.28981354001834,32.30032533378066],[-101.28162975239023,32.30214791981116],[-101.27352326292949,32.30387286474642],[-101.2712837813912,32.296179783714145],[-101.26912659927389,32.289774554052144],[-101.28383338056356,32.28647551148301]]]},"properties":{"Surv_Name":null,"max_propensity_score":5.0,"top_operator":"BASA RESOURCES, INC.","owner_count":6.0,"ABSTRACT_L":"A-244","field_name":"Unknown","Surv_Sect":"43","permit_count":0.0,"DESC_":"T&P RR CO","Block":"30 T1N","pending_permit_count":0.0,"production_trend":null,"production_status":"pdp","pdp_well_count":16.0,"well_count":16.0,"STArea__":27682260.2274,"ABSTRACT_N":"244","new_permit_count":0.0,"CODE":"244","pud_well_count":0.0,"legal_desc":"T1N BLK 30 SEC 43 A-244"}},{"type":"Feature","geometry":{"type":"Polygon","coordinates":[[[-101.37257149096908,32.28187039985487],[-101.37272178772959,32.28179426374108],[-101.37698296157207,32.295917867850235],[-101.37688260729855,32.29604563182199],[-101.36668069971056,32.2983010702778],[-101.36051908813583,32.29966281639802],[-101.35947317166595,32.29640679038839],[-101.3592252768352,32.29568689225639],[-101.35911237110908,32.29533413002741],[-101.35854838839909,32.29357198766417],[-101.35773720920616,32.291037364214404],[-101.35766943925545,32.29082560298849],[-101.35713194080279,32.28914603375927],[-101.3561103453226,32.2859535870815],[-101.35596971760575,32.28553233338125],[-101.35596543557514,32.285519029981565],[-101.35619405483799,32.28546825714733],[-101.35663151095036,32.285371103331286],[-101.35748282672223,32.285182031124435],[-101.35789668963642,32.28509011192091],[-101.35828453066601,32.2850097368542],[-101.3583315279201,32.28499943311027],[-101.35869114864279,32.28492058604503],[-101.35972801149282,32.284683356292845],[-101.36227844556693,32.28410487321381],[-101.36291592002024,32.28396507213547],[-101.3629843229825,32.28395007052325],[-101.36360330072074,32.28382251323034],[-101.36375982516267,32.28378774019],[-101.36438048822166,32.28367318049655],[-101.3644500422563,32.2836578248171],[-101.36455377955329,32.283634921808726],[-101.37106408702161,32.28219740734737],[-101.3725709329763,32.28187068256288],[-101.37257149096908,32.28187039985487]]]},"properties":{"Surv_Name":null,"max_propensity_score":0.0,"top_operator":"","owner_count":0.0,"ABSTRACT_L":"A-100","field_name":"Unknown","Surv_Sect":"41","permit_count":0.0,"DESC_":"T&P RR CO","Block":"31 T1N","pending_permit_count":0.0,"production_trend":null,"production_status":"pdp","pdp_well_count":7.0,"well_count":7.0,"STArea__":28316690.2428,"ABSTRACT_N":"100","new_permit_count":0.0,"CODE":"100","pud_well_count":0.0,"legal_desc":"T1N BLK 31 SEC 41 A-100"}},{"type":"Feature","geometry":{"type":"Polygon","coordinates":[[[-101.2855145192809,32.286119909922235],[-101.30216088642702,32.282547581718376],[-101.30629921413745,32.29659152145851],[-101.28981354001834,32.30032533378066],[-101.2855145192809,32.286119909922235]]]},"properties":{"Surv_Name":"WILLIAMS, W P","max_propensity_score":0.0,"top_operator":"","owner_count":0.0,"ABSTRACT_L":"A-1210","field_name":"Unknown","Surv_Sect":"48","permit_count":0.0,"DESC_":"T&P RR CO","Block":"31 T1N","pending_permit_count":0.0,"production_trend":null,"production_status":"pdp","pdp_well_count":4.0,"well_count":4.0,"STArea__":28038225.3282,"ABSTRACT_N":"1210","new_permit_count":0.0,"CODE":"1210","pud_well_count":0.0,"legal_desc":"T1N BLK 31 SEC 48 A-1210"}},{"type":"Feature","geometry":{"type":"Polygon","coordinates":[[[-101.38845858530446,32.27837304877277],[-101.38919346774323,32.27818624638961],[-101.38929183281084,32.278511825108176],[-101.39119505917294,32.28474068571992],[-101.3914443230061,32.28555692217422],[-101.39349104934118,32.29225916043319],[-101.39194659871384,32.292555484483614],[-101.37709127214569,32.29584563116631],[-101.37698296157207,32.295917867850235],[-101.37272178772959,32.28179426374108],[-101.38764686114379,32.27858088452441],[-101.38845858530446,32.27837304877277]]]},"properties":{"Surv_Name":"MORGAN, J R","max_propensity_score":7.0,"top_operator":"SHARP IMAGE ENERGY, IN","owner_count":231.0,"ABSTRACT_L":"A-1306","field_name":"Unknown","Surv_Sect":"42","permit_count":0.0,"DESC_":"T&P RR CO","Block":"31 T1N","pending_permit_count":0.0,"production_trend":null,"production_status":"pdp","pdp_well_count":12.0,"well_count":12.0,"STArea__":27750292.5456,"ABSTRACT_N":"1306","new_permit_count":0.0,"CODE":"1306","pud_well_count":0.0,"legal_desc":"T1N BLK 31 SEC 42 A-1306"}},{"type":"Feature","geometry":{"type":"Polygon","coordinates":[[[-101.30216088642702,32.282547581718376],[-101.31873394086361,32.278975529201645],[-101.32302800719705,32.292828930171645],[-101.30629921413745,32.29659152145851],[-101.30216088642702,32.282547581718376]]]},"properties":{"Surv_Name":null,"max_propensity_score":0.0,"top_operator":"","owner_count":0.0,"ABSTRACT_L":"A-103","field_name":"Unknown","Surv_Sect":"47","permit_count":0.0,"DESC_":"T&P RR CO","Block":"31 T1N","pending_permit_count":0.0,"production_trend":null,"production_status":"pdp","pdp_well_count":2.0,"well_count":2.0,"STArea__":27850452.2423,"ABSTRACT_N":"103","new_permit_count":0.0,"CODE":"103","pud_well_count":0.0,"legal_desc":"T1N BLK 31 SEC 47 A-103"}},{"type":"Feature","geometry":{"type":"Polygon","coordinates":[[[-101.40571081774802,32.274459995427684],[-101.40591740546157,32.27441402089682],[-101.41015601721422,32.28855449671212],[-101.41002145984204,32.28858532936251],[-101.40992981233052,32.28869327822335],[-101.39755628846696,32.29143442440259],[-101.39349104934118,32.29225916043319],[-101.3914443230061,32.28555692217422],[-101.39119505917294,32.28474068571992],[-101.38929183281084,32.278511825108176],[-101.38919346774323,32.27818624638961],[-101.40264139237125,32.27508386367808],[-101.4029416963446,32.27501358814802],[-101.40387030909869,32.274800367980305],[-101.40560441374973,32.27448367454276],[-101.40571081774802,32.274459995427684]]]},"properties":{"Surv_Name":null,"max_propensity_score":8.0,"top_operator":"SM ENERGY COMPANY","owner_count":308.0,"ABSTRACT_L":"A-146","field_name":"Unknown","Surv_Sect":"37","permit_count":0.0,"DESC_":"T&P RR CO","Block":"32 T1N","pending_permit_count":0.0,"production_trend":null,"production_status":"pdp","pdp_well_count":21.0,"well_count":21.0,"STArea__":28477175.5335,"ABSTRACT_N":"146","new_permit_count":0.0,"CODE":"146","pud_well_count":0.0,"legal_desc":"T1N BLK 32 SEC 37 A-146"}},{"type":"Feature","geometry":{"type":"Polygon","coordinates":[[[-101.45982318218586,32.277520320783644],[-101.47617912355622,32.27384072082636],[-101.48048192112725,32.287973027400945],[-101.4642430145613,32.29185086826845],[-101.45982318218586,32.277520320783644]]]},"properties":{"Surv_Name":"SMITH, J C","max_propensity_score":7.0,"top_operator":"SM ENERGY COMPANY","owner_count":102.0,"ABSTRACT_L":"A-992","field_name":"Unknown","Surv_Sect":"32","permit_count":0.0,"DESC_":"T&P RR CO","Block":"32 T1N","pending_permit_count":0.0,"production_trend":null,"production_status":"pdp","pdp_well_count":9.0,"well_count":9.0,"STArea__":27930189.6108,"ABSTRACT_N":"992","new_permit_count":0.0,"CODE":"992","pud_well_count":0.0,"legal_desc":"T1N BLK 32 SEC 32 A-992"}},{"type":"Feature","geometry":{"type":"Polygon","coordinates":[[[-101.23163629713986,32.28298513977099],[-101.24803755689143,32.279272846812546],[-101.2523303845016,32.29344765875542],[-101.23576031608346,32.29709307439052],[-101.23163629713986,32.28298513977099]]]},"properties":{"Surv_Name":"RHOTON, D A","max_propensity_score":5.0,"top_operator":"O'RYAN OIL AND GAS","owner_count":53.0,"ABSTRACT_L":"A-987","field_name":"Unknown","Surv_Sect":"4","permit_count":0.0,"DESC_":"T&P RR CO","Block":"30 T1S","pending_permit_count":0.0,"production_trend":null,"production_status":"pdp","pdp_well_count":118.0,"well_count":118.0,"STArea__":27950547.8614,"ABSTRACT_N":"987","new_permit_count":0.0,"CODE":"987","pud_well_count":0.0,"legal_desc":"T1S BLK 30 SEC 4 A-987"}},{"type":"Feature","geometry":{"type":"Polygon","coordinates":[[[-101.32495396563954,32.27748678803747],[-101.33527210805443,32.27517075943856],[-101.3361458251954,32.278115554646725],[-101.33614589528199,32.278115788498226],[-101.33614640435643,32.27811747194625],[-101.33947974599705,32.28921229342562],[-101.32302800719705,32.292828930171645],[-101.31873394086361,32.278975529201645],[-101.32495396563954,32.27748678803747]]]},"properties":{"Surv_Name":"COOKSEY, W F","max_propensity_score":0.0,"top_operator":"","owner_count":0.0,"ABSTRACT_L":"A-1034","field_name":"Unknown","Surv_Sect":"46","permit_count":0.0,"DESC_":"T&P RR CO","Block":"31 T1N","pending_permit_count":0.0,"production_trend":null,"production_status":"pdp","pdp_well_count":13.0,"well_count":13.0,"STArea__":27686982.0996,"ABSTRACT_N":"1034","new_permit_count":0.0,"CODE":"1034","pud_well_count":0.0,"legal_desc":"T1N BLK 31 SEC 46 A-1034"}},{"type":"Feature","geometry":{"type":"Polygon","coordinates":[[[-101.42202943384721,32.27082720386257],[-101.4224521832895,32.27073306564483],[-101.42663327125572,32.28490299962915],[-101.41015601721422,32.28855449671212],[-101.40591740546157,32.27441402089682],[-101.42202943384721,32.27082720386257]]]},"properties":{"Surv_Name":"LUTTERLOH, F C","max_propensity_score":0.0,"top_operator":"","owner_count":0.0,"ABSTRACT_L":"A-1149","field_name":"Unknown","Surv_Sect":"38","permit_count":0.0,"DESC_":"T&P RR CO","Block":"32 T1N","pending_permit_count":0.0,"production_trend":null,"production_status":"pdp","pdp_well_count":7.0,"well_count":7.0,"STArea__":28005891.672,"ABSTRACT_N":"1149","new_permit_count":0.0,"CODE":"1149","pud_well_count":0.0,"legal_desc":"T1N BLK 32 SEC 38 A-1149"}},{"type":"Feature","geometry":{"type":"Polygon","coordinates":[[[-101.33527210805443,32.27517075943856],[-101.35174519231902,32.27161021037318],[-101.35350497173651,32.27718823051416],[-101.35382384267724,32.27819888888046],[-101.35596543557514,32.285519029981565],[-101.33947974599705,32.28921229342562],[-101.33614640435643,32.27811747194625],[-101.33614589528199,32.278115788498226],[-101.3361458251954,32.278115554646725],[-101.33527210805443,32.27517075943856]]]},"properties":{"Surv_Name":null,"max_propensity_score":6.0,"top_operator":"HIGHPEAK ENERGY HOLDIN","owner_count":81.0,"ABSTRACT_L":"A-102","field_name":"Unknown","Surv_Sect":"45","permit_count":0.0,"DESC_":"T&P RR CO","Block":"31 T1N","pending_permit_count":0.0,"production_trend":null,"production_status":"pdp","pdp_well_count":10.0,"well_count":10.0,"STArea__":27681849.0134,"ABSTRACT_N":"102","new_permit_count":0.0,"CODE":"102","pud_well_count":0.0,"legal_desc":"T1N BLK 31 SEC 45 A-102"}},{"type":"Feature","geometry":{"type":"Polygon","coordinates":[[[-101.26470679587715,32.275636533180425],[-101.28127655386027,32.27201243761688],[-101.2848351579454,32.28395928547575],[-101.2855145192809,32.286119909922235],[-101.28383338056356,32.28647551148301],[-101.26912659927389,32.289774554052144],[-101.26470679587715,32.275636533180425]]]},"properties":{"Surv_Name":"MORTON, J R","max_propensity_score":8.0,"top_operator":"BASA RESOURCES, INC.","owner_count":179.0,"ABSTRACT_L":"A-1074","field_name":"Unknown","Surv_Sect":"6","permit_count":0.0,"DESC_":"T&P RR CO","Block":"30 T1S","pending_permit_count":0.0,"production_trend":null,"production_status":"pdp","pdp_well_count":85.0,"well_count":85.0,"STArea__":27896256.2878,"ABSTRACT_N":"1074","new_permit_count":0.0,"CODE":"1074","pud_well_count":0.0,"legal_desc":"T1S BLK 30 SEC 6 A-1074"}},{"type":"Feature","geometry":{"type":"Polygon","coordinates":[[[-101.4224521832895,32.27073306564483],[-101.43893813279644,32.26706073815011],[-101.43940756920335,32.26871175407845],[-101.4414389469501,32.275855421754834],[-101.44148782304286,32.27601503321244],[-101.44200716622018,32.27725224871637],[-101.4422231956921,32.27804885066054],[-101.44309528908794,32.28126418728909],[-101.44223258934373,32.28145756120813],[-101.44135149530099,32.28165505109878],[-101.43681857175123,32.28267095315154],[-101.43679350858116,32.282676569964735],[-101.43663081395583,32.28271302888646],[-101.43575821436649,32.28290856969015],[-101.43480274478787,32.28312267308987],[-101.43431657428981,32.28322863886153],[-101.42663327125572,32.28490299962915],[-101.4224521832895,32.27073306564483]]]},"properties":{"Surv_Name":null,"max_propensity_score":10.0,"top_operator":"VITAL ENERGY, INC.","owner_count":401.0,"ABSTRACT_L":"A-147","field_name":"Unknown","Surv_Sect":"39","permit_count":0.0,"DESC_":"T&P RR CO","Block":"32 T1N","pending_permit_count":0.0,"production_trend":null,"production_status":"pdp","pdp_well_count":7.0,"well_count":7.0,"STArea__":27998963.3965,"ABSTRACT_N":"147","new_permit_count":0.0,"CODE":"147","pud_well_count":0.0,"legal_desc":"T1N BLK 32 SEC 39 A-147"}},{"type":"Feature","geometry":{"type":"Polygon","coordinates":[[[-101.28937634491096,32.270224960240405],[-101.29771834440845,32.26838340259832],[-101.30216088642702,32.282547581718376],[-101.2855145192809,32.286119909922235],[-101.2848351579454,32.28395928547575],[-101.28127655386027,32.27201243761688],[-101.28937634491096,32.270224960240405]]]},"properties":{"Surv_Name":null,"max_propensity_score":3.0,"top_operator":"HIGHPEAK ENERGY HOLDIN","owner_count":16.0,"ABSTRACT_L":"A-104","field_name":"Unknown","Surv_Sect":"1","permit_count":0.0,"DESC_":"T&P RR CO","Block":"31 T1S","pending_permit_count":0.0,"production_trend":null,"production_status":"pdp","pdp_well_count":9.0,"well_count":9.0,"STArea__":28076897.3639,"ABSTRACT_N":"104","new_permit_count":0.0,"CODE":"104","pud_well_count":0.0,"legal_desc":"T1S BLK 31 SEC 1 A-104"}},{"type":"Feature","geometry":{"type":"Polygon","coordinates":[[[-101.29771834440845,32.26838340259832],[-101.31446720361242,32.264684041087],[-101.31873394086361,32.278975529201645],[-101.30216088642702,32.282547581718376],[-101.29771834440845,32.26838340259832]]]},"properties":{"Surv_Name":"ECHOLS, A L","max_propensity_score":3.0,"top_operator":"OVINTIV USA INC.","owner_count":14.0,"ABSTRACT_L":"A-1717","field_name":"Unknown","Surv_Sect":"2","permit_count":0.0,"DESC_":"T&P RR CO","Block":"31 T1S","pending_permit_count":0.0,"production_trend":null,"production_status":"pdp","pdp_well_count":4.0,"well_count":4.0,"STArea__":28435206.7953,"ABSTRACT_N":"1717","new_permit_count":0.0,"CODE":"1717","pud_well_count":0.0,"legal_desc":"T1S BLK 31 SEC 2 A-1717"}},{"type":"Feature","geometry":{"type":"Polygon","coordinates":[[[-101.45527077645069,32.26344982662406],[-101.47170972855865,32.2597915280711],[-101.47617912355622,32.27384072082636],[-101.45982318218586,32.277520320783644],[-101.45962501825721,32.276859531742296],[-101.45809730018405,32.27217247668585],[-101.45527077645069,32.26344982662406]]]},"properties":{"Surv_Name":null,"max_propensity_score":0.0,"top_operator":"","owner_count":0.0,"ABSTRACT_L":"A-148","field_name":"Unknown","Surv_Sect":"41","permit_count":0.0,"DESC_":"T&P RR CO","Block":"32 T1N","pending_permit_count":0.0,"production_trend":null,"production_status":"pdp","pdp_well_count":6.0,"well_count":6.0,"STArea__":27778066.3732,"ABSTRACT_N":"148","new_permit_count":0.0,"CODE":"148","pud_well_count":0.0,"legal_desc":"T1N BLK 32 SEC 41 A-148"}},{"type":"Feature","geometry":{"type":"Polygon","coordinates":[[[-101.38473318230191,32.26403709592092],[-101.4014625258254,32.26032434756605],[-101.40148758153053,32.260403603911556],[-101.40326572971945,32.26602798519724],[-101.40356723306921,32.266981580727894],[-101.40591740546157,32.27441402089682],[-101.40571081774802,32.274459995427684],[-101.40560441374973,32.27448367454276],[-101.40387030909869,32.274800367980305],[-101.4029416963446,32.27501358814802],[-101.40264139237125,32.27508386367808],[-101.38919346774323,32.27818624638961],[-101.38917117565663,32.27811245952442],[-101.38909120074366,32.277845875044655],[-101.38780734713539,32.27377832517942],[-101.38693339042193,32.271009207608834],[-101.38636535361492,32.269209295554475],[-101.38473318230191,32.26403709592092]]]},"properties":{"Surv_Name":"BLACK, J F","max_propensity_score":0.0,"top_operator":"","owner_count":0.0,"ABSTRACT_L":"A-1016","field_name":"Unknown","Surv_Sect":"48","permit_count":0.0,"DESC_":"T&P RR CO","Block":"32 T1N","pending_permit_count":0.0,"production_trend":null,"production_status":"pdp","pdp_well_count":4.0,"well_count":4.0,"STArea__":28359445.5269,"ABSTRACT_N":"1016","new_permit_count":0.0,"CODE":"1016","pud_well_count":0.0,"legal_desc":"T1N BLK 32 SEC 48 A-1016"}},{"type":"Feature","geometry":{"type":"Polygon","coordinates":[[[-101.31446720361242,32.264684041087],[-101.33097109657955,32.261036268064956],[-101.33527210805443,32.27517075943856],[-101.32495396563954,32.27748678803747],[-101.31873394086361,32.278975529201645],[-101.31446720361242,32.264684041087]]]},"properties":{"Surv_Name":null,"max_propensity_score":8.0,"top_operator":"OVINTIV USA INC.","owner_count":24.0,"ABSTRACT_L":"A-105","field_name":"Unknown","Surv_Sect":"3","permit_count":0.0,"DESC_":"T&P RR CO","Block":"31 T1S","pending_permit_count":0.0,"production_trend":null,"production_status":"pdp","pdp_well_count":6.0,"well_count":6.0,"STArea__":28145663.1787,"ABSTRACT_N":"105","new_permit_count":0.0,"CODE":"105","pud_well_count":0.0,"legal_desc":"T1S BLK 31 SEC 3 A-105"}},{"type":"Feature","geometry":{"type":"Polygon","coordinates":[[[-101.2438884803938,32.265314678337],[-101.26034243863606,32.26149751533147],[-101.26470679587715,32.275636533180425],[-101.24803755689143,32.279272846812546],[-101.2438884803938,32.265314678337]]]},"properties":{"Surv_Name":"ECHOLS, A L","max_propensity_score":7.0,"top_operator":"SCOUT ENERGY MANAGEMEN","owner_count":37.0,"ABSTRACT_L":"A-1266","field_name":"Unknown","Surv_Sect":"8","permit_count":0.0,"DESC_":"T&P RR CO","Block":"30 T1S","pending_permit_count":0.0,"production_trend":null,"production_status":"pdp","pdp_well_count":72.0,"well_count":72.0,"STArea__":27947007.1758,"ABSTRACT_N":"1266","new_permit_count":0.0,"CODE":"1266","pud_well_count":0.0,"legal_desc":"T1S BLK 30 SEC 8 A-1266"}},{"type":"Feature","geometry":{"type":"Polygon","coordinates":[[[-101.47170972855865,32.2597915280711],[-101.48852359034689,32.25609036342009],[-101.49135191445289,32.26580792194057],[-101.4927923005494,32.27019689172811],[-101.49261593181144,32.27021704354718],[-101.48460986496673,32.27198412492658],[-101.48124670477468,32.27275971396818],[-101.48007566749216,32.27303626199778],[-101.47649166851777,32.27381467061298],[-101.47617912355622,32.27384072082636],[-101.47464156389864,32.26900803724133],[-101.47455065503127,32.26872228751131],[-101.47170972855865,32.2597915280711]]]},"properties":{"Surv_Name":"BAUER, G","max_propensity_score":10.0,"top_operator":"SOGC, LLC","owner_count":2962.0,"ABSTRACT_L":"A-596","field_name":"Unknown","Surv_Sect":"42","permit_count":0.0,"DESC_":"T&P RR CO","Block":"32 T1N","pending_permit_count":0.0,"production_trend":null,"production_status":"pdp","pdp_well_count":10.0,"well_count":10.0,"STArea__":28192123.9827,"ABSTRACT_N":"596","new_permit_count":0.0,"CODE":"596","pud_well_count":0.0,"legal_desc":"T1N BLK 32 SEC 42 A-596"}},{"type":"Feature","geometry":{"type":"Polygon","coordinates":[[[-101.4014625258254,32.26032434756605],[-101.41777527641572,32.256702165868624],[-101.41784624820839,32.256916455952116],[-101.42202943384721,32.27082720386257],[-101.40591740546157,32.27441402089682],[-101.4014625258254,32.26032434756605]]]},"properties":{"Surv_Name":null,"max_propensity_score":0.0,"top_operator":"","owner_count":0.0,"ABSTRACT_L":"A-151","field_name":"Unknown","Surv_Sect":"47","permit_count":0.0,"DESC_":"T&P RR CO","Block":"32 T1N","pending_permit_count":0.0,"production_trend":null,"production_status":"pdp","pdp_well_count":8.0,"well_count":8.0,"STArea__":27490233.7047,"ABSTRACT_N":"151","new_permit_count":0.0,"CODE":"151","pud_well_count":0.0,"legal_desc":"T1N BLK 32 SEC 47 A-151"}},{"type":"Feature","geometry":{"type":"Polygon","coordinates":[[[-101.33097109657955,32.261036268064956],[-101.34739277202739,32.25740418460809],[-101.35167826371035,32.27139804942956],[-101.35174519231902,32.27161021037318],[-101.33527210805443,32.27517075943856],[-101.33097109657955,32.261036268064956]]]},"properties":{"Surv_Name":"COOKSEY, W F","max_propensity_score":5.0,"top_operator":"VITAL ENERGY, INC.","owner_count":62.0,"ABSTRACT_L":"A-1036","field_name":"Unknown","Surv_Sect":"4","permit_count":0.0,"DESC_":"T&P RR CO","Block":"31 T1S","pending_permit_count":0.0,"production_trend":null,"production_status":"pdp","pdp_well_count":9.0,"well_count":9.0,"STArea__":27957242.9201,"ABSTRACT_N":"1036","new_permit_count":0.0,"CODE":"1036","pud_well_count":0.0,"legal_desc":"T1S BLK 31 SEC 4 A-1036"}},{"type":"Feature","geometry":{"type":"Polygon","coordinates":[[[-101.26034243863606,32.26149751533147],[-101.2771281987119,32.257700290141514],[-101.28127655386027,32.27201243761688],[-101.26470679587715,32.275636533180425],[-101.26034243863606,32.26149751533147]]]},"properties":{"Surv_Name":null,"max_propensity_score":7.0,"top_operator":"HIGHPEAK ENERGY HOLDIN","owner_count":100.0,"ABSTRACT_L":"A-250","field_name":"Unknown","Surv_Sect":"7","permit_count":0.0,"DESC_":"T&P RR CO","Block":"30 T1S","pending_permit_count":0.0,"production_trend":null,"production_status":"pdp","pdp_well_count":16.0,"well_count":16.0,"STArea__":28455784.2694,"ABSTRACT_N":"250","new_permit_count":0.0,"CODE":"250","pud_well_count":0.0,"legal_desc":"T1S BLK 30 SEC 7 A-250"}},{"type":"Feature","geometry":{"type":"Polygon","coordinates":[[[-101.42899077315703,32.254206270830586],[-101.43445384366889,32.2529877115732],[-101.43783402022761,32.26359613282713],[-101.43796364926439,32.26400290941022],[-101.43801119513292,32.26415210993733],[-101.43821913860805,32.26474259049632],[-101.43825165058713,32.26485564938313],[-101.4384006693812,32.26532626482289],[-101.43847111154764,32.26556008723409],[-101.43864119898656,32.26611524703153],[-101.4387503893908,32.266471636677466],[-101.43893813279644,32.26706073815011],[-101.4224521832895,32.27073306564483],[-101.42202943384721,32.27082720386257],[-101.42070999763874,32.266440037812856],[-101.41784722018959,32.256919687099554],[-101.41784624820839,32.256916455952116],[-101.41777527641572,32.256702165868624],[-101.41839929597775,32.256567959998904],[-101.42899077315703,32.254206270830586]]]},"properties":{"Surv_Name":"MURPHY, J R","max_propensity_score":0.0,"top_operator":"","owner_count":0.0,"ABSTRACT_L":"A-655","field_name":"Unknown","Surv_Sect":"46","permit_count":0.0,"DESC_":"T&P RR CO","Block":"32 T1N","pending_permit_count":0.0,"production_trend":null,"production_status":"pdp","pdp_well_count":5.0,"well_count":5.0,"STArea__":28458549.3486,"ABSTRACT_N":"655","new_permit_count":0.0,"CODE":"655","pud_well_count":0.0,"legal_desc":"T1N BLK 32 SEC 46 A-655"}},{"type":"Feature","geometry":{"type":"Polygon","coordinates":[[[-101.29343383915008,32.25416698609495],[-101.31019527090638,32.250532383079026],[-101.31446720361242,32.264684041087],[-101.29771834440845,32.26838340259832],[-101.29343383915008,32.25416698609495]]]},"properties":{"Surv_Name":null,"max_propensity_score":7.0,"top_operator":"HIGHPEAK ENERGY HOLDIN","owner_count":107.0,"ABSTRACT_L":"A-109","field_name":"Unknown","Surv_Sect":"11","permit_count":0.0,"DESC_":"T&P RR CO","Block":"31 T1S","pending_permit_count":0.0,"production_trend":null,"production_status":"pdp","pdp_well_count":11.0,"well_count":11.0,"STArea__":28491757.0628,"ABSTRACT_N":"109","new_permit_count":0.0,"CODE":"109","pud_well_count":0.0,"legal_desc":"T1S BLK 31 SEC 11 A-109"}},{"type":"Feature","geometry":{"type":"Polygon","coordinates":[[[-101.48209661385114,32.43830398753249],[-101.4901247027334,32.436593207061755],[-101.49017292847788,32.4367529847077],[-101.49383667166363,32.44882734957895],[-101.49444344533602,32.45083378653891],[-101.47787638411926,32.45442504773763],[-101.47370515258731,32.44010903481951],[-101.48209661385114,32.43830398753249]]]},"properties":{"Surv_Name":null,"max_propensity_score":10.0,"top_operator":"VITAL ENERGY, INC.","owner_count":3041.0,"ABSTRACT_L":"A-270","field_name":"Unknown","Surv_Sect":"15","permit_count":0.0,"DESC_":"T&P RR CO","Block":"32 T2N","pending_permit_count":0.0,"production_trend":null,"production_status":"pdp","pdp_well_count":7.0,"well_count":7.0,"STArea__":28131185.8366,"ABSTRACT_N":"270","new_permit_count":0.0,"CODE":"270","pud_well_count":0.0,"legal_desc":"T2N BLK 32 SEC 15 A-270"}},{"type":"Feature","geometry":{"type":"Polygon","coordinates":[[[-101.17634051853199,32.4154566190527],[-101.18371097393762,32.413756800958296],[-101.18820378919052,32.42776967565306],[-101.18248134924833,32.42908947802738],[-101.1760022747799,32.430583422526134],[-101.17634051853199,32.4154566190527]]]},"properties":{"Surv_Name":"MORRISON, W","max_propensity_score":0.0,"top_operator":"","owner_count":0.0,"ABSTRACT_L":"A-1601","field_name":"Unknown","Surv_Sect":"4","permit_count":0.0,"DESC_":"T&P RR CO","Block":"29 T1N","pending_permit_count":0.0,"production_trend":null,"production_status":"pdp","pdp_well_count":5.0,"well_count":5.0,"STArea__":16531710.5665,"ABSTRACT_N":"1601","new_permit_count":0.0,"CODE":"1601","pud_well_count":0.0,"legal_desc":"T1N BLK 29 SEC 4 A-1601"}},{"type":"Feature","geometry":{"type":"Polygon","coordinates":[[[-101.18371097393762,32.413756800958296],[-101.19955708599788,32.41024981214924],[-101.20400763403786,32.42412315863407],[-101.19420610368672,32.42638499717617],[-101.18820378919052,32.42776967565306],[-101.18371097393762,32.413756800958296]]]},"properties":{"Surv_Name":null,"max_propensity_score":5.0,"top_operator":"BAYSWATER OPERATING CO","owner_count":33.0,"ABSTRACT_L":"A-204","field_name":"Unknown","Surv_Sect":"5","permit_count":0.0,"DESC_":"T&P RR CO","Block":"29 T1N","pending_permit_count":0.0,"production_trend":null,"production_status":"pdp","pdp_well_count":2.0,"well_count":2.0,"STArea__":26565802.0711,"ABSTRACT_N":"204","new_permit_count":0.0,"CODE":"204","pud_well_count":0.0,"legal_desc":"T1N BLK 29 SEC 5 A-204"}},{"type":"Feature","geometry":{"type":"Polygon","coordinates":[[[-101.19955708599788,32.41024981214924],[-101.21656674720715,32.40648274777633],[-101.22081127027933,32.42024341397063],[-101.21280048026719,32.42209332867333],[-101.20400763403786,32.42412315863407],[-101.19955708599788,32.41024981214924]]]},"properties":{"Surv_Name":"WILLIAMS, E W","max_propensity_score":8.0,"top_operator":"BAYSWATER OPERATING CO","owner_count":291.0,"ABSTRACT_L":"A-1369","field_name":"Unknown","Surv_Sect":"6","permit_count":0.0,"DESC_":"T&P RR CO","Block":"29 T1N","pending_permit_count":0.0,"production_trend":null,"production_status":"pdp","pdp_well_count":12.0,"well_count":12.0,"STArea__":28091262.3499,"ABSTRACT_N":"1369","new_permit_count":0.0,"CODE":"1369","pud_well_count":0.0,"legal_desc":"T1N BLK 29 SEC 6 A-1369"}},{"type":"Feature","geometry":{"type":"Polygon","coordinates":[[[-101.21656674720715,32.40648274777633],[-101.23324783692017,32.402785873454135],[-101.23334788169683,32.40310149445114],[-101.23760216299982,32.416520705384684],[-101.22830504976655,32.41851235182032],[-101.22081127027933,32.42024341397063],[-101.21656674720715,32.40648274777633]]]},"properties":{"Surv_Name":null,"max_propensity_score":6.0,"top_operator":"BAYSWATER OPERATING CO","owner_count":318.0,"ABSTRACT_L":"A-224","field_name":"Unknown","Surv_Sect":"1","permit_count":0.0,"DESC_":"T&P RR CO","Block":"30 T1N","pending_permit_count":0.0,"production_trend":null,"production_status":"pdp","pdp_well_count":6.0,"well_count":6.0,"STArea__":27556183.4399,"ABSTRACT_N":"224","new_permit_count":0.0,"CODE":"224","pud_well_count":0.0,"legal_desc":"T1N BLK 30 SEC 1 A-224"}},{"type":"Feature","geometry":{"type":"Polygon","coordinates":[[[-101.17664704368477,32.40041614586644],[-101.17925123521513,32.399842577027606],[-101.18371097393762,32.413756800958296],[-101.17634051853199,32.4154566190527],[-101.17664704368477,32.40041614586644]]]},"properties":{"Surv_Name":null,"max_propensity_score":0.0,"top_operator":"","owner_count":0.0,"ABSTRACT_L":"A-206","field_name":"Unknown","Surv_Sect":"9","permit_count":0.0,"DESC_":"T&P RR CO","Block":"29 T1N","pending_permit_count":0.0,"production_trend":null,"production_status":"none","pdp_well_count":0.0,"well_count":0.0,"STArea__":8371396.60592,"ABSTRACT_N":"206","new_permit_count":0.0,"CODE":"206","pud_well_count":0.0,"legal_desc":"T1N BLK 29 SEC 9 A-206"}},{"type":"Feature","geometry":{"type":"Polygon","coordinates":[[[-101.17925123521513,32.399842577027606],[-101.19509969118565,32.39635063972953],[-101.19955708599788,32.41024981214924],[-101.18371097393762,32.413756800958296],[-101.17925123521513,32.399842577027606]]]},"properties":{"Surv_Name":"EARNEST, J D","max_propensity_score":0.0,"top_operator":"","owner_count":0.0,"ABSTRACT_L":"A-980","field_name":"Unknown","Surv_Sect":"8","permit_count":0.0,"DESC_":"T&P RR CO","Block":"29 T1N","pending_permit_count":0.0,"production_trend":null,"production_status":"pdp","pdp_well_count":9.0,"well_count":9.0,"STArea__":26496134.4164,"ABSTRACT_N":"980","new_permit_count":0.0,"CODE":"980","pud_well_count":0.0,"legal_desc":"T1N BLK 29 SEC 8 A-980"}},{"type":"Feature","geometry":{"type":"Polygon","coordinates":[[[-101.19509969118565,32.39635063972953],[-101.2122747794134,32.39256380313035],[-101.21656674720715,32.40648274777633],[-101.19955708599788,32.41024981214924],[-101.19509969118565,32.39635063972953]]]},"properties":{"Surv_Name":null,"max_propensity_score":0.0,"top_operator":"","owner_count":0.0,"ABSTRACT_L":"A-205","field_name":"Unknown","Surv_Sect":"7","permit_count":0.0,"DESC_":"T&P RR CO","Block":"29 T1N","pending_permit_count":0.0,"production_trend":null,"production_status":"pdp","pdp_well_count":9.0,"well_count":9.0,"STArea__":28549280.4827,"ABSTRACT_N":"205","new_permit_count":0.0,"CODE":"205","pud_well_count":0.0,"legal_desc":"T1N BLK 29 SEC 7 A-205"}},{"type":"Feature","geometry":{"type":"Polygon","coordinates":[[[-101.2122747794134,32.39256380313035],[-101.22907127408861,32.38877572011378],[-101.23324783692017,32.402785873454135],[-101.21656674720715,32.40648274777633],[-101.2122747794134,32.39256380313035]]]},"properties":{"Surv_Name":"EARNEST, J D","max_propensity_score":5.0,"top_operator":"BAYSWATER OPERATING CO","owner_count":39.0,"ABSTRACT_L":"A-1000","field_name":"Unknown","Surv_Sect":"12","permit_count":0.0,"DESC_":"T&P RR CO","Block":"30 T1N","pending_permit_count":0.0,"production_trend":null,"production_status":"pdp","pdp_well_count":10.0,"well_count":10.0,"STArea__":28026612.2974,"ABSTRACT_N":"1000","new_permit_count":0.0,"CODE":"1000","pud_well_count":0.0,"legal_desc":"T1N BLK 30 SEC 12 A-1000"}},{"type":"Feature","geometry":{"type":"Polygon","coordinates":[[[-101.22907127408861,32.38877572011378],[-101.2459111824773,32.38515866104142],[-101.25041378783318,32.399294543164736],[-101.23353335204618,32.40306168434535],[-101.23334788169683,32.40310149445114],[-101.23324783692017,32.402785873454135],[-101.22907127408861,32.38877572011378]]]},"properties":{"Surv_Name":null,"max_propensity_score":0.0,"top_operator":"","owner_count":0.0,"ABSTRACT_L":"A-229","field_name":"Unknown","Surv_Sect":"11","permit_count":0.0,"DESC_":"T&P RR CO","Block":"30 T1N","pending_permit_count":0.0,"production_trend":null,"production_status":"pdp","pdp_well_count":1.0,"well_count":1.0,"STArea__":28926834.2209,"ABSTRACT_N":"229","new_permit_count":0.0,"CODE":"229","pud_well_count":0.0,"legal_desc":"T1N BLK 30 SEC 11 A-229"}},{"type":"Feature","geometry":{"type":"Polygon","coordinates":[[[-101.25041378783318,32.399294543164736],[-101.26689578199766,32.39561379294124],[-101.27107067746147,32.40934449796509],[-101.26288446809247,32.41110069971878],[-101.25473256290536,32.41284893593799],[-101.25041378783318,32.399294543164736]]]},"properties":{"Surv_Name":null,"max_propensity_score":9.0,"top_operator":"HIGHPEAK ENERGY HOLDIN","owner_count":133.0,"ABSTRACT_L":"A-225","field_name":"Unknown","Surv_Sect":"3","permit_count":0.0,"DESC_":"T&P RR CO","Block":"30 T1N","pending_permit_count":0.0,"production_trend":null,"production_status":"pdp","pdp_well_count":4.0,"well_count":4.0,"STArea__":26849604.5587,"ABSTRACT_N":"225","new_permit_count":0.0,"CODE":"225","pud_well_count":0.0,"legal_desc":"T1N BLK 30 SEC 3 A-225"}},{"type":"Feature","geometry":{"type":"Polygon","coordinates":[[[-101.17664704368477,32.40041614586644],[-101.17681485593407,32.39223926034747],[-101.17925123521513,32.399842577027606],[-101.17664704368477,32.40041614586644]]]},"properties":{"Surv_Name":"SWEATT, J E","max_propensity_score":0.0,"top_operator":"","owner_count":0.0,"ABSTRACT_L":"A-1608","field_name":"Unknown","Surv_Sect":"16","permit_count":0.0,"DESC_":"T&P RR CO","Block":"29 T1N","pending_permit_count":0.0,"production_trend":null,"production_status":"none","pdp_well_count":0.0,"well_count":0.0,"STArea__":1190104.43526,"ABSTRACT_N":"1608","new_permit_count":0.0,"CODE":"1608","pud_well_count":0.0,"legal_desc":"T1N BLK 29 SEC 16 A-1608"}},{"type":"Feature","geometry":{"type":"Polygon","coordinates":[[[-101.17695484818681,32.38539715242827],[-101.19062927840373,32.382406363994455],[-101.19509969118565,32.39635063972953],[-101.17925123521513,32.399842577027606],[-101.17681485593407,32.39223926034747],[-101.17695484818681,32.38539715242827]]]},"properties":{"Surv_Name":null,"max_propensity_score":0.0,"top_operator":"","owner_count":0.0,"ABSTRACT_L":"A-208","field_name":"Unknown","Surv_Sect":"17","permit_count":0.0,"DESC_":"T&P RR CO","Block":"29 T1N","pending_permit_count":0.0,"production_trend":null,"production_status":"pdp","pdp_well_count":1.0,"well_count":1.0,"STArea__":25757327.6279,"ABSTRACT_N":"208","new_permit_count":0.0,"CODE":"208","pud_well_count":0.0,"legal_desc":"T1N BLK 29 SEC 17 A-208"}},{"type":"Feature","geometry":{"type":"Polygon","coordinates":[[[-101.19062927840373,32.382406363994455],[-101.20797359321881,32.37861045963478],[-101.2122747794134,32.39256380313035],[-101.19509969118565,32.39635063972953],[-101.19062927840373,32.382406363994455]]]},"properties":{"Surv_Name":"EARNEST, J D","max_propensity_score":0.0,"top_operator":"","owner_count":0.0,"ABSTRACT_L":"A-979","field_name":"Unknown","Surv_Sect":"18","permit_count":0.0,"DESC_":"T&P RR CO","Block":"29 T1N","pending_permit_count":0.0,"production_trend":null,"production_status":"pdp","pdp_well_count":1.0,"well_count":1.0,"STArea__":28903988.7469,"ABSTRACT_N":"979","new_permit_count":0.0,"CODE":"979","pud_well_count":0.0,"legal_desc":"T1N BLK 29 SEC 18 A-979"}},{"type":"Feature","geometry":{"type":"Polygon","coordinates":[[[-101.22459757125898,32.37503781870031],[-101.22478598556023,32.37499731252059],[-101.22642711580986,32.38027452588821],[-101.2288800220105,32.38816088525985],[-101.22907127408861,32.38877572011378],[-101.22888342563735,32.38881809979345],[-101.2122747794134,32.39256380313035],[-101.20797359321881,32.37861045963478],[-101.22459757125898,32.37503781870031]]]},"properties":{"Surv_Name":null,"max_propensity_score":0.0,"top_operator":"","owner_count":0.0,"ABSTRACT_L":"A-230","field_name":"Unknown","Surv_Sect":"13","permit_count":0.0,"DESC_":"T&P RR CO","Block":"30 T1N","pending_permit_count":0.0,"production_trend":null,"production_status":"pdp","pdp_well_count":1.0,"well_count":1.0,"STArea__":27952357.3052,"ABSTRACT_N":"230","new_permit_count":0.0,"CODE":"230","pud_well_count":0.0,"legal_desc":"T1N BLK 30 SEC 13 A-230"}},{"type":"Feature","geometry":{"type":"Polygon","coordinates":[[[-101.23892991610181,32.371731971742854],[-101.2414702037527,32.37121171016549],[-101.2437509296936,32.37837492227745],[-101.24384711080664,32.378676978374855],[-101.2459111824773,32.38515866104142],[-101.22907127408861,32.38877572011378],[-101.2288800220105,32.38816088525985],[-101.22642711580986,32.38027452588821],[-101.22478598556023,32.37499731252059],[-101.23568745426991,32.37248071262321],[-101.23892991610181,32.371731971742854]]]},"properties":{"Surv_Name":"HARDY, A T","max_propensity_score":0.0,"top_operator":"","owner_count":0.0,"ABSTRACT_L":"A-1138","field_name":"Unknown","Surv_Sect":"14","permit_count":0.0,"DESC_":"T&P RR CO","Block":"30 T1N","pending_permit_count":0.0,"production_trend":null,"production_status":"pdp","pdp_well_count":8.0,"well_count":8.0,"STArea__":27963630.4355,"ABSTRACT_N":"1138","new_permit_count":0.0,"CODE":"1138","pud_well_count":0.0,"legal_desc":"T1N BLK 30 SEC 14 A-1138"}},{"type":"Feature","geometry":{"type":"Polygon","coordinates":[[[-101.17748342231721,32.36978363456184],[-101.185936668822,32.36794404206037],[-101.19062927840373,32.382406363994455],[-101.17695484818681,32.38539715242827],[-101.17748342231721,32.36978363456184]]]},"properties":{"Surv_Name":"SWEATT, J E","max_propensity_score":0.0,"top_operator":"","owner_count":0.0,"ABSTRACT_L":"A-1609","field_name":"Unknown","Surv_Sect":"20","permit_count":0.0,"DESC_":"T&P RR CO","Block":"29 T1N","pending_permit_count":0.0,"production_trend":null,"production_status":"none","pdp_well_count":0.0,"well_count":0.0,"STArea__":19251159.9219,"ABSTRACT_N":"1609","new_permit_count":0.0,"CODE":"1609","pud_well_count":0.0,"legal_desc":"T1N BLK 29 SEC 20 A-1609"}},{"type":"Feature","geometry":{"type":"Polygon","coordinates":[[[-101.185936668822,32.36794404206037],[-101.20354997139526,32.36409237664153],[-101.20797359321881,32.37861045963478],[-101.19062927840373,32.382406363994455],[-101.185936668822,32.36794404206037]]]},"properties":{"Surv_Name":null,"max_propensity_score":0.0,"top_operator":"","owner_count":0.0,"ABSTRACT_L":"A-209","field_name":"Unknown","Surv_Sect":"19","permit_count":0.0,"DESC_":"T&P RR CO","Block":"29 T1N","pending_permit_count":0.0,"production_trend":null,"production_status":"pdp","pdp_well_count":2.0,"well_count":2.0,"STArea__":30404727.8753,"ABSTRACT_N":"209","new_permit_count":0.0,"CODE":"209","pud_well_count":0.0,"legal_desc":"T1N BLK 29 SEC 19 A-209"}},{"type":"Feature","geometry":{"type":"Polygon","coordinates":[[[-101.20354997139526,32.36409237664153],[-101.22042298718401,32.36030959754633],[-101.2204704878764,32.36046953140872],[-101.22470329782551,32.37473195300404],[-101.22478598556023,32.37499731252059],[-101.22459757125898,32.37503781870031],[-101.20797359321881,32.37861045963478],[-101.20359861558612,32.36425205054242],[-101.20354997139526,32.36409237664153]]]},"properties":{"Surv_Name":"EARNEST, J D","max_propensity_score":0.0,"top_operator":"","owner_count":0.0,"ABSTRACT_L":"A-999","field_name":"Unknown","Surv_Sect":"24","permit_count":0.0,"DESC_":"T&P RR CO","Block":"30 T1N","pending_permit_count":0.0,"production_trend":null,"production_status":"pdp","pdp_well_count":5.0,"well_count":5.0,"STArea__":29447884.4132,"ABSTRACT_N":"999","new_permit_count":0.0,"CODE":"999","pud_well_count":0.0,"legal_desc":"T1N BLK 30 SEC 24 A-999"}},{"type":"Feature","geometry":{"type":"Polygon","coordinates":[[[-101.22042298718401,32.36030959754633],[-101.2368387518227,32.356648082668876],[-101.23688938119595,32.35680731282679],[-101.2414702037527,32.37121171016549],[-101.23892991610181,32.371731971742854],[-101.23568745426991,32.37248071262321],[-101.22478598556023,32.37499731252059],[-101.22470329782551,32.37473195300404],[-101.2204704878764,32.36046953140872],[-101.22042298718401,32.36030959754633]]]},"properties":{"Surv_Name":null,"max_propensity_score":0.0,"top_operator":"","owner_count":0.0,"ABSTRACT_L":"A-235","field_name":"Unknown","Surv_Sect":"23","permit_count":0.0,"DESC_":"T&P RR CO","Block":"30 T1N","pending_permit_count":0.0,"production_trend":null,"production_status":"pdp","pdp_well_count":1.0,"well_count":1.0,"STArea__":29020958.7742,"ABSTRACT_N":"235","new_permit_count":0.0,"CODE":"235","pud_well_count":0.0,"legal_desc":"T1N BLK 30 SEC 23 A-235"}},{"type":"Feature","geometry":{"type":"Polygon","coordinates":[[[-101.17788006197415,32.354837570988664],[-101.18175949761691,32.35396445072524],[-101.185936668822,32.36794404206037],[-101.17748342231721,32.36978363456184],[-101.17788006197415,32.354837570988664]]]},"properties":{"Surv_Name":null,"max_propensity_score":0.0,"top_operator":"","owner_count":0.0,"ABSTRACT_L":"A-211","field_name":"Unknown","Surv_Sect":"29","permit_count":0.0,"DESC_":"T&P RR CO","Block":"29 T1N","pending_permit_count":0.0,"production_trend":null,"production_status":"pdp","pdp_well_count":1.0,"well_count":1.0,"STArea__":10305949.1401,"ABSTRACT_N":"211","new_permit_count":0.0,"CODE":"211","pud_well_count":0.0,"legal_desc":"T1N BLK 29 SEC 29 A-211"}},{"type":"Feature","geometry":{"type":"Polygon","coordinates":[[[-101.18175949761691,32.35396445072524],[-101.19933822945882,32.35000637865428],[-101.20354997139526,32.36409237664153],[-101.185936668822,32.36794404206037],[-101.18175949761691,32.35396445072524]]]},"properties":{"Surv_Name":"PATTERSON, J D","max_propensity_score":0.0,"top_operator":"","owner_count":0.0,"ABSTRACT_L":"A-1383","field_name":"Unknown","Surv_Sect":"30","permit_count":0.0,"DESC_":"T&P RR CO","Block":"29 T1N","pending_permit_count":0.0,"production_trend":null,"production_status":"pdp","pdp_well_count":1.0,"well_count":1.0,"STArea__":29578249.4651,"ABSTRACT_N":"1383","new_permit_count":0.0,"CODE":"1383","pud_well_count":0.0,"legal_desc":"T1N BLK 29 SEC 30 A-1383"}},{"type":"Feature","geometry":{"type":"Polygon","coordinates":[[[-101.19933822945882,32.35000637865428],[-101.21632014258434,32.34617998392597],[-101.22042298718401,32.36030959754633],[-101.20354997139526,32.36409237664153],[-101.19933822945882,32.35000637865428]]]},"properties":{"Surv_Name":null,"max_propensity_score":4.0,"top_operator":"MINERAL TECHNOLOGIES,","owner_count":14.0,"ABSTRACT_L":"A-1718","field_name":"Unknown","Surv_Sect":"25","permit_count":0.0,"DESC_":"T&P RR CO","Block":"31 T1N","pending_permit_count":0.0,"production_trend":null,"production_status":"pdp","pdp_well_count":1.0,"well_count":1.0,"STArea__":28605092.8442,"ABSTRACT_N":"1718","new_permit_count":0.0,"CODE":"1718","pud_well_count":0.0,"legal_desc":"T1N BLK 31 SEC 25 A-1718"}},{"type":"Feature","geometry":{"type":"Polygon","coordinates":[[[-101.21632014258434,32.34617998392597],[-101.23250154915718,32.34267688432028],[-101.2368387518227,32.356648082668876],[-101.22042298718401,32.36030959754633],[-101.21632014258434,32.34617998392597]]]},"properties":{"Surv_Name":"COFFEE, W D","max_propensity_score":0.0,"top_operator":"","owner_count":0.0,"ABSTRACT_L":"A-1379","field_name":"Unknown","Surv_Sect":"26","permit_count":0.0,"DESC_":"T&P RR CO","Block":"30 T1N","pending_permit_count":0.0,"production_trend":null,"production_status":"none","pdp_well_count":0.0,"well_count":0.0,"STArea__":27425869.0544,"ABSTRACT_N":"1379","new_permit_count":0.0,"CODE":"1379","pud_well_count":0.0,"legal_desc":"T1N BLK 30 SEC 26 A-1379"}},{"type":"Feature","geometry":{"type":"Polygon","coordinates":[[[-101.17788006197415,32.354837570988664],[-101.17822982668824,32.34214830777455],[-101.18175949761691,32.35396445072524],[-101.17788006197415,32.354837570988664]]]},"properties":{"Surv_Name":"SWEATT, J E","max_propensity_score":0.0,"top_operator":"","owner_count":0.0,"ABSTRACT_L":"A-1610","field_name":"Unknown","Surv_Sect":"32","permit_count":0.0,"DESC_":"T&P RR CO","Block":"29 T1N","pending_permit_count":0.0,"production_trend":null,"production_status":"none","pdp_well_count":0.0,"well_count":0.0,"STArea__":2748010.973,"ABSTRACT_N":"1610","new_permit_count":0.0,"CODE":"1610","pud_well_count":0.0,"legal_desc":"T1N BLK 29 SEC 32 A-1610"}},{"type":"Feature","geometry":{"type":"Polygon","coordinates":[[[-101.17830106955915,32.33997239467783],[-101.19520156244481,32.33616700067586],[-101.19933822945882,32.35000637865428],[-101.18175949761691,32.35396445072524],[-101.17822982668824,32.34214830777455],[-101.17830106955915,32.33997239467783]]]},"properties":{"Surv_Name":null,"max_propensity_score":0.0,"top_operator":"","owner_count":0.0,"ABSTRACT_L":"A-212","field_name":"Unknown","Surv_Sect":"31","permit_count":0.0,"DESC_":"T&P RR CO","Block":"29 T1N","pending_permit_count":0.0,"production_trend":null,"production_status":"none","pdp_well_count":0.0,"well_count":0.0,"STArea__":29088923.5293,"ABSTRACT_N":"212","new_permit_count":0.0,"CODE":"212","pud_well_count":0.0,"legal_desc":"T1N BLK 29 SEC 31 A-212"}},{"type":"Feature","geometry":{"type":"Polygon","coordinates":[[[-101.19520156244481,32.33616700067586],[-101.21218101707596,32.33234117673251],[-101.21632014258434,32.34617998392597],[-101.19933822945882,32.35000637865428],[-101.19520156244481,32.33616700067586]]]},"properties":{"Surv_Name":"WASKOM, A B","max_propensity_score":4.0,"top_operator":"MINERAL TECHNOLOGIES,","owner_count":10.0,"ABSTRACT_L":"A-1364","field_name":"Unknown","Surv_Sect":"36","permit_count":0.0,"DESC_":"T&P RR CO","Block":"30 T1N","pending_permit_count":0.0,"production_trend":null,"production_status":"pdp","pdp_well_count":3.0,"well_count":3.0,"STArea__":28182986.0777,"ABSTRACT_N":"1364","new_permit_count":0.0,"CODE":"1364","pud_well_count":0.0,"legal_desc":"T1N BLK 30 SEC 36 A-1364"}},{"type":"Feature","geometry":{"type":"Polygon","coordinates":[[[-101.21218101707596,32.33234117673251],[-101.22820171347678,32.32882158892043],[-101.23250154915718,32.34267688432028],[-101.21632014258434,32.34617998392597],[-101.21218101707596,32.33234117673251]]]},"properties":{"Surv_Name":null,"max_propensity_score":0.0,"top_operator":"","owner_count":0.0,"ABSTRACT_L":"A-240","field_name":"Unknown","Surv_Sect":"35","permit_count":0.0,"DESC_":"T&P RR CO","Block":"30 T1N","pending_permit_count":0.0,"production_trend":null,"production_status":"pdp","pdp_well_count":2.0,"well_count":2.0,"STArea__":26716547.0225,"ABSTRACT_N":"240","new_permit_count":0.0,"CODE":"240","pud_well_count":0.0,"legal_desc":"T1N BLK 30 SEC 35 A-240"}},{"type":"Feature","geometry":{"type":"Polygon","coordinates":[[[-101.25355301848401,32.35315201196452],[-101.24906670178922,32.339088232041156],[-101.26555460000127,32.33562356879077],[-101.26982598154008,32.34946699505798],[-101.26986980699007,32.349627691331335],[-101.27008076969649,32.34958321149292],[-101.25355301848401,32.35315201196452]]]},"properties":{"Surv_Name":"WASKOM, A B","max_propensity_score":0.0,"top_operator":"","owner_count":0.0,"ABSTRACT_L":"A-1361","field_name":"Unknown","Surv_Sect":"28","permit_count":0.0,"DESC_":"T&P RR CO","Block":"30 T1N","pending_permit_count":0.0,"production_trend":null,"production_status":"pdp","pdp_well_count":6.0,"well_count":6.0,"STArea__":27596345.0349,"ABSTRACT_N":"1361","new_permit_count":0.0,"CODE":"1361","pud_well_count":0.0,"legal_desc":"T1N BLK 30 SEC 28 A-1361"}},{"type":"Feature","geometry":{"type":"Polygon","coordinates":[[[-101.22820171347678,32.32882158892043],[-101.2446402921926,32.32520775169835],[-101.24906670178922,32.339088232041156],[-101.23250154915718,32.34267688432028],[-101.22820171347678,32.32882158892043]]]},"properties":{"Surv_Name":"WASKOM, A B","max_propensity_score":5.0,"top_operator":"PALADIN PETROLEUM III,","owner_count":31.0,"ABSTRACT_L":"A-1363","field_name":"Unknown","Surv_Sect":"34","permit_count":0.0,"DESC_":"T&P RR CO","Block":"30 T1N","pending_permit_count":0.0,"production_trend":null,"production_status":"pdp","pdp_well_count":4.0,"well_count":4.0,"STArea__":27480662.331,"ABSTRACT_N":"1363","new_permit_count":0.0,"CODE":"1363","pud_well_count":0.0,"legal_desc":"T1N BLK 30 SEC 34 A-1363"}},{"type":"Feature","geometry":{"type":"Polygon","coordinates":[[[-101.20793819542929,32.3181510726009],[-101.22382611925806,32.31471761714275],[-101.22820171347678,32.32882158892043],[-101.21218101707596,32.33234117673251],[-101.20793819542929,32.3181510726009]]]},"properties":{"Surv_Name":"WASKOM, A B","max_propensity_score":0.0,"top_operator":"","owner_count":0.0,"ABSTRACT_L":"A-1362","field_name":"Unknown","Surv_Sect":"38","permit_count":0.0,"DESC_":"T&P RR CO","Block":"30 T1N","pending_permit_count":0.0,"production_trend":null,"production_status":"pdp","pdp_well_count":1.0,"well_count":1.0,"STArea__":27048824.2751,"ABSTRACT_N":"1362","new_permit_count":0.0,"CODE":"1362","pud_well_count":0.0,"legal_desc":"T1N BLK 30 SEC 38 A-1362"}},{"type":"Feature","geometry":{"type":"Polygon","coordinates":[[[-101.23162999327846,32.31303031953351],[-101.2401694316188,32.311183345729646],[-101.2446402921926,32.32520775169835],[-101.22820171347678,32.32882158892043],[-101.22382611925806,32.31471761714275],[-101.23162999327846,32.31303031953351]]]},"properties":{"Surv_Name":null,"max_propensity_score":4.0,"top_operator":"PALADIN PETROLEUM III,","owner_count":10.0,"ABSTRACT_L":"A-242","field_name":"Unknown","Surv_Sect":"39","permit_count":0.0,"DESC_":"T&P RR CO","Block":"30 T1N","pending_permit_count":0.0,"production_trend":null,"production_status":"pdp","pdp_well_count":6.0,"well_count":6.0,"STArea__":27684534.77,"ABSTRACT_N":"242","new_permit_count":0.0,"CODE":"242","pud_well_count":0.0,"legal_desc":"T1N BLK 30 SEC 39 A-242"}},{"type":"Feature","geometry":{"type":"Polygon","coordinates":[[[-101.20376715685786,32.30419652124118],[-101.21948141303639,32.300708656722925],[-101.22382611925806,32.31471761714275],[-101.20793819542929,32.3181510726009],[-101.20376715685786,32.30419652124118]]]},"properties":{"Surv_Name":null,"max_propensity_score":0.0,"top_operator":"","owner_count":0.0,"ABSTRACT_L":"A-246","field_name":"Unknown","Surv_Sect":"47","permit_count":0.0,"DESC_":"T&P RR CO","Block":"30 T1N","pending_permit_count":0.0,"production_trend":null,"production_status":"pdp","pdp_well_count":14.0,"well_count":14.0,"STArea__":26488272.3045,"ABSTRACT_N":"246","new_permit_count":0.0,"CODE":"246","pud_well_count":0.0,"legal_desc":"T1N BLK 30 SEC 47 A-246"}},{"type":"Feature","geometry":{"type":"Polygon","coordinates":[[[-101.21508696153565,32.286729289122924],[-101.23163629713986,32.28298513977099],[-101.23576031608346,32.29709307439052],[-101.2275905660293,32.29890789946361],[-101.21948141303639,32.300708656722925],[-101.2172676041391,32.29366709217258],[-101.21508696153565,32.286729289122924]]]},"properties":{"Surv_Name":null,"max_propensity_score":6.0,"top_operator":"SABINAL ENERGY OPERATI","owner_count":46.0,"ABSTRACT_L":"A-248","field_name":"Unknown","Surv_Sect":"3","permit_count":0.0,"DESC_":"T&P RR CO","Block":"30 T1S","pending_permit_count":0.0,"production_trend":null,"production_status":"pdp","pdp_well_count":145.0,"well_count":145.0,"STArea__":27676892.9047,"ABSTRACT_N":"248","new_permit_count":0.0,"CODE":"248","pud_well_count":0.0,"legal_desc":"T1S BLK 30 SEC 3 A-248"}},{"type":"Feature","geometry":{"type":"Polygon","coordinates":[[[-101.19528012082492,32.2759675946355],[-101.21074545550395,32.272348388000566],[-101.21082826130072,32.27262192004656],[-101.21508696153565,32.286729289122924],[-101.19953065396803,32.290107689948485],[-101.19528012082492,32.2759675946355]]]},"properties":{"Surv_Name":null,"max_propensity_score":5.0,"top_operator":"GRAYROCK ENERGY II, LL","owner_count":12.0,"ABSTRACT_L":"A-252","field_name":"Unknown","Surv_Sect":"11","permit_count":0.0,"DESC_":"T&P RR CO","Block":"30 T1S","pending_permit_count":0.0,"production_trend":null,"production_status":"pdp","pdp_well_count":165.0,"well_count":165.0,"STArea__":26559940.9169,"ABSTRACT_N":"252","new_permit_count":0.0,"CODE":"252","pud_well_count":0.0,"legal_desc":"T1S BLK 30 SEC 11 A-252"}},{"type":"Feature","geometry":{"type":"Polygon","coordinates":[[[-101.24803755689143,32.279272846812546],[-101.26470679587715,32.275636533180425],[-101.26912659927389,32.289774554052144],[-101.2523303845016,32.29344765875542],[-101.24803755689143,32.279272846812546]]]},"properties":{"Surv_Name":null,"max_propensity_score":5.0,"top_operator":"BASA RESOURCES, INC.","owner_count":34.0,"ABSTRACT_L":"A-249","field_name":"Unknown","Surv_Sect":"5","permit_count":0.0,"DESC_":"T&P RR CO","Block":"30 T1S","pending_permit_count":0.0,"production_trend":null,"production_status":"pdp","pdp_well_count":133.0,"well_count":133.0,"STArea__":28422165.2885,"ABSTRACT_N":"249","new_permit_count":0.0,"CODE":"249","pud_well_count":0.0,"legal_desc":"T1S BLK 30 SEC 5 A-249"}},{"type":"Feature","geometry":{"type":"Polygon","coordinates":[[[-101.21082826130072,32.27262192004656],[-101.2274367710666,32.26879327520299],[-101.23163629713986,32.28298513977099],[-101.21508696153565,32.286729289122924],[-101.21082826130072,32.27262192004656]]]},"properties":{"Surv_Name":"WASKOM, S E JR","max_propensity_score":7.0,"top_operator":"GRAYROCK ENERGY II, LL","owner_count":229.0,"ABSTRACT_L":"A-1365","field_name":"Unknown","Surv_Sect":"10","permit_count":0.0,"DESC_":"T&P RR CO","Block":"30 T1S","pending_permit_count":0.0,"production_trend":null,"production_status":"pdp","pdp_well_count":98.0,"well_count":98.0,"STArea__":28177181.4234,"ABSTRACT_N":"1365","new_permit_count":0.0,"CODE":"1365","pud_well_count":0.0,"legal_desc":"T1S BLK 30 SEC 10 A-1365"}},{"type":"Feature","geometry":{"type":"Polygon","coordinates":[[[-101.2274367710666,32.26879327520299],[-101.2438884803938,32.265314678337],[-101.24803755689143,32.279272846812546],[-101.23163629713986,32.28298513977099],[-101.2274367710666,32.26879327520299]]]},"properties":{"Surv_Name":null,"max_propensity_score":5.0,"top_operator":"BAYLOR OPERATING, LLC","owner_count":39.0,"ABSTRACT_L":"A-251","field_name":"Unknown","Surv_Sect":"9","permit_count":0.0,"DESC_":"T&P RR CO","Block":"30 T1S","pending_permit_count":0.0,"production_trend":null,"production_status":"pdp","pdp_well_count":79.0,"well_count":79.0,"STArea__":27685074.3349,"ABSTRACT_N":"251","new_permit_count":0.0,"CODE":"251","pud_well_count":0.0,"legal_desc":"T1S BLK 30 SEC 9 A-251"}},{"type":"Feature","geometry":{"type":"Polygon","coordinates":[[[-101.18030067225446,32.2641314132433],[-101.19072709709619,32.261824759455116],[-101.19528012082492,32.2759675946355],[-101.188699013905,32.27719661945039],[-101.17990942107326,32.279197184398065],[-101.18030067225446,32.2641314132433]]]},"properties":{"Surv_Name":null,"max_propensity_score":7.0,"top_operator":"WINN OPERATING, LLC","owner_count":75.0,"ABSTRACT_L":"A-253","field_name":"Unknown","Surv_Sect":"13","permit_count":0.0,"DESC_":"T&P RR CO","Block":"30 T1S","pending_permit_count":0.0,"production_trend":null,"production_status":"pdp","pdp_well_count":62.0,"well_count":62.0,"STArea__":21697052.3428,"ABSTRACT_N":"253","new_permit_count":0.0,"CODE":"253","pud_well_count":0.0,"legal_desc":"T1S BLK 30 SEC 13 A-253"}},{"type":"Feature","geometry":{"type":"Polygon","coordinates":[[[-101.19072709709619,32.261824759455116],[-101.2060861837185,32.25844025115397],[-101.21074545550395,32.272348388000566],[-101.19528012082492,32.2759675946355],[-101.19072709709619,32.261824759455116]]]},"properties":{"Surv_Name":"WASKOM, S E JR","max_propensity_score":6.0,"top_operator":"WALSH & WATTS, INC.","owner_count":154.0,"ABSTRACT_L":"A-1368","field_name":"Unknown","Surv_Sect":"14","permit_count":0.0,"DESC_":"T&P RR CO","Block":"30 T1S","pending_permit_count":0.0,"production_trend":null,"production_status":"pdp","pdp_well_count":72.0,"well_count":72.0,"STArea__":26122155.8604,"ABSTRACT_N":"1368","new_permit_count":0.0,"CODE":"1368","pud_well_count":0.0,"legal_desc":"T1S BLK 30 SEC 14 A-1368"}},{"type":"Feature","geometry":{"type":"Polygon","coordinates":[[[-101.2060861837185,32.25844025115397],[-101.22314473141763,32.25469232978084],[-101.2274367710666,32.26879327520299],[-101.21082826130072,32.27262192004656],[-101.21074545550395,32.272348388000566],[-101.2060861837185,32.25844025115397]]]},"properties":{"Surv_Name":null,"max_propensity_score":4.0,"top_operator":"WALSH & WATTS, INC.","owner_count":32.0,"ABSTRACT_L":"A-254","field_name":"Unknown","Surv_Sect":"15","permit_count":0.0,"DESC_":"T&P RR CO","Block":"30 T1S","pending_permit_count":0.0,"production_trend":null,"production_status":"pdp","pdp_well_count":81.0,"well_count":81.0,"STArea__":28687742.8778,"ABSTRACT_N":"254","new_permit_count":0.0,"CODE":"254","pud_well_count":0.0,"legal_desc":"T1S BLK 30 SEC 15 A-254"}},{"type":"Feature","geometry":{"type":"Polygon","coordinates":[[[-101.22314473141763,32.25469232978084],[-101.23974628130149,32.25125278477339],[-101.2438884803938,32.265314678337],[-101.2274367710666,32.26879327520299],[-101.22314473141763,32.25469232978084]]]},"properties":{"Surv_Name":"WASKOM, S E JR","max_propensity_score":7.0,"top_operator":"WALSH & WATTS, INC.","owner_count":159.0,"ABSTRACT_L":"A-1366","field_name":"Unknown","Surv_Sect":"16","permit_count":0.0,"DESC_":"T&P RR CO","Block":"30 T1S","pending_permit_count":0.0,"production_trend":null,"production_status":"pdp","pdp_well_count":82.0,"well_count":82.0,"STArea__":27812521.5541,"ABSTRACT_N":"1366","new_permit_count":0.0,"CODE":"1366","pud_well_count":0.0,"legal_desc":"T1S BLK 30 SEC 16 A-1366"}},{"type":"Feature","geometry":{"type":"Polygon","coordinates":[[[-101.64600558851522,32.25090451511004],[-101.66279542359632,32.2471304327044],[-101.66689481115154,32.261192253447646],[-101.65830406849733,32.26311789430991],[-101.65038220232174,32.26489300227958],[-101.64821577743352,32.257969263538115],[-101.64600558851522,32.25090451511004]]]},"properties":{"Surv_Name":"ROSS, E M","max_propensity_score":10.0,"top_operator":"OXYROCK OPERATING, LLC","owner_count":512.0,"ABSTRACT_L":"A-1342","field_name":"Unknown","Surv_Sect":"14","permit_count":0.0,"DESC_":"T&P RR CO","Block":"34 T1N","pending_permit_count":0.0,"production_trend":null,"production_status":"pdp","pdp_well_count":15.0,"well_count":15.0,"STArea__":28046506.6931,"ABSTRACT_N":"1342","new_permit_count":0.0,"CODE":"1342","pud_well_count":0.0,"legal_desc":"T1N BLK 34 SEC 14 A-1342"}},{"type":"Feature","geometry":{"type":"Polygon","coordinates":[[[-101.64155593303342,32.23667793200141],[-101.6585063873764,32.23288741387786],[-101.66279542359632,32.2471304327044],[-101.64600558851522,32.25090451511004],[-101.64155593303342,32.23667793200141]]]},"properties":{"Surv_Name":null,"max_propensity_score":8.0,"top_operator":"OXYROCK OPERATING, LLC","owner_count":51.0,"ABSTRACT_L":"A-390","field_name":"Unknown","Surv_Sect":"19","permit_count":0.0,"DESC_":"T&P RR CO","Block":"34 T1N","pending_permit_count":0.0,"production_trend":null,"production_status":"pdp","pdp_well_count":11.0,"well_count":11.0,"STArea__":28871471.2698,"ABSTRACT_N":"390","new_permit_count":0.0,"CODE":"390","pud_well_count":0.0,"legal_desc":"T1N BLK 34 SEC 19 A-390"}},{"type":"Feature","geometry":{"type":"Polygon","coordinates":[[[-101.62549027281891,32.24026814780123],[-101.64155593303342,32.23667793200141],[-101.64600558851522,32.25090451511004],[-101.62976121502106,32.254448910345566],[-101.62964081375736,32.25446793205553],[-101.62945234695128,32.2538053258876],[-101.62553650612465,32.240429290628434],[-101.62549027281891,32.24026814780123]]]},"properties":{"Surv_Name":"ROSS, E M","max_propensity_score":5.0,"top_operator":"PIONEER NATURAL RES. U","owner_count":72.0,"ABSTRACT_L":"A-1344","field_name":"Unknown","Surv_Sect":"20","permit_count":0.0,"DESC_":"T&P RR CO","Block":"34 T1N","pending_permit_count":0.0,"production_trend":null,"production_status":"pdp","pdp_well_count":25.0,"well_count":25.0,"STArea__":27656499.2567,"ABSTRACT_N":"1344","new_permit_count":0.0,"CODE":"1344","pud_well_count":0.0,"legal_desc":"T1N BLK 34 SEC 20 A-1344"}},{"type":"Feature","geometry":{"type":"Polygon","coordinates":[[[-101.61717985319653,32.24213782147729],[-101.62549027281891,32.24026814780123],[-101.62553650612465,32.240429290628434],[-101.62878248676037,32.251517457733854],[-101.62945234695128,32.2538053258876],[-101.62949955841214,32.253971310444605],[-101.62964081375736,32.25446793205553],[-101.62957148566045,32.254482171523335],[-101.62843345080911,32.25471590498619],[-101.62834887210114,32.2547332752258],[-101.62833944072337,32.25473521191719],[-101.62698748424809,32.255012866443835],[-101.6267767734209,32.255056139083464],[-101.62140576299649,32.25636666809468],[-101.61299645697606,32.25818962067623],[-101.60888300829765,32.24386518178886],[-101.61717985319653,32.24213782147729]]]},"properties":{"Surv_Name":null,"max_propensity_score":8.0,"top_operator":"OXYROCK OPERATING, LLC","owner_count":1656.0,"ABSTRACT_L":"A-391","field_name":"Unknown","Surv_Sect":"21","permit_count":0.0,"DESC_":"T&P RR CO","Block":"34 T1N","pending_permit_count":0.0,"production_trend":null,"production_status":"pdp","pdp_well_count":47.0,"well_count":47.0,"STArea__":28329508.6862,"ABSTRACT_N":"391","new_permit_count":0.0,"CODE":"391","pud_well_count":0.0,"legal_desc":"T1N BLK 34 SEC 21 A-391"}},{"type":"Feature","geometry":{"type":"Polygon","coordinates":[[[-101.60866307735333,32.24402127025003],[-101.60888300829765,32.24386518178886],[-101.61299645697606,32.25818962067623],[-101.59663856453001,32.261850271843336],[-101.59225274609538,32.24769361520032],[-101.60866307735333,32.24402127025003]]]},"properties":{"Surv_Name":"ROBERTSON, W C / SCOTT, W","max_propensity_score":10.0,"top_operator":"OXYROCK OPERATING, LLC","owner_count":340.0,"ABSTRACT_L":"A-1694","field_name":"Unknown","Surv_Sect":"22","permit_count":0.0,"DESC_":"T&P RR CO","Block":"34 T1N","pending_permit_count":0.0,"production_trend":null,"production_status":"pdp","pdp_well_count":29.0,"well_count":29.0,"STArea__":28108869.3448,"ABSTRACT_N":"1694","new_permit_count":0.0,"CODE":"1694","pud_well_count":0.0,"legal_desc":"T1N BLK 34 SEC 22 A-1694"}},{"type":"Feature","geometry":{"type":"Polygon","coordinates":[[[-101.57568601469809,32.251510829401745],[-101.59225274609538,32.24769361520032],[-101.59663856453001,32.261850271843336],[-101.58007854329344,32.26555364671422],[-101.57568601469809,32.251510829401745]]]},"properties":{"Surv_Name":null,"max_propensity_score":8.0,"top_operator":"OVINTIV USA INC.","owner_count":150.0,"ABSTRACT_L":"A-557","field_name":"Unknown","Surv_Sect":"8","permit_count":0.0,"DESC_":"BAUER & COCKRELL","Block":"A","pending_permit_count":0.0,"production_trend":null,"production_status":"pdp","pdp_well_count":11.0,"well_count":11.0,"STArea__":28121516.3147,"ABSTRACT_N":"557","new_permit_count":0.0,"CODE":"557","pud_well_count":0.0,"legal_desc":"BAUER & COCKRELL A-557"}},{"type":"Feature","geometry":{"type":"Polygon","coordinates":[[[-101.57131224404023,32.2375234489169],[-101.58792129733207,32.23381302363341],[-101.59225274609538,32.24769361520032],[-101.57568601469809,32.251510829401745],[-101.57131224404023,32.2375234489169]]]},"properties":{"Surv_Name":null,"max_propensity_score":8.0,"top_operator":"SOUTHSTONE ENERGY, LLC","owner_count":108.0,"ABSTRACT_L":"A-552","field_name":"Unknown","Surv_Sect":"3","permit_count":0.0,"DESC_":"BAUER & COCKRELL","Block":"A","pending_permit_count":0.0,"production_trend":null,"production_status":"pdp","pdp_well_count":25.0,"well_count":25.0,"STArea__":27841845.5244,"ABSTRACT_N":"552","new_permit_count":0.0,"CODE":"552","pud_well_count":0.0,"legal_desc":"BAUER & COCKRELL A-552"}},{"type":"Feature","geometry":{"type":"Polygon","coordinates":[[[-101.55478340614575,32.24124823410336],[-101.57131224404023,32.2375234489169],[-101.57568601469809,32.251510829401745],[-101.55912920678182,32.25532321437083],[-101.55478340614575,32.24124823410336]]]},"properties":{"Surv_Name":null,"max_propensity_score":8.0,"top_operator":"PIONEER NATURAL RES. U","owner_count":226.0,"ABSTRACT_L":"A-553","field_name":"Unknown","Surv_Sect":"4","permit_count":0.0,"DESC_":"BAUER & COCKRELL","Block":"A","pending_permit_count":0.0,"production_trend":null,"production_status":"pdp","pdp_well_count":8.0,"well_count":8.0,"STArea__":27956251.6919,"ABSTRACT_N":"553","new_permit_count":0.0,"CODE":"553","pud_well_count":0.0,"legal_desc":"BAUER & COCKRELL A-553"}},{"type":"Feature","geometry":{"type":"Polygon","coordinates":[[[-101.50504778247283,32.25238155856472],[-101.50592416111714,32.25218747625046],[-101.52178190691778,32.24862819180634],[-101.52442413355179,32.2576426104346],[-101.5259621742423,32.26288904182844],[-101.50933348827435,32.2663914989421],[-101.50681234272233,32.258089995305404],[-101.50508266483128,32.25247896789351],[-101.50504778247283,32.25238155856472]]]},"properties":{"Surv_Name":null,"max_propensity_score":7.0,"top_operator":"OXY USA INC.","owner_count":166.0,"ABSTRACT_L":"A-315","field_name":"Unknown","Surv_Sect":"27","permit_count":0.0,"DESC_":"T&P RR CO","Block":"33 T1N","pending_permit_count":0.0,"production_trend":null,"production_status":"pdp","pdp_well_count":20.0,"well_count":20.0,"STArea__":28227826.9296,"ABSTRACT_N":"315","new_permit_count":0.0,"CODE":"315","pud_well_count":0.0,"legal_desc":"T1N BLK 33 SEC 27 A-315"}},{"type":"Feature","geometry":{"type":"Polygon","coordinates":[[[-101.50869444502804,32.236398420869286],[-101.51739090676321,32.23444588900312],[-101.51781486822507,32.23581542648276],[-101.52178190691778,32.24862819180634],[-101.51793248066953,32.249492411886884],[-101.51791676887916,32.24949593877187],[-101.51763397556464,32.249559422796054],[-101.51761826375073,32.24956294964315],[-101.51371163190727,32.250439862012186],[-101.51228663421753,32.25075969245052],[-101.50636163881569,32.25208931554692],[-101.50592416111714,32.25218747625046],[-101.50504778247283,32.25238155856472],[-101.50505458126665,32.252163772665185],[-101.50302706328858,32.24526722873676],[-101.502458781871,32.24333403898689],[-101.50202122189135,32.24191166010009],[-101.50182419866448,32.241271183745994],[-101.50182347523311,32.241268832195026],[-101.50177191574682,32.241101221847586],[-101.50172035757532,32.240933613258164],[-101.5016687985065,32.24076600377394],[-101.50164960909157,32.24070362044297],[-101.50164301849918,32.240682198586846],[-101.50158308618789,32.24042931815994],[-101.50141240948744,32.23990494527062],[-101.50105877928705,32.23878288112152],[-101.50086585390426,32.238155679036005],[-101.50869444502804,32.236398420869286]]]},"properties":{"Surv_Name":null,"max_propensity_score":0.0,"top_operator":"","owner_count":0.0,"ABSTRACT_L":"A-317","field_name":"Unknown","Surv_Sect":"31","permit_count":0.0,"DESC_":"T&P RR CO","Block":"33 T1N","pending_permit_count":0.0,"production_trend":null,"production_status":"pdp","pdp_well_count":5.0,"well_count":5.0,"STArea__":28277613.1453,"ABSTRACT_N":"317","new_permit_count":0.0,"CODE":"317","pud_well_count":0.0,"legal_desc":"T1N BLK 33 SEC 31 A-317"}},{"type":"Feature","geometry":{"type":"Polygon","coordinates":[[[-101.51739090676321,32.23444588900312],[-101.53375365893353,32.2304334652413],[-101.5382445908061,32.24493067739817],[-101.52178190691778,32.24862819180634],[-101.51739090676321,32.23444588900312]]]},"properties":{"Surv_Name":"PHILLIPS, J J JR","max_propensity_score":7.0,"top_operator":"OXY USA INC.","owner_count":720.0,"ABSTRACT_L":"A-1080","field_name":"Unknown","Surv_Sect":"30","permit_count":0.0,"DESC_":"T&P RR CO","Block":"33 T1N","pending_permit_count":0.0,"production_trend":null,"production_status":"pdp","pdp_well_count":26.0,"well_count":26.0,"STArea__":28400301.9403,"ABSTRACT_N":"1080","new_permit_count":0.0,"CODE":"1080","pud_well_count":0.0,"legal_desc":"T1N BLK 33 SEC 30 A-1080"}},{"type":"Feature","geometry":{"type":"Polygon","coordinates":[[[-101.58792129733207,32.23381302363341],[-101.60425704564261,32.23013825924301],[-101.60866307735333,32.24402127025003],[-101.59225274609538,32.24769361520032],[-101.58792129733207,32.23381302363341]]]},"properties":{"Surv_Name":null,"max_propensity_score":10.0,"top_operator":"OXYROCK OPERATING, LLC","owner_count":1183.0,"ABSTRACT_L":"A-392","field_name":"Unknown","Surv_Sect":"23","permit_count":0.0,"DESC_":"T&P RR CO","Block":"34 T1N","pending_permit_count":0.0,"production_trend":null,"production_status":"pdp","pdp_well_count":46.0,"well_count":46.0,"STArea__":27372603.1346,"ABSTRACT_N":"392","new_permit_count":0.0,"CODE":"392","pud_well_count":0.0,"legal_desc":"T1N BLK 34 SEC 23 A-392"}},{"type":"Feature","geometry":{"type":"Polygon","coordinates":[[[-101.53375365893353,32.2304334652413],[-101.55047645361346,32.226835882332395],[-101.55070405715985,32.22758284772081],[-101.55286411943116,32.23467126886153],[-101.55295585044131,32.23497226436863],[-101.55466120022217,32.240853397880784],[-101.55478340614575,32.24124823410336],[-101.5537664825992,32.24147556158166],[-101.5405408170603,32.24441474724071],[-101.5393442390175,32.244683607782676],[-101.5382445908061,32.24493067739817],[-101.53375365893353,32.2304334652413]]]},"properties":{"Surv_Name":null,"max_propensity_score":10.0,"top_operator":"OXY USA INC","owner_count":637.0,"ABSTRACT_L":"A-316","field_name":"Unknown","Surv_Sect":"29","permit_count":0.0,"DESC_":"T&P RR CO","Block":"33 T1N","pending_permit_count":0.0,"production_trend":null,"production_status":"pdp","pdp_well_count":31.0,"well_count":31.0,"STArea__":28876837.154,"ABSTRACT_N":"316","new_permit_count":0.0,"CODE":"316","pud_well_count":0.0,"legal_desc":"T1N BLK 33 SEC 29 A-316"}},{"type":"Feature","geometry":{"type":"Polygon","coordinates":[[[-101.62113358088597,32.22632430766371],[-101.6372680490254,32.222608662215556],[-101.64155593303342,32.23667793200141],[-101.62549027281891,32.24026814780123],[-101.62113358088597,32.22632430766371]]]},"properties":{"Surv_Name":null,"max_propensity_score":3.0,"top_operator":"HIGH DESERT RESOURCES,","owner_count":9.0,"ABSTRACT_L":"A-393","field_name":"Unknown","Surv_Sect":"25","permit_count":0.0,"DESC_":"T&P RR CO","Block":"34 T1N","pending_permit_count":0.0,"production_trend":null,"production_status":"pdp","pdp_well_count":38.0,"well_count":38.0,"STArea__":27145331.1511,"ABSTRACT_N":"393","new_permit_count":0.0,"CODE":"393","pud_well_count":0.0,"legal_desc":"T1N BLK 34 SEC 25 A-393"}},{"type":"Feature","geometry":{"type":"Polygon","coordinates":[[[-101.55047645361346,32.226835882332395],[-101.56689481852534,32.22339187001922],[-101.56699858846572,32.223723888250895],[-101.57131224404023,32.2375234489169],[-101.55478340614575,32.24124823410336],[-101.55466120022217,32.240853397880784],[-101.55295585044131,32.23497226436863],[-101.55286411943116,32.23467126886153],[-101.55070405715985,32.22758284772081],[-101.55047645361346,32.226835882332395]]]},"properties":{"Surv_Name":null,"max_propensity_score":8.0,"top_operator":"PIONEER NATURAL RES. U","owner_count":497.0,"ABSTRACT_L":"A-550","field_name":"Unknown","Surv_Sect":"1","permit_count":0.0,"DESC_":"BAUER & COCKRELL","Block":"A","pending_permit_count":0.0,"production_trend":null,"production_status":"pdp","pdp_well_count":40.0,"well_count":40.0,"STArea__":28171868.2808,"ABSTRACT_N":"550","new_permit_count":0.0,"CODE":"550","pud_well_count":0.0,"legal_desc":"BAUER & COCKRELL A-550"}},{"type":"Feature","geometry":{"type":"Polygon","coordinates":[[[-101.6372680490254,32.222608662215556],[-101.65429428737042,32.21889533343461],[-101.6585063873764,32.23288741387786],[-101.64155593303342,32.23667793200141],[-101.6372680490254,32.222608662215556]]]},"properties":{"Surv_Name":"WHITE, MRS M E","max_propensity_score":8.0,"top_operator":"OXYROCK OPERATING, LLC","owner_count":16.0,"ABSTRACT_L":"A-1426","field_name":"Unknown","Surv_Sect":"26","permit_count":0.0,"DESC_":"T&P RR CO","Block":"34 T1N","pending_permit_count":0.0,"production_trend":null,"production_status":"pdp","pdp_well_count":38.0,"well_count":38.0,"STArea__":28609930.4189,"ABSTRACT_N":"1426","new_permit_count":0.0,"CODE":"1426","pud_well_count":0.0,"legal_desc":"T1N BLK 34 SEC 26 A-1426"}},{"type":"Feature","geometry":{"type":"Polygon","coordinates":[[[-101.56689481852534,32.22339187001922],[-101.58356195523068,32.219838547128575],[-101.58792129733207,32.23381302363341],[-101.57131224404023,32.2375234489169],[-101.56699858846572,32.223723888250895],[-101.56689481852534,32.22339187001922]]]},"properties":{"Surv_Name":null,"max_propensity_score":8.0,"top_operator":"FREE REIN OPERATING LL","owner_count":110.0,"ABSTRACT_L":"A-551","field_name":"Unknown","Surv_Sect":"2","permit_count":0.0,"DESC_":"BAUER & COCKRELL","Block":"A","pending_permit_count":0.0,"production_trend":null,"production_status":"pdp","pdp_well_count":22.0,"well_count":22.0,"STArea__":28097773.6269,"ABSTRACT_N":"551","new_permit_count":0.0,"CODE":"551","pud_well_count":0.0,"legal_desc":"BAUER & COCKRELL A-551"}},{"type":"Feature","geometry":{"type":"Polygon","coordinates":[[[-101.47987494207099,32.227942566113505],[-101.49644300273006,32.22413173863655],[-101.50064463910549,32.23820453055347],[-101.48417942021739,32.24174494863026],[-101.4820701460319,32.23496142815828],[-101.47987494207099,32.227942566113505]]]},"properties":{"Surv_Name":null,"max_propensity_score":0.0,"top_operator":"","owner_count":0.0,"ABSTRACT_L":"A-358","field_name":"Unknown","Surv_Sect":"1","permit_count":0.0,"DESC_":"T&P RR CO","Block":"33 T1S","pending_permit_count":0.0,"production_trend":null,"production_status":"pdp","pdp_well_count":3.0,"well_count":3.0,"STArea__":27650509.4732,"ABSTRACT_N":"358","new_permit_count":0.0,"CODE":"358","pud_well_count":0.0,"legal_desc":"T1S BLK 33 SEC 1 A-358"}},{"type":"Feature","geometry":{"type":"Polygon","coordinates":[[[-101.58356195523068,32.219838547128575],[-101.59994746949367,32.21625150093786],[-101.60425704564261,32.23013825924301],[-101.58792129733207,32.23381302363341],[-101.58356195523068,32.219838547128575]]]},"properties":{"Surv_Name":"RUSSELL, W C","max_propensity_score":10.0,"top_operator":"PIONEER NATURAL RES. U","owner_count":1184.0,"ABSTRACT_L":"A-1349","field_name":"Unknown","Surv_Sect":"34","permit_count":0.0,"DESC_":"T&P RR CO","Block":"34 T1N","pending_permit_count":0.0,"production_trend":null,"production_status":"pdp","pdp_well_count":31.0,"well_count":31.0,"STArea__":27412412.3221,"ABSTRACT_N":"1349","new_permit_count":0.0,"CODE":"1349","pud_well_count":0.0,"legal_desc":"T1N BLK 34 SEC 34 A-1349"}},{"type":"Feature","geometry":{"type":"Polygon","coordinates":[[[-101.51308351113818,32.22054863068454],[-101.52951413684606,32.21684555706259],[-101.53375365893353,32.2304334652413],[-101.51739090676321,32.23444588900312],[-101.51308351113818,32.22054863068454]]]},"properties":{"Surv_Name":null,"max_propensity_score":2.0,"top_operator":"HALL OIL AND GAS LLC","owner_count":2.0,"ABSTRACT_L":"A-359","field_name":"Unknown","Surv_Sect":"3","permit_count":0.0,"DESC_":"T&P RR CO","Block":"33 T1S","pending_permit_count":0.0,"production_trend":null,"production_status":"pdp","pdp_well_count":10.0,"well_count":10.0,"STArea__":27206034.6334,"ABSTRACT_N":"359","new_permit_count":0.0,"CODE":"359","pud_well_count":0.0,"legal_desc":"T1S BLK 33 SEC 3 A-359"}},{"type":"Feature","geometry":{"type":"Polygon","coordinates":[[[-101.67069451800343,32.215217625747925],[-101.67497581090743,32.22920193135057],[-101.6585063873764,32.23288741387786],[-101.65429428737042,32.21889533343461],[-101.66671887104867,32.21610925164753],[-101.67069451800343,32.215217625747925]]]},"properties":{"Surv_Name":null,"max_propensity_score":0.0,"top_operator":"","owner_count":0.0,"ABSTRACT_L":"A-534","field_name":"Unknown","Surv_Sect":"27","permit_count":0.0,"DESC_":"T&P RR CO","Block":"34 T1N","pending_permit_count":0.0,"production_trend":null,"production_status":"pdp","pdp_well_count":5.0,"well_count":5.0,"STArea__":27623940.7021,"ABSTRACT_N":"534","new_permit_count":0.0,"CODE":"534","pud_well_count":0.0,"legal_desc":"T1N BLK 34 SEC 27 A-534"}},{"type":"Feature","geometry":{"type":"Polygon","coordinates":[[[-101.60425704564261,32.23013825924301],[-101.59994746949367,32.21625150093786],[-101.61679013967746,32.21241840605434],[-101.62113358088597,32.22632430766371],[-101.61254859970293,32.22831545822957],[-101.60425704564261,32.23013825924301]]]},"properties":{"Surv_Name":null,"max_propensity_score":8.0,"top_operator":"OXYROCK OPERATING, LLC","owner_count":98.0,"ABSTRACT_L":"A-395","field_name":"Unknown","Surv_Sect":"33","permit_count":0.0,"DESC_":"T&P RR CO","Block":"34 T1N","pending_permit_count":0.0,"production_trend":null,"production_status":"pdp","pdp_well_count":28.0,"well_count":28.0,"STArea__":28269222.2293,"ABSTRACT_N":"395","new_permit_count":0.0,"CODE":"395","pud_well_count":0.0,"legal_desc":"T1N BLK 34 SEC 33 A-395"}},{"type":"Feature","geometry":{"type":"Polygon","coordinates":[[[-101.52951413684606,32.21684555706259],[-101.54619356247895,32.21308440872097],[-101.55047645361346,32.226835882332395],[-101.53375365893353,32.2304334652413],[-101.52951413684606,32.21684555706259]]]},"properties":{"Surv_Name":"MOORE, S W","max_propensity_score":8.0,"top_operator":"OXY USA INC.","owner_count":788.0,"ABSTRACT_L":"A-1069","field_name":"Unknown","Surv_Sect":"4","permit_count":0.0,"DESC_":"T&P RR CO","Block":"33 T1S","pending_permit_count":0.0,"production_trend":null,"production_status":"pdp","pdp_well_count":39.0,"well_count":39.0,"STArea__":27450057.7133,"ABSTRACT_N":"1069","new_permit_count":0.0,"CODE":"1069","pud_well_count":0.0,"legal_desc":"T1S BLK 33 SEC 4 A-1069"}},{"type":"Feature","geometry":{"type":"Polygon","coordinates":[[[-101.61679013967746,32.21241840605434],[-101.63357568107321,32.20864108932488],[-101.6372680490254,32.222608662215556],[-101.62113358088597,32.22632430766371],[-101.61679013967746,32.21241840605434]]]},"properties":{"Surv_Name":"RUSSELL, W C","max_propensity_score":3.0,"top_operator":"THREE SPAN OIL & GAS,","owner_count":21.0,"ABSTRACT_L":"A-1346","field_name":"Unknown","Surv_Sect":"32","permit_count":0.0,"DESC_":"T&P RR CO","Block":"34 T1N","pending_permit_count":0.0,"production_trend":null,"production_status":"pdp","pdp_well_count":16.0,"well_count":16.0,"STArea__":27504750.5171,"ABSTRACT_N":"1346","new_permit_count":0.0,"CODE":"1346","pud_well_count":0.0,"legal_desc":"T1N BLK 34 SEC 32 A-1346"}},{"type":"Feature","geometry":{"type":"Polygon","coordinates":[[[-101.54619356247895,32.21308440872097],[-101.56259749256819,32.209418143572854],[-101.5647135509109,32.21633325182107],[-101.56599992211457,32.220528487877665],[-101.56689481852534,32.22339187001922],[-101.55047645361346,32.226835882332395],[-101.54619356247895,32.21308440872097]]]},"properties":{"Surv_Name":null,"max_propensity_score":6.0,"top_operator":"HIGH DESERT RESOURCES,","owner_count":194.0,"ABSTRACT_L":"A-360","field_name":"Unknown","Surv_Sect":"5","permit_count":0.0,"DESC_":"T&P RR CO","Block":"33 T1S","pending_permit_count":0.0,"production_trend":null,"production_status":"pdp","pdp_well_count":39.0,"well_count":39.0,"STArea__":27301286.3362,"ABSTRACT_N":"360","new_permit_count":0.0,"CODE":"360","pud_well_count":0.0,"legal_desc":"T1S BLK 33 SEC 5 A-360"}},{"type":"Feature","geometry":{"type":"Polygon","coordinates":[[[-101.63357568107321,32.20864108932488],[-101.65008931314341,32.20492242590571],[-101.65429428737042,32.21889533343461],[-101.6372680490254,32.222608662215556],[-101.63357568107321,32.20864108932488]]]},"properties":{"Surv_Name":null,"max_propensity_score":0.0,"top_operator":"","owner_count":0.0,"ABSTRACT_L":"A-394","field_name":"Unknown","Surv_Sect":"31","permit_count":0.0,"DESC_":"T&P RR CO","Block":"34 T1N","pending_permit_count":0.0,"production_trend":null,"production_status":"pdp","pdp_well_count":4.0,"well_count":4.0,"STArea__":28012426.8357,"ABSTRACT_N":"394","new_permit_count":0.0,"CODE":"394","pud_well_count":0.0,"legal_desc":"T1N BLK 34 SEC 31 A-394"}},{"type":"Feature","geometry":{"type":"Polygon","coordinates":[[[-101.50812866129704,32.20663335922052],[-101.50867953598677,32.206509244971166],[-101.51007972802,32.210986402660026],[-101.51127524591882,32.21480874130182],[-101.5114875886886,32.21548761347754],[-101.51308351113818,32.22054863068454],[-101.51164336346089,32.220866868070075],[-101.51117814297254,32.220969666153735],[-101.50516042545198,32.222299202708534],[-101.50468246620309,32.222404787582775],[-101.50257572068087,32.222846410012984],[-101.49644300273006,32.22413173863655],[-101.49316127933413,32.21314656659062],[-101.49307598616296,32.2128700485924],[-101.49225319767731,32.21015612146128],[-101.49694223952478,32.20909928758001],[-101.499221327855,32.20859985746815],[-101.50083129626498,32.20824022299614],[-101.50440814129031,32.207466154938345],[-101.50791589031378,32.20668131448163],[-101.50812866129704,32.20663335922052]]]},"properties":{"Surv_Name":null,"max_propensity_score":8.0,"top_operator":"OXY USA INC.","owner_count":200.0,"ABSTRACT_L":"A-363","field_name":"Unknown","Surv_Sect":"11","permit_count":0.0,"DESC_":"T&P RR CO","Block":"33 T1S","pending_permit_count":0.0,"production_trend":null,"production_status":"pdp","pdp_well_count":7.0,"well_count":7.0,"STArea__":27842589.0567,"ABSTRACT_N":"363","new_permit_count":0.0,"CODE":"363","pud_well_count":0.0,"legal_desc":"T1S BLK 33 SEC 11 A-363"}},{"type":"Feature","geometry":{"type":"Polygon","coordinates":[[[-101.58356195523068,32.219838547128575],[-101.5813594982191,32.21270382188612],[-101.57962679175435,32.20709000055723],[-101.5791993811458,32.205705113269715],[-101.5956978223843,32.20201270417695],[-101.59693589407706,32.205826647602834],[-101.59693863734788,32.2058359553957],[-101.59994746949367,32.21625150093786],[-101.58356195523068,32.219838547128575]]]},"properties":{"Surv_Name":null,"max_propensity_score":8.0,"top_operator":"OXYROCK OPERATING, LLC","owner_count":183.0,"ABSTRACT_L":"A-404","field_name":"Unknown","Surv_Sect":"1","permit_count":0.0,"DESC_":"T&P RR CO","Block":"34 T1S","pending_permit_count":0.0,"production_trend":null,"production_status":"pdp","pdp_well_count":19.0,"well_count":19.0,"STArea__":28089745.571,"ABSTRACT_N":"404","new_permit_count":0.0,"CODE":"404","pud_well_count":0.0,"legal_desc":"T1S BLK 34 SEC 1 A-404"}},{"type":"Feature","geometry":{"type":"Polygon","coordinates":[[[-101.52414043336066,32.20301557351156],[-101.52513082026367,32.20279229645575],[-101.52762214160279,32.21078023085925],[-101.52951413684606,32.21684555706259],[-101.51308351113818,32.22054863068454],[-101.5114875886886,32.21548761347754],[-101.51147133067978,32.21543563463132],[-101.51127524591882,32.21480874130182],[-101.51115838547742,32.21443512810148],[-101.51007972802,32.210986402660026],[-101.50999951461813,32.210729928792716],[-101.50867953598677,32.206509244971166],[-101.50873782834832,32.20649604542397],[-101.51406642353157,32.205230035863785],[-101.51446684717621,32.20513963784194],[-101.51682971592585,32.20460618251219],[-101.52414043336066,32.20301557351156]]]},"properties":{"Surv_Name":"WALTHALL, G W","max_propensity_score":2.0,"top_operator":"EARNEST PRODUCING CORP","owner_count":5.0,"ABSTRACT_L":"A-697","field_name":"Unknown","Surv_Sect":"10","permit_count":0.0,"DESC_":"T&P RR CO","Block":"33 T1S","pending_permit_count":0.0,"production_trend":null,"production_status":"pdp","pdp_well_count":26.0,"well_count":26.0,"STArea__":27890044.4577,"ABSTRACT_N":"697","new_permit_count":0.0,"CODE":"697","pud_well_count":0.0,"legal_desc":"T1S BLK 33 SEC 10 A-697"}},{"type":"Feature","geometry":{"type":"Polygon","coordinates":[[[-101.67454087056429,32.199456256356605],[-101.68279801575744,32.19754940950394],[-101.6849594657456,32.204608126691156],[-101.6870823785311,32.21153987497852],[-101.67856179521395,32.21345237712847],[-101.67069451800343,32.215217625747925],[-101.67069446774069,32.21521746554054],[-101.66630571568014,32.201285858834495],[-101.67454087056429,32.199456256356605]]]},"properties":{"Surv_Name":null,"max_propensity_score":7.0,"top_operator":"OXYROCK OPERATING, LLC","owner_count":15.0,"ABSTRACT_L":"A-521","field_name":"Unknown","Surv_Sect":"29","permit_count":0.0,"DESC_":"T&P RR CO","Block":"34 T1N","pending_permit_count":0.0,"production_trend":null,"production_status":"pdp","pdp_well_count":6.0,"well_count":6.0,"STArea__":27603957.8553,"ABSTRACT_N":"521","new_permit_count":0.0,"CODE":"521","pud_well_count":0.0,"legal_desc":"T1N BLK 34 SEC 29 A-521"}},{"type":"Feature","geometry":{"type":"Polygon","coordinates":[[[-101.6078374237756,32.19925644033898],[-101.61238164992938,32.19831420794188],[-101.61251390651785,32.198723315887214],[-101.61679013967746,32.21241840605434],[-101.59994746949367,32.21625150093786],[-101.59820070116555,32.21020509160356],[-101.59805478488335,32.20969996651498],[-101.59752559635469,32.207868000629865],[-101.59693863734788,32.2058359553957],[-101.59693589407706,32.205826647602834],[-101.59606317934109,32.20313823941113],[-101.5960631317769,32.20313809174034],[-101.59597368802743,32.20286255072912],[-101.5956978223843,32.20201270417695],[-101.596068024831,32.20192982307512],[-101.5979428803055,32.20151005890576],[-101.59858089129887,32.2013674631902],[-101.6078374237756,32.19925644033898]]]},"properties":{"Surv_Name":"HORN, C M","max_propensity_score":4.0,"top_operator":"EARNEST PRODUCING CORP","owner_count":8.0,"ABSTRACT_L":"A-1401","field_name":"Unknown","Surv_Sect":"2","permit_count":0.0,"DESC_":"T&P RR CO","Block":"34 T1S","pending_permit_count":0.0,"production_trend":null,"production_status":"pdp","pdp_well_count":29.0,"well_count":29.0,"STArea__":28545480.5028,"ABSTRACT_N":"1401","new_permit_count":0.0,"CODE":"1401","pud_well_count":0.0,"legal_desc":"T1S BLK 34 SEC 2 A-1401"}},{"type":"Feature","geometry":{"type":"Polygon","coordinates":[[[-101.52513082026367,32.20279229645575],[-101.54192161091959,32.19900722039114],[-101.54619356247895,32.21308440872097],[-101.52951413684606,32.21684555706259],[-101.52513082026367,32.20279229645575]]]},"properties":{"Surv_Name":null,"max_propensity_score":5.0,"top_operator":"HIGH DESERT RESOURCES,","owner_count":463.0,"ABSTRACT_L":"A-362","field_name":"Unknown","Surv_Sect":"9","permit_count":0.0,"DESC_":"T&P RR CO","Block":"33 T1S","pending_permit_count":0.0,"production_trend":null,"production_status":"pdp","pdp_well_count":35.0,"well_count":35.0,"STArea__":28324671.2427,"ABSTRACT_N":"362","new_permit_count":0.0,"CODE":"362","pud_well_count":0.0,"legal_desc":"T1S BLK 33 SEC 9 A-362"}},{"type":"Feature","geometry":{"type":"Polygon","coordinates":[[[-101.61238164992938,32.19831420794188],[-101.62955268030368,32.194500326196525],[-101.63357568107321,32.20864108932488],[-101.61679013967746,32.21241840605434],[-101.61251390651785,32.198723315887214],[-101.61238164992938,32.19831420794188]]]},"properties":{"Surv_Name":null,"max_propensity_score":8.0,"top_operator":"LANGFORD & BRIGHAM OPE","owner_count":464.0,"ABSTRACT_L":"A-405","field_name":"Unknown","Surv_Sect":"3","permit_count":0.0,"DESC_":"T&P RR CO","Block":"34 T1S","pending_permit_count":0.0,"production_trend":null,"production_status":"pdp","pdp_well_count":6.0,"well_count":6.0,"STArea__":28780063.1713,"ABSTRACT_N":"405","new_permit_count":0.0,"CODE":"405","pud_well_count":0.0,"legal_desc":"T1S BLK 34 SEC 3 A-405"}},{"type":"Feature","geometry":{"type":"Polygon","coordinates":[[[-101.54192161091959,32.19900722039114],[-101.55828214335685,32.195425846161505],[-101.56259749256819,32.209418143572854],[-101.54619356247895,32.21308440872097],[-101.54192161091959,32.19900722039114]]]},"properties":{"Surv_Name":"CAUBLE, S I","max_propensity_score":7.0,"top_operator":"JOHNSON OPERATING COMP","owner_count":281.0,"ABSTRACT_L":"A-1024","field_name":"Unknown","Surv_Sect":"8","permit_count":0.0,"DESC_":"T&P RR CO","Block":"33 T1S","pending_permit_count":0.0,"production_trend":null,"production_status":"pdp","pdp_well_count":38.0,"well_count":38.0,"STArea__":27624566.4165,"ABSTRACT_N":"1024","new_permit_count":0.0,"CODE":"1024","pud_well_count":0.0,"legal_desc":"T1S BLK 33 SEC 8 A-1024"}},{"type":"Feature","geometry":{"type":"Polygon","coordinates":[[[-101.68279801575744,32.19754940950394],[-101.69346822067004,32.19514205497817],[-101.69318939206606,32.2101687740278],[-101.6870823785311,32.21153987497852],[-101.68279801575744,32.19754940950394]]]},"properties":{"Surv_Name":"ARNETT, W W","max_propensity_score":7.0,"top_operator":"OXYROCK OPERATING, LLC","owner_count":40.0,"ABSTRACT_L":"A-1239","field_name":"Unknown","Surv_Sect":"48","permit_count":0.0,"DESC_":"T&P RR CO","Block":"35 T1N","pending_permit_count":0.0,"production_trend":null,"production_status":"pdp","pdp_well_count":4.0,"well_count":4.0,"STArea__":14122139.3341,"ABSTRACT_N":"1239","new_permit_count":0.0,"CODE":"1239","pud_well_count":0.0,"legal_desc":"T1N BLK 35 SEC 48 A-1239"}},{"type":"Feature","geometry":{"type":"Polygon","coordinates":[[[-101.62955268030368,32.194500326196525],[-101.64548854835975,32.19087530534968],[-101.64778919320219,32.19783316784222],[-101.65008931314341,32.20492242590571],[-101.63357568107321,32.20864108932488],[-101.63152113270293,32.20141996816555],[-101.62955268030368,32.194500326196525]]]},"properties":{"Surv_Name":"SANDERS, MRS C","max_propensity_score":8.0,"top_operator":"OXYROCK OPERATING, LLC","owner_count":272.0,"ABSTRACT_L":"A-1707","field_name":"Unknown","Surv_Sect":"4","permit_count":0.0,"DESC_":"T&P RR CO","Block":"34 T1S","pending_permit_count":0.0,"production_trend":null,"production_status":"pdp","pdp_well_count":2.0,"well_count":2.0,"STArea__":27533429.3936,"ABSTRACT_N":"1707","new_permit_count":0.0,"CODE":"1707","pud_well_count":0.0,"legal_desc":"T1S BLK 34 SEC 4 A-1707"}},{"type":"Feature","geometry":{"type":"Polygon","coordinates":[[[-101.56641665585272,32.193595345439434],[-101.57487818821971,32.1917011955762],[-101.5791993811458,32.205705113269715],[-101.56259749256819,32.209418143572854],[-101.55828214335685,32.195425846161505],[-101.56641665585272,32.193595345439434]]]},"properties":{"Surv_Name":null,"max_propensity_score":6.0,"top_operator":"JOHNSON OPERATING COMP","owner_count":490.0,"ABSTRACT_L":"A-361","field_name":"Unknown","Surv_Sect":"7","permit_count":0.0,"DESC_":"T&P RR CO","Block":"33 T1S","pending_permit_count":0.0,"production_trend":null,"production_status":"pdp","pdp_well_count":43.0,"well_count":43.0,"STArea__":27960656.9712,"ABSTRACT_N":"361","new_permit_count":0.0,"CODE":"361","pud_well_count":0.0,"legal_desc":"T1S BLK 33 SEC 7 A-361"}},{"type":"Feature","geometry":{"type":"Polygon","coordinates":[[[-101.49063893978857,32.20488988326916],[-101.48793685470797,32.196073363628415],[-101.48765360231634,32.19613614387382],[-101.50419388611256,32.19224164618589],[-101.50690607417799,32.20076609629807],[-101.50867953598677,32.206509244971166],[-101.50812866129704,32.20663335922052],[-101.50791589031378,32.20668131448163],[-101.50440814129031,32.207466154938345],[-101.50083129626498,32.20824022299614],[-101.499221327855,32.20859985746815],[-101.49694223952478,32.20909928758001],[-101.49225319767731,32.21015612146128],[-101.49224318876024,32.21012347150595],[-101.49063893978857,32.20488988326916]]]},"properties":{"Surv_Name":"WALTHALL, G W","max_propensity_score":7.0,"top_operator":"OXY USA INC.","owner_count":34.0,"ABSTRACT_L":"A-693","field_name":"Unknown","Surv_Sect":"14","permit_count":0.0,"DESC_":"T&P RR CO","Block":"33 T1S","pending_permit_count":0.0,"production_trend":null,"production_status":"pdp","pdp_well_count":6.0,"well_count":6.0,"STArea__":27942376.5246,"ABSTRACT_N":"693","new_permit_count":0.0,"CODE":"693","pud_well_count":0.0,"legal_desc":"T1S BLK 33 SEC 14 A-693"}},{"type":"Feature","geometry":{"type":"Polygon","coordinates":[[[-101.65360053627315,32.18906457719301],[-101.66174647554132,32.18730984797305],[-101.66402703361217,32.19428847251355],[-101.6654367381096,32.19851178495219],[-101.66572952609486,32.19944648388934],[-101.66630571568014,32.201285858834495],[-101.66236813690303,32.20215575869661],[-101.6579195865575,32.20315826754947],[-101.65008931314341,32.20492242590571],[-101.64778919320219,32.19783316784222],[-101.64548854835975,32.19087530534968],[-101.64922777794223,32.19002170404822],[-101.64947167719436,32.18996832225365],[-101.6501250367713,32.189825519657035],[-101.65014213268255,32.18982177788711],[-101.6501426190995,32.189821671649966],[-101.65169403841315,32.18948190022686],[-101.65360053627315,32.18906457719301]]]},"properties":{"Surv_Name":null,"max_propensity_score":0.0,"top_operator":"","owner_count":0.0,"ABSTRACT_L":"A-406","field_name":"Unknown","Surv_Sect":"5","permit_count":0.0,"DESC_":"T&P RR CO","Block":"34 T1S","pending_permit_count":0.0,"production_trend":null,"production_status":"pdp","pdp_well_count":1.0,"well_count":1.0,"STArea__":27485921.8772,"ABSTRACT_N":"406","new_permit_count":0.0,"CODE":"406","pud_well_count":0.0,"legal_desc":"T1S BLK 34 SEC 5 A-406"}},{"type":"Feature","geometry":{"type":"Polygon","coordinates":[[[-101.57487818821971,32.1917011955762],[-101.59169994966027,32.18793361421487],[-101.596068024831,32.20192982307512],[-101.5956978223843,32.20201270417695],[-101.5791993811458,32.205705113269715],[-101.57487818821971,32.1917011955762]]]},"properties":{"Surv_Name":"CAUBLE, J N","max_propensity_score":8.0,"top_operator":"JOHNSON OPERATING COMP","owner_count":103.0,"ABSTRACT_L":"A-1533","field_name":"Unknown","Surv_Sect":"12","permit_count":0.0,"DESC_":"T&P RR CO","Block":"34 T1S","pending_permit_count":0.0,"production_trend":null,"production_status":"pdp","pdp_well_count":47.0,"well_count":47.0,"STArea__":28385366.9223,"ABSTRACT_N":"1533","new_permit_count":0.0,"CODE":"1533","pud_well_count":0.0,"legal_desc":"T1S BLK 34 SEC 12 A-1533"}},{"type":"Feature","geometry":{"type":"Polygon","coordinates":[[[-101.50419388611256,32.19224164618589],[-101.5208731604687,32.188533754480204],[-101.5225368885147,32.19414119021742],[-101.52301888712789,32.19571963328775],[-101.52513082026367,32.20279229645575],[-101.52414043336066,32.20301557351156],[-101.51682971592585,32.20460618251219],[-101.51446684717621,32.20513963784194],[-101.51406642353157,32.205230035863785],[-101.50873782834832,32.20649604542397],[-101.50867953598677,32.206509244971166],[-101.50690607417799,32.20076609629807],[-101.50419388611256,32.19224164618589]]]},"properties":{"Surv_Name":null,"max_propensity_score":6.0,"top_operator":"OXY USA INC.","owner_count":26.0,"ABSTRACT_L":"A-365","field_name":"Unknown","Surv_Sect":"15","permit_count":0.0,"DESC_":"T&P RR CO","Block":"33 T1S","pending_permit_count":0.0,"production_trend":null,"production_status":"pdp","pdp_well_count":13.0,"well_count":13.0,"STArea__":28322938.3301,"ABSTRACT_N":"365","new_permit_count":0.0,"CODE":"365","pud_well_count":0.0,"legal_desc":"T1S BLK 33 SEC 15 A-365"}},{"type":"Feature","geometry":{"type":"Polygon","coordinates":[[[-101.5208731604687,32.188533754480204],[-101.53761730643296,32.18480726632916],[-101.54192161091959,32.19900722039114],[-101.52513082026367,32.20279229645575],[-101.52301888712789,32.19571963328775],[-101.5225368885147,32.19414119021742],[-101.5208731604687,32.188533754480204]]]},"properties":{"Surv_Name":"WALTHALL, G W","max_propensity_score":8.0,"top_operator":"OXY USA INC.","owner_count":76.0,"ABSTRACT_L":"A-696","field_name":"Unknown","Surv_Sect":"16","permit_count":0.0,"DESC_":"T&P RR CO","Block":"33 T1S","pending_permit_count":0.0,"production_trend":null,"production_status":"pdp","pdp_well_count":36.0,"well_count":36.0,"STArea__":28665964.7232,"ABSTRACT_N":"696","new_permit_count":0.0,"CODE":"696","pud_well_count":0.0,"legal_desc":"T1S BLK 33 SEC 16 A-696"}},{"type":"Feature","geometry":{"type":"Polygon","coordinates":[[[-101.59169994966027,32.18793361421487],[-101.6081185914282,32.184253805842474],[-101.61065410428095,32.19266742957053],[-101.61072731900067,32.19288934359807],[-101.61226537680648,32.1979460704153],[-101.61238164992938,32.19831420794188],[-101.6078374237756,32.19925644033898],[-101.59858089129887,32.2013674631902],[-101.5979428803055,32.20151005890576],[-101.596068024831,32.20192982307512],[-101.5959328806493,32.201496859638695],[-101.59169994966027,32.18793361421487]]]},"properties":{"Surv_Name":null,"max_propensity_score":5.0,"top_operator":"FREE REIN OPERATING LL","owner_count":12.0,"ABSTRACT_L":"A-408","field_name":"Unknown","Surv_Sect":"11","permit_count":0.0,"DESC_":"T&P RR CO","Block":"34 T1S","pending_permit_count":0.0,"production_trend":null,"production_status":"pdp","pdp_well_count":9.0,"well_count":9.0,"STArea__":27545330.1086,"ABSTRACT_N":"408","new_permit_count":0.0,"CODE":"408","pud_well_count":0.0,"legal_desc":"T1S BLK 34 SEC 11 A-408"}},{"type":"Feature","geometry":{"type":"Polygon","coordinates":[[[-101.68657859899741,32.18175707894079],[-101.69376980685787,32.18014797591843],[-101.69346822067004,32.19514205497817],[-101.68279801575744,32.19754940950394],[-101.6785155698862,32.18356069480957],[-101.68657859899741,32.18175707894079]]]},"properties":{"Surv_Name":null,"max_propensity_score":3.0,"top_operator":"PIONEER NATURAL RES. U","owner_count":21.0,"ABSTRACT_L":"A-518","field_name":"Unknown","Surv_Sect":"1","permit_count":0.0,"DESC_":"T&P RR CO","Block":"35 T1S","pending_permit_count":0.0,"production_trend":null,"production_status":"pdp","pdp_well_count":11.0,"well_count":11.0,"STArea__":21793902.9422,"ABSTRACT_N":"518","new_permit_count":0.0,"CODE":"518","pud_well_count":0.0,"legal_desc":"T1S BLK 35 SEC 1 A-518"}},{"type":"Feature","geometry":{"type":"Polygon","coordinates":[[[-101.6081185914282,32.184253805842474],[-101.62528719684795,32.18040325602354],[-101.62728065646868,32.18699204484204],[-101.62734914024622,32.187210803627096],[-101.62751068897568,32.1877522842357],[-101.62804199709137,32.189508165152525],[-101.62921571644317,32.19337910413558],[-101.62955268030368,32.194500326196525],[-101.61238164992938,32.19831420794188],[-101.61226537680648,32.1979460704153],[-101.61072731900067,32.19288934359807],[-101.61065410428095,32.19266742957053],[-101.6081185914282,32.184253805842474]]]},"properties":{"Surv_Name":"QUINN, J T","max_propensity_score":7.0,"top_operator":"FREE REIN OPERATING LL","owner_count":41.0,"ABSTRACT_L":"A-1456","field_name":"Unknown","Surv_Sect":"10","permit_count":0.0,"DESC_":"T&P RR CO","Block":"34 T1S","pending_permit_count":0.0,"production_trend":null,"production_status":"pdp","pdp_well_count":11.0,"well_count":11.0,"STArea__":29058745.0766,"ABSTRACT_N":"1456","new_permit_count":0.0,"CODE":"1456","pud_well_count":0.0,"legal_desc":"T1S BLK 34 SEC 10 A-1456"}},{"type":"Feature","geometry":{"type":"Polygon","coordinates":[[[-101.54538531672249,32.183098451492974],[-101.55403820165009,32.18118994849577],[-101.55613586534724,32.18834184254675],[-101.55828214335685,32.195425846161505],[-101.54192161091959,32.19900722039114],[-101.53761730643296,32.18480726632916],[-101.54538531672249,32.183098451492974]]]},"properties":{"Surv_Name":null,"max_propensity_score":10.0,"top_operator":"OXY USA INC.","owner_count":810.0,"ABSTRACT_L":"A-366","field_name":"Unknown","Surv_Sect":"17","permit_count":0.0,"DESC_":"T&P RR CO","Block":"33 T1S","pending_permit_count":0.0,"production_trend":null,"production_status":"pdp","pdp_well_count":37.0,"well_count":37.0,"STArea__":27931208.5825,"ABSTRACT_N":"366","new_permit_count":0.0,"CODE":"366","pud_well_count":0.0,"legal_desc":"T1S BLK 33 SEC 17 A-366"}},{"type":"Feature","geometry":{"type":"Polygon","coordinates":[[[-101.62528719684795,32.18040325602354],[-101.64099262310067,32.17687848598645],[-101.64258516803814,32.181789414423086],[-101.64261289536807,32.18200929105377],[-101.64274217842245,32.18242555213714],[-101.6431254851155,32.183158520605446],[-101.64334189059147,32.183897246730126],[-101.64456725062874,32.18807991463959],[-101.64548854835975,32.19087530534968],[-101.62955268030368,32.194500326196525],[-101.62921571644317,32.19337910413558],[-101.62804199709137,32.189508165152525],[-101.62751068897568,32.1877522842357],[-101.62734914024622,32.187210803627096],[-101.62728065646868,32.18699204484204],[-101.62528719684795,32.18040325602354]]]},"properties":{"Surv_Name":null,"max_propensity_score":0.0,"top_operator":"","owner_count":0.0,"ABSTRACT_L":"A-407","field_name":"Unknown","Surv_Sect":"9","permit_count":0.0,"DESC_":"T&P RR CO","Block":"34 T1S","pending_permit_count":0.0,"production_trend":null,"production_status":"pdp","pdp_well_count":6.0,"well_count":6.0,"STArea__":26803680.5119,"ABSTRACT_N":"407","new_permit_count":0.0,"CODE":"407","pud_well_count":0.0,"legal_desc":"T1S BLK 34 SEC 9 A-407"}},{"type":"Feature","geometry":{"type":"Polygon","coordinates":[[[-101.48342908980284,32.181918128465924],[-101.49996526474105,32.17829103160564],[-101.50419388611256,32.19224164618589],[-101.48765360231634,32.19613614387382],[-101.48519460044969,32.18770450096672],[-101.48342908980284,32.181918128465924]]]},"properties":{"Surv_Name":null,"max_propensity_score":8.0,"top_operator":"OXY USA INC.","owner_count":117.0,"ABSTRACT_L":"A-369","field_name":"Unknown","Surv_Sect":"23","permit_count":0.0,"DESC_":"T&P RR CO","Block":"33 T1S","pending_permit_count":0.0,"production_trend":null,"production_status":"pdp","pdp_well_count":33.0,"well_count":33.0,"STArea__":27969276.025,"ABSTRACT_N":"369","new_permit_count":0.0,"CODE":"369","pud_well_count":0.0,"legal_desc":"T1S BLK 33 SEC 23 A-369"}},{"type":"Feature","geometry":{"type":"Polygon","coordinates":[[[-101.5706695156242,32.177628701940236],[-101.58741383068728,32.173964342842815],[-101.59169994966027,32.18793361421487],[-101.57487818821971,32.1917011955762],[-101.5727860480283,32.18470629859529],[-101.5706695156242,32.177628701940236]]]},"properties":{"Surv_Name":null,"max_propensity_score":7.0,"top_operator":"OXY USA INC.","owner_count":150.0,"ABSTRACT_L":"A-409","field_name":"Unknown","Surv_Sect":"13","permit_count":0.0,"DESC_":"T&P RR CO","Block":"34 T1S","pending_permit_count":0.0,"production_trend":null,"production_status":"pdp","pdp_well_count":49.0,"well_count":49.0,"STArea__":28263435.1183,"ABSTRACT_N":"409","new_permit_count":0.0,"CODE":"409","pud_well_count":0.0,"legal_desc":"T1S BLK 34 SEC 13 A-409"}},{"type":"Feature","geometry":{"type":"Polygon","coordinates":[[[-101.65823324359704,32.17300655424556],[-101.67406181569956,32.169414837659716],[-101.67450672345112,32.170789270347306],[-101.67633915520736,32.17644965480388],[-101.6785155698862,32.18356069480957],[-101.67020411384264,32.18541925347328],[-101.66174647554132,32.18730984797305],[-101.65972210831107,32.18022684768595],[-101.65823324359704,32.17300655424556]]]},"properties":{"Surv_Name":null,"max_propensity_score":0.0,"top_operator":"","owner_count":0.0,"ABSTRACT_L":"A-532","field_name":"Unknown","Surv_Sect":"7","permit_count":0.0,"DESC_":"T&P RR CO","Block":"34 T1S","pending_permit_count":0.0,"production_trend":null,"production_status":"pdp","pdp_well_count":1.0,"well_count":1.0,"STArea__":28022443.2773,"ABSTRACT_N":"532","new_permit_count":0.0,"CODE":"532","pud_well_count":0.0,"legal_desc":"T1S BLK 34 SEC 7 A-532"}},{"type":"Feature","geometry":{"type":"Polygon","coordinates":[[[-101.58741383068728,32.173964342842815],[-101.60382128437037,32.17025539948304],[-101.6081185914282,32.184253805842474],[-101.59169994966027,32.18793361421487],[-101.58741383068728,32.173964342842815]]]},"properties":{"Surv_Name":"QUINN, J T","max_propensity_score":7.0,"top_operator":"DIAMONDBACK E&P LLC","owner_count":21.0,"ABSTRACT_L":"A-1177","field_name":"Unknown","Surv_Sect":"14","permit_count":0.0,"DESC_":"T&P RR CO","Block":"34 T1S","pending_permit_count":0.0,"production_trend":null,"production_status":"pdp","pdp_well_count":21.0,"well_count":21.0,"STArea__":27620337.8976,"ABSTRACT_N":"1177","new_permit_count":0.0,"CODE":"1177","pud_well_count":0.0,"legal_desc":"T1S BLK 34 SEC 14 A-1177"}},{"type":"Feature","geometry":{"type":"Polygon","coordinates":[[[-101.53316597257326,32.17109564636329],[-101.53341606881224,32.171041300920066],[-101.53761730643296,32.18480726632916],[-101.5208731604687,32.188533754480204],[-101.51675768164564,32.17467399316688],[-101.53316597257326,32.17109564636329]]]},"properties":{"Surv_Name":null,"max_propensity_score":8.0,"top_operator":"OXY USA INC.","owner_count":111.0,"ABSTRACT_L":"A-368","field_name":"Unknown","Surv_Sect":"21","permit_count":0.0,"DESC_":"T&P RR CO","Block":"33 T1S","pending_permit_count":0.0,"production_trend":null,"production_status":"pdp","pdp_well_count":33.0,"well_count":33.0,"STArea__":27690209.0157,"ABSTRACT_N":"368","new_permit_count":0.0,"CODE":"368","pud_well_count":0.0,"legal_desc":"T1S BLK 33 SEC 21 A-368"}},{"type":"Feature","geometry":{"type":"Polygon","coordinates":[[[-101.60382128437037,32.17025539948304],[-101.62083437096842,32.16640692606469],[-101.62528719684795,32.18040325602354],[-101.6081185914282,32.184253805842474],[-101.60382128437037,32.17025539948304]]]},"properties":{"Surv_Name":null,"max_propensity_score":7.0,"top_operator":"DIAMONDBACK E&P LLC","owner_count":13.0,"ABSTRACT_L":"A-410","field_name":"Unknown","Surv_Sect":"15","permit_count":0.0,"DESC_":"T&P RR CO","Block":"34 T1S","pending_permit_count":0.0,"production_trend":null,"production_status":"pdp","pdp_well_count":4.0,"well_count":4.0,"STArea__":28825575.3877,"ABSTRACT_N":"410","new_permit_count":0.0,"CODE":"410","pud_well_count":0.0,"legal_desc":"T1S BLK 34 SEC 15 A-410"}},{"type":"Feature","geometry":{"type":"Polygon","coordinates":[[[-101.54978462711209,32.16723034558109],[-101.56625760283171,32.16366532489255],[-101.5706695156242,32.177628701940236],[-101.56213507687305,32.1794027447146],[-101.55403820165009,32.18118994849577],[-101.54978462711209,32.16723034558109]]]},"properties":{"Surv_Name":null,"max_propensity_score":0.0,"top_operator":"","owner_count":0.0,"ABSTRACT_L":"A-367","field_name":"Unknown","Surv_Sect":"19","permit_count":0.0,"DESC_":"T&P RR CO","Block":"33 T1S","pending_permit_count":0.0,"production_trend":null,"production_status":"pdp","pdp_well_count":42.0,"well_count":42.0,"STArea__":27702490.3711,"ABSTRACT_N":"367","new_permit_count":0.0,"CODE":"367","pud_well_count":0.0,"legal_desc":"T1S BLK 33 SEC 19 A-367"}},{"type":"Feature","geometry":{"type":"Polygon","coordinates":[[[-101.62083437096842,32.16640692606469],[-101.63672894117367,32.16280905307471],[-101.64099262310067,32.17687848598645],[-101.62528719684795,32.18040325602354],[-101.62083437096842,32.16640692606469]]]},"properties":{"Surv_Name":"QUINN, J T","max_propensity_score":6.0,"top_operator":"DIAMONDBACK E&P LLC","owner_count":6.0,"ABSTRACT_L":"A-1444","field_name":"Unknown","Surv_Sect":"16","permit_count":0.0,"DESC_":"T&P RR CO","Block":"34 T1S","pending_permit_count":0.0,"production_trend":null,"production_status":"pdp","pdp_well_count":15.0,"well_count":15.0,"STArea__":26707219.2121,"ABSTRACT_N":"1444","new_permit_count":0.0,"CODE":"1444","pud_well_count":0.0,"legal_desc":"T1S BLK 34 SEC 16 A-1444"}},{"type":"Feature","geometry":{"type":"Polygon","coordinates":[[[-101.56625760283171,32.16366532489255],[-101.5829084339661,32.159739180382076],[-101.58741383068728,32.173964342842815],[-101.5706695156242,32.177628701940236],[-101.56625760283171,32.16366532489255]]]},"properties":{"Surv_Name":"CAUBLE, J N","max_propensity_score":8.0,"top_operator":"OXY USA INC","owner_count":607.0,"ABSTRACT_L":"A-1534","field_name":"Unknown","Surv_Sect":"24","permit_count":0.0,"DESC_":"T&P RR CO","Block":"34 T1S","pending_permit_count":0.0,"production_trend":null,"production_status":"pdp","pdp_well_count":43.0,"well_count":43.0,"STArea__":28399132.4138,"ABSTRACT_N":"1534","new_permit_count":0.0,"CODE":"1534","pud_well_count":0.0,"legal_desc":"T1S BLK 34 SEC 24 A-1534"}},{"type":"Feature","geometry":{"type":"Polygon","coordinates":[[[-101.49564733419416,32.16415377093685],[-101.51232356383207,32.16043055555624],[-101.51250728182237,32.16038952318804],[-101.51675768164564,32.17467399316688],[-101.49996526474105,32.17829103160564],[-101.49564733419416,32.16415377093685]]]},"properties":{"Surv_Name":null,"max_propensity_score":6.0,"top_operator":"OXY USA INC.","owner_count":12.0,"ABSTRACT_L":"A-371","field_name":"Unknown","Surv_Sect":"27","permit_count":0.0,"DESC_":"T&P RR CO","Block":"33 T1S","pending_permit_count":0.0,"production_trend":null,"production_status":"pdp","pdp_well_count":27.0,"well_count":27.0,"STArea__":28698854.215,"ABSTRACT_N":"371","new_permit_count":0.0,"CODE":"371","pud_well_count":0.0,"legal_desc":"T1S BLK 33 SEC 27 A-371"}},{"type":"Feature","geometry":{"type":"Polygon","coordinates":[[[-101.69094909406547,32.166490396530214],[-101.69395518117302,32.16571363478909],[-101.6938282360125,32.17589289493638],[-101.69094909406547,32.166490396530214]]]},"properties":{"Surv_Name":null,"max_propensity_score":7.0,"top_operator":"DIAMONDBACK E&P LLC","owner_count":25.0,"ABSTRACT_L":"A-549","field_name":"Unknown","Surv_Sect":"11","permit_count":0.0,"DESC_":"T&P RR CO","Block":"35 T1S","pending_permit_count":0.0,"production_trend":null,"production_status":"none","pdp_well_count":0.0,"well_count":0.0,"STArea__":1716922.54634,"ABSTRACT_N":"549","new_permit_count":0.0,"CODE":"549","pud_well_count":0.0,"legal_desc":"T1S BLK 35 SEC 11 A-549"}},{"type":"Feature","geometry":{"type":"Polygon","coordinates":[[[-101.63672894117367,32.16280905307471],[-101.6536033106616,32.158943801990056],[-101.65823324359704,32.17300655424556],[-101.64099262310067,32.17687848598645],[-101.63672894117367,32.16280905307471]]]},"properties":{"Surv_Name":null,"max_propensity_score":5.0,"top_operator":"DIAMONDBACK E&P LLC","owner_count":19.0,"ABSTRACT_L":"A-411","field_name":"Unknown","Surv_Sect":"17","permit_count":0.0,"DESC_":"T&P RR CO","Block":"34 T1S","pending_permit_count":0.0,"production_trend":null,"production_status":"pdp","pdp_well_count":4.0,"well_count":4.0,"STArea__":28948053.3903,"ABSTRACT_N":"411","new_permit_count":0.0,"CODE":"411","pud_well_count":0.0,"legal_desc":"T1S BLK 34 SEC 17 A-411"}},{"type":"Feature","geometry":{"type":"Polygon","coordinates":[[[-101.5829084339661,32.159739180382076],[-101.59949231498778,32.15614928642208],[-101.60382128437037,32.17025539948304],[-101.58741383068728,32.173964342842815],[-101.5829084339661,32.159739180382076]]]},"properties":{"Surv_Name":null,"max_propensity_score":7.0,"top_operator":"OVINTIV USA INC.","owner_count":13.0,"ABSTRACT_L":"A-414","field_name":"Unknown","Surv_Sect":"23","permit_count":0.0,"DESC_":"T&P RR CO","Block":"34 T1S","pending_permit_count":0.0,"production_trend":null,"production_status":"pdp","pdp_well_count":20.0,"well_count":20.0,"STArea__":28122260.4203,"ABSTRACT_N":"414","new_permit_count":0.0,"CODE":"414","pud_well_count":0.0,"legal_desc":"T1S BLK 34 SEC 23 A-414"}},{"type":"Feature","geometry":{"type":"Polygon","coordinates":[[[-101.51250728182237,32.16038952318804],[-101.52898990240745,32.15676293253894],[-101.53221037930369,32.167338903015015],[-101.53333849586814,32.17078708269018],[-101.53341606881224,32.171041300920066],[-101.53316597257326,32.17109564636329],[-101.51675768164564,32.17467399316688],[-101.51250728182237,32.16038952318804]]]},"properties":{"Surv_Name":"WALTHALL, G W","max_propensity_score":6.0,"top_operator":"JOHNSON OPERATING COMP","owner_count":54.0,"ABSTRACT_L":"A-694","field_name":"Unknown","Surv_Sect":"28","permit_count":0.0,"DESC_":"T&P RR CO","Block":"33 T1S","pending_permit_count":0.0,"production_trend":null,"production_status":"pdp","pdp_well_count":39.0,"well_count":39.0,"STArea__":28369705.2992,"ABSTRACT_N":"694","new_permit_count":0.0,"CODE":"694","pud_well_count":0.0,"legal_desc":"T1S BLK 33 SEC 28 A-694"}},{"type":"Feature","geometry":{"type":"Polygon","coordinates":[[[-101.6536033106616,32.158943801990056],[-101.67015286383898,32.15529397658545],[-101.67406181569956,32.169414837659716],[-101.65823324359704,32.17300655424556],[-101.6536033106616,32.158943801990056]]]},"properties":{"Surv_Name":"DAVIS, J","max_propensity_score":6.0,"top_operator":"CHEVRON U. S. A. INC.","owner_count":47.0,"ABSTRACT_L":"A-1757","field_name":"Unknown","Surv_Sect":"18","permit_count":0.0,"DESC_":"T&P RR CO","Block":"34 T1S","pending_permit_count":0.0,"production_trend":null,"production_status":"pdp","pdp_well_count":22.0,"well_count":22.0,"STArea__":27424511.2048,"ABSTRACT_N":"1757","new_permit_count":0.0,"CODE":"1757","pud_well_count":0.0,"legal_desc":"T1S BLK 34 SEC 18 A-1757"}},{"type":"Feature","geometry":{"type":"Polygon","coordinates":[[[-101.59949231498778,32.15614928642208],[-101.61635721540894,32.15232956001687],[-101.62083437096842,32.16640692606469],[-101.60382128437037,32.17025539948304],[-101.59949231498778,32.15614928642208]]]},"properties":{"Surv_Name":"QUINN, J T","max_propensity_score":5.0,"top_operator":"FREE REIN OPERATING LL","owner_count":10.0,"ABSTRACT_L":"A-1179","field_name":"Unknown","Surv_Sect":"22","permit_count":0.0,"DESC_":"T&P RR CO","Block":"34 T1S","pending_permit_count":0.0,"production_trend":null,"production_status":"pdp","pdp_well_count":9.0,"well_count":9.0,"STArea__":28775313.2848,"ABSTRACT_N":"1179","new_permit_count":0.0,"CODE":"1179","pud_well_count":0.0,"legal_desc":"T1S BLK 34 SEC 22 A-1179"}},{"type":"Feature","geometry":{"type":"Polygon","coordinates":[[[-101.67015286383898,32.15529397658545],[-101.68664383182576,32.15151788312433],[-101.69036006594341,32.16501673352168],[-101.69094909406547,32.166490396530214],[-101.67450672345112,32.170789270347306],[-101.67406181569956,32.169414837659716],[-101.67015286383898,32.15529397658545]]]},"properties":{"Surv_Name":null,"max_propensity_score":8.0,"top_operator":"OXYROCK OPERATING, LLC","owner_count":1225.0,"ABSTRACT_L":"A-517","field_name":"Unknown","Surv_Sect":"13","permit_count":0.0,"DESC_":"T&P RR CO","Block":"35 T1S","pending_permit_count":0.0,"production_trend":null,"production_status":"pdp","pdp_well_count":15.0,"well_count":15.0,"STArea__":30122884.5487,"ABSTRACT_N":"517","new_permit_count":0.0,"CODE":"517","pud_well_count":0.0,"legal_desc":"T1S BLK 35 SEC 13 A-517"}},{"type":"Feature","geometry":{"type":"Polygon","coordinates":[[[-101.52898990240745,32.15676293253894],[-101.54544890920346,32.1530048094958],[-101.54978462711209,32.16723034558109],[-101.54139106533803,32.16904589602435],[-101.53333849586814,32.17078708269018],[-101.53221037930369,32.167338903015015],[-101.52898990240745,32.15676293253894]]]},"properties":{"Surv_Name":null,"max_propensity_score":6.0,"top_operator":"EXTEX OPERATING COMPAN","owner_count":66.0,"ABSTRACT_L":"A-372","field_name":"Unknown","Surv_Sect":"29","permit_count":0.0,"DESC_":"T&P RR CO","Block":"33 T1S","pending_permit_count":0.0,"production_trend":null,"production_status":"pdp","pdp_well_count":7.0,"well_count":7.0,"STArea__":27998416.2783,"ABSTRACT_N":"372","new_permit_count":0.0,"CODE":"372","pud_well_count":0.0,"legal_desc":"T1S BLK 33 SEC 29 A-372"}},{"type":"Feature","geometry":{"type":"Polygon","coordinates":[[[-101.68664383182576,32.15151788312433],[-101.69416220254041,32.149870033021934],[-101.69395518117302,32.16571363478909],[-101.69094909406547,32.166490396530214],[-101.69036006594341,32.16501673352168],[-101.68664383182576,32.15151788312433]]]},"properties":{"Surv_Name":"HARDIN, T B","max_propensity_score":7.0,"top_operator":"OXYROCK OPERATING, LLC","owner_count":50.0,"ABSTRACT_L":"A-1620","field_name":"Unknown","Surv_Sect":"14","permit_count":0.0,"DESC_":"T&P RR CO","Block":"35 T1S","pending_permit_count":0.0,"production_trend":null,"production_status":"pdp","pdp_well_count":2.0,"well_count":2.0,"STArea__":9548223.16164,"ABSTRACT_N":"1620","new_permit_count":0.0,"CODE":"1620","pud_well_count":0.0,"legal_desc":"T1S BLK 35 SEC 14 A-1620"}},{"type":"Feature","geometry":{"type":"Polygon","coordinates":[[[-101.61635721540894,32.15232956001687],[-101.63244931275142,32.14868241434411],[-101.63672894117367,32.16280905307471],[-101.62083437096842,32.16640692606469],[-101.61635721540894,32.15232956001687]]]},"properties":{"Surv_Name":null,"max_propensity_score":5.0,"top_operator":"DIAMONDBACK E&P LLC","owner_count":6.0,"ABSTRACT_L":"A-413","field_name":"Unknown","Surv_Sect":"21","permit_count":0.0,"DESC_":"T&P RR CO","Block":"34 T1S","pending_permit_count":0.0,"production_trend":null,"production_status":"pdp","pdp_well_count":5.0,"well_count":5.0,"STArea__":27179641.5094,"ABSTRACT_N":"413","new_permit_count":0.0,"CODE":"413","pud_well_count":0.0,"legal_desc":"T1S BLK 34 SEC 21 A-413"}},{"type":"Feature","geometry":{"type":"Polygon","coordinates":[[[-101.54544890920346,32.1530048094958],[-101.55681413922262,32.150554119364884],[-101.56197923003398,32.14944814804103],[-101.56625760283171,32.16366532489255],[-101.54978462711209,32.16723034558109],[-101.54544890920346,32.1530048094958]]]},"properties":{"Surv_Name":"CAUBLE, S I","max_propensity_score":8.0,"top_operator":"SM ENERGY COMPANY","owner_count":640.0,"ABSTRACT_L":"A-1535","field_name":"Unknown","Surv_Sect":"30","permit_count":0.0,"DESC_":"T&P RR CO","Block":"33 T1S","pending_permit_count":0.0,"production_trend":null,"production_status":"pdp","pdp_well_count":43.0,"well_count":43.0,"STArea__":28154461.4753,"ABSTRACT_N":"1535","new_permit_count":0.0,"CODE":"1535","pud_well_count":0.0,"legal_desc":"T1S BLK 33 SEC 30 A-1535"}},{"type":"Feature","geometry":{"type":"Polygon","coordinates":[[[-101.57828097631409,32.14583247772392],[-101.57862973629783,32.14575430980323],[-101.5829084339661,32.159739180382076],[-101.56625760283171,32.16366532489255],[-101.5650407712831,32.15962222529863],[-101.56398842506972,32.15612534797539],[-101.56197923003398,32.14944814804103],[-101.56217104935975,32.14940476114028],[-101.56377219469549,32.149042594092755],[-101.56859189336933,32.14800364980441],[-101.56859489570124,32.148002977022635],[-101.57452115719708,32.146675097452594],[-101.57452369220817,32.14667452908921],[-101.57828097631409,32.14583247772392]]]},"properties":{"Surv_Name":null,"max_propensity_score":3.0,"top_operator":"JOHNSON OPERATING COMP","owner_count":44.0,"ABSTRACT_L":"A-415","field_name":"Unknown","Surv_Sect":"25","permit_count":0.0,"DESC_":"T&P RR CO","Block":"34 T1S","pending_permit_count":0.0,"production_trend":null,"production_status":"pdp","pdp_well_count":18.0,"well_count":18.0,"STArea__":28256421.2301,"ABSTRACT_N":"415","new_permit_count":0.0,"CODE":"415","pud_well_count":0.0,"legal_desc":"T1S BLK 34 SEC 25 A-415"}},{"type":"Feature","geometry":{"type":"Polygon","coordinates":[[[-101.63244931275142,32.14868241434411],[-101.649259449292,32.14471415756514],[-101.6536033106616,32.158943801990056],[-101.63672894117367,32.16280905307471],[-101.63244931275142,32.14868241434411]]]},"properties":{"Surv_Name":"FINLEY, M E","max_propensity_score":5.0,"top_operator":"OZARK EXPLORATION, INC","owner_count":11.0,"ABSTRACT_L":"A-1271","field_name":"Unknown","Surv_Sect":"20","permit_count":0.0,"DESC_":"T&P RR CO","Block":"34 T1S","pending_permit_count":0.0,"production_trend":null,"production_status":"pdp","pdp_well_count":10.0,"well_count":10.0,"STArea__":28788806.0288,"ABSTRACT_N":"1271","new_permit_count":0.0,"CODE":"1271","pud_well_count":0.0,"legal_desc":"T1S BLK 34 SEC 20 A-1271"}},{"type":"Feature","geometry":{"type":"Polygon","coordinates":[[[-101.4914016455423,32.15013776207127],[-101.50821023620773,32.146327236328844],[-101.51250728182237,32.16038952318804],[-101.49564733419416,32.16415377093685],[-101.4914016455423,32.15013776207127]]]},"properties":{"Surv_Name":"BELL, C E","max_propensity_score":8.0,"top_operator":"OVINTIV USA INC.","owner_count":132.0,"ABSTRACT_L":"A-1720","field_name":"Unknown","Surv_Sect":"34","permit_count":0.0,"DESC_":"T&P RR CO","Block":"33 T1S","pending_permit_count":0.0,"production_trend":null,"production_status":"pdp","pdp_well_count":17.0,"well_count":17.0,"STArea__":28432105.4441,"ABSTRACT_N":"1720","new_permit_count":0.0,"CODE":"1720","pud_well_count":0.0,"legal_desc":"T1S BLK 33 SEC 34 A-1720"}},{"type":"Feature","geometry":{"type":"Polygon","coordinates":[[[-101.50821023620773,32.146327236328844],[-101.52478839020381,32.14273981532687],[-101.52898990240745,32.15676293253894],[-101.51250728182237,32.16038952318804],[-101.50821023620773,32.146327236328844]]]},"properties":{"Surv_Name":null,"max_propensity_score":7.0,"top_operator":"SURGE OPERATING, LLC","owner_count":84.0,"ABSTRACT_L":"A-374","field_name":"Unknown","Surv_Sect":"33","permit_count":0.0,"DESC_":"T&P RR CO","Block":"33 T1S","pending_permit_count":0.0,"production_trend":null,"production_status":"pdp","pdp_well_count":20.0,"well_count":20.0,"STArea__":27863807.186,"ABSTRACT_N":"374","new_permit_count":0.0,"CODE":"374","pud_well_count":0.0,"legal_desc":"T1S BLK 33 SEC 33 A-374"}},{"type":"Feature","geometry":{"type":"Polygon","coordinates":[[[-101.649259449292,32.14471415756514],[-101.66573023867947,32.141192454499965],[-101.6679418279477,32.14824474025198],[-101.67015286383898,32.15529397658545],[-101.6536033106616,32.158943801990056],[-101.649259449292,32.14471415756514]]]},"properties":{"Surv_Name":null,"max_propensity_score":0.0,"top_operator":"","owner_count":0.0,"ABSTRACT_L":"A-412","field_name":"Unknown","Surv_Sect":"19","permit_count":0.0,"DESC_":"T&P RR CO","Block":"34 T1S","pending_permit_count":0.0,"production_trend":null,"production_status":"pdp","pdp_well_count":13.0,"well_count":13.0,"STArea__":28104677.1513,"ABSTRACT_N":"412","new_permit_count":0.0,"CODE":"412","pud_well_count":0.0,"legal_desc":"T1S BLK 34 SEC 19 A-412"}},{"type":"Feature","geometry":{"type":"Polygon","coordinates":[[[-101.57862973629783,32.14575430980323],[-101.5951495033905,32.14199346267235],[-101.59949231498778,32.15614928642208],[-101.5829084339661,32.159739180382076],[-101.57862973629783,32.14575430980323]]]},"properties":{"Surv_Name":"QUINN, J T","max_propensity_score":5.0,"top_operator":"JOHNSON OPERATING COMP","owner_count":8.0,"ABSTRACT_L":"A-1176","field_name":"Unknown","Surv_Sect":"26","permit_count":0.0,"DESC_":"T&P RR CO","Block":"34 T1S","pending_permit_count":0.0,"production_trend":null,"production_status":"pdp","pdp_well_count":12.0,"well_count":12.0,"STArea__":28007574.7251,"ABSTRACT_N":"1176","new_permit_count":0.0,"CODE":"1176","pud_well_count":0.0,"legal_desc":"T1S BLK 34 SEC 26 A-1176"}},{"type":"Feature","geometry":{"type":"Polygon","coordinates":[[[-101.5951495033905,32.14199346267235],[-101.61188237977763,32.13825491458696],[-101.61635721540894,32.15232956001687],[-101.59949231498778,32.15614928642208],[-101.5951495033905,32.14199346267235]]]},"properties":{"Surv_Name":null,"max_propensity_score":0.0,"top_operator":"","owner_count":0.0,"ABSTRACT_L":"A-416","field_name":"Unknown","Surv_Sect":"27","permit_count":0.0,"DESC_":"T&P RR CO","Block":"34 T1S","pending_permit_count":0.0,"production_trend":null,"production_status":"pdp","pdp_well_count":2.0,"well_count":2.0,"STArea__":28577227.3243,"ABSTRACT_N":"416","new_permit_count":0.0,"CODE":"416","pud_well_count":0.0,"legal_desc":"T1S BLK 34 SEC 27 A-416"}},{"type":"Feature","geometry":{"type":"Polygon","coordinates":[[[-101.52478839020381,32.14273981532687],[-101.54128899343955,32.139081937906646],[-101.54544890920346,32.1530048094958],[-101.52898990240745,32.15676293253894],[-101.52478839020381,32.14273981532687]]]},"properties":{"Surv_Name":"WINSLOW, J S","max_propensity_score":8.0,"top_operator":"OXY USA INC.","owner_count":226.0,"ABSTRACT_L":"A-1215","field_name":"Unknown","Surv_Sect":"32","permit_count":0.0,"DESC_":"T&P RR CO","Block":"33 T1S","pending_permit_count":0.0,"production_trend":null,"production_status":"pdp","pdp_well_count":21.0,"well_count":21.0,"STArea__":27675316.6149,"ABSTRACT_N":"1215","new_permit_count":0.0,"CODE":"1215","pud_well_count":0.0,"legal_desc":"T1S BLK 33 SEC 32 A-1215"}},{"type":"Feature","geometry":{"type":"Polygon","coordinates":[[[-101.6821945198837,32.137422507091244],[-101.69441671421883,32.1345991757785],[-101.69416220254041,32.149870033021934],[-101.68664383182576,32.15151788312433],[-101.68551738945126,32.14800640579383],[-101.6821945198837,32.137422507091244]]]},"properties":{"Surv_Name":null,"max_propensity_score":9.0,"top_operator":"SM ENERGY COMPANY","owner_count":226.0,"ABSTRACT_L":"A-541","field_name":"Unknown","Surv_Sect":"23","permit_count":0.0,"DESC_":"T&P RR CO","Block":"35 T1S","pending_permit_count":0.0,"production_trend":null,"production_status":"pdp","pdp_well_count":2.0,"well_count":2.0,"STArea__":16862633.5462,"ABSTRACT_N":"541","new_permit_count":0.0,"CODE":"541","pud_well_count":0.0,"legal_desc":"T1S BLK 35 SEC 23 A-541"}},{"type":"Feature","geometry":{"type":"Polygon","coordinates":[[[-101.54128899343955,32.139081937906646],[-101.55207791281275,32.136609097759624],[-101.55787494385014,32.13534951569876],[-101.55902305284079,32.13929399810178],[-101.56197923003398,32.14944814804103],[-101.55681413922262,32.150554119364884],[-101.54544890920346,32.1530048094958],[-101.54128899343955,32.139081937906646]]]},"properties":{"Surv_Name":null,"max_propensity_score":6.0,"top_operator":"SM ENERGY COMPANY","owner_count":39.0,"ABSTRACT_L":"A-373","field_name":"Unknown","Surv_Sect":"31","permit_count":0.0,"DESC_":"T&P RR CO","Block":"33 T1S","pending_permit_count":0.0,"production_trend":null,"production_status":"pdp","pdp_well_count":6.0,"well_count":6.0,"STArea__":27857275.3082,"ABSTRACT_N":"373","new_permit_count":0.0,"CODE":"373","pud_well_count":0.0,"legal_desc":"T1S BLK 33 SEC 31 A-373"}},{"type":"Feature","geometry":{"type":"Polygon","coordinates":[[[-101.55796479993008,32.13532943441993],[-101.57439449313534,32.13176661614454],[-101.57862973629783,32.14575430980323],[-101.57828097631409,32.14583247772392],[-101.57452369220817,32.14667452908921],[-101.57452115719708,32.146675097452594],[-101.56859489570124,32.148002977022635],[-101.56859189336933,32.14800364980441],[-101.56377219469549,32.149042594092755],[-101.56217104935975,32.14940476114028],[-101.56197923003398,32.14944814804103],[-101.55902305284079,32.13929399810178],[-101.55787494385014,32.13534951569876],[-101.55796479993008,32.13532943441993]]]},"properties":{"Surv_Name":"FINLEY, M E","max_propensity_score":7.0,"top_operator":"SM ENERGY COMPANY","owner_count":168.0,"ABSTRACT_L":"A-1273","field_name":"Unknown","Surv_Sect":"36","permit_count":0.0,"DESC_":"T&P RR CO","Block":"34 T1S","pending_permit_count":0.0,"production_trend":null,"production_status":"pdp","pdp_well_count":6.0,"well_count":6.0,"STArea__":27953170.0813,"ABSTRACT_N":"1273","new_permit_count":0.0,"CODE":"1273","pud_well_count":0.0,"legal_desc":"T1S BLK 34 SEC 36 A-1273"}},{"type":"Feature","geometry":{"type":"Polygon","coordinates":[[[-101.63659521000501,32.13268012371043],[-101.64494087738919,32.13081690761357],[-101.649259449292,32.14471415756514],[-101.63244931275142,32.14868241434411],[-101.63208726800845,32.147487127703165],[-101.62818734076805,32.134609492603666],[-101.63659521000501,32.13268012371043]]]},"properties":{"Surv_Name":null,"max_propensity_score":7.0,"top_operator":"DIAMONDBACK E&P LLC","owner_count":9.0,"ABSTRACT_L":"A-417","field_name":"Unknown","Surv_Sect":"29","permit_count":0.0,"DESC_":"T&P RR CO","Block":"34 T1S","pending_permit_count":0.0,"production_trend":null,"production_status":"pdp","pdp_well_count":18.0,"well_count":18.0,"STArea__":28329923.7642,"ABSTRACT_N":"417","new_permit_count":0.0,"CODE":"417","pud_well_count":0.0,"legal_desc":"T1S BLK 34 SEC 29 A-417"}},{"type":"Feature","geometry":{"type":"Polygon","coordinates":[[[-101.48714571900156,32.13608341956718],[-101.50403120975142,32.132376225940135],[-101.50821023620773,32.146327236328844],[-101.4914016455423,32.15013776207127],[-101.48933199164912,32.143303714717455],[-101.48714571900156,32.13608341956718]]]},"properties":{"Surv_Name":null,"max_propensity_score":8.0,"top_operator":"SURGE OPERATING, LLC","owner_count":312.0,"ABSTRACT_L":"A-377","field_name":"Unknown","Surv_Sect":"39","permit_count":0.0,"DESC_":"T&P RR CO","Block":"33 T1S","pending_permit_count":0.0,"production_trend":null,"production_status":"pdp","pdp_well_count":7.0,"well_count":7.0,"STArea__":28351081.9956,"ABSTRACT_N":"377","new_permit_count":0.0,"CODE":"377","pud_well_count":0.0,"legal_desc":"T1S BLK 33 SEC 39 A-377"}},{"type":"Feature","geometry":{"type":"Polygon","coordinates":[[[-101.57439449313534,32.13176661614454],[-101.5908407943419,32.127944241037525],[-101.5951495033905,32.14199346267235],[-101.57862973629783,32.14575430980323],[-101.57439449313534,32.13176661614454]]]},"properties":{"Surv_Name":null,"max_propensity_score":6.0,"top_operator":"SOLA OPERATING, LLC","owner_count":7.0,"ABSTRACT_L":"A-420","field_name":"Unknown","Surv_Sect":"35","permit_count":0.0,"DESC_":"T&P RR CO","Block":"34 T1S","pending_permit_count":0.0,"production_trend":null,"production_status":"pdp","pdp_well_count":11.0,"well_count":11.0,"STArea__":27846572.6803,"ABSTRACT_N":"420","new_permit_count":0.0,"CODE":"420","pud_well_count":0.0,"legal_desc":"T1S BLK 34 SEC 35 A-420"}},{"type":"Feature","geometry":{"type":"Polygon","coordinates":[[[-101.64494087738919,32.13081690761357],[-101.66130476743093,32.12715231742643],[-101.66573023867947,32.141192454499965],[-101.649259449292,32.14471415756514],[-101.64494087738919,32.13081690761357]]]},"properties":{"Surv_Name":"LOMAX, E W","max_propensity_score":7.0,"top_operator":"OXY USA INC.","owner_count":63.0,"ABSTRACT_L":"A-1675","field_name":"Unknown","Surv_Sect":"30","permit_count":0.0,"DESC_":"T&P RR CO","Block":"34 T1S","pending_permit_count":0.0,"production_trend":null,"production_status":"pdp","pdp_well_count":16.0,"well_count":16.0,"STArea__":27596127.6888,"ABSTRACT_N":"1675","new_permit_count":0.0,"CODE":"1675","pud_well_count":0.0,"legal_desc":"T1S BLK 34 SEC 30 A-1675"}},{"type":"Feature","geometry":{"type":"Polygon","coordinates":[[[-101.50403120975142,32.132376225940135],[-101.52042792888832,32.128707847259946],[-101.52478839020381,32.14273981532687],[-101.50821023620773,32.146327236328844],[-101.50403120975142,32.132376225940135]]]},"properties":{"Surv_Name":"KERCHEVILLE, A J","max_propensity_score":7.0,"top_operator":"SURGE OPERATING, LLC","owner_count":171.0,"ABSTRACT_L":"A-1146","field_name":"Unknown","Surv_Sect":"40","permit_count":0.0,"DESC_":"T&P RR CO","Block":"33 T1S","pending_permit_count":0.0,"production_trend":null,"production_status":"pdp","pdp_well_count":6.0,"well_count":6.0,"STArea__":27723562.4039,"ABSTRACT_N":"1146","new_permit_count":0.0,"CODE":"1146","pud_well_count":0.0,"legal_desc":"T1S BLK 33 SEC 40 A-1146"}},{"type":"Feature","geometry":{"type":"Polygon","coordinates":[[[-101.5908407943419,32.127944241037525],[-101.60741539444251,32.12420039919073],[-101.61188237977763,32.13825491458696],[-101.5951495033905,32.14199346267235],[-101.5908407943419,32.127944241037525]]]},"properties":{"Surv_Name":"FINLEY, M E","max_propensity_score":7.0,"top_operator":"DIAMONDBACK E&P LLC","owner_count":6.0,"ABSTRACT_L":"A-1272","field_name":"Unknown","Surv_Sect":"34","permit_count":0.0,"DESC_":"T&P RR CO","Block":"34 T1S","pending_permit_count":0.0,"production_trend":null,"production_status":"pdp","pdp_well_count":2.0,"well_count":2.0,"STArea__":28204500.3039,"ABSTRACT_N":"1272","new_permit_count":0.0,"CODE":"1272","pud_well_count":0.0,"legal_desc":"T1S BLK 34 SEC 34 A-1272"}},{"type":"Feature","geometry":{"type":"Polygon","coordinates":[[[-101.66130476743093,32.12715231742643],[-101.67776736120449,32.12339305036566],[-101.6821945198837,32.137422507091244],[-101.67396255341289,32.139307755006975],[-101.66573023867947,32.141192454499965],[-101.66130476743093,32.12715231742643]]]},"properties":{"Surv_Name":null,"max_propensity_score":10.0,"top_operator":"OXY USA INC.","owner_count":1802.0,"ABSTRACT_L":"A-543","field_name":"Unknown","Surv_Sect":"25","permit_count":0.0,"DESC_":"T&P RR CO","Block":"35 T1S","pending_permit_count":0.0,"production_trend":null,"production_status":"pdp","pdp_well_count":34.0,"well_count":34.0,"STArea__":27899817.3742,"ABSTRACT_N":"543","new_permit_count":0.0,"CODE":"543","pud_well_count":0.0,"legal_desc":"T1S BLK 35 SEC 25 A-543"}},{"type":"Feature","geometry":{"type":"Polygon","coordinates":[[[-101.52042792888832,32.128707847259946],[-101.53697080425273,32.1250042592683],[-101.53919307232647,32.131974599116866],[-101.54128899343955,32.139081937906646],[-101.52478839020381,32.14273981532687],[-101.52042792888832,32.128707847259946]]]},"properties":{"Surv_Name":null,"max_propensity_score":8.0,"top_operator":"SMC OIL & GAS, INC.","owner_count":96.0,"ABSTRACT_L":"A-378","field_name":"Unknown","Surv_Sect":"41","permit_count":0.0,"DESC_":"T&P RR CO","Block":"33 T1S","pending_permit_count":0.0,"production_trend":null,"production_status":"pdp","pdp_well_count":10.0,"well_count":10.0,"STArea__":28017734.2752,"ABSTRACT_N":"378","new_permit_count":0.0,"CODE":"378","pud_well_count":0.0,"legal_desc":"T1S BLK 33 SEC 41 A-378"}},{"type":"Feature","geometry":{"type":"Polygon","coordinates":[[[-101.67776736120449,32.12339305036566],[-101.69427142099546,32.119549301860914],[-101.69464852899141,32.12071569471807],[-101.69441671421883,32.1345991757785],[-101.6821945198837,32.137422507091244],[-101.67776736120449,32.12339305036566]]]},"properties":{"Surv_Name":"OXSHEER, M V","max_propensity_score":8.0,"top_operator":"NEW HEIGHT ENERGY, LLC","owner_count":133.0,"ABSTRACT_L":"A-1415","field_name":"Unknown","Surv_Sect":"26","permit_count":0.0,"DESC_":"T&P RR CO","Block":"35 T1S","pending_permit_count":0.0,"production_trend":null,"production_status":"pdp","pdp_well_count":17.0,"well_count":17.0,"STArea__":24689390.4822,"ABSTRACT_N":"1415","new_permit_count":0.0,"CODE":"1415","pud_well_count":0.0,"legal_desc":"T1S BLK 35 SEC 26 A-1415"}},{"type":"Feature","geometry":{"type":"Polygon","coordinates":[[[-101.60741539444251,32.12420039919073],[-101.6239074108676,32.12047269199935],[-101.62818734076805,32.134609492603666],[-101.61978552312723,32.136488255409624],[-101.61188237977763,32.13825491458696],[-101.60741539444251,32.12420039919073]]]},"properties":{"Surv_Name":null,"max_propensity_score":6.0,"top_operator":"DIAMONDBACK E&P LLC","owner_count":24.0,"ABSTRACT_L":"A-419","field_name":"Unknown","Surv_Sect":"33","permit_count":0.0,"DESC_":"T&P RR CO","Block":"34 T1S","pending_permit_count":0.0,"production_trend":null,"production_status":"pdp","pdp_well_count":5.0,"well_count":5.0,"STArea__":27849617.9024,"ABSTRACT_N":"419","new_permit_count":0.0,"CODE":"419","pud_well_count":0.0,"legal_desc":"T1S BLK 34 SEC 33 A-419"}},{"type":"Feature","geometry":{"type":"Polygon","coordinates":[[[-101.55345686794365,32.12131088066925],[-101.57011462372492,32.11744366423712],[-101.57017941434327,32.11765653870227],[-101.57047659092531,32.11871865837862],[-101.57239050905841,32.125558456262446],[-101.57439449313534,32.13176661614454],[-101.55796479993008,32.13532943441993],[-101.55787494385014,32.13534951569876],[-101.55556511718318,32.128289225772455],[-101.55345686794365,32.12131088066925]]]},"properties":{"Surv_Name":null,"max_propensity_score":7.0,"top_operator":"SMC OIL & GAS, INC.","owner_count":20.0,"ABSTRACT_L":"A-421","field_name":"Unknown","Surv_Sect":"37","permit_count":0.0,"DESC_":"T&P RR CO","Block":"34 T1S","pending_permit_count":0.0,"production_trend":null,"production_status":"pdp","pdp_well_count":9.0,"well_count":9.0,"STArea__":28271334.4254,"ABSTRACT_N":"421","new_permit_count":0.0,"CODE":"421","pud_well_count":0.0,"legal_desc":"T1S BLK 34 SEC 37 A-421"}},{"type":"Feature","geometry":{"type":"Polygon","coordinates":[[[-101.49948875117231,32.11859797615399],[-101.49967917961588,32.11856652519389],[-101.50403120975142,32.132376225940135],[-101.48714571900156,32.13608341956718],[-101.48292353059622,32.12213599812697],[-101.48976123755988,32.12067589455657],[-101.4977126862908,32.11897743063729],[-101.49948875117231,32.11859797615399]]]},"properties":{"Surv_Name":"BALLARD, C A","max_propensity_score":8.0,"top_operator":"FLAT TOP OPERATING, LL","owner_count":132.0,"ABSTRACT_L":"A-1110","field_name":"Unknown","Surv_Sect":"46","permit_count":0.0,"DESC_":"T&P RR CO","Block":"33 T1S","pending_permit_count":0.0,"production_trend":null,"production_status":"pdp","pdp_well_count":11.0,"well_count":11.0,"STArea__":28058564.4551,"ABSTRACT_N":"1110","new_permit_count":0.0,"CODE":"1110","pud_well_count":0.0,"legal_desc":"T1S BLK 33 SEC 46 A-1110"}},{"type":"Feature","geometry":{"type":"Polygon","coordinates":[[[-101.6488044251932,32.114893642455144],[-101.6568500224024,32.1130338120565],[-101.65915641233502,32.12002165438411],[-101.66130476743093,32.12715231742643],[-101.64494087738919,32.13081690761357],[-101.64152095575312,32.11991458304149],[-101.640680626118,32.117235285125425],[-101.64051931102351,32.11672093252225],[-101.64156040979894,32.116491351243305],[-101.6488044251932,32.114893642455144]]]},"properties":{"Surv_Name":null,"max_propensity_score":8.0,"top_operator":"OXY USA INC.","owner_count":849.0,"ABSTRACT_L":"A-418","field_name":"Unknown","Surv_Sect":"31","permit_count":0.0,"DESC_":"T&P RR CO","Block":"34 T1S","pending_permit_count":0.0,"production_trend":null,"production_status":"pdp","pdp_well_count":10.0,"well_count":10.0,"STArea__":27854873.8831,"ABSTRACT_N":"418","new_permit_count":0.0,"CODE":"418","pud_well_count":0.0,"legal_desc":"T1S BLK 34 SEC 31 A-418"}},{"type":"Feature","geometry":{"type":"Polygon","coordinates":[[[-101.57011462372492,32.11744366423712],[-101.58653683736001,32.11374933803207],[-101.5908407943419,32.127944241037525],[-101.57439449313534,32.13176661614454],[-101.57239050905841,32.125558456262446],[-101.57047659092531,32.11871865837862],[-101.57017941434327,32.11765653870227],[-101.57011462372492,32.11744366423712]]]},"properties":{"Surv_Name":"FINLEY, M E","max_propensity_score":0.0,"top_operator":"","owner_count":0.0,"ABSTRACT_L":"A-1274","field_name":"Unknown","Surv_Sect":"38","permit_count":0.0,"DESC_":"T&P RR CO","Block":"34 T1S","pending_permit_count":0.0,"production_trend":null,"production_status":"pdp","pdp_well_count":4.0,"well_count":4.0,"STArea__":28329230.3211,"ABSTRACT_N":"1274","new_permit_count":0.0,"CODE":"1274","pud_well_count":0.0,"legal_desc":"T1S BLK 34 SEC 38 A-1274"}},{"type":"Feature","geometry":{"type":"Polygon","coordinates":[[[-101.58653683736001,32.11374933803207],[-101.6029450813403,32.110048055822006],[-101.60741539444251,32.12420039919073],[-101.5908407943419,32.127944241037525],[-101.58653683736001,32.11374933803207]]]},"properties":{"Surv_Name":null,"max_propensity_score":7.0,"top_operator":"OXYROCK OPERATING, LLC","owner_count":26.0,"ABSTRACT_L":"A-422","field_name":"Unknown","Surv_Sect":"39","permit_count":0.0,"DESC_":"T&P RR CO","Block":"34 T1S","pending_permit_count":0.0,"production_trend":null,"production_status":"pdp","pdp_well_count":8.0,"well_count":8.0,"STArea__":28168750.6192,"ABSTRACT_N":"422","new_permit_count":0.0,"CODE":"422","pud_well_count":0.0,"legal_desc":"T1S BLK 34 SEC 39 A-422"}},{"type":"Feature","geometry":{"type":"Polygon","coordinates":[[[-101.51613084718872,32.114875395811424],[-101.53267554018869,32.111040143528164],[-101.53349649800033,32.11357754565574],[-101.53422512411082,32.11576173017875],[-101.534919799348,32.117956698732726],[-101.53697080425273,32.1250042592683],[-101.52867800579408,32.12686115110542],[-101.52104663492864,32.128569378092635],[-101.52042792888832,32.128707847259946],[-101.51822903110688,32.121630071381794],[-101.51707527987358,32.1179159368894],[-101.51613084718872,32.114875395811424]]]},"properties":{"Surv_Name":"CAYLOR, H W","max_propensity_score":1.0,"top_operator":"LAKE CRYSTAL OPERATING","owner_count":6.0,"ABSTRACT_L":"A-1254","field_name":"Unknown","Surv_Sect":"44","permit_count":0.0,"DESC_":"T&P RR CO","Block":"33 T1S","pending_permit_count":0.0,"production_trend":null,"production_status":"pdp","pdp_well_count":6.0,"well_count":6.0,"STArea__":27819182.4772,"ABSTRACT_N":"1254","new_permit_count":0.0,"CODE":"1254","pud_well_count":0.0,"legal_desc":"T1S BLK 33 SEC 44 A-1254"}},{"type":"Feature","geometry":{"type":"Polygon","coordinates":[[[-101.6029450813403,32.110048055822006],[-101.61959555486533,32.1062822868311],[-101.6239074108676,32.12047269199935],[-101.60741539444251,32.12420039919073],[-101.6029450813403,32.110048055822006]]]},"properties":{"Surv_Name":"QUINN, J T","max_propensity_score":6.0,"top_operator":"DIAMONDBACK E&P LLC","owner_count":13.0,"ABSTRACT_L":"A-1178","field_name":"Unknown","Surv_Sect":"40","permit_count":0.0,"DESC_":"T&P RR CO","Block":"34 T1S","pending_permit_count":0.0,"production_trend":null,"production_status":"pdp","pdp_well_count":5.0,"well_count":5.0,"STArea__":28306799.6645,"ABSTRACT_N":"1178","new_permit_count":0.0,"CODE":"1178","pud_well_count":0.0,"legal_desc":"T1S BLK 34 SEC 40 A-1178"}},{"type":"Feature","geometry":{"type":"Polygon","coordinates":[[[-101.67338399480734,32.10940386644873],[-101.68978556375635,32.10567217061867],[-101.69427142099546,32.119549301860914],[-101.67776736120449,32.12339305036566],[-101.67553634916216,32.1163421699437],[-101.67338399480734,32.10940386644873]]]},"properties":{"Surv_Name":null,"max_propensity_score":8.0,"top_operator":"OXYROCK OPERATING, LLC","owner_count":54.0,"ABSTRACT_L":"A-545","field_name":"Unknown","Surv_Sect":"35","permit_count":0.0,"DESC_":"T&P RR CO","Block":"35 T1S","pending_permit_count":0.0,"production_trend":null,"production_status":"pdp","pdp_well_count":12.0,"well_count":12.0,"STArea__":27732280.3923,"ABSTRACT_N":"545","new_permit_count":0.0,"CODE":"545","pud_well_count":0.0,"legal_desc":"T1S BLK 35 SEC 35 A-545"}},{"type":"Feature","geometry":{"type":"Polygon","coordinates":[[[-101.53267554018869,32.111040143528164],[-101.54915118189486,32.107302910829446],[-101.55064994147983,32.11251900737559],[-101.55074238393848,32.11280858430579],[-101.55144056620644,32.1149955878772],[-101.55345686794365,32.12131088066925],[-101.54602543951317,32.122976056204166],[-101.54128027955797,32.12403904805701],[-101.53911610689902,32.124523788375896],[-101.53697080425273,32.1250042592683],[-101.534919799348,32.117956698732726],[-101.53422512411082,32.11576173017875],[-101.53349649800033,32.11357754565574],[-101.53267554018869,32.111040143528164]]]},"properties":{"Surv_Name":null,"max_propensity_score":5.0,"top_operator":"SM ENERGY COMPANY","owner_count":55.0,"ABSTRACT_L":"A-379","field_name":"Unknown","Surv_Sect":"43","permit_count":0.0,"DESC_":"T&P RR CO","Block":"33 T1S","pending_permit_count":0.0,"production_trend":null,"production_status":"pdp","pdp_well_count":6.0,"well_count":6.0,"STArea__":27586634.98,"ABSTRACT_N":"379","new_permit_count":0.0,"CODE":"379","pud_well_count":0.0,"legal_desc":"T1S BLK 33 SEC 43 A-379"}},{"type":"Feature","geometry":{"type":"Polygon","coordinates":[[[-101.69427142099546,32.119549301860914],[-101.69466880546243,32.11945522528159],[-101.694668000306,32.11953030878743],[-101.69464852899141,32.12071569471807],[-101.69427142099546,32.119549301860914]]]},"properties":{"Surv_Name":null,"max_propensity_score":0.0,"top_operator":"","owner_count":0.0,"ABSTRACT_L":"A-?12","field_name":"Unknown","Surv_Sect":"27","permit_count":0.0,"DESC_":"T&P RR CO","Block":"35 T1S","pending_permit_count":0.0,"production_trend":null,"production_status":"none","pdp_well_count":0.0,"well_count":0.0,"STArea__":28131.498377,"ABSTRACT_N":"?12","new_permit_count":0.0,"CODE":"?12","pud_well_count":0.0,"legal_desc":"T1S BLK 35 SEC 27 A-?12"}},{"type":"Feature","geometry":{"type":"Polygon","coordinates":[[[-101.68978556375635,32.10567217061867],[-101.69482893958151,32.10451595178465],[-101.6946697472971,32.11935836954311],[-101.69466880546243,32.11945522528159],[-101.69427142099546,32.119549301860914],[-101.68978556375635,32.10567217061867]]]},"properties":{"Surv_Name":"BRYCE, J L","max_propensity_score":7.0,"top_operator":"PIONEER NATURAL RES. U","owner_count":87.0,"ABSTRACT_L":"A-1697","field_name":"Unknown","Surv_Sect":"34","permit_count":0.0,"DESC_":"T&P RR CO","Block":"35 T1S","pending_permit_count":0.0,"production_trend":null,"production_status":"pdp","pdp_well_count":1.0,"well_count":1.0,"STArea__":4567925.06957,"ABSTRACT_N":"1697","new_permit_count":0.0,"CODE":"1697","pud_well_count":0.0,"legal_desc":"T1S BLK 35 SEC 34 A-1697"}},{"type":"Feature","geometry":{"type":"Polygon","coordinates":[[[-101.62499995830962,32.10500543361552],[-101.6360023744382,32.10259350210876],[-101.64051931102351,32.11672093252225],[-101.63219652403943,32.11859814712676],[-101.6239074108676,32.12047269199935],[-101.61959555486533,32.1062822868311],[-101.62499995830962,32.10500543361552]]]},"properties":{"Surv_Name":null,"max_propensity_score":7.0,"top_operator":"OXY USA INC.","owner_count":35.0,"ABSTRACT_L":"A-423","field_name":"Unknown","Surv_Sect":"41","permit_count":0.0,"DESC_":"T&P RR CO","Block":"34 T1S","pending_permit_count":0.0,"production_trend":null,"production_status":"pdp","pdp_well_count":8.0,"well_count":8.0,"STArea__":28237448.5353,"ABSTRACT_N":"423","new_permit_count":0.0,"CODE":"423","pud_well_count":0.0,"legal_desc":"T1S BLK 34 SEC 41 A-423"}},{"type":"Feature","geometry":{"type":"Polygon","coordinates":[[[-101.55064994147983,32.11251900737559],[-101.54915118189486,32.107302910829446],[-101.54915630041309,32.10731891439587],[-101.5655615640992,32.103569664618774],[-101.56845697562264,32.11227815171865],[-101.56901158739261,32.11400648515519],[-101.57011462372492,32.11744366423712],[-101.55345686794365,32.12131088066925],[-101.55144056620644,32.1149955878772],[-101.55074238393848,32.11280858430579],[-101.55064994147983,32.11251900737559]]]},"properties":{"Surv_Name":"LOVELACE, B P","max_propensity_score":0.0,"top_operator":"","owner_count":0.0,"ABSTRACT_L":"A-1152","field_name":"Unknown","Surv_Sect":"48","permit_count":0.0,"DESC_":"T&P RR CO","Block":"34 T1S","pending_permit_count":0.0,"production_trend":null,"production_status":"pdp","pdp_well_count":2.0,"well_count":2.0,"STArea__":27958045.6503,"ABSTRACT_N":"1152","new_permit_count":0.0,"CODE":"1152","pud_well_count":0.0,"legal_desc":"T1S BLK 34 SEC 48 A-1152"}},{"type":"Feature","geometry":{"type":"Polygon","coordinates":[[[-101.56570182272587,32.10369126192949],[-101.58227018674484,32.0999195329205],[-101.58653683736001,32.11374933803207],[-101.57011462372492,32.11744366423712],[-101.56570182272587,32.10369126192949]]]},"properties":{"Surv_Name":null,"max_propensity_score":7.0,"top_operator":"OXY USA INC.","owner_count":16.0,"ABSTRACT_L":"A-426","field_name":"Unknown","Surv_Sect":"47","permit_count":0.0,"DESC_":"T&P RR CO","Block":"34 T1S","pending_permit_count":0.0,"production_trend":null,"production_status":"pdp","pdp_well_count":11.0,"well_count":11.0,"STArea__":27452607.5423,"ABSTRACT_N":"426","new_permit_count":0.0,"CODE":"426","pud_well_count":0.0,"legal_desc":"T1S BLK 34 SEC 47 A-426"}},{"type":"Feature","geometry":{"type":"Polygon","coordinates":[[[-101.6360023744382,32.10259350210876],[-101.65257928796103,32.09896640830225],[-101.6568500224024,32.1130338120565],[-101.6488044251932,32.114893642455144],[-101.64156040979894,32.116491351243305],[-101.64051931102351,32.11672093252225],[-101.6360023744382,32.10259350210876]]]},"properties":{"Surv_Name":"RAWLINGS, J","max_propensity_score":7.0,"top_operator":"OXY USA INC.","owner_count":148.0,"ABSTRACT_L":"A-1422","field_name":"Unknown","Surv_Sect":"42","permit_count":0.0,"DESC_":"T&P RR CO","Block":"34 T1S","pending_permit_count":0.0,"production_trend":null,"production_status":"pdp","pdp_well_count":12.0,"well_count":12.0,"STArea__":27980959.4321,"ABSTRACT_N":"1422","new_permit_count":0.0,"CODE":"1422","pud_well_count":0.0,"legal_desc":"T1S BLK 34 SEC 42 A-1422"}},{"type":"Feature","geometry":{"type":"Polygon","coordinates":[[[-101.52211866642809,32.09865198587835],[-101.52814526649092,32.09731109302372],[-101.53267554018869,32.111040143528164],[-101.51613084718872,32.114875395811424],[-101.51391902357318,32.10775374374186],[-101.51180501794687,32.10094595349227],[-101.52211866642809,32.09865198587835]]]},"properties":{"Surv_Name":null,"max_propensity_score":0.0,"top_operator":"","owner_count":0.0,"ABSTRACT_L":"A-384","field_name":"Unknown","Surv_Sect":"5","permit_count":0.0,"DESC_":"T&P RR CO","Block":"33 T2S","pending_permit_count":0.0,"production_trend":null,"production_status":"pdp","pdp_well_count":5.0,"well_count":5.0,"STArea__":27480194.5529,"ABSTRACT_N":"384","new_permit_count":0.0,"CODE":"384","pud_well_count":0.0,"legal_desc":"T2S BLK 33 SEC 5 A-384"}},{"type":"Feature","geometry":{"type":"Polygon","coordinates":[[[-101.65257928796103,32.09896640830225],[-101.6689080436221,32.0953627440725],[-101.66967309125995,32.09776303200016],[-101.67338399480734,32.10940386644873],[-101.6568500224024,32.1130338120565],[-101.65257928796103,32.09896640830225]]]},"properties":{"Surv_Name":null,"max_propensity_score":7.0,"top_operator":"OXY USA INC.","owner_count":168.0,"ABSTRACT_L":"A-542","field_name":"Unknown","Surv_Sect":"37","permit_count":0.0,"DESC_":"T&P RR CO","Block":"35 T1S","pending_permit_count":0.0,"production_trend":null,"production_status":"pdp","pdp_well_count":14.0,"well_count":14.0,"STArea__":27798716.532,"ABSTRACT_N":"542","new_permit_count":0.0,"CODE":"542","pud_well_count":0.0,"legal_desc":"T1S BLK 35 SEC 37 A-542"}},{"type":"Feature","geometry":{"type":"Polygon","coordinates":[[[-101.58227018674484,32.0999195329205],[-101.59858790342308,32.09620237983325],[-101.6029450813403,32.110048055822006],[-101.58653683736001,32.11374933803207],[-101.58227018674484,32.0999195329205]]]},"properties":{"Surv_Name":"LOVELACE, B P","max_propensity_score":0.0,"top_operator":"","owner_count":0.0,"ABSTRACT_L":"A-1151","field_name":"Unknown","Surv_Sect":"46","permit_count":0.0,"DESC_":"T&P RR CO","Block":"34 T1S","pending_permit_count":0.0,"production_trend":null,"production_status":"pdp","pdp_well_count":9.0,"well_count":9.0,"STArea__":27310908.1444,"ABSTRACT_N":"1151","new_permit_count":0.0,"CODE":"1151","pud_well_count":0.0,"legal_desc":"T1S BLK 34 SEC 46 A-1151"}},{"type":"Feature","geometry":{"type":"Polygon","coordinates":[[[-101.53245759873656,32.09635141181757],[-101.54465752940861,32.09363547171931],[-101.54915118189486,32.107302910829446],[-101.53267554018869,32.111040143528164],[-101.52814526649092,32.09731109302372],[-101.53245759873656,32.09635141181757]]]},"properties":{"Surv_Name":"BALLARD, C A","max_propensity_score":0.0,"top_operator":"","owner_count":0.0,"ABSTRACT_L":"A-1111","field_name":"Unknown","Surv_Sect":"6","permit_count":0.0,"DESC_":"T&P RR CO","Block":"33 T2S","pending_permit_count":0.0,"production_trend":null,"production_status":"pdp","pdp_well_count":1.0,"well_count":1.0,"STArea__":27338878.6456,"ABSTRACT_N":"1111","new_permit_count":0.0,"CODE":"1111","pud_well_count":0.0,"legal_desc":"T2S BLK 33 SEC 6 A-1111"}},{"type":"Feature","geometry":{"type":"Polygon","coordinates":[[[-101.59858790342308,32.09620237983325],[-101.61516072996929,32.09242458940767],[-101.61959555486533,32.1062822868311],[-101.6029450813403,32.110048055822006],[-101.59858790342308,32.09620237983325]]]},"properties":{"Surv_Name":null,"max_propensity_score":6.0,"top_operator":"OXY USA INC.","owner_count":23.0,"ABSTRACT_L":"A-425","field_name":"Unknown","Surv_Sect":"45","permit_count":0.0,"DESC_":"T&P RR CO","Block":"34 T1S","pending_permit_count":0.0,"production_trend":null,"production_status":"pdp","pdp_well_count":11.0,"well_count":11.0,"STArea__":27791969.2948,"ABSTRACT_N":"425","new_permit_count":0.0,"CODE":"425","pud_well_count":0.0,"legal_desc":"T1S BLK 34 SEC 45 A-425"}},{"type":"Feature","geometry":{"type":"Polygon","coordinates":[[[-101.66967309125995,32.09776303200016],[-101.68610670229847,32.093650114646195],[-101.68978556375635,32.10567217061867],[-101.67338399480734,32.10940386644873],[-101.66967309125995,32.09776303200016]]]},"properties":{"Surv_Name":"OXSHEER, M V","max_propensity_score":2.0,"top_operator":"SCOUT ENERGY MANAGEMEN","owner_count":6.0,"ABSTRACT_L":"A-1418","field_name":"Unknown","Surv_Sect":"38","permit_count":0.0,"DESC_":"T&P RR CO","Block":"35 T1S","pending_permit_count":0.0,"production_trend":null,"production_status":"pdp","pdp_well_count":6.0,"well_count":6.0,"STArea__":23516949.1005,"ABSTRACT_N":"1418","new_permit_count":0.0,"CODE":"1418","pud_well_count":0.0,"legal_desc":"T1S BLK 35 SEC 38 A-1418"}},{"type":"Feature","geometry":{"type":"Polygon","coordinates":[[[-101.61516072996929,32.09242458940767],[-101.63158006202706,32.088679280692844],[-101.6360023744382,32.10259350210876],[-101.62499995830962,32.10500543361552],[-101.61959555486533,32.1062822868311],[-101.61516072996929,32.09242458940767]]]},"properties":{"Surv_Name":"COCKERHAM, I B","max_propensity_score":7.0,"top_operator":"OXY USA INC.","owner_count":102.0,"ABSTRACT_L":"A-1258","field_name":"Unknown","Surv_Sect":"44","permit_count":0.0,"DESC_":"T&P RR CO","Block":"34 T1S","pending_permit_count":0.0,"production_trend":null,"production_status":"pdp","pdp_well_count":4.0,"well_count":4.0,"STArea__":27475808.1061,"ABSTRACT_N":"1258","new_permit_count":0.0,"CODE":"1258","pud_well_count":0.0,"legal_desc":"T1S BLK 34 SEC 44 A-1258"}},{"type":"Feature","geometry":{"type":"Polygon","coordinates":[[[-101.68610670229847,32.093650114646195],[-101.69496706105483,32.091638184435304],[-101.69482893958151,32.10451595178465],[-101.68978556375635,32.10567217061867],[-101.68610670229847,32.093650114646195]]]},"properties":{"Surv_Name":null,"max_propensity_score":2.0,"top_operator":"PIONEER NATURAL RES. U","owner_count":3.0,"ABSTRACT_L":"A-544","field_name":"Unknown","Surv_Sect":"39","permit_count":0.0,"DESC_":"T&P RR CO","Block":"35 T1S","pending_permit_count":0.0,"production_trend":null,"production_status":"pdp","pdp_well_count":1.0,"well_count":1.0,"STArea__":10067444.1919,"ABSTRACT_N":"544","new_permit_count":0.0,"CODE":"544","pud_well_count":0.0,"legal_desc":"T1S BLK 35 SEC 39 A-544"}},{"type":"Feature","geometry":{"type":"Polygon","coordinates":[[[-101.5449067858285,32.093577759916776],[-101.56124391931525,32.08979386926866],[-101.5655615640992,32.103569664618774],[-101.54915630041309,32.10731891439587],[-101.54915118189486,32.107302910829446],[-101.54465752940861,32.09363547171931],[-101.5449067858285,32.093577759916776]]]},"properties":{"Surv_Name":null,"max_propensity_score":0.0,"top_operator":"","owner_count":0.0,"ABSTRACT_L":"A-427","field_name":"Unknown","Surv_Sect":"1","permit_count":0.0,"DESC_":"T&P RR CO","Block":"34 T2S","pending_permit_count":0.0,"production_trend":null,"production_status":"pdp","pdp_well_count":1.0,"well_count":1.0,"STArea__":27401996.7725,"ABSTRACT_N":"427","new_permit_count":0.0,"CODE":"427","pud_well_count":0.0,"legal_desc":"T2S BLK 34 SEC 1 A-427"}},{"type":"Feature","geometry":{"type":"Polygon","coordinates":[[[-101.56124391931525,32.08979386926866],[-101.57284125484706,32.087130195047344],[-101.57833144359707,32.087148689319456],[-101.58227018674484,32.0999195329205],[-101.56570182272587,32.10369126192949],[-101.56124391931525,32.08979386926866]]]},"properties":{"Surv_Name":"LOVELACE, B P","max_propensity_score":0.0,"top_operator":"","owner_count":0.0,"ABSTRACT_L":"A-1153","field_name":"Unknown","Surv_Sect":"2","permit_count":0.0,"DESC_":"T&P RR CO","Block":"34 T2S","pending_permit_count":0.0,"production_trend":null,"production_status":"pdp","pdp_well_count":1.0,"well_count":1.0,"STArea__":27635951.0328,"ABSTRACT_N":"1153","new_permit_count":0.0,"CODE":"1153","pud_well_count":0.0,"legal_desc":"T2S BLK 34 SEC 2 A-1153"}},{"type":"Feature","geometry":{"type":"Polygon","coordinates":[[[-101.63158006202706,32.088679280692844],[-101.63722057666934,32.08739208250464],[-101.64899001781632,32.08743377116854],[-101.65257928796103,32.09896640830225],[-101.6360023744382,32.10259350210876],[-101.63158006202706,32.088679280692844]]]},"properties":{"Surv_Name":null,"max_propensity_score":6.0,"top_operator":"RP OPERATING, L.L.C.","owner_count":35.0,"ABSTRACT_L":"A-424","field_name":"Unknown","Surv_Sect":"43","permit_count":0.0,"DESC_":"T&P RR CO","Block":"34 T1S","pending_permit_count":0.0,"production_trend":null,"production_status":"pdp","pdp_well_count":14.0,"well_count":14.0,"STArea__":26328218.7799,"ABSTRACT_N":"424","new_permit_count":0.0,"CODE":"424","pud_well_count":0.0,"legal_desc":"T1S BLK 34 SEC 43 A-424"}},{"type":"Feature","geometry":{"type":"Polygon","coordinates":[[[-101.49102161124846,32.09029404391021],[-101.50456850441948,32.08717878647348],[-101.50535121986957,32.08717879168393],[-101.50753094480592,32.08717878237605],[-101.51180501794687,32.10094595349227],[-101.50322294413596,32.10279023215183],[-101.49529653932106,32.10445848015955],[-101.49449496453677,32.1012894634853],[-101.49102161124846,32.09029404391021]]]},"properties":{"Surv_Name":null,"max_propensity_score":9.0,"top_operator":"VITAL ENERGY, INC.","owner_count":27.0,"ABSTRACT_L":"A-385","field_name":"Unknown","Surv_Sect":"9","permit_count":0.0,"DESC_":"T&P RR CO","Block":"33 T2S","pending_permit_count":0.0,"production_trend":null,"production_status":"pdp","pdp_well_count":3.0,"well_count":3.0,"STArea__":27986618.3941,"ABSTRACT_N":"385","new_permit_count":0.0,"CODE":"385","pud_well_count":0.0,"legal_desc":"T2S BLK 33 SEC 9 A-385"}},{"type":"Feature","geometry":{"type":"Polygon","coordinates":[[[-101.51180501794687,32.10094595349227],[-101.50753094480592,32.08717878237605],[-101.52491290180448,32.08716401006553],[-101.52814526649092,32.09731109302372],[-101.51180501794687,32.10094595349227]]]},"properties":{"Surv_Name":"BALLARD, C A","max_propensity_score":5.0,"top_operator":"VITAL ENERGY, INC.","owner_count":35.0,"ABSTRACT_L":"A-1112","field_name":"Unknown","Surv_Sect":"8","permit_count":0.0,"DESC_":"T&P RR CO","Block":"33 T2S","pending_permit_count":0.0,"production_trend":null,"production_status":"pdp","pdp_well_count":6.0,"well_count":6.0,"STArea__":23488073.0512,"ABSTRACT_N":"1112","new_permit_count":0.0,"CODE":"1112","pud_well_count":0.0,"legal_desc":"T2S BLK 33 SEC 8 A-1112"}},{"type":"Feature","geometry":{"type":"Polygon","coordinates":[[[-101.58227018674484,32.0999195329205],[-101.57833144359707,32.087148689319456],[-101.5957728901666,32.08725484485995],[-101.59858790342308,32.09620237983325],[-101.58227018674484,32.0999195329205]]]},"properties":{"Surv_Name":null,"max_propensity_score":0.0,"top_operator":"","owner_count":0.0,"ABSTRACT_L":"A-428","field_name":"Unknown","Surv_Sect":"3","permit_count":0.0,"DESC_":"T&P RR CO","Block":"34 T2S","pending_permit_count":0.0,"production_trend":null,"production_status":"pdp","pdp_well_count":4.0,"well_count":4.0,"STArea__":21340185.5285,"ABSTRACT_N":"428","new_permit_count":0.0,"CODE":"428","pud_well_count":0.0,"legal_desc":"T2S BLK 34 SEC 3 A-428"}},{"type":"Feature","geometry":{"type":"Polygon","coordinates":[[[-101.65257928796103,32.09896640830225],[-101.64899001781632,32.08743377116854],[-101.66639180027936,32.0874672590856],[-101.6689080436221,32.0953627440725],[-101.65257928796103,32.09896640830225]]]},"properties":{"Surv_Name":"OXSHEER, M V","max_propensity_score":8.0,"top_operator":"OXY USA INC.","owner_count":76.0,"ABSTRACT_L":"A-1417","field_name":"Unknown","Surv_Sect":"48","permit_count":0.0,"DESC_":"T&P RR CO","Block":"35 T1S","pending_permit_count":0.0,"production_trend":null,"production_status":"pdp","pdp_well_count":8.0,"well_count":8.0,"STArea__":19073685.774,"ABSTRACT_N":"1417","new_permit_count":0.0,"CODE":"1417","pud_well_count":0.0,"legal_desc":"T1S BLK 35 SEC 48 A-1417"}},{"type":"Feature","geometry":{"type":"Polygon","coordinates":[[[-101.52814526649092,32.09731109302372],[-101.52491290180448,32.08716401006553],[-101.5425871241789,32.087104218676664],[-101.54465752940861,32.09363547171931],[-101.52814526649092,32.09731109302372]]]},"properties":{"Surv_Name":null,"max_propensity_score":5.0,"top_operator":"VITAL ENERGY, INC.","owner_count":34.0,"ABSTRACT_L":"A-501","field_name":"Unknown","Surv_Sect":"7","permit_count":0.0,"DESC_":"T&P RR CO","Block":"33 T2S","pending_permit_count":0.0,"production_trend":null,"production_status":"pdp","pdp_well_count":1.0,"well_count":1.0,"STArea__":16619302.5723,"ABSTRACT_N":"501","new_permit_count":0.0,"CODE":"501","pud_well_count":0.0,"legal_desc":"T2S BLK 33 SEC 7 A-501"}},{"type":"Feature","geometry":{"type":"Polygon","coordinates":[[[-101.6689080436221,32.0953627440725],[-101.66639180027936,32.0874672590856],[-101.68420001851601,32.08750477091304],[-101.68610670229847,32.093650114646195],[-101.66967309125995,32.09776303200016],[-101.6689080436221,32.0953627440725]]]},"properties":{"Surv_Name":null,"max_propensity_score":0.0,"top_operator":"","owner_count":0.0,"ABSTRACT_L":"A-536","field_name":"Unknown","Surv_Sect":"47","permit_count":0.0,"DESC_":"T&P RR CO","Block":"35 T1S","pending_permit_count":0.0,"production_trend":null,"production_status":"pdp","pdp_well_count":4.0,"well_count":4.0,"STArea__":16454044.731,"ABSTRACT_N":"536","new_permit_count":0.0,"CODE":"536","pud_well_count":0.0,"legal_desc":"T1S BLK 35 SEC 47 A-536"}},{"type":"Feature","geometry":{"type":"Polygon","coordinates":[[[-101.59858790342308,32.09620237983325],[-101.5957728901666,32.08725484485995],[-101.61354838913128,32.08730010508976],[-101.61516072996929,32.09242458940767],[-101.59858790342308,32.09620237983325]]]},"properties":{"Surv_Name":"LOVELACE, B P","max_propensity_score":0.0,"top_operator":"","owner_count":0.0,"ABSTRACT_L":"A-1150","field_name":"Unknown","Surv_Sect":"4","permit_count":0.0,"DESC_":"T&P RR CO","Block":"34 T2S","pending_permit_count":0.0,"production_trend":null,"production_status":"pdp","pdp_well_count":3.0,"well_count":3.0,"STArea__":14081152.3937,"ABSTRACT_N":"1150","new_permit_count":0.0,"CODE":"1150","pud_well_count":0.0,"legal_desc":"T2S BLK 34 SEC 4 A-1150"}},{"type":"Feature","geometry":{"type":"Polygon","coordinates":[[[-101.54465752940861,32.09363547171931],[-101.5425871241789,32.087104218676664],[-101.56039172114352,32.08713665565734],[-101.56124391931525,32.08979386926866],[-101.54465752940861,32.09363547171931]]]},"properties":{"Surv_Name":"MABRY, A T","max_propensity_score":0.0,"top_operator":"","owner_count":0.0,"ABSTRACT_L":"A-1543","field_name":"Unknown","Surv_Sect":"12","permit_count":0.0,"DESC_":"T&P RR CO","Block":"34 T2S","pending_permit_count":0.0,"production_trend":null,"production_status":"pdp","pdp_well_count":1.0,"well_count":1.0,"STArea__":9215236.41684,"ABSTRACT_N":"1543","new_permit_count":0.0,"CODE":"1543","pud_well_count":0.0,"legal_desc":"T2S BLK 34 SEC 12 A-1543"}},{"type":"Feature","geometry":{"type":"Polygon","coordinates":[[[-101.68610670229847,32.093650114646195],[-101.68420001851601,32.08750477091304],[-101.69501201850261,32.087532771064154],[-101.69496706105483,32.091638184435304],[-101.68610670229847,32.093650114646195]]]},"properties":{"Surv_Name":"RAWLINGS, J T","max_propensity_score":0.0,"top_operator":"","owner_count":0.0,"ABSTRACT_L":"A-1548","field_name":"Unknown","Surv_Sect":"46","permit_count":0.0,"DESC_":"T&P RR CO","Block":"35 T1S","pending_permit_count":0.0,"production_trend":null,"production_status":"pdp","pdp_well_count":3.0,"well_count":3.0,"STArea__":5784603.31985,"ABSTRACT_N":"1548","new_permit_count":0.0,"CODE":"1548","pud_well_count":0.0,"legal_desc":"T1S BLK 35 SEC 46 A-1548"}},{"type":"Feature","geometry":{"type":"Polygon","coordinates":[[[-101.61516072996929,32.09242458940767],[-101.61354838913128,32.08730010508976],[-101.63116724801057,32.08736806035629],[-101.63158006202706,32.088679280692844],[-101.61516072996929,32.09242458940767]]]},"properties":{"Surv_Name":null,"max_propensity_score":0.0,"top_operator":"","owner_count":0.0,"ABSTRACT_L":"A-512","field_name":"Unknown","Surv_Sect":"5","permit_count":0.0,"DESC_":"T&P RR CO","Block":"34 T3S","pending_permit_count":0.0,"production_trend":null,"production_status":"pdp","pdp_well_count":1.0,"well_count":1.0,"STArea__":6380647.05374,"ABSTRACT_N":"512","new_permit_count":0.0,"CODE":"512","pud_well_count":0.0,"legal_desc":"T3S BLK 34 SEC 5 A-512"}},{"type":"Feature","geometry":{"type":"Polygon","coordinates":[[[-101.56124391931525,32.08979386926866],[-101.56039172114352,32.08713665565734],[-101.57284125484706,32.087130195047344],[-101.56124391931525,32.08979386926866]]]},"properties":{"Surv_Name":null,"max_propensity_score":0.0,"top_operator":"","owner_count":0.0,"ABSTRACT_L":"A-515","field_name":"Unknown","Surv_Sect":"11","permit_count":0.0,"DESC_":"T&P RR CO","Block":"34 T2S","pending_permit_count":0.0,"production_trend":null,"production_status":"pdp","pdp_well_count":1.0,"well_count":1.0,"STArea__":1864102.11686,"ABSTRACT_N":"515","new_permit_count":0.0,"CODE":"515","pud_well_count":0.0,"legal_desc":"T2S BLK 34 SEC 11 A-515"}},{"type":"Feature","geometry":{"type":"Polygon","coordinates":[[[-101.63158006202706,32.088679280692844],[-101.63116724801057,32.08736806035629],[-101.63722057666934,32.08739208250464],[-101.63158006202706,32.088679280692844]]]},"properties":{"Surv_Name":"SALE, J R","max_propensity_score":5.0,"top_operator":"APACHE CORPORATION","owner_count":4.0,"ABSTRACT_L":"A-1704","field_name":"Unknown","Surv_Sect":"6","permit_count":0.0,"DESC_":"T&P RR CO","Block":"34 T2S","pending_permit_count":0.0,"production_trend":null,"production_status":"none","pdp_well_count":0.0,"well_count":0.0,"STArea__":446629.126135,"ABSTRACT_N":"1704","new_permit_count":0.0,"CODE":"1704","pud_well_count":0.0,"legal_desc":"T2S BLK 34 SEC 6 A-1704"}},{"type":"Feature","geometry":{"type":"Polygon","coordinates":[[[-101.49102161124846,32.09029404391021],[-101.49003960654535,32.087174202930775],[-101.50456850441948,32.08717878647348],[-101.49102161124846,32.09029404391021]]]},"properties":{"Surv_Name":"SPEARMAN, S J","max_propensity_score":0.0,"top_operator":"","owner_count":0.0,"ABSTRACT_L":"A-1553","field_name":"Unknown","Surv_Sect":"16","permit_count":0.0,"DESC_":"T&P RR CO","Block":"33 T2S","pending_permit_count":0.0,"production_trend":null,"production_status":"none","pdp_well_count":0.0,"well_count":0.0,"STArea__":2553516.48092,"ABSTRACT_N":"1553","new_permit_count":0.0,"CODE":"1553","pud_well_count":0.0,"legal_desc":"T2S BLK 33 SEC 16 A-1553"}},{"type":"Feature","geometry":{"type":"Polygon","coordinates":[[[-101.44204438491332,32.25130052964984],[-101.45097202478746,32.24931546124596],[-101.45479087691831,32.261872137024596],[-101.45527077645069,32.26344982662406],[-101.43893813279644,32.26706073815011],[-101.4387503893908,32.266471636677466],[-101.43864119898656,32.26611524703153],[-101.43847111154764,32.26556008723409],[-101.4384006693812,32.26532626482289],[-101.43825165058713,32.26485564938313],[-101.43821913860805,32.26474259049632],[-101.43801119513292,32.26415210993733],[-101.43796364926439,32.26400290941022],[-101.43783402022761,32.26359613282713],[-101.43445384366889,32.2529877115732],[-101.44204438491332,32.25130052964984]]]},"properties":{"Surv_Name":null,"max_propensity_score":0.0,"top_operator":"","owner_count":0.0,"ABSTRACT_L":"A-150","field_name":"Unknown","Surv_Sect":"45","permit_count":0.0,"DESC_":"T&P RR CO","Block":"32 T1N","pending_permit_count":0.0,"production_trend":null,"production_status":"pdp","pdp_well_count":5.0,"well_count":5.0,"STArea__":27849282.7005,"ABSTRACT_N":"150","new_permit_count":0.0,"CODE":"150","pud_well_count":0.0,"legal_desc":"T1N BLK 32 SEC 45 A-150"}},{"type":"Feature","geometry":{"type":"Polygon","coordinates":[[[-101.39603834662266,32.2466304118541],[-101.39725265879163,32.24636119396919],[-101.3993700478371,32.25338464521752],[-101.4014625258254,32.26032434756605],[-101.38473318230191,32.26403709592092],[-101.38271565786455,32.25700930795982],[-101.38265676797606,32.25670692856429],[-101.38232871395823,32.255708426035234],[-101.38057142573786,32.250058302804455],[-101.38876594508405,32.24824244745951],[-101.39603753610754,32.24663059143089],[-101.39603834662266,32.2466304118541]]]},"properties":{"Surv_Name":null,"max_propensity_score":6.0,"top_operator":"HIGHPEAK ENERGY HOLDIN","owner_count":140.0,"ABSTRACT_L":"A-152","field_name":"Unknown","Surv_Sect":"1","permit_count":0.0,"DESC_":"T&P RR CO","Block":"32 T1S","pending_permit_count":0.0,"production_trend":null,"production_status":"pdp","pdp_well_count":10.0,"well_count":10.0,"STArea__":27926224.2269,"ABSTRACT_N":"152","new_permit_count":0.0,"CODE":"152","pud_well_count":0.0,"legal_desc":"T1S BLK 32 SEC 1 A-152"}},{"type":"Feature","geometry":{"type":"Polygon","coordinates":[[[-101.45097228925307,32.2493154008011],[-101.46755548560265,32.24552359852084],[-101.46755550015959,32.24552365320378],[-101.46873797674002,32.249999999899295],[-101.46873842128436,32.25000145976174],[-101.47170972855865,32.2597915280711],[-101.45527077645069,32.26344982662406],[-101.45097202478746,32.24931546124596],[-101.45097228925307,32.2493154008011]]]},"properties":{"Surv_Name":"STEWART, W T","max_propensity_score":0.0,"top_operator":"","owner_count":0.0,"ABSTRACT_L":"A-599","field_name":"Unknown","Surv_Sect":"44","permit_count":0.0,"DESC_":"T&P RR CO","Block":"32 T1N","pending_permit_count":0.0,"production_trend":null,"production_status":"pdp","pdp_well_count":17.0,"well_count":17.0,"STArea__":28045389.0841,"ABSTRACT_N":"599","new_permit_count":0.0,"CODE":"599","pud_well_count":0.0,"legal_desc":"T1N BLK 32 SEC 44 A-599"}},{"type":"Feature","geometry":{"type":"Polygon","coordinates":[[[-101.31019527090638,32.250532383079026],[-101.32671555933698,32.24694755800979],[-101.33097109657955,32.261036268064956],[-101.31446720361242,32.264684041087],[-101.31019527090638,32.250532383079026]]]},"properties":{"Surv_Name":"JOHNSON, J T","max_propensity_score":7.0,"top_operator":"HIGHPEAK ENERGY HOLDIN","owner_count":58.0,"ABSTRACT_L":"A-984","field_name":"Unknown","Surv_Sect":"10","permit_count":0.0,"DESC_":"T&P RR CO","Block":"31 T1S","pending_permit_count":0.0,"production_trend":null,"production_status":"pdp","pdp_well_count":3.0,"well_count":3.0,"STArea__":27956338.7197,"ABSTRACT_N":"984","new_permit_count":0.0,"CODE":"984","pud_well_count":0.0,"legal_desc":"T1S BLK 31 SEC 10 A-984"}},{"type":"Feature","geometry":{"type":"Polygon","coordinates":[[[-101.39725265879163,32.24636119396919],[-101.41420748581652,32.24260082850215],[-101.41839929597775,32.256567959998904],[-101.41777527641572,32.256702165868624],[-101.4014625258254,32.26032434756605],[-101.39725265879163,32.24636119396919]]]},"properties":{"Surv_Name":"BRESSIE, J W","max_propensity_score":9.0,"top_operator":"SM ENERGY COMPANY","owner_count":168.0,"ABSTRACT_L":"A-615","field_name":"Unknown","Surv_Sect":"2","permit_count":0.0,"DESC_":"T&P RR CO","Block":"32 T1S","pending_permit_count":0.0,"production_trend":null,"production_status":"pdp","pdp_well_count":5.0,"well_count":5.0,"STArea__":28388499.2333,"ABSTRACT_N":"615","new_permit_count":0.0,"CODE":"615","pud_well_count":0.0,"legal_desc":"T1S BLK 32 SEC 2 A-615"}},{"type":"Feature","geometry":{"type":"Polygon","coordinates":[[[-101.47582659547523,32.24368829377895],[-101.48417942021739,32.24174494863026],[-101.48852359034689,32.25609036342009],[-101.47170972855865,32.2597915280711],[-101.46873842128436,32.25000145976174],[-101.46873797674002,32.249999999899295],[-101.46755550015959,32.24552365320378],[-101.46755576669425,32.24552359177104],[-101.46755575116651,32.24552353981796],[-101.47582659547523,32.24368829377895]]]},"properties":{"Surv_Name":null,"max_propensity_score":0.0,"top_operator":"","owner_count":0.0,"ABSTRACT_L":"A-149","field_name":"Unknown","Surv_Sect":"43","permit_count":0.0,"DESC_":"T&P RR CO","Block":"32 T1N","pending_permit_count":0.0,"production_trend":null,"production_status":"pdp","pdp_well_count":3.0,"well_count":3.0,"STArea__":28745531.417,"ABSTRACT_N":"149","new_permit_count":0.0,"CODE":"149","pud_well_count":0.0,"legal_desc":"T1N BLK 32 SEC 43 A-149"}},{"type":"Feature","geometry":{"type":"Polygon","coordinates":[[[-101.32671555933698,32.24694755800979],[-101.34312028173359,32.24338534102571],[-101.34739277202739,32.25740418460809],[-101.33097109657955,32.261036268064956],[-101.32671555933698,32.24694755800979]]]},"properties":{"Surv_Name":null,"max_propensity_score":6.0,"top_operator":"SHARP IMAGE ENERGY, IN","owner_count":27.0,"ABSTRACT_L":"A-108","field_name":"Unknown","Surv_Sect":"9","permit_count":0.0,"DESC_":"T&P RR CO","Block":"31 T1S","pending_permit_count":0.0,"production_trend":null,"production_status":"pdp","pdp_well_count":7.0,"well_count":7.0,"STArea__":27668764.7032,"ABSTRACT_N":"108","new_permit_count":0.0,"CODE":"108","pud_well_count":0.0,"legal_desc":"T1S BLK 31 SEC 9 A-108"}},{"type":"Feature","geometry":{"type":"Polygon","coordinates":[[[-101.25612904184364,32.24739382232678],[-101.27304461972618,32.24360269264965],[-101.2771281987119,32.257700290141514],[-101.26034243863606,32.26149751533147],[-101.25612904184364,32.24739382232678]]]},"properties":{"Surv_Name":"RHOTON, D A","max_propensity_score":7.0,"top_operator":"PALADIN PETROLEUM III,","owner_count":36.0,"ABSTRACT_L":"A-988","field_name":"Unknown","Surv_Sect":"18","permit_count":0.0,"DESC_":"T&P RR CO","Block":"30 T1S","pending_permit_count":0.0,"production_trend":null,"production_status":"pdp","pdp_well_count":11.0,"well_count":11.0,"STArea__":28494155.5418,"ABSTRACT_N":"988","new_permit_count":0.0,"CODE":"988","pud_well_count":0.0,"legal_desc":"T1S BLK 30 SEC 18 A-988"}},{"type":"Feature","geometry":{"type":"Polygon","coordinates":[[[-101.50064463910549,32.23820453055347],[-101.50086585390426,32.238155679036005],[-101.50105877928705,32.23878288112152],[-101.50141240948744,32.23990494527062],[-101.50158308618789,32.24042931815994],[-101.50164301849918,32.240682198586846],[-101.50164960909157,32.24070362044297],[-101.5016687985065,32.24076600377394],[-101.50172035757532,32.240933613258164],[-101.50177191574682,32.241101221847586],[-101.50182347523311,32.241268832195026],[-101.50182419866448,32.241271183745994],[-101.50202122189135,32.24191166010009],[-101.502458781871,32.24333403898689],[-101.50302706328858,32.24526722873676],[-101.50505458126665,32.252163772665185],[-101.50504778247283,32.25238155856472],[-101.50480932439315,32.2524376159466],[-101.49487750408294,32.25466552702904],[-101.48852359034689,32.25609036342009],[-101.48417942021739,32.24174494863026],[-101.50064463910549,32.23820453055347]]]},"properties":{"Surv_Name":"BRESSIE, R M","max_propensity_score":0.0,"top_operator":"","owner_count":0.0,"ABSTRACT_L":"A-597","field_name":"Unknown","Surv_Sect":"32","permit_count":0.0,"DESC_":"T&P RR CO","Block":"33 T1N","pending_permit_count":0.0,"production_trend":null,"production_status":"pdp","pdp_well_count":9.0,"well_count":9.0,"STArea__":28526173.9718,"ABSTRACT_N":"597","new_permit_count":0.0,"CODE":"597","pud_well_count":0.0,"legal_desc":"T1N BLK 33 SEC 32 A-597"}},{"type":"Feature","geometry":{"type":"Polygon","coordinates":[[[-101.41420748581652,32.24260082850215],[-101.43028115579406,32.23902514773966],[-101.43445384366889,32.2529877115732],[-101.41839929597775,32.256567959998904],[-101.41420748581652,32.24260082850215]]]},"properties":{"Surv_Name":null,"max_propensity_score":7.0,"top_operator":"NEW HEIGHT ENERGY, LLC","owner_count":35.0,"ABSTRACT_L":"A-153","field_name":"Unknown","Surv_Sect":"3","permit_count":0.0,"DESC_":"T&P RR CO","Block":"32 T1S","pending_permit_count":0.0,"production_trend":null,"production_status":"pdp","pdp_well_count":1.0,"well_count":1.0,"STArea__":26915527.7122,"ABSTRACT_N":"153","new_permit_count":0.0,"CODE":"153","pud_well_count":0.0,"legal_desc":"T1S BLK 32 SEC 3 A-153"}},{"type":"Feature","geometry":{"type":"Polygon","coordinates":[[[-101.34312028173359,32.24338534102571],[-101.35938351632828,32.239851419465424],[-101.3638994045601,32.25375081599866],[-101.34739277202739,32.25740418460809],[-101.34312028173359,32.24338534102571]]]},"properties":{"Surv_Name":"JOHNS, A L","max_propensity_score":0.0,"top_operator":"","owner_count":0.0,"ABSTRACT_L":"A-649","field_name":"Unknown","Surv_Sect":"8","permit_count":0.0,"DESC_":"T&P RR CO","Block":"31 T1S","pending_permit_count":0.0,"production_trend":null,"production_status":"pdp","pdp_well_count":3.0,"well_count":3.0,"STArea__":27501700.4604,"ABSTRACT_N":"649","new_permit_count":0.0,"CODE":"649","pud_well_count":0.0,"legal_desc":"T1S BLK 31 SEC 8 A-649"}},{"type":"Feature","geometry":{"type":"Polygon","coordinates":[[[-101.27304461972618,32.24360269264965],[-101.2894641085305,32.24005210099026],[-101.29343383915008,32.25416698609495],[-101.28541371339121,32.255905187817326],[-101.2771281987119,32.257700290141514],[-101.27304461972618,32.24360269264965]]]},"properties":{"Surv_Name":null,"max_propensity_score":7.0,"top_operator":"HIGHPEAK ENERGY HOLDIN","owner_count":133.0,"ABSTRACT_L":"A-110","field_name":"Unknown","Surv_Sect":"13","permit_count":0.0,"DESC_":"T&P RR CO","Block":"31 T1S","pending_permit_count":0.0,"production_trend":null,"production_status":"pdp","pdp_well_count":12.0,"well_count":12.0,"STArea__":27565277.8994,"ABSTRACT_N":"110","new_permit_count":0.0,"CODE":"110","pud_well_count":0.0,"legal_desc":"T1S BLK 31 SEC 13 A-110"}},{"type":"Feature","geometry":{"type":"Polygon","coordinates":[[[-101.35938351632828,32.239851419465424],[-101.37625963040738,32.23607728557901],[-101.38057142573786,32.250058302804455],[-101.37223061218722,32.251905942887],[-101.37152213282147,32.25206285391848],[-101.37027010527203,32.252340136886644],[-101.36791819139326,32.252860970692346],[-101.36408721592379,32.25370923415149],[-101.3638994045601,32.25375081599866],[-101.35938351632828,32.239851419465424]]]},"properties":{"Surv_Name":null,"max_propensity_score":5.0,"top_operator":"HIGHPEAK ENERGY HOLDIN","owner_count":16.0,"ABSTRACT_L":"A-107","field_name":"Unknown","Surv_Sect":"7","permit_count":0.0,"DESC_":"T&P RR CO","Block":"31 T1S","pending_permit_count":0.0,"production_trend":null,"production_status":"pdp","pdp_well_count":7.0,"well_count":7.0,"STArea__":28155430.5768,"ABSTRACT_N":"107","new_permit_count":0.0,"CODE":"107","pud_well_count":0.0,"legal_desc":"T1S BLK 31 SEC 7 A-107"}},{"type":"Feature","geometry":{"type":"Polygon","coordinates":[[[-101.2894641085305,32.24005210099026],[-101.30595572130947,32.236483434617426],[-101.31019527090638,32.250532383079026],[-101.29343383915008,32.25416698609495],[-101.2894641085305,32.24005210099026]]]},"properties":{"Surv_Name":"JOHNSON, J T","max_propensity_score":5.0,"top_operator":"HIGHPEAK ENERGY HOLDIN","owner_count":173.0,"ABSTRACT_L":"A-1285","field_name":"Unknown","Surv_Sect":"14","permit_count":0.0,"DESC_":"T&P RR CO","Block":"31 T1S","pending_permit_count":0.0,"production_trend":null,"production_status":"pdp","pdp_well_count":10.0,"well_count":10.0,"STArea__":27998344.2326,"ABSTRACT_N":"1285","new_permit_count":0.0,"CODE":"1285","pud_well_count":0.0,"legal_desc":"T1S BLK 31 SEC 14 A-1285"}},{"type":"Feature","geometry":{"type":"Polygon","coordinates":[[[-101.45101414789576,32.24943495171059],[-101.44989032846176,32.245785389283895],[-101.44666905442175,32.235377024076655],[-101.45724256345223,32.23305609626574],[-101.46346528769756,32.23167076368231],[-101.46547572296342,32.23875612804889],[-101.46756047218464,32.245522492705156],[-101.46759763023711,32.2456430850725],[-101.46759764576487,32.2456431370256],[-101.4675973792299,32.24564319845845],[-101.46759736467295,32.245643143775474],[-101.45101414789576,32.24943495171059]]]},"properties":{"Surv_Name":null,"max_propensity_score":10.0,"top_operator":"SOGC, LLC","owner_count":3460.0,"ABSTRACT_L":"A-154","field_name":"Unknown","Surv_Sect":"5","permit_count":0.0,"DESC_":"T&P RR CO","Block":"32 T1S","pending_permit_count":0.0,"production_trend":null,"production_status":"pdp","pdp_well_count":3.0,"well_count":3.0,"STArea__":28017972.6182,"ABSTRACT_N":"154","new_permit_count":0.0,"CODE":"154","pud_well_count":0.0,"legal_desc":"T1S BLK 32 SEC 5 A-154"}},{"type":"Feature","geometry":{"type":"Polygon","coordinates":[[[-101.32244235436185,32.23291336185471],[-101.32456048532883,32.239889408935255],[-101.32671555933698,32.24694755800979],[-101.31019527090638,32.250532383079026],[-101.30595572130947,32.236483434617426],[-101.32244235436185,32.23291336185471]]]},"properties":{"Surv_Name":null,"max_propensity_score":7.0,"top_operator":"HIGHPEAK ENERGY HOLDIN","owner_count":97.0,"ABSTRACT_L":"A-111","field_name":"Unknown","Surv_Sect":"15","permit_count":0.0,"DESC_":"T&P RR CO","Block":"31 T1S","pending_permit_count":0.0,"production_trend":null,"production_status":"pdp","pdp_well_count":14.0,"well_count":14.0,"STArea__":27774966.7649,"ABSTRACT_N":"111","new_permit_count":0.0,"CODE":"111","pud_well_count":0.0,"legal_desc":"T1S BLK 31 SEC 15 A-111"}},{"type":"Feature","geometry":{"type":"Polygon","coordinates":[[[-101.3930210220597,32.23232130825256],[-101.40998228997731,32.22851790682954],[-101.41420748581652,32.24260082850215],[-101.39725265879163,32.24636119396919],[-101.3930210220597,32.23232130825256]]]},"properties":{"Surv_Name":null,"max_propensity_score":0.0,"top_operator":"","owner_count":0.0,"ABSTRACT_L":"A-157","field_name":"Unknown","Surv_Sect":"11","permit_count":0.0,"DESC_":"T&P RR CO","Block":"32 T1S","pending_permit_count":0.0,"production_trend":null,"production_status":"pdp","pdp_well_count":9.0,"well_count":9.0,"STArea__":28622740.8955,"ABSTRACT_N":"157","new_permit_count":0.0,"CODE":"157","pud_well_count":0.0,"legal_desc":"T1S BLK 32 SEC 11 A-157"}},{"type":"Feature","geometry":{"type":"Polygon","coordinates":[[[-101.25195178979311,32.23306802909507],[-101.26890121981785,32.229293902818526],[-101.27304461972618,32.24360269264965],[-101.25612904184364,32.24739382232678],[-101.25403354109544,32.23995490525208],[-101.25195178979311,32.23306802909507]]]},"properties":{"Surv_Name":null,"max_propensity_score":0.0,"top_operator":"","owner_count":0.0,"ABSTRACT_L":"A-256","field_name":"Unknown","Surv_Sect":"19","permit_count":0.0,"DESC_":"T&P RR CO","Block":"30 T1S","pending_permit_count":0.0,"production_trend":null,"production_status":"pdp","pdp_well_count":11.0,"well_count":11.0,"STArea__":28981382.1598,"ABSTRACT_N":"256","new_permit_count":0.0,"CODE":"256","pud_well_count":0.0,"legal_desc":"T1S BLK 30 SEC 19 A-256"}},{"type":"Feature","geometry":{"type":"Polygon","coordinates":[[[-101.40998228997731,32.22851790682954],[-101.42605619966088,32.22491104085558],[-101.42662333105251,32.22675494558109],[-101.42692530603388,32.227736719212146],[-101.43028115579406,32.23902514773966],[-101.41420748581652,32.24260082850215],[-101.40998228997731,32.22851790682954]]]},"properties":{"Surv_Name":"FROST, J A","max_propensity_score":7.0,"top_operator":"SM ENERGY COMPANY","owner_count":229.0,"ABSTRACT_L":"A-1041","field_name":"Unknown","Surv_Sect":"10","permit_count":0.0,"DESC_":"T&P RR CO","Block":"32 T1S","pending_permit_count":0.0,"production_trend":null,"production_status":"pdp","pdp_well_count":2.0,"well_count":2.0,"STArea__":27218815.6337,"ABSTRACT_N":"1041","new_permit_count":0.0,"CODE":"1041","pud_well_count":0.0,"legal_desc":"T1S BLK 32 SEC 10 A-1041"}},{"type":"Feature","geometry":{"type":"Polygon","coordinates":[[[-101.34662482488562,32.227619993507915],[-101.35544336812495,32.225646272494906],[-101.35827977888196,32.23587265688666],[-101.35828086237358,32.23587656156827],[-101.35938351632828,32.239851419465424],[-101.34312028173359,32.24338534102571],[-101.34106456152685,32.23622335611704],[-101.33918365312842,32.22928313987745],[-101.3427355963985,32.22848751007993],[-101.34550869504,32.227866259587074],[-101.34662482488562,32.227619993507915]]]},"properties":{"Surv_Name":null,"max_propensity_score":7.0,"top_operator":"BAYSWATER OPERATING CO","owner_count":77.0,"ABSTRACT_L":"A-112","field_name":"Unknown","Surv_Sect":"17","permit_count":0.0,"DESC_":"T&P RR CO","Block":"31 T1S","pending_permit_count":0.0,"production_trend":null,"production_status":"pdp","pdp_well_count":12.0,"well_count":12.0,"STArea__":27525307.4394,"ABSTRACT_N":"112","new_permit_count":0.0,"CODE":"112","pud_well_count":0.0,"legal_desc":"T1S BLK 31 SEC 17 A-112"}},{"type":"Feature","geometry":{"type":"Polygon","coordinates":[[[-101.26890121981785,32.229293902818526],[-101.28548705303136,32.225906581646534],[-101.2894641085305,32.24005210099026],[-101.27304461972618,32.24360269264965],[-101.26890121981785,32.229293902818526]]]},"properties":{"Surv_Name":"STRICKLAND, W G","max_propensity_score":7.0,"top_operator":"HIGHPEAK ENERGY HOLDIN","owner_count":67.0,"ABSTRACT_L":"A-1097","field_name":"Unknown","Surv_Sect":"24","permit_count":0.0,"DESC_":"T&P RR CO","Block":"31 T1S","pending_permit_count":0.0,"production_trend":null,"production_status":"pdp","pdp_well_count":8.0,"well_count":8.0,"STArea__":27996515.1056,"ABSTRACT_N":"1097","new_permit_count":0.0,"CODE":"1097","pud_well_count":0.0,"legal_desc":"T1S BLK 31 SEC 24 A-1097"}},{"type":"Feature","geometry":{"type":"Polygon","coordinates":[[[-101.35544336812495,32.225646272494906],[-101.37204477890113,32.221928685690855],[-101.37625963040738,32.23607728557901],[-101.35938351632828,32.239851419465424],[-101.35544336812495,32.225646272494906]]]},"properties":{"Surv_Name":"ROBERTS, W T","max_propensity_score":5.0,"top_operator":"HIGHPEAK ENERGY HOLDIN","owner_count":56.0,"ABSTRACT_L":"A-1330","field_name":"Unknown","Surv_Sect":"18","permit_count":0.0,"DESC_":"T&P RR CO","Block":"31 T1S","pending_permit_count":0.0,"production_trend":null,"production_status":"pdp","pdp_well_count":12.0,"well_count":12.0,"STArea__":28414690.7629,"ABSTRACT_N":"1330","new_permit_count":0.0,"CODE":"1330","pud_well_count":0.0,"legal_desc":"T1S BLK 31 SEC 18 A-1330"}},{"type":"Feature","geometry":{"type":"Polygon","coordinates":[[[-101.28548705303136,32.225906581646534],[-101.30176156377355,32.222580429768286],[-101.30595572130947,32.236483434617426],[-101.2894641085305,32.24005210099026],[-101.28548705303136,32.225906581646534]]]},"properties":{"Surv_Name":null,"max_propensity_score":2.0,"top_operator":"HIGHPEAK ENERGY HOLDIN","owner_count":9.0,"ABSTRACT_L":"A-115","field_name":"Unknown","Surv_Sect":"23","permit_count":0.0,"DESC_":"T&P RR CO","Block":"31 T1S","pending_permit_count":0.0,"production_trend":null,"production_status":"pdp","pdp_well_count":9.0,"well_count":9.0,"STArea__":27432242.5531,"ABSTRACT_N":"115","new_permit_count":0.0,"CODE":"115","pud_well_count":0.0,"legal_desc":"T1S BLK 31 SEC 23 A-115"}},{"type":"Feature","geometry":{"type":"Polygon","coordinates":[[[-101.45805032528634,32.21782480185663],[-101.4589647087999,32.2176296854185],[-101.45910457202656,32.21767921425962],[-101.46017837528414,32.22128740237065],[-101.46084062958198,32.22351255534848],[-101.46128698504785,32.22501223060139],[-101.46346528769756,32.23167076368231],[-101.45724256345223,32.23305609626574],[-101.44666877336059,32.23537703077895],[-101.44498566176179,32.229573452148436],[-101.44362239488655,32.22485162671873],[-101.44257912004066,32.22123778372388],[-101.44566832641735,32.220600414853536],[-101.44629562842505,32.22046658868061],[-101.44686926716585,32.220337433212755],[-101.44760686078594,32.22018011241922],[-101.44870051701331,32.219932248462705],[-101.44887941778191,32.21988347019806],[-101.44912084809553,32.21981764214448],[-101.45054296826892,32.21949564667918],[-101.45160601084574,32.21930184363228],[-101.45181683478518,32.21926340765016],[-101.45252470716221,32.21910585602086],[-101.452914497567,32.21902923674535],[-101.45390868945033,32.21873350679906],[-101.45412052543824,32.21867049288531],[-101.45526370435228,32.21841940378716],[-101.45590313334468,32.21828296912911],[-101.45654287347162,32.21814646773738],[-101.45805032528634,32.21782480185663]]]},"properties":{"Surv_Name":"HAIR, J J","max_propensity_score":0.0,"top_operator":"","owner_count":0.0,"ABSTRACT_L":"A-1743","field_name":"Unknown","Surv_Sect":"8","permit_count":0.0,"DESC_":"T&P RR CO","Block":"32 T1S","pending_permit_count":0.0,"production_trend":null,"production_status":"pdp","pdp_well_count":2.0,"well_count":2.0,"STArea__":28065606.1206,"ABSTRACT_N":"1743","new_permit_count":0.0,"CODE":"1743","pud_well_count":0.0,"legal_desc":"T1S BLK 32 SEC 8 A-1743"}},{"type":"Feature","geometry":{"type":"Polygon","coordinates":[[[-101.30176156377355,32.222580429768286],[-101.3184856665983,32.21885246713166],[-101.3225942218188,32.23288046433129],[-101.30595572130947,32.236483434617426],[-101.30176156377355,32.222580429768286]]]},"properties":{"Surv_Name":"WILSON, C H","max_propensity_score":7.0,"top_operator":"AUTUMN ENERGY OPERATIN","owner_count":153.0,"ABSTRACT_L":"A-1220","field_name":"Unknown","Surv_Sect":"22","permit_count":0.0,"DESC_":"T&P RR CO","Block":"31 T1S","pending_permit_count":0.0,"production_trend":null,"production_status":"pdp","pdp_well_count":10.0,"well_count":10.0,"STArea__":27920951.074,"ABSTRACT_N":"1220","new_permit_count":0.0,"CODE":"1220","pud_well_count":0.0,"legal_desc":"T1S BLK 31 SEC 22 A-1220"}},{"type":"Feature","geometry":{"type":"Polygon","coordinates":[[[-101.37204477890113,32.221928685690855],[-101.3887610487879,32.218182813655744],[-101.3930210220597,32.23232130825256],[-101.38454143280848,32.23422178059542],[-101.37625963040738,32.23607728557901],[-101.37204477890113,32.221928685690855]]]},"properties":{"Surv_Name":null,"max_propensity_score":8.0,"top_operator":"HIGHPEAK ENERGY HOLDIN","owner_count":342.0,"ABSTRACT_L":"A-158","field_name":"Unknown","Surv_Sect":"13","permit_count":0.0,"DESC_":"T&P RR CO","Block":"32 T1S","pending_permit_count":0.0,"production_trend":null,"production_status":"pdp","pdp_well_count":12.0,"well_count":12.0,"STArea__":28423045.7883,"ABSTRACT_N":"158","new_permit_count":0.0,"CODE":"158","pud_well_count":0.0,"legal_desc":"T1S BLK 32 SEC 13 A-158"}},{"type":"Feature","geometry":{"type":"Polygon","coordinates":[[[-101.23108021206309,32.22259871614536],[-101.24776916865981,32.218938304146164],[-101.25195178979311,32.23306802909507],[-101.24378414889183,32.2348857724858],[-101.23525516298407,32.236691260088],[-101.23108021206309,32.22259871614536]]]},"properties":{"Surv_Name":null,"max_propensity_score":6.0,"top_operator":"SAHARA OPERATING COMPA","owner_count":135.0,"ABSTRACT_L":"A-261","field_name":"Unknown","Surv_Sect":"29","permit_count":0.0,"DESC_":"T&P RR CO","Block":"30 T1S","pending_permit_count":0.0,"production_trend":null,"production_status":"pdp","pdp_well_count":83.0,"well_count":83.0,"STArea__":28254937.1594,"ABSTRACT_N":"261","new_permit_count":0.0,"CODE":"261","pud_well_count":0.0,"legal_desc":"T1S BLK 30 SEC 29 A-261"}},{"type":"Feature","geometry":{"type":"Polygon","coordinates":[[[-101.46178802925706,32.2169411226922],[-101.47582033131204,32.21379489760589],[-101.47987494207099,32.227942566113505],[-101.46346528769756,32.23167076368231],[-101.46128698504785,32.22501223060139],[-101.46084062958198,32.22351255534848],[-101.46017837528414,32.22128740237065],[-101.45910457202656,32.21767921425962],[-101.45896477603772,32.217629664862606],[-101.46178802925706,32.2169411226922]]]},"properties":{"Surv_Name":null,"max_propensity_score":0.0,"top_operator":"","owner_count":0.0,"ABSTRACT_L":"A-155","field_name":"Unknown","Surv_Sect":"7","permit_count":0.0,"DESC_":"T&P RR CO","Block":"32 T1S","pending_permit_count":0.0,"production_trend":null,"production_status":"pdp","pdp_well_count":3.0,"well_count":3.0,"STArea__":28222155.9046,"ABSTRACT_N":"155","new_permit_count":0.0,"CODE":"155","pud_well_count":0.0,"legal_desc":"T1S BLK 32 SEC 7 A-155"}},{"type":"Feature","geometry":{"type":"Polygon","coordinates":[[[-101.3266581578984,32.21702980424484],[-101.3350217720273,32.21516388057573],[-101.33918365312842,32.22928313987745],[-101.32932193968406,32.23142289770584],[-101.32445682889896,32.232476969634256],[-101.3225942218188,32.23288046433129],[-101.3184856665983,32.21885246713166],[-101.3266581578984,32.21702980424484]]]},"properties":{"Surv_Name":null,"max_propensity_score":7.0,"top_operator":"AUTUMN ENERGY OPERATIN","owner_count":192.0,"ABSTRACT_L":"A-114","field_name":"Unknown","Surv_Sect":"21","permit_count":0.0,"DESC_":"T&P RR CO","Block":"31 T1S","pending_permit_count":0.0,"production_trend":null,"production_status":"pdp","pdp_well_count":11.0,"well_count":11.0,"STArea__":27921153.0092,"ABSTRACT_N":"114","new_permit_count":0.0,"CODE":"114","pud_well_count":0.0,"legal_desc":"T1S BLK 31 SEC 21 A-114"}},{"type":"Feature","geometry":{"type":"Polygon","coordinates":[[[-101.3887610487879,32.218182813655744],[-101.40574057114294,32.214375315074385],[-101.40998228997731,32.22851790682954],[-101.3930210220597,32.23232130825256],[-101.3887610487879,32.218182813655744]]]},"properties":{"Surv_Name":"NORRIS, J S","max_propensity_score":5.0,"top_operator":"HIGHPEAK ENERGY HOLDIN","owner_count":62.0,"ABSTRACT_L":"A-1317","field_name":"Unknown","Surv_Sect":"14","permit_count":0.0,"DESC_":"T&P RR CO","Block":"32 T1S","pending_permit_count":0.0,"production_trend":null,"production_status":"pdp","pdp_well_count":15.0,"well_count":15.0,"STArea__":28818750.0424,"ABSTRACT_N":"1317","new_permit_count":0.0,"CODE":"1317","pud_well_count":0.0,"legal_desc":"T1S BLK 32 SEC 14 A-1317"}},{"type":"Feature","geometry":{"type":"Polygon","coordinates":[[[-101.4920035428587,32.21020920510853],[-101.49225319767731,32.21015612146128],[-101.49307598616296,32.2128700485924],[-101.49316127933413,32.21314656659062],[-101.49644300273006,32.22413173863655],[-101.47987494207099,32.227942566113505],[-101.47582033131204,32.21379489760589],[-101.4920035428587,32.21020920510853]]]},"properties":{"Surv_Name":"DUBOSE, C E","max_propensity_score":0.0,"top_operator":"","owner_count":0.0,"ABSTRACT_L":"A-628","field_name":"Unknown","Surv_Sect":"12","permit_count":0.0,"DESC_":"T&P RR CO","Block":"33 T1S","pending_permit_count":0.0,"production_trend":null,"production_status":"none","pdp_well_count":0.0,"well_count":0.0,"STArea__":27844546.9877,"ABSTRACT_N":"628","new_permit_count":0.0,"CODE":"628","pud_well_count":0.0,"legal_desc":"T1S BLK 33 SEC 12 A-628"}},{"type":"Feature","geometry":{"type":"Polygon","coordinates":[[[-101.3350217720273,32.21516388057573],[-101.35139224555503,32.211509761789465],[-101.3524370172747,32.21515596326342],[-101.35438247831964,32.22194471075928],[-101.35544336812495,32.225646272494906],[-101.34662482488562,32.227619993507915],[-101.34550869504,32.227866259587074],[-101.3427355963985,32.22848751007993],[-101.33918365312842,32.22928313987745],[-101.3350217720273,32.21516388057573]]]},"properties":{"Surv_Name":"ROBERTS, W T","max_propensity_score":6.0,"top_operator":"AUTUMN ENERGY OPERATIN","owner_count":60.0,"ABSTRACT_L":"A-1332","field_name":"Unknown","Surv_Sect":"20","permit_count":0.0,"DESC_":"T&P RR CO","Block":"31 T1S","pending_permit_count":0.0,"production_trend":null,"production_status":"pdp","pdp_well_count":5.0,"well_count":5.0,"STArea__":27617703.176,"ABSTRACT_N":"1332","new_permit_count":0.0,"CODE":"1332","pud_well_count":0.0,"legal_desc":"T1S BLK 31 SEC 20 A-1332"}},{"type":"Feature","geometry":{"type":"Polygon","coordinates":[[[-101.40574057114294,32.214375315074385],[-101.4217140917432,32.21079097734451],[-101.42605619966088,32.22491104085558],[-101.40998228997731,32.22851790682954],[-101.40574057114294,32.214375315074385]]]},"properties":{"Surv_Name":null,"max_propensity_score":0.0,"top_operator":"","owner_count":0.0,"ABSTRACT_L":"A-159","field_name":"Unknown","Surv_Sect":"15","permit_count":0.0,"DESC_":"T&P RR CO","Block":"32 T1S","pending_permit_count":0.0,"production_trend":null,"production_status":"none","pdp_well_count":0.0,"well_count":0.0,"STArea__":27213420.8339,"ABSTRACT_N":"159","new_permit_count":0.0,"CODE":"159","pud_well_count":0.0,"legal_desc":"T1S BLK 32 SEC 15 A-159"}},{"type":"Feature","geometry":{"type":"Polygon","coordinates":[[[-101.26463024129882,32.2152375492889],[-101.28122443799445,32.21188637410851],[-101.28548705303136,32.225906581646534],[-101.26890121981785,32.229293902818526],[-101.26463024129882,32.2152375492889]]]},"properties":{"Surv_Name":null,"max_propensity_score":3.0,"top_operator":"HIGHPEAK ENERGY HOLDIN","owner_count":7.0,"ABSTRACT_L":"A-116","field_name":"Unknown","Surv_Sect":"25","permit_count":0.0,"DESC_":"T&P RR CO","Block":"31 T1S","pending_permit_count":0.0,"production_trend":null,"production_status":"pdp","pdp_well_count":4.0,"well_count":4.0,"STArea__":27821016.1328,"ABSTRACT_N":"116","new_permit_count":0.0,"CODE":"116","pud_well_count":0.0,"legal_desc":"T1S BLK 31 SEC 25 A-116"}},{"type":"Feature","geometry":{"type":"Polygon","coordinates":[[[-101.35139224555503,32.211509761789465],[-101.36784742655011,32.20783424892364],[-101.37204477890113,32.221928685690855],[-101.35544336812495,32.225646272494906],[-101.35139224555503,32.211509761789465]]]},"properties":{"Surv_Name":null,"max_propensity_score":9.0,"top_operator":"SM ENERGY COMPANY","owner_count":298.0,"ABSTRACT_L":"A-113","field_name":"Unknown","Surv_Sect":"19","permit_count":0.0,"DESC_":"T&P RR CO","Block":"31 T1S","pending_permit_count":0.0,"production_trend":null,"production_status":"pdp","pdp_well_count":9.0,"well_count":9.0,"STArea__":27966134.847,"ABSTRACT_N":"113","new_permit_count":0.0,"CODE":"113","pud_well_count":0.0,"legal_desc":"T1S BLK 31 SEC 19 A-113"}},{"type":"Feature","geometry":{"type":"Polygon","coordinates":[[[-101.4217140917432,32.21079097734451],[-101.43382908065179,32.20820397055235],[-101.43826148636602,32.207190900518086],[-101.44257912004066,32.22123778372388],[-101.42605619966088,32.22491104085558],[-101.4217140917432,32.21079097734451]]]},"properties":{"Surv_Name":"FROST, J A","max_propensity_score":9.0,"top_operator":"SM ENERGY COMPANY","owner_count":1231.0,"ABSTRACT_L":"A-1279","field_name":"Unknown","Surv_Sect":"16","permit_count":0.0,"DESC_":"T&P RR CO","Block":"32 T1S","pending_permit_count":0.0,"production_trend":null,"production_status":"pdp","pdp_well_count":2.0,"well_count":2.0,"STArea__":27928914.9721,"ABSTRACT_N":"1279","new_permit_count":0.0,"CODE":"1279","pud_well_count":0.0,"legal_desc":"T1S BLK 32 SEC 16 A-1279"}},{"type":"Feature","geometry":{"type":"Polygon","coordinates":[[[-101.28122443799445,32.21188637410851],[-101.2975419828199,32.20858865175914],[-101.30176156377355,32.222580429768286],[-101.28548705303136,32.225906581646534],[-101.28122443799445,32.21188637410851]]]},"properties":{"Surv_Name":"RATCLIFF, P C","max_propensity_score":8.0,"top_operator":"HIGHPEAK ENERGY HOLDIN","owner_count":226.0,"ABSTRACT_L":"A-1325","field_name":"Unknown","Surv_Sect":"26","permit_count":0.0,"DESC_":"T&P RR CO","Block":"31 T1S","pending_permit_count":0.0,"production_trend":null,"production_status":"pdp","pdp_well_count":9.0,"well_count":9.0,"STArea__":27261409.0546,"ABSTRACT_N":"1325","new_permit_count":0.0,"CODE":"1325","pud_well_count":0.0,"legal_desc":"T1S BLK 31 SEC 26 A-1325"}},{"type":"Feature","geometry":{"type":"Polygon","coordinates":[[[-101.2975419828199,32.20858865175914],[-101.31438041983098,32.20483124759144],[-101.3184856665983,32.21885246713166],[-101.30176156377355,32.222580429768286],[-101.2975419828199,32.20858865175914]]]},"properties":{"Surv_Name":null,"max_propensity_score":7.0,"top_operator":"HIGHPEAK ENERGY HOLDIN","owner_count":84.0,"ABSTRACT_L":"A-117","field_name":"Unknown","Surv_Sect":"27","permit_count":0.0,"DESC_":"T&P RR CO","Block":"31 T1S","pending_permit_count":0.0,"production_trend":null,"production_status":"pdp","pdp_well_count":10.0,"well_count":10.0,"STArea__":28200594.2689,"ABSTRACT_N":"117","new_permit_count":0.0,"CODE":"117","pud_well_count":0.0,"legal_desc":"T1S BLK 31 SEC 27 A-117"}},{"type":"Feature","geometry":{"type":"Polygon","coordinates":[[[-101.36784742655011,32.20783424892364],[-101.38452143366212,32.204107315055],[-101.3887610487879,32.218182813655744],[-101.37204477890113,32.221928685690855],[-101.36784742655011,32.20783424892364]]]},"properties":{"Surv_Name":"FRITZGERALD, C A","max_propensity_score":7.0,"top_operator":"HIGHPEAK ENERGY HOLDIN","owner_count":420.0,"ABSTRACT_L":"A-1276","field_name":"Unknown","Surv_Sect":"24","permit_count":0.0,"DESC_":"T&P RR CO","Block":"32 T1S","pending_permit_count":0.0,"production_trend":null,"production_status":"pdp","pdp_well_count":16.0,"well_count":16.0,"STArea__":28233113.9495,"ABSTRACT_N":"1276","new_permit_count":0.0,"CODE":"1276","pud_well_count":0.0,"legal_desc":"T1S BLK 32 SEC 24 A-1276"}},{"type":"Feature","geometry":{"type":"Polygon","coordinates":[[[-101.44660153966187,32.205257288014636],[-101.45465912569321,32.20346447501949],[-101.45468858122672,32.20355857267433],[-101.4589647087999,32.2176296854185],[-101.45805032528634,32.21782480185663],[-101.45654287347162,32.21814646773738],[-101.45590313334468,32.21828296912911],[-101.45526370435228,32.21841940378716],[-101.45412052543824,32.21867049288531],[-101.45390868945033,32.21873350679906],[-101.452914497567,32.21902923674535],[-101.45252470716221,32.21910585602086],[-101.45181683478518,32.21926340765016],[-101.45160601084574,32.21930184363228],[-101.45054296826892,32.21949564667918],[-101.44912084809553,32.21981764214448],[-101.44887941778191,32.21988347019806],[-101.44870051701331,32.219932248462705],[-101.44760686078594,32.22018011241922],[-101.44686926716585,32.220337433212755],[-101.44629562842505,32.22046658868061],[-101.44566832641735,32.220600414853536],[-101.44257912004066,32.22123778372388],[-101.44257605356769,32.22122782018628],[-101.44252323624312,32.22105619558539],[-101.43826148636602,32.207190900518086],[-101.44660153966187,32.205257288014636]]]},"properties":{"Surv_Name":null,"max_propensity_score":6.0,"top_operator":"NEW HEIGHT ENERGY, LLC","owner_count":78.0,"ABSTRACT_L":"A-160","field_name":"Unknown","Surv_Sect":"17","permit_count":0.0,"DESC_":"T&P RR CO","Block":"32 T1S","pending_permit_count":0.0,"production_trend":null,"production_status":"pdp","pdp_well_count":4.0,"well_count":4.0,"STArea__":27866705.3171,"ABSTRACT_N":"160","new_permit_count":0.0,"CODE":"160","pud_well_count":0.0,"legal_desc":"T1S BLK 32 SEC 17 A-160"}},{"type":"Feature","geometry":{"type":"Polygon","coordinates":[[[-101.47130236368086,32.1998166010885],[-101.47161577207844,32.19974195550583],[-101.47274196643666,32.20324687569285],[-101.47458161521712,32.209550741268565],[-101.47460861540769,32.209643256465306],[-101.47582033131204,32.21379489760589],[-101.47250817325676,32.214537689990664],[-101.46178802925706,32.2169411226922],[-101.45896477603772,32.217629664862606],[-101.45465912569321,32.20346447501949],[-101.46987357185485,32.20013399393721],[-101.47130236368086,32.1998166010885]]]},"properties":{"Surv_Name":"MC CARTY, J E","max_propensity_score":9.0,"top_operator":"SM ENERGY COMPANY","owner_count":389.0,"ABSTRACT_L":"A-1062","field_name":"Unknown","Surv_Sect":"18","permit_count":0.0,"DESC_":"T&P RR CO","Block":"32 T1S","pending_permit_count":0.0,"production_trend":null,"production_status":"pdp","pdp_well_count":1.0,"well_count":1.0,"STArea__":28658318.473,"ABSTRACT_N":"1062","new_permit_count":0.0,"CODE":"1062","pud_well_count":0.0,"legal_desc":"T1S BLK 32 SEC 18 A-1062"}},{"type":"Feature","geometry":{"type":"Polygon","coordinates":[[[-101.31438041983098,32.20483124759144],[-101.33099407078247,32.201121445473255],[-101.3350217720273,32.21516388057573],[-101.3184856665983,32.21885246713166],[-101.31438041983098,32.20483124759144]]]},"properties":{"Surv_Name":"ROBERTS, W T","max_propensity_score":7.0,"top_operator":"HIGHPEAK ENERGY HOLDIN","owner_count":206.0,"ABSTRACT_L":"A-1331","field_name":"Unknown","Surv_Sect":"28","permit_count":0.0,"DESC_":"T&P RR CO","Block":"31 T1S","pending_permit_count":0.0,"production_trend":null,"production_status":"pdp","pdp_well_count":11.0,"well_count":11.0,"STArea__":27863423.3491,"ABSTRACT_N":"1331","new_permit_count":0.0,"CODE":"1331","pud_well_count":0.0,"legal_desc":"T1S BLK 31 SEC 28 A-1331"}},{"type":"Feature","geometry":{"type":"Polygon","coordinates":[[[-101.38452143366212,32.204107315055],[-101.40152183776493,32.20030478997461],[-101.40574057114294,32.214375315074385],[-101.3887610487879,32.218182813655744],[-101.38452143366212,32.204107315055]]]},"properties":{"Surv_Name":null,"max_propensity_score":6.0,"top_operator":"HIGHPEAK ENERGY HOLDIN","owner_count":259.0,"ABSTRACT_L":"A-163","field_name":"Unknown","Surv_Sect":"23","permit_count":0.0,"DESC_":"T&P RR CO","Block":"32 T1S","pending_permit_count":0.0,"production_trend":null,"production_status":"pdp","pdp_well_count":9.0,"well_count":9.0,"STArea__":28715880.7903,"ABSTRACT_N":"163","new_permit_count":0.0,"CODE":"163","pud_well_count":0.0,"legal_desc":"T1S BLK 32 SEC 23 A-163"}},{"type":"Feature","geometry":{"type":"Polygon","coordinates":[[[-101.48765360231634,32.19613614387382],[-101.48793685470797,32.196073363628415],[-101.49225319767731,32.21015612146128],[-101.4920035428587,32.21020920510853],[-101.47582033131204,32.21379489760589],[-101.47460861540769,32.209643256465306],[-101.47458161521712,32.209550741268565],[-101.47274196643666,32.20324687569285],[-101.47161577207844,32.19974195550583],[-101.47523725000502,32.19888763058383],[-101.47577148076213,32.198769273136776],[-101.47772018785183,32.198380219447145],[-101.47849995774135,32.19821992027659],[-101.4795800719763,32.19797658265756],[-101.47977914976923,32.19792633511431],[-101.48367849391794,32.19701718896555],[-101.48765360231634,32.19613614387382]]]},"properties":{"Surv_Name":null,"max_propensity_score":9.0,"top_operator":"SOGC, LLC","owner_count":518.0,"ABSTRACT_L":"A-364","field_name":"Unknown","Surv_Sect":"13","permit_count":0.0,"DESC_":"T&P RR CO","Block":"33 T1S","pending_permit_count":0.0,"production_trend":null,"production_status":"pdp","pdp_well_count":8.0,"well_count":8.0,"STArea__":27625182.2488,"ABSTRACT_N":"364","new_permit_count":0.0,"CODE":"364","pud_well_count":0.0,"legal_desc":"T1S BLK 33 SEC 13 A-364"}},{"type":"Feature","geometry":{"type":"Polygon","coordinates":[[[-101.40152183776493,32.20030478997461],[-101.41739810509671,32.19675130045263],[-101.4217140917432,32.21079097734451],[-101.40574057114294,32.214375315074385],[-101.40152183776493,32.20030478997461]]]},"properties":{"Surv_Name":"FROST, J A","max_propensity_score":5.0,"top_operator":"HIGHPEAK ENERGY HOLDIN","owner_count":19.0,"ABSTRACT_L":"A-1278","field_name":"Unknown","Surv_Sect":"22","permit_count":0.0,"DESC_":"T&P RR CO","Block":"32 T1S","pending_permit_count":0.0,"production_trend":null,"production_status":"pdp","pdp_well_count":2.0,"well_count":2.0,"STArea__":26901252.4927,"ABSTRACT_N":"1278","new_permit_count":0.0,"CODE":"1278","pud_well_count":0.0,"legal_desc":"T1S BLK 32 SEC 22 A-1278"}},{"type":"Feature","geometry":{"type":"Polygon","coordinates":[[[-101.33099407078247,32.201121445473255],[-101.34736805158259,32.19746267433272],[-101.35139224555503,32.211509761789465],[-101.3350217720273,32.21516388057573],[-101.33099407078247,32.201121445473255]]]},"properties":{"Surv_Name":null,"max_propensity_score":7.0,"top_operator":"AUTUMN ENERGY OPERATIN","owner_count":61.0,"ABSTRACT_L":"A-118","field_name":"Unknown","Surv_Sect":"29","permit_count":0.0,"DESC_":"T&P RR CO","Block":"31 T1S","pending_permit_count":0.0,"production_trend":null,"production_status":"pdp","pdp_well_count":12.0,"well_count":12.0,"STArea__":27532186.126,"ABSTRACT_N":"118","new_permit_count":0.0,"CODE":"118","pud_well_count":0.0,"legal_desc":"T1S BLK 31 SEC 29 A-118"}},{"type":"Feature","geometry":{"type":"Polygon","coordinates":[[[-101.26035051716971,32.201147845246844],[-101.27685863185329,32.19752206138353],[-101.28122443799445,32.21188637410851],[-101.26463024129882,32.2152375492889],[-101.26035051716971,32.201147845246844]]]},"properties":{"Surv_Name":"RATCLIFF, P C","max_propensity_score":0.0,"top_operator":"","owner_count":0.0,"ABSTRACT_L":"A-1323","field_name":"Unknown","Surv_Sect":"36","permit_count":0.0,"DESC_":"T&P RR CO","Block":"31 T1S","pending_permit_count":0.0,"production_trend":null,"production_status":"pdp","pdp_well_count":5.0,"well_count":5.0,"STArea__":28194782.5096,"ABSTRACT_N":"1323","new_permit_count":0.0,"CODE":"1323","pud_well_count":0.0,"legal_desc":"T1S BLK 31 SEC 36 A-1323"}},{"type":"Feature","geometry":{"type":"Polygon","coordinates":[[[-101.34736805158259,32.19746267433272],[-101.36367428939309,32.193816588016006],[-101.36784742655011,32.20783424892364],[-101.35139224555503,32.211509761789465],[-101.34736805158259,32.19746267433272]]]},"properties":{"Surv_Name":"ROBERTS, W T","max_propensity_score":5.0,"top_operator":"HIGHPEAK ENERGY HOLDIN","owner_count":115.0,"ABSTRACT_L":"A-669","field_name":"Unknown","Surv_Sect":"30","permit_count":0.0,"DESC_":"T&P RR CO","Block":"31 T1S","pending_permit_count":0.0,"production_trend":null,"production_status":"pdp","pdp_well_count":17.0,"well_count":17.0,"STArea__":27555827.2164,"ABSTRACT_N":"669","new_permit_count":0.0,"CODE":"669","pud_well_count":0.0,"legal_desc":"T1S BLK 31 SEC 30 A-669"}},{"type":"Feature","geometry":{"type":"Polygon","coordinates":[[[-101.41739810509671,32.19675130045263],[-101.43390825313396,32.193053470312954],[-101.43720474497862,32.203649330184106],[-101.43823525128509,32.207102984601036],[-101.43826148636602,32.207190900518086],[-101.43382908065179,32.20820397055235],[-101.4217140917432,32.21079097734451],[-101.41739810509671,32.19675130045263]]]},"properties":{"Surv_Name":null,"max_propensity_score":8.0,"top_operator":"SM ENERGY COMPANY","owner_count":459.0,"ABSTRACT_L":"A-162","field_name":"Unknown","Surv_Sect":"21","permit_count":0.0,"DESC_":"T&P RR CO","Block":"32 T1S","pending_permit_count":0.0,"production_trend":null,"production_status":"pdp","pdp_well_count":1.0,"well_count":1.0,"STArea__":28057915.9269,"ABSTRACT_N":"162","new_permit_count":0.0,"CODE":"162","pud_well_count":0.0,"legal_desc":"T1S BLK 32 SEC 21 A-162"}},{"type":"Feature","geometry":{"type":"Polygon","coordinates":[[[-101.27685863185329,32.19752206138353],[-101.29318078009848,32.193934664682686],[-101.2975419828199,32.20858865175914],[-101.28122443799445,32.21188637410851],[-101.27685863185329,32.19752206138353]]]},"properties":{"Surv_Name":null,"max_propensity_score":1.0,"top_operator":"HIGHPEAK ENERGY HOLDIN","owner_count":5.0,"ABSTRACT_L":"A-121","field_name":"Unknown","Surv_Sect":"35","permit_count":0.0,"DESC_":"T&P RR CO","Block":"31 T1S","pending_permit_count":0.0,"production_trend":null,"production_status":"pdp","pdp_well_count":5.0,"well_count":5.0,"STArea__":28337163.0914,"ABSTRACT_N":"121","new_permit_count":0.0,"CODE":"121","pud_well_count":0.0,"legal_desc":"T1S BLK 31 SEC 35 A-121"}},{"type":"Feature","geometry":{"type":"Polygon","coordinates":[[[-101.36367428939309,32.193816588016006],[-101.38030251190285,32.19009598321505],[-101.38452143366212,32.204107315055],[-101.36784742655011,32.20783424892364],[-101.36367428939309,32.193816588016006]]]},"properties":{"Surv_Name":null,"max_propensity_score":7.0,"top_operator":"HIGHPEAK ENERGY HOLDIN","owner_count":229.0,"ABSTRACT_L":"A-164","field_name":"Unknown","Surv_Sect":"25","permit_count":0.0,"DESC_":"T&P RR CO","Block":"32 T1S","pending_permit_count":0.0,"production_trend":null,"production_status":"pdp","pdp_well_count":12.0,"well_count":12.0,"STArea__":28020345.9323,"ABSTRACT_N":"164","new_permit_count":0.0,"CODE":"164","pud_well_count":0.0,"legal_desc":"T1S BLK 32 SEC 25 A-164"}},{"type":"Feature","geometry":{"type":"Polygon","coordinates":[[[-101.29318078009848,32.193934664682686],[-101.30994265928958,32.19024807837126],[-101.31438041983098,32.20483124759144],[-101.2975419828199,32.20858865175914],[-101.29318078009848,32.193934664682686]]]},"properties":{"Surv_Name":"MC WHORTER, W B","max_propensity_score":0.0,"top_operator":"","owner_count":0.0,"ABSTRACT_L":"A-1312","field_name":"Unknown","Surv_Sect":"34","permit_count":0.0,"DESC_":"T&P RR CO","Block":"31 T1S","pending_permit_count":0.0,"production_trend":null,"production_status":"pdp","pdp_well_count":7.0,"well_count":7.0,"STArea__":29481781.7918,"ABSTRACT_N":"1312","new_permit_count":0.0,"CODE":"1312","pud_well_count":0.0,"legal_desc":"T1S BLK 31 SEC 34 A-1312"}},{"type":"Feature","geometry":{"type":"Polygon","coordinates":[[[-101.43390825313396,32.193053470312954],[-101.45039620945423,32.189272822956916],[-101.45465912569321,32.20346447501949],[-101.43826148636602,32.207190900518086],[-101.43823525128509,32.207102984601036],[-101.43720474497862,32.203649330184106],[-101.43390825313396,32.193053470312954]]]},"properties":{"Surv_Name":"FROST, J A","max_propensity_score":9.0,"top_operator":"SM ENERGY COMPANY","owner_count":561.0,"ABSTRACT_L":"A-1280","field_name":"Unknown","Surv_Sect":"20","permit_count":0.0,"DESC_":"T&P RR CO","Block":"32 T1S","pending_permit_count":0.0,"production_trend":null,"production_status":"none","pdp_well_count":0.0,"well_count":0.0,"STArea__":28004073.2373,"ABSTRACT_N":"1280","new_permit_count":0.0,"CODE":"1280","pud_well_count":0.0,"legal_desc":"T1S BLK 32 SEC 20 A-1280"}},{"type":"Feature","geometry":{"type":"Polygon","coordinates":[[[-101.38030251190285,32.19009598321505],[-101.39731987569238,32.18628567066448],[-101.40152183776493,32.20030478997461],[-101.38452143366212,32.204107315055],[-101.38030251190285,32.19009598321505]]]},"properties":{"Surv_Name":"FRITZGERALD, C A","max_propensity_score":0.0,"top_operator":"","owner_count":0.0,"ABSTRACT_L":"A-1277","field_name":"Unknown","Surv_Sect":"26","permit_count":0.0,"DESC_":"T&P RR CO","Block":"32 T1S","pending_permit_count":0.0,"production_trend":null,"production_status":"pdp","pdp_well_count":17.0,"well_count":17.0,"STArea__":28632429.7484,"ABSTRACT_N":"1277","new_permit_count":0.0,"CODE":"1277","pud_well_count":0.0,"legal_desc":"T1S BLK 32 SEC 26 A-1277"}},{"type":"Feature","geometry":{"type":"Polygon","coordinates":[[[-101.46691506587023,32.18560604130486],[-101.46701179036955,32.18558393488756],[-101.46917472101399,32.19274938209339],[-101.46923972843592,32.1929640860453],[-101.46942110596211,32.19356312331414],[-101.46969038341716,32.19445700821418],[-101.4696904799579,32.19445732706481],[-101.47000614105912,32.195502586127674],[-101.47023214798432,32.19625377009776],[-101.47050022525661,32.197141673380756],[-101.47077108327909,32.19803343023206],[-101.4709367712549,32.19858954745112],[-101.47130236368086,32.1998166010885],[-101.46987357185485,32.20013399393721],[-101.45465912569321,32.20346447501949],[-101.45039620945423,32.189272822956916],[-101.46691506587023,32.18560604130486]]]},"properties":{"Surv_Name":null,"max_propensity_score":0.0,"top_operator":"","owner_count":0.0,"ABSTRACT_L":"A-161","field_name":"Unknown","Surv_Sect":"19","permit_count":0.0,"DESC_":"T&P RR CO","Block":"32 T1S","pending_permit_count":0.0,"production_trend":null,"production_status":"none","pdp_well_count":0.0,"well_count":0.0,"STArea__":28372273.978,"ABSTRACT_N":"161","new_permit_count":0.0,"CODE":"161","pud_well_count":0.0,"legal_desc":"T1S BLK 32 SEC 19 A-161"}},{"type":"Feature","geometry":{"type":"Polygon","coordinates":[[[-101.30994265928958,32.19024807837126],[-101.32656896961011,32.18658876265271],[-101.33099407078247,32.201121445473255],[-101.31438041983098,32.20483124759144],[-101.30994265928958,32.19024807837126]]]},"properties":{"Surv_Name":null,"max_propensity_score":7.0,"top_operator":"HIGHPEAK ENERGY HOLDIN","owner_count":90.0,"ABSTRACT_L":"A-120","field_name":"Unknown","Surv_Sect":"33","permit_count":0.0,"DESC_":"T&P RR CO","Block":"31 T1S","pending_permit_count":0.0,"production_trend":null,"production_status":"pdp","pdp_well_count":10.0,"well_count":10.0,"STArea__":29067845.1861,"ABSTRACT_N":"120","new_permit_count":0.0,"CODE":"120","pud_well_count":0.0,"legal_desc":"T1S BLK 31 SEC 33 A-120"}},{"type":"Feature","geometry":{"type":"Polygon","coordinates":[[[-101.39731987569238,32.18628567066448],[-101.41325851003397,32.18271447433956],[-101.41739810509671,32.19675130045263],[-101.40152183776493,32.20030478997461],[-101.39731987569238,32.18628567066448]]]},"properties":{"Surv_Name":null,"max_propensity_score":7.0,"top_operator":"SM ENERGY COMPANY","owner_count":173.0,"ABSTRACT_L":"A-165","field_name":"Unknown","Surv_Sect":"27","permit_count":0.0,"DESC_":"T&P RR CO","Block":"32 T1S","pending_permit_count":0.0,"production_trend":null,"production_status":"pdp","pdp_well_count":7.0,"well_count":7.0,"STArea__":26787476.1252,"ABSTRACT_N":"165","new_permit_count":0.0,"CODE":"165","pud_well_count":0.0,"legal_desc":"T1S BLK 32 SEC 27 A-165"}},{"type":"Feature","geometry":{"type":"Polygon","coordinates":[[[-101.32656896961011,32.18658876265271],[-101.34295544579581,32.182979750688695],[-101.34736805158259,32.19746267433272],[-101.33099407078247,32.201121445473255],[-101.32656896961011,32.18658876265271]]]},"properties":{"Surv_Name":"MC WHORTER, W B","max_propensity_score":5.0,"top_operator":"PARTEE DRILLING INC.","owner_count":10.0,"ABSTRACT_L":"A-1311","field_name":"Unknown","Surv_Sect":"32","permit_count":0.0,"DESC_":"T&P RR CO","Block":"31 T1S","pending_permit_count":0.0,"production_trend":null,"production_status":"pdp","pdp_well_count":7.0,"well_count":7.0,"STArea__":28553400.2317,"ABSTRACT_N":"1311","new_permit_count":0.0,"CODE":"1311","pud_well_count":0.0,"legal_desc":"T1S BLK 31 SEC 32 A-1311"}},{"type":"Feature","geometry":{"type":"Polygon","coordinates":[[[-101.25600500797437,32.186836880709876],[-101.27251062638925,32.18321158968556],[-101.27685863185329,32.19752206138353],[-101.26035051716971,32.201147845246844],[-101.25600500797437,32.186836880709876]]]},"properties":{"Surv_Name":null,"max_propensity_score":5.0,"top_operator":"PIONEER NATURAL RES. U","owner_count":32.0,"ABSTRACT_L":"A-122","field_name":"Unknown","Surv_Sect":"37","permit_count":0.0,"DESC_":"T&P RR CO","Block":"31 T1S","pending_permit_count":0.0,"production_trend":null,"production_status":"pdp","pdp_well_count":5.0,"well_count":5.0,"STArea__":28360408.8543,"ABSTRACT_N":"122","new_permit_count":0.0,"CODE":"122","pud_well_count":0.0,"legal_desc":"T1S BLK 31 SEC 37 A-122"}},{"type":"Feature","geometry":{"type":"Polygon","coordinates":[[[-101.41325851003397,32.18271447433956],[-101.42969038038704,32.179030312807505],[-101.43390825313396,32.193053470312954],[-101.41739810509671,32.19675130045263],[-101.41325851003397,32.18271447433956]]]},"properties":{"Surv_Name":"WILLIAMS, J D","max_propensity_score":0.0,"top_operator":"","owner_count":0.0,"ABSTRACT_L":"A-1450","field_name":"Unknown","Surv_Sect":"28","permit_count":0.0,"DESC_":"T&P RR CO","Block":"32 T1S","pending_permit_count":0.0,"production_trend":null,"production_status":"pdp","pdp_well_count":5.0,"well_count":5.0,"STArea__":27745819.3354,"ABSTRACT_N":"1450","new_permit_count":0.0,"CODE":"1450","pud_well_count":0.0,"legal_desc":"T1S BLK 32 SEC 28 A-1450"}},{"type":"Feature","geometry":{"type":"Polygon","coordinates":[[[-101.35092517779404,32.181223579420404],[-101.35927414484765,32.17938321686453],[-101.36367428939309,32.193816588016006],[-101.34736805158259,32.19746267433272],[-101.34295544579581,32.182979750688695],[-101.35092517779404,32.181223579420404]]]},"properties":{"Surv_Name":null,"max_propensity_score":8.0,"top_operator":"BIRCH OPERATIONS, INC.","owner_count":262.0,"ABSTRACT_L":"A-119","field_name":"Unknown","Surv_Sect":"31","permit_count":0.0,"DESC_":"T&P RR CO","Block":"31 T1S","pending_permit_count":0.0,"production_trend":null,"production_status":"pdp","pdp_well_count":2.0,"well_count":2.0,"STArea__":28341412.6256,"ABSTRACT_N":"119","new_permit_count":0.0,"CODE":"119","pud_well_count":0.0,"legal_desc":"T1S BLK 31 SEC 31 A-119"}},{"type":"Feature","geometry":{"type":"Polygon","coordinates":[[[-101.27251062638925,32.18321158968556],[-101.28891766326096,32.1796054745051],[-101.29318078009848,32.193934664682686],[-101.27685863185329,32.19752206138353],[-101.27251062638925,32.18321158968556]]]},"properties":{"Surv_Name":"MONZINGO, S W","max_propensity_score":2.0,"top_operator":"HIGHPEAK ENERGY HOLDIN","owner_count":4.0,"ABSTRACT_L":"A-1165","field_name":"Unknown","Surv_Sect":"38","permit_count":0.0,"DESC_":"T&P RR CO","Block":"31 T1S","pending_permit_count":0.0,"production_trend":null,"production_status":"pdp","pdp_well_count":4.0,"well_count":4.0,"STArea__":28118429.287,"ABSTRACT_N":"1165","new_permit_count":0.0,"CODE":"1165","pud_well_count":0.0,"legal_desc":"T1S BLK 31 SEC 38 A-1165"}},{"type":"Feature","geometry":{"type":"Polygon","coordinates":[[[-101.49996526474105,32.17829103160564],[-101.51675768164564,32.17467399316688],[-101.5208731604687,32.188533754480204],[-101.50419388611256,32.19224164618589],[-101.49996526474105,32.17829103160564]]]},"properties":{"Surv_Name":"WALTHALL, G W","max_propensity_score":6.0,"top_operator":"OXYROCK OPERATING, LLC","owner_count":16.0,"ABSTRACT_L":"A-698","field_name":"Unknown","Surv_Sect":"22","permit_count":0.0,"DESC_":"T&P RR CO","Block":"33 T1S","pending_permit_count":0.0,"production_trend":null,"production_status":"pdp","pdp_well_count":35.0,"well_count":35.0,"STArea__":27914171.3644,"ABSTRACT_N":"698","new_permit_count":0.0,"CODE":"698","pud_well_count":0.0,"legal_desc":"T1S BLK 33 SEC 22 A-698"}},{"type":"Feature","geometry":{"type":"Polygon","coordinates":[[[-101.42969038038704,32.179030312807505],[-101.44614439045638,32.175338693582034],[-101.45039620945423,32.189272822956916],[-101.43390825313396,32.193053470312954],[-101.42969038038704,32.179030312807505]]]},"properties":{"Surv_Name":null,"max_propensity_score":0.0,"top_operator":"","owner_count":0.0,"ABSTRACT_L":"A-166","field_name":"Unknown","Surv_Sect":"29","permit_count":0.0,"DESC_":"T&P RR CO","Block":"32 T1S","pending_permit_count":0.0,"production_trend":null,"production_status":"pdp","pdp_well_count":1.0,"well_count":1.0,"STArea__":27696575.293,"ABSTRACT_N":"166","new_permit_count":0.0,"CODE":"166","pud_well_count":0.0,"legal_desc":"T1S BLK 32 SEC 29 A-166"}},{"type":"Feature","geometry":{"type":"Polygon","coordinates":[[[-101.28891766326096,32.1796054745051],[-101.3055896333829,32.175938600065436],[-101.30994265928958,32.19024807837126],[-101.29318078009848,32.193934664682686],[-101.28891766326096,32.1796054745051]]]},"properties":{"Surv_Name":null,"max_propensity_score":0.0,"top_operator":"","owner_count":0.0,"ABSTRACT_L":"A-123","field_name":"Unknown","Surv_Sect":"39","permit_count":0.0,"DESC_":"T&P RR CO","Block":"31 T1S","pending_permit_count":0.0,"production_trend":null,"production_status":"pdp","pdp_well_count":2.0,"well_count":2.0,"STArea__":28726337.4502,"ABSTRACT_N":"123","new_permit_count":0.0,"CODE":"123","pud_well_count":0.0,"legal_desc":"T1S BLK 31 SEC 39 A-123"}},{"type":"Feature","geometry":{"type":"Polygon","coordinates":[[[-101.2459397020985,32.17444088320444],[-101.25184929772476,32.173146563111054],[-101.25600500797437,32.186836880709876],[-101.23914897271914,32.190536558978145],[-101.23499320642146,32.1768375399177],[-101.23912115683804,32.175933883692494],[-101.2459397020985,32.17444088320444]]]},"properties":{"Surv_Name":null,"max_propensity_score":0.0,"top_operator":"","owner_count":0.0,"ABSTRACT_L":"A-77","field_name":"Unknown","Surv_Sect":"43","permit_count":0.0,"DESC_":"T&P RR CO","Block":"30 T1S","pending_permit_count":0.0,"production_trend":null,"production_status":"pdp","pdp_well_count":5.0,"well_count":5.0,"STArea__":27712054.9474,"ABSTRACT_N":"77","new_permit_count":0.0,"CODE":"77","pud_well_count":0.0,"legal_desc":"T1S BLK 30 SEC 43 A-77"}},{"type":"Feature","geometry":{"type":"Polygon","coordinates":[[[-101.4776840263238,32.16828759013736],[-101.47917291056844,32.16792088713052],[-101.47957391623953,32.16923986007952],[-101.47990521680953,32.17032953497943],[-101.48005733381616,32.17082984843534],[-101.480387441617,32.171915560105205],[-101.48342908980284,32.181918128465924],[-101.46701179036955,32.18558393488756],[-101.46691506587023,32.18560604130486],[-101.46530479700245,32.180353522333135],[-101.46477721837168,32.17863248097865],[-101.4642397785583,32.17687919964581],[-101.46365863800233,32.17498327695405],[-101.4631700673498,32.1733892886939],[-101.46309652678951,32.1731493545208],[-101.46263239922568,32.171635051139305],[-101.46995007331225,32.16999218154172],[-101.47691200379792,32.168469381319696],[-101.4776840263238,32.16828759013736]]]},"properties":{"Surv_Name":null,"max_propensity_score":8.0,"top_operator":"CIVITAS PERMIAN OPERAT","owner_count":715.0,"ABSTRACT_L":"A-370","field_name":"Unknown","Surv_Sect":"25","permit_count":0.0,"DESC_":"T&P RR CO","Block":"33 T1S","pending_permit_count":0.0,"production_trend":null,"production_status":"pdp","pdp_well_count":7.0,"well_count":7.0,"STArea__":27773026.2759,"ABSTRACT_N":"370","new_permit_count":0.0,"CODE":"370","pud_well_count":0.0,"legal_desc":"T1S BLK 33 SEC 25 A-370"}},{"type":"Feature","geometry":{"type":"Polygon","coordinates":[[[-101.25573354588919,32.17229566027093],[-101.2683549736933,32.16952979384745],[-101.27251062638925,32.18321158968556],[-101.25600500797437,32.186836880709876],[-101.25184929772476,32.173146563111054],[-101.25573354588919,32.17229566027093]]]},"properties":{"Surv_Name":"MONZINGO, S W","max_propensity_score":1.0,"top_operator":"OAK ENERGY, LLC","owner_count":3.0,"ABSTRACT_L":"A-1166","field_name":"Unknown","Surv_Sect":"48","permit_count":0.0,"DESC_":"T&P RR CO","Block":"31 T1S","pending_permit_count":0.0,"production_trend":null,"production_status":"pdp","pdp_well_count":3.0,"well_count":3.0,"STArea__":27122235.7164,"ABSTRACT_N":"1166","new_permit_count":0.0,"CODE":"1166","pud_well_count":0.0,"legal_desc":"T1S BLK 31 SEC 48 A-1166"}},{"type":"Feature","geometry":{"type":"Polygon","coordinates":[[[-101.47917291056844,32.16792088713052],[-101.49564733419416,32.16415377093685],[-101.49996526474105,32.17829103160564],[-101.48342908980284,32.181918128465924],[-101.47917291056844,32.16792088713052]]]},"properties":{"Surv_Name":"HUDSON, R M","max_propensity_score":7.0,"top_operator":"OXY USA INC.","owner_count":46.0,"ABSTRACT_L":"A-641","field_name":"Unknown","Surv_Sect":"26","permit_count":0.0,"DESC_":"T&P RR CO","Block":"33 T1S","pending_permit_count":0.0,"production_trend":null,"production_status":"pdp","pdp_well_count":30.0,"well_count":30.0,"STArea__":27921801.7363,"ABSTRACT_N":"641","new_permit_count":0.0,"CODE":"641","pud_well_count":0.0,"legal_desc":"T1S BLK 33 SEC 26 A-641"}},{"type":"Feature","geometry":{"type":"Polygon","coordinates":[[[-101.2723728707212,32.1686490029135],[-101.28484553925782,32.16591384192308],[-101.28891766326096,32.1796054745051],[-101.27251062638925,32.18321158968556],[-101.2683549736933,32.16952979384745],[-101.2723728707212,32.1686490029135]]]},"properties":{"Surv_Name":null,"max_propensity_score":0.0,"top_operator":"","owner_count":0.0,"ABSTRACT_L":"A-127","field_name":"Unknown","Surv_Sect":"47","permit_count":0.0,"DESC_":"T&P RR CO","Block":"31 T1S","pending_permit_count":0.0,"production_trend":null,"production_status":"pdp","pdp_well_count":1.0,"well_count":1.0,"STArea__":27015315.4646,"ABSTRACT_N":"127","new_permit_count":0.0,"CODE":"127","pud_well_count":0.0,"legal_desc":"T1S BLK 31 SEC 47 A-127"}},{"type":"Feature","geometry":{"type":"Polygon","coordinates":[[[-101.44093318870553,32.16114570281574],[-101.44177179126059,32.160990805260944],[-101.4419097980201,32.16143750262234],[-101.44204469603828,32.16187413550664],[-101.44230333331396,32.16274688202931],[-101.44614439045638,32.175338693582034],[-101.42969038038704,32.179030312807505],[-101.42521185042145,32.16475186216942],[-101.42522506382505,32.164748831837606],[-101.44038417120629,32.16127167588224],[-101.44093318870553,32.16114570281574]]]},"properties":{"Surv_Name":"WILLIAMS, J D","max_propensity_score":0.0,"top_operator":"","owner_count":0.0,"ABSTRACT_L":"A-1449","field_name":"Unknown","Surv_Sect":"32","permit_count":0.0,"DESC_":"T&P RR CO","Block":"32 T1S","pending_permit_count":0.0,"production_trend":null,"production_status":"pdp","pdp_well_count":10.0,"well_count":10.0,"STArea__":28485505.6117,"ABSTRACT_N":"1449","new_permit_count":0.0,"CODE":"1449","pud_well_count":0.0,"legal_desc":"T1S BLK 32 SEC 32 A-1449"}},{"type":"Feature","geometry":{"type":"Polygon","coordinates":[[[-101.30040970492338,32.16249873842242],[-101.30143408835538,32.16227388913683],[-101.3055896333829,32.175938600065436],[-101.28891766326096,32.1796054745051],[-101.28484553925782,32.16591384192308],[-101.30040970492338,32.16249873842242]]]},"properties":{"Surv_Name":"ROBERTS, J","max_propensity_score":0.0,"top_operator":"","owner_count":0.0,"ABSTRACT_L":"A-1181","field_name":"Unknown","Surv_Sect":"46","permit_count":0.0,"DESC_":"T&P RR CO","Block":"31 T1S","pending_permit_count":0.0,"production_trend":null,"production_status":"pdp","pdp_well_count":2.0,"well_count":2.0,"STArea__":27299626.2297,"ABSTRACT_N":"1181","new_permit_count":0.0,"CODE":"1181","pud_well_count":0.0,"legal_desc":"T1S BLK 31 SEC 46 A-1181"}},{"type":"Feature","geometry":{"type":"Polygon","coordinates":[[[-101.28484553925782,32.16591384192308],[-101.28504504798254,32.161910695978854],[-101.29054868023692,32.16212155365436],[-101.30040970492338,32.16249873842242],[-101.28484553925782,32.16591384192308]]]},"properties":{"Surv_Name":"HALL, A G","max_propensity_score":0.0,"top_operator":"","owner_count":0.0,"ABSTRACT_L":"A-1681","field_name":"Unknown","Surv_Sect":"70","permit_count":0.0,"DESC_":"W&NW RR CO","Block":"29","pending_permit_count":0.0,"production_trend":null,"production_status":"none","pdp_well_count":0.0,"well_count":0.0,"STArea__":3469026.00536,"ABSTRACT_N":"1681","new_permit_count":0.0,"CODE":"1681","pud_well_count":0.0,"legal_desc":"HALL, A G A-1681"}},{"type":"Feature","geometry":{"type":"Polygon","coordinates":[[[-101.2723728707212,32.1686490029135],[-101.2728992942869,32.161444492095555],[-101.28504504798254,32.161910695978854],[-101.28484553925782,32.16591384192308],[-101.2723728707212,32.1686490029135]]]},"properties":{"Surv_Name":null,"max_propensity_score":0.0,"top_operator":"","owner_count":0.0,"ABSTRACT_L":"A-451","field_name":"Unknown","Surv_Sect":"69","permit_count":0.0,"DESC_":"W&NW RR CO","Block":"29","pending_permit_count":0.0,"production_trend":null,"production_status":"pdp","pdp_well_count":1.0,"well_count":1.0,"STArea__":7719523.49581,"ABSTRACT_N":"451","new_permit_count":0.0,"CODE":"451","pud_well_count":0.0,"legal_desc":"W&NW RR CO A-451"}},{"type":"Feature","geometry":{"type":"Polygon","coordinates":[[[-101.25573354588919,32.17229566027093],[-101.2562533082179,32.160803602422675],[-101.2728992942869,32.161444492095555],[-101.2723728707212,32.1686490029135],[-101.2683549736933,32.16952979384745],[-101.25573354588919,32.17229566027093]]]},"properties":{"Surv_Name":"ROELSE, A C","max_propensity_score":0.0,"top_operator":"","owner_count":0.0,"ABSTRACT_L":"A-1688","field_name":"Unknown","Surv_Sect":"68","permit_count":0.0,"DESC_":"W&NW RR CO","Block":"29","pending_permit_count":0.0,"production_trend":null,"production_status":"pdp","pdp_well_count":7.0,"well_count":7.0,"STArea__":17427028.5589,"ABSTRACT_N":"1688","new_permit_count":0.0,"CODE":"1688","pud_well_count":0.0,"legal_desc":"ROELSE, A C A-1688"}},{"type":"Feature","geometry":{"type":"Polygon","coordinates":[[[-101.23921875556714,32.174227578912664],[-101.24002232149422,32.160176521091884],[-101.2562533082179,32.160803602422675],[-101.25573354588919,32.17229566027093],[-101.25184929772476,32.173146563111054],[-101.2459397020985,32.17444088320444],[-101.23921875556714,32.174227578912664]]]},"properties":{"Surv_Name":null,"max_propensity_score":4.0,"top_operator":"SWEET CRUDE OPERATING","owner_count":12.0,"ABSTRACT_L":"A-450","field_name":"Unknown","Surv_Sect":"67","permit_count":0.0,"DESC_":"W&NW RR CO","Block":"29","pending_permit_count":0.0,"production_trend":null,"production_status":"pdp","pdp_well_count":42.0,"well_count":42.0,"STArea__":24421654.7557,"ABSTRACT_N":"450","new_permit_count":0.0,"CODE":"450","pud_well_count":0.0,"legal_desc":"W&NW RR CO A-450"}},{"type":"Feature","geometry":{"type":"Polygon","coordinates":[[[-101.44584276651507,32.160154930832455],[-101.4582384107054,32.157721668410545],[-101.46263239922568,32.171635051139305],[-101.44614439045638,32.175338693582034],[-101.44230333331396,32.16274688202931],[-101.44204469603828,32.16187413550664],[-101.4419097980201,32.16143750262234],[-101.44177179126059,32.160990805260944],[-101.44279157631203,32.160753666938966],[-101.4438554812418,32.16054490554475],[-101.44584276651507,32.160154930832455]]]},"properties":{"Surv_Name":null,"max_propensity_score":0.0,"top_operator":"","owner_count":0.0,"ABSTRACT_L":"A-167","field_name":"Unknown","Surv_Sect":"31","permit_count":0.0,"DESC_":"T&P RR CO","Block":"32 T1S","pending_permit_count":0.0,"production_trend":null,"production_status":"pdp","pdp_well_count":2.0,"well_count":2.0,"STArea__":27967791.0844,"ABSTRACT_N":"167","new_permit_count":0.0,"CODE":"167","pud_well_count":0.0,"legal_desc":"T1S BLK 32 SEC 31 A-167"}},{"type":"Feature","geometry":{"type":"Polygon","coordinates":[[[-101.47483164195694,32.15381804492257],[-101.47495527190317,32.153784474318876],[-101.47584961524163,32.15702460810623],[-101.47917291056844,32.16792088713052],[-101.4776840263238,32.16828759013736],[-101.47691200379792,32.168469381319696],[-101.46995007331225,32.16999218154172],[-101.46263239922568,32.171635051139305],[-101.4582384107054,32.157721668410545],[-101.45854033662317,32.15765101892222],[-101.46450130159005,32.1562559973731],[-101.4662197448162,32.1558537748835],[-101.4717443832409,32.15456048116428],[-101.47324122956877,32.154210027035504],[-101.47324750541945,32.15420855782946],[-101.47483164195694,32.15381804492257]]]},"properties":{"Surv_Name":"LAWLESS, P J","max_propensity_score":6.0,"top_operator":"CIVITAS PERMIAN OPERAT","owner_count":105.0,"ABSTRACT_L":"A-653","field_name":"Unknown","Surv_Sect":"36","permit_count":0.0,"DESC_":"T&P RR CO","Block":"33 T1S","pending_permit_count":0.0,"production_trend":null,"production_status":"pdp","pdp_well_count":8.0,"well_count":8.0,"STArea__":28054887.0588,"ABSTRACT_N":"653","new_permit_count":0.0,"CODE":"653","pud_well_count":0.0,"legal_desc":"T1S BLK 33 SEC 36 A-653"}},{"type":"Feature","geometry":{"type":"Polygon","coordinates":[[[-101.48732953757953,32.151033734060725],[-101.4914016455423,32.15013776207127],[-101.49564733419416,32.16415377093685],[-101.47917291056844,32.16792088713052],[-101.47584961524163,32.15702460810623],[-101.47495527190317,32.153784474318876],[-101.47754026461195,32.15320995850658],[-101.48113868242663,32.15241010592819],[-101.48732953757953,32.151033734060725]]]},"properties":{"Surv_Name":null,"max_propensity_score":7.0,"top_operator":"SURGE OPERATING, LLC","owner_count":115.0,"ABSTRACT_L":"A-375","field_name":"Unknown","Surv_Sect":"35","permit_count":0.0,"DESC_":"T&P RR CO","Block":"33 T1S","pending_permit_count":0.0,"production_trend":null,"production_status":"pdp","pdp_well_count":10.0,"well_count":10.0,"STArea__":27917498.5533,"ABSTRACT_N":"375","new_permit_count":0.0,"CODE":"375","pud_well_count":0.0,"legal_desc":"T1S BLK 33 SEC 35 A-375"}},{"type":"Feature","geometry":{"type":"Polygon","coordinates":[[[-101.34241058770745,32.15327177785642],[-101.34261526908436,32.14917255676355],[-101.35842092198939,32.14975028848581],[-101.35075833071664,32.15143597668273],[-101.34241058770745,32.15327177785642]]]},"properties":{"Surv_Name":"LUCY, J E","max_propensity_score":0.0,"top_operator":"","owner_count":0.0,"ABSTRACT_L":"A-1657","field_name":"Unknown","Surv_Sect":"80","permit_count":0.0,"DESC_":"W&NW RR CO","Block":"29","pending_permit_count":0.0,"production_trend":null,"production_status":"none","pdp_well_count":0.0,"well_count":0.0,"STArea__":3654466.24765,"ABSTRACT_N":"1657","new_permit_count":0.0,"CODE":"1657","pud_well_count":0.0,"legal_desc":"LUCY, J E A-1657"}},{"type":"Feature","geometry":{"type":"Polygon","coordinates":[[[-101.32537831922905,32.1570154605241],[-101.32580233856245,32.14855577725959],[-101.34261526908436,32.14917255676355],[-101.34241058770745,32.15327177785642],[-101.33444202448266,32.15502359425016],[-101.32537831922905,32.1570154605241]]]},"properties":{"Surv_Name":null,"max_propensity_score":0.0,"top_operator":"","owner_count":0.0,"ABSTRACT_L":"A-457","field_name":"Unknown","Surv_Sect":"81","permit_count":0.0,"DESC_":"W&NW RR CO","Block":"29","pending_permit_count":0.0,"production_trend":null,"production_status":"none","pdp_well_count":0.0,"well_count":0.0,"STArea__":11910036.5102,"ABSTRACT_N":"457","new_permit_count":0.0,"CODE":"457","pud_well_count":0.0,"legal_desc":"W&NW RR CO A-457"}},{"type":"Feature","geometry":{"type":"Polygon","coordinates":[[[-101.30821366413244,32.160785549679396],[-101.30875881631145,32.14792819409695],[-101.32580233856245,32.14855577725959],[-101.32537831922905,32.1570154605241],[-101.31805795387085,32.15862365496903],[-101.30821366413244,32.160785549679396]]]},"properties":{"Surv_Name":"CHALK, O","max_propensity_score":0.0,"top_operator":"","owner_count":0.0,"ABSTRACT_L":"A-1453","field_name":"Unknown","Surv_Sect":"82","permit_count":0.0,"DESC_":"W&NW RR CO","Block":"29","pending_permit_count":0.0,"production_trend":null,"production_status":"none","pdp_well_count":0.0,"well_count":0.0,"STArea__":20441279.3814,"ABSTRACT_N":"1453","new_permit_count":0.0,"CODE":"1453","pud_well_count":0.0,"legal_desc":"CHALK, O A-1453"}},{"type":"Feature","geometry":{"type":"Polygon","coordinates":[[[-101.29054868023692,32.16212155365436],[-101.2912871673175,32.14728239498862],[-101.30875881631145,32.14792819409695],[-101.30821366413244,32.160785549679396],[-101.30143408835538,32.16227388913683],[-101.30040970492338,32.16249873842242],[-101.29054868023692,32.16212155365436]]]},"properties":{"Surv_Name":null,"max_propensity_score":0.0,"top_operator":"","owner_count":0.0,"ABSTRACT_L":"A-458","field_name":"Unknown","Surv_Sect":"83","permit_count":0.0,"DESC_":"W&NW RR CO","Block":"29","pending_permit_count":0.0,"production_trend":null,"production_status":"pdp","pdp_well_count":1.0,"well_count":1.0,"STArea__":28485039.1069,"ABSTRACT_N":"458","new_permit_count":0.0,"CODE":"458","pud_well_count":0.0,"legal_desc":"W&NW RR CO A-458"}},{"type":"Feature","geometry":{"type":"Polygon","coordinates":[[[-101.2728992942869,32.161444492095555],[-101.27398075363942,32.14664025703921],[-101.2912871673175,32.14728239498862],[-101.29054868023692,32.16212155365436],[-101.28504504798254,32.161910695978854],[-101.2728992942869,32.161444492095555]]]},"properties":{"Surv_Name":"MCWHORTER, W B","max_propensity_score":3.0,"top_operator":"PARTEE DRILLING INC.","owner_count":8.0,"ABSTRACT_L":"A-1310","field_name":"Unknown","Surv_Sect":"84","permit_count":0.0,"DESC_":"W&NW RR CO","Block":"29","pending_permit_count":0.0,"production_trend":null,"production_status":"pdp","pdp_well_count":3.0,"well_count":3.0,"STArea__":29235904.1005,"ABSTRACT_N":"1310","new_permit_count":0.0,"CODE":"1310","pud_well_count":0.0,"legal_desc":"MCWHORTER, W B A-1310"}},{"type":"Feature","geometry":{"type":"Polygon","coordinates":[[[-101.2562533082179,32.160803602422675],[-101.25692242533374,32.146004941109524],[-101.27398075363942,32.14664025703921],[-101.2728992942869,32.161444492095555],[-101.2562533082179,32.160803602422675]]]},"properties":{"Surv_Name":null,"max_propensity_score":0.0,"top_operator":"","owner_count":0.0,"ABSTRACT_L":"A-459","field_name":"Unknown","Surv_Sect":"85","permit_count":0.0,"DESC_":"W&NW RR CO","Block":"29","pending_permit_count":0.0,"production_trend":null,"production_status":"pdp","pdp_well_count":2.0,"well_count":2.0,"STArea__":28148713.6582,"ABSTRACT_N":"459","new_permit_count":0.0,"CODE":"459","pud_well_count":0.0,"legal_desc":"W&NW RR CO A-459"}},{"type":"Feature","geometry":{"type":"Polygon","coordinates":[[[-101.44071326108607,32.15750029714198],[-101.43745287305079,32.146849159448195],[-101.43743969727325,32.146852242584686],[-101.43743885612697,32.14684949298209],[-101.45415715152075,32.14343462276661],[-101.45817251143644,32.156540066010926],[-101.45854033662317,32.15765101892222],[-101.4582384107054,32.157721668410545],[-101.44584276651507,32.160154930832455],[-101.4438554812418,32.16054490554475],[-101.44279157631203,32.160753666938966],[-101.44177179126059,32.160990805260944],[-101.44071326108607,32.15750029714198]]]},"properties":{"Surv_Name":"YOAKUM, B F","max_propensity_score":0.0,"top_operator":"","owner_count":0.0,"ABSTRACT_L":"A-709","field_name":"Unknown","Surv_Sect":"42","permit_count":0.0,"DESC_":"T&P RR CO","Block":"32 T1S","pending_permit_count":0.0,"production_trend":null,"production_status":"pdp","pdp_well_count":2.0,"well_count":2.0,"STArea__":28328782.7604,"ABSTRACT_N":"709","new_permit_count":0.0,"CODE":"709","pud_well_count":0.0,"legal_desc":"T1S BLK 32 SEC 42 A-709"}},{"type":"Feature","geometry":{"type":"Polygon","coordinates":[[[-101.45415715152075,32.14343462276661],[-101.4705905821178,32.13981747837058],[-101.47279205537428,32.14700992218696],[-101.47386970060926,32.15026671568693],[-101.47495527190317,32.153784474318876],[-101.47483164195694,32.15381804492257],[-101.47324750541945,32.15420855782946],[-101.47324122956877,32.154210027035504],[-101.4717443832409,32.15456048116428],[-101.4662197448162,32.1558537748835],[-101.46450130159005,32.1562559973731],[-101.45854033662317,32.15765101892222],[-101.45817251143644,32.156540066010926],[-101.45415715152075,32.14343462276661]]]},"properties":{"Surv_Name":null,"max_propensity_score":8.0,"top_operator":"CIVITAS PERMIAN OPERAT","owner_count":87.0,"ABSTRACT_L":"A-376","field_name":"Unknown","Surv_Sect":"37","permit_count":0.0,"DESC_":"T&P RR CO","Block":"33 T1S","pending_permit_count":0.0,"production_trend":null,"production_status":"pdp","pdp_well_count":7.0,"well_count":7.0,"STArea__":27923203.4669,"ABSTRACT_N":"376","new_permit_count":0.0,"CODE":"376","pud_well_count":0.0,"legal_desc":"T1S BLK 33 SEC 37 A-376"}},{"type":"Feature","geometry":{"type":"Polygon","coordinates":[[[-101.32580233856245,32.14855577725959],[-101.32653351762778,32.13396414168615],[-101.3433875732028,32.13458305709805],[-101.34261526908436,32.14917255676355],[-101.32580233856245,32.14855577725959]]]},"properties":{"Surv_Name":"ROBERTS, J","max_propensity_score":0.0,"top_operator":"","owner_count":0.0,"ABSTRACT_L":"A-1194","field_name":"Unknown","Surv_Sect":"100","permit_count":0.0,"DESC_":"W&NW RR CO","Block":"29","pending_permit_count":0.0,"production_trend":null,"production_status":"pdp","pdp_well_count":2.0,"well_count":2.0,"STArea__":27711118.0831,"ABSTRACT_N":"1194","new_permit_count":0.0,"CODE":"1194","pud_well_count":0.0,"legal_desc":"ROBERTS, J A-1194"}},{"type":"Feature","geometry":{"type":"Polygon","coordinates":[[[-101.30941482303857,32.13442941424437],[-101.30947892396858,32.13333770302271],[-101.32653351762778,32.13396414168615],[-101.32580233856245,32.14855577725959],[-101.30875881631145,32.14792819409695],[-101.30941482303857,32.13442941424437]]]},"properties":{"Surv_Name":null,"max_propensity_score":0.0,"top_operator":"","owner_count":0.0,"ABSTRACT_L":"A-462","field_name":"Unknown","Surv_Sect":"99","permit_count":0.0,"DESC_":"W&NW RR CO","Block":"29","pending_permit_count":0.0,"production_trend":null,"production_status":"none","pdp_well_count":0.0,"well_count":0.0,"STArea__":28073794.4464,"ABSTRACT_N":"462","new_permit_count":0.0,"CODE":"462","pud_well_count":0.0,"legal_desc":"W&NW RR CO A-462"}},{"type":"Feature","geometry":{"type":"Polygon","coordinates":[[[-101.2912871673175,32.14728239498862],[-101.29201317106127,32.132689274163326],[-101.30947892396858,32.13333770302271],[-101.30941482303857,32.13442941424437],[-101.30875881631145,32.14792819409695],[-101.2912871673175,32.14728239498862]]]},"properties":{"Surv_Name":"ROBERTS, J","max_propensity_score":6.0,"top_operator":"PARTEE DRILLING INC.","owner_count":27.0,"ABSTRACT_L":"A-671","field_name":"Unknown","Surv_Sect":"98","permit_count":0.0,"DESC_":"W&NW RR CO","Block":"29","pending_permit_count":0.0,"production_trend":null,"production_status":"pdp","pdp_well_count":7.0,"well_count":7.0,"STArea__":28749646.0287,"ABSTRACT_N":"671","new_permit_count":0.0,"CODE":"671","pud_well_count":0.0,"legal_desc":"ROBERTS, J A-671"}},{"type":"Feature","geometry":{"type":"Polygon","coordinates":[[[-101.27398075363942,32.14664025703921],[-101.27487698705326,32.132052820818565],[-101.29201317106127,32.132689274163326],[-101.2912871673175,32.14728239498862],[-101.27398075363942,32.14664025703921]]]},"properties":{"Surv_Name":null,"max_propensity_score":4.0,"top_operator":"PARTEE DRILLING INC.","owner_count":13.0,"ABSTRACT_L":"A-461","field_name":"Unknown","Surv_Sect":"97","permit_count":0.0,"DESC_":"W&NW RR CO","Block":"29","pending_permit_count":0.0,"production_trend":null,"production_status":"pdp","pdp_well_count":11.0,"well_count":11.0,"STArea__":28354454.5738,"ABSTRACT_N":"461","new_permit_count":0.0,"CODE":"461","pud_well_count":0.0,"legal_desc":"W&NW RR CO A-461"}},{"type":"Feature","geometry":{"type":"Polygon","coordinates":[[[-101.25692242533374,32.146004941109524],[-101.25759667967438,32.131408597532364],[-101.27487698705326,32.132052820818565],[-101.27398075363942,32.14664025703921],[-101.25692242533374,32.146004941109524]]]},"properties":{"Surv_Name":"CHALK, O","max_propensity_score":5.0,"top_operator":"EXTEX OPERATING COMPAN","owner_count":54.0,"ABSTRACT_L":"A-1435","field_name":"Unknown","Surv_Sect":"96","permit_count":0.0,"DESC_":"W&NW RR CO","Block":"29","pending_permit_count":0.0,"production_trend":null,"production_status":"pdp","pdp_well_count":20.0,"well_count":20.0,"STArea__":28270544.2408,"ABSTRACT_N":"1435","new_permit_count":0.0,"CODE":"1435","pud_well_count":0.0,"legal_desc":"CHALK, O A-1435"}},{"type":"Feature","geometry":{"type":"Polygon","coordinates":[[[-101.43328438505046,32.133292108327495],[-101.44986171424412,32.129410676323666],[-101.45201771598971,32.13645025778653],[-101.45415715152075,32.14343462276661],[-101.43743885612697,32.14684949298209],[-101.43328438505046,32.133292108327495]]]},"properties":{"Surv_Name":null,"max_propensity_score":8.0,"top_operator":"CIVITAS PERMIAN OPERAT","owner_count":288.0,"ABSTRACT_L":"A-173","field_name":"Unknown","Surv_Sect":"43","permit_count":0.0,"DESC_":"T&P RR CO","Block":"32 T1S","pending_permit_count":0.0,"production_trend":null,"production_status":"pdp","pdp_well_count":1.0,"well_count":1.0,"STArea__":27590853.9907,"ABSTRACT_N":"173","new_permit_count":0.0,"CODE":"173","pud_well_count":0.0,"legal_desc":"T1S BLK 32 SEC 43 A-173"}},{"type":"Feature","geometry":{"type":"Polygon","coordinates":[[[-101.41246153158201,32.12255762856579],[-101.41247011613603,32.12238751380639],[-101.4169942346595,32.13709762126738],[-101.4116690980794,32.13825799446523],[-101.4117291167692,32.13706903465335],[-101.41228306134147,32.12609409184728],[-101.41246153158201,32.12255762856579]]]},"properties":{"Surv_Name":null,"max_propensity_score":0.0,"top_operator":"","owner_count":0.0,"ABSTRACT_L":"A-1669","field_name":"Unknown","Surv_Sect":"01","permit_count":0.0,"DESC_":"HALL, G T","Block":"32 T2S","pending_permit_count":0.0,"production_trend":null,"production_status":"none","pdp_well_count":0.0,"well_count":0.0,"STArea__":4706489.4555,"ABSTRACT_N":"1669","new_permit_count":0.0,"CODE":"1669","pud_well_count":0.0,"legal_desc":"T2S BLK 32 SEC 01 A-1669"}},{"type":"Feature","geometry":{"type":"Polygon","coordinates":[[[-101.48286303026124,32.122149341921904],[-101.48292353059622,32.12213599812697],[-101.48714571900156,32.13608341956718],[-101.4705905821178,32.13981747837058],[-101.46962130261585,32.13664647904226],[-101.46844797323388,32.13280761981601],[-101.46627820973998,32.12567881020487],[-101.47470695084205,32.12394789775496],[-101.4779015978503,32.12324349559622],[-101.48286303026124,32.122149341921904]]]},"properties":{"Surv_Name":null,"max_propensity_score":7.0,"top_operator":"FLAT TOP OPERATING, LL","owner_count":168.0,"ABSTRACT_L":"A-381","field_name":"Unknown","Surv_Sect":"47","permit_count":0.0,"DESC_":"T&P RR CO","Block":"33 T1S","pending_permit_count":0.0,"production_trend":null,"production_status":"pdp","pdp_well_count":5.0,"well_count":5.0,"STArea__":27948493.2709,"ABSTRACT_N":"381","new_permit_count":0.0,"CODE":"381","pud_well_count":0.0,"legal_desc":"T1S BLK 33 SEC 47 A-381"}},{"type":"Feature","geometry":{"type":"Polygon","coordinates":[[[-101.32653351762778,32.13396414168615],[-101.3272627319783,32.11940700165518],[-101.34415905147003,32.120004428326844],[-101.3433875732028,32.13458305709805],[-101.32653351762778,32.13396414168615]]]},"properties":{"Surv_Name":null,"max_propensity_score":0.0,"top_operator":"","owner_count":0.0,"ABSTRACT_L":"A-467","field_name":"Unknown","Surv_Sect":"109","permit_count":0.0,"DESC_":"W&NW RR CO","Block":"29","pending_permit_count":0.0,"production_trend":null,"production_status":"pdp","pdp_well_count":2.0,"well_count":2.0,"STArea__":27740176.5874,"ABSTRACT_N":"467","new_permit_count":0.0,"CODE":"467","pud_well_count":0.0,"legal_desc":"W&NW RR CO A-467"}},{"type":"Feature","geometry":{"type":"Polygon","coordinates":[[[-101.4267630362053,32.119324224453806],[-101.42904602691027,32.11883475662361],[-101.43328438505046,32.133292108327495],[-101.43328255535685,32.13329253612727],[-101.43227363407412,32.13352830014912],[-101.43128981956987,32.133758188278705],[-101.4292444341617,32.13421980495692],[-101.42767262241138,32.13459221132929],[-101.42722663446267,32.13469728845771],[-101.42197686785532,32.13590727847397],[-101.42099343828478,32.136139670650124],[-101.41708770569063,32.13707579238405],[-101.4169942346595,32.13709762126738],[-101.41247011613603,32.12238751380639],[-101.42596966159341,32.119494311655835],[-101.4267630362053,32.119324224453806]]]},"properties":{"Surv_Name":"SETTLES, B H","max_propensity_score":0.0,"top_operator":"","owner_count":0.0,"ABSTRACT_L":"A-1352","field_name":"Unknown","Surv_Sect":"2","permit_count":0.0,"DESC_":"T&P RR CO","Block":"32 T2S","pending_permit_count":0.0,"production_trend":null,"production_status":"none","pdp_well_count":0.0,"well_count":0.0,"STArea__":28784045.779,"ABSTRACT_N":"1352","new_permit_count":0.0,"CODE":"1352","pud_well_count":0.0,"legal_desc":"T2S BLK 32 SEC 2 A-1352"}},{"type":"Feature","geometry":{"type":"Polygon","coordinates":[[[-101.30979225359532,32.118786833507144],[-101.30980027169532,32.11862946150752],[-101.3272627319783,32.11940700165518],[-101.32653351762778,32.13396414168615],[-101.30947892396858,32.13333770302271],[-101.30972776581893,32.12773522268539],[-101.30979225359532,32.118786833507144]]]},"properties":{"Surv_Name":"ROBERTS, J","max_propensity_score":0.0,"top_operator":"","owner_count":0.0,"ABSTRACT_L":"A-1195","field_name":"Unknown","Surv_Sect":"110","permit_count":0.0,"DESC_":"W&NW RR CO","Block":"29","pending_permit_count":0.0,"production_trend":null,"production_status":"none","pdp_well_count":0.0,"well_count":0.0,"STArea__":28384227.9535,"ABSTRACT_N":"1195","new_permit_count":0.0,"CODE":"1195","pud_well_count":0.0,"legal_desc":"ROBERTS, J A-1195"}},{"type":"Feature","geometry":{"type":"Polygon","coordinates":[[[-101.29276847048678,32.11818013564729],[-101.29277141780017,32.11813557194959],[-101.30980027169532,32.11862946150752],[-101.30979225359532,32.118786833507144],[-101.30972776581893,32.12773522268539],[-101.30947892396858,32.13333770302271],[-101.29201317106127,32.132689274163326],[-101.29231742678309,32.125000244295705],[-101.29263258059763,32.12023499491282],[-101.29276847048678,32.11818013564729]]]},"properties":{"Surv_Name":null,"max_propensity_score":4.0,"top_operator":"JOHNSON OPERATING COMP","owner_count":17.0,"ABSTRACT_L":"A-468","field_name":"Unknown","Surv_Sect":"111","permit_count":0.0,"DESC_":"W&NW RR CO","Block":"29","pending_permit_count":0.0,"production_trend":null,"production_status":"pdp","pdp_well_count":4.0,"well_count":4.0,"STArea__":28637277.8101,"ABSTRACT_N":"468","new_permit_count":0.0,"CODE":"468","pud_well_count":0.0,"legal_desc":"W&NW RR CO A-468"}},{"type":"Feature","geometry":{"type":"Polygon","coordinates":[[[-101.27536571575253,32.12500175976324],[-101.27576639074343,32.11757185929304],[-101.29277141780017,32.11813557194959],[-101.29231742678309,32.125000244295705],[-101.29201317106127,32.132689274163326],[-101.27487698705326,32.132052820818565],[-101.27536571575253,32.12500175976324]]]},"properties":{"Surv_Name":"BLAKE, P T","max_propensity_score":4.0,"top_operator":"CITATION OIL & GAS COR","owner_count":49.0,"ABSTRACT_L":"A-613","field_name":"Unknown","Surv_Sect":"112","permit_count":0.0,"DESC_":"W&NW RR CO","Block":"29","pending_permit_count":0.0,"production_trend":null,"production_status":"pdp","pdp_well_count":41.0,"well_count":41.0,"STArea__":27844146.0094,"ABSTRACT_N":"613","new_permit_count":0.0,"CODE":"613","pud_well_count":0.0,"legal_desc":"BLAKE, P T A-613"}},{"type":"Feature","geometry":{"type":"Polygon","coordinates":[[[-101.49967917961588,32.11856652519389],[-101.51613084718872,32.114875395811424],[-101.52042792888832,32.128707847259946],[-101.50403120975142,32.132376225940135],[-101.49967917961588,32.11856652519389]]]},"properties":{"Surv_Name":null,"max_propensity_score":4.0,"top_operator":"SMC OIL & GAS, INC.","owner_count":26.0,"ABSTRACT_L":"A-380","field_name":"Unknown","Surv_Sect":"45","permit_count":0.0,"DESC_":"T&P RR CO","Block":"33 T1S","pending_permit_count":0.0,"production_trend":null,"production_status":"pdp","pdp_well_count":6.0,"well_count":6.0,"STArea__":27360656.9805,"ABSTRACT_N":"380","new_permit_count":0.0,"CODE":"380","pud_well_count":0.0,"legal_desc":"T1S BLK 33 SEC 45 A-380"}},{"type":"Feature","geometry":{"type":"Polygon","coordinates":[[[-101.42904602691027,32.11883475662361],[-101.44554024269843,32.115297165831365],[-101.44986171424412,32.129410676323666],[-101.43328438505046,32.133292108327495],[-101.42904602691027,32.11883475662361]]]},"properties":{"Surv_Name":null,"max_propensity_score":0.0,"top_operator":"","owner_count":0.0,"ABSTRACT_L":"A-299","field_name":"Unknown","Surv_Sect":"1","permit_count":0.0,"DESC_":"T&P RR CO","Block":"32 T2S","pending_permit_count":0.0,"production_trend":null,"production_status":"pdp","pdp_well_count":5.0,"well_count":5.0,"STArea__":28394896.3352,"ABSTRACT_N":"299","new_permit_count":0.0,"CODE":"299","pud_well_count":0.0,"legal_desc":"T2S BLK 32 SEC 1 A-299"}},{"type":"Feature","geometry":{"type":"Polygon","coordinates":[[[-101.44554024269843,32.115297165831365],[-101.46191988999641,32.11147865519849],[-101.46210320417802,32.112076106983565],[-101.4630330013431,32.11516769526828],[-101.4641062390466,32.11868337626018],[-101.46418747604262,32.118868457933786],[-101.46441006995676,32.11959379693858],[-101.46467941057684,32.12047145016678],[-101.46521391294173,32.122213081755596],[-101.46627820973998,32.12567881020487],[-101.46212386100628,32.12659606202633],[-101.46002136139383,32.12706651238901],[-101.45939939830978,32.12720461282482],[-101.45872739196608,32.12735370991738],[-101.45796580372875,32.12752164113458],[-101.45692696004626,32.12775286233177],[-101.45563789704605,32.12803976152324],[-101.4538331955635,32.128441397239015],[-101.44986171424412,32.129410676323666],[-101.4477044589123,32.122365862395064],[-101.4466587313511,32.11895048208076],[-101.44660986754526,32.11879088481434],[-101.44554024269843,32.115297165831365]]]},"properties":{"Surv_Name":null,"max_propensity_score":5.0,"top_operator":"CIVITAS PERMIAN OPERAT","owner_count":28.0,"ABSTRACT_L":"A-382","field_name":"Unknown","Surv_Sect":"1","permit_count":0.0,"DESC_":"T&P RR CO","Block":"33 T2S","pending_permit_count":0.0,"production_trend":null,"production_status":"pdp","pdp_well_count":8.0,"well_count":8.0,"STArea__":27917085.0155,"ABSTRACT_N":"382","new_permit_count":0.0,"CODE":"382","pud_well_count":0.0,"legal_desc":"T2S BLK 33 SEC 1 A-382"}},{"type":"Feature","geometry":{"type":"Polygon","coordinates":[[[-101.49511734321443,32.104529455860614],[-101.49529653932106,32.10445848015955],[-101.49760668737923,32.11118691029474],[-101.49967917961588,32.11856652519389],[-101.49948875117231,32.11859797615399],[-101.4977126862908,32.11897743063729],[-101.48976123755988,32.12067589455657],[-101.48292353059622,32.12213599812697],[-101.48285764488564,32.12192336544595],[-101.48062277421121,32.11471019794479],[-101.47854646661239,32.10799737855321],[-101.49511734321443,32.104529455860614]]]},"properties":{"Surv_Name":null,"max_propensity_score":4.0,"top_operator":"FLAT TOP OPERATING, LL","owner_count":122.0,"ABSTRACT_L":"A-383","field_name":"Unknown","Surv_Sect":"3","permit_count":0.0,"DESC_":"T&P RR CO","Block":"33 T2S","pending_permit_count":0.0,"production_trend":null,"production_status":"pdp","pdp_well_count":5.0,"well_count":5.0,"STArea__":28543385.9266,"ABSTRACT_N":"383","new_permit_count":0.0,"CODE":"383","pud_well_count":0.0,"legal_desc":"T2S BLK 33 SEC 3 A-383"}},{"type":"Feature","geometry":{"type":"Polygon","coordinates":[[[-101.3272627319783,32.11940700165518],[-101.32798529360858,32.10497800409228],[-101.34492016068552,32.10561709079297],[-101.34415905147003,32.120004428326844],[-101.3272627319783,32.11940700165518]]]},"properties":{"Surv_Name":"NUNN, E H","max_propensity_score":1.0,"top_operator":"APACHE CORPORATION","owner_count":6.0,"ABSTRACT_L":"A-1319","field_name":"Unknown","Surv_Sect":"128","permit_count":0.0,"DESC_":"W&NW RR CO","Block":"29","pending_permit_count":0.0,"production_trend":null,"production_status":"pdp","pdp_well_count":37.0,"well_count":37.0,"STArea__":27506943.31,"ABSTRACT_N":"1319","new_permit_count":0.0,"CODE":"1319","pud_well_count":0.0,"legal_desc":"NUNN, E H A-1319"}},{"type":"Feature","geometry":{"type":"Polygon","coordinates":[[[-101.41322863628429,32.10735387506477],[-101.42453220261531,32.104808383318655],[-101.42774213785394,32.11485210155905],[-101.42786339677806,32.11523504888705],[-101.42904602691027,32.11883475662361],[-101.41247011613603,32.12238751380639],[-101.41297740653152,32.112333733332726],[-101.41321256757608,32.10767240326387],[-101.41322863628429,32.10735387506477]]]},"properties":{"Surv_Name":null,"max_propensity_score":2.0,"top_operator":"EXTEX OPERATING COMPAN","owner_count":5.0,"ABSTRACT_L":"A-300","field_name":"Unknown","Surv_Sect":"3","permit_count":0.0,"DESC_":"T&P RR CO","Block":"32 T2S","pending_permit_count":0.0,"production_trend":null,"production_status":"pdp","pdp_well_count":32.0,"well_count":32.0,"STArea__":23442831.1527,"ABSTRACT_N":"300","new_permit_count":0.0,"CODE":"300","pud_well_count":0.0,"legal_desc":"T2S BLK 32 SEC 3 A-300"}},{"type":"Feature","geometry":{"type":"Polygon","coordinates":[[[-101.30980027169532,32.11862946150752],[-101.31060665353306,32.10431974484259],[-101.32798529360858,32.10497800409228],[-101.3272627319783,32.11940700165518],[-101.30980027169532,32.11862946150752]]]},"properties":{"Surv_Name":null,"max_propensity_score":5.0,"top_operator":"O'RYAN OIL AND GAS","owner_count":27.0,"ABSTRACT_L":"A-472","field_name":"Unknown","Surv_Sect":"127","permit_count":0.0,"DESC_":"W&NW RR CO","Block":"29","pending_permit_count":0.0,"production_trend":null,"production_status":"pdp","pdp_well_count":45.0,"well_count":45.0,"STArea__":28260736.4748,"ABSTRACT_N":"472","new_permit_count":0.0,"CODE":"472","pud_well_count":0.0,"legal_desc":"W&NW RR CO A-472"}},{"type":"Feature","geometry":{"type":"Polygon","coordinates":[[[-101.29277141780017,32.11813557194959],[-101.29345628431824,32.103667723449966],[-101.31060665353306,32.10431974484259],[-101.30980027169532,32.11862946150752],[-101.29277141780017,32.11813557194959]]]},"properties":{"Surv_Name":"MURPHY, J H","max_propensity_score":7.0,"top_operator":"GRAYROCK ENERGY II, LL","owner_count":45.0,"ABSTRACT_L":"A-656","field_name":"Unknown","Surv_Sect":"126","permit_count":0.0,"DESC_":"W&NW RR CO","Block":"29","pending_permit_count":0.0,"production_trend":null,"production_status":"pdp","pdp_well_count":98.0,"well_count":98.0,"STArea__":27748939.3979,"ABSTRACT_N":"656","new_permit_count":0.0,"CODE":"656","pud_well_count":0.0,"legal_desc":"MURPHY, J H A-656"}},{"type":"Feature","geometry":{"type":"Polygon","coordinates":[[[-101.2762152120526,32.11026253245465],[-101.27665944118922,32.103026823793265],[-101.28536098688303,32.10335912598387],[-101.29345628431824,32.103667723449966],[-101.29277141780017,32.11813557194959],[-101.27576639074343,32.11757185929304],[-101.2762152120526,32.11026253245465]]]},"properties":{"Surv_Name":null,"max_propensity_score":7.0,"top_operator":"UNITEX OIL & GAS, L.L.","owner_count":147.0,"ABSTRACT_L":"A-471","field_name":"Unknown","Surv_Sect":"125","permit_count":0.0,"DESC_":"W&NW RR CO","Block":"29","pending_permit_count":0.0,"production_trend":null,"production_status":"pdp","pdp_well_count":119.0,"well_count":119.0,"STArea__":27672714.2271,"ABSTRACT_N":"471","new_permit_count":0.0,"CODE":"471","pud_well_count":0.0,"legal_desc":"W&NW RR CO A-471"}},{"type":"Feature","geometry":{"type":"Polygon","coordinates":[[[-101.43229951631216,32.10310688064903],[-101.44112582895745,32.1011723528409],[-101.44155923253439,32.102591869172024],[-101.4416613109014,32.10292619078645],[-101.44550029103618,32.11516400339644],[-101.44554024269843,32.115297165831365],[-101.42904602691027,32.11883475662361],[-101.42786339677806,32.11523504888705],[-101.42774213785394,32.11485210155905],[-101.42453220261531,32.104808383318655],[-101.42471984648157,32.104767285082296],[-101.42665260285466,32.10434394483191],[-101.43229951631216,32.10310688064903]]]},"properties":{"Surv_Name":"SETTLES, B H","max_propensity_score":0.0,"top_operator":"","owner_count":0.0,"ABSTRACT_L":"A-1354","field_name":"Unknown","Surv_Sect":"4","permit_count":0.0,"DESC_":"T&P RR CO","Block":"32 T2S","pending_permit_count":0.0,"production_trend":null,"production_status":"pdp","pdp_well_count":10.0,"well_count":10.0,"STArea__":28046206.003,"ABSTRACT_N":"1354","new_permit_count":0.0,"CODE":"1354","pud_well_count":0.0,"legal_desc":"T2S BLK 32 SEC 4 A-1354"}},{"type":"Feature","geometry":{"type":"Polygon","coordinates":[[[-101.44112582895745,32.1011723528409],[-101.45764788296955,32.097549548896296],[-101.45792224512796,32.09844586922839],[-101.4581848655356,32.09930381515147],[-101.45884141797329,32.10137656415199],[-101.45938579375385,32.103219184761905],[-101.46072922154626,32.107598061027815],[-101.46072923589739,32.107598110302085],[-101.46191988999641,32.11147865519849],[-101.45311898690936,32.113530678906685],[-101.44554024269843,32.115297165831365],[-101.44550029103618,32.11516400339644],[-101.4416613109014,32.10292619078645],[-101.44155923253439,32.102591869172024],[-101.44112582895745,32.1011723528409]]]},"properties":{"Surv_Name":"SETTLES, B H","max_propensity_score":8.0,"top_operator":"TRILOGY OPERATING, INC","owner_count":34.0,"ABSTRACT_L":"A-1353","field_name":"Unknown","Surv_Sect":"12","permit_count":0.0,"DESC_":"T&P RR CO","Block":"33 T2S","pending_permit_count":0.0,"production_trend":null,"production_status":"pdp","pdp_well_count":17.0,"well_count":17.0,"STArea__":27829308.286,"ABSTRACT_N":"1353","new_permit_count":0.0,"CODE":"1353","pud_well_count":0.0,"legal_desc":"T2S BLK 33 SEC 12 A-1353"}},{"type":"Feature","geometry":{"type":"Polygon","coordinates":[[[-101.45783450163789,32.09750943822288],[-101.47419677144417,32.09393120833053],[-101.47854646661239,32.10799737855321],[-101.46191988999641,32.11147865519849],[-101.46072923589739,32.107598110302085],[-101.46072922154626,32.107598061027815],[-101.45938579375385,32.103219184761905],[-101.45884141797329,32.10137656415199],[-101.4581848655356,32.09930381515147],[-101.45792224512796,32.09844586922839],[-101.45764788296955,32.097549548896296],[-101.45783450163789,32.09750943822288]]]},"properties":{"Surv_Name":null,"max_propensity_score":8.0,"top_operator":"VITAL ENERGY, INC.","owner_count":136.0,"ABSTRACT_L":"A-386","field_name":"Unknown","Surv_Sect":"11","permit_count":0.0,"DESC_":"T&P RR CO","Block":"33 T2S","pending_permit_count":0.0,"production_trend":null,"production_status":"pdp","pdp_well_count":5.0,"well_count":5.0,"STArea__":27878558.5896,"ABSTRACT_N":"386","new_permit_count":0.0,"CODE":"386","pud_well_count":0.0,"legal_desc":"T2S BLK 33 SEC 11 A-386"}},{"type":"Feature","geometry":{"type":"Polygon","coordinates":[[[-101.39602663770167,32.10747695435009],[-101.39677198145279,32.09275582069941],[-101.41393481278025,32.093353147239554],[-101.41358306172741,32.100327545426815],[-101.41322863628429,32.10735387506477],[-101.41321256757608,32.10767240326387],[-101.39602663770167,32.10747695435009]]]},"properties":{"Surv_Name":null,"max_propensity_score":8.0,"top_operator":"CITATION OIL & GAS COR","owner_count":82.0,"ABSTRACT_L":"A-475","field_name":"Unknown","Surv_Sect":"133","permit_count":0.0,"DESC_":"W&NW RR CO","Block":"29","pending_permit_count":0.0,"production_trend":null,"production_status":"pdp","pdp_well_count":109.0,"well_count":109.0,"STArea__":28128687.475,"ABSTRACT_N":"475","new_permit_count":0.0,"CODE":"475","pud_well_count":0.0,"legal_desc":"W&NW RR CO A-475"}},{"type":"Feature","geometry":{"type":"Polygon","coordinates":[[[-101.37907568062907,32.10655458433722],[-101.37979403843768,32.09216257225173],[-101.39677198145279,32.09275582069941],[-101.39602663770167,32.10747695435009],[-101.37907568062907,32.10655458433722]]]},"properties":{"Surv_Name":"SETTLES, W R","max_propensity_score":9.0,"top_operator":"CITATION OIL & GAS COR","owner_count":156.0,"ABSTRACT_L":"A-1096","field_name":"Unknown","Surv_Sect":"134","permit_count":0.0,"DESC_":"W&NW RR CO","Block":"29","pending_permit_count":0.0,"production_trend":null,"production_status":"pdp","pdp_well_count":109.0,"well_count":109.0,"STArea__":27884687.701,"ABSTRACT_N":"1096","new_permit_count":0.0,"CODE":"1096","pud_well_count":0.0,"legal_desc":"SETTLES, W R A-1096"}},{"type":"Feature","geometry":{"type":"Polygon","coordinates":[[[-101.3621144645412,32.10626358165686],[-101.36284874200791,32.09167848982167],[-101.36707284483629,32.091716528584286],[-101.37979403843768,32.09216257225173],[-101.37907568062907,32.10655458433722],[-101.3621144645412,32.10626358165686]]]},"properties":{"Surv_Name":null,"max_propensity_score":9.0,"top_operator":"WASH, ROBERT C. INC.","owner_count":645.0,"ABSTRACT_L":"A-476","field_name":"Unknown","Surv_Sect":"135","permit_count":0.0,"DESC_":"W&NW RR CO","Block":"29","pending_permit_count":0.0,"production_trend":null,"production_status":"pdp","pdp_well_count":135.0,"well_count":135.0,"STArea__":27784904.7628,"ABSTRACT_N":"476","new_permit_count":0.0,"CODE":"476","pud_well_count":0.0,"legal_desc":"W&NW RR CO A-476"}},{"type":"Feature","geometry":{"type":"Polygon","coordinates":[[[-101.34492016068552,32.10561709079297],[-101.34568165502434,32.09121787212252],[-101.36284874200791,32.09167848982167],[-101.3621144645412,32.10626358165686],[-101.34492016068552,32.10561709079297]]]},"properties":{"Surv_Name":"NUNN, E H","max_propensity_score":1.0,"top_operator":"BASA RESOURCES, INC.","owner_count":4.0,"ABSTRACT_L":"A-1318","field_name":"Unknown","Surv_Sect":"136","permit_count":0.0,"DESC_":"W&NW RR CO","Block":"29","pending_permit_count":0.0,"production_trend":null,"production_status":"pdp","pdp_well_count":275.0,"well_count":275.0,"STArea__":28099133.355,"ABSTRACT_N":"1318","new_permit_count":0.0,"CODE":"1318","pud_well_count":0.0,"legal_desc":"NUNN, E H A-1318"}},{"type":"Feature","geometry":{"type":"Polygon","coordinates":[[[-101.49064605371035,32.09037525926082],[-101.49102161124846,32.09029404391021],[-101.49449496453677,32.1012894634853],[-101.49529653932106,32.10445848015955],[-101.49511734321443,32.104529455860614],[-101.47854646661239,32.10799737855321],[-101.47419677144417,32.09393120833053],[-101.49064605371035,32.09037525926082]]]},"properties":{"Surv_Name":"PERMINTER, E W","max_propensity_score":8.0,"top_operator":"VITAL ENERGY, INC.","owner_count":276.0,"ABSTRACT_L":"A-1075","field_name":"Unknown","Surv_Sect":"10","permit_count":0.0,"DESC_":"T&P RR CO","Block":"33 T2N","pending_permit_count":0.0,"production_trend":null,"production_status":"pdp","pdp_well_count":5.0,"well_count":5.0,"STArea__":28595635.245,"ABSTRACT_N":"1075","new_permit_count":0.0,"CODE":"1075","pud_well_count":0.0,"legal_desc":"T2N BLK 33 SEC 10 A-1075"}},{"type":"Feature","geometry":{"type":"Polygon","coordinates":[[[-101.32798529360858,32.10497800409228],[-101.32871281723638,32.09044524396452],[-101.34568165502434,32.09121787212252],[-101.34492016068552,32.10561709079297],[-101.32798529360858,32.10497800409228]]]},"properties":{"Surv_Name":null,"max_propensity_score":5.0,"top_operator":"RCW OIL, LLC","owner_count":53.0,"ABSTRACT_L":"A-477","field_name":"Unknown","Surv_Sect":"137","permit_count":0.0,"DESC_":"W&NW RR CO","Block":"29","pending_permit_count":0.0,"production_trend":null,"production_status":"pdp","pdp_well_count":267.0,"well_count":267.0,"STArea__":27688265.8235,"ABSTRACT_N":"477","new_permit_count":0.0,"CODE":"477","pud_well_count":0.0,"legal_desc":"W&NW RR CO A-477"}},{"type":"Feature","geometry":{"type":"Polygon","coordinates":[[[-101.31060665353306,32.10431974484259],[-101.31122229488447,32.08978138292952],[-101.32871281723638,32.09044524396452],[-101.32798529360858,32.10497800409228],[-101.31060665353306,32.10431974484259]]]},"properties":{"Surv_Name":"SANDERSON, R C","max_propensity_score":4.0,"top_operator":"LANDMARK IP, LLC","owner_count":20.0,"ABSTRACT_L":"A-1085","field_name":"Unknown","Surv_Sect":"138","permit_count":0.0,"DESC_":"W&NW RR CO","Block":"29","pending_permit_count":0.0,"production_trend":null,"production_status":"pdp","pdp_well_count":150.0,"well_count":150.0,"STArea__":28602736.9916,"ABSTRACT_N":"1085","new_permit_count":0.0,"CODE":"1085","pud_well_count":0.0,"legal_desc":"SANDERSON, R C A-1085"}},{"type":"Feature","geometry":{"type":"Polygon","coordinates":[[[-101.29345628431824,32.103667723449966],[-101.29417825016218,32.08914169252453],[-101.31122229488447,32.08978138292952],[-101.31060665353306,32.10431974484259],[-101.29345628431824,32.103667723449966]]]},"properties":{"Surv_Name":null,"max_propensity_score":5.0,"top_operator":"LANDMARK IP, LLC","owner_count":60.0,"ABSTRACT_L":"A-478","field_name":"Unknown","Surv_Sect":"139","permit_count":0.0,"DESC_":"W&NW RR CO","Block":"29","pending_permit_count":0.0,"production_trend":null,"production_status":"pdp","pdp_well_count":115.0,"well_count":115.0,"STArea__":28042590.9644,"ABSTRACT_N":"478","new_permit_count":0.0,"CODE":"478","pud_well_count":0.0,"legal_desc":"W&NW RR CO A-478"}},{"type":"Feature","geometry":{"type":"Polygon","coordinates":[[[-101.47419677144417,32.09393120833053],[-101.47212144285133,32.08721834627091],[-101.49003960654535,32.087174202930775],[-101.49102161124846,32.09029404391021],[-101.47419677144417,32.09393120833053]]]},"properties":{"Surv_Name":null,"max_propensity_score":0.0,"top_operator":"","owner_count":0.0,"ABSTRACT_L":"A-1555","field_name":"Unknown","Surv_Sect":"15","permit_count":0.0,"DESC_":"T&P RR CO","Block":"33 T2S","pending_permit_count":0.0,"production_trend":null,"production_status":"pdp","pdp_well_count":5.0,"well_count":5.0,"STArea__":9940289.56569,"ABSTRACT_N":"1555","new_permit_count":0.0,"CODE":"1555","pud_well_count":0.0,"legal_desc":"T2S BLK 33 SEC 15 A-1555"}},{"type":"Feature","geometry":{"type":"Polygon","coordinates":[[[-101.45764788296955,32.097549548896296],[-101.45446392957984,32.08718058993635],[-101.47212144285133,32.08721834627091],[-101.47419677144417,32.09393120833053],[-101.45783450057895,32.097509438248245],[-101.45764788296955,32.097549548896296]]]},"properties":{"Surv_Name":"PHILLIPS, H","max_propensity_score":9.0,"top_operator":"BASA RESOURCES, INC.","owner_count":452.0,"ABSTRACT_L":"A-1547","field_name":"Unknown","Surv_Sect":"14","permit_count":0.0,"DESC_":"T&P RR CO","Block":"33 T2S","pending_permit_count":0.0,"production_trend":null,"production_status":"pdp","pdp_well_count":57.0,"well_count":57.0,"STArea__":16990533.9788,"ABSTRACT_N":"1547","new_permit_count":0.0,"CODE":"1547","pud_well_count":0.0,"legal_desc":"T2S BLK 33 SEC 14 A-1547"}},{"type":"Feature","geometry":{"type":"Polygon","coordinates":[[[-101.4329374677728,32.08792221274179],[-101.43637234606774,32.08717583234127],[-101.4371340398821,32.08717412460329],[-101.43822677287511,32.090843525668454],[-101.43829604906158,32.09107614595988],[-101.44112582895745,32.1011723528409],[-101.43229951631216,32.10310688064903],[-101.42665260285466,32.10434394483191],[-101.42471984648157,32.104767285082296],[-101.42453220261531,32.104808383318655],[-101.42255313851336,32.09830823864393],[-101.42023504209233,32.09068144377555],[-101.4329374677728,32.08792221274179]]]},"properties":{"Surv_Name":null,"max_propensity_score":6.0,"top_operator":"CITATION OIL & GAS COR","owner_count":27.0,"ABSTRACT_L":"A-301","field_name":"Unknown","Surv_Sect":"5","permit_count":0.0,"DESC_":"T&P RR CO","Block":"32 T2S","pending_permit_count":0.0,"production_trend":null,"production_status":"pdp","pdp_well_count":101.0,"well_count":101.0,"STArea__":28390789.9991,"ABSTRACT_N":"301","new_permit_count":0.0,"CODE":"301","pud_well_count":0.0,"legal_desc":"T2S BLK 32 SEC 5 A-301"}},{"type":"Feature","geometry":{"type":"Polygon","coordinates":[[[-101.43822677287511,32.090843525668454],[-101.4371340398821,32.08717412460329],[-101.44379545860434,32.08717689755742],[-101.44421880333256,32.08717706132718],[-101.45150452290797,32.08717965795278],[-101.45446392957984,32.08718058993635],[-101.45764788296955,32.097549548896296],[-101.44112582895745,32.1011723528409],[-101.43829604906158,32.09107614595988],[-101.43822677287511,32.090843525668454]]]},"properties":{"Surv_Name":null,"max_propensity_score":3.0,"top_operator":"GRAYROCK ENERGY II, LL","owner_count":12.0,"ABSTRACT_L":"A-503","field_name":"Unknown","Surv_Sect":"13","permit_count":0.0,"DESC_":"T&P RR CO","Block":"33 T2S","pending_permit_count":0.0,"production_trend":null,"production_status":"pdp","pdp_well_count":108.0,"well_count":108.0,"STArea__":23927636.5183,"ABSTRACT_N":"503","new_permit_count":0.0,"CODE":"503","pud_well_count":0.0,"legal_desc":"T2S BLK 33 SEC 13 A-503"}},{"type":"Feature","geometry":{"type":"Polygon","coordinates":[[[-101.4140012863089,32.09203500543651],[-101.41424469266359,32.08720805687275],[-101.41915419862563,32.08719976555793],[-101.42023504209233,32.09068144377555],[-101.4140012863089,32.09203500543651]]]},"properties":{"Surv_Name":null,"max_propensity_score":7.0,"top_operator":"CITATION OIL & GAS COR","owner_count":20.0,"ABSTRACT_L":"A-600","field_name":"Unknown","Surv_Sect":"7","permit_count":0.0,"DESC_":"T&P RR CO","Block":"32 T2S","pending_permit_count":0.0,"production_trend":null,"production_status":"pdp","pdp_well_count":5.0,"well_count":5.0,"STArea__":2640239.021,"ABSTRACT_N":"600","new_permit_count":0.0,"CODE":"600","pud_well_count":0.0,"legal_desc":"T2S BLK 32 SEC 7 A-600"}},{"type":"Feature","geometry":{"type":"Polygon","coordinates":[[[-101.25893842388797,32.10234817281779],[-101.2596080947213,32.087836961641536],[-101.2775501431583,32.088515336213646],[-101.27665944118922,32.103026823793265],[-101.25893842388797,32.10234817281779]]]},"properties":{"Surv_Name":null,"max_propensity_score":7.0,"top_operator":"GRAYROCK ENERGY II, LL","owner_count":116.0,"ABSTRACT_L":"A-479","field_name":"Unknown","Surv_Sect":"141","permit_count":0.0,"DESC_":"W&NW RR CO","Block":"29","pending_permit_count":0.0,"production_trend":null,"production_status":"pdp","pdp_well_count":111.0,"well_count":111.0,"STArea__":29214450.6602,"ABSTRACT_N":"479","new_permit_count":0.0,"CODE":"479","pud_well_count":0.0,"legal_desc":"W&NW RR CO A-479"}},{"type":"Feature","geometry":{"type":"Polygon","coordinates":[[[-101.39677198145279,32.09275582069941],[-101.39705216120001,32.08722080215538],[-101.41424469266359,32.08720805687275],[-101.4140012863089,32.09203500543651],[-101.41393481278025,32.093353147239554],[-101.39677198145279,32.09275582069941]]]},"properties":{"Surv_Name":"SETTLES, W R","max_propensity_score":0.0,"top_operator":"","owner_count":0.0,"ABSTRACT_L":"A-1551","field_name":"Unknown","Surv_Sect":"160","permit_count":0.0,"DESC_":"W&NW RR CO","Block":"29","pending_permit_count":0.0,"production_trend":null,"production_status":"pdp","pdp_well_count":20.0,"well_count":20.0,"STArea__":11313430.4417,"ABSTRACT_N":"1551","new_permit_count":0.0,"CODE":"1551","pud_well_count":0.0,"legal_desc":"SETTLES, W R A-1551"}},{"type":"Feature","geometry":{"type":"Polygon","coordinates":[[[-101.37979403843768,32.09216257225173],[-101.38004367138583,32.087160192329215],[-101.39705216120001,32.08722080215538],[-101.39677198145279,32.09275582069941],[-101.37979403843768,32.09216257225173]]]},"properties":{"Surv_Name":null,"max_propensity_score":0.0,"top_operator":"","owner_count":0.0,"ABSTRACT_L":"A-484","field_name":"Unknown","Surv_Sect":"159","permit_count":0.0,"DESC_":"W&NW RR CO","Block":"29","pending_permit_count":0.0,"production_trend":null,"production_status":"pdp","pdp_well_count":33.0,"well_count":33.0,"STArea__":10098110.421,"ABSTRACT_N":"484","new_permit_count":0.0,"CODE":"484","pud_well_count":0.0,"legal_desc":"W&NW RR CO A-484"}},{"type":"Feature","geometry":{"type":"Polygon","coordinates":[[[-101.36284874200791,32.09167848982167],[-101.36307810712847,32.08712158247216],[-101.38004367138583,32.087160192329215],[-101.37979403843768,32.09216257225173],[-101.36707284483629,32.091716528584286],[-101.36284874200791,32.09167848982167]]]},"properties":{"Surv_Name":"SETTLES, W R","max_propensity_score":8.0,"top_operator":"CITATION OIL & GAS COR","owner_count":128.0,"ABSTRACT_L":"A-1552","field_name":"Unknown","Surv_Sect":"158","permit_count":0.0,"DESC_":"W&NW RR CO","Block":"29","pending_permit_count":0.0,"production_trend":null,"production_status":"pdp","pdp_well_count":43.0,"well_count":43.0,"STArea__":9059560.94082,"ABSTRACT_N":"1552","new_permit_count":0.0,"CODE":"1552","pud_well_count":0.0,"legal_desc":"SETTLES, W R A-1552"}},{"type":"Feature","geometry":{"type":"Polygon","coordinates":[[[-101.34568165502434,32.09121787212252],[-101.34589767805227,32.087132215529486],[-101.36307810712847,32.08712158247216],[-101.36284874200791,32.09167848982167],[-101.34568165502434,32.09121787212252]]]},"properties":{"Surv_Name":null,"max_propensity_score":5.0,"top_operator":"GOLDEN SPECIALTIES OIL","owner_count":26.0,"ABSTRACT_L":"A-483","field_name":"Unknown","Surv_Sect":"157","permit_count":0.0,"DESC_":"W&NW RR CO","Block":"29","pending_permit_count":0.0,"production_trend":null,"production_status":"pdp","pdp_well_count":26.0,"well_count":26.0,"STArea__":8367870.35045,"ABSTRACT_N":"483","new_permit_count":0.0,"CODE":"483","pud_well_count":0.0,"legal_desc":"W&NW RR CO A-483"}},{"type":"Feature","geometry":{"type":"Polygon","coordinates":[[[-101.32871281723638,32.09044524396452],[-101.32887576011007,32.087189707083496],[-101.34589767805227,32.087132215529486],[-101.34568165502434,32.09121787212252],[-101.32871281723638,32.09044524396452]]]},"properties":{"Surv_Name":"NUNN, E H","max_propensity_score":5.0,"top_operator":"APV MCCAMEY LLC","owner_count":17.0,"ABSTRACT_L":"A-1545","field_name":"Unknown","Surv_Sect":"156","permit_count":0.0,"DESC_":"W&NW RR CO","Block":"29","pending_permit_count":0.0,"production_trend":null,"production_status":"pdp","pdp_well_count":37.0,"well_count":37.0,"STArea__":7036944.85951,"ABSTRACT_N":"1545","new_permit_count":0.0,"CODE":"1545","pud_well_count":0.0,"legal_desc":"NUNN, E H A-1545"}},{"type":"Feature","geometry":{"type":"Polygon","coordinates":[[[-101.31122229488447,32.08978138292952],[-101.31133201807701,32.087189770996545],[-101.32887576011007,32.087189707083496],[-101.32871281723638,32.09044524396452],[-101.31122229488447,32.08978138292952]]]},"properties":{"Surv_Name":null,"max_propensity_score":6.0,"top_operator":"WASH, ROBERT C. INC.","owner_count":23.0,"ABSTRACT_L":"A-482","field_name":"Unknown","Surv_Sect":"155","permit_count":0.0,"DESC_":"W&NW RR CO","Block":"29","pending_permit_count":0.0,"production_trend":null,"production_status":"pdp","pdp_well_count":17.0,"well_count":17.0,"STArea__":5775738.86985,"ABSTRACT_N":"482","new_permit_count":0.0,"CODE":"482","pud_well_count":0.0,"legal_desc":"W&NW RR CO A-482"}},{"type":"Feature","geometry":{"type":"Polygon","coordinates":[[[-101.29417825016218,32.08914169252453],[-101.29427278183556,32.08723934803138],[-101.31133201807701,32.087189770996545],[-101.31122229488447,32.08978138292952],[-101.29417825016218,32.08914169252453]]]},"properties":{"Surv_Name":"SANDERSON, R C","max_propensity_score":2.0,"top_operator":"LANDMARK IP, LLC","owner_count":6.0,"ABSTRACT_L":"A-1549","field_name":"Unknown","Surv_Sect":"154","permit_count":0.0,"DESC_":"W&NW RR CO","Block":"29","pending_permit_count":0.0,"production_trend":null,"production_status":"pdp","pdp_well_count":8.0,"well_count":8.0,"STArea__":4320709.0634,"ABSTRACT_N":"1549","new_permit_count":0.0,"CODE":"1549","pud_well_count":0.0,"legal_desc":"SANDERSON, R C A-1549"}},{"type":"Feature","geometry":{"type":"Polygon","coordinates":[[[-101.2775501431583,32.088515336213646],[-101.27763001818818,32.087213770894756],[-101.29427278183556,32.08723934803138],[-101.29417825016218,32.08914169252453],[-101.28602759145282,32.08883495061485],[-101.2775501431583,32.088515336213646]]]},"properties":{"Surv_Name":null,"max_propensity_score":0.0,"top_operator":"","owner_count":0.0,"ABSTRACT_L":"A-481","field_name":"Unknown","Surv_Sect":"153","permit_count":0.0,"DESC_":"W&NW RR CO","Block":"29","pending_permit_count":0.0,"production_trend":null,"production_status":"pdp","pdp_well_count":1.0,"well_count":1.0,"STArea__":3006059.66112,"ABSTRACT_N":"481","new_permit_count":0.0,"CODE":"481","pud_well_count":0.0,"legal_desc":"W&NW RR CO A-481"}},{"type":"Feature","geometry":{"type":"Polygon","coordinates":[[[-101.2596080947213,32.087836961641536],[-101.25963901819237,32.087166770806036],[-101.27117401770772,32.08714677050894],[-101.27179501804437,32.08719677040233],[-101.27763001818818,32.087213770894756],[-101.2775501431583,32.088515336213646],[-101.2596080947213,32.087836961641536]]]},"properties":{"Surv_Name":"SANDERSON, R C","max_propensity_score":4.0,"top_operator":"CITATION OIL & GAS COR","owner_count":29.0,"ABSTRACT_L":"A-1550","field_name":"Unknown","Surv_Sect":"152","permit_count":0.0,"DESC_":"W&NW RR CO","Block":"29","pending_permit_count":0.0,"production_trend":null,"production_status":"pdp","pdp_well_count":6.0,"well_count":6.0,"STArea__":2033449.51058,"ABSTRACT_N":"1550","new_permit_count":0.0,"CODE":"1550","pud_well_count":0.0,"legal_desc":"SANDERSON, R C A-1550"}},{"type":"Feature","geometry":{"type":"Polygon","coordinates":[[[-101.2397319539982,32.251066232023796],[-101.25612904184364,32.24739382232678],[-101.26034243863606,32.26149751533147],[-101.2438884803938,32.265314678337],[-101.23974628130149,32.25125278477339],[-101.2397319539982,32.251066232023796]]]},"properties":{"Surv_Name":null,"max_propensity_score":6.0,"top_operator":"EXCEL ENERGY CO.","owner_count":116.0,"ABSTRACT_L":"A-255","field_name":"Unknown","Surv_Sect":"17","permit_count":0.0,"DESC_":"T&P RR CO","Block":"30 T1S","pending_permit_count":0.0,"production_trend":null,"production_status":"pdp","pdp_well_count":35.0,"well_count":35.0,"STArea__":27982499.5403,"ABSTRACT_N":"255","new_permit_count":0.0,"CODE":"255","pud_well_count":0.0,"legal_desc":"T1S BLK 30 SEC 17 A-255"}},{"type":"Feature","geometry":{"type":"Polygon","coordinates":[[[-101.18065727519478,32.249167192519295],[-101.18623635062305,32.247870835562296],[-101.19072709709619,32.261824759455116],[-101.18030067225446,32.2641314132433],[-101.18065727519478,32.249167192519295]]]},"properties":{"Surv_Name":"WILSON, C H","max_propensity_score":0.0,"top_operator":"","owner_count":0.0,"ABSTRACT_L":"A-1611","field_name":"Unknown","Surv_Sect":"24","permit_count":0.0,"DESC_":"T&P RR CO","Block":"30 T1S","pending_permit_count":0.0,"production_trend":null,"production_status":"pdp","pdp_well_count":5.0,"well_count":5.0,"STArea__":13432455.8564,"ABSTRACT_N":"1611","new_permit_count":0.0,"CODE":"1611","pud_well_count":0.0,"legal_desc":"T1S BLK 30 SEC 24 A-1611"}},{"type":"Feature","geometry":{"type":"Polygon","coordinates":[[[-101.18623635062305,32.247870835562296],[-101.20196295997866,32.24421503696731],[-101.20367524402845,32.250000030913085],[-101.20367539402137,32.25000053191193],[-101.2060861837185,32.25844025115397],[-101.19072709709619,32.261824759455116],[-101.18623635062305,32.247870835562296]]]},"properties":{"Surv_Name":null,"max_propensity_score":3.0,"top_operator":"WALSH & WATTS, INC.","owner_count":18.0,"ABSTRACT_L":"A-258","field_name":"Unknown","Surv_Sect":"23","permit_count":0.0,"DESC_":"T&P RR CO","Block":"30 T1S","pending_permit_count":0.0,"production_trend":null,"production_status":"pdp","pdp_well_count":62.0,"well_count":62.0,"STArea__":26363941.131,"ABSTRACT_N":"258","new_permit_count":0.0,"CODE":"258","pud_well_count":0.0,"legal_desc":"T1S BLK 30 SEC 23 A-258"}},{"type":"Feature","geometry":{"type":"Polygon","coordinates":[[[-101.20196295997866,32.24421503696731],[-101.2187228042056,32.24031652086017],[-101.22314473141763,32.25469232978084],[-101.2060861837185,32.25844025115397],[-101.20367539402137,32.25000053191193],[-101.20367524402845,32.250000030913085],[-101.20196295997866,32.24421503696731]]]},"properties":{"Surv_Name":"WILSON, C H","max_propensity_score":4.0,"top_operator":"WALSH & WATTS, INC.","owner_count":18.0,"ABSTRACT_L":"A-1218","field_name":"Unknown","Surv_Sect":"22","permit_count":0.0,"DESC_":"T&P RR CO","Block":"30 T1S","pending_permit_count":0.0,"production_trend":null,"production_status":"pdp","pdp_well_count":74.0,"well_count":74.0,"STArea__":29006489.3273,"ABSTRACT_N":"1218","new_permit_count":0.0,"CODE":"1218","pud_well_count":0.0,"legal_desc":"T1S BLK 30 SEC 22 A-1218"}},{"type":"Feature","geometry":{"type":"Polygon","coordinates":[[[-101.2187228042056,32.24031652086017],[-101.23525516298407,32.236691260088],[-101.2397319539982,32.251066232023796],[-101.23974628130149,32.25125278477339],[-101.22314473141763,32.25469232978084],[-101.2187228042056,32.24031652086017]]]},"properties":{"Surv_Name":null,"max_propensity_score":6.0,"top_operator":"WALSH & WATTS, INC.","owner_count":36.0,"ABSTRACT_L":"A-257","field_name":"Unknown","Surv_Sect":"21","permit_count":0.0,"DESC_":"T&P RR CO","Block":"30 T1S","pending_permit_count":0.0,"production_trend":null,"production_status":"pdp","pdp_well_count":72.0,"well_count":72.0,"STArea__":28767777.9429,"ABSTRACT_N":"257","new_permit_count":0.0,"CODE":"257","pud_well_count":0.0,"legal_desc":"T1S BLK 30 SEC 21 A-257"}},{"type":"Feature","geometry":{"type":"Polygon","coordinates":[[[-101.18081601825989,32.233934770827254],[-101.18168864584462,32.23373533092455],[-101.18623635062305,32.247870835562296],[-101.18065727519478,32.249167192519295],[-101.18081601825989,32.233934770827254]]]},"properties":{"Surv_Name":null,"max_propensity_score":0.0,"top_operator":"","owner_count":0.0,"ABSTRACT_L":"A-259","field_name":"Unknown","Surv_Sect":"25","permit_count":0.0,"DESC_":"T&P RR CO","Block":"30 T1S","pending_permit_count":0.0,"production_trend":null,"production_status":"pdp","pdp_well_count":1.0,"well_count":1.0,"STArea__":5512585.73277,"ABSTRACT_N":"259","new_permit_count":0.0,"CODE":"259","pud_well_count":0.0,"legal_desc":"T1S BLK 30 SEC 25 A-259"}},{"type":"Feature","geometry":{"type":"Polygon","coordinates":[[[-101.18081601825989,32.233934770827254],[-101.18088451386862,32.23123538879165],[-101.18168864584462,32.23373533092455],[-101.18081601825989,32.233934770827254]]]},"properties":{"Surv_Name":null,"max_propensity_score":0.0,"top_operator":"","owner_count":0.0,"ABSTRACT_L":"A-?10","field_name":"Unknown","Surv_Sect":"36","permit_count":0.0,"DESC_":"T&P RR CO","Block":"30 TIS","pending_permit_count":0.0,"production_trend":null,"production_status":"none","pdp_well_count":0.0,"well_count":0.0,"STArea__":131726.243876,"ABSTRACT_N":"?10","new_permit_count":0.0,"CODE":"?10","pud_well_count":0.0,"legal_desc":"T&P RR CO A-?10"}},{"type":"Feature","geometry":{"type":"Polygon","coordinates":[[[-101.18168864584462,32.23373533092455],[-101.19786020586449,32.23003803782517],[-101.20196295997866,32.24421503696731],[-101.18623635062305,32.247870835562296],[-101.18168864584462,32.23373533092455]]]},"properties":{"Surv_Name":"RATCLIFF, P C","max_propensity_score":0.0,"top_operator":"","owner_count":0.0,"ABSTRACT_L":"A-1326","field_name":"Unknown","Surv_Sect":"26","permit_count":0.0,"DESC_":"T&P RR CO","Block":"30 T1S","pending_permit_count":0.0,"production_trend":null,"production_status":"pdp","pdp_well_count":33.0,"well_count":33.0,"STArea__":27186428.3958,"ABSTRACT_N":"1326","new_permit_count":0.0,"CODE":"1326","pud_well_count":0.0,"legal_desc":"T1S BLK 30 SEC 26 A-1326"}},{"type":"Feature","geometry":{"type":"Polygon","coordinates":[[[-101.19786020586449,32.23003803782517],[-101.2145566845421,32.22622033011352],[-101.2187228042056,32.24031652086017],[-101.20196295997866,32.24421503696731],[-101.19786020586449,32.23003803782517]]]},"properties":{"Surv_Name":null,"max_propensity_score":4.0,"top_operator":"WINN OPERATING, LLC","owner_count":20.0,"ABSTRACT_L":"A-260","field_name":"Unknown","Surv_Sect":"27","permit_count":0.0,"DESC_":"T&P RR CO","Block":"30 T1S","pending_permit_count":0.0,"production_trend":null,"production_status":"pdp","pdp_well_count":37.0,"well_count":37.0,"STArea__":28396802.8345,"ABSTRACT_N":"260","new_permit_count":0.0,"CODE":"260","pud_well_count":0.0,"legal_desc":"T1S BLK 30 SEC 27 A-260"}},{"type":"Feature","geometry":{"type":"Polygon","coordinates":[[[-101.2145566845421,32.22622033011352],[-101.23108021206309,32.22259871614536],[-101.23525516298407,32.236691260088],[-101.2187228042056,32.24031652086017],[-101.2145566845421,32.22622033011352]]]},"properties":{"Surv_Name":"RHOTON, D A","max_propensity_score":6.0,"top_operator":"GRAYROCK ENERGY II, LL","owner_count":161.0,"ABSTRACT_L":"A-990","field_name":"Unknown","Surv_Sect":"28","permit_count":0.0,"DESC_":"T&P RR CO","Block":"30 T1S","pending_permit_count":0.0,"production_trend":null,"production_status":"pdp","pdp_well_count":146.0,"well_count":146.0,"STArea__":27906630.0017,"ABSTRACT_N":"990","new_permit_count":0.0,"CODE":"990","pud_well_count":0.0,"legal_desc":"T1S BLK 30 SEC 28 A-990"}},{"type":"Feature","geometry":{"type":"Polygon","coordinates":[[[-101.24776916865981,32.218938304146164],[-101.26463024129882,32.2152375492889],[-101.26890121981785,32.229293902818526],[-101.25195178979311,32.23306802909507],[-101.24776916865981,32.218938304146164]]]},"properties":{"Surv_Name":"RATCLIFF, P C","max_propensity_score":0.0,"top_operator":"","owner_count":0.0,"ABSTRACT_L":"A-1324","field_name":"Unknown","Surv_Sect":"30","permit_count":0.0,"DESC_":"T&P RR CO","Block":"30 T1S","pending_permit_count":0.0,"production_trend":null,"production_status":"pdp","pdp_well_count":11.0,"well_count":11.0,"STArea__":28581871.381,"ABSTRACT_N":"1324","new_permit_count":0.0,"CODE":"1324","pud_well_count":0.0,"legal_desc":"T1S BLK 30 SEC 30 A-1324"}},{"type":"Feature","geometry":{"type":"Polygon","coordinates":[[[-101.1811987365674,32.21885110278763],[-101.19379087281385,32.21597195687458],[-101.19786020586449,32.23003803782517],[-101.18168864584462,32.23373533092455],[-101.18088451386862,32.23123538879165],[-101.1811987365674,32.21885110278763]]]},"properties":{"Surv_Name":null,"max_propensity_score":3.0,"top_operator":"ROVER PETROLEUM OPERAT","owner_count":8.0,"ABSTRACT_L":"A-73","field_name":"Unknown","Surv_Sect":"35","permit_count":0.0,"DESC_":"T&P RR CO","Block":"30 T1S","pending_permit_count":0.0,"production_trend":null,"production_status":"pdp","pdp_well_count":5.0,"well_count":5.0,"STArea__":24869289.3135,"ABSTRACT_N":"73","new_permit_count":0.0,"CODE":"73","pud_well_count":0.0,"legal_desc":"T1S BLK 30 SEC 35 A-73"}},{"type":"Feature","geometry":{"type":"Polygon","coordinates":[[[-101.19379087281385,32.21597195687458],[-101.21107548381077,32.21195553435249],[-101.2145566845421,32.22622033011352],[-101.19786020586449,32.23003803782517],[-101.19379087281385,32.21597195687458]]]},"properties":{"Surv_Name":"MONZINGO, R W","max_propensity_score":6.0,"top_operator":"SCOUT ENERGY MANAGEMEN","owner_count":106.0,"ABSTRACT_L":"A-1156","field_name":"Unknown","Surv_Sect":"34","permit_count":0.0,"DESC_":"T&P RR CO","Block":"30 T1S","pending_permit_count":0.0,"production_trend":null,"production_status":"pdp","pdp_well_count":71.0,"well_count":71.0,"STArea__":28742924.9206,"ABSTRACT_N":"1156","new_permit_count":0.0,"CODE":"1156","pud_well_count":0.0,"legal_desc":"T1S BLK 30 SEC 34 A-1156"}},{"type":"Feature","geometry":{"type":"Polygon","coordinates":[[[-101.21107548381077,32.21195553435249],[-101.22680542799237,32.20850784102342],[-101.23108021206309,32.22259871614536],[-101.2145566845421,32.22622033011352],[-101.21107548381077,32.21195553435249]]]},"properties":{"Surv_Name":null,"max_propensity_score":5.0,"top_operator":"GRAYROCK ENERGY II, LL","owner_count":54.0,"ABSTRACT_L":"A-72","field_name":"Unknown","Surv_Sect":"33","permit_count":0.0,"DESC_":"T&P RR CO","Block":"30 T1S","pending_permit_count":0.0,"production_trend":null,"production_status":"pdp","pdp_well_count":86.0,"well_count":86.0,"STArea__":27268280.3985,"ABSTRACT_N":"72","new_permit_count":0.0,"CODE":"72","pud_well_count":0.0,"legal_desc":"T1S BLK 30 SEC 33 A-72"}},{"type":"Feature","geometry":{"type":"Polygon","coordinates":[[[-101.18151763903596,32.20360554403968],[-101.18966988535088,32.20172269541198],[-101.19379087281385,32.21597195687458],[-101.1811987365674,32.21885110278763],[-101.18151763903596,32.20360554403968]]]},"properties":{"Surv_Name":"MONZINGO, R W","max_propensity_score":0.0,"top_operator":"","owner_count":0.0,"ABSTRACT_L":"A-1155","field_name":"Unknown","Surv_Sect":"38","permit_count":0.0,"DESC_":"T&P RR CO","Block":"30 T1S","pending_permit_count":0.0,"production_trend":null,"production_status":"pdp","pdp_well_count":1.0,"well_count":1.0,"STArea__":17721400.2283,"ABSTRACT_N":"1155","new_permit_count":0.0,"CODE":"1155","pud_well_count":0.0,"legal_desc":"T1S BLK 30 SEC 38 A-1155"}},{"type":"Feature","geometry":{"type":"Polygon","coordinates":[[[-101.18966988535088,32.20172269541198],[-101.20638075631223,32.197721299397564],[-101.21107548381077,32.21195553435249],[-101.19379087281385,32.21597195687458],[-101.18966988535088,32.20172269541198]]]},"properties":{"Surv_Name":null,"max_propensity_score":6.0,"top_operator":"SKEETER OIL L.L.C.","owner_count":186.0,"ABSTRACT_L":"A-75","field_name":"Unknown","Surv_Sect":"39","permit_count":0.0,"DESC_":"T&P RR CO","Block":"30 T1S","pending_permit_count":0.0,"production_trend":null,"production_status":"pdp","pdp_well_count":27.0,"well_count":27.0,"STArea__":29229372.376,"ABSTRACT_N":"75","new_permit_count":0.0,"CODE":"75","pud_well_count":0.0,"legal_desc":"T1S BLK 30 SEC 39 A-75"}},{"type":"Feature","geometry":{"type":"Polygon","coordinates":[[[-101.20638075631223,32.197721299397564],[-101.22246500112168,32.194195906499935],[-101.22680542799237,32.20850784102342],[-101.21107548381077,32.21195553435249],[-101.20638075631223,32.197721299397564]]]},"properties":{"Surv_Name":"MONZINGO, S W","max_propensity_score":7.0,"top_operator":"WINN OPERATING, LLC","owner_count":52.0,"ABSTRACT_L":"A-1164","field_name":"Unknown","Surv_Sect":"40","permit_count":0.0,"DESC_":"T&P RR CO","Block":"30 T1S","pending_permit_count":0.0,"production_trend":null,"production_status":"pdp","pdp_well_count":12.0,"well_count":12.0,"STArea__":27322675.3444,"ABSTRACT_N":"1164","new_permit_count":0.0,"CODE":"1164","pud_well_count":0.0,"legal_desc":"T1S BLK 30 SEC 40 A-1164"}},{"type":"Feature","geometry":{"type":"Polygon","coordinates":[[[-101.1817868351165,32.18841193278437],[-101.18558580333783,32.187596439921165],[-101.18966988535088,32.20172269541198],[-101.18151763903596,32.20360554403968],[-101.1817868351165,32.18841193278437]]]},"properties":{"Surv_Name":null,"max_propensity_score":0.0,"top_operator":"","owner_count":0.0,"ABSTRACT_L":"A-79","field_name":"Unknown","Surv_Sect":"47","permit_count":0.0,"DESC_":"T&P RR CO","Block":"30 T1S","pending_permit_count":0.0,"production_trend":null,"production_status":"none","pdp_well_count":0.0,"well_count":0.0,"STArea__":10148481.6137,"ABSTRACT_N":"79","new_permit_count":0.0,"CODE":"79","pud_well_count":0.0,"legal_desc":"T1S BLK 30 SEC 47 A-79"}},{"type":"Feature","geometry":{"type":"Polygon","coordinates":[[[-101.1817868351165,32.18841193278437],[-101.18183011546267,32.18647734978545],[-101.18719631137832,32.18665016193306],[-101.18716932985193,32.187256478878176],[-101.18558580333783,32.187596439921165],[-101.1817868351165,32.18841193278437]]]},"properties":{"Surv_Name":null,"max_propensity_score":0.0,"top_operator":"","owner_count":0.0,"ABSTRACT_L":"A-1613","field_name":"Unknown","Surv_Sect":"35","permit_count":0.0,"DESC_":"W&NW RR CO","Block":"29","pending_permit_count":0.0,"production_trend":null,"production_status":"none","pdp_well_count":0.0,"well_count":0.0,"STArea__":766562.698675,"ABSTRACT_N":"1613","new_permit_count":0.0,"CODE":"1613","pud_well_count":0.0,"legal_desc":"W&NW RR CO A-1613"}},{"type":"Feature","geometry":{"type":"Polygon","coordinates":[[[-101.18716932985193,32.187256478878176],[-101.20223281184074,32.18402141133367],[-101.20638075631223,32.197721299397564],[-101.18966988535088,32.20172269541198],[-101.18558580333783,32.187596439921165],[-101.18716932985193,32.187256478878176]]]},"properties":{"Surv_Name":"MONZINGO, S W","max_propensity_score":0.0,"top_operator":"","owner_count":0.0,"ABSTRACT_L":"A-1163","field_name":"Unknown","Surv_Sect":"46","permit_count":0.0,"DESC_":"T&P RR CO","Block":"30 T1S","pending_permit_count":0.0,"production_trend":null,"production_status":"pdp","pdp_well_count":4.0,"well_count":4.0,"STArea__":27872137.8193,"ABSTRACT_N":"1163","new_permit_count":0.0,"CODE":"1163","pud_well_count":0.0,"legal_desc":"T1S BLK 30 SEC 46 A-1163"}},{"type":"Feature","geometry":{"type":"Polygon","coordinates":[[[-101.20443158645372,32.1835229744306],[-101.2183091843544,32.18048827485526],[-101.22246500112168,32.194195906499935],[-101.20638075631223,32.197721299397564],[-101.20223281184074,32.18402141133367],[-101.20443158645372,32.1835229744306]]]},"properties":{"Surv_Name":null,"max_propensity_score":0.0,"top_operator":"","owner_count":0.0,"ABSTRACT_L":"A-78","field_name":"Unknown","Surv_Sect":"45","permit_count":0.0,"DESC_":"T&P RR CO","Block":"30 T1S","pending_permit_count":0.0,"production_trend":null,"production_status":"pdp","pdp_well_count":2.0,"well_count":2.0,"STArea__":26465193.8275,"ABSTRACT_N":"78","new_permit_count":0.0,"CODE":"78","pud_well_count":0.0,"legal_desc":"T1S BLK 30 SEC 45 A-78"}},{"type":"Feature","geometry":{"type":"Polygon","coordinates":[[[-101.22152057250844,32.17978576900498],[-101.23499320642146,32.1768375399177],[-101.23914897271914,32.190536558978145],[-101.22246500112168,32.194195906499935],[-101.2183091843544,32.18048827485526],[-101.22152057250844,32.17978576900498]]]},"properties":{"Surv_Name":"MONZINGO, H","max_propensity_score":7.0,"top_operator":"SCOUT ENERGY MANAGEMEN","owner_count":237.0,"ABSTRACT_L":"A-1299","field_name":"Unknown","Surv_Sect":"44","permit_count":0.0,"DESC_":"T&P RR CO","Block":"30 T1S","pending_permit_count":0.0,"production_trend":null,"production_status":"pdp","pdp_well_count":22.0,"well_count":22.0,"STArea__":27443111.4847,"ABSTRACT_N":"1299","new_permit_count":0.0,"CODE":"1299","pud_well_count":0.0,"legal_desc":"T1S BLK 30 SEC 44 A-1299"}},{"type":"Feature","geometry":{"type":"Polygon","coordinates":[[[-101.23912115683804,32.175933883692494],[-101.23921875556714,32.174227578912664],[-101.2459397020985,32.17444088320444],[-101.23912115683804,32.175933883692494]]]},"properties":{"Surv_Name":null,"max_propensity_score":0.0,"top_operator":"","owner_count":0.0,"ABSTRACT_L":"A-?11","field_name":"Unknown","Surv_Sect":"58","permit_count":0.0,"DESC_":"W&NW RR CO","Block":"29","pending_permit_count":0.0,"production_trend":null,"production_status":"pdp","pdp_well_count":1.0,"well_count":1.0,"STArea__":646652.781693,"ABSTRACT_N":"?11","new_permit_count":0.0,"CODE":"?11","pud_well_count":0.0,"legal_desc":"W&NW RR CO A-?11"}},{"type":"Feature","geometry":{"type":"Polygon","coordinates":[[[-101.22152057250844,32.17978576900498],[-101.22179021277259,32.17367273498102],[-101.23921875556714,32.174227578912664],[-101.23912115683804,32.175933883692494],[-101.23499320642146,32.1768375399177],[-101.22152057250844,32.17978576900498]]]},"properties":{"Surv_Name":null,"max_propensity_score":0.0,"top_operator":"","owner_count":0.0,"ABSTRACT_L":"A-1482","field_name":"Unknown","Surv_Sect":"59","permit_count":0.0,"DESC_":"W&NW RR CO","Block":"29","pending_permit_count":0.0,"production_trend":null,"production_status":"pdp","pdp_well_count":1.0,"well_count":1.0,"STArea__":7674263.77756,"ABSTRACT_N":"1482","new_permit_count":0.0,"CODE":"1482","pud_well_count":0.0,"legal_desc":"W&NW RR CO A-1482"}},{"type":"Feature","geometry":{"type":"Polygon","coordinates":[[[-101.20443158645372,32.1835229744306],[-101.20506262815577,32.17313788836319],[-101.22179021277259,32.17367273498102],[-101.22152057250844,32.17978576900498],[-101.2183091843544,32.18048827485526],[-101.20443158645372,32.1835229744306]]]},"properties":{"Surv_Name":"CHALK, O","max_propensity_score":0.0,"top_operator":"","owner_count":0.0,"ABSTRACT_L":"A-1436","field_name":"Unknown","Surv_Sect":"60","permit_count":0.0,"DESC_":"W&NW RR CO","Block":"29","pending_permit_count":0.0,"production_trend":null,"production_status":"none","pdp_well_count":0.0,"well_count":0.0,"STArea__":15619420.6575,"ABSTRACT_N":"1436","new_permit_count":0.0,"CODE":"1436","pud_well_count":0.0,"legal_desc":"CHALK, O A-1436"}},{"type":"Feature","geometry":{"type":"Polygon","coordinates":[[[-101.18719631137832,32.18665016193306],[-101.18782214938929,32.1725842644553],[-101.20506262815577,32.17313788836319],[-101.20443158645372,32.1835229744306],[-101.20223281184074,32.18402141133367],[-101.18716932985193,32.187256478878176],[-101.18719631137832,32.18665016193306]]]},"properties":{"Surv_Name":null,"max_propensity_score":0.0,"top_operator":"","owner_count":0.0,"ABSTRACT_L":"A-1484","field_name":"Unknown","Surv_Sect":"61","permit_count":0.0,"DESC_":"W&NW RR CO","Block":"29","pending_permit_count":0.0,"production_trend":null,"production_status":"pdp","pdp_well_count":1.0,"well_count":1.0,"STArea__":24236578.2709,"ABSTRACT_N":"1484","new_permit_count":0.0,"CODE":"1484","pud_well_count":0.0,"legal_desc":"W&NW RR CO A-1484"}},{"type":"Feature","geometry":{"type":"Polygon","coordinates":[[[-101.18183011546267,32.18647734978545],[-101.18211767071534,32.17240055136898],[-101.18782214938929,32.1725842644553],[-101.18719631137832,32.18665016193306],[-101.18183011546267,32.18647734978545]]]},"properties":{"Surv_Name":"CHALK, L B","max_propensity_score":0.0,"top_operator":"","owner_count":0.0,"ABSTRACT_L":"A-1594","field_name":"Unknown","Surv_Sect":"62","permit_count":0.0,"DESC_":"W&NW RR CO","Block":"29","pending_permit_count":0.0,"production_trend":null,"production_status":"none","pdp_well_count":0.0,"well_count":0.0,"STArea__":8776780.49061,"ABSTRACT_N":"1594","new_permit_count":0.0,"CODE":"1594","pud_well_count":0.0,"legal_desc":"CHALK, L B A-1594"}},{"type":"Feature","geometry":{"type":"Polygon","coordinates":[[[-101.22179021277259,32.17367273498102],[-101.22260343550425,32.15950116254843],[-101.24002232149422,32.160176521091884],[-101.23921875556714,32.174227578912664],[-101.22179021277259,32.17367273498102]]]},"properties":{"Surv_Name":"ANDERSON, A G","max_propensity_score":7.0,"top_operator":"APACHE CORPORATION","owner_count":84.0,"ABSTRACT_L":"A-1103","field_name":"Unknown","Surv_Sect":"66","permit_count":0.0,"DESC_":"W&NW RR CO","Block":"29","pending_permit_count":0.0,"production_trend":null,"production_status":"pdp","pdp_well_count":38.0,"well_count":38.0,"STArea__":27736295.2903,"ABSTRACT_N":"1103","new_permit_count":0.0,"CODE":"1103","pud_well_count":0.0,"legal_desc":"ANDERSON, A G A-1103"}},{"type":"Feature","geometry":{"type":"Polygon","coordinates":[[[-101.20506262815577,32.17313788836319],[-101.20599377198799,32.15879097744614],[-101.22260343550425,32.15950116254843],[-101.22179021277259,32.17367273498102],[-101.20506262815577,32.17313788836319]]]},"properties":{"Surv_Name":null,"max_propensity_score":3.0,"top_operator":"STERLING OIL AND GAS L","owner_count":27.0,"ABSTRACT_L":"A-732","field_name":"Unknown","Surv_Sect":"65","permit_count":0.0,"DESC_":"W&NW RR CO","Block":"29","pending_permit_count":0.0,"production_trend":null,"production_status":"pdp","pdp_well_count":10.0,"well_count":10.0,"STArea__":26819640.7269,"ABSTRACT_N":"732","new_permit_count":0.0,"CODE":"732","pud_well_count":0.0,"legal_desc":"W&NW RR CO A-732"}},{"type":"Feature","geometry":{"type":"Polygon","coordinates":[[[-101.18782214938929,32.1725842644553],[-101.18855587666546,32.15800470426467],[-101.20599377198799,32.15879097744614],[-101.20506262815577,32.17313788836319],[-101.18782214938929,32.1725842644553]]]},"properties":{"Surv_Name":"ANDERSON, A G","max_propensity_score":3.0,"top_operator":"STERLING OIL AND GAS L","owner_count":45.0,"ABSTRACT_L":"A-1458","field_name":"Unknown","Surv_Sect":"64","permit_count":0.0,"DESC_":"W&NW RR CO","Block":"29","pending_permit_count":0.0,"production_trend":null,"production_status":"pdp","pdp_well_count":26.0,"well_count":26.0,"STArea__":28296185.4095,"ABSTRACT_N":"1458","new_permit_count":0.0,"CODE":"1458","pud_well_count":0.0,"legal_desc":"ANDERSON, A G A-1458"}},{"type":"Feature","geometry":{"type":"Polygon","coordinates":[[[-101.18211767071534,32.17240055136898],[-101.18234888758492,32.157724234205006],[-101.18855587666546,32.15800470426467],[-101.18782214938929,32.1725842644553],[-101.18211767071534,32.17240055136898]]]},"properties":{"Surv_Name":null,"max_propensity_score":0.0,"top_operator":"","owner_count":0.0,"ABSTRACT_L":"A-1614","field_name":"Unknown","Surv_Sect":"63","permit_count":0.0,"DESC_":"W&NW RR CO","Block":"29","pending_permit_count":0.0,"production_trend":null,"production_status":"pdp","pdp_well_count":3.0,"well_count":3.0,"STArea__":9820843.90141,"ABSTRACT_N":"1614","new_permit_count":0.0,"CODE":"1614","pud_well_count":0.0,"legal_desc":"W&NW RR CO A-1614"}},{"type":"Feature","geometry":{"type":"Polygon","coordinates":[[[-101.24002232149422,32.160176521091884],[-101.24086682911685,32.14540480974163],[-101.25692242533374,32.146004941109524],[-101.2562533082179,32.160803602422675],[-101.24002232149422,32.160176521091884]]]},"properties":{"Surv_Name":"ANDERSON, A G","max_propensity_score":5.0,"top_operator":"APACHE CORPORATION","owner_count":375.0,"ABSTRACT_L":"A-1104","field_name":"Unknown","Surv_Sect":"86","permit_count":0.0,"DESC_":"W&NW RR CO","Block":"29","pending_permit_count":0.0,"production_trend":null,"production_status":"pdp","pdp_well_count":61.0,"well_count":61.0,"STArea__":26927345.6791,"ABSTRACT_N":"1104","new_permit_count":0.0,"CODE":"1104","pud_well_count":0.0,"legal_desc":"ANDERSON, A G A-1104"}},{"type":"Feature","geometry":{"type":"Polygon","coordinates":[[[-101.22260343550425,32.15950116254843],[-101.22344956412402,32.14475141126789],[-101.24086682911685,32.14540480974163],[-101.24002232149422,32.160176521091884],[-101.22260343550425,32.15950116254843]]]},"properties":{"Surv_Name":null,"max_propensity_score":6.0,"top_operator":"APACHE CORPORATION","owner_count":148.0,"ABSTRACT_L":"A-733","field_name":"Unknown","Surv_Sect":"87","permit_count":0.0,"DESC_":"W&NW RR CO","Block":"29","pending_permit_count":0.0,"production_trend":null,"production_status":"pdp","pdp_well_count":75.0,"well_count":75.0,"STArea__":29012779.4507,"ABSTRACT_N":"733","new_permit_count":0.0,"CODE":"733","pud_well_count":0.0,"legal_desc":"W&NW RR CO A-733"}},{"type":"Feature","geometry":{"type":"Polygon","coordinates":[[[-101.20599377198799,32.15879097744614],[-101.20693382673896,32.144239498361515],[-101.22344956412402,32.14475141126789],[-101.22260343550425,32.15950116254843],[-101.20599377198799,32.15879097744614]]]},"properties":{"Surv_Name":"ANDERSON, A G","max_propensity_score":7.0,"top_operator":"STERLING OIL AND GAS L","owner_count":323.0,"ABSTRACT_L":"A-1228","field_name":"Unknown","Surv_Sect":"88","permit_count":0.0,"DESC_":"W&NW RR CO","Block":"29","pending_permit_count":0.0,"production_trend":null,"production_status":"pdp","pdp_well_count":63.0,"well_count":63.0,"STArea__":27384160.9044,"ABSTRACT_N":"1228","new_permit_count":0.0,"CODE":"1228","pud_well_count":0.0,"legal_desc":"ANDERSON, A G A-1228"}},{"type":"Feature","geometry":{"type":"Polygon","coordinates":[[[-101.18855587666546,32.15800470426467],[-101.18928653055167,32.14348150251067],[-101.20693382673896,32.144239498361515],[-101.20599377198799,32.15879097744614],[-101.18855587666546,32.15800470426467]]]},"properties":{"Surv_Name":null,"max_propensity_score":6.0,"top_operator":"STERLING OIL AND GAS L","owner_count":69.0,"ABSTRACT_L":"A-1485","field_name":"Unknown","Surv_Sect":"89","permit_count":0.0,"DESC_":"W&NW RR CO","Block":"29","pending_permit_count":0.0,"production_trend":null,"production_status":"pdp","pdp_well_count":37.0,"well_count":37.0,"STArea__":28788300.6986,"ABSTRACT_N":"1485","new_permit_count":0.0,"CODE":"1485","pud_well_count":0.0,"legal_desc":"W&NW RR CO A-1485"}},{"type":"Feature","geometry":{"type":"Polygon","coordinates":[[[-101.18234888758492,32.157724234205006],[-101.18270283293435,32.14326946100911],[-101.18928653055167,32.14348150251067],[-101.18855587666546,32.15800470426467],[-101.18234888758492,32.157724234205006]]]},"properties":{"Surv_Name":"ANDERSON, A G","max_propensity_score":0.0,"top_operator":"","owner_count":0.0,"ABSTRACT_L":"A-1592","field_name":"Unknown","Surv_Sect":"90","permit_count":0.0,"DESC_":"W&NW RR CO","Block":"29","pending_permit_count":0.0,"production_trend":null,"production_status":"pdp","pdp_well_count":1.0,"well_count":1.0,"STArea__":10448908.9097,"ABSTRACT_N":"1592","new_permit_count":0.0,"CODE":"1592","pud_well_count":0.0,"legal_desc":"ANDERSON, A G A-1592"}},{"type":"Feature","geometry":{"type":"Polygon","coordinates":[[[-101.20693382673896,32.144239498361515],[-101.2075208113723,32.129612007996585],[-101.2153007191399,32.12988856155937],[-101.22414006679423,32.130202178990636],[-101.22344956412402,32.14475141126789],[-101.20693382673896,32.144239498361515]]]},"properties":{"Surv_Name":null,"max_propensity_score":7.0,"top_operator":"EXTEX OPERATING COMPAN","owner_count":320.0,"ABSTRACT_L":"A-731","field_name":"Unknown","Surv_Sect":"93","permit_count":0.0,"DESC_":"W&NW RR CO","Block":"29","pending_permit_count":0.0,"production_trend":null,"production_status":"pdp","pdp_well_count":39.0,"well_count":39.0,"STArea__":27258626.0505,"ABSTRACT_N":"731","new_permit_count":0.0,"CODE":"731","pud_well_count":0.0,"legal_desc":"W&NW RR CO A-731"}},{"type":"Feature","geometry":{"type":"Polygon","coordinates":[[[-101.18928653055167,32.14348150251067],[-101.19003409000851,32.128988609493724],[-101.2075208113723,32.129612007996585],[-101.20693382673896,32.144239498361515],[-101.18928653055167,32.14348150251067]]]},"properties":{"Surv_Name":"ANDERSON, A G","max_propensity_score":6.0,"top_operator":"EXTEX OPERATING COMPAN","owner_count":62.0,"ABSTRACT_L":"A-1010","field_name":"Unknown","Surv_Sect":"92","permit_count":0.0,"DESC_":"W&NW RR CO","Block":"29","pending_permit_count":0.0,"production_trend":null,"production_status":"pdp","pdp_well_count":7.0,"well_count":7.0,"STArea__":28857478.7595,"ABSTRACT_N":"1010","new_permit_count":0.0,"CODE":"1010","pud_well_count":0.0,"legal_desc":"ANDERSON, A G A-1010"}},{"type":"Feature","geometry":{"type":"Polygon","coordinates":[[[-101.18270283293435,32.14326946100911],[-101.18301351875601,32.12873762754794],[-101.19003409000851,32.128988609493724],[-101.18928653055167,32.14348150251067],[-101.18270283293435,32.14326946100911]]]},"properties":{"Surv_Name":null,"max_propensity_score":0.0,"top_operator":"","owner_count":0.0,"ABSTRACT_L":"A-1615","field_name":"Unknown","Surv_Sect":"91","permit_count":0.0,"DESC_":"W&NW RR CO","Block":"29","pending_permit_count":0.0,"production_trend":null,"production_status":"pdp","pdp_well_count":9.0,"well_count":9.0,"STArea__":11131066.2165,"ABSTRACT_N":"1615","new_permit_count":0.0,"CODE":"1615","pud_well_count":0.0,"legal_desc":"W&NW RR CO A-1615"}},{"type":"Feature","geometry":{"type":"Polygon","coordinates":[[[-101.19040944358403,32.12172677982398],[-101.19078312060331,32.114496215817006],[-101.20810185971541,32.115127764748785],[-101.2075208113723,32.129612007996585],[-101.19003409000851,32.128988609493724],[-101.19040944358403,32.12172677982398]]]},"properties":{"Surv_Name":null,"max_propensity_score":3.0,"top_operator":"WASH, ROBERT C. INC.","owner_count":25.0,"ABSTRACT_L":"A-736","field_name":"Unknown","Surv_Sect":"117","permit_count":0.0,"DESC_":"W&NW RR CO","Block":"29","pending_permit_count":0.0,"production_trend":null,"production_status":"pdp","pdp_well_count":15.0,"well_count":15.0,"STArea__":28447000.7228,"ABSTRACT_N":"736","new_permit_count":0.0,"CODE":"736","pud_well_count":0.0,"legal_desc":"W&NW RR CO A-736"}},{"type":"Feature","geometry":{"type":"Polygon","coordinates":[[[-101.2428805921898,32.10173101022486],[-101.24354890187374,32.08722755509972],[-101.2596080947213,32.087836961641536],[-101.25893842388797,32.10234817281779],[-101.2428805921898,32.10173101022486]]]},"properties":{"Surv_Name":"SANDERSON, R C","max_propensity_score":4.0,"top_operator":"GRAYROCK ENERGY II, LL","owner_count":53.0,"ABSTRACT_L":"A-1606","field_name":"Unknown","Surv_Sect":"142","permit_count":0.0,"DESC_":"W&NW RR CO","Block":"29","pending_permit_count":0.0,"production_trend":null,"production_status":"pdp","pdp_well_count":54.0,"well_count":54.0,"STArea__":26295046.4052,"ABSTRACT_N":"1606","new_permit_count":0.0,"CODE":"1606","pud_well_count":0.0,"legal_desc":"SANDERSON, R C A-1606"}},{"type":"Feature","geometry":{"type":"Polygon","coordinates":[[[-101.2596080947213,32.087836961641536],[-101.24354890187374,32.08722755509972],[-101.24550301809857,32.08718677070336],[-101.25439101809093,32.087140770887274],[-101.25963901819237,32.087166770806036],[-101.2596080947213,32.087836961641536]]]},"properties":{"Surv_Name":null,"max_propensity_score":0.0,"top_operator":"","owner_count":0.0,"ABSTRACT_L":"A-480","field_name":"Unknown","Surv_Sect":"151","permit_count":0.0,"DESC_":"W&NW RR CO","Block":"29","pending_permit_count":0.0,"production_trend":null,"production_status":"none","pdp_well_count":0.0,"well_count":0.0,"STArea__":664594.787947,"ABSTRACT_N":"480","new_permit_count":0.0,"CODE":"480","pud_well_count":0.0,"legal_desc":"W&NW RR CO A-480"}},{"type":"Feature","geometry":{"type":"Polygon","coordinates":[[[-101.39449201385801,32.142018193421514],[-101.39474645256752,32.13647532438296],[-101.39891749368645,32.13660635874635],[-101.40120187645144,32.13668857165659],[-101.40326760486872,32.136763299654255],[-101.40326852731754,32.13676333298851],[-101.40432764233333,32.13680163341826],[-101.40538767964759,32.13683995810627],[-101.40642985030576,32.13688048968257],[-101.40746925598413,32.136915188394674],[-101.40766290846635,32.136922185124796],[-101.4096941782535,32.13699556066992],[-101.41066070080177,32.137030462065205],[-101.4117274724771,32.13706897510669],[-101.4117291167692,32.13706903465335],[-101.4116690980794,32.13825799446523],[-101.40085415252054,32.14062578655902],[-101.39449201385801,32.142018193421514]]]},"properties":{"Surv_Name":"JONES, O G","max_propensity_score":0.0,"top_operator":"","owner_count":0.0,"ABSTRACT_L":"A-1495","field_name":"Unknown","Surv_Sect":"104","permit_count":0.0,"DESC_":"W&NW RR CO","Block":"29","pending_permit_count":0.0,"production_trend":null,"production_status":"pdp","pdp_well_count":2.0,"well_count":2.0,"STArea__":6460560.79734,"ABSTRACT_N":"1495","new_permit_count":0.0,"CODE":"1495","pud_well_count":0.0,"legal_desc":"JONES, O G A-1495"}},{"type":"Feature","geometry":{"type":"Polygon","coordinates":[[[-101.37833650038975,32.12135897023099],[-101.37907568062907,32.10655458433722],[-101.39602663770167,32.10747695435009],[-101.39601563684916,32.10775167914478],[-101.39544608830361,32.12197282338924],[-101.37833650038975,32.12135897023099]]]},"properties":{"Surv_Name":null,"max_propensity_score":8.0,"top_operator":"GRAYROCK ENERGY II, LL","owner_count":131.0,"ABSTRACT_L":"A-474","field_name":"Unknown","Surv_Sect":"131","permit_count":0.0,"DESC_":"W&NW RR CO","Block":"29","pending_permit_count":0.0,"production_trend":null,"production_status":"pdp","pdp_well_count":58.0,"well_count":58.0,"STArea__":28162107.6459,"ABSTRACT_N":"474","new_permit_count":0.0,"CODE":"474","pud_well_count":0.0,"legal_desc":"W&NW RR CO A-474"}},{"type":"Feature","geometry":{"type":"Polygon","coordinates":[[[-101.50505764130486,32.26738772917806],[-101.50933348827435,32.2663914989421],[-101.51369038277635,32.280655685342786],[-101.5115110004327,32.28113021484207],[-101.5108208134888,32.2812787243477],[-101.50952330949514,32.28155789998634],[-101.50803220114423,32.281878713335026],[-101.50767706933681,32.28195511737717],[-101.50572364724206,32.282376002102716],[-101.50547122058408,32.28243064922177],[-101.5044659823744,32.28264826680845],[-101.50312565891416,32.28293841114275],[-101.5018080543958,32.28323378836321],[-101.49691691521868,32.284291753574706],[-101.49686351650728,32.2841137366444],[-101.4927923005494,32.27019689172811],[-101.49325944327659,32.27010627587404],[-101.49326732497157,32.270104454785155],[-101.50077204313459,32.26837038158075],[-101.50177341472592,32.26812528672699],[-101.50482970872854,32.2674408304817],[-101.50505764130486,32.26738772917806]]]},"properties":{"Surv_Name":null,"max_propensity_score":0.0,"top_operator":"","owner_count":0.0,"ABSTRACT_L":"A-314","field_name":"Unknown","Surv_Sect":"25","permit_count":0.0,"DESC_":"T&P RR CO","Block":"33 T1N","pending_permit_count":0.0,"production_trend":null,"production_status":"pdp","pdp_well_count":1.0,"well_count":1.0,"STArea__":28313792.0728,"ABSTRACT_N":"314","new_permit_count":0.0,"CODE":"314","pud_well_count":0.0,"legal_desc":"T1N BLK 33 SEC 25 A-314"}},{"type":"Feature","geometry":{"type":"Polygon","coordinates":[[[-101.49261593181144,32.27021704354718],[-101.4927923005494,32.27019689172811],[-101.49686351650728,32.2841137366444],[-101.49691691521868,32.284291753574706],[-101.48880346628812,32.28608232726503],[-101.48048192112725,32.287973027400945],[-101.47736921924924,32.27774998639882],[-101.47736727883728,32.27774361504774],[-101.47732051606532,32.27759001168279],[-101.47719899080495,32.27719083563051],[-101.47711310221968,32.27690871575166],[-101.47703695809805,32.27665860044351],[-101.47700380701995,32.27654970494845],[-101.47673834908163,32.27567772849997],[-101.47669838047123,32.27554643548782],[-101.47640913242827,32.274596287657026],[-101.47623583088902,32.27402700366007],[-101.47617912355622,32.27384072082636],[-101.47649166851777,32.27381467061298],[-101.48007566749216,32.27303626199778],[-101.48124670477468,32.27275971396818],[-101.48460986496673,32.27198412492658],[-101.49261593181144,32.27021704354718]]]},"properties":{"Surv_Name":null,"max_propensity_score":7.0,"top_operator":"APACHE CORPORATION","owner_count":62.0,"ABSTRACT_L":"A-143","field_name":"Unknown","Surv_Sect":"31","permit_count":0.0,"DESC_":"T&P RR CO","Block":"32 T1N","pending_permit_count":0.0,"production_trend":null,"production_status":"pdp","pdp_well_count":12.0,"well_count":12.0,"STArea__":27914446.5243,"ABSTRACT_N":"143","new_permit_count":0.0,"CODE":"143","pud_well_count":0.0,"legal_desc":"T1N BLK 32 SEC 31 A-143"}},{"type":"Feature","geometry":{"type":"Polygon","coordinates":[[[-101.54602543951317,32.122976056204166],[-101.55345686794365,32.12131088066925],[-101.55556511718318,32.128289225772455],[-101.55787494385014,32.13534951569876],[-101.55207791281275,32.136609097759624],[-101.54128899343955,32.139081937906646],[-101.53919307232647,32.131974599116866],[-101.53697080425273,32.1250042592683],[-101.53911610689902,32.124523788375896],[-101.54128027955797,32.12403904805701],[-101.54602543951317,32.122976056204166]]]},"properties":{"Surv_Name":"WRIGHT, J L","max_propensity_score":6.0,"top_operator":"SM ENERGY COMPANY","owner_count":60.0,"ABSTRACT_L":"A-1626","field_name":"Unknown","Surv_Sect":"42","permit_count":0.0,"DESC_":"T&P RR CO","Block":"33 T1S","pending_permit_count":0.0,"production_trend":null,"production_status":"pdp","pdp_well_count":1.0,"well_count":1.0,"STArea__":27830114.6721,"ABSTRACT_N":"1626","new_permit_count":0.0,"CODE":"1626","pud_well_count":0.0,"legal_desc":"T1S BLK 33 SEC 42 A-1626"}},{"type":"Feature","geometry":{"type":"Polygon","coordinates":[[[-101.4705905821178,32.13981747837058],[-101.48714571900156,32.13608341956718],[-101.48933199164912,32.143303714717455],[-101.4914016455423,32.15013776207127],[-101.48732953757953,32.151033734060725],[-101.48113868242663,32.15241010592819],[-101.47754026461195,32.15320995850658],[-101.47495527190317,32.153784474318876],[-101.47386970060926,32.15026671568693],[-101.47279205537428,32.14700992218696],[-101.4705905821178,32.13981747837058]]]},"properties":{"Surv_Name":"BELL, C E","max_propensity_score":5.0,"top_operator":"SURGE OPERATING, LLC","owner_count":278.0,"ABSTRACT_L":"A-1719","field_name":"Unknown","Surv_Sect":"38","permit_count":0.0,"DESC_":"T&P RR CO","Block":"33 T1S","pending_permit_count":0.0,"production_trend":null,"production_status":"pdp","pdp_well_count":7.0,"well_count":7.0,"STArea__":27839880.4964,"ABSTRACT_N":"1719","new_permit_count":0.0,"CODE":"1719","pud_well_count":0.0,"legal_desc":"T1S BLK 33 SEC 38 A-1719"}},{"type":"Feature","geometry":{"type":"Polygon","coordinates":[[[-101.46212386100628,32.12659606202633],[-101.46627820973998,32.12567881020487],[-101.46844797323388,32.13280761981601],[-101.46962130261585,32.13664647904226],[-101.4705905821178,32.13981747837058],[-101.46806080738878,32.140374465363536],[-101.46240956064192,32.141618503772875],[-101.45415715152075,32.14343462276661],[-101.4520204458279,32.13645916987418],[-101.45201771598971,32.13645025778653],[-101.44986171424412,32.129410676323666],[-101.4538331955635,32.128441397239015],[-101.45563789704605,32.12803976152324],[-101.45692696004626,32.12775286233177],[-101.45796580372875,32.12752164113458],[-101.45872739196608,32.12735370991738],[-101.45939939830978,32.12720461282482],[-101.46002136139383,32.12706651238901],[-101.46212386100628,32.12659606202633]]]},"properties":{"Surv_Name":"BALLARD, C A","max_propensity_score":7.0,"top_operator":"CIVITAS PERMIAN OPERAT","owner_count":22.0,"ABSTRACT_L":"A-1461","field_name":"Unknown","Surv_Sect":"48","permit_count":0.0,"DESC_":"T&P RR CO","Block":"33 T1S","pending_permit_count":0.0,"production_trend":null,"production_status":"pdp","pdp_well_count":10.0,"well_count":10.0,"STArea__":27889829.7019,"ABSTRACT_N":"1461","new_permit_count":0.0,"CODE":"1461","pud_well_count":0.0,"legal_desc":"T1S BLK 33 SEC 48 A-1461"}},{"type":"Feature","geometry":{"type":"Polygon","coordinates":[[[-101.4621081094257,32.1114392598373],[-101.47854646661239,32.10799737855321],[-101.48062277421121,32.11471019794479],[-101.48292334286657,32.12213539189945],[-101.48292353059622,32.12213599812697],[-101.48286303026124,32.122149341921904],[-101.4779015978503,32.12324349559622],[-101.47470695084205,32.12394789775496],[-101.46627820973998,32.12567881020487],[-101.46521391294173,32.122213081755596],[-101.46467941057684,32.12047145016678],[-101.46441006995676,32.11959379693858],[-101.46418747604262,32.118868457933786],[-101.4641062390466,32.11868337626018],[-101.4630330013431,32.11516769526828],[-101.46210320417802,32.112076106983565],[-101.46191988999641,32.11147865519849],[-101.4621081094257,32.1114392598373]]]},"properties":{"Surv_Name":"BALLARD, C A","max_propensity_score":0.0,"top_operator":"","owner_count":0.0,"ABSTRACT_L":"A-1113","field_name":"Unknown","Surv_Sect":"2","permit_count":0.0,"DESC_":"T&P RR CO","Block":"33 T2S","pending_permit_count":0.0,"production_trend":null,"production_status":"pdp","pdp_well_count":7.0,"well_count":7.0,"STArea__":28350485.8716,"ABSTRACT_N":"1113","new_permit_count":0.0,"CODE":"1113","pud_well_count":0.0,"legal_desc":"T2S BLK 33 SEC 2 A-1113"}},{"type":"Feature","geometry":{"type":"Polygon","coordinates":[[[-101.50322294413596,32.10279023215183],[-101.51180501794687,32.10094595349227],[-101.51391902357318,32.10775374374186],[-101.51613084718872,32.114875395811424],[-101.49967917961588,32.11856652519389],[-101.49760668737923,32.11118691029474],[-101.49529653932106,32.10445848015955],[-101.50322294413596,32.10279023215183]]]},"properties":{"Surv_Name":"MOORE, L M","max_propensity_score":3.0,"top_operator":"FLAT TOP OPERATING, LL","owner_count":3.0,"ABSTRACT_L":"A-1474","field_name":"Unknown","Surv_Sect":"4","permit_count":0.0,"DESC_":"T&P RR CO","Block":"33 T2N","pending_permit_count":0.0,"production_trend":null,"production_status":"pdp","pdp_well_count":5.0,"well_count":5.0,"STArea__":27601395.6302,"ABSTRACT_N":"1474","new_permit_count":0.0,"CODE":"1474","pud_well_count":0.0,"legal_desc":"T2N BLK 33 SEC 4 A-1474"}},{"type":"Feature","geometry":{"type":"Polygon","coordinates":[[[-101.42023504209233,32.09068144377555],[-101.41915419862563,32.08719976555793],[-101.43278001825237,32.08718077089847],[-101.43637234606774,32.08717583234127],[-101.4329374677728,32.08792221274179],[-101.42023504209233,32.09068144377555]]]},"properties":{"Surv_Name":"PHILLIPS, J J","max_propensity_score":0.0,"top_operator":"","owner_count":0.0,"ABSTRACT_L":"A-1703","field_name":"Unknown","Surv_Sect":"8","permit_count":0.0,"DESC_":"T&P RR CO","Block":"32 T2S","pending_permit_count":0.0,"production_trend":null,"production_status":"pdp","pdp_well_count":6.0,"well_count":6.0,"STArea__":3379164.20808,"ABSTRACT_N":"1703","new_permit_count":0.0,"CODE":"1703","pud_well_count":0.0,"legal_desc":"T2S BLK 32 SEC 8 A-1703"}},{"type":"Feature","geometry":{"type":"Polygon","coordinates":[[[-101.24378414889183,32.2348857724858],[-101.25195178979311,32.23306802909507],[-101.25403354109544,32.23995490525208],[-101.25612904184364,32.24739382232678],[-101.2397319539982,32.251066232023796],[-101.23525516298407,32.236691260088],[-101.24378414889183,32.2348857724858]]]},"properties":{"Surv_Name":"THOMPSON, N D","max_propensity_score":6.0,"top_operator":"SCOUT ENERGY MANAGEMEN","owner_count":97.0,"ABSTRACT_L":"A-1554","field_name":"Unknown","Surv_Sect":"20","permit_count":0.0,"DESC_":"T&P RR CO","Block":"30 T1S","pending_permit_count":0.0,"production_trend":null,"production_status":"pdp","pdp_well_count":112.0,"well_count":112.0,"STArea__":28502616.1933,"ABSTRACT_N":"1554","new_permit_count":0.0,"CODE":"1554","pud_well_count":0.0,"legal_desc":"T1S BLK 30 SEC 20 A-1554"}},{"type":"Feature","geometry":{"type":"Polygon","coordinates":[[[-101.28541371339121,32.255905187817326],[-101.29343383915008,32.25416698609495],[-101.29771834440845,32.26838340259832],[-101.28937634491096,32.270224960240405],[-101.28127655386027,32.27201243761688],[-101.2771281987119,32.257700290141514],[-101.28541371339121,32.255905187817326]]]},"properties":{"Surv_Name":"ECHOLS, A L","max_propensity_score":9.0,"top_operator":"HIGHPEAK ENERGY HOLDIN","owner_count":115.0,"ABSTRACT_L":"A-1267","field_name":"Unknown","Surv_Sect":"12","permit_count":0.0,"DESC_":"T&P RR CO","Block":"31 T1S","pending_permit_count":0.0,"production_trend":null,"production_status":"pdp","pdp_well_count":8.0,"well_count":8.0,"STArea__":27963758.1046,"ABSTRACT_N":"1267","new_permit_count":0.0,"CODE":"1267","pud_well_count":0.0,"legal_desc":"T1S BLK 31 SEC 12 A-1267"}},{"type":"Feature","geometry":{"type":"Polygon","coordinates":[[[-101.32932193968406,32.23142289770584],[-101.33918365312842,32.22928313987745],[-101.34106456152685,32.23622335611704],[-101.34312028173359,32.24338534102571],[-101.32671555933698,32.24694755800979],[-101.32456048532883,32.239889408935255],[-101.32244235436185,32.23291336185471],[-101.3225942218188,32.23288046433129],[-101.32445682889896,32.232476969634256],[-101.32932193968406,32.23142289770584]]]},"properties":{"Surv_Name":"PARR, D T","max_propensity_score":8.0,"top_operator":"OVINTIV USA INC.","owner_count":283.0,"ABSTRACT_L":"A-1320","field_name":"Unknown","Surv_Sect":"16","permit_count":0.0,"DESC_":"T&P RR CO","Block":"31 T1S","pending_permit_count":0.0,"production_trend":null,"production_status":"pdp","pdp_well_count":10.0,"well_count":10.0,"STArea__":27846851.3433,"ABSTRACT_N":"1320","new_permit_count":0.0,"CODE":"1320","pud_well_count":0.0,"legal_desc":"T1S BLK 31 SEC 16 A-1320"}},{"type":"Feature","geometry":{"type":"Polygon","coordinates":[[[-101.38454143280848,32.23422178059542],[-101.3930210220597,32.23232130825256],[-101.39725265879163,32.24636119396919],[-101.38876594508405,32.24824244745951],[-101.38057142573786,32.250058302804455],[-101.37625963040738,32.23607728557901],[-101.38454143280848,32.23422178059542]]]},"properties":{"Surv_Name":"BRACK, O M","max_propensity_score":6.0,"top_operator":"HIGHPEAK ENERGY HOLDIN","owner_count":33.0,"ABSTRACT_L":"A-1518","field_name":"Unknown","Surv_Sect":"12","permit_count":0.0,"DESC_":"T&P RR CO","Block":"32 T1S","pending_permit_count":0.0,"production_trend":null,"production_status":"pdp","pdp_well_count":9.0,"well_count":9.0,"STArea__":28143072.8416,"ABSTRACT_N":"1518","new_permit_count":0.0,"CODE":"1518","pud_well_count":0.0,"legal_desc":"T1S BLK 32 SEC 12 A-1518"}},{"type":"Feature","geometry":{"type":"Polygon","coordinates":[[[-101.36013937405812,32.26974123285914],[-101.36821096504734,32.26772237935065],[-101.37025148782696,32.274375317253096],[-101.37090710221054,32.276494089116206],[-101.37104778519648,32.27694872590341],[-101.37190622114258,32.279722774864375],[-101.37193561712675,32.27979744058808],[-101.37272178772959,32.28179426374108],[-101.37257149096908,32.28187039985487],[-101.3725709329763,32.28187068256288],[-101.37106408702161,32.28219740734737],[-101.36455377955329,32.283634921808726],[-101.3644500422563,32.2836578248171],[-101.36438048822166,32.28367318049655],[-101.36375982516267,32.28378774019],[-101.36360330072074,32.28382251323034],[-101.3629843229825,32.28395007052325],[-101.36291592002024,32.28396507213547],[-101.36227844556693,32.28410487321381],[-101.35972801149282,32.284683356292845],[-101.35869114864279,32.28492058604503],[-101.3583315279201,32.28499943311027],[-101.35828453066601,32.2850097368542],[-101.35789668963642,32.28509011192091],[-101.35748282672223,32.285182031124435],[-101.35663151095036,32.285371103331286],[-101.35619405483799,32.28546825714733],[-101.35596543557514,32.285519029981565],[-101.35382384267724,32.27819888888046],[-101.35350497173651,32.27718823051416],[-101.35174519231902,32.27161021037318],[-101.36013937405812,32.26974123285914]]]},"properties":{"Surv_Name":"MC CUTCHAN, J W","max_propensity_score":6.0,"top_operator":"VITAL ENERGY, INC.","owner_count":158.0,"ABSTRACT_L":"A-1440","field_name":"Unknown","Surv_Sect":"44","permit_count":0.0,"DESC_":"T&P RR CO","Block":"31 T1N","pending_permit_count":0.0,"production_trend":null,"production_status":"pdp","pdp_well_count":13.0,"well_count":13.0,"STArea__":27735505.8705,"ABSTRACT_N":"1440","new_permit_count":0.0,"CODE":"1440","pud_well_count":0.0,"legal_desc":"T1N BLK 31 SEC 44 A-1440"}},{"type":"Feature","geometry":{"type":"Polygon","coordinates":[[[-101.41037424144723,32.31870721941827],[-101.41876425143016,32.31686011350596],[-101.42132145707654,32.32547483037652],[-101.42304620818281,32.33102308888923],[-101.41473992028374,32.3328702458072],[-101.4065027049861,32.33468210228562],[-101.40433798745578,32.32777531889207],[-101.4020652065506,32.32056847622274],[-101.41037424144723,32.31870721941827]]]},"properties":{"Surv_Name":"NELSON, A L","max_propensity_score":7.0,"top_operator":"VITAL ENERGY, INC.","owner_count":73.0,"ABSTRACT_L":"A-1650","field_name":"Unknown","Surv_Sect":"24","permit_count":0.0,"DESC_":"T&P RR CO","Block":"32 T1N","pending_permit_count":0.0,"production_trend":null,"production_status":"pdp","pdp_well_count":27.0,"well_count":27.0,"STArea__":28194680.4928,"ABSTRACT_N":"1650","new_permit_count":0.0,"CODE":"1650","pud_well_count":0.0,"legal_desc":"T1N BLK 32 SEC 24 A-1650"}},{"type":"Feature","geometry":{"type":"Polygon","coordinates":[[[-101.36910581816045,32.32783028594473],[-101.38541319696157,32.32420262407644],[-101.38637340207191,32.327052012544264],[-101.38769796138969,32.33143809063367],[-101.38979714956841,32.33838832192707],[-101.3815918576827,32.3401729969139],[-101.37345938447119,32.34195936609208],[-101.37132962520013,32.33504809473525],[-101.36999742082368,32.33072440125335],[-101.36910581816045,32.32783028594473]]]},"properties":{"Surv_Name":"CATCHEY, O W","max_propensity_score":7.0,"top_operator":"HIGHPEAK ENERGY HOLDIN","owner_count":127.0,"ABSTRACT_L":"A-1593","field_name":"Unknown","Surv_Sect":"20","permit_count":0.0,"DESC_":"T&P RR CO","Block":"31 T1N","pending_permit_count":0.0,"production_trend":null,"production_status":"pdp","pdp_well_count":18.0,"well_count":18.0,"STArea__":27789102.1074,"ABSTRACT_N":"1593","new_permit_count":0.0,"CODE":"1593","pud_well_count":0.0,"legal_desc":"T1N BLK 31 SEC 20 A-1593"}},{"type":"Feature","geometry":{"type":"Polygon","coordinates":[[[-101.34447064351686,32.33345319666466],[-101.35266355408102,32.33149560296026],[-101.35276344329687,32.33164373653625],[-101.3530559368416,32.33260161758462],[-101.35324415382678,32.33323144567749],[-101.35377121674878,32.33498956405912],[-101.35405826822314,32.335947047523604],[-101.35406345848544,32.335964358230775],[-101.35695565488375,32.345610324985785],[-101.34890731954599,32.34740890035883],[-101.34181119929741,32.34898340628903],[-101.34049445202412,32.34927553453132],[-101.34028709098466,32.34858939657674],[-101.33946673790774,32.345874822194155],[-101.33843740237339,32.34246847636724],[-101.33628261952028,32.33533685638818],[-101.34015381192134,32.33446838497428],[-101.34201450324477,32.33403082799712],[-101.34447064351686,32.33345319666466]]]},"properties":{"Surv_Name":"SPEARS, W M","max_propensity_score":10.0,"top_operator":"HIGHPEAK ENERGY HOLDIN","owner_count":199.0,"ABSTRACT_L":"A-1565","field_name":"Unknown","Surv_Sect":"22","permit_count":0.0,"DESC_":"T&P RR CO","Block":"31 T1N","pending_permit_count":0.0,"production_trend":null,"production_status":"pdp","pdp_well_count":5.0,"well_count":5.0,"STArea__":27682859.1809,"ABSTRACT_N":"1565","new_permit_count":0.0,"CODE":"1565","pud_well_count":0.0,"legal_desc":"T1N BLK 31 SEC 22 A-1565"}},{"type":"Feature","geometry":{"type":"Polygon","coordinates":[[[-101.41002145984204,32.28858532936251],[-101.41015601721422,32.28855449671212],[-101.41018086054103,32.28863708219809],[-101.41032881569578,32.289128911361004],[-101.41116500357654,32.291908446187776],[-101.41224383634636,32.29549427864601],[-101.41224390788392,32.29549451783838],[-101.41334445894093,32.299141649216075],[-101.41428557447344,32.30227208074786],[-101.41445739736314,32.302843646444245],[-101.414269188211,32.30288425692174],[-101.40608393779745,32.30465011210104],[-101.40572352085019,32.3047278527836],[-101.39776154698299,32.30644747831409],[-101.39359307197407,32.292598171834385],[-101.39349104934118,32.29225916043319],[-101.39755628846696,32.29143442440259],[-101.40992981233052,32.28869327822335],[-101.41002145984204,32.28858532936251]]]},"properties":{"Surv_Name":"WILLIS, M D","max_propensity_score":7.0,"top_operator":"TRILOGY OPERATING, INC","owner_count":123.0,"ABSTRACT_L":"A-1664","field_name":"Unknown","Surv_Sect":"36","permit_count":0.0,"DESC_":"T&P RR CO","Block":"32 T1N","pending_permit_count":0.0,"production_trend":null,"production_status":"pdp","pdp_well_count":6.0,"well_count":6.0,"STArea__":28323970.5711,"ABSTRACT_N":"1664","new_permit_count":0.0,"CODE":"1664","pud_well_count":0.0,"legal_desc":"T1N BLK 32 SEC 36 A-1664"}},{"type":"Feature","geometry":{"type":"Polygon","coordinates":[[[-101.43527035514842,32.313211007067316],[-101.45193597302625,32.309565984739635],[-101.4535383154068,32.31488390958925],[-101.45404065801159,32.31651626982168],[-101.45429581978017,32.317343851831076],[-101.45469864457547,32.31865276377497],[-101.45514580706536,32.32026247195186],[-101.45620353850101,32.32373296484595],[-101.4480812683738,32.32551662062029],[-101.43965562072817,32.32737372631918],[-101.4386010618547,32.3239685664508],[-101.4385761473452,32.323888115534125],[-101.43785650006743,32.32156400799047],[-101.43711232891178,32.31916057111019],[-101.43695430202436,32.318902638640814],[-101.43663756214954,32.3178280544832],[-101.43654464259222,32.317512806326164],[-101.43644355864329,32.3171698605032],[-101.43629915483798,32.316679934148326],[-101.43595841339042,32.31545199417023],[-101.43591110420745,32.315281501253345],[-101.43590900439312,32.31527393318602],[-101.43572629514064,32.31468376721633],[-101.43569273245565,32.31457535726724],[-101.43551002603492,32.313985190103004],[-101.43527035514842,32.313211007067316]]]},"properties":{"Surv_Name":"HENDERSON, M E","max_propensity_score":8.0,"top_operator":"APACHE CORPORATION","owner_count":582.0,"ABSTRACT_L":"A-1731","field_name":"Unknown","Surv_Sect":"22","permit_count":0.0,"DESC_":"T&P RR CO","Block":"32 T1N","pending_permit_count":0.0,"production_trend":null,"production_status":"pdp","pdp_well_count":2.0,"well_count":2.0,"STArea__":28229894.8756,"ABSTRACT_N":"1731","new_permit_count":0.0,"CODE":"1731","pud_well_count":0.0,"legal_desc":"T1N BLK 32 SEC 22 A-1731"}},{"type":"Feature","geometry":{"type":"Polygon","coordinates":[[[-101.45169072479874,32.29447772319209],[-101.4642430145613,32.29185086826845],[-101.465252858456,32.29544883658548],[-101.46630609114585,32.29894432984758],[-101.46829178086668,32.306298369037556],[-101.4599914090292,32.30778763026499],[-101.45193597302625,32.309565984739635],[-101.44973045156429,32.302561268628885],[-101.44961579600262,32.30220318278828],[-101.44773933467472,32.29636680622266],[-101.44751215481902,32.29563878966881],[-101.44744319341625,32.295417244672464],[-101.44756846332275,32.29538953821063],[-101.44873608762596,32.29513128384078],[-101.45169072479874,32.29447772319209]]]},"properties":{"Surv_Name":"WATKINS, N E","max_propensity_score":7.0,"top_operator":"OVINTIV USA INC.","owner_count":53.0,"ABSTRACT_L":"A-1684","field_name":"Unknown","Surv_Sect":"28","permit_count":0.0,"DESC_":"T&P RR CO","Block":"32 T1N","pending_permit_count":0.0,"production_trend":null,"production_status":"pdp","pdp_well_count":19.0,"well_count":19.0,"STArea__":28200125.852,"ABSTRACT_N":"1684","new_permit_count":0.0,"CODE":"1684","pud_well_count":0.0,"legal_desc":"T1N BLK 32 SEC 28 A-1684"}},{"type":"Feature","geometry":{"type":"Polygon","coordinates":[[[-101.43480274478787,32.28312267308987],[-101.4430952890582,32.28126418638764],[-101.44561289787961,32.28921483804283],[-101.44744319341625,32.295417244672464],[-101.43101268257296,32.299212634972825],[-101.42663327125572,32.28490299962915],[-101.43480274478787,32.28312267308987]]]},"properties":{"Surv_Name":"LUTTERLOH, T O","max_propensity_score":6.0,"top_operator":"VITAL ENERGY, INC.","owner_count":31.0,"ABSTRACT_L":"A-1745","field_name":"Unknown","Surv_Sect":"34","permit_count":0.0,"DESC_":"T&P RR CO","Block":"32 T1N","pending_permit_count":0.0,"production_trend":null,"production_status":"pdp","pdp_well_count":9.0,"well_count":9.0,"STArea__":28173224.4549,"ABSTRACT_N":"1745","new_permit_count":0.0,"CODE":"1745","pud_well_count":0.0,"legal_desc":"T1N BLK 32 SEC 34 A-1745"}},{"type":"Feature","geometry":{"type":"Polygon","coordinates":[[[-101.48880346628812,32.28608232726503],[-101.49691691521868,32.284291753574706],[-101.49904419934217,32.29135882919732],[-101.4991287721041,32.29163021676008],[-101.49933472137691,32.292291088790414],[-101.49934123858084,32.292312000275736],[-101.49962998439567,32.29323853752609],[-101.50016311371945,32.29494921462994],[-101.50055371769585,32.29623007251016],[-101.50125994251479,32.298548434576915],[-101.50135046351821,32.298845584722464],[-101.48503617895743,32.30243139758066],[-101.48262773786679,32.29494434879307],[-101.48048192112725,32.287973027400945],[-101.48880346628812,32.28608232726503]]]},"properties":{"Surv_Name":"SEHWARZENBACH, R L","max_propensity_score":9.0,"top_operator":"OVINTIV USA INC.","owner_count":599.0,"ABSTRACT_L":"A-1663","field_name":"Unknown","Surv_Sect":"30","permit_count":0.0,"DESC_":"T&P RR CO","Block":"32 T1N","pending_permit_count":0.0,"production_trend":null,"production_status":"pdp","pdp_well_count":12.0,"well_count":12.0,"STArea__":28589302.7615,"ABSTRACT_N":"1663","new_permit_count":0.0,"CODE":"1663","pud_well_count":0.0,"legal_desc":"T1N BLK 32 SEC 30 A-1663"}},{"type":"Feature","geometry":{"type":"Polygon","coordinates":[[[-101.5115110004327,32.28113021484207],[-101.51369038277635,32.280655685342786],[-101.51574864027945,32.287404426101055],[-101.5158440710472,32.28771730518272],[-101.51800970859767,32.29481694081188],[-101.5097314230369,32.29681512923444],[-101.50135046351821,32.298845584722464],[-101.50125994251479,32.298548434576915],[-101.50055371769585,32.29623007251016],[-101.50016311371945,32.29494921462994],[-101.49962998439567,32.29323853752609],[-101.49934123858084,32.292312000275736],[-101.49933472137691,32.292291088790414],[-101.4991287721041,32.29163021676008],[-101.49904419934217,32.29135882919732],[-101.49691691521868,32.284291753574706],[-101.5018080543958,32.28323378836321],[-101.50312565891416,32.28293841114275],[-101.5044659823744,32.28264826680845],[-101.50547122058408,32.28243064922177],[-101.50572364724206,32.282376002102716],[-101.50767706933681,32.28195511737717],[-101.50803220114423,32.281878713335026],[-101.50952330949514,32.28155789998634],[-101.5108208134888,32.2812787243477],[-101.5115110004327,32.28113021484207]]]},"properties":{"Surv_Name":"MERRICK, C A","max_propensity_score":10.0,"top_operator":"OVINTIV USA INC.","owner_count":413.0,"ABSTRACT_L":"A-1473","field_name":"Unknown","Surv_Sect":"20","permit_count":0.0,"DESC_":"T&P RR CO","Block":"33 T1N","pending_permit_count":0.0,"production_trend":null,"production_status":"pdp","pdp_well_count":20.0,"well_count":20.0,"STArea__":28883148.9473,"ABSTRACT_N":"1473","new_permit_count":0.0,"CODE":"1473","pud_well_count":0.0,"legal_desc":"T1N BLK 33 SEC 20 A-1473"}},{"type":"Feature","geometry":{"type":"Polygon","coordinates":[[[-101.52622887916765,32.29283238522952],[-101.5343313502206,32.290875386580396],[-101.53665760722826,32.29839915359829],[-101.53903485197799,32.30510287973532],[-101.53058441255037,32.30711715649742],[-101.52434176035327,32.30868598275989],[-101.52234638423384,32.30916453128231],[-101.51800970859767,32.29481694081188],[-101.52622887916765,32.29283238522952]]]},"properties":{"Surv_Name":"HILL, T F","max_propensity_score":8.0,"top_operator":"OVINTIV USA INC.","owner_count":610.0,"ABSTRACT_L":"A-1672","field_name":"Unknown","Surv_Sect":"18","permit_count":0.0,"DESC_":"T&P RR CO","Block":"33 T1N","pending_permit_count":0.0,"production_trend":null,"production_status":"pdp","pdp_well_count":19.0,"well_count":19.0,"STArea__":28381045.1586,"ABSTRACT_N":"1672","new_permit_count":0.0,"CODE":"1672","pud_well_count":0.0,"legal_desc":"T1N BLK 33 SEC 18 A-1672"}},{"type":"Feature","geometry":{"type":"Polygon","coordinates":[[[-101.53903485197799,32.30510287973532],[-101.55535959717922,32.301209106410255],[-101.55747206241192,32.308489225029234],[-101.55845991243693,32.3116934064607],[-101.55967097405144,32.31561676093704],[-101.54347345392459,32.31945347564995],[-101.54229600304498,32.31566822719716],[-101.54127488481754,32.312289550993455],[-101.53903485197799,32.30510287973532]]]},"properties":{"Surv_Name":"SMITH, J H","max_propensity_score":8.0,"top_operator":"SM ENERGY COMPANY","owner_count":456.0,"ABSTRACT_L":"A-1506","field_name":"Unknown","Surv_Sect":"14","permit_count":0.0,"DESC_":"T&P RR CO","Block":"33 T1N","pending_permit_count":0.0,"production_trend":null,"production_status":"pdp","pdp_well_count":22.0,"well_count":22.0,"STArea__":28120473.4124,"ABSTRACT_N":"1506","new_permit_count":0.0,"CODE":"1506","pud_well_count":0.0,"legal_desc":"T1N BLK 33 SEC 14 A-1506"}},{"type":"Feature","geometry":{"type":"Polygon","coordinates":[[[-101.52661097692832,32.32343334809731],[-101.54347345392459,32.31945347564995],[-101.54543521931379,32.32652874197961],[-101.54773326024976,32.33376237154581],[-101.54779549885663,32.33402748609272],[-101.54738312658897,32.33411838221655],[-101.53093867495348,32.337691865607674],[-101.52869222878687,32.33035852262375],[-101.52661097692832,32.32343334809731]]]},"properties":{"Surv_Name":"SHUMAKE, R P","max_propensity_score":7.0,"top_operator":"SM ENERGY COMPANY","owner_count":135.0,"ABSTRACT_L":"A-1643","field_name":"Unknown","Surv_Sect":"10","permit_count":0.0,"DESC_":"T&P RR CO","Block":"33 T1N","pending_permit_count":0.0,"production_trend":null,"production_status":"pdp","pdp_well_count":31.0,"well_count":31.0,"STArea__":29085589.44,"ABSTRACT_N":"1643","new_permit_count":0.0,"CODE":"1643","pud_well_count":0.0,"legal_desc":"T1N BLK 33 SEC 10 A-1643"}},{"type":"Feature","geometry":{"type":"Polygon","coordinates":[[[-101.56566366434124,32.334955938168804],[-101.56419778981862,32.329954038476075],[-101.57656774341235,32.32675424508862],[-101.58067579588918,32.32578425677566],[-101.58282000765308,32.33303689985413],[-101.58487241001374,32.33997786605965],[-101.58080862926846,32.34092174140044],[-101.5683695312177,32.34378692103722],[-101.56621288900516,32.3368658256299],[-101.56578852384439,32.335417027475195],[-101.56566366434124,32.334955938168804]]]},"properties":{"Surv_Name":"MC DOWELL, L S","max_propensity_score":7.0,"top_operator":"SM ENERGY COMPANY","owner_count":866.0,"ABSTRACT_L":"A-1575","field_name":"Unknown","Surv_Sect":"4","permit_count":0.0,"DESC_":"T&P RR CO","Block":"33 T1N","pending_permit_count":0.0,"production_trend":null,"production_status":"pdp","pdp_well_count":21.0,"well_count":21.0,"STArea__":27963535.7551,"ABSTRACT_N":"1575","new_permit_count":0.0,"CODE":"1575","pud_well_count":0.0,"legal_desc":"T1N BLK 33 SEC 4 A-1575"}},{"type":"Feature","geometry":{"type":"Polygon","coordinates":[[[-101.49765983835833,32.31459154251122],[-101.50581847812532,32.31307624610491],[-101.50673070254064,32.31675786988395],[-101.50776268225894,32.319946437577535],[-101.5098890393077,32.3270020589099],[-101.49359098401773,32.33069164887103],[-101.4914780881907,32.32359399233591],[-101.48930454009486,32.31643505722021],[-101.49765983835833,32.31459154251122]]]},"properties":{"Surv_Name":"WILSON, F","max_propensity_score":7.0,"top_operator":"OVINTIV USA INC.","owner_count":426.0,"ABSTRACT_L":"A-1723","field_name":"Unknown","Surv_Sect":"18","permit_count":0.0,"DESC_":"T&P RR CO","Block":"32 T1N","pending_permit_count":0.0,"production_trend":null,"production_status":"pdp","pdp_well_count":9.0,"well_count":9.0,"STArea__":27652859.0105,"ABSTRACT_N":"1723","new_permit_count":0.0,"CODE":"1723","pud_well_count":0.0,"legal_desc":"T1N BLK 32 SEC 18 A-1723"}},{"type":"Feature","geometry":{"type":"Polygon","coordinates":[[[-101.50798644682999,32.31255754068645],[-101.52234638423384,32.30916453128231],[-101.52297365442416,32.311199491692925],[-101.52444153784342,32.31631887469553],[-101.52661097692832,32.32343334809731],[-101.51841876225933,32.32535154430963],[-101.51057782688547,32.32718690464504],[-101.50998511762994,32.32732123619862],[-101.5098890393077,32.3270020589099],[-101.50776268225894,32.319946437577535],[-101.50673070254064,32.31675786988395],[-101.50581847812532,32.31307624610491],[-101.50798644682999,32.31255754068645]]]},"properties":{"Surv_Name":"HUDSON, H C","max_propensity_score":7.0,"top_operator":"OVINTIV USA INC.","owner_count":89.0,"ABSTRACT_L":"A-1559","field_name":"Unknown","Surv_Sect":"12","permit_count":0.0,"DESC_":"T&P RR CO","Block":"33 T1N","pending_permit_count":0.0,"production_trend":null,"production_status":"pdp","pdp_well_count":12.0,"well_count":12.0,"STArea__":28498568.9557,"ABSTRACT_N":"1559","new_permit_count":0.0,"CODE":"1559","pud_well_count":0.0,"legal_desc":"T1N BLK 33 SEC 12 A-1559"}},{"type":"Feature","geometry":{"type":"Polygon","coordinates":[[[-101.45620353850101,32.32373296484595],[-101.47302126717418,32.32002068183453],[-101.47523285088451,32.32732504655928],[-101.47738866976516,32.33438834531475],[-101.46899578342484,32.33611060213265],[-101.46043174229557,32.33796583034224],[-101.45833996470738,32.330894934074486],[-101.45620353850101,32.32373296484595]]]},"properties":{"Surv_Name":"KINORD, J A","max_propensity_score":10.0,"top_operator":"OVINTIV USA INC.","owner_count":1291.0,"ABSTRACT_L":"A-1648","field_name":"Unknown","Surv_Sect":"16","permit_count":0.0,"DESC_":"T&P RR CO","Block":"32 T1N","pending_permit_count":0.0,"production_trend":null,"production_status":"pdp","pdp_well_count":6.0,"well_count":6.0,"STArea__":28837505.9881,"ABSTRACT_N":"1648","new_permit_count":0.0,"CODE":"1648","pud_well_count":0.0,"legal_desc":"T1N BLK 32 SEC 16 A-1648"}},{"type":"Feature","geometry":{"type":"Polygon","coordinates":[[[-101.52241480121526,32.367527281366925],[-101.52092057807151,32.36264966869499],[-101.51849063095379,32.35553923523273],[-101.52701452136807,32.353608723740265],[-101.5353038769218,32.35176287618419],[-101.53951404335578,32.365765749551386],[-101.53544936973559,32.36676201676093],[-101.53139067132574,32.36765476110067],[-101.5230756366976,32.369684279903495],[-101.52241480121526,32.367527281366925]]]},"properties":{"Surv_Name":"REED, W T","max_propensity_score":10.0,"top_operator":"SM ENERGY COMPANY","owner_count":599.0,"ABSTRACT_L":"A-1503","field_name":"Unknown","Surv_Sect":"48","permit_count":0.0,"DESC_":"T&P RR CO","Block":"33 T2N","pending_permit_count":0.0,"production_trend":null,"production_status":"pdp","pdp_well_count":27.0,"well_count":27.0,"STArea__":28080967.5317,"ABSTRACT_N":"1503","new_permit_count":0.0,"CODE":"1503","pud_well_count":0.0,"legal_desc":"T2N BLK 33 SEC 48 A-1503"}},{"type":"Feature","geometry":{"type":"Polygon","coordinates":[[[-101.5602178916113,32.34567139566247],[-101.5683695312177,32.34378692103722],[-101.57127711798725,32.35242014894535],[-101.57317705756486,32.358095209132685],[-101.5565044274843,32.36179023059918],[-101.5552673501565,32.358349784053175],[-101.55196760020262,32.34758049131685],[-101.5602178916113,32.34567139566247]]]},"properties":{"Surv_Name":"THIXTON, J F","max_propensity_score":8.0,"top_operator":"SCOUT ENERGY MANAGEMEN","owner_count":462.0,"ABSTRACT_L":"A-1635","field_name":"Unknown","Surv_Sect":"46","permit_count":0.0,"DESC_":"T&P RR CO","Block":"33 T2N","pending_permit_count":0.0,"production_trend":null,"production_status":"pdp","pdp_well_count":31.0,"well_count":31.0,"STArea__":28574096.3751,"ABSTRACT_N":"1635","new_permit_count":0.0,"CODE":"1635","pud_well_count":0.0,"legal_desc":"T2N BLK 33 SEC 46 A-1635"}},{"type":"Feature","geometry":{"type":"Polygon","coordinates":[[[-101.49393453866405,32.36090274585009],[-101.50206738769587,32.359132136761524],[-101.506453088811,32.373223574779644],[-101.49821049691698,32.37500196653679],[-101.49367539159205,32.37598018047018],[-101.49003831181763,32.37676455617943],[-101.48581699765914,32.362665649182944],[-101.48945566099957,32.361874325975315],[-101.49393453866405,32.36090274585009]]]},"properties":{"Surv_Name":"UMPHRESS, M A & P A","max_propensity_score":7.0,"top_operator":"OVINTIV USA INC.","owner_count":193.0,"ABSTRACT_L":"A-1556","field_name":"Unknown","Surv_Sect":"44","permit_count":0.0,"DESC_":"T&P RR CO","Block":"32 T2N","pending_permit_count":0.0,"production_trend":null,"production_status":"pdp","pdp_well_count":13.0,"well_count":13.0,"STArea__":27567178.6066,"ABSTRACT_N":"1556","new_permit_count":0.0,"CODE":"1556","pud_well_count":0.0,"legal_desc":"T2N BLK 32 SEC 44 A-1556"}},{"type":"Feature","geometry":{"type":"Polygon","coordinates":[[[-101.47318276899598,32.35030230689398],[-101.48165853873569,32.34848164029753],[-101.48581699765914,32.362665649182944],[-101.47743741084372,32.364486348500854],[-101.46913202797012,32.36623826823502],[-101.46492459094593,32.352252002271555],[-101.47318276899598,32.35030230689398]]]},"properties":{"Surv_Name":"HALE, W E","max_propensity_score":5.0,"top_operator":"OVINTIV USA INC.","owner_count":192.0,"ABSTRACT_L":"A-1493","field_name":"Unknown","Surv_Sect":"4","permit_count":0.0,"DESC_":"T&P RR CO","Block":"32 T1N","pending_permit_count":0.0,"production_trend":null,"production_status":"pdp","pdp_well_count":10.0,"well_count":10.0,"STArea__":28273197.3733,"ABSTRACT_N":"1493","new_permit_count":0.0,"CODE":"1493","pud_well_count":0.0,"legal_desc":"T1N BLK 32 SEC 4 A-1493"}},{"type":"Feature","geometry":{"type":"Polygon","coordinates":[[[-101.452493645501,32.36987085873162],[-101.46913202797012,32.36623826823502],[-101.47328281608245,32.38052830798659],[-101.46519645047358,32.3822959976187],[-101.45672806500167,32.38413455158369],[-101.45456100207,32.376949343687905],[-101.452493645501,32.36987085873162]]]},"properties":{"Surv_Name":"SIMPSON, W M","max_propensity_score":8.0,"top_operator":"HIBERNIA RESOURCES IV,","owner_count":636.0,"ABSTRACT_L":"A-1735","field_name":"Unknown","Surv_Sect":"46","permit_count":0.0,"DESC_":"T&P RR CO","Block":"32 T2N","pending_permit_count":0.0,"production_trend":null,"production_status":"pdp","pdp_well_count":14.0,"well_count":14.0,"STArea__":28349904.2474,"ABSTRACT_N":"1735","new_permit_count":0.0,"CODE":"1735","pud_well_count":0.0,"legal_desc":"T2N BLK 32 SEC 46 A-1735"}},{"type":"Feature","geometry":{"type":"Polygon","coordinates":[[[-101.47328281608245,32.38052830798659],[-101.49003831181763,32.37676455617943],[-101.49369751707201,32.38917883522224],[-101.49419295944602,32.39078585492359],[-101.48544702795174,32.39256796957184],[-101.47744268295037,32.39437734293847],[-101.47328281608245,32.38052830798659]]]},"properties":{"Surv_Name":"SPEARS, J W","max_propensity_score":6.0,"top_operator":"HIBERNIA RESOURCES IV,","owner_count":17.0,"ABSTRACT_L":"A-1481","field_name":"Unknown","Surv_Sect":"40","permit_count":0.0,"DESC_":"T&P RR CO","Block":"32 T2N","pending_permit_count":0.0,"production_trend":null,"production_status":"pdp","pdp_well_count":21.0,"well_count":21.0,"STArea__":27831581.777,"ABSTRACT_N":"1481","new_permit_count":0.0,"CODE":"1481","pud_well_count":0.0,"legal_desc":"T2N BLK 32 SEC 40 A-1481"}},{"type":"Feature","geometry":{"type":"Polygon","coordinates":[[[-101.54294268033219,32.37983834520402],[-101.54394504552812,32.379630821047144],[-101.54411142404204,32.380097380563846],[-101.54460915032587,32.38126578438302],[-101.54626515381717,32.38650621392409],[-101.54837791548111,32.39319113139632],[-101.54843224803251,32.39334994918645],[-101.54784096529926,32.39345628376423],[-101.54294122438222,32.394517499186264],[-101.53142711478657,32.39703511784273],[-101.53093614778176,32.39542126327741],[-101.52931646540983,32.390135733320044],[-101.52722430255393,32.383260882147106],[-101.54294268033219,32.37983834520402]]]},"properties":{"Surv_Name":"CARR, I P","max_propensity_score":2.0,"top_operator":"SURGE OPERATING, LLC","owner_count":11.0,"ABSTRACT_L":"A-1578","field_name":"Unknown","Surv_Sect":"36","permit_count":0.0,"DESC_":"T&P RR CO","Block":"33 T2N","pending_permit_count":0.0,"production_trend":null,"production_status":"pdp","pdp_well_count":13.0,"well_count":13.0,"STArea__":27896566.7487,"ABSTRACT_N":"1578","new_permit_count":0.0,"CODE":"1578","pud_well_count":0.0,"legal_desc":"T2N BLK 33 SEC 36 A-1578"}},{"type":"Feature","geometry":{"type":"Polygon","coordinates":[[[-101.6053529821558,32.32025202213838],[-101.61383710167452,32.31838736291948],[-101.61600405019314,32.32535182035103],[-101.61816965523354,32.33231084209805],[-101.60994486486143,32.33418659630278],[-101.60142288557236,32.33611625810129],[-101.59926188822945,32.329167842960665],[-101.59719977220864,32.32204333401141],[-101.6053529821558,32.32025202213838]]]},"properties":{"Surv_Name":"DAWSON, J T","max_propensity_score":7.0,"top_operator":"FREE REIN OPERATING LL","owner_count":35.0,"ABSTRACT_L":"A-1619","field_name":"Unknown","Surv_Sect":"6","permit_count":0.0,"DESC_":"T&P RR CO","Block":"33 T1N","pending_permit_count":0.0,"production_trend":null,"production_status":"pdp","pdp_well_count":59.0,"well_count":59.0,"STArea__":28117255.749,"ABSTRACT_N":"1619","new_permit_count":0.0,"CODE":"1619","pud_well_count":0.0,"legal_desc":"T1N BLK 33 SEC 6 A-1619"}},{"type":"Feature","geometry":{"type":"Polygon","coordinates":[[[-101.64099262310067,32.17687848598645],[-101.65823324359704,32.17300655424556],[-101.65972210831107,32.18022684768595],[-101.66174647554132,32.18730984797305],[-101.65360053627315,32.18906457719301],[-101.65169403841315,32.18948190022686],[-101.6501426190995,32.189821671649966],[-101.65014213268255,32.18982177788711],[-101.6501250367713,32.189825519657035],[-101.64947167719436,32.18996832225365],[-101.64922777794223,32.19002170404822],[-101.64548854835975,32.19087530534968],[-101.64456725062874,32.18807991463959],[-101.64334189059147,32.183897246730126],[-101.6431254851155,32.183158520605446],[-101.64274217842245,32.18242555213714],[-101.64261289536807,32.18200929105377],[-101.64258516803814,32.181789414423086],[-101.64099262310067,32.17687848598645]]]},"properties":{"Surv_Name":"TEXAS HIGHWAY DEPT ROW","max_propensity_score":7.0,"top_operator":"CHEVRON U. S. A. INC.","owner_count":93.0,"ABSTRACT_L":"A-1758","field_name":"Unknown","Surv_Sect":"8","permit_count":0.0,"DESC_":"T&P RR CO","Block":"34 T1S","pending_permit_count":0.0,"production_trend":null,"production_status":"pdp","pdp_well_count":15.0,"well_count":15.0,"STArea__":28058519.8986,"ABSTRACT_N":"1758","new_permit_count":0.0,"CODE":"1758","pud_well_count":0.0,"legal_desc":"T1S BLK 34 SEC 8 A-1758"}},{"type":"Feature","geometry":{"type":"Polygon","coordinates":[[[-101.67020411384264,32.18541925347328],[-101.6785155698862,32.18356069480957],[-101.6798504333974,32.18792154101015],[-101.68069976430952,32.190695981196406],[-101.68146667913547,32.193201048841786],[-101.68279801575744,32.19754940950394],[-101.67454087056429,32.199456256356605],[-101.67320300616247,32.19513461040836],[-101.67224798734804,32.19247041214981],[-101.67150582430835,32.189739926009075],[-101.67020411384264,32.18541925347328]]]},"properties":{"Surv_Name":"WRIGHT, J D","max_propensity_score":8.0,"top_operator":"OXYROCK OPERATING, LLC","owner_count":61.0,"ABSTRACT_L":"A-1528","field_name":"Unknown","Surv_Sect":"6","permit_count":0.0,"DESC_":"J.S. TIMMONS","Block":"34 T1S","pending_permit_count":0.0,"production_trend":null,"production_status":"pdp","pdp_well_count":14.0,"well_count":14.0,"STArea__":14033559.4422,"ABSTRACT_N":"1528","new_permit_count":0.0,"CODE":"1528","pud_well_count":0.0,"legal_desc":"T1S BLK 34 SEC 6 A-1528"}},{"type":"Feature","geometry":{"type":"Polygon","coordinates":[[[-101.66236813690303,32.20215575869661],[-101.66630571568014,32.201285858834495],[-101.67069446774069,32.21521746554054],[-101.67069451800343,32.215217625747925],[-101.66671887104867,32.21610925164753],[-101.65429428737042,32.21889533343461],[-101.65008931314341,32.20492242590571],[-101.6579195865575,32.20315826754947],[-101.66236813690303,32.20215575869661]]]},"properties":{"Surv_Name":"COFFALL, D M","max_propensity_score":4.0,"top_operator":"OXYROCK OPERATING, LLC","owner_count":23.0,"ABSTRACT_L":"A-1655","field_name":"Unknown","Surv_Sect":"30","permit_count":0.0,"DESC_":"T&P RR CO","Block":"34 T1N","pending_permit_count":0.0,"production_trend":null,"production_status":"pdp","pdp_well_count":6.0,"well_count":6.0,"STArea__":27384264.3284,"ABSTRACT_N":"1655","new_permit_count":0.0,"CODE":"1655","pud_well_count":0.0,"legal_desc":"T1N BLK 34 SEC 30 A-1655"}},{"type":"Feature","geometry":{"type":"Polygon","coordinates":[[[-101.67396255341289,32.139307755006975],[-101.6821945198837,32.137422507091244],[-101.68551738945126,32.14800640579383],[-101.68664383182576,32.15151788312433],[-101.67015286383898,32.15529397658545],[-101.6679418279477,32.14824474025198],[-101.66573023867947,32.141192454499965],[-101.67396255341289,32.139307755006975]]]},"properties":{"Surv_Name":"CAUSEY, N","max_propensity_score":8.0,"top_operator":"OXYROCK OPERATING, LLC","owner_count":205.0,"ABSTRACT_L":"A-1654","field_name":"Unknown","Surv_Sect":"24","permit_count":0.0,"DESC_":"T&P RR CO","Block":"35 T1S","pending_permit_count":0.0,"production_trend":null,"production_status":"pdp","pdp_well_count":14.0,"well_count":14.0,"STArea__":28030028.5324,"ABSTRACT_N":"1654","new_permit_count":0.0,"CODE":"1654","pud_well_count":0.0,"legal_desc":"T1S BLK 35 SEC 24 A-1654"}},{"type":"Feature","geometry":{"type":"Polygon","coordinates":[[[-101.67450672345112,32.170789270347306],[-101.69094909406547,32.166490396530214],[-101.6938282360125,32.17589289493638],[-101.69376980685787,32.18014797591843],[-101.68657859899741,32.18175707894079],[-101.6785155698862,32.18356069480957],[-101.67633915520736,32.17644965480388],[-101.67450672345112,32.170789270347306]]]},"properties":{"Surv_Name":"BLACK, B F","max_propensity_score":6.0,"top_operator":"BIRCH OPERATIONS, INC.","owner_count":27.0,"ABSTRACT_L":"A-1712","field_name":"Unknown","Surv_Sect":"12","permit_count":0.0,"DESC_":"T&P RR CO","Block":"35 T1S","pending_permit_count":0.0,"production_trend":null,"production_status":"pdp","pdp_well_count":6.0,"well_count":6.0,"STArea__":25737739.8469,"ABSTRACT_N":"1712","new_permit_count":0.0,"CODE":"1712","pud_well_count":0.0,"legal_desc":"T1S BLK 35 SEC 12 A-1712"}},{"type":"Feature","geometry":{"type":"Polygon","coordinates":[[[-101.61978552312723,32.136488255409624],[-101.62818734076805,32.134609492603666],[-101.63208726800845,32.147487127703165],[-101.63244931275142,32.14868241434411],[-101.61635721540894,32.15232956001687],[-101.61188237977763,32.13825491458696],[-101.61978552312723,32.136488255409624]]]},"properties":{"Surv_Name":"O`QUINN, M","max_propensity_score":0.0,"top_operator":"","owner_count":0.0,"ABSTRACT_L":"A-1443","field_name":"Unknown","Surv_Sect":"28","permit_count":0.0,"DESC_":"T&P RR CO","Block":"34 T1S","pending_permit_count":0.0,"production_trend":null,"production_status":"pdp","pdp_well_count":11.0,"well_count":11.0,"STArea__":27465974.3846,"ABSTRACT_N":"1443","new_permit_count":0.0,"CODE":"1443","pud_well_count":0.0,"legal_desc":"T1S BLK 34 SEC 28 A-1443"}},{"type":"Feature","geometry":{"type":"Polygon","coordinates":[[[-101.64026955809122,32.11677727400688],[-101.64051931102351,32.11672093252225],[-101.640680626118,32.117235285125425],[-101.64152095575312,32.11991458304149],[-101.64494087738919,32.13081690761357],[-101.63659521000501,32.13268012371043],[-101.62818734076805,32.134609492603666],[-101.6239074108676,32.12047269199935],[-101.63219652403943,32.11859814712676],[-101.64026955809122,32.11677727400688]]]},"properties":{"Surv_Name":"MC ILVAIN, M C","max_propensity_score":7.0,"top_operator":"OXYROCK OPERATING, LLC","owner_count":48.0,"ABSTRACT_L":"A-1738","field_name":"Unknown","Surv_Sect":"32","permit_count":0.0,"DESC_":"T&P RR CO","Block":"34 T2N","pending_permit_count":0.0,"production_trend":null,"production_status":"pdp","pdp_well_count":8.0,"well_count":8.0,"STArea__":28351260.9763,"ABSTRACT_N":"1738","new_permit_count":0.0,"CODE":"1738","pud_well_count":0.0,"legal_desc":"T2N BLK 34 SEC 32 A-1738"}},{"type":"Feature","geometry":{"type":"Polygon","coordinates":[[[-101.61254859970293,32.22831545822957],[-101.62113358088597,32.22632430766371],[-101.62549027281891,32.24026814780123],[-101.61717985319653,32.24213782147729],[-101.60888300829765,32.24386518178886],[-101.60866307735333,32.24402127025003],[-101.60425704564261,32.23013825924301],[-101.61254859970293,32.22831545822957]]]},"properties":{"Surv_Name":"HATCH, B","max_propensity_score":5.0,"top_operator":"FREE REIN OPERATING LL","owner_count":25.0,"ABSTRACT_L":"A-1647","field_name":"Unknown","Surv_Sect":"24","permit_count":0.0,"DESC_":"T&P RR CO","Block":"34 T1N","pending_permit_count":0.0,"production_trend":null,"production_status":"pdp","pdp_well_count":20.0,"well_count":20.0,"STArea__":28156225.2598,"ABSTRACT_N":"1647","new_permit_count":0.0,"CODE":"1647","pud_well_count":0.0,"legal_desc":"T1N BLK 34 SEC 24 A-1647"}},{"type":"Feature","geometry":{"type":"Polygon","coordinates":[[[-101.62957148566045,32.254482171523335],[-101.62964081375736,32.25446793205553],[-101.63222077373955,32.26332596175132],[-101.63380993683865,32.26858415568992],[-101.62269942477015,32.271028261883366],[-101.61737196692809,32.27219980220987],[-101.61299645697606,32.25818962067623],[-101.62140576299649,32.25636666809468],[-101.6267767734209,32.255056139083464],[-101.62698748424809,32.255012866443835],[-101.62833944072337,32.25473521191719],[-101.62834887210114,32.2547332752258],[-101.62843345080911,32.25471590498619],[-101.62957148566045,32.254482171523335]]]},"properties":{"Surv_Name":"KNOTT, C S","max_propensity_score":7.0,"top_operator":"OXYROCK OPERATING, LLC","owner_count":384.0,"ABSTRACT_L":"A-1736","field_name":"Unknown","Surv_Sect":"12","permit_count":0.0,"DESC_":"T&P RR CO","Block":"34 T1N","pending_permit_count":0.0,"production_trend":null,"production_status":"pdp","pdp_well_count":32.0,"well_count":32.0,"STArea__":27874207.1329,"ABSTRACT_N":"1736","new_permit_count":0.0,"CODE":"1736","pud_well_count":0.0,"legal_desc":"T1N BLK 34 SEC 12 A-1736"}},{"type":"Feature","geometry":{"type":"Polygon","coordinates":[[[-101.65830406849733,32.26311789430991],[-101.66689481115154,32.261192253447646],[-101.67131160825437,32.27521201492639],[-101.66271511995325,32.2772078837278],[-101.66212956466036,32.277340742152965],[-101.6594168314764,32.277956203237075],[-101.65477624434617,32.27900889497086],[-101.65256770325162,32.27198150117106],[-101.65217177126344,32.270721556791415],[-101.65206693695633,32.27042431327876],[-101.65038220232174,32.26489300227958],[-101.65830406849733,32.26311789430991]]]},"properties":{"Surv_Name":"SHEPARD, W M","max_propensity_score":7.0,"top_operator":"SCOUT ENERGY MANAGEMEN","owner_count":170.0,"ABSTRACT_L":"A-1634","field_name":"Unknown","Surv_Sect":"10","permit_count":0.0,"DESC_":"T&P RR CO","Block":"34 T1N","pending_permit_count":0.0,"production_trend":null,"production_status":"pdp","pdp_well_count":28.0,"well_count":28.0,"STArea__":28040753.9331,"ABSTRACT_N":"1634","new_permit_count":0.0,"CODE":"1634","pud_well_count":0.0,"legal_desc":"T1N BLK 34 SEC 10 A-1634"}},{"type":"Feature","geometry":{"type":"Polygon","coordinates":[[[-101.56213507687305,32.1794027447146],[-101.5706695156242,32.177628701940236],[-101.5727860480283,32.18470629859529],[-101.57487818821971,32.1917011955762],[-101.56641665585272,32.193595345439434],[-101.55828214335685,32.195425846161505],[-101.55613586534724,32.18834184254675],[-101.55403820165009,32.18118994849577],[-101.56213507687305,32.1794027447146]]]},"properties":{"Surv_Name":"CAUBLE, F L","max_propensity_score":10.0,"top_operator":"OXY USA INC.","owner_count":240.0,"ABSTRACT_L":"A-1586","field_name":"Unknown","Surv_Sect":"18","permit_count":0.0,"DESC_":"T&P RR CO","Block":"33 T1S","pending_permit_count":0.0,"production_trend":null,"production_status":"pdp","pdp_well_count":44.0,"well_count":44.0,"STArea__":28273628.009,"ABSTRACT_N":"1586","new_permit_count":0.0,"CODE":"1586","pud_well_count":0.0,"legal_desc":"T1S BLK 33 SEC 18 A-1586"}},{"type":"Feature","geometry":{"type":"Polygon","coordinates":[[[-101.53341606881224,32.171041300920066],[-101.53333849586814,32.17078708269018],[-101.54139106533803,32.16904589602435],[-101.54978462711209,32.16723034558109],[-101.55403820165009,32.18118994849577],[-101.54538531672249,32.183098451492974],[-101.53761730643296,32.18480726632916],[-101.53341606881224,32.171041300920066]]]},"properties":{"Surv_Name":"LEATHERWOOD, J H","max_propensity_score":7.0,"top_operator":"PIONEER NATURAL RES. U","owner_count":193.0,"ABSTRACT_L":"A-1573","field_name":"Unknown","Surv_Sect":"20","permit_count":0.0,"DESC_":"T&P RR CO","Block":"33 T1S","pending_permit_count":0.0,"production_trend":null,"production_status":"pdp","pdp_well_count":36.0,"well_count":36.0,"STArea__":27604471.6569,"ABSTRACT_N":"1573","new_permit_count":0.0,"CODE":"1573","pud_well_count":0.0,"legal_desc":"T1S BLK 33 SEC 20 A-1573"}},{"type":"Feature","geometry":{"type":"Polygon","coordinates":[[[-101.46701179036955,32.18558393488756],[-101.48342908980284,32.181918128465924],[-101.48350281326343,32.18215977006814],[-101.48519460044969,32.18770450096672],[-101.48765360231634,32.19613614387382],[-101.48367849391794,32.19701718896555],[-101.47977914976923,32.19792633511431],[-101.4795800719763,32.19797658265756],[-101.47849995774135,32.19821992027659],[-101.47772018785183,32.198380219447145],[-101.47577148076213,32.198769273136776],[-101.47523725000502,32.19888763058383],[-101.47161577207844,32.19974195550583],[-101.47130236368086,32.1998166010885],[-101.4709367712549,32.19858954745112],[-101.47077108327909,32.19803343023206],[-101.47074472845804,32.19794666201223],[-101.47050022525661,32.197141673380756],[-101.4702543111598,32.19632717973936],[-101.47023214798432,32.19625377009776],[-101.47000614105912,32.195502586127674],[-101.4696904799579,32.19445732706481],[-101.46969038341716,32.19445700821418],[-101.46942110596211,32.19356312331414],[-101.46923972843592,32.1929640860453],[-101.46917472101399,32.19274938209339],[-101.46701179036955,32.18558393488756]]]},"properties":{"Surv_Name":"LOWE, O W","max_propensity_score":7.0,"top_operator":"SM ENERGY COMPANY","owner_count":182.0,"ABSTRACT_L":"A-1560","field_name":"Unknown","Surv_Sect":"24","permit_count":0.0,"DESC_":"T&P RR CO","Block":"33 T1S","pending_permit_count":0.0,"production_trend":null,"production_status":"pdp","pdp_well_count":5.0,"well_count":5.0,"STArea__":28011313.0807,"ABSTRACT_N":"1560","new_permit_count":0.0,"CODE":"1560","pud_well_count":0.0,"legal_desc":"T1S BLK 33 SEC 24 A-1560"}},{"type":"Feature","geometry":{"type":"Polygon","coordinates":[[[-101.46346528769756,32.23167076368231],[-101.47987494207099,32.227942566113505],[-101.4820701460319,32.23496142815828],[-101.48417942021739,32.24174494863026],[-101.47582659547523,32.24368829377895],[-101.46756047218464,32.245522492705156],[-101.46755575116651,32.24552353981796],[-101.46543384996406,32.23863658214615],[-101.46346528769756,32.23167076368231]]]},"properties":{"Surv_Name":"ANDERSON, J H","max_propensity_score":0.0,"top_operator":"","owner_count":0.0,"ABSTRACT_L":"A-1009","field_name":"Unknown","Surv_Sect":"6","permit_count":0.0,"DESC_":"T&P RR CO","Block":"32 T1S","pending_permit_count":0.0,"production_trend":null,"production_status":"pdp","pdp_well_count":13.0,"well_count":13.0,"STArea__":27578944.8799,"ABSTRACT_N":"1009","new_permit_count":0.0,"CODE":"1009","pud_well_count":0.0,"legal_desc":"T1S BLK 32 SEC 6 A-1009"}},{"type":"Feature","geometry":{"type":"Polygon","coordinates":[[[-101.50468246620309,32.222404787582775],[-101.51308351113818,32.22054863068454],[-101.51739090676321,32.23444588900312],[-101.50869444502804,32.236398420869286],[-101.50086585390426,32.238155679036005],[-101.50064463910549,32.23820453055347],[-101.49644300273006,32.22413173863655],[-101.50468246620309,32.222404787582775]]]},"properties":{"Surv_Name":"SOUTHER, W L","max_propensity_score":0.0,"top_operator":"","owner_count":0.0,"ABSTRACT_L":"A-1590","field_name":"Unknown","Surv_Sect":"2","permit_count":0.0,"DESC_":"T&P RR CO","Block":"33 T1S","pending_permit_count":0.0,"production_trend":null,"production_status":"pdp","pdp_well_count":7.0,"well_count":7.0,"STArea__":27977987.8117,"ABSTRACT_N":"1590","new_permit_count":0.0,"CODE":"1590","pud_well_count":0.0,"legal_desc":"T1S BLK 33 SEC 2 A-1590"}},{"type":"Feature","geometry":{"type":"Polygon","coordinates":[[[-101.56259749256819,32.209418143572854],[-101.5791993811458,32.205705113269715],[-101.57962679175435,32.20709000055723],[-101.5813594982191,32.21270382188612],[-101.58356195523068,32.219838547128575],[-101.56689481852534,32.22339187001922],[-101.56599992211457,32.220528487877665],[-101.5647135509109,32.21633325182107],[-101.56259749256819,32.209418143572854]]]},"properties":{"Surv_Name":"CAUBLE, G C","max_propensity_score":6.0,"top_operator":"JOHNSON OPERATING COMP","owner_count":60.0,"ABSTRACT_L":"A-1653","field_name":"Unknown","Surv_Sect":"6","permit_count":0.0,"DESC_":"T&P RR CO","Block":"33 T1S","pending_permit_count":0.0,"production_trend":null,"production_status":"pdp","pdp_well_count":21.0,"well_count":21.0,"STArea__":28086465.9265,"ABSTRACT_N":"1653","new_permit_count":0.0,"CODE":"1653","pud_well_count":0.0,"legal_desc":"T1S BLK 33 SEC 6 A-1653"}},{"type":"Feature","geometry":{"type":"Polygon","coordinates":[[[-101.43893813279644,32.26706073815011],[-101.45527077645069,32.26344982662406],[-101.45809730018405,32.27217247668585],[-101.45962501825721,32.276859531742296],[-101.45982318218586,32.277520320783644],[-101.45394679091423,32.27882742997431],[-101.45030721268412,32.27965471627414],[-101.44896772245622,32.27995368451021],[-101.44829515273165,32.28012094817815],[-101.44328323699939,32.281222866622464],[-101.44309528908794,32.28126418728909],[-101.4422231956921,32.27804885066054],[-101.44200716622018,32.27725224871637],[-101.44148782304286,32.27601503321244],[-101.4414389469501,32.275855421754834],[-101.43940756920335,32.26871175407845],[-101.43893813279644,32.26706073815011]]]},"properties":{"Surv_Name":"ZINN, J A JR","max_propensity_score":9.0,"top_operator":"SM ENERGY COMPANY","owner_count":159.0,"ABSTRACT_L":"A-711","field_name":"Unknown","Surv_Sect":"40","permit_count":0.0,"DESC_":"T&P RR CO","Block":"32 T1N","pending_permit_count":0.0,"production_trend":null,"production_status":"pdp","pdp_well_count":2.0,"well_count":2.0,"STArea__":28107010.0614,"ABSTRACT_N":"711","new_permit_count":0.0,"CODE":"711","pud_well_count":0.0,"legal_desc":"T1N BLK 32 SEC 40 A-711"}},{"type":"Feature","geometry":{"type":"Polygon","coordinates":[[[-101.41445739736314,32.302843646444245],[-101.43101268257296,32.299212634972825],[-101.43323362162337,32.30638610958156],[-101.43527035514842,32.313211007067316],[-101.41876425143016,32.31686011350596],[-101.41662016344546,32.309877136452336],[-101.41445739736314,32.302843646444245]]]},"properties":{"Surv_Name":"LUTTERLOH, T C","max_propensity_score":7.0,"top_operator":"SM ENERGY COMPANY","owner_count":70.0,"ABSTRACT_L":"A-1293","field_name":"Unknown","Surv_Sect":"26","permit_count":0.0,"DESC_":"T&P RR CO","Block":"32 T1N","pending_permit_count":0.0,"production_trend":null,"production_status":"pdp","pdp_well_count":11.0,"well_count":11.0,"STArea__":27808351.5272,"ABSTRACT_N":"1293","new_permit_count":0.0,"CODE":"1293","pud_well_count":0.0,"legal_desc":"T1N BLK 32 SEC 26 A-1293"}},{"type":"Feature","geometry":{"type":"Polygon","coordinates":[[[-101.42304620818281,32.33102308888923],[-101.43965562072817,32.32737372631918],[-101.44078259316504,32.33101241558357],[-101.44404439131746,32.341542146655044],[-101.4274360785603,32.34514141162186],[-101.42414396001158,32.33455401482886],[-101.42304620818281,32.33102308888923]]]},"properties":{"Surv_Name":"MC KINNEY, T J","max_propensity_score":8.0,"top_operator":"VITAL ENERGY, INC.","owner_count":210.0,"ABSTRACT_L":"A-1742","field_name":"Unknown","Surv_Sect":"14","permit_count":0.0,"DESC_":"T&P RR CO","Block":"32 T1N","pending_permit_count":0.0,"production_trend":null,"production_status":"pdp","pdp_well_count":7.0,"well_count":7.0,"STArea__":28182775.4259,"ABSTRACT_N":"1742","new_permit_count":0.0,"CODE":"1742","pud_well_count":0.0,"legal_desc":"T1N BLK 32 SEC 14 A-1742"}},{"type":"Feature","geometry":{"type":"Polygon","coordinates":[[[-101.28162975239023,32.30214791981116],[-101.28981354001834,32.30032533378066],[-101.29421383542692,32.31429456744995],[-101.28609805841913,32.31608272768388],[-101.27773073750372,32.31792567820807],[-101.27567864564978,32.31107233415491],[-101.27352326292949,32.30387286474642],[-101.28162975239023,32.30214791981116]]]},"properties":{"Surv_Name":"MC QUERRY, G L","max_propensity_score":0.0,"top_operator":"","owner_count":0.0,"ABSTRACT_L":"A-1442","field_name":"Unknown","Surv_Sect":"42","permit_count":0.0,"DESC_":"T&P RR CO","Block":"30 T1N","pending_permit_count":0.0,"production_trend":null,"production_status":"pdp","pdp_well_count":3.0,"well_count":3.0,"STArea__":27506003.321,"ABSTRACT_N":"1442","new_permit_count":0.0,"CODE":"1442","pud_well_count":0.0,"legal_desc":"T1N BLK 30 SEC 42 A-1442"}},{"type":"Feature","geometry":{"type":"Polygon","coordinates":[[[-101.31140474968635,32.34080641059912],[-101.3195832917775,32.338974204290075],[-101.32177281890874,32.34591782382618],[-101.32400464345038,32.353120629003946],[-101.30743095073632,32.35678316734182],[-101.30639479734243,32.35323191668803],[-101.30430586298586,32.34601460940925],[-101.30372037412891,32.34415864136778],[-101.30323739859578,32.34262756796707],[-101.3046333811206,32.34231159808099],[-101.30577853212861,32.34205707490673],[-101.31140474968635,32.34080641059912]]]},"properties":{"Surv_Name":"BILLINGSLEY, J C","max_propensity_score":6.0,"top_operator":"BAYSWATER OPERATING CO","owner_count":53.0,"ABSTRACT_L":"A-1516","field_name":"Unknown","Surv_Sect":"24","permit_count":0.0,"DESC_":"T&P RR CO","Block":"31 T1N","pending_permit_count":0.0,"production_trend":null,"production_status":"pdp","pdp_well_count":5.0,"well_count":5.0,"STArea__":27904820.0639,"ABSTRACT_N":"1516","new_permit_count":0.0,"CODE":"1516","pud_well_count":0.0,"legal_desc":"T1N BLK 31 SEC 24 A-1516"}},{"type":"Feature","geometry":{"type":"Polygon","coordinates":[[[-101.2523303845016,32.29344765875542],[-101.26912659927389,32.289774554052144],[-101.2712837813912,32.296179783714145],[-101.27352326292949,32.30387286474642],[-101.26942729203552,32.30478677116548],[-101.26466311368003,32.305879951433184],[-101.25676177595852,32.30759272705266],[-101.2523303845016,32.29344765875542]]]},"properties":{"Surv_Name":"DAVIS, J P","max_propensity_score":3.0,"top_operator":"EXTEX OPERATING COMPAN","owner_count":9.0,"ABSTRACT_L":"A-1715","field_name":"Unknown","Surv_Sect":"44","permit_count":0.0,"DESC_":"T&P RR CO","Block":"30 T1N","pending_permit_count":0.0,"production_trend":null,"production_status":"pdp","pdp_well_count":19.0,"well_count":19.0,"STArea__":28627739.4267,"ABSTRACT_N":"1715","new_permit_count":0.0,"CODE":"1715","pud_well_count":0.0,"legal_desc":"T1N BLK 30 SEC 44 A-1715"}},{"type":"Feature","geometry":{"type":"Polygon","coordinates":[[[-101.2275905660293,32.29890789946361],[-101.23576031608346,32.29709307439052],[-101.2401694316188,32.311183345729646],[-101.23162999327846,32.31303031953351],[-101.22382611925806,32.31471761714275],[-101.21948141303639,32.300708656722925],[-101.2275905660293,32.29890789946361]]]},"properties":{"Surv_Name":"FIELDS, D T","max_propensity_score":9.0,"top_operator":"WALSH & WATTS, INC.","owner_count":287.0,"ABSTRACT_L":"A-1270","field_name":"Unknown","Surv_Sect":"46","permit_count":0.0,"DESC_":"T&P RR CO","Block":"30 T1N","pending_permit_count":0.0,"production_trend":null,"production_status":"pdp","pdp_well_count":22.0,"well_count":22.0,"STArea__":27517807.1509,"ABSTRACT_N":"1270","new_permit_count":0.0,"CODE":"1270","pud_well_count":0.0,"legal_desc":"T1N BLK 30 SEC 46 A-1270"}},{"type":"Feature","geometry":{"type":"Polygon","coordinates":[[[-101.19953065396803,32.290107689948485],[-101.21508696153565,32.286729289122924],[-101.2172676041391,32.29366709217258],[-101.21948141303639,32.300708656722925],[-101.20376715685786,32.30419652124118],[-101.20162171022629,32.297062238175975],[-101.19953065396803,32.290107689948485]]]},"properties":{"Surv_Name":"DAVIS, J P","max_propensity_score":8.0,"top_operator":"SABINAL ENERGY OPERATI","owner_count":169.0,"ABSTRACT_L":"A-1724","field_name":"Unknown","Surv_Sect":"2","permit_count":0.0,"DESC_":"T&P RR CO","Block":"30 T1S","pending_permit_count":0.0,"production_trend":null,"production_status":"pdp","pdp_well_count":90.0,"well_count":90.0,"STArea__":26332829.5057,"ABSTRACT_N":"1724","new_permit_count":0.0,"CODE":"1724","pud_well_count":0.0,"legal_desc":"T1S BLK 30 SEC 2 A-1724"}},{"type":"Feature","geometry":{"type":"Polygon","coordinates":[[[-101.2075208113723,32.129612007996585],[-101.20810185971541,32.115127764748785],[-101.22482643738716,32.1157353325815],[-101.2244788885825,32.12306131023252],[-101.22414006679423,32.130202178990636],[-101.2153007191399,32.12988856155937],[-101.2075208113723,32.129612007996585]]]},"properties":{"Surv_Name":"CHALK, O","max_propensity_score":5.0,"top_operator":"WASH, ROBERT C. INC.","owner_count":28.0,"ABSTRACT_L":"A-1465","field_name":"Unknown","Surv_Sect":"116","permit_count":0.0,"DESC_":"W&NW RR CO","Block":"29","pending_permit_count":0.0,"production_trend":null,"production_status":"pdp","pdp_well_count":41.0,"well_count":41.0,"STArea__":27225932.8745,"ABSTRACT_N":"1465","new_permit_count":0.0,"CODE":"1465","pud_well_count":0.0,"legal_desc":"CHALK, O A-1465"}},{"type":"Feature","geometry":{"type":"Polygon","coordinates":[[[-101.25826466444411,32.11694325213945],[-101.25893842388797,32.10234817281779],[-101.27665944118922,32.103026823793265],[-101.2762152120526,32.11026253245465],[-101.27576639074343,32.11757185929304],[-101.26738696681113,32.11727120709047],[-101.25826466444411,32.11694325213945]]]},"properties":{"Surv_Name":"NUNN, MRS E P","max_propensity_score":5.0,"top_operator":"CITATION OIL & GAS COR","owner_count":34.0,"ABSTRACT_L":"A-1477","field_name":"Unknown","Surv_Sect":"124","permit_count":0.0,"DESC_":"W&NW RR CO","Block":"29","pending_permit_count":0.0,"production_trend":null,"production_status":"pdp","pdp_well_count":190.0,"well_count":190.0,"STArea__":28964263.6917,"ABSTRACT_N":"1477","new_permit_count":0.0,"CODE":"1477","pud_well_count":0.0,"legal_desc":"NUNN, MRS E P A-1477"}},{"type":"Feature","geometry":{"type":"Polygon","coordinates":[[[-101.27665944118922,32.103026823793265],[-101.2775501431583,32.088515336213646],[-101.28602759145282,32.08883495061485],[-101.29417825016218,32.08914169252453],[-101.29345628431824,32.103667723449966],[-101.28536098688303,32.10335912598387],[-101.27665944118922,32.103026823793265]]]},"properties":{"Surv_Name":"HOOKS, A J","max_propensity_score":6.0,"top_operator":"BOYD & MCWILLIAMS ENER","owner_count":243.0,"ABSTRACT_L":"A-1597","field_name":"Unknown","Surv_Sect":"140","permit_count":0.0,"DESC_":"W&NW RR CO","Block":"29","pending_permit_count":0.0,"production_trend":null,"production_status":"pdp","pdp_well_count":125.0,"well_count":125.0,"STArea__":27396446.6991,"ABSTRACT_N":"1597","new_permit_count":0.0,"CODE":"1597","pud_well_count":0.0,"legal_desc":"HOOKS, A J A-1597"}},{"type":"Feature","geometry":{"type":"Polygon","coordinates":[[[-101.18322735152292,32.121525810440495],[-101.18338713890995,32.11422576904663],[-101.19078312060331,32.114496215817006],[-101.19040944358403,32.12172677982398],[-101.19003409000851,32.128988609493724],[-101.18301351875601,32.12873762754794],[-101.18322735152292,32.121525810440495]]]},"properties":{"Surv_Name":"HARRAL, W R JR","max_propensity_score":0.0,"top_operator":"","owner_count":0.0,"ABSTRACT_L":"A-1596","field_name":"Unknown","Surv_Sect":"118","permit_count":0.0,"DESC_":"W&NW RR CO","Block":"29","pending_permit_count":0.0,"production_trend":null,"production_status":"pdp","pdp_well_count":3.0,"well_count":3.0,"STArea__":11768158.997,"ABSTRACT_N":"1596","new_permit_count":0.0,"CODE":"1596","pud_well_count":0.0,"legal_desc":"HARRAL, W R JR A-1596"}},{"type":"Feature","geometry":{"type":"Polygon","coordinates":[[[-101.2088246421997,32.48138116910976],[-101.20905269981898,32.48119392046192],[-101.22637065806006,32.48167460893707],[-101.22581257009335,32.4962301509551],[-101.223838181402,32.496266290771345],[-101.20851710045467,32.49589904871887],[-101.20868732328383,32.488965767778396],[-101.2088246421997,32.48138116910976]]]},"properties":{"Surv_Name":"SULLIVAN, J H","max_propensity_score":0.0,"top_operator":"","owner_count":0.0,"ABSTRACT_L":"A-1447","field_name":"Unknown","Surv_Sect":"6","permit_count":0.0,"DESC_":"H&TC RR CO","Block":"25","pending_permit_count":0.0,"production_trend":null,"production_status":"pdp","pdp_well_count":26.0,"well_count":26.0,"STArea__":28662455.0727,"ABSTRACT_N":"1447","new_permit_count":0.0,"CODE":"1447","pud_well_count":0.0,"legal_desc":"SULLIVAN, J H A-1447"}},{"type":"Feature","geometry":{"type":"Polygon","coordinates":[[[-101.32770803151055,32.50611651424555],[-101.32789976675315,32.49884620973362],[-101.3447885833325,32.499172590463836],[-101.34455136558444,32.506504688845034],[-101.34433386494024,32.51394098891915],[-101.32751410103043,32.5134688734888],[-101.32770803151055,32.50611651424555]]]},"properties":{"Surv_Name":"HOLLER, H","max_propensity_score":7.0,"top_operator":"SURGE OPERATING, LLC","owner_count":236.0,"ABSTRACT_L":"A-1700","field_name":"Unknown","Surv_Sect":"18","permit_count":0.0,"DESC_":"H&TC RR CO","Block":"27","pending_permit_count":0.0,"production_trend":null,"production_status":"pdp","pdp_well_count":18.0,"well_count":18.0,"STArea__":27787063.7353,"ABSTRACT_N":"1700","new_permit_count":0.0,"CODE":"1700","pud_well_count":0.0,"legal_desc":"HOLLER, H A-1700"}},{"type":"Feature","geometry":{"type":"Polygon","coordinates":[[[-101.26038680407461,32.47524860003252],[-101.26062111963398,32.467849111196536],[-101.27798351808471,32.46833064016117],[-101.27753382662169,32.47550557177139],[-101.2774767169255,32.4827662153136],[-101.27746708571676,32.48304097239609],[-101.27050198660768,32.482890912023194],[-101.26015487559637,32.48256835786916],[-101.26038680407461,32.47524860003252]]]},"properties":{"Surv_Name":"MARCHBANKS, R P","max_propensity_score":0.0,"top_operator":"","owner_count":0.0,"ABSTRACT_L":"A-1649","field_name":"Unknown","Surv_Sect":"14","permit_count":0.0,"DESC_":"H&TC RR CO","Block":"25","pending_permit_count":0.0,"production_trend":null,"production_status":"pdp","pdp_well_count":9.0,"well_count":9.0,"STArea__":28525906.4358,"ABSTRACT_N":"1649","new_permit_count":0.0,"CODE":"1649","pud_well_count":0.0,"legal_desc":"MARCHBANKS, R P A-1649"}},{"type":"Feature","geometry":{"type":"Polygon","coordinates":[[[-101.22637065806006,32.48167460893707],[-101.22668239860994,32.46690804976888],[-101.22691565868146,32.46690607061362],[-101.2353331385945,32.4671500329173],[-101.23684863065657,32.46726271545813],[-101.23744065234327,32.46727532237018],[-101.23873904699279,32.46730296167532],[-101.23966707660321,32.46732270824662],[-101.24381596652142,32.46741090393644],[-101.2435833394501,32.474700247166425],[-101.24325185617074,32.482158536279364],[-101.22637065806006,32.48167460893707]]]},"properties":{"Surv_Name":"BROWN, M N","max_propensity_score":8.0,"top_operator":"AUTUMN ENERGY OPERATIN","owner_count":18.0,"ABSTRACT_L":"A-1713","field_name":"Unknown","Surv_Sect":"10","permit_count":0.0,"DESC_":"H&TC RR CO","Block":"25","pending_permit_count":0.0,"production_trend":null,"production_status":"pdp","pdp_well_count":10.0,"well_count":10.0,"STArea__":28204445.6016,"ABSTRACT_N":"1713","new_permit_count":0.0,"CODE":"1713","pud_well_count":0.0,"legal_desc":"BROWN, M N A-1713"}},{"type":"Feature","geometry":{"type":"Polygon","coordinates":[[[-101.24521624449945,32.42665572498638],[-101.24537409483038,32.422967965326244],[-101.24952229425845,32.42313044820994],[-101.24992394831501,32.423138209748615],[-101.24999711955,32.42313966198543],[-101.25112872329865,32.423162299928755],[-101.26242556482717,32.42338570156049],[-101.26215712027991,32.427368716686395],[-101.26188901110123,32.43457938360707],[-101.26174252359122,32.43847809193003],[-101.24486355275545,32.4380006039353],[-101.24499067322893,32.43391189923204],[-101.24521624449945,32.42665572498638]]]},"properties":{"Surv_Name":"ROBERTS, E J / PLANT, G S","max_propensity_score":0.0,"top_operator":"","owner_count":0.0,"ABSTRACT_L":"A-1727","field_name":"Unknown","Surv_Sect":"34","permit_count":0.0,"DESC_":"H&TC RR CO","Block":"27","pending_permit_count":0.0,"production_trend":null,"production_status":"pdp","pdp_well_count":4.0,"well_count":4.0,"STArea__":28608601.846,"ABSTRACT_N":"1727","new_permit_count":0.0,"CODE":"1727","pud_well_count":0.0,"legal_desc":"ROBERTS, E J / PLANT, G S A-1727"}},{"type":"Feature","geometry":{"type":"Polygon","coordinates":[[[-101.27145733197875,32.40926153293067],[-101.2725808556873,32.40902044978285],[-101.27986251369502,32.40921066403139],[-101.27933061312866,32.42387893294637],[-101.27100899643108,32.423591633745225],[-101.26242557892671,32.42338557314312],[-101.26288446809247,32.41110069971878],[-101.27107067746147,32.40934449796509],[-101.27145733197875,32.40926153293067]]]},"properties":{"Surv_Name":"KINCANNON, G E","max_propensity_score":8.0,"top_operator":"HIGHPEAK ENERGY HOLDIN","owner_count":210.0,"ABSTRACT_L":"A-1624","field_name":"Unknown","Surv_Sect":"46","permit_count":0.0,"DESC_":"H&TC RR CO","Block":"27","pending_permit_count":0.0,"production_trend":null,"production_status":"pdp","pdp_well_count":1.0,"well_count":1.0,"STArea__":26504166.3508,"ABSTRACT_N":"1624","new_permit_count":0.0,"CODE":"1624","pud_well_count":0.0,"legal_desc":"KINCANNON, G E A-1624"}},{"type":"Feature","geometry":{"type":"Polygon","coordinates":[[[-101.37366163589867,32.37212113944676],[-101.38192037401407,32.37029032979981],[-101.38459758571858,32.37906937724019],[-101.38621959082457,32.384388473985695],[-101.37798898758874,32.386264755720724],[-101.36969793134698,32.388159658219635],[-101.36847289136382,32.38447524926782],[-101.36838290813289,32.38417502478329],[-101.36673693070678,32.378682946055854],[-101.36530698205534,32.3739111150426],[-101.37366163589867,32.37212113944676]]]},"properties":{"Surv_Name":"LOGAN, D M","max_propensity_score":8.0,"top_operator":"OVINTIV USA INC.","owner_count":510.0,"ABSTRACT_L":"A-1574","field_name":"Unknown","Surv_Sect":"4","permit_count":0.0,"DESC_":"T&P RR CO","Block":"31 T1N","pending_permit_count":0.0,"production_trend":null,"production_status":"pdp","pdp_well_count":19.0,"well_count":19.0,"STArea__":28216964.8123,"ABSTRACT_N":"1574","new_permit_count":0.0,"CODE":"1574","pud_well_count":0.0,"legal_desc":"T1N BLK 31 SEC 4 A-1574"}},{"type":"Feature","geometry":{"type":"Polygon","coordinates":[[[-101.4189962908584,32.34694348865767],[-101.4274360785603,32.34514141162186],[-101.43186446921176,32.35949342279184],[-101.42341414452221,32.36134275891745],[-101.41526883100607,32.36312472584412],[-101.41306904951396,32.35601039246286],[-101.41082431317251,32.34875200237605],[-101.41696831112341,32.34739235168672],[-101.4189962908584,32.34694348865767]]]},"properties":{"Surv_Name":"MC QUIGG, J Y","max_propensity_score":6.0,"top_operator":"VITAL ENERGY, INC.","owner_count":40.0,"ABSTRACT_L":"A-1750","field_name":"Unknown","Surv_Sect":"12","permit_count":0.0,"DESC_":"T&P RR CO","Block":"32 T1N","pending_permit_count":0.0,"production_trend":null,"production_status":"pdp","pdp_well_count":18.0,"well_count":18.0,"STArea__":28625059.0788,"ABSTRACT_N":"1750","new_permit_count":0.0,"CODE":"1750","pud_well_count":0.0,"legal_desc":"T1N BLK 32 SEC 12 A-1750"}},{"type":"Feature","geometry":{"type":"Polygon","coordinates":[[[-101.37766121784435,32.356297912316386],[-101.39430207235272,32.35246198949584],[-101.39633639153027,32.3596503471168],[-101.39853775805226,32.366783405322806],[-101.39444961462623,32.3675886878274],[-101.3903692677523,32.36846795076261],[-101.39030638869409,32.36848149656774],[-101.38763122160032,32.369057866233874],[-101.3876308848272,32.36905793814537],[-101.38709032578335,32.369174395073486],[-101.38709024242301,32.369174414159275],[-101.3861631109251,32.36937414338403],[-101.38607582701485,32.36939294649809],[-101.38607536040354,32.36939304669368],[-101.38548040972182,32.36952121556499],[-101.3833502243315,32.36998010942217],[-101.38314162669037,32.370025044117014],[-101.38211121585783,32.370246969975554],[-101.38210884058803,32.370247481784766],[-101.38201975505677,32.37026667038602],[-101.38192037401407,32.37029032979981],[-101.38172199768104,32.36964420690928],[-101.38172195129964,32.36964405462231],[-101.37976049447478,32.363268019651194],[-101.37766121784435,32.356297912316386]]]},"properties":{"Surv_Name":"WOODALL, A","max_propensity_score":3.0,"top_operator":"OVINTIV USA INC.","owner_count":3.0,"ABSTRACT_L":"A-1582","field_name":"Unknown","Surv_Sect":"8","permit_count":0.0,"DESC_":"T&P RR CO","Block":"31 T1N","pending_permit_count":0.0,"production_trend":null,"production_status":"pdp","pdp_well_count":7.0,"well_count":7.0,"STArea__":28085196.4592,"ABSTRACT_N":"1582","new_permit_count":0.0,"CODE":"1582","pud_well_count":0.0,"legal_desc":"T1N BLK 31 SEC 8 A-1582"}},{"type":"Feature","geometry":{"type":"Polygon","coordinates":[[[-101.40692909783274,32.36491774882719],[-101.41526883100607,32.36312472584412],[-101.4196002537758,32.37712753614345],[-101.4112684877394,32.378929385130895],[-101.40297543976469,32.38071678888698],[-101.40281845027975,32.380750608607435],[-101.40142562232165,32.376214684458304],[-101.40069595674237,32.37382827161682],[-101.40005603121456,32.37170479472743],[-101.3994449870822,32.369746486088],[-101.39853775805226,32.366783405322806],[-101.39869441217436,32.36674858163258],[-101.40692909783274,32.36491774882719]]]},"properties":{"Surv_Name":"EDENS, B A","max_propensity_score":10.0,"top_operator":"SM ENERGY COMPANY","owner_count":384.0,"ABSTRACT_L":"A-1699","field_name":"Unknown","Surv_Sect":"6","permit_count":0.0,"DESC_":"T&P RR CO","Block":"31 T1N","pending_permit_count":0.0,"production_trend":null,"production_status":"pdp","pdp_well_count":15.0,"well_count":15.0,"STArea__":28112736.8888,"ABSTRACT_N":"1699","new_permit_count":0.0,"CODE":"1699","pud_well_count":0.0,"legal_desc":"T1N BLK 31 SEC 6 A-1699"}},{"type":"Feature","geometry":{"type":"Polygon","coordinates":[[[-101.37403452664704,32.40219009882932],[-101.39067618098368,32.39842930825513],[-101.39278267883648,32.40536343962116],[-101.39496697426468,32.41257429012184],[-101.38693332924767,32.4143416115374],[-101.37834904312516,32.41622941564816],[-101.37403452664704,32.40219009882932]]]},"properties":{"Surv_Name":"STEWART, W M","max_propensity_score":5.0,"top_operator":"OVINTIV USA INC.","owner_count":44.0,"ABSTRACT_L":"A-1197","field_name":"Unknown","Surv_Sect":"32","permit_count":0.0,"DESC_":"T&P RR CO","Block":"31 T2N","pending_permit_count":0.0,"production_trend":null,"production_status":"pdp","pdp_well_count":4.0,"well_count":4.0,"STArea__":28105536.4136,"ABSTRACT_N":"1197","new_permit_count":0.0,"CODE":"1197","pud_well_count":0.0,"legal_desc":"T2N BLK 31 SEC 32 A-1197"}},{"type":"Feature","geometry":{"type":"Polygon","coordinates":[[[-101.4115121817938,32.438499054496766],[-101.41991801901645,32.43674805101832],[-101.42195965265033,32.44376923733008],[-101.42399658377241,32.450773115049444],[-101.41568142711573,32.452561861711786],[-101.40745805511612,32.45433024366537],[-101.40327779774204,32.44022589655692],[-101.4115121817938,32.438499054496766]]]},"properties":{"Surv_Name":"FAY, J N","max_propensity_score":10.0,"top_operator":"SM ENERGY COMPANY","owner_count":309.0,"ABSTRACT_L":"A-1468","field_name":"Unknown","Surv_Sect":"18","permit_count":0.0,"DESC_":"T&P RR CO","Block":"31 T2N","pending_permit_count":0.0,"production_trend":null,"production_status":"none","pdp_well_count":0.0,"well_count":0.0,"STArea__":27821261.9468,"ABSTRACT_N":"1468","new_permit_count":0.0,"CODE":"1468","pud_well_count":0.0,"legal_desc":"T2N BLK 31 SEC 18 A-1468"}},{"type":"Feature","geometry":{"type":"Polygon","coordinates":[[[-101.42373044684975,32.421084186119145],[-101.43238905156676,32.41917503793461],[-101.43649834984085,32.43326561242931],[-101.42781830472607,32.43509502624252],[-101.41991801901645,32.43674805101832],[-101.41574344299515,32.42284765901946],[-101.42373044684975,32.421084186119145]]]},"properties":{"Surv_Name":"KAASE, A","max_propensity_score":0.0,"top_operator":"","owner_count":0.0,"ABSTRACT_L":"A-1542","field_name":"Unknown","Surv_Sect":"26","permit_count":0.0,"DESC_":"T&P RR CO","Block":"31 T2N","pending_permit_count":0.0,"production_trend":null,"production_status":"pdp","pdp_well_count":9.0,"well_count":9.0,"STArea__":27769060.8749,"ABSTRACT_N":"1542","new_permit_count":0.0,"CODE":"1542","pud_well_count":0.0,"legal_desc":"T2N BLK 31 SEC 26 A-1542"}},{"type":"Feature","geometry":{"type":"Polygon","coordinates":[[[-101.47784049190302,32.424386694666104],[-101.48585886558007,32.42262270317028],[-101.48799956670341,32.42969846690448],[-101.4897153777038,32.43529341441092],[-101.4901247027334,32.436593207061755],[-101.48209661385114,32.43830398753249],[-101.47370515258731,32.44010903481951],[-101.46948315142293,32.42629176080025],[-101.47784049190302,32.424386694666104]]]},"properties":{"Surv_Name":"MORRIS, W R","max_propensity_score":0.0,"top_operator":"","owner_count":0.0,"ABSTRACT_L":"A-1702","field_name":"Unknown","Surv_Sect":"22","permit_count":0.0,"DESC_":"T&P RR CO","Block":"32 T2N","pending_permit_count":0.0,"production_trend":null,"production_status":"pdp","pdp_well_count":12.0,"well_count":12.0,"STArea__":27287304.2695,"ABSTRACT_N":"1702","new_permit_count":0.0,"CODE":"1702","pud_well_count":0.0,"legal_desc":"T2N BLK 32 SEC 22 A-1702"}},{"type":"Feature","geometry":{"type":"Polygon","coordinates":[[[-101.44476169995113,32.43153334064753],[-101.45312065818153,32.42977229975991],[-101.45720635126663,32.443699602760695],[-101.44886033969998,32.44546769800604],[-101.4406330639915,32.44719526898077],[-101.43649834984085,32.43326561242931],[-101.44476169995113,32.43153334064753]]]},"properties":{"Surv_Name":"HECKLER, J F","max_propensity_score":9.0,"top_operator":"SM ENERGY COMPANY","owner_count":298.0,"ABSTRACT_L":"A-1632","field_name":"Unknown","Surv_Sect":"24","permit_count":0.0,"DESC_":"T&P RR CO","Block":"32 T2N","pending_permit_count":0.0,"production_trend":null,"production_status":"pdp","pdp_well_count":2.0,"well_count":2.0,"STArea__":27562204.5586,"ABSTRACT_N":"1632","new_permit_count":0.0,"CODE":"1632","pud_well_count":0.0,"legal_desc":"T2N BLK 32 SEC 24 A-1632"}},{"type":"Feature","geometry":{"type":"Polygon","coordinates":[[[-101.42399658377241,32.450773115049444],[-101.4406330639915,32.44719526898077],[-101.44267734551812,32.4543413678071],[-101.44465230442428,32.46124401882164],[-101.42810478032857,32.46489547873368],[-101.42607464192551,32.45791723871007],[-101.42399658377241,32.450773115049444]]]},"properties":{"Surv_Name":"REED, W M","max_propensity_score":0.0,"top_operator":"","owner_count":0.0,"ABSTRACT_L":"A-1722","field_name":"Unknown","Surv_Sect":"16","permit_count":0.0,"DESC_":"T&P RR CO","Block":"31 T2N","pending_permit_count":0.0,"production_trend":null,"production_status":"none","pdp_well_count":0.0,"well_count":0.0,"STArea__":27873578.517,"ABSTRACT_N":"1722","new_permit_count":0.0,"CODE":"1722","pud_well_count":0.0,"legal_desc":"T2N BLK 31 SEC 16 A-1722"}},{"type":"Feature","geometry":{"type":"Polygon","coordinates":[[[-101.46011614389148,32.45822727941122],[-101.46130690820625,32.45797166215313],[-101.46242634889077,32.461443120567374],[-101.46283263890037,32.46276872537916],[-101.46294536497358,32.463136512560155],[-101.46336021922507,32.464869128623434],[-101.46521047628244,32.470886038494584],[-101.46534408030952,32.47131924674607],[-101.44893398436787,32.47548362330379],[-101.44681320707453,32.46843100352725],[-101.44465230442428,32.46124401882164],[-101.45244585279852,32.459873525180235],[-101.46011614389148,32.45822727941122]]]},"properties":{"Surv_Name":"BURKETT, S T","max_propensity_score":0.0,"top_operator":"","owner_count":0.0,"ABSTRACT_L":"A-1698","field_name":"Unknown","Surv_Sect":"12","permit_count":0.0,"DESC_":"T&P RR CO","Block":"32 T2N","pending_permit_count":0.0,"production_trend":null,"production_status":"pdp","pdp_well_count":10.0,"well_count":10.0,"STArea__":27191363.475,"ABSTRACT_N":"1698","new_permit_count":0.0,"CODE":"1698","pud_well_count":0.0,"legal_desc":"T2N BLK 32 SEC 12 A-1698"}},{"type":"Feature","geometry":{"type":"Polygon","coordinates":[[[-101.46541067847112,32.44188410724407],[-101.47370515258731,32.44010903481951],[-101.47787638411926,32.45442504773763],[-101.46130690820625,32.45797166215313],[-101.45940410501466,32.450857263924526],[-101.45831426306216,32.44720094955641],[-101.45720635126663,32.443699602760695],[-101.46541067847112,32.44188410724407]]]},"properties":{"Surv_Name":"HAHN, T L","max_propensity_score":9.0,"top_operator":"VITAL ENERGY, INC.","owner_count":1286.0,"ABSTRACT_L":"A-1571","field_name":"Unknown","Surv_Sect":"14","permit_count":0.0,"DESC_":"T&P RR CO","Block":"32 T2N","pending_permit_count":0.0,"production_trend":null,"production_status":"pdp","pdp_well_count":12.0,"well_count":12.0,"STArea__":28080650.7434,"ABSTRACT_N":"1571","new_permit_count":0.0,"CODE":"1571","pud_well_count":0.0,"legal_desc":"T2N BLK 32 SEC 14 A-1571"}},{"type":"Feature","geometry":{"type":"Polygon","coordinates":[[[-101.47787638411926,32.45442504773763],[-101.49444344533602,32.45083378653891],[-101.49450772276026,32.451045780571214],[-101.4961733912996,32.45653890944652],[-101.49818913346265,32.46315400716109],[-101.4901732167862,32.465094961605686],[-101.48179782450221,32.467324481566266],[-101.47787638411926,32.45442504773763]]]},"properties":{"Surv_Name":"MC WHORTER, S","max_propensity_score":0.0,"top_operator":"","owner_count":0.0,"ABSTRACT_L":"A-1693","field_name":"Unknown","Surv_Sect":"10","permit_count":0.0,"DESC_":"T&P RR CO","Block":"32 T2N","pending_permit_count":0.0,"production_trend":null,"production_status":"pdp","pdp_well_count":10.0,"well_count":10.0,"STArea__":24892725.5419,"ABSTRACT_N":"1693","new_permit_count":0.0,"CODE":"1693","pud_well_count":0.0,"legal_desc":"T2N BLK 32 SEC 10 A-1693"}},{"type":"Feature","geometry":{"type":"Polygon","coordinates":[[[-101.49027173323059,32.40680427217206],[-101.49854363157613,32.405005059423196],[-101.5023414071936,32.41721723194273],[-101.5028627146005,32.41892062406465],[-101.49445616048976,32.42077130655845],[-101.48585886558007,32.42262270317028],[-101.48166956874782,32.40864511393829],[-101.49027173323059,32.40680427217206]]]},"properties":{"Surv_Name":"LOVLACE, T R","max_propensity_score":6.0,"top_operator":"SURGE OPERATING, LLC","owner_count":32.0,"ABSTRACT_L":"A-1737","field_name":"Unknown","Surv_Sect":"28","permit_count":0.0,"DESC_":"T&P RR CO","Block":"32 T2N","pending_permit_count":0.0,"production_trend":null,"production_status":"pdp","pdp_well_count":14.0,"well_count":14.0,"STArea__":28286692.851,"ABSTRACT_N":"1737","new_permit_count":0.0,"CODE":"1737","pud_well_count":0.0,"legal_desc":"T2N BLK 32 SEC 28 A-1737"}},{"type":"Feature","geometry":{"type":"Polygon","coordinates":[[[-101.52111164176122,32.39774210118651],[-101.53093614778176,32.39542126327741],[-101.53142711478657,32.39703511784273],[-101.53517233783568,32.40931335549185],[-101.52547514833407,32.411648141283024],[-101.51852295599315,32.41332230110506],[-101.51481660551094,32.40101295421656],[-101.51431549595841,32.399348426263046],[-101.52111164176122,32.39774210118651]]]},"properties":{"Surv_Name":"SOASH, W P","max_propensity_score":5.0,"top_operator":"SURGE OPERATING, LLC","owner_count":9.0,"ABSTRACT_L":"A-1564","field_name":"Unknown","Surv_Sect":"30","permit_count":0.0,"DESC_":"T&P RR CO","Block":"32 T2N","pending_permit_count":0.0,"production_trend":null,"production_status":"pdp","pdp_well_count":20.0,"well_count":20.0,"STArea__":27904013.6369,"ABSTRACT_N":"1564","new_permit_count":0.0,"CODE":"1564","pud_well_count":0.0,"legal_desc":"T2N BLK 32 SEC 30 A-1564"}},{"type":"Feature","geometry":{"type":"Polygon","coordinates":[[[-101.38263150810415,32.520726709529654],[-101.3909674093052,32.51881324169228],[-101.39286066588026,32.524593667206176],[-101.38396049573672,32.52455954375239],[-101.37540501830645,32.524527771010455],[-101.37497401852211,32.524435771478416],[-101.37442272874425,32.52261036948663],[-101.38263150810415,32.520726709529654]]]},"properties":{"Surv_Name":"HULL, J G","max_propensity_score":0.0,"top_operator":"","owner_count":0.0,"ABSTRACT_L":"A-1541","field_name":"Unknown","Surv_Sect":"38","permit_count":0.0,"DESC_":"T&P RR CO","Block":"31 T3N","pending_permit_count":0.0,"production_trend":null,"production_status":"none","pdp_well_count":0.0,"well_count":0.0,"STArea__":7678141.81455,"ABSTRACT_N":"1541","new_permit_count":0.0,"CODE":"1541","pud_well_count":0.0,"legal_desc":"T3N BLK 31 SEC 38 A-1541"}},{"type":"Feature","geometry":{"type":"Polygon","coordinates":[[[-101.49818913346265,32.46315400716109],[-101.51495780927127,32.45909954787651],[-101.51916694229568,32.47330235956899],[-101.51102350112392,32.47526877239379],[-101.50262675271173,32.477336820347595],[-101.50045437153949,32.47038085232719],[-101.49818913346265,32.46315400716109]]]},"properties":{"Surv_Name":"MC WHORTER, T M","max_propensity_score":0.0,"top_operator":"","owner_count":0.0,"ABSTRACT_L":"A-1721","field_name":"Unknown","Surv_Sect":"4","permit_count":0.0,"DESC_":"T&P RR CO","Block":"32 T2N","pending_permit_count":0.0,"production_trend":null,"production_status":"pdp","pdp_well_count":23.0,"well_count":23.0,"STArea__":28460476.7259,"ABSTRACT_N":"1721","new_permit_count":0.0,"CODE":"1721","pud_well_count":0.0,"legal_desc":"T2N BLK 32 SEC 4 A-1721"}},{"type":"Feature","geometry":{"type":"Polygon","coordinates":[[[-101.52713433057643,32.47137785764155],[-101.53543619018104,32.469371931581975],[-101.540087284467,32.48320078346197],[-101.54014318564407,32.483358763001554],[-101.53920551634393,32.48358967915294],[-101.53183535963488,32.48540073748911],[-101.52388673732544,32.48733778678593],[-101.51916694229568,32.47330235956899],[-101.52713433057643,32.47137785764155]]]},"properties":{"Surv_Name":"MORRIS, W R","max_propensity_score":0.0,"top_operator":"","owner_count":0.0,"ABSTRACT_L":"A-1455","field_name":"Unknown","Surv_Sect":"44","permit_count":0.0,"DESC_":"T&P RR CO","Block":"32 T3N","pending_permit_count":0.0,"production_trend":null,"production_status":"pdp","pdp_well_count":17.0,"well_count":17.0,"STArea__":27659460.8843,"ABSTRACT_N":"1455","new_permit_count":0.0,"CODE":"1455","pud_well_count":0.0,"legal_desc":"T3N BLK 32 SEC 44 A-1455"}},{"type":"Feature","geometry":{"type":"Polygon","coordinates":[[[-101.58688623480171,32.42911168063812],[-101.59602002555667,32.42720602307287],[-101.60052881117976,32.44098543476769],[-101.59935650634584,32.44132769342568],[-101.59123364176774,32.442985545268854],[-101.58254888353156,32.44475742047229],[-101.57825676408791,32.43089966309707],[-101.58688623480171,32.42911168063812]]]},"properties":{"Surv_Name":"SMITH, D L","max_propensity_score":8.0,"top_operator":"OXYROCK OPERATING, LLC","owner_count":323.0,"ABSTRACT_L":"A-1709","field_name":"Unknown","Surv_Sect":"10","permit_count":0.0,"DESC_":"T&P RR CO","Block":"33 T2N","pending_permit_count":0.0,"production_trend":null,"production_status":"pdp","pdp_well_count":20.0,"well_count":20.0,"STArea__":29653369.9915,"ABSTRACT_N":"1709","new_permit_count":0.0,"CODE":"1709","pud_well_count":0.0,"legal_desc":"T2N BLK 33 SEC 10 A-1709"}},{"type":"Feature","geometry":{"type":"Polygon","coordinates":[[[-101.64205814792969,32.432247910618266],[-101.65020005254794,32.43054587684194],[-101.6545853229185,32.4445198674267],[-101.64647960943942,32.44622256385976],[-101.63799577556307,32.44792843093981],[-101.63578860771848,32.44111034040254],[-101.63352952063428,32.4339975391081],[-101.64205814792969,32.432247910618266]]]},"properties":{"Surv_Name":"THIXTON, J F","max_propensity_score":6.0,"top_operator":"DIAMONDBACK E&P LLC","owner_count":158.0,"ABSTRACT_L":"A-1678","field_name":"Unknown","Surv_Sect":"6","permit_count":0.0,"DESC_":"T&P RR CO","Block":"33 T2N","pending_permit_count":0.0,"production_trend":null,"production_status":"pdp","pdp_well_count":44.0,"well_count":44.0,"STArea__":27781717.9817,"ABSTRACT_N":"1678","new_permit_count":0.0,"CODE":"1678","pud_well_count":0.0,"legal_desc":"T2N BLK 33 SEC 6 A-1678"}},{"type":"Feature","geometry":{"type":"Polygon","coordinates":[[[-101.6331943111771,32.4044008114689],[-101.64137605944308,32.402588175107454],[-101.64571408751475,32.416511307723106],[-101.63765668451327,32.41822799056417],[-101.6293027931218,32.4199575174952],[-101.62890392406055,32.42004766154766],[-101.62663955243843,32.41317396403434],[-101.62449812152889,32.40642229862983],[-101.6246858821528,32.40637867228064],[-101.6331943111771,32.4044008114689]]]},"properties":{"Surv_Name":"SIMMONS, G J","max_propensity_score":7.0,"top_operator":"BIRCH OPERATIONS, INC.","owner_count":2953.0,"ABSTRACT_L":"A-1683","field_name":"Unknown","Surv_Sect":"18","permit_count":0.0,"DESC_":"T&P RR CO","Block":"33 T2N","pending_permit_count":0.0,"production_trend":null,"production_status":"pdp","pdp_well_count":24.0,"well_count":24.0,"STArea__":27949404.1383,"ABSTRACT_N":"1683","new_permit_count":0.0,"CODE":"1683","pud_well_count":0.0,"legal_desc":"T2N BLK 33 SEC 18 A-1683"}},{"type":"Feature","geometry":{"type":"Polygon","coordinates":[[[-101.67512638306493,32.42486448655737],[-101.68331282075053,32.422987599883555],[-101.68558515174267,32.43017043196319],[-101.68778480071227,32.43705293064021],[-101.67141440657926,32.44077233238722],[-101.66920583445331,32.43389301544436],[-101.66693354172058,32.426758469738495],[-101.67512638306493,32.42486448655737]]]},"properties":{"Surv_Name":"BAKER, J M","max_propensity_score":7.0,"top_operator":"DIAMONDBACK E&P LLC","owner_count":90.0,"ABSTRACT_L":"A-1459","field_name":"Unknown","Surv_Sect":"2","permit_count":0.0,"DESC_":"T&P RR CO","Block":"34 T2N","pending_permit_count":0.0,"production_trend":null,"production_status":"pdp","pdp_well_count":13.0,"well_count":13.0,"STArea__":27691829.4196,"ABSTRACT_N":"1459","new_permit_count":0.0,"CODE":"1459","pud_well_count":0.0,"legal_desc":"T2N BLK 34 SEC 2 A-1459"}},{"type":"Feature","geometry":{"type":"Polygon","coordinates":[[[-101.66329632041867,32.44261432079202],[-101.67141440657926,32.44077233238722],[-101.6762036279331,32.45489061748831],[-101.66766023975882,32.4567791107602],[-101.65923858072098,32.45866895103124],[-101.65703491127651,32.45195075843328],[-101.6545853229185,32.4445198674267],[-101.66329632041867,32.44261432079202]]]},"properties":{"Surv_Name":"BAILEY, E B","max_propensity_score":7.0,"top_operator":"DIAMONDBACK E&P LLC","owner_count":388.0,"ABSTRACT_L":"A-1692","field_name":"Unknown","Surv_Sect":"48","permit_count":0.0,"DESC_":"T&P RR CO","Block":"34 T3N","pending_permit_count":0.0,"production_trend":null,"production_status":"pdp","pdp_well_count":5.0,"well_count":5.0,"STArea__":28743704.0204,"ABSTRACT_N":"1692","new_permit_count":0.0,"CODE":"1692","pud_well_count":0.0,"legal_desc":"T3N BLK 34 SEC 48 A-1692"}},{"type":"Feature","geometry":{"type":"Polygon","coordinates":[[[-101.60307515659085,32.36654711954331],[-101.61120649494633,32.36471378472938],[-101.61581524712513,32.37869458433023],[-101.6074117127732,32.38059506026076],[-101.59920191663218,32.38245843092457],[-101.59697102063151,32.375388690980465],[-101.59476521449623,32.36847599640251],[-101.60307515659085,32.36654711954331]]]},"properties":{"Surv_Name":"DEMENT, W","max_propensity_score":9.0,"top_operator":"SCOUT ENERGY MANAGEMEN","owner_count":286.0,"ABSTRACT_L":"A-1537","field_name":"Unknown","Surv_Sect":"32","permit_count":0.0,"DESC_":"T&P RR CO","Block":"33 T2N","pending_permit_count":0.0,"production_trend":null,"production_status":"pdp","pdp_well_count":16.0,"well_count":16.0,"STArea__":27878091.7625,"ABSTRACT_N":"1537","new_permit_count":0.0,"CODE":"1537","pud_well_count":0.0,"legal_desc":"T2N BLK 33 SEC 32 A-1537"}},{"type":"Feature","geometry":{"type":"Polygon","coordinates":[[[-101.582500940626,32.38624911563128],[-101.59920191663218,32.38245843092457],[-101.60141856703302,32.389337061640255],[-101.60379952659468,32.39665433474295],[-101.59547534036297,32.398532737358366],[-101.58738034777677,32.400371234142995],[-101.5870848037662,32.40043913297844],[-101.58698316672387,32.40013400040885],[-101.58471440058103,32.39320536399462],[-101.582500940626,32.38624911563128]]]},"properties":{"Surv_Name":"NEVES, H G","max_propensity_score":9.0,"top_operator":"BIRCH OPERATIONS, INC.","owner_count":3174.0,"ABSTRACT_L":"A-1676","field_name":"Unknown","Surv_Sect":"28","permit_count":0.0,"DESC_":"T&P RR CO","Block":"33 T2N","pending_permit_count":0.0,"production_trend":null,"production_status":"pdp","pdp_well_count":11.0,"well_count":11.0,"STArea__":28593608.5149,"ABSTRACT_N":"1676","new_permit_count":0.0,"CODE":"1676","pud_well_count":0.0,"legal_desc":"T2N BLK 33 SEC 28 A-1676"}},{"type":"Feature","geometry":{"type":"Polygon","coordinates":[[[-101.56120636861134,32.37619632763992],[-101.578044703062,32.37235119237557],[-101.58028095117547,32.37940094635272],[-101.582500940626,32.38624911563128],[-101.56567007908349,32.39006343277544],[-101.56349797413455,32.38331606175513],[-101.56120636861134,32.37619632763992]]]},"properties":{"Surv_Name":"MC GEE, J F","max_propensity_score":10.0,"top_operator":"BIRCH OPERATIONS, INC.","owner_count":3062.0,"ABSTRACT_L":"A-1441","field_name":"Unknown","Surv_Sect":"34","permit_count":0.0,"DESC_":"T&P RR CO","Block":"33 T2N","pending_permit_count":0.0,"production_trend":null,"production_status":"pdp","pdp_well_count":20.0,"well_count":20.0,"STArea__":28146790.1741,"ABSTRACT_N":"1441","new_permit_count":0.0,"CODE":"1441","pud_well_count":0.0,"legal_desc":"T2N BLK 33 SEC 34 A-1441"}},{"type":"Feature","geometry":{"type":"Polygon","coordinates":[[[-101.60632455550787,32.350474694479864],[-101.6233590372804,32.34647546816933],[-101.62565976932541,32.35370422359193],[-101.62793430293827,32.36075133721061],[-101.61965004870505,32.362722127840435],[-101.61120649494633,32.36471378472938],[-101.6088475862888,32.35785066188321],[-101.60632455550787,32.350474694479864]]]},"properties":{"Surv_Name":"REYNOLDS, M L & W T G","max_propensity_score":8.0,"top_operator":"BIRCH OPERATIONS, INC.","owner_count":2979.0,"ABSTRACT_L":"A-1739","field_name":"Unknown","Surv_Sect":"42","permit_count":0.0,"DESC_":"T&P RR CO","Block":"33 T2N","pending_permit_count":0.0,"production_trend":null,"production_status":"pdp","pdp_well_count":22.0,"well_count":22.0,"STArea__":29152646.5339,"ABSTRACT_N":"1739","new_permit_count":0.0,"CODE":"1739","pud_well_count":0.0,"legal_desc":"T2N BLK 33 SEC 42 A-1739"}},{"type":"Feature","geometry":{"type":"Polygon","coordinates":[[[-101.65290072816548,32.35499607332244],[-101.66099446940846,32.35313260182056],[-101.66543181124419,32.36698500013131],[-101.65731883108634,32.368852801540186],[-101.64904147620179,32.37076287165129],[-101.64462769585849,32.356900196843824],[-101.65290072816548,32.35499607332244]]]},"properties":{"Surv_Name":"LAYNE, E R","max_propensity_score":7.0,"top_operator":"OXYROCK OPERATING, LLC","owner_count":160.0,"ABSTRACT_L":"A-1580","field_name":"Unknown","Surv_Sect":"22","permit_count":0.0,"DESC_":"T&P RR CO","Block":"34 T2N","pending_permit_count":0.0,"production_trend":null,"production_status":"pdp","pdp_well_count":12.0,"well_count":12.0,"STArea__":27369063.3505,"ABSTRACT_N":"1580","new_permit_count":0.0,"CODE":"1580","pud_well_count":0.0,"legal_desc":"T2N BLK 34 SEC 22 A-1580"}},{"type":"Feature","geometry":{"type":"Polygon","coordinates":[[[-101.6568500224024,32.1130338120565],[-101.67338399480734,32.10940386644873],[-101.67553634916216,32.1163421699437],[-101.67776736120449,32.12339305036566],[-101.66130476743093,32.12715231742643],[-101.65915641233502,32.12002165438411],[-101.6568500224024,32.1130338120565]]]},"properties":{"Surv_Name":"STALLINGS, A J","max_propensity_score":10.0,"top_operator":"OXY USA INC.","owner_count":358.0,"ABSTRACT_L":"A-1690","field_name":"Unknown","Surv_Sect":"36","permit_count":0.0,"DESC_":"T&P RR CO","Block":"35 T1S","pending_permit_count":0.0,"production_trend":null,"production_status":"pdp","pdp_well_count":9.0,"well_count":9.0,"STArea__":27858973.0386,"ABSTRACT_N":"1690","new_permit_count":0.0,"CODE":"1690","pud_well_count":0.0,"legal_desc":"T1S BLK 35 SEC 36 A-1690"}},{"type":"Feature","geometry":{"type":"Polygon","coordinates":[[[-101.4140012863089,32.09203500543651],[-101.42023504209233,32.09068144377555],[-101.42255313851336,32.09830823864393],[-101.42453220261531,32.104808383318655],[-101.41322863628429,32.10735387506477],[-101.41358306172741,32.100327545426815],[-101.41393481278025,32.093353147239554],[-101.4140012863089,32.09203500543651]]]},"properties":{"Surv_Name":"JONES, O G","max_propensity_score":9.0,"top_operator":"CITATION OIL & GAS COR","owner_count":81.0,"ABSTRACT_L":"A-1404","field_name":"Unknown","Surv_Sect":"6","permit_count":0.0,"DESC_":"T&P RR CO","Block":"32 T2S","pending_permit_count":0.0,"production_trend":null,"production_status":"pdp","pdp_well_count":56.0,"well_count":56.0,"STArea__":14930867.486,"ABSTRACT_N":"1404","new_permit_count":0.0,"CODE":"1404","pud_well_count":0.0,"legal_desc":"T2S BLK 32 SEC 6 A-1404"}},{"type":"Feature","geometry":{"type":"Polygon","coordinates":[[[-101.22680542799237,32.20850784102342],[-101.24349192807372,32.204848011326675],[-101.24776916865981,32.218938304146164],[-101.23108021206309,32.22259871614536],[-101.22680542799237,32.20850784102342]]]},"properties":{"Surv_Name":"RHOTON, D A","max_propensity_score":7.0,"top_operator":"SCOUT ENERGY MANAGEMEN","owner_count":163.0,"ABSTRACT_L":"A-989","field_name":"Unknown","Surv_Sect":"32","permit_count":0.0,"DESC_":"T&P RR CO","Block":"30 T1S","pending_permit_count":0.0,"production_trend":null,"production_status":"pdp","pdp_well_count":97.0,"well_count":97.0,"STArea__":28219172.6017,"ABSTRACT_N":"989","new_permit_count":0.0,"CODE":"989","pud_well_count":0.0,"legal_desc":"T1S BLK 30 SEC 32 A-989"}},{"type":"Feature","geometry":{"type":"Polygon","coordinates":[[[-101.22246500112168,32.194195906499935],[-101.23914897271914,32.190536558978145],[-101.24349192807372,32.204848011326675],[-101.22680542799237,32.20850784102342],[-101.22246500112168,32.194195906499935]]]},"properties":{"Surv_Name":null,"max_propensity_score":3.0,"top_operator":"SCOUT ENERGY MANAGEMEN","owner_count":6.0,"ABSTRACT_L":"A-76","field_name":"Unknown","Surv_Sect":"41","permit_count":0.0,"DESC_":"T&P RR CO","Block":"30 T1S","pending_permit_count":0.0,"production_trend":null,"production_status":"pdp","pdp_well_count":35.0,"well_count":35.0,"STArea__":28661725.0794,"ABSTRACT_N":"76","new_permit_count":0.0,"CODE":"76","pud_well_count":0.0,"legal_desc":"T1S BLK 30 SEC 41 A-76"}},{"type":"Feature","geometry":{"type":"Polygon","coordinates":[[[-101.24349192807372,32.204848011326675],[-101.26035051716971,32.201147845246844],[-101.26463024129882,32.2152375492889],[-101.24776916865981,32.218938304146164],[-101.24349192807372,32.204848011326675]]]},"properties":{"Surv_Name":null,"max_propensity_score":7.0,"top_operator":"SCOUT ENERGY MANAGEMEN","owner_count":86.0,"ABSTRACT_L":"A-262","field_name":"Unknown","Surv_Sect":"31","permit_count":0.0,"DESC_":"T&P RR CO","Block":"30 T1S","pending_permit_count":0.0,"production_trend":null,"production_status":"pdp","pdp_well_count":19.0,"well_count":19.0,"STArea__":28512550.0791,"ABSTRACT_N":"262","new_permit_count":0.0,"CODE":"262","pud_well_count":0.0,"legal_desc":"T1S BLK 30 SEC 31 A-262"}},{"type":"Feature","geometry":{"type":"Polygon","coordinates":[[[-101.23914897271914,32.190536558978145],[-101.25600500797437,32.186836880709876],[-101.26035051716971,32.201147845246844],[-101.24349192807372,32.204848011326675],[-101.23914897271914,32.190536558978145]]]},"properties":{"Surv_Name":"MONZINGO, H","max_propensity_score":7.0,"top_operator":"SCOUT ENERGY MANAGEMEN","owner_count":124.0,"ABSTRACT_L":"A-1298","field_name":"Unknown","Surv_Sect":"42","permit_count":0.0,"DESC_":"T&P RR CO","Block":"30 T1S","pending_permit_count":0.0,"production_trend":null,"production_status":"pdp","pdp_well_count":27.0,"well_count":27.0,"STArea__":28959924.0091,"ABSTRACT_N":"1298","new_permit_count":0.0,"CODE":"1298","pud_well_count":0.0,"legal_desc":"T1S BLK 30 SEC 42 A-1298"}},{"type":"Feature","geometry":{"type":"Polygon","coordinates":[[[-101.37718290836332,32.1457681488522],[-101.37765084095463,32.135826596581154],[-101.37815741629966,32.13584385616229],[-101.39474645256752,32.13647532438296],[-101.39449201385801,32.142018193421514],[-101.38470171292379,32.144160157552],[-101.38070381633293,32.14502347864562],[-101.37718290836332,32.1457681488522]]]},"properties":{"Surv_Name":null,"max_propensity_score":0.0,"top_operator":"","owner_count":0.0,"ABSTRACT_L":"A-464","field_name":"Unknown","Surv_Sect":"103","permit_count":0.0,"DESC_":"W&NW RR CO","Block":"29","pending_permit_count":0.0,"production_trend":null,"production_status":"none","pdp_well_count":0.0,"well_count":0.0,"STArea__":14960956.6783,"ABSTRACT_N":"464","new_permit_count":0.0,"CODE":"464","pud_well_count":0.0,"legal_desc":"W&NW RR CO A-464"}},{"type":"Feature","geometry":{"type":"Polygon","coordinates":[[[-101.37765084095463,32.135826596581154],[-101.37833650038975,32.12135897023099],[-101.39544608830361,32.12197282338924],[-101.39527735033684,32.125506222862874],[-101.39526948034543,32.12567100803418],[-101.39524852308355,32.12610984116919],[-101.39514366681341,32.12830537906455],[-101.39507750714023,32.12969060091636],[-101.39501357071771,32.13102924901612],[-101.39483847301467,32.13469507337856],[-101.39474645256752,32.13647532438296],[-101.37815741629966,32.13584385616229],[-101.37765084095463,32.135826596581154]]]},"properties":{"Surv_Name":"JONES, O G","max_propensity_score":6.0,"top_operator":"HIGHPEAK ENERGY HOLDIN","owner_count":24.0,"ABSTRACT_L":"A-1406","field_name":"Unknown","Surv_Sect":"106","permit_count":0.0,"DESC_":"W&NW RR CO","Block":"29","pending_permit_count":0.0,"production_trend":null,"production_status":"pdp","pdp_well_count":2.0,"well_count":2.0,"STArea__":27954101.3885,"ABSTRACT_N":"1406","new_permit_count":0.0,"CODE":"1406","pud_well_count":0.0,"legal_desc":"JONES, O G A-1406"}},{"type":"Feature","geometry":{"type":"Polygon","coordinates":[[[-101.34415905147003,32.120004428326844],[-101.34492016068552,32.10561709079297],[-101.3621144645412,32.10626358165686],[-101.3612827288605,32.12074820961951],[-101.34415905147003,32.120004428326844]]]},"properties":{"Surv_Name":null,"max_propensity_score":6.0,"top_operator":"WASH, ROBERT C. INC.","owner_count":33.0,"ABSTRACT_L":"A-473","field_name":"Unknown","Surv_Sect":"129","permit_count":0.0,"DESC_":"W&NW RR CO","Block":"29","pending_permit_count":0.0,"production_trend":null,"production_status":"pdp","pdp_well_count":22.0,"well_count":22.0,"STArea__":27966253.2925,"ABSTRACT_N":"473","new_permit_count":0.0,"CODE":"473","pud_well_count":0.0,"legal_desc":"W&NW RR CO A-473"}},{"type":"Feature","geometry":{"type":"Polygon","coordinates":[[[-101.35994059245574,32.14941591339742],[-101.36060591541792,32.13525142576234],[-101.37765084095463,32.135826596581154],[-101.37718290836332,32.1457681488522],[-101.36755698270976,32.14773974866482],[-101.35994059245574,32.14941591339742]]]},"properties":{"Surv_Name":"JONES, O G","max_propensity_score":0.0,"top_operator":"","owner_count":0.0,"ABSTRACT_L":"A-1405","field_name":"Unknown","Surv_Sect":"102","permit_count":0.0,"DESC_":"W&NW RR CO","Block":"29","pending_permit_count":0.0,"production_trend":null,"production_status":"pdp","pdp_well_count":3.0,"well_count":3.0,"STArea__":23108140.6413,"ABSTRACT_N":"1405","new_permit_count":0.0,"CODE":"1405","pud_well_count":0.0,"legal_desc":"JONES, O G A-1405"}},{"type":"Feature","geometry":{"type":"Polygon","coordinates":[[[-101.34261526908436,32.14917255676355],[-101.3433875732028,32.13458305709805],[-101.36060591541792,32.13525142576234],[-101.35994059245574,32.14941591339742],[-101.35930547269103,32.149555662258095],[-101.35842092198939,32.14975028848581],[-101.34261526908436,32.14917255676355]]]},"properties":{"Surv_Name":null,"max_propensity_score":0.0,"top_operator":"","owner_count":0.0,"ABSTRACT_L":"A-463","field_name":"Unknown","Surv_Sect":"101","permit_count":0.0,"DESC_":"W&NW RR CO","Block":"29","pending_permit_count":0.0,"production_trend":null,"production_status":"pdp","pdp_well_count":1.0,"well_count":1.0,"STArea__":28347253.6303,"ABSTRACT_N":"463","new_permit_count":0.0,"CODE":"463","pud_well_count":0.0,"legal_desc":"W&NW RR CO A-463"}},{"type":"Feature","geometry":{"type":"Polygon","coordinates":[[[-101.3433875732028,32.13458305709805],[-101.34415905147003,32.120004428326844],[-101.3612827288605,32.12074820961951],[-101.36060591541792,32.13525142576234],[-101.3433875732028,32.13458305709805]]]},"properties":{"Surv_Name":"MCWHORTER, W B","max_propensity_score":4.0,"top_operator":"PARTEE DRILLING INC.","owner_count":11.0,"ABSTRACT_L":"A-1313","field_name":"Unknown","Surv_Sect":"108","permit_count":0.0,"DESC_":"W&NW RR CO","Block":"29","pending_permit_count":0.0,"production_trend":null,"production_status":"pdp","pdp_well_count":1.0,"well_count":1.0,"STArea__":28179397.4985,"ABSTRACT_N":"1313","new_permit_count":0.0,"CODE":"1313","pud_well_count":0.0,"legal_desc":"MCWHORTER, W B A-1313"}},{"type":"Feature","geometry":{"type":"Polygon","coordinates":[[[-101.36060591541792,32.13525142576234],[-101.3612827288605,32.12074820961951],[-101.37260170827803,32.12113018314382],[-101.37833650038975,32.12135897023099],[-101.37765084095463,32.135826596581154],[-101.36060591541792,32.13525142576234]]]},"properties":{"Surv_Name":null,"max_propensity_score":7.0,"top_operator":"LEGACY RESERVES OPERAT","owner_count":94.0,"ABSTRACT_L":"A-466","field_name":"Unknown","Surv_Sect":"107","permit_count":0.0,"DESC_":"W&NW RR CO","Block":"29","pending_permit_count":0.0,"production_trend":null,"production_status":"pdp","pdp_well_count":3.0,"well_count":3.0,"STArea__":27884004.2592,"ABSTRACT_N":"466","new_permit_count":0.0,"CODE":"466","pud_well_count":0.0,"legal_desc":"W&NW RR CO A-466"}},{"type":"Feature","geometry":{"type":"Polygon","coordinates":[[[-101.3612827288605,32.12074820961951],[-101.3621144645412,32.10626358165686],[-101.37907568062907,32.10655458433722],[-101.37833650038975,32.12135897023099],[-101.37260170827803,32.12113018314382],[-101.3612827288605,32.12074820961951]]]},"properties":{"Surv_Name":"JONES, O G","max_propensity_score":7.0,"top_operator":"WASH, ROBERT C. INC.","owner_count":137.0,"ABSTRACT_L":"A-1407","field_name":"Unknown","Surv_Sect":"130","permit_count":0.0,"DESC_":"W&NW RR CO","Block":"29","pending_permit_count":0.0,"production_trend":null,"production_status":"pdp","pdp_well_count":53.0,"well_count":53.0,"STArea__":28074014.0644,"ABSTRACT_N":"1407","new_permit_count":0.0,"CODE":"1407","pud_well_count":0.0,"legal_desc":"JONES, O G A-1407"}},{"type":"Feature","geometry":{"type":"Polygon","coordinates":[[[-101.17872026024384,32.32445919143681],[-101.19054119017706,32.321907977566205],[-101.19520156244481,32.33616700067586],[-101.17830106955915,32.33997239467783],[-101.17872026024384,32.32445919143681]]]},"properties":{"Surv_Name":"MARTIN, M","max_propensity_score":6.0,"top_operator":"ROYALTY RESOURCES, L.L","owner_count":67.0,"ABSTRACT_L":"A-815","field_name":"Unknown","Surv_Sect":"42","permit_count":0.0,"DESC_":"T&P RR CO","Block":"29 T1N","pending_permit_count":0.0,"production_trend":null,"production_status":"pdp","pdp_well_count":16.0,"well_count":16.0,"STArea__":24779770.9911,"ABSTRACT_N":"815","new_permit_count":0.0,"CODE":"815","pud_well_count":0.0,"legal_desc":"T1N BLK 29 SEC 42 A-815"}},{"type":"Feature","geometry":{"type":"Polygon","coordinates":[[[-101.19054119017706,32.321907977566205],[-101.20793819542929,32.3181510726009],[-101.21218101707596,32.33234117673251],[-101.19520156244481,32.33616700067586],[-101.19054119017706,32.321907977566205]]]},"properties":{"Surv_Name":null,"max_propensity_score":3.0,"top_operator":"ROYALTY RESOURCES, L.L","owner_count":20.0,"ABSTRACT_L":"A-241","field_name":"Unknown","Surv_Sect":"37","permit_count":0.0,"DESC_":"T&P RR CO","Block":"30 T1N","pending_permit_count":0.0,"production_trend":null,"production_status":"pdp","pdp_well_count":11.0,"well_count":11.0,"STArea__":29372279.7454,"ABSTRACT_N":"241","new_permit_count":0.0,"CODE":"241","pud_well_count":0.0,"legal_desc":"T1N BLK 30 SEC 37 A-241"}},{"type":"Feature","geometry":{"type":"Polygon","coordinates":[[[-101.17910582784265,32.30962161457181],[-101.1862693357927,32.30807546198855],[-101.19054119017706,32.321907977566205],[-101.17872026024384,32.32445919143681],[-101.17910582784265,32.30962161457181]]]},"properties":{"Surv_Name":null,"max_propensity_score":8.0,"top_operator":"ROYALTY RESOURCES, L.L","owner_count":79.0,"ABSTRACT_L":"A-215","field_name":"Unknown","Surv_Sect":"43","permit_count":0.0,"DESC_":"T&P RR CO","Block":"29 T1N","pending_permit_count":0.0,"production_trend":null,"production_status":"pdp","pdp_well_count":24.0,"well_count":24.0,"STArea__":15740439.582,"ABSTRACT_N":"215","new_permit_count":0.0,"CODE":"215","pud_well_count":0.0,"legal_desc":"T1N BLK 29 SEC 43 A-215"}},{"type":"Feature","geometry":{"type":"Polygon","coordinates":[[[-101.1862693357927,32.30807546198855],[-101.20376715685786,32.30419652124118],[-101.20793819542929,32.3181510726009],[-101.19054119017706,32.321907977566205],[-101.1862693357927,32.30807546198855]]]},"properties":{"Surv_Name":"FIELDS, D T","max_propensity_score":7.0,"top_operator":"ROYALTY RESOURCES, L.L","owner_count":170.0,"ABSTRACT_L":"A-1269","field_name":"Unknown","Surv_Sect":"48","permit_count":0.0,"DESC_":"T&P RR CO","Block":"30 T1N","pending_permit_count":0.0,"production_trend":null,"production_status":"pdp","pdp_well_count":61.0,"well_count":61.0,"STArea__":29056678.9966,"ABSTRACT_N":"1269","new_permit_count":0.0,"CODE":"1269","pud_well_count":0.0,"legal_desc":"T1N BLK 30 SEC 48 A-1269"}},{"type":"Feature","geometry":{"type":"Polygon","coordinates":[[[-101.17950301791936,32.29445077112974],[-101.18194580650461,32.29392348134625],[-101.1862693357927,32.30807546198855],[-101.17910582784265,32.30962161457181],[-101.17950301791936,32.29445077112974]]]},"properties":{"Surv_Name":"OTTEN, J H","max_propensity_score":0.0,"top_operator":"","owner_count":0.0,"ABSTRACT_L":"A-1605","field_name":"Unknown","Surv_Sect":"6","permit_count":0.0,"DESC_":"T&P RR CO","Block":"29 T1S","pending_permit_count":0.0,"production_trend":null,"production_status":"pdp","pdp_well_count":22.0,"well_count":22.0,"STArea__":8144475.34303,"ABSTRACT_N":"1605","new_permit_count":0.0,"CODE":"1605","pud_well_count":0.0,"legal_desc":"T1S BLK 29 SEC 6 A-1605"}},{"type":"Feature","geometry":{"type":"Polygon","coordinates":[[[-101.1930291144975,32.29151898948711],[-101.19953065396803,32.290107689948485],[-101.20162171022629,32.297062238175975],[-101.20376715685786,32.30419652124118],[-101.1862693357927,32.30807546198855],[-101.18194580650461,32.29392348134625],[-101.1930291144975,32.29151898948711]]]},"properties":{"Surv_Name":null,"max_propensity_score":5.0,"top_operator":"VITAL ENERGY, INC.","owner_count":57.0,"ABSTRACT_L":"A-247","field_name":"Unknown","Surv_Sect":"1","permit_count":0.0,"DESC_":"T&P RR CO","Block":"30 T1S","pending_permit_count":0.0,"production_trend":null,"production_status":"pdp","pdp_well_count":103.0,"well_count":103.0,"STArea__":29694448.9122,"ABSTRACT_N":"247","new_permit_count":0.0,"CODE":"247","pud_well_count":0.0,"legal_desc":"T1S BLK 30 SEC 1 A-247"}},{"type":"Feature","geometry":{"type":"Polygon","coordinates":[[[-101.17950301791936,32.29445077112974],[-101.17972959301973,32.285869950308246],[-101.18194580650461,32.29392348134625],[-101.17950301791936,32.29445077112974]]]},"properties":{"Surv_Name":null,"max_propensity_score":0.0,"top_operator":"","owner_count":0.0,"ABSTRACT_L":"A-218","field_name":"Unknown","Surv_Sect":"7","permit_count":0.0,"DESC_":"T&P RR CO","Block":"29 T1S","pending_permit_count":0.0,"production_trend":null,"production_status":"pdp","pdp_well_count":6.0,"well_count":6.0,"STArea__":1171500.22518,"ABSTRACT_N":"218","new_permit_count":0.0,"CODE":"218","pud_well_count":0.0,"legal_desc":"T1S BLK 29 SEC 7 A-218"}},{"type":"Feature","geometry":{"type":"Polygon","coordinates":[[[-101.188699013905,32.27719661945039],[-101.19528012082492,32.2759675946355],[-101.19953065396803,32.290107689948485],[-101.1930291144975,32.29151898948711],[-101.18194580650461,32.29392348134625],[-101.17972959301973,32.285869950308246],[-101.17777652212479,32.27972397304418],[-101.17990942107326,32.279197184398065],[-101.188699013905,32.27719661945039]]]},"properties":{"Surv_Name":"BELL, A M","max_propensity_score":8.0,"top_operator":"SABINAL ENERGY OPERATI","owner_count":371.0,"ABSTRACT_L":"A-1618","field_name":"Unknown","Surv_Sect":"12","permit_count":0.0,"DESC_":"T&P RR CO","Block":"30 T1S","pending_permit_count":0.0,"production_trend":null,"production_status":"pdp","pdp_well_count":141.0,"well_count":141.0,"STArea__":29824774.0592,"ABSTRACT_N":"1618","new_permit_count":0.0,"CODE":"1618","pud_well_count":0.0,"legal_desc":"T1S BLK 30 SEC 12 A-1618"}},{"type":"Feature","geometry":{"type":"Polygon","coordinates":[[[-101.67069451800343,32.215217625747925],[-101.6870823785311,32.21153987497852],[-101.69140570401075,32.22552884624301],[-101.67497581090743,32.22920193135057],[-101.67069451800343,32.215217625747925]]]},"properties":{"Surv_Name":"STEWART, L F","max_propensity_score":8.0,"top_operator":"OXYROCK OPERATING, LLC","owner_count":1003.0,"ABSTRACT_L":"A-685","field_name":"Unknown","Surv_Sect":"28","permit_count":0.0,"DESC_":"T&P RR CO","Block":"34 T1N","pending_permit_count":0.0,"production_trend":null,"production_status":"pdp","pdp_well_count":16.0,"well_count":16.0,"STArea__":27601301.9301,"ABSTRACT_N":"685","new_permit_count":0.0,"CODE":"685","pud_well_count":0.0,"legal_desc":"T1N BLK 34 SEC 28 A-685"}},{"type":"Feature","geometry":{"type":"Polygon","coordinates":[[[-101.6870823785311,32.21153987497852],[-101.69318939206606,32.2101687740278],[-101.69294908617834,32.22518393561786],[-101.69140570401075,32.22552884624301],[-101.6870823785311,32.21153987497852]]]},"properties":{"Surv_Name":null,"max_propensity_score":0.0,"top_operator":"","owner_count":0.0,"ABSTRACT_L":"A-519","field_name":"Unknown","Surv_Sect":"37","permit_count":0.0,"DESC_":"T&P RR CO","Block":"35 T1N","pending_permit_count":0.0,"production_trend":null,"production_status":"pdp","pdp_well_count":4.0,"well_count":4.0,"STArea__":6438957.01372,"ABSTRACT_N":"519","new_permit_count":0.0,"CODE":"519","pud_well_count":0.0,"legal_desc":"T1N BLK 35 SEC 37 A-519"}},{"type":"Feature","geometry":{"type":"Polygon","coordinates":[[[-101.69140570401075,32.22552884624301],[-101.69294908617834,32.22518393561786],[-101.69286479662736,32.230174317237314],[-101.69140570401075,32.22552884624301]]]},"properties":{"Surv_Name":"DAVIS, H M","max_propensity_score":0.0,"top_operator":"","owner_count":0.0,"ABSTRACT_L":"A-1397","field_name":"Unknown","Surv_Sect":"36","permit_count":0.0,"DESC_":"T&P RR CO","Block":"35 T1N","pending_permit_count":0.0,"production_trend":null,"production_status":"none","pdp_well_count":0.0,"well_count":0.0,"STArea__":431628.393201,"ABSTRACT_N":"1397","new_permit_count":0.0,"CODE":"1397","pud_well_count":0.0,"legal_desc":"T1N BLK 35 SEC 36 A-1397"}},{"type":"Feature","geometry":{"type":"Polygon","coordinates":[[[-101.6585063873764,32.23288741387786],[-101.67497581090743,32.22920193135057],[-101.67924501771415,32.243376579232425],[-101.66279542359632,32.2471304327044],[-101.6585063873764,32.23288741387786]]]},"properties":{"Surv_Name":"ROSS, E M","max_propensity_score":4.0,"top_operator":"OXYROCK OPERATING, LLC","owner_count":271.0,"ABSTRACT_L":"A-1341","field_name":"Unknown","Surv_Sect":"18","permit_count":0.0,"DESC_":"T&P RR CO","Block":"34 T1N","pending_permit_count":0.0,"production_trend":null,"production_status":"pdp","pdp_well_count":5.0,"well_count":5.0,"STArea__":28098541.8092,"ABSTRACT_N":"1341","new_permit_count":0.0,"CODE":"1341","pud_well_count":0.0,"legal_desc":"T1N BLK 34 SEC 18 A-1341"}},{"type":"Feature","geometry":{"type":"Polygon","coordinates":[[[-101.67497581090743,32.22920193135057],[-101.69140570401075,32.22552884624301],[-101.69286479662736,32.230174317237314],[-101.69269602904109,32.24031229439986],[-101.67924501771415,32.243376579232425],[-101.67497581090743,32.22920193135057]]]},"properties":{"Surv_Name":null,"max_propensity_score":7.0,"top_operator":"DIAMONDBACK E&P LLC","owner_count":216.0,"ABSTRACT_L":"A-927","field_name":"Unknown","Surv_Sect":"17","permit_count":0.0,"DESC_":"T&P RR CO","Block":"34 T1N","pending_permit_count":0.0,"production_trend":null,"production_status":"pdp","pdp_well_count":27.0,"well_count":27.0,"STArea__":26264813.5671,"ABSTRACT_N":"927","new_permit_count":0.0,"CODE":"927","pud_well_count":0.0,"legal_desc":"T1N BLK 34 SEC 17 A-927"}},{"type":"Feature","geometry":{"type":"Polygon","coordinates":[[[-101.43743969727325,32.146852242584686],[-101.43745287305079,32.146849159448195],[-101.44071326108607,32.15750029714198],[-101.44177179126059,32.160990805260944],[-101.44093318870553,32.16114570281574],[-101.44038417120629,32.16127167588224],[-101.42522506382505,32.164748831837606],[-101.4241462607686,32.161138686609554],[-101.42312363514813,32.157711083183855],[-101.42210768854511,32.15426648761584],[-101.42203042781694,32.154113696320024],[-101.42203036231324,32.15411347684296],[-101.42202607074613,32.154099116909954],[-101.42100595892134,32.15068567082179],[-101.4219049040593,32.15047552134908],[-101.42194338233165,32.150466526446124],[-101.42198790859402,32.15045611634747],[-101.42203075950735,32.15044609953038],[-101.42306060072056,32.15020533932937],[-101.42511264711912,32.14973638553787],[-101.4272218981869,32.149242987132446],[-101.43743969727325,32.146852242584686]]]},"properties":{"Surv_Name":null,"max_propensity_score":9.0,"top_operator":"CIVITAS PERMIAN OPERAT","owner_count":145.0,"ABSTRACT_L":"A-172","field_name":"Unknown","Surv_Sect":"41","permit_count":0.0,"DESC_":"T&P RR CO","Block":"32 T1S","pending_permit_count":0.0,"production_trend":null,"production_status":"pdp","pdp_well_count":7.0,"well_count":7.0,"STArea__":27975593.1366,"ABSTRACT_N":"172","new_permit_count":0.0,"CODE":"172","pud_well_count":0.0,"legal_desc":"T1S BLK 32 SEC 41 A-172"}},{"type":"Feature","geometry":{"type":"Polygon","coordinates":[[[-101.4116690980794,32.13825799446523],[-101.4169942346595,32.13709762126738],[-101.42059056579615,32.14926952764544],[-101.42089919619947,32.15032710331441],[-101.42100595892134,32.15068567082179],[-101.4208250134107,32.15073916079495],[-101.41998422460597,32.15094881447876],[-101.41901514827143,32.151190448473045],[-101.41803872568966,32.151433905637646],[-101.41495632860472,32.15220239816395],[-101.40499633535919,32.154684973109205],[-101.40085415252054,32.14062578655902],[-101.4116690980794,32.13825799446523]]]},"properties":{"Surv_Name":null,"max_propensity_score":7.0,"top_operator":"HIGHPEAK ENERGY HOLDIN","owner_count":141.0,"ABSTRACT_L":"A-174","field_name":"Unknown","Surv_Sect":"45","permit_count":0.0,"DESC_":"T&P RR CO","Block":"32 T1S","pending_permit_count":0.0,"production_trend":null,"production_status":"pdp","pdp_well_count":4.0,"well_count":4.0,"STArea__":26763722.3682,"ABSTRACT_N":"174","new_permit_count":0.0,"CODE":"174","pud_well_count":0.0,"legal_desc":"T1S BLK 32 SEC 45 A-174"}},{"type":"Feature","geometry":{"type":"Polygon","coordinates":[[[-101.39449201385801,32.142018193421514],[-101.40085415252054,32.14062578655902],[-101.40499633535919,32.154684973109205],[-101.38894116238198,32.15831803726594],[-101.38470171292379,32.144160157552],[-101.39449201385801,32.142018193421514]]]},"properties":{"Surv_Name":"LEE, A D","max_propensity_score":5.0,"top_operator":"HIGHPEAK ENERGY HOLDIN","owner_count":44.0,"ABSTRACT_L":"A-1289","field_name":"Unknown","Surv_Sect":"46","permit_count":0.0,"DESC_":"T&P RR CO","Block":"32 T1S","pending_permit_count":0.0,"production_trend":null,"production_status":"pdp","pdp_well_count":6.0,"well_count":6.0,"STArea__":27274583.2483,"ABSTRACT_N":"1289","new_permit_count":0.0,"CODE":"1289","pud_well_count":0.0,"legal_desc":"T1S BLK 32 SEC 46 A-1289"}},{"type":"Feature","geometry":{"type":"Polygon","coordinates":[[[-101.38070381633293,32.14502347864562],[-101.38470171292379,32.144160157552],[-101.38894116238198,32.15831803726594],[-101.37183231698413,32.161952237516694],[-101.36755698270976,32.14773974866482],[-101.37718290836332,32.1457681488522],[-101.38070381633293,32.14502347864562]]]},"properties":{"Surv_Name":null,"max_propensity_score":5.0,"top_operator":"CHEVRON U. S. A. INC.","owner_count":9.0,"ABSTRACT_L":"A-175","field_name":"Unknown","Surv_Sect":"47","permit_count":0.0,"DESC_":"T&P RR CO","Block":"32 T1S","pending_permit_count":0.0,"production_trend":null,"production_status":"pdp","pdp_well_count":3.0,"well_count":3.0,"STArea__":29044347.7025,"ABSTRACT_N":"175","new_permit_count":0.0,"CODE":"175","pud_well_count":0.0,"legal_desc":"T1S BLK 32 SEC 47 A-175"}},{"type":"Feature","geometry":{"type":"Polygon","coordinates":[[[-101.3055896333829,32.175938600065436],[-101.32225360544234,32.17241178536288],[-101.32656896961011,32.18658876265271],[-101.30994265928958,32.19024807837126],[-101.3055896333829,32.175938600065436]]]},"properties":{"Surv_Name":"ROBERTS, J","max_propensity_score":0.0,"top_operator":"","owner_count":0.0,"ABSTRACT_L":"A-1329","field_name":"Unknown","Surv_Sect":"40","permit_count":0.0,"DESC_":"T&P RR CO","Block":"31 T1S","pending_permit_count":0.0,"production_trend":null,"production_status":"pdp","pdp_well_count":4.0,"well_count":4.0,"STArea__":28439220.0462,"ABSTRACT_N":"1329","new_permit_count":0.0,"CODE":"1329","pud_well_count":0.0,"legal_desc":"T1S BLK 31 SEC 40 A-1329"}},{"type":"Feature","geometry":{"type":"Polygon","coordinates":[[[-101.32225360544234,32.17241178536288],[-101.3387265377682,32.169095218087335],[-101.34090214164303,32.1762388087698],[-101.34295544579581,32.182979750688695],[-101.32656896961011,32.18658876265271],[-101.32225360544234,32.17241178536288]]]},"properties":{"Surv_Name":null,"max_propensity_score":1.0,"top_operator":"PIONEER NATURAL RES. U","owner_count":7.0,"ABSTRACT_L":"A-124","field_name":"Unknown","Surv_Sect":"41","permit_count":0.0,"DESC_":"T&P RR CO","Block":"31 T1S","pending_permit_count":0.0,"production_trend":null,"production_status":"none","pdp_well_count":0.0,"well_count":0.0,"STArea__":27614242.0884,"ABSTRACT_N":"124","new_permit_count":0.0,"CODE":"124","pud_well_count":0.0,"legal_desc":"T1S BLK 31 SEC 41 A-124"}},{"type":"Feature","geometry":{"type":"Polygon","coordinates":[[[-101.30821366413244,32.160785549679396],[-101.31805795387085,32.15862365496903],[-101.32225360544234,32.17241178536288],[-101.3055896333829,32.175938600065436],[-101.30143408835538,32.16227388913683],[-101.30821366413244,32.160785549679396]]]},"properties":{"Surv_Name":null,"max_propensity_score":0.0,"top_operator":"","owner_count":0.0,"ABSTRACT_L":"A-126","field_name":"Unknown","Surv_Sect":"45","permit_count":0.0,"DESC_":"T&P RR CO","Block":"31 T1S","pending_permit_count":0.0,"production_trend":null,"production_status":"pdp","pdp_well_count":2.0,"well_count":2.0,"STArea__":27407078.6788,"ABSTRACT_N":"126","new_permit_count":0.0,"CODE":"126","pud_well_count":0.0,"legal_desc":"T1S BLK 31 SEC 45 A-126"}},{"type":"Feature","geometry":{"type":"Polygon","coordinates":[[[-101.32537831922905,32.1570154605241],[-101.33444202448266,32.15502359425016],[-101.3387265377682,32.169095218087335],[-101.32225360544234,32.17241178536288],[-101.31805795387085,32.15862365496903],[-101.32537831922905,32.1570154605241]]]},"properties":{"Surv_Name":"ROBERTS, C C","max_propensity_score":2.0,"top_operator":"HIGHPEAK ENERGY HOLDIN","owner_count":20.0,"ABSTRACT_L":"A-670","field_name":"Unknown","Surv_Sect":"44","permit_count":0.0,"DESC_":"T&P RR CO","Block":"31 T1S","pending_permit_count":0.0,"production_trend":null,"production_status":"pdp","pdp_well_count":2.0,"well_count":2.0,"STArea__":27415467.6642,"ABSTRACT_N":"670","new_permit_count":0.0,"CODE":"670","pud_well_count":0.0,"legal_desc":"T1S BLK 31 SEC 44 A-670"}},{"type":"Feature","geometry":{"type":"Polygon","coordinates":[[[-101.3467222814842,32.16742850723216],[-101.35509851488368,32.16568186170163],[-101.35721969224065,32.17264254883042],[-101.35927414484765,32.17938321686453],[-101.35092517779404,32.181223579420404],[-101.34295544579581,32.182979750688695],[-101.34090214164303,32.1762388087698],[-101.3387265377682,32.169095218087335],[-101.3467222814842,32.16742850723216]]]},"properties":{"Surv_Name":"BARNETT, B W W","max_propensity_score":0.0,"top_operator":"","owner_count":0.0,"ABSTRACT_L":"A-1639","field_name":"Unknown","Surv_Sect":"42","permit_count":0.0,"DESC_":"T&P RR CO","Block":"31 T1S","pending_permit_count":0.0,"production_trend":null,"production_status":"pdp","pdp_well_count":5.0,"well_count":5.0,"STArea__":27037204.2657,"ABSTRACT_N":"1639","new_permit_count":0.0,"CODE":"1639","pud_well_count":0.0,"legal_desc":"T1S BLK 31 SEC 42 A-1639"}},{"type":"Feature","geometry":{"type":"Polygon","coordinates":[[[-101.34241058770745,32.15327177785642],[-101.35075833071664,32.15143597668273],[-101.35509851488368,32.16568186170163],[-101.3467222814842,32.16742850723216],[-101.3387265377682,32.169095218087335],[-101.33444202448266,32.15502359425016],[-101.34241058770745,32.15327177785642]]]},"properties":{"Surv_Name":null,"max_propensity_score":6.0,"top_operator":"HIGHPEAK ENERGY HOLDIN","owner_count":32.0,"ABSTRACT_L":"A-125","field_name":"Unknown","Surv_Sect":"43","permit_count":0.0,"DESC_":"T&P RR CO","Block":"31 T1S","pending_permit_count":0.0,"production_trend":null,"production_status":"pdp","pdp_well_count":3.0,"well_count":3.0,"STArea__":27754030.2142,"ABSTRACT_N":"125","new_permit_count":0.0,"CODE":"125","pud_well_count":0.0,"legal_desc":"T1S BLK 31 SEC 43 A-125"}},{"type":"Feature","geometry":{"type":"Polygon","coordinates":[[[-101.35994059245574,32.14941591339742],[-101.36755698270976,32.14773974866482],[-101.37183231698413,32.161952237516694],[-101.36358620178807,32.16379045078451],[-101.35509851488368,32.16568186170163],[-101.35075833071664,32.15143597668273],[-101.35842092198939,32.14975028848581],[-101.35930547269103,32.149555662258095],[-101.35994059245574,32.14941591339742]]]},"properties":{"Surv_Name":"CHRISTIAN, D W","max_propensity_score":6.0,"top_operator":"HIBERNIA RESOURCES IV,","owner_count":51.0,"ABSTRACT_L":"A-1595","field_name":"Unknown","Surv_Sect":"48","permit_count":0.0,"DESC_":"T&P RR CO","Block":"32 T1S","pending_permit_count":0.0,"production_trend":null,"production_status":"pdp","pdp_well_count":19.0,"well_count":19.0,"STArea__":28662239.7531,"ABSTRACT_N":"1595","new_permit_count":0.0,"CODE":"1595","pud_well_count":0.0,"legal_desc":"T1S BLK 32 SEC 48 A-1595"}},{"type":"Feature","geometry":{"type":"Polygon","coordinates":[[[-101.39307214898294,32.17210926803568],[-101.40911307807752,32.168653317532964],[-101.41325851003397,32.18271447433956],[-101.39731987569238,32.18628567066448],[-101.39307214898294,32.17210926803568]]]},"properties":{"Surv_Name":"MOODY, W E","max_propensity_score":6.0,"top_operator":"HIGHPEAK ENERGY HOLDIN","owner_count":19.0,"ABSTRACT_L":"A-1158","field_name":"Unknown","Surv_Sect":"34","permit_count":0.0,"DESC_":"T&P RR CO","Block":"32 T1S","pending_permit_count":0.0,"production_trend":null,"production_status":"pdp","pdp_well_count":6.0,"well_count":6.0,"STArea__":27072500.8392,"ABSTRACT_N":"1158","new_permit_count":0.0,"CODE":"1158","pud_well_count":0.0,"legal_desc":"T1S BLK 32 SEC 34 A-1158"}},{"type":"Feature","geometry":{"type":"Polygon","coordinates":[[[-101.40911307807752,32.168653317532964],[-101.42521185042145,32.16475186216942],[-101.42969038038704,32.179030312807505],[-101.41325851003397,32.18271447433956],[-101.40911307807752,32.168653317532964]]]},"properties":{"Surv_Name":null,"max_propensity_score":6.0,"top_operator":"HIGHPEAK ENERGY HOLDIN","owner_count":41.0,"ABSTRACT_L":"A-168","field_name":"Unknown","Surv_Sect":"33","permit_count":0.0,"DESC_":"T&P RR CO","Block":"32 T1S","pending_permit_count":0.0,"production_trend":null,"production_status":"none","pdp_well_count":0.0,"well_count":0.0,"STArea__":27786152.8739,"ABSTRACT_N":"168","new_permit_count":0.0,"CODE":"168","pud_well_count":0.0,"legal_desc":"T1S BLK 32 SEC 33 A-168"}},{"type":"Feature","geometry":{"type":"Polygon","coordinates":[[[-101.38894116238198,32.15831803726594],[-101.40499633535919,32.154684973109205],[-101.40911307807752,32.168653317532964],[-101.39307214898294,32.17210926803568],[-101.38894116238198,32.15831803726594]]]},"properties":{"Surv_Name":null,"max_propensity_score":9.0,"top_operator":"APACHE CORPORATION","owner_count":116.0,"ABSTRACT_L":"A-171","field_name":"Unknown","Surv_Sect":"39","permit_count":0.0,"DESC_":"T&P RR CO","Block":"32 T1S","pending_permit_count":0.0,"production_trend":null,"production_status":"none","pdp_well_count":0.0,"well_count":0.0,"STArea__":26723190.1597,"ABSTRACT_N":"171","new_permit_count":0.0,"CODE":"171","pud_well_count":0.0,"legal_desc":"T1S BLK 32 SEC 39 A-171"}},{"type":"Feature","geometry":{"type":"Polygon","coordinates":[[[-101.4208250134107,32.15073916079495],[-101.42100595892134,32.15068567082179],[-101.42202607074613,32.154099116909954],[-101.42203036231324,32.15411347684296],[-101.42203046884852,32.15411368632736],[-101.42210768854511,32.15426648761584],[-101.42312363514813,32.157711083183855],[-101.42413305254374,32.161141730246186],[-101.42521185042145,32.16475186216942],[-101.40911307807752,32.168653317532964],[-101.40499633535919,32.154684973109205],[-101.41495632860472,32.15220239816395],[-101.41803872568966,32.151433905637646],[-101.41901514827143,32.151190448473045],[-101.41998422460597,32.15094881447876],[-101.4208250134107,32.15073916079495]]]},"properties":{"Surv_Name":"WILLIAMS, J D","max_propensity_score":5.0,"top_operator":"HIGHPEAK ENERGY HOLDIN","owner_count":24.0,"ABSTRACT_L":"A-1448","field_name":"Unknown","Surv_Sect":"40","permit_count":0.0,"DESC_":"T&P RR CO","Block":"32 T1S","pending_permit_count":0.0,"production_trend":null,"production_status":"pdp","pdp_well_count":1.0,"well_count":1.0,"STArea__":27193276.6699,"ABSTRACT_N":"1448","new_permit_count":0.0,"CODE":"1448","pud_well_count":0.0,"legal_desc":"T1S BLK 32 SEC 40 A-1448"}},{"type":"Feature","geometry":{"type":"Polygon","coordinates":[[[-101.35927414484765,32.17938321686453],[-101.37599503011992,32.17578587926599],[-101.38030251190285,32.19009598321505],[-101.36367428939309,32.193816588016006],[-101.35927414484765,32.17938321686453]]]},"properties":{"Surv_Name":"LEE, A D","max_propensity_score":7.0,"top_operator":"HIGHPEAK ENERGY HOLDIN","owner_count":170.0,"ABSTRACT_L":"A-1290","field_name":"Unknown","Surv_Sect":"36","permit_count":0.0,"DESC_":"T&P RR CO","Block":"32 T1S","pending_permit_count":0.0,"production_trend":null,"production_status":"pdp","pdp_well_count":6.0,"well_count":6.0,"STArea__":28766683.0122,"ABSTRACT_N":"1290","new_permit_count":0.0,"CODE":"1290","pud_well_count":0.0,"legal_desc":"T1S BLK 32 SEC 36 A-1290"}},{"type":"Feature","geometry":{"type":"Polygon","coordinates":[[[-101.37599503011992,32.17578587926599],[-101.39307214898294,32.17210926803568],[-101.39731987569238,32.18628567066448],[-101.38030251190285,32.19009598321505],[-101.37599503011992,32.17578587926599]]]},"properties":{"Surv_Name":null,"max_propensity_score":9.0,"top_operator":"HIGHPEAK ENERGY HOLDIN","owner_count":477.0,"ABSTRACT_L":"A-169","field_name":"Unknown","Surv_Sect":"35","permit_count":0.0,"DESC_":"T&P RR CO","Block":"32 T1S","pending_permit_count":0.0,"production_trend":null,"production_status":"pdp","pdp_well_count":5.0,"well_count":5.0,"STArea__":29133537.5461,"ABSTRACT_N":"169","new_permit_count":0.0,"CODE":"169","pud_well_count":0.0,"legal_desc":"T1S BLK 32 SEC 35 A-169"}},{"type":"Feature","geometry":{"type":"Polygon","coordinates":[[[-101.36358620178807,32.16379045078451],[-101.37183231698413,32.161952237516694],[-101.37599503011992,32.17578587926599],[-101.35927414484765,32.17938321686453],[-101.35721969224065,32.17264254883042],[-101.35509851488368,32.16568186170163],[-101.36358620178807,32.16379045078451]]]},"properties":{"Surv_Name":null,"max_propensity_score":1.0,"top_operator":"HIGHPEAK ENERGY HOLDIN","owner_count":2.0,"ABSTRACT_L":"A-170","field_name":"Unknown","Surv_Sect":"37","permit_count":0.0,"DESC_":"T&P RR CO","Block":"32 T1S","pending_permit_count":0.0,"production_trend":null,"production_status":"pdp","pdp_well_count":1.0,"well_count":1.0,"STArea__":27644878.8867,"ABSTRACT_N":"170","new_permit_count":0.0,"CODE":"170","pud_well_count":0.0,"legal_desc":"T1S BLK 32 SEC 37 A-170"}},{"type":"Feature","geometry":{"type":"Polygon","coordinates":[[[-101.37183231698413,32.161952237516694],[-101.38894116238198,32.15831803726594],[-101.39307214898294,32.17210926803568],[-101.37599503011992,32.17578587926599],[-101.37183231698413,32.161952237516694]]]},"properties":{"Surv_Name":"LEE, A D","max_propensity_score":6.0,"top_operator":"HIGHPEAK ENERGY HOLDIN","owner_count":19.0,"ABSTRACT_L":"A-1291","field_name":"Unknown","Surv_Sect":"38","permit_count":0.0,"DESC_":"T&P RR CO","Block":"32 T1S","pending_permit_count":0.0,"production_trend":null,"production_status":"pdp","pdp_well_count":3.0,"well_count":3.0,"STArea__":28286248.1522,"ABSTRACT_N":"1291","new_permit_count":0.0,"CODE":"1291","pud_well_count":0.0,"legal_desc":"T1S BLK 32 SEC 38 A-1291"}},{"type":"Feature","geometry":{"type":"Polygon","coordinates":[[[-101.53849556951342,32.27513453153692],[-101.54691998342201,32.27336877346431],[-101.54756573278867,32.27558090179237],[-101.5478873383847,32.2766333276164],[-101.5488309697303,32.279578197307465],[-101.54903375692503,32.28025108050477],[-101.55108828124874,32.286980143747385],[-101.5343313502206,32.290875386580396],[-101.5301364363907,32.27696343697549],[-101.53023378355384,32.27694355922139],[-101.53849556951342,32.27513453153692]]]},"properties":{"Surv_Name":"MOORE, S W","max_propensity_score":9.0,"top_operator":"APACHE CORPORATION","owner_count":737.0,"ABSTRACT_L":"A-1071","field_name":"Unknown","Surv_Sect":"22","permit_count":0.0,"DESC_":"T&P RR CO","Block":"33 T1N","pending_permit_count":0.0,"production_trend":null,"production_status":"pdp","pdp_well_count":23.0,"well_count":23.0,"STArea__":27736547.231,"ABSTRACT_N":"1071","new_permit_count":0.0,"CODE":"1071","pud_well_count":0.0,"legal_desc":"T1N BLK 33 SEC 22 A-1071"}},{"type":"Feature","geometry":{"type":"Polygon","coordinates":[[[-101.54669618515527,32.272698849812706],[-101.56358632509567,32.269082613609335],[-101.56563128185878,32.27593427545103],[-101.56576033938022,32.27636664991815],[-101.56780008687079,32.283199709115614],[-101.55940985875743,32.285098013804834],[-101.55527184153634,32.28603400845073],[-101.55108828124874,32.286980143747385],[-101.54903375692503,32.28025108050477],[-101.5488309697303,32.279578197307465],[-101.5478873383847,32.2766333276164],[-101.54756573278867,32.27558090179237],[-101.54691998342201,32.27336877346431],[-101.54669618515527,32.272698849812706]]]},"properties":{"Surv_Name":null,"max_propensity_score":8.0,"top_operator":"OVINTIV USA INC.","owner_count":569.0,"ABSTRACT_L":"A-561","field_name":"Unknown","Surv_Sect":"12","permit_count":0.0,"DESC_":"BAUER & COCKRELL","Block":"A","pending_permit_count":0.0,"production_trend":null,"production_status":"pdp","pdp_well_count":16.0,"well_count":16.0,"STArea__":28607048.3328,"ABSTRACT_N":"561","new_permit_count":0.0,"CODE":"561","pud_well_count":0.0,"legal_desc":"BAUER & COCKRELL A-561"}},{"type":"Feature","geometry":{"type":"Polygon","coordinates":[[[-101.53837943774012,32.26008139208179],[-101.54243541597094,32.25916399157499],[-101.54328726194566,32.26188554508858],[-101.54427802310353,32.264989542704726],[-101.54436672447433,32.265345500361136],[-101.5446713481275,32.26633202997711],[-101.54549127248026,32.269008603861344],[-101.54549931236306,32.26903322690294],[-101.54669618515527,32.272698849812706],[-101.54691998342201,32.27336877346431],[-101.53849556951342,32.27513453153692],[-101.53023378355384,32.27694355922139],[-101.5301364363907,32.27696343697549],[-101.5259621742423,32.26288904182844],[-101.52709496434456,32.26263296746834],[-101.52799460417866,32.262429589369866],[-101.52825846025578,32.26236993948328],[-101.52866122656633,32.26227888418219],[-101.52913669941685,32.26217138971723],[-101.52952734643756,32.262083071683136],[-101.53011098839193,32.26195111715262],[-101.53150573085908,32.26163577200052],[-101.53215183776696,32.261489683803575],[-101.53422155559089,32.26102168306347],[-101.53540343282673,32.26075442129596],[-101.53837943774012,32.26008139208179]]]},"properties":{"Surv_Name":null,"max_propensity_score":7.0,"top_operator":"SMC OIL & GAS, INC.","owner_count":336.0,"ABSTRACT_L":"A-313","field_name":"Unknown","Surv_Sect":"23","permit_count":0.0,"DESC_":"T&P RR CO","Block":"33 T1N","pending_permit_count":0.0,"production_trend":null,"production_status":"pdp","pdp_well_count":13.0,"well_count":13.0,"STArea__":28154944.3915,"ABSTRACT_N":"313","new_permit_count":0.0,"CODE":"313","pud_well_count":0.0,"legal_desc":"T1N BLK 33 SEC 23 A-313"}},{"type":"Feature","geometry":{"type":"Polygon","coordinates":[[[-101.5537233493073,32.25656723536992],[-101.55912920678182,32.25532321437083],[-101.56257278274836,32.26595413252552],[-101.56266344673175,32.26623399133866],[-101.56358632509567,32.269082613609335],[-101.54669618515527,32.272698849812706],[-101.54549931236306,32.26903322690294],[-101.54549127248026,32.269008603861344],[-101.5446713481275,32.26633202997711],[-101.54436672447433,32.265345500361136],[-101.54427802310353,32.264989542704726],[-101.54328726194566,32.26188554508858],[-101.54243541597094,32.25916399157499],[-101.55270859685946,32.2568007242589],[-101.5537233493073,32.25656723536992]]]},"properties":{"Surv_Name":null,"max_propensity_score":6.0,"top_operator":"SMC OIL & GAS, INC.","owner_count":107.0,"ABSTRACT_L":"A-555","field_name":"Unknown","Surv_Sect":"6","permit_count":0.0,"DESC_":"BAUER & COCKRELL","Block":"A","pending_permit_count":0.0,"production_trend":null,"production_status":"pdp","pdp_well_count":9.0,"well_count":9.0,"STArea__":27619114.0286,"ABSTRACT_N":"555","new_permit_count":0.0,"CODE":"555","pud_well_count":0.0,"legal_desc":"BAUER & COCKRELL A-555"}},{"type":"Feature","geometry":{"type":"Polygon","coordinates":[[[-101.5537664825992,32.24147556158166],[-101.55478340614575,32.24124823410336],[-101.55912920678182,32.25532321437083],[-101.54243541597094,32.25916399157499],[-101.54044620928923,32.25213210454475],[-101.53839697919183,32.24542917495572],[-101.53831337886655,32.2451557018081],[-101.5382445908061,32.24493067739817],[-101.5393442390175,32.244683607782676],[-101.5405408170603,32.24441474724071],[-101.5537664825992,32.24147556158166]]]},"properties":{"Surv_Name":null,"max_propensity_score":8.0,"top_operator":"PIONEER NATURAL RES. U","owner_count":105.0,"ABSTRACT_L":"A-554","field_name":"Unknown","Surv_Sect":"5","permit_count":0.0,"DESC_":"BAUER & COCKRELL","Block":"A","pending_permit_count":0.0,"production_trend":null,"production_status":"pdp","pdp_well_count":7.0,"well_count":7.0,"STArea__":28197090.7285,"ABSTRACT_N":"554","new_permit_count":0.0,"CODE":"554","pud_well_count":0.0,"legal_desc":"BAUER & COCKRELL A-554"}},{"type":"Feature","geometry":{"type":"Polygon","coordinates":[[[-101.52178190691778,32.24862819180634],[-101.5382445908061,32.24493067739817],[-101.53831337886655,32.2451557018081],[-101.53839697919183,32.24542917495572],[-101.54044620928923,32.25213210454475],[-101.54243541597094,32.25916399157499],[-101.53837943774012,32.26008139208179],[-101.53540343282673,32.26075442129596],[-101.53422155559089,32.26102168306347],[-101.53215183776696,32.261489683803575],[-101.53150573085908,32.26163577200052],[-101.53011098839193,32.26195111715262],[-101.52952734643756,32.262083071683136],[-101.52913669941685,32.26217138971723],[-101.52866122656633,32.26227888418219],[-101.52825846025578,32.26236993948328],[-101.52799460417866,32.262429589369866],[-101.52709496434456,32.26263296746834],[-101.5259621742423,32.26288904182844],[-101.52442413355179,32.2576426104346],[-101.52178190691778,32.24862819180634]]]},"properties":{"Surv_Name":"PHILLIPS, J J JR","max_propensity_score":7.0,"top_operator":"OXY USA INC.","owner_count":412.0,"ABSTRACT_L":"A-1079","field_name":"Unknown","Surv_Sect":"28","permit_count":0.0,"DESC_":"T&P RR CO","Block":"33 T1N","pending_permit_count":0.0,"production_trend":null,"production_status":"pdp","pdp_well_count":18.0,"well_count":18.0,"STArea__":28199972.1211,"ABSTRACT_N":"1079","new_permit_count":0.0,"CODE":"1079","pud_well_count":0.0,"legal_desc":"T1N BLK 33 SEC 28 A-1079"}},{"type":"Feature","geometry":{"type":"Polygon","coordinates":[[[-101.66689481115154,32.261192253447646],[-101.68347894076258,32.25740332467327],[-101.68575363676443,32.264552549264565],[-101.68789274555495,32.27142373229781],[-101.67131160825437,32.27521201492639],[-101.66689481115154,32.261192253447646]]]},"properties":{"Surv_Name":null,"max_propensity_score":5.0,"top_operator":"OXYROCK OPERATING, LLC","owner_count":51.0,"ABSTRACT_L":"A-526","field_name":"Unknown","Surv_Sect":"9","permit_count":0.0,"DESC_":"T&P RR CO","Block":"34 T1N","pending_permit_count":0.0,"production_trend":null,"production_status":"pdp","pdp_well_count":37.0,"well_count":37.0,"STArea__":28044644.7718,"ABSTRACT_N":"526","new_permit_count":0.0,"CODE":"526","pud_well_count":0.0,"legal_desc":"T1N BLK 34 SEC 9 A-526"}},{"type":"Feature","geometry":{"type":"Polygon","coordinates":[[[-101.66279542359632,32.2471304327044],[-101.67924501771415,32.243376579232425],[-101.68098216518402,32.249029802822335],[-101.68262756234215,32.2546114302108],[-101.68347894076258,32.25740332467327],[-101.66689481115154,32.261192253447646],[-101.66279542359632,32.2471304327044]]]},"properties":{"Surv_Name":null,"max_propensity_score":3.0,"top_operator":"OXYROCK OPERATING, LLC","owner_count":7.0,"ABSTRACT_L":"A-524","field_name":"Unknown","Surv_Sect":"15","permit_count":0.0,"DESC_":"T&P RR CO","Block":"34 T1N","pending_permit_count":0.0,"production_trend":null,"production_status":"pdp","pdp_well_count":48.0,"well_count":48.0,"STArea__":27872726.1634,"ABSTRACT_N":"524","new_permit_count":0.0,"CODE":"524","pud_well_count":0.0,"legal_desc":"T1N BLK 34 SEC 15 A-524"}},{"type":"Feature","geometry":{"type":"Polygon","coordinates":[[[-101.67924501771415,32.243376579232425],[-101.69269602904109,32.24031229439986],[-101.69264804323633,32.24320517269745],[-101.69259480915964,32.24638440745341],[-101.69237227607574,32.25241894201304],[-101.69229539170169,32.255419723273405],[-101.68347894076258,32.25740332467327],[-101.68262756234215,32.2546114302108],[-101.68098216518402,32.249029802822335],[-101.67924501771415,32.243376579232425]]]},"properties":{"Surv_Name":"ANDERSON, J H","max_propensity_score":0.0,"top_operator":"","owner_count":0.0,"ABSTRACT_L":"A-1644","field_name":"Unknown","Surv_Sect":"16","permit_count":0.0,"DESC_":"T&P RR CO","Block":"34 T1N","pending_permit_count":0.0,"production_trend":null,"production_status":"pdp","pdp_well_count":4.0,"well_count":4.0,"STArea__":18810191.7235,"ABSTRACT_N":"1644","new_permit_count":0.0,"CODE":"1644","pud_well_count":0.0,"legal_desc":"T1N BLK 34 SEC 16 A-1644"}},{"type":"Feature","geometry":{"type":"Polygon","coordinates":[[[-101.68347894076258,32.25740332467327],[-101.69229539170169,32.255419723273405],[-101.69236401856804,32.26309677078897],[-101.69227716785943,32.27042195387884],[-101.68789274555495,32.27142373229781],[-101.68575363676443,32.264552549264565],[-101.68347894076258,32.25740332467327]]]},"properties":{"Surv_Name":"RASH, L E","max_propensity_score":8.0,"top_operator":"SM ENERGY COMPANY","owner_count":165.0,"ABSTRACT_L":"A-1625","field_name":"Unknown","Surv_Sect":"8","permit_count":0.0,"DESC_":"T&P RR CO","Block":"34 T1N","pending_permit_count":0.0,"production_trend":null,"production_status":"pdp","pdp_well_count":6.0,"well_count":6.0,"STArea__":11187135.8459,"ABSTRACT_N":"1625","new_permit_count":0.0,"CODE":"1625","pud_well_count":0.0,"legal_desc":"T1N BLK 34 SEC 8 A-1625"}},{"type":"Feature","geometry":{"type":"Polygon","coordinates":[[[-101.39527735033684,32.125506222862874],[-101.39544608830361,32.12197282338924],[-101.39960996601476,32.12211614993731],[-101.39980360210664,32.122122811274046],[-101.40077656302708,32.12215627981308],[-101.40087338170058,32.12215961004276],[-101.40183504176909,32.12219169668882],[-101.4041566349549,32.12227249041383],[-101.40451626661634,32.12228484956104],[-101.4109360589166,32.12250529579703],[-101.41246153158201,32.12255762856579],[-101.41228306134147,32.12609409184728],[-101.4117291167692,32.13706903465335],[-101.4117274724771,32.13706897510669],[-101.41066070080177,32.137030462065205],[-101.4096941782535,32.13699556066992],[-101.40766290846635,32.136922185124796],[-101.40746925598413,32.136915188394674],[-101.40642985030576,32.13688048968257],[-101.40538767964759,32.13683995810627],[-101.40432764233333,32.13680163341826],[-101.40326852731754,32.13676333298851],[-101.40326760486872,32.136763299654255],[-101.40120187645144,32.13668857165659],[-101.39891749368645,32.13660635874635],[-101.39474645256752,32.13647532438296],[-101.39483847301467,32.13469507337856],[-101.39501357071771,32.13102924901612],[-101.39507750714023,32.12969060091636],[-101.39514366681341,32.12830537906455],[-101.39524852308355,32.12610984116919],[-101.39526948034543,32.12567100803418],[-101.39527735033684,32.125506222862874]]]},"properties":{"Surv_Name":null,"max_propensity_score":6.0,"top_operator":"HIGHPEAK ENERGY HOLDIN","owner_count":24.0,"ABSTRACT_L":"A-465","field_name":"Unknown","Surv_Sect":"105","permit_count":0.0,"DESC_":"W&NW RR CO","Block":"29","pending_permit_count":0.0,"production_trend":null,"production_status":"pdp","pdp_well_count":1.0,"well_count":1.0,"STArea__":27802977.9541,"ABSTRACT_N":"465","new_permit_count":0.0,"CODE":"465","pud_well_count":0.0,"legal_desc":"W&NW RR CO A-465"}},{"type":"Feature","geometry":{"type":"Polygon","coordinates":[[[-101.39601563684916,32.10775167914478],[-101.39602663770167,32.10747695435009],[-101.41321256757608,32.10767240326387],[-101.41297740653152,32.112333733332726],[-101.41247011613603,32.12238751380639],[-101.41246153158201,32.12255762856579],[-101.4109360589166,32.12250529579703],[-101.40451626661634,32.12228484956104],[-101.4041566349549,32.12227249041383],[-101.40183504176909,32.12219169668882],[-101.40087338170058,32.12215961004276],[-101.40077656302708,32.12215627981308],[-101.39980360210664,32.122122811274046],[-101.39960996601476,32.12211614993731],[-101.39544608830361,32.12197282338924],[-101.39601563684916,32.10775167914478]]]},"properties":{"Surv_Name":"SETTLES, B H","max_propensity_score":8.0,"top_operator":"GRAYROCK ENERGY II, LL","owner_count":42.0,"ABSTRACT_L":"A-1355","field_name":"Unknown","Surv_Sect":"132","permit_count":0.0,"DESC_":"W&NW RR CO","Block":"29","pending_permit_count":0.0,"production_trend":null,"production_status":"pdp","pdp_well_count":21.0,"well_count":21.0,"STArea__":28327975.5708,"ABSTRACT_N":"1355","new_permit_count":0.0,"CODE":"1355","pud_well_count":0.0,"legal_desc":"SETTLES, B H A-1355"}},{"type":"Feature","geometry":{"type":"Polygon","coordinates":[[[-101.43028115579406,32.23902514773966],[-101.44666877336059,32.23537703077895],[-101.4498481919417,32.24566584474016],[-101.44990130308045,32.245838327236946],[-101.44187926228078,32.247622062889214],[-101.44298807609422,32.25109073410833],[-101.44204438491332,32.25130052964984],[-101.43445384366889,32.2529877115732],[-101.43028115579406,32.23902514773966]]]},"properties":{"Surv_Name":"FISHER, B & A","max_propensity_score":0.0,"top_operator":"","owner_count":0.0,"ABSTRACT_L":"A-1056","field_name":"Unknown","Surv_Sect":"4","permit_count":0.0,"DESC_":"T&P RR CO","Block":"32 T1S","pending_permit_count":0.0,"production_trend":null,"production_status":"pdp","pdp_well_count":5.0,"well_count":5.0,"STArea__":24220543.1737,"ABSTRACT_N":"1056","new_permit_count":0.0,"CODE":"1056","pud_well_count":0.0,"legal_desc":"T1S BLK 32 SEC 4 A-1056"}},{"type":"Feature","geometry":{"type":"Polygon","coordinates":[[[-101.42605619966088,32.22491104085558],[-101.44257912004066,32.22123778372388],[-101.44362239488655,32.22485162671873],[-101.44498566176179,32.229573452148436],[-101.44666877336059,32.23537703077895],[-101.43028115579406,32.23902514773966],[-101.42692530603388,32.227736719212146],[-101.42662333105251,32.22675494558109],[-101.42605619966088,32.22491104085558]]]},"properties":{"Surv_Name":null,"max_propensity_score":0.0,"top_operator":"","owner_count":0.0,"ABSTRACT_L":"A-156","field_name":"Unknown","Surv_Sect":"9","permit_count":0.0,"DESC_":"T&P RR CO","Block":"32 T1S","pending_permit_count":0.0,"production_trend":null,"production_status":"pdp","pdp_well_count":3.0,"well_count":3.0,"STArea__":27841664.269,"ABSTRACT_N":"156","new_permit_count":0.0,"CODE":"156","pud_well_count":0.0,"legal_desc":"T1S BLK 32 SEC 9 A-156"}},{"type":"Feature","geometry":{"type":"Polygon","coordinates":[[[-101.26114423534703,32.32157705338532],[-101.27773073750372,32.31792567820807],[-101.27985840445473,32.32503027413501],[-101.27990627652646,32.32519011442486],[-101.2817888565069,32.33091799315016],[-101.2821411839572,32.332025634705126],[-101.2808361718785,32.33232348143785],[-101.27385730956563,32.33383034927812],[-101.26555460000127,32.33562356879077],[-101.26114423534703,32.32157705338532]]]},"properties":{"Surv_Name":"ROBINSON, C J","max_propensity_score":0.0,"top_operator":"","owner_count":0.0,"ABSTRACT_L":"A-1084","field_name":"Unknown","Surv_Sect":"32","permit_count":0.0,"DESC_":"T&P RR CO","Block":"30 T1N","pending_permit_count":0.0,"production_trend":null,"production_status":"pdp","pdp_well_count":9.0,"well_count":9.0,"STArea__":27968848.1282,"ABSTRACT_N":"1084","new_permit_count":0.0,"CODE":"1084","pud_well_count":0.0,"legal_desc":"T1N BLK 30 SEC 32 A-1084"}},{"type":"Feature","geometry":{"type":"Polygon","coordinates":[[[-101.28609805841913,32.31608272768388],[-101.29421383542692,32.31429456744995],[-101.2987968217842,32.32833688424155],[-101.29532940355831,32.32910791912919],[-101.29499810624046,32.32918747054336],[-101.2949355274761,32.329201583856985],[-101.29449972237506,32.32929239472824],[-101.29044789290755,32.33019321205071],[-101.2821411839572,32.332025634705126],[-101.2817888565069,32.33091799315016],[-101.27990627652646,32.32519011442486],[-101.27985840445473,32.32503027413501],[-101.27773073750372,32.31792567820807],[-101.28609805841913,32.31608272768388]]]},"properties":{"Surv_Name":null,"max_propensity_score":5.0,"top_operator":"PARTEE DRILLING INC.","owner_count":49.0,"ABSTRACT_L":"A-238","field_name":"Unknown","Surv_Sect":"31","permit_count":0.0,"DESC_":"T&P RR CO","Block":"30 T1N","pending_permit_count":0.0,"production_trend":null,"production_status":"pdp","pdp_well_count":3.0,"well_count":3.0,"STArea__":28130961.9016,"ABSTRACT_N":"238","new_permit_count":0.0,"CODE":"238","pud_well_count":0.0,"legal_desc":"T1N BLK 30 SEC 31 A-238"}},{"type":"Feature","geometry":{"type":"Polygon","coordinates":[[[-101.2808361718785,32.33232348143785],[-101.2821411839572,32.332025634705126],[-101.28219915468571,32.332197148179944],[-101.28413783418489,32.33914388992319],[-101.28629822033925,32.34618236404219],[-101.27008076969649,32.34958321149292],[-101.26986980699007,32.349627691331335],[-101.26982598154008,32.34946699505798],[-101.26555460000127,32.33562356879077],[-101.27385730956563,32.33383034927812],[-101.2808361718785,32.33232348143785]]]},"properties":{"Surv_Name":null,"max_propensity_score":0.0,"top_operator":"","owner_count":0.0,"ABSTRACT_L":"A-237","field_name":"Unknown","Surv_Sect":"29","permit_count":0.0,"DESC_":"T&P RR CO","Block":"30 T1N","pending_permit_count":0.0,"production_trend":null,"production_status":"pdp","pdp_well_count":8.0,"well_count":8.0,"STArea__":27703906.9912,"ABSTRACT_N":"237","new_permit_count":0.0,"CODE":"237","pud_well_count":0.0,"legal_desc":"T1N BLK 30 SEC 29 A-237"}},{"type":"Feature","geometry":{"type":"Polygon","coordinates":[[[-101.29532940355831,32.32910791912919],[-101.2987968217842,32.32833688424155],[-101.30108143614206,32.3355848944145],[-101.30318526948587,32.34246196342702],[-101.30323739859578,32.34262756796707],[-101.28629822033925,32.34618236404219],[-101.28413783418489,32.33914388992319],[-101.28219915468571,32.332197148179944],[-101.2821411839572,32.332025634705126],[-101.29044789290755,32.33019321205071],[-101.29449972237506,32.32929239472824],[-101.2949355274761,32.329201583856985],[-101.29499810624046,32.32918747054336],[-101.29532940355831,32.32910791912919]]]},"properties":{"Surv_Name":"SHIVE, J W","max_propensity_score":4.0,"top_operator":"PALADIN PETROLEUM III,","owner_count":26.0,"ABSTRACT_L":"A-1008","field_name":"Unknown","Surv_Sect":"30","permit_count":0.0,"DESC_":"T&P RR CO","Block":"30 T1N","pending_permit_count":0.0,"production_trend":null,"production_status":"pdp","pdp_well_count":2.0,"well_count":2.0,"STArea__":28684774.214,"ABSTRACT_N":"1008","new_permit_count":0.0,"CODE":"1008","pud_well_count":0.0,"legal_desc":"T1N BLK 30 SEC 30 A-1008"}},{"type":"Feature","geometry":{"type":"Polygon","coordinates":[[[-101.34739277202739,32.25740418460809],[-101.3638994045601,32.25375081599866],[-101.36517657559185,32.257897119120216],[-101.36579217170959,32.25991891909555],[-101.36614641086378,32.26103553419407],[-101.36821096504734,32.26772237935065],[-101.36013937405812,32.26974123285914],[-101.35174519231902,32.27161021037318],[-101.35167826371035,32.27139804942956],[-101.34739277202739,32.25740418460809]]]},"properties":{"Surv_Name":null,"max_propensity_score":6.0,"top_operator":"PIONEER NATURAL RES. U","owner_count":68.0,"ABSTRACT_L":"A-106","field_name":"Unknown","Surv_Sect":"5","permit_count":0.0,"DESC_":"T&P RR CO","Block":"31 T1S","pending_permit_count":0.0,"production_trend":null,"production_status":"pdp","pdp_well_count":9.0,"well_count":9.0,"STArea__":28060694.2659,"ABSTRACT_N":"106","new_permit_count":0.0,"CODE":"106","pud_well_count":0.0,"legal_desc":"T1S BLK 31 SEC 5 A-106"}},{"type":"Feature","geometry":{"type":"Polygon","coordinates":[[[-101.37223061218722,32.251905942887],[-101.38057142573786,32.250058302804455],[-101.38232871395823,32.255708426035234],[-101.38265676797606,32.25670692856429],[-101.38271565786455,32.25700930795982],[-101.38473318230191,32.26403709592092],[-101.37651261836598,32.265865231801456],[-101.36821096504734,32.26772237935065],[-101.36614641086378,32.26103553419407],[-101.36579217170959,32.25991891909555],[-101.36517657559185,32.257897119120216],[-101.3638994045601,32.25375081599866],[-101.36408721592379,32.25370923415149],[-101.36791819139326,32.252860970692346],[-101.37027010527203,32.252340136886644],[-101.37152213282147,32.25206285391848],[-101.37223061218722,32.251905942887]]]},"properties":{"Surv_Name":"DONOGHE, J H","max_propensity_score":6.0,"top_operator":"HIGHPEAK ENERGY HOLDIN","owner_count":172.0,"ABSTRACT_L":"A-1539","field_name":"Unknown","Surv_Sect":"6","permit_count":0.0,"DESC_":"T&P RR CO","Block":"31 T1S","pending_permit_count":0.0,"production_trend":null,"production_status":"pdp","pdp_well_count":7.0,"well_count":7.0,"STArea__":27907738.8727,"ABSTRACT_N":"1539","new_permit_count":0.0,"CODE":"1539","pud_well_count":0.0,"legal_desc":"T1S BLK 31 SEC 6 A-1539"}},{"type":"Feature","geometry":{"type":"Polygon","coordinates":[[[-101.39622821762825,32.30678145010243],[-101.39776154698299,32.30644747831409],[-101.39995214597164,32.313611268206024],[-101.40096488509214,32.316945829681146],[-101.4020652065506,32.32056847622274],[-101.40201868235515,32.32057853980231],[-101.39384554088512,32.32234615253719],[-101.38954508221724,32.32329298795682],[-101.38541319696157,32.32420262407644],[-101.38336151485304,32.317217659740066],[-101.3812481358697,32.31012328223746],[-101.38143560637299,32.31008016244354],[-101.38950811763785,32.308223105144386],[-101.39350667581196,32.30736170386622],[-101.39622821762825,32.30678145010243]]]},"properties":{"Surv_Name":"BURNS, W B","max_propensity_score":8.0,"top_operator":"VITAL ENERGY, INC.","owner_count":259.0,"ABSTRACT_L":"A-1622","field_name":"Unknown","Surv_Sect":"30","permit_count":0.0,"DESC_":"T&P RR CO","Block":"31 T1N","pending_permit_count":0.0,"production_trend":null,"production_status":"pdp","pdp_well_count":7.0,"well_count":7.0,"STArea__":28054440.1594,"ABSTRACT_N":"1622","new_permit_count":0.0,"CODE":"1622","pud_well_count":0.0,"legal_desc":"T1N BLK 31 SEC 30 A-1622"}},{"type":"Feature","geometry":{"type":"Polygon","coordinates":[[[-101.39194659871384,32.292555484483614],[-101.39349104934118,32.29225916043319],[-101.39359307197407,32.292598171834385],[-101.39776154698299,32.30644747831409],[-101.39622821762825,32.30678145010243],[-101.39350667581196,32.30736170386622],[-101.38950811763785,32.308223105144386],[-101.38143560637299,32.31008016244354],[-101.3812481358697,32.31012328223746],[-101.3801785128108,32.3066431583292],[-101.3800770227122,32.30631293439569],[-101.38007699903774,32.30631285916605],[-101.37837969605206,32.300789900052436],[-101.37698296157207,32.295917867850235],[-101.37709127214569,32.29584563116631],[-101.39194659871384,32.292555484483614]]]},"properties":{"Surv_Name":null,"max_propensity_score":0.0,"top_operator":"","owner_count":0.0,"ABSTRACT_L":"A-95","field_name":"Unknown","Surv_Sect":"31","permit_count":0.0,"DESC_":"T&P RR CO","Block":"31 T1N","pending_permit_count":0.0,"production_trend":null,"production_status":"pdp","pdp_well_count":9.0,"well_count":9.0,"STArea__":28187121.4894,"ABSTRACT_N":"95","new_permit_count":0.0,"CODE":"95","pud_well_count":0.0,"legal_desc":"T1N BLK 31 SEC 31 A-95"}},{"type":"Feature","geometry":{"type":"Polygon","coordinates":[[[-101.26796615176268,32.49739613561351],[-101.26776558584189,32.50453077820881],[-101.26755438858528,32.51204235585733],[-101.25923095603764,32.51183417248146],[-101.25969535394339,32.49719870866264],[-101.26796615176268,32.49739613561351]]]},"properties":{"Surv_Name":"HALLER, H","max_propensity_score":0.0,"top_operator":"","owner_count":0.0,"ABSTRACT_L":"A-1134","field_name":"Unknown","Surv_Sect":"38","permit_count":0.0,"DESC_":"H&TC RR CO","Block":"25","pending_permit_count":0.0,"production_trend":null,"production_status":"pdp","pdp_well_count":3.0,"well_count":3.0,"STArea__":13633912.7895,"ABSTRACT_N":"1134","new_permit_count":0.0,"CODE":"1134","pud_well_count":0.0,"legal_desc":"HALLER, H A-1134"}},{"type":"Feature","geometry":{"type":"Polygon","coordinates":[[[-101.43328255535685,32.13329253612727],[-101.43328438505046,32.133292108327495],[-101.43743969727325,32.146852242584686],[-101.42511201856887,32.149734320968484],[-101.42306060072056,32.15020533932937],[-101.42203075950735,32.15044609953038],[-101.42198790859402,32.15045611634747],[-101.42194338233165,32.150466526446124],[-101.4219049040593,32.15047552134908],[-101.42100595892134,32.15068567082179],[-101.42089919619947,32.15032710331441],[-101.42059056579615,32.14926952764544],[-101.4169942346595,32.13709762126738],[-101.41708770569063,32.13707579238405],[-101.42099343828478,32.136139670650124],[-101.42197686785532,32.13590727847397],[-101.42722663446267,32.13469728845771],[-101.42767262241138,32.13459221132929],[-101.4292444341617,32.13421980495692],[-101.43128981956987,32.133758188278705],[-101.43227363407412,32.13352830014912],[-101.43328255535685,32.13329253612727]]]},"properties":{"Surv_Name":null,"max_propensity_score":5.0,"top_operator":"TRILOGY OPERATING, INC","owner_count":20.0,"ABSTRACT_L":"A-1292","field_name":"Unknown","Surv_Sect":"44","permit_count":0.0,"DESC_":"T&P RR CO","Block":"32 T1S","pending_permit_count":0.0,"production_trend":null,"production_status":"pdp","pdp_well_count":4.0,"well_count":4.0,"STArea__":26793956.1241,"ABSTRACT_N":"1292","new_permit_count":0.0,"CODE":"1292","pud_well_count":0.0,"legal_desc":"T1S BLK 32 SEC 44 A-1292"}},{"type":"Feature","geometry":{"type":"Polygon","coordinates":[[[-101.66174647554132,32.18730984797305],[-101.67020411384264,32.18541925347328],[-101.67150582430835,32.189739926009075],[-101.67224798734804,32.19247041214981],[-101.66402703361217,32.19428847251355],[-101.66174647554132,32.18730984797305]]]},"properties":{"Surv_Name":"WRIGHT, J D","max_propensity_score":5.0,"top_operator":"PIONEER NATURAL RES. U","owner_count":7.0,"ABSTRACT_L":"A-1428","field_name":"Unknown","Surv_Sect":"6","permit_count":0.0,"DESC_":"T.M. WHITE","Block":"34 T1S","pending_permit_count":0.0,"production_trend":null,"production_status":"pdp","pdp_well_count":15.0,"well_count":15.0,"STArea__":7055009.36428,"ABSTRACT_N":"1428","new_permit_count":0.0,"CODE":"1428","pud_well_count":0.0,"legal_desc":"T1S BLK 34 SEC 6 A-1428"}},{"type":"Feature","geometry":{"type":"Polygon","coordinates":[[[-101.66402703361217,32.19428847251355],[-101.67224798734804,32.19247041214981],[-101.67320300616247,32.19513461040836],[-101.67454087056429,32.199456256356605],[-101.66630571568014,32.201285858834495],[-101.6654367381096,32.19851178495219],[-101.66402703361217,32.19428847251355]]]},"properties":{"Surv_Name":"WRIGHT, J D","max_propensity_score":0.0,"top_operator":"","owner_count":0.0,"ABSTRACT_L":"A-1530","field_name":"Unknown","Surv_Sect":"6","permit_count":0.0,"DESC_":"J.D. WRIGHT","Block":"34 T1S","pending_permit_count":0.0,"production_trend":null,"production_status":"none","pdp_well_count":0.0,"well_count":0.0,"STArea__":6961573.90018,"ABSTRACT_N":"1530","new_permit_count":0.0,"CODE":"1530","pud_well_count":0.0,"legal_desc":"T1S BLK 34 SEC 6 A-1530"}},{"type":"Feature","geometry":{"type":"Polygon","coordinates":[[[-101.45394679091423,32.27882742997431],[-101.45982318218586,32.277520320783644],[-101.4642430145613,32.29185086826845],[-101.44744319341625,32.295417244672464],[-101.44561289787961,32.28921483804283],[-101.44534328513527,32.28836346827919],[-101.44530721063188,32.28824954912757],[-101.44530583056564,32.28824519294862],[-101.44498142137786,32.287220761160896],[-101.44493098027117,32.28706147572554],[-101.44469310434354,32.286310285530924],[-101.4432338859873,32.281701916516134],[-101.44309528908794,32.28126418728909],[-101.44328323699939,32.281222866622464],[-101.44829515273165,32.28012094817815],[-101.44896772245622,32.27995368451021],[-101.45030721268412,32.27965471627414],[-101.45394679091423,32.27882742997431]]]},"properties":{"Surv_Name":null,"max_propensity_score":0.0,"top_operator":"","owner_count":0.0,"ABSTRACT_L":"A-144","field_name":"Unknown","Surv_Sect":"33","permit_count":0.0,"DESC_":"T&P RR CO","Block":"32 T1N","pending_permit_count":0.0,"production_trend":null,"production_status":"pdp","pdp_well_count":3.0,"well_count":3.0,"STArea__":28579807.6682,"ABSTRACT_N":"144","new_permit_count":0.0,"CODE":"144","pud_well_count":0.0,"legal_desc":"T1N BLK 32 SEC 33 A-144"}},{"type":"Feature","geometry":{"type":"Polygon","coordinates":[[[-101.36821096504734,32.26772237935065],[-101.38473318230191,32.26403709592092],[-101.38636535361492,32.269209295554475],[-101.38693339042193,32.271009207608834],[-101.38780734713539,32.27377832517942],[-101.38909120074366,32.277845875044655],[-101.38917117565663,32.27811245952442],[-101.38919346774323,32.27818624638961],[-101.38845858530446,32.27837304877277],[-101.38764686114379,32.27858088452441],[-101.37272178772959,32.28179426374108],[-101.36821096504734,32.26772237935065]]]},"properties":{"Surv_Name":null,"max_propensity_score":6.0,"top_operator":"HIGHPEAK ENERGY HOLDIN","owner_count":117.0,"ABSTRACT_L":"A-101","field_name":"Unknown","Surv_Sect":"43","permit_count":0.0,"DESC_":"T&P RR CO","Block":"31 T1N","pending_permit_count":0.0,"production_trend":null,"production_status":"pdp","pdp_well_count":9.0,"well_count":9.0,"STArea__":28070046.1535,"ABSTRACT_N":"101","new_permit_count":0.0,"CODE":"101","pud_well_count":0.0,"legal_desc":"T1N BLK 31 SEC 43 A-101"}},{"type":"Feature","geometry":{"type":"Polygon","coordinates":[[[-101.44990130308045,32.245838327236946],[-101.45097202478746,32.24931546124596],[-101.44298807609422,32.25109073410833],[-101.44187926228078,32.247622062889214],[-101.44990130308045,32.245838327236946]]]},"properties":{"Surv_Name":"FISHER, B & A","max_propensity_score":0.0,"top_operator":"","owner_count":0.0,"ABSTRACT_L":"A-1522","field_name":"Unknown","Surv_Sect":"4","permit_count":0.0,"DESC_":"T&P RR CO","Block":"32 T1S","pending_permit_count":0.0,"production_trend":null,"production_status":"none","pdp_well_count":0.0,"well_count":0.0,"STArea__":3344255.9018,"ABSTRACT_N":"1522","new_permit_count":0.0,"CODE":"1522","pud_well_count":0.0,"legal_desc":"T1S BLK 32 SEC 4 A-1522"}},{"type":"Feature","geometry":{"type":"Polygon","coordinates":[[[-101.44614439045638,32.175338693582034],[-101.46263239922568,32.171635051139305],[-101.46309652678951,32.1731493545208],[-101.4631700673498,32.1733892886939],[-101.46365863800233,32.17498327695405],[-101.4642397785583,32.17687919964581],[-101.46477721837168,32.17863248097865],[-101.46530479700245,32.180353522333135],[-101.46691506587023,32.18560604130486],[-101.45039620945423,32.189272822956916],[-101.44614439045638,32.175338693582034]]]},"properties":{"Surv_Name":null,"max_propensity_score":0.0,"top_operator":"","owner_count":0.0,"ABSTRACT_L":"A-1226","field_name":"Unknown","Surv_Sect":"30","permit_count":0.0,"DESC_":"T&P RR CO","Block":"32 T1S","pending_permit_count":0.0,"production_trend":null,"production_status":"pdp","pdp_well_count":3.0,"well_count":3.0,"STArea__":27689500.0225,"ABSTRACT_N":"1226","new_permit_count":0.0,"CODE":"1226","pud_well_count":0.0,"legal_desc":"T1S BLK 32 SEC 30 A-1226"}}]}