{"type":"FeatureCollection","name":"reagan_parcels_enriched","crs":{"type":"name","properties":{"name":"urn:ogc:def:crs:OGC:1.3:CRS84"}},"features":[{"type":"Feature","properties":{"ABSTRACT_L":"A-401","ABSTRACT_N":"401","LEVEL1_SUR":"ROACH","LEVEL2_BLO":"1","LEVEL3_SUR":"1","Surv_Sect":"1","SHAPE_AREA":1334.9342380051096,"owner_count":2316.0,"top_owner":"MASSEY JACK T COMPANY LLC","top_owner_state":"OK","top_operator":"CIVITAS PERMIAN OPER","max_propensity_score":8.0,"field_name":"Unknown","production_trend":null},"geometry":{"type":"MultiPolygon","coordinates":[[[[-101.6793461337315,31.127998804389097],[-101.68821622550934,31.127997929300157],[-101.68817429844009,31.143184558556435],[-101.67912034398145,31.143100707971687],[-101.6710175158642,31.143025124748046],[-101.67090391221842,31.12840251636491],[-101.6793461337315,31.127998804389097]]],[[[-101.30136729192976,31.434471762581595],[-101.30141895583839,31.448991922563856],[-101.30141260115606,31.449348891089574],[-101.28450685368462,31.449342832292043],[-101.28448264049446,31.44545626592344],[-101.28439398845401,31.43439975290032],[-101.28963241971024,31.434366949996],[-101.30136729192976,31.434471762581595]]]]}},{"type":"Feature","properties":{"ABSTRACT_L":"A-405","ABSTRACT_N":"405","LEVEL1_SUR":"T&P RR","LEVEL2_BLO":"1","LEVEL3_SUR":"10","Surv_Sect":"10","SHAPE_AREA":1303.147793177726,"owner_count":15.0,"top_owner":"DIAMONDBACK E&P LLC  WI","top_owner_state":"OK","top_operator":"DIAMONDBACK E&P LLC","max_propensity_score":6.0,"field_name":"Unknown","production_trend":null},"geometry":{"type":"MultiPolygon","coordinates":[[[[-101.72034129160976,31.14346092359264],[-101.72259808777557,31.143481399487026],[-101.72254862653602,31.15803541545907],[-101.72019340645613,31.158030324945962],[-101.7052636552674,31.157997055184534],[-101.70533601995344,31.14332377219874],[-101.72034129160976,31.14346092359264]]],[[[-101.44263662210666,31.42172623840888],[-101.44262347077091,31.432047961679608],[-101.44264333342015,31.436225272342742],[-101.43783716608874,31.43616018669526],[-101.42559189987088,31.43599354846878],[-101.42559352941483,31.434121703907827],[-101.42559496043107,31.432478771196937],[-101.42559820424755,31.4287662006882],[-101.4256045427602,31.421542652237502],[-101.42560491106946,31.42147713554325],[-101.43779734197557,31.421655689240197],[-101.44263662210666,31.42172623840888]]]]}},{"type":"Feature","properties":{"ABSTRACT_L":"B1--S100","ABSTRACT_N":"B1--S100","LEVEL1_SUR":null,"LEVEL2_BLO":"1","LEVEL3_SUR":"100","Surv_Sect":"100","SHAPE_AREA":644.1174874645613,"owner_count":0.0,"top_owner":"","top_owner_state":"","top_operator":"","max_propensity_score":0.0,"field_name":"Unknown","production_trend":"stable"},"geometry":{"type":"Polygon","coordinates":[[[-101.39189623010748,31.307354726670603],[-101.40113580704653,31.307357075261944],[-101.4008638025684,31.32204637982655],[-101.39219451569758,31.322035268731156],[-101.38405353882514,31.322024300369687],[-101.38421172496014,31.313312683492967],[-101.38432184763418,31.3073118487509],[-101.39189623010748,31.307354726670603]]]}},{"type":"Feature","properties":{"ABSTRACT_L":"B1--S101","ABSTRACT_N":"B1--S101","LEVEL1_SUR":null,"LEVEL2_BLO":"1","LEVEL3_SUR":"101","Surv_Sect":"101","SHAPE_AREA":666.5776674459146,"owner_count":0.0,"top_owner":"","top_owner_state":"","top_operator":"","max_propensity_score":0.0,"field_name":"Unknown","production_trend":null},"geometry":{"type":"Polygon","coordinates":[[[-101.38432184763418,31.3073118487509],[-101.38421172496014,31.313312683492967],[-101.38405353882514,31.322024300369687],[-101.37594529027344,31.321969649624467],[-101.36677855502583,31.321902993721512],[-101.36688345219987,31.31321244100252],[-101.36691586700859,31.307099451330046],[-101.37320588140778,31.30720782293445],[-101.37628738041174,31.307220973530633],[-101.38432184763418,31.3073118487509]]]}},{"type":"Feature","properties":{"ABSTRACT_L":"B1--S102","ABSTRACT_N":"B1--S102","LEVEL1_SUR":null,"LEVEL2_BLO":"1","LEVEL3_SUR":"102","Surv_Sect":"102","SHAPE_AREA":664.7064092361678,"owner_count":0.0,"top_owner":"","top_owner_state":"","top_operator":"","max_propensity_score":0.0,"field_name":"Unknown","production_trend":null},"geometry":{"type":"Polygon","coordinates":[[[-101.34980487785094,31.30665651934224],[-101.35942074738439,31.307014075159266],[-101.36691586700859,31.307099451330046],[-101.36688345219987,31.31321244100252],[-101.36677855502583,31.321902993721512],[-101.35904392568227,31.321776546131428],[-101.34959927055039,31.321619140803005],[-101.34966577552582,31.313110519188484],[-101.34980487785094,31.30665651934224]]]}},{"type":"Feature","properties":{"ABSTRACT_L":"B1--S103","ABSTRACT_N":"B1--S103","LEVEL1_SUR":"T&P RR","LEVEL2_BLO":"1","LEVEL3_SUR":"103","Surv_Sect":"103","SHAPE_AREA":663.2483801403564,"owner_count":27.0,"top_owner":"WEST LAURA POOL","top_owner_state":"CO","top_operator":"DISCOVERY NAT RES","max_propensity_score":5.0,"field_name":"Unknown","production_trend":null},"geometry":{"type":"Polygon","coordinates":[[[-101.33927675387508,31.306634691093628],[-101.34980487785094,31.30665651934224],[-101.34966577552582,31.313110519188484],[-101.34959927055039,31.321619140803005],[-101.33245671279703,31.321422567180814],[-101.33259698023704,31.313980343416922],[-101.33274138980886,31.30658781330076],[-101.33927675387508,31.306634691093628]]]}},{"type":"Feature","properties":{"ABSTRACT_L":"B1--S104","ABSTRACT_N":"B1--S104","LEVEL1_SUR":null,"LEVEL2_BLO":"1","LEVEL3_SUR":"104","Surv_Sect":"104","SHAPE_AREA":658.3081547679532,"owner_count":2.0,"top_owner":"DISCOVERY NAT RESOURCES WI","top_owner_state":"CO","top_operator":"DISCOVERY NAT RES","max_propensity_score":4.0,"field_name":"Unknown","production_trend":null},"geometry":{"type":"Polygon","coordinates":[[[-101.33274138980886,31.30658781330076],[-101.33259698023704,31.313980343416922],[-101.33245671279703,31.321422567180814],[-101.32540885177636,31.32130085917461],[-101.31562214064216,31.321131211466987],[-101.31570913079935,31.313750336282514],[-101.31587094343314,31.306198029885913],[-101.32416477404107,31.306255908772854],[-101.3271702001135,31.306345305909655],[-101.33274138980886,31.30658781330076]]]}},{"type":"Feature","properties":{"ABSTRACT_L":"B1--S105","ABSTRACT_N":"B1--S105","LEVEL1_SUR":null,"LEVEL2_BLO":"1","LEVEL3_SUR":"105","Surv_Sect":"105","SHAPE_AREA":656.3898690068623,"owner_count":0.0,"top_owner":"","top_owner_state":"","top_operator":"","max_propensity_score":0.0,"field_name":"Unknown","production_trend":null},"geometry":{"type":"Polygon","coordinates":[[[-101.30455540299164,31.306309666798565],[-101.31587094343314,31.306198029885913],[-101.31570913079935,31.313750336282514],[-101.31562214064216,31.321131211466987],[-101.29850124216861,31.320864181543502],[-101.29855261771802,31.316952816921145],[-101.29863000129154,31.31358840025218],[-101.29873621090421,31.309545682877488],[-101.2987921759464,31.30630793143121],[-101.30455540299164,31.306309666798565]]]}},{"type":"Feature","properties":{"ABSTRACT_L":"B1--S106","ABSTRACT_N":"B1--S106","LEVEL1_SUR":null,"LEVEL2_BLO":"1","LEVEL3_SUR":"106","Surv_Sect":"106","SHAPE_AREA":643.2162427651815,"owner_count":0.0,"top_owner":"","top_owner_state":"","top_operator":"","max_propensity_score":0.0,"field_name":"Unknown","production_trend":null},"geometry":{"type":"Polygon","coordinates":[[[-101.29093026790352,31.306160504914505],[-101.2987921759464,31.30630793143121],[-101.29873621090421,31.309545682877488],[-101.29863000129154,31.31358840025218],[-101.29855261771802,31.316952816921145],[-101.29850124216861,31.320864181543502],[-101.29008405490586,31.320720584904034],[-101.28152993025785,31.32056881824344],[-101.28186228176013,31.3060512563603],[-101.29093026790352,31.306160504914505]]]}},{"type":"Feature","properties":{"ABSTRACT_L":"B1--S107","ABSTRACT_N":"B1--S107","LEVEL1_SUR":null,"LEVEL2_BLO":"1","LEVEL3_SUR":"107","Surv_Sect":"107","SHAPE_AREA":390.75315834406155,"owner_count":0.0,"top_owner":"","top_owner_state":"","top_operator":"","max_propensity_score":0.0,"field_name":"Unknown","production_trend":null},"geometry":{"type":"Polygon","coordinates":[[[-101.27130151570182,31.32050742805859],[-101.27146598645054,31.30924501059896],[-101.27154103260769,31.308361017474326],[-101.27157632921184,31.305868856376048],[-101.27355378435858,31.305904939283543],[-101.28186228176013,31.3060512563603],[-101.28152993025785,31.32056881824344],[-101.27130151570182,31.32050742805859]]]}},{"type":"Feature","properties":{"ABSTRACT_L":"A-478","ABSTRACT_N":"478","LEVEL1_SUR":"T&P RR","LEVEL2_BLO":"1","LEVEL3_SUR":"11","Surv_Sect":"11","SHAPE_AREA":1297.3212769097283,"owner_count":7.0,"top_owner":"DIAMONDBACK E&P LLC  WI","top_owner_state":"OK","top_operator":"EXTEX OPERATING","max_propensity_score":6.0,"field_name":"Unknown","production_trend":null},"geometry":{"type":"MultiPolygon","coordinates":[[[[-101.70533601995344,31.14332377219874],[-101.7052636552674,31.157997055184534],[-101.70297003805642,31.157984673286265],[-101.68812570317647,31.157903547097796],[-101.68817429844009,31.143184558556435],[-101.70312523729312,31.14330596647556],[-101.70533601995344,31.14332377219874]]],[[[-101.42558470706041,31.421476839642512],[-101.42560491106946,31.42147713554325],[-101.4256045427602,31.421542652237502],[-101.42559820424755,31.4287662006882],[-101.42559496043107,31.432478771196937],[-101.42559352941483,31.434121703907827],[-101.42559189987088,31.43599354846878],[-101.42183226804885,31.435940007141788],[-101.42087516611423,31.435926360249365],[-101.40860087892278,31.435771480719637],[-101.40862207467191,31.421406080242523],[-101.4186265850417,31.42144769341478],[-101.42558470706041,31.421476839642512]]]]}},{"type":"Feature","properties":{"ABSTRACT_L":"B1--S114","ABSTRACT_N":"B1--S114","LEVEL1_SUR":null,"LEVEL2_BLO":"1","LEVEL3_SUR":"114","Surv_Sect":"114","SHAPE_AREA":388.4371013020759,"owner_count":2.0,"top_owner":"PIONEER NATURAL RES INC WI","top_owner_state":"TX","top_operator":"PIONEER NAT RES USA","max_propensity_score":1.0,"field_name":"Unknown","production_trend":null},"geometry":{"type":"Polygon","coordinates":[[[-101.28206444491988,31.29141719419573],[-101.28196903575186,31.29799554513357],[-101.28186228176013,31.3060512563603],[-101.27355378435858,31.305904939283543],[-101.27157632921184,31.305868856376048],[-101.27162393273537,31.302508018958267],[-101.27190706374662,31.29403797345426],[-101.27193128232669,31.291321169642924],[-101.27377139943952,31.291340811350732],[-101.2786682660719,31.291390049556107],[-101.28206444491988,31.29141719419573]]]}},{"type":"Feature","properties":{"ABSTRACT_L":"B1--S115","ABSTRACT_N":"B1--S115","LEVEL1_SUR":null,"LEVEL2_BLO":"1","LEVEL3_SUR":"115","Surv_Sect":"115","SHAPE_AREA":652.8899386481861,"owner_count":0.0,"top_owner":"","top_owner_state":"","top_operator":"","max_propensity_score":0.0,"field_name":"Unknown","production_trend":null},"geometry":{"type":"Polygon","coordinates":[[[-101.28845788056111,31.291467705880812],[-101.29920632803848,31.291526674655916],[-101.29920179693619,31.29176122060173],[-101.29910301369598,31.295145312326248],[-101.29900472812241,31.29895537745815],[-101.29888369181597,31.30261245983669],[-101.2987921759464,31.30630793143121],[-101.29093026790352,31.306160504914505],[-101.28186228176013,31.3060512563603],[-101.28196903575186,31.29799554513357],[-101.28206444491988,31.29141719419573],[-101.28845788056111,31.291467705880812]]]}},{"type":"Feature","properties":{"ABSTRACT_L":"B1--S116","ABSTRACT_N":"B1--S116","LEVEL1_SUR":null,"LEVEL2_BLO":"1","LEVEL3_SUR":"116","Surv_Sect":"116","SHAPE_AREA":638.591477170055,"owner_count":0.0,"top_owner":"","top_owner_state":"","top_operator":"","max_propensity_score":0.0,"field_name":"Unknown","production_trend":null},"geometry":{"type":"Polygon","coordinates":[[[-101.31587094343314,31.306198029885913],[-101.30455540299164,31.306309666798565],[-101.2987921759464,31.30630793143121],[-101.29888369181597,31.30261245983669],[-101.29900472812241,31.29895537745815],[-101.29910301369598,31.295145312326248],[-101.29920179693619,31.29176122060173],[-101.31602091267825,31.291889508599162],[-101.3159381203484,31.298705311213116],[-101.31587094343314,31.306198029885913]]]}},{"type":"Feature","properties":{"ABSTRACT_L":"B1--S117","ABSTRACT_N":"B1--S117","LEVEL1_SUR":null,"LEVEL2_BLO":"1","LEVEL3_SUR":"117","Surv_Sect":"117","SHAPE_AREA":634.3012005951723,"owner_count":0.0,"top_owner":"","top_owner_state":"","top_operator":"","max_propensity_score":0.0,"field_name":"Unknown","production_trend":null},"geometry":{"type":"Polygon","coordinates":[[[-101.32661419415659,31.29199597476167],[-101.33303463854516,31.292052288713627],[-101.33289267957743,31.2989713024792],[-101.33274138980886,31.30658781330076],[-101.3271702001135,31.306345305909655],[-101.32416477404107,31.306255908772854],[-101.31587094343314,31.306198029885913],[-101.3159381203484,31.298705311213116],[-101.31602091267825,31.291889508599162],[-101.32661419415659,31.29199597476167]]]}},{"type":"Feature","properties":{"ABSTRACT_L":"B1--S118","ABSTRACT_N":"B1--S118","LEVEL1_SUR":"T&P RR","LEVEL2_BLO":"1","LEVEL3_SUR":"118","Surv_Sect":"118","SHAPE_AREA":644.4517734921417,"owner_count":2.0,"top_owner":"DISCOVERY NAT RESOURCES WI","top_owner_state":"CO","top_operator":"DISCOVERY NAT RES","max_propensity_score":3.0,"field_name":"Unknown","production_trend":null},"geometry":{"type":"Polygon","coordinates":[[[-101.33274138980886,31.30658781330076],[-101.33289267957743,31.2989713024792],[-101.33303463854516,31.292052288713627],[-101.35003480703779,31.292187968660024],[-101.34989482346539,31.29974345897937],[-101.34980487785094,31.30665651934224],[-101.33927675387508,31.306634691093628],[-101.33274138980886,31.30658781330076]]]}},{"type":"Feature","properties":{"ABSTRACT_L":"B1--S119","ABSTRACT_N":"B1--S119","LEVEL1_SUR":null,"LEVEL2_BLO":"1","LEVEL3_SUR":"119","Surv_Sect":"119","SHAPE_AREA":650.2193697934633,"owner_count":0.0,"top_owner":"","top_owner_state":"","top_operator":"","max_propensity_score":0.0,"field_name":"Unknown","production_trend":null},"geometry":{"type":"Polygon","coordinates":[[[-101.36700824885409,31.29993794092242],[-101.36695029494186,31.30443029208126],[-101.36694039910068,31.30519750930296],[-101.36691586700859,31.307099451330046],[-101.35942074738439,31.307014075159266],[-101.34980487785094,31.30665651934224],[-101.34989482346539,31.29974345897937],[-101.35003480703779,31.292187968660024],[-101.35877137682506,31.292384384515277],[-101.36710704826399,31.292489798459425],[-101.36700824885409,31.29993794092242]]]}},{"type":"Feature","properties":{"ABSTRACT_L":"A-230","ABSTRACT_N":"230","LEVEL1_SUR":"T&P RR","LEVEL2_BLO":"1","LEVEL3_SUR":"12","Surv_Sect":"12","SHAPE_AREA":638.0120678919284,"owner_count":34.0,"top_owner":"DIAMONDBACK E&P LLC  WI","top_owner_state":"OK","top_operator":"CIVITAS PERMIAN OPER","max_propensity_score":6.0,"field_name":"Unknown","production_trend":null},"geometry":{"type":"Polygon","coordinates":[[[-101.40112588066263,31.42132420916225],[-101.40862207467191,31.421406080242523],[-101.40860087892278,31.435771480719637],[-101.4038282906167,31.4357214941342],[-101.39155939601193,31.435655716017823],[-101.39160181984953,31.42823358167967],[-101.3916408624284,31.421198059332873],[-101.40112588066263,31.42132420916225]]]}},{"type":"Feature","properties":{"ABSTRACT_L":"B1--S120","ABSTRACT_N":"B1--S120","LEVEL1_SUR":null,"LEVEL2_BLO":"1","LEVEL3_SUR":"120","Surv_Sect":"120","SHAPE_AREA":664.2654063584098,"owner_count":0.0,"top_owner":"","top_owner_state":"","top_operator":"","max_propensity_score":0.0,"field_name":"Unknown","production_trend":null},"geometry":{"type":"Polygon","coordinates":[[[-101.37320588140778,31.30720782293445],[-101.36691586700859,31.307099451330046],[-101.36694039910068,31.30519750930296],[-101.36695029494186,31.30443029208126],[-101.36700824885409,31.29993794092242],[-101.36710704826399,31.292489798459425],[-101.38452790139745,31.292696398639794],[-101.38441976849174,31.300133464827326],[-101.38432184763418,31.3073118487509],[-101.37628738041174,31.307220973530633],[-101.37320588140778,31.30720782293445]]]}},{"type":"Feature","properties":{"ABSTRACT_L":"A-527","ABSTRACT_N":"527","LEVEL1_SUR":"T&P RR","LEVEL2_BLO":"1","LEVEL3_SUR":"121","Surv_Sect":"121","SHAPE_AREA":636.7925464324385,"owner_count":1.0,"top_owner":"BARROW SHAVER RESOURCES CO","top_owner_state":"TX","top_operator":"BARROW SHAVER RES CO","max_propensity_score":1.0,"field_name":"Unknown","production_trend":null},"geometry":{"type":"Polygon","coordinates":[[[-101.3924710917022,31.292831801311635],[-101.40132008474897,31.292906652291883],[-101.40113580704653,31.307357075261944],[-101.39189623010748,31.307354726670603],[-101.38432184763418,31.3073118487509],[-101.38441976849174,31.300133464827326],[-101.38452790139745,31.292696398639794],[-101.3924710917022,31.292831801311635]]]}},{"type":"Feature","properties":{"ABSTRACT_L":"B1--S122","ABSTRACT_N":"B1--S122","LEVEL1_SUR":null,"LEVEL2_BLO":"1","LEVEL3_SUR":"122","Surv_Sect":"122","SHAPE_AREA":635.0853383548294,"owner_count":0.0,"top_owner":"","top_owner_state":"","top_operator":"","max_propensity_score":0.0,"field_name":"Unknown","production_trend":null},"geometry":{"type":"Polygon","coordinates":[[[-101.41802526626525,31.307409749698348],[-101.40113580704653,31.307357075261944],[-101.40132008474897,31.292906652291883],[-101.41826108390879,31.29307464132132],[-101.41802526626525,31.307409749698348]]]}},{"type":"Feature","properties":{"ABSTRACT_L":"B1--S123","ABSTRACT_N":"B1--S123","LEVEL1_SUR":null,"LEVEL2_BLO":"1","LEVEL3_SUR":"123","Surv_Sect":"123","SHAPE_AREA":624.0914736944707,"owner_count":0.0,"top_owner":"","top_owner_state":"","top_operator":"","max_propensity_score":0.0,"field_name":"Unknown","production_trend":null},"geometry":{"type":"Polygon","coordinates":[[[-101.43495523411336,31.293306857502866],[-101.43496882203036,31.294208557327945],[-101.43475906810646,31.307575037329574],[-101.41802526626525,31.307409749698348],[-101.41826108390879,31.29307464132132],[-101.43495523411336,31.293306857502866]]]}},{"type":"Feature","properties":{"ABSTRACT_L":"B1--S124","ABSTRACT_N":"B1--S124","LEVEL1_SUR":null,"LEVEL2_BLO":"1","LEVEL3_SUR":"124","Surv_Sect":"124","SHAPE_AREA":633.8274808440517,"owner_count":0.0,"top_owner":"","top_owner_state":"","top_operator":"","max_propensity_score":0.0,"field_name":"Unknown","production_trend":null},"geometry":{"type":"Polygon","coordinates":[[[-101.43505593346008,31.285120430971258],[-101.43500909260621,31.29018299297096],[-101.43495523411336,31.293306857502866],[-101.41826108390879,31.29307464132132],[-101.41853150016551,31.27855402292492],[-101.43515470053063,31.278660946368475],[-101.43505593346008,31.285120430971258]]]}},{"type":"Feature","properties":{"ABSTRACT_L":"B1--S125","ABSTRACT_N":"B1--S125","LEVEL1_SUR":null,"LEVEL2_BLO":"1","LEVEL3_SUR":"125","Surv_Sect":"125","SHAPE_AREA":644.854729197332,"owner_count":0.0,"top_owner":"","top_owner_state":"","top_operator":"","max_propensity_score":0.0,"field_name":"Unknown","production_trend":null},"geometry":{"type":"Polygon","coordinates":[[[-101.41853150016551,31.27855402292492],[-101.41826108390879,31.29307464132132],[-101.40132008474897,31.292906652291883],[-101.40149299067824,31.278333821008825],[-101.41853150016551,31.27855402292492]]]}},{"type":"Feature","properties":{"ABSTRACT_L":"B1--S126","ABSTRACT_N":"B1--S126","LEVEL1_SUR":null,"LEVEL2_BLO":"1","LEVEL3_SUR":"126","Surv_Sect":"126","SHAPE_AREA":640.5149085466925,"owner_count":2.0,"top_owner":"DIAMONDBACK E&P LLC  WI","top_owner_state":"OK","top_operator":"DIAMONDBACK E&P LLC","max_propensity_score":6.0,"field_name":"Unknown","production_trend":null},"geometry":{"type":"Polygon","coordinates":[[[-101.39299415104774,31.278265508137977],[-101.40149299067824,31.278333821008825],[-101.40132008474897,31.292906652291883],[-101.3924710917022,31.292831801311635],[-101.38452790139745,31.292696398639794],[-101.38453604911706,31.285655061187036],[-101.38454984544319,31.278197073912995],[-101.39299415104774,31.278265508137977]]]}},{"type":"Feature","properties":{"ABSTRACT_L":"B1--S127","ABSTRACT_N":"B1--S127","LEVEL1_SUR":null,"LEVEL2_BLO":"1","LEVEL3_SUR":"127","Surv_Sect":"127","SHAPE_AREA":650.4271938284917,"owner_count":2.0,"top_owner":"LAKESHORE OPERATING LLC","top_owner_state":"IL","top_operator":"LAKESHORE OPERATING","max_propensity_score":6.0,"field_name":"Unknown","production_trend":null},"geometry":{"type":"Polygon","coordinates":[[[-101.38454984544319,31.278197073912995],[-101.38453604911706,31.285655061187036],[-101.38452790139745,31.292696398639794],[-101.36710704826399,31.292489798459425],[-101.36730387363431,31.28504107818555],[-101.3674387071652,31.278123095704444],[-101.37540200176602,31.27812337439829],[-101.3803904444551,31.27816364449467],[-101.38454984544319,31.278197073912995]]]}},{"type":"Feature","properties":{"ABSTRACT_L":"A-886","ABSTRACT_N":"886","LEVEL1_SUR":"T&P/FREEST","LEVEL2_BLO":"1","LEVEL3_SUR":"128","Surv_Sect":"128","SHAPE_AREA":643.8595888674388,"owner_count":298.0,"top_owner":"DAHM PATSY R ESTATE","top_owner_state":"OR","top_operator":"DISCOVERY NAT RES","max_propensity_score":9.0,"field_name":"Unknown","production_trend":null},"geometry":{"type":"Polygon","coordinates":[[[-101.3674387071652,31.278123095704444],[-101.36730387363431,31.28504107818555],[-101.36710704826399,31.292489798459425],[-101.35877137682506,31.292384384515277],[-101.35003480703779,31.292187968660024],[-101.35025666216688,31.27780662337188],[-101.3674387071652,31.278123095704444]]]}},{"type":"Feature","properties":{"ABSTRACT_L":"B1--S129","ABSTRACT_N":"B1--S129","LEVEL1_SUR":null,"LEVEL2_BLO":"1","LEVEL3_SUR":"129","Surv_Sect":"129","SHAPE_AREA":639.3714947627907,"owner_count":0.0,"top_owner":"","top_owner_state":"","top_operator":"","max_propensity_score":0.0,"field_name":"Unknown","production_trend":null},"geometry":{"type":"Polygon","coordinates":[[[-101.35025666216688,31.27780662337188],[-101.35003480703779,31.292187968660024],[-101.33303463854516,31.292052288713627],[-101.33332145803897,31.277551131338306],[-101.35025666216688,31.27780662337188]]]}},{"type":"Feature","properties":{"ABSTRACT_L":"B1--S13","ABSTRACT_N":"B1--S13","LEVEL1_SUR":"UNIVERSITY LAND SEC 13","LEVEL2_BLO":"1","LEVEL3_SUR":"13","Surv_Sect":"13","SHAPE_AREA":660.023260772353,"owner_count":11.0,"top_owner":"DUGAN PRODUCTION CORP","top_owner_state":"NM","top_operator":"MARTIN JIMMY INC","max_propensity_score":6.0,"field_name":"Unknown","production_trend":null},"geometry":{"type":"Polygon","coordinates":[[[-101.3916408624284,31.421198059332873],[-101.39160181984953,31.42823358167967],[-101.39155939601193,31.435655716017823],[-101.38609733904717,31.435564076493524],[-101.3754018715103,31.43529040212929],[-101.3739491968812,31.43525284129345],[-101.37426509663739,31.420793907440288],[-101.375401671186,31.42081083293115],[-101.38324252451527,31.420998087116658],[-101.3916408624284,31.421198059332873]]]}},{"type":"Feature","properties":{"ABSTRACT_L":"B1--S130","ABSTRACT_N":"B1--S130","LEVEL1_SUR":null,"LEVEL2_BLO":"1","LEVEL3_SUR":"130","Surv_Sect":"130","SHAPE_AREA":644.8570615367779,"owner_count":0.0,"top_owner":"","top_owner_state":"","top_operator":"","max_propensity_score":0.0,"field_name":"Unknown","production_trend":null},"geometry":{"type":"Polygon","coordinates":[[[-101.33332145803897,31.277551131338306],[-101.33303463854516,31.292052288713627],[-101.32661419415659,31.29199597476167],[-101.31602091267825,31.291889508599162],[-101.31623776239458,31.277402373078882],[-101.33332145803897,31.277551131338306]]]}},{"type":"Feature","properties":{"ABSTRACT_L":"B1--S131","ABSTRACT_N":"B1--S131","LEVEL1_SUR":null,"LEVEL2_BLO":"1","LEVEL3_SUR":"131","Surv_Sect":"131","SHAPE_AREA":637.345738978379,"owner_count":0.0,"top_owner":"","top_owner_state":"","top_operator":"","max_propensity_score":0.0,"field_name":"Unknown","production_trend":null},"geometry":{"type":"Polygon","coordinates":[[[-101.31602091267825,31.291889508599162],[-101.29920179693619,31.29176122060173],[-101.29920632803848,31.291526674655916],[-101.29929579934247,31.284390293770763],[-101.29935934347071,31.277238843675203],[-101.31623776239458,31.277402373078882],[-101.31602091267825,31.291889508599162]]]}},{"type":"Feature","properties":{"ABSTRACT_L":"B1--S132","ABSTRACT_N":"B1--S132","LEVEL1_SUR":null,"LEVEL2_BLO":"1","LEVEL3_SUR":"132","Surv_Sect":"132","SHAPE_AREA":642.2200594855226,"owner_count":0.0,"top_owner":"","top_owner_state":"","top_operator":"","max_propensity_score":0.0,"field_name":"Unknown","production_trend":null},"geometry":{"type":"Polygon","coordinates":[[[-101.29126287812062,31.277030701741605],[-101.29935934347071,31.277238843675203],[-101.29929579934247,31.284390293770763],[-101.29920632803848,31.291526674655916],[-101.28845788056111,31.291467705880812],[-101.28206444491988,31.29141719419573],[-101.28219885714091,31.284155043928696],[-101.28233292530716,31.277010993328656],[-101.29126287812062,31.277030701741605]]]}},{"type":"Feature","properties":{"ABSTRACT_L":"B1--S133","ABSTRACT_N":"B1--S133","LEVEL1_SUR":null,"LEVEL2_BLO":"1","LEVEL3_SUR":"133","Surv_Sect":"133","SHAPE_AREA":385.38687253460085,"owner_count":0.0,"top_owner":"","top_owner_state":"","top_operator":"","max_propensity_score":0.0,"field_name":"Unknown","production_trend":null},"geometry":{"type":"Polygon","coordinates":[[[-101.27202305691105,31.281029967927886],[-101.27206565412352,31.27677751626808],[-101.28233292530716,31.277010993328656],[-101.28219885714091,31.284155043928696],[-101.28206444491988,31.29141719419573],[-101.2786682660719,31.291390049556107],[-101.27377139943952,31.291340811350732],[-101.27193128232669,31.291321169642924],[-101.27202305691105,31.281029967927886]]]}},{"type":"Feature","properties":{"ABSTRACT_L":"A-254","ABSTRACT_N":"254","LEVEL1_SUR":"A 254 T&P RR SEC 14","LEVEL2_BLO":"1","LEVEL3_SUR":"14","Surv_Sect":"14","SHAPE_AREA":1297.6869664388114,"owner_count":4.0,"top_owner":"CIVITAS PERMIAN OPER LLC WI","top_owner_state":"CO","top_operator":"EXTEX OPERATING","max_propensity_score":5.0,"field_name":"Unknown","production_trend":null},"geometry":{"type":"MultiPolygon","coordinates":[[[[-101.69256289558977,31.17242260406979],[-101.68804631366493,31.172471196393158],[-101.68806594993873,31.168845133402066],[-101.68808508585091,31.165339375056085],[-101.68809515866019,31.163494749528024],[-101.68811406280702,31.16003388348953],[-101.68812570317647,31.157903547097796],[-101.70297003805642,31.157984673286265],[-101.7052636552674,31.157997055184534],[-101.70518413999169,31.17258576767898],[-101.69632509210194,31.172556007120008],[-101.69256289558977,31.17242260406979]]],[[[-101.36481219676783,31.42070753288472],[-101.37426509663739,31.420793907440288],[-101.3739491968812,31.43525284129345],[-101.36979160330345,31.435214326953933],[-101.3568219077927,31.435067412948985],[-101.35709479441645,31.420644839721128],[-101.36481219676783,31.42070753288472]]]]}},{"type":"Feature","properties":{"ABSTRACT_L":"B1--S140","ABSTRACT_N":"B1--S140","LEVEL1_SUR":null,"LEVEL2_BLO":"1","LEVEL3_SUR":"140","Surv_Sect":"140","SHAPE_AREA":399.3835656987361,"owner_count":0.0,"top_owner":"","top_owner_state":"","top_operator":"","max_propensity_score":0.0,"field_name":"Unknown","production_trend":null},"geometry":{"type":"Polygon","coordinates":[[[-101.28247701867198,31.26203508223391],[-101.28243531618156,31.26992765353381],[-101.28233292530716,31.277010993328656],[-101.27206565412352,31.27677751626808],[-101.27216796594618,31.266523071312367],[-101.27221344854732,31.26198565669634],[-101.28247701867198,31.26203508223391]]]}},{"type":"Feature","properties":{"ABSTRACT_L":"B1--S141","ABSTRACT_N":"B1--S141","LEVEL1_SUR":null,"LEVEL2_BLO":"1","LEVEL3_SUR":"141","Surv_Sect":"141","SHAPE_AREA":658.9992011647515,"owner_count":0.0,"top_owner":"","top_owner_state":"","top_operator":"","max_propensity_score":0.0,"field_name":"Unknown","production_trend":null},"geometry":{"type":"Polygon","coordinates":[[[-101.29139060957084,31.262188865935773],[-101.29941877870486,31.262371735908715],[-101.29939109981433,31.269943142730515],[-101.29935934347071,31.277238843675203],[-101.29126287812062,31.277030701741605],[-101.28233292530716,31.277010993328656],[-101.28243531618156,31.26992765353381],[-101.28247701867198,31.26203508223391],[-101.29139060957084,31.262188865935773]]]}},{"type":"Feature","properties":{"ABSTRACT_L":"B1--S142","ABSTRACT_N":"B1--S142","LEVEL1_SUR":null,"LEVEL2_BLO":"1","LEVEL3_SUR":"142","Surv_Sect":"142","SHAPE_AREA":656.4188809617435,"owner_count":0.0,"top_owner":"","top_owner_state":"","top_operator":"","max_propensity_score":0.0,"field_name":"Unknown","production_trend":null},"geometry":{"type":"Polygon","coordinates":[[[-101.30867891628414,31.26244364090949],[-101.31644882516385,31.262702266099],[-101.31623776239458,31.277402373078882],[-101.29935934347071,31.277238843675203],[-101.29939109981433,31.269943142730515],[-101.29941877870486,31.262371735908715],[-101.30867891628414,31.26244364090949]]]}},{"type":"Feature","properties":{"ABSTRACT_L":"B1--S143","ABSTRACT_N":"B1--S143","LEVEL1_SUR":null,"LEVEL2_BLO":"1","LEVEL3_SUR":"143","Surv_Sect":"143","SHAPE_AREA":654.9022070900593,"owner_count":0.0,"top_owner":"","top_owner_state":"","top_operator":"","max_propensity_score":0.0,"field_name":"Unknown","production_trend":null},"geometry":{"type":"Polygon","coordinates":[[[-101.32512465985477,31.26280404200614],[-101.33354033255793,31.26290378600522],[-101.33347094309214,31.26951669403413],[-101.33332145803897,31.277551131338306],[-101.31623776239458,31.277402373078882],[-101.31644882516385,31.262702266099],[-101.32512465985477,31.26280404200614]]]}},{"type":"Feature","properties":{"ABSTRACT_L":"B1--S144","ABSTRACT_N":"B1--S144","LEVEL1_SUR":null,"LEVEL2_BLO":"1","LEVEL3_SUR":"144","Surv_Sect":"144","SHAPE_AREA":646.5584337513476,"owner_count":0.0,"top_owner":"","top_owner_state":"","top_operator":"","max_propensity_score":0.0,"field_name":"Unknown","production_trend":null},"geometry":{"type":"Polygon","coordinates":[[[-101.34228475811237,31.263036500125395],[-101.35047241683688,31.263212950574356],[-101.3503942068133,31.269861913678497],[-101.35025666216688,31.27780662337188],[-101.33332145803897,31.277551131338306],[-101.33347094309214,31.26951669403413],[-101.33354033255793,31.26290378600522],[-101.34228475811237,31.263036500125395]]]}},{"type":"Feature","properties":{"ABSTRACT_L":"B1--S145","ABSTRACT_N":"B1--S145","LEVEL1_SUR":null,"LEVEL2_BLO":"1","LEVEL3_SUR":"145","Surv_Sect":"145","SHAPE_AREA":653.4476866493211,"owner_count":0.0,"top_owner":"","top_owner_state":"","top_operator":"","max_propensity_score":0.0,"field_name":"Unknown","production_trend":null},"geometry":{"type":"Polygon","coordinates":[[[-101.36775626341476,31.26364574271899],[-101.3674387071652,31.278123095704444],[-101.35025666216688,31.27780662337188],[-101.3503942068133,31.269861913678497],[-101.35047241683688,31.263212950574356],[-101.36775626341476,31.26364574271899]]]}},{"type":"Feature","properties":{"ABSTRACT_L":"B1--S146","ABSTRACT_N":"B1--S146","LEVEL1_SUR":"T&P","LEVEL2_BLO":"1","LEVEL3_SUR":"146","Surv_Sect":"146","SHAPE_AREA":645.923948146003,"owner_count":10.0,"top_owner":"LAKESHORE OPERATING LLC","top_owner_state":"IL","top_operator":"DISCOVERY NAT RES","max_propensity_score":6.0,"field_name":"Unknown","production_trend":null},"geometry":{"type":"Polygon","coordinates":[[[-101.38479416833586,31.26364345677177],[-101.38454984544319,31.278197073912995],[-101.3803904444551,31.27816364449467],[-101.37540200176602,31.27812337439829],[-101.3674387071652,31.278123095704444],[-101.36775626341476,31.26364574271899],[-101.38479416833586,31.26364345677177]]]}},{"type":"Feature","properties":{"ABSTRACT_L":"A-538","ABSTRACT_N":"538","LEVEL1_SUR":"T&PRR","LEVEL2_BLO":"1","LEVEL3_SUR":"147","Surv_Sect":"147","SHAPE_AREA":641.3380067658377,"owner_count":176.0,"top_owner":"MORRISON ROBERT ESTATE","top_owner_state":"OH","top_operator":"DISCOVERY NAT RES","max_propensity_score":10.0,"field_name":"Unknown","production_trend":null},"geometry":{"type":"Polygon","coordinates":[[[-101.3935633739174,31.263782626856326],[-101.40177669391632,31.26391243029176],[-101.40149299067824,31.278333821008825],[-101.39299415104774,31.278265508137977],[-101.38454984544319,31.278197073912995],[-101.38479416833586,31.26364345677177],[-101.3935633739174,31.263782626856326]]]}},{"type":"Feature","properties":{"ABSTRACT_L":"A-686","ABSTRACT_N":"686","LEVEL1_SUR":"BLK 1 SEC 148 A-686","LEVEL2_BLO":"1","LEVEL3_SUR":"148","Surv_Sect":"148","SHAPE_AREA":639.9845535332548,"owner_count":803.0,"top_owner":"GALL ROBERT E ESTATE","top_owner_state":"NY","top_operator":"DISCOVERY NAT RES","max_propensity_score":10.0,"field_name":"Unknown","production_trend":null},"geometry":{"type":"Polygon","coordinates":[[[-101.4186531859539,31.26403937401505],[-101.41857703307231,31.271608425770477],[-101.41853150016551,31.27855402292492],[-101.40149299067824,31.278333821008825],[-101.40177669391632,31.26391243029176],[-101.4186531859539,31.26403937401505]]]}},{"type":"Feature","properties":{"ABSTRACT_L":"B1--S149","ABSTRACT_N":"B1--S149","LEVEL1_SUR":"T&P RR","LEVEL2_BLO":"1","LEVEL3_SUR":"149","Surv_Sect":"149","SHAPE_AREA":631.9686264830077,"owner_count":86.0,"top_owner":"MEKUSUKEY OIL COMPANY LLC","top_owner_state":"OK","top_operator":"DISCOVERY NAT RES","max_propensity_score":8.0,"field_name":"Unknown","production_trend":null},"geometry":{"type":"Polygon","coordinates":[[[-101.41857703307231,31.271608425770477],[-101.4186531859539,31.26403937401505],[-101.42648452612431,31.264083134698854],[-101.43537250066453,31.264130308524283],[-101.43515470053063,31.278660946368475],[-101.41853150016551,31.27855402292492],[-101.41857703307231,31.271608425770477]]]}},{"type":"Feature","properties":{"ABSTRACT_L":"B1--S15","ABSTRACT_N":"B1--S15","LEVEL1_SUR":null,"LEVEL2_BLO":"1","LEVEL3_SUR":"15","Surv_Sect":"15","SHAPE_AREA":1280.2000778304214,"owner_count":4.0,"top_owner":"UNIVERSITY OF TEXAS PUFF LANDS","top_owner_state":"TX","top_operator":"EXTEX OPERATING","max_propensity_score":1.0,"field_name":"Unknown","production_trend":null},"geometry":{"type":"MultiPolygon","coordinates":[[[[-101.72254862653602,31.15803541545907],[-101.72244964297148,31.172395419074675],[-101.72004745268033,31.172422041446755],[-101.70518413999169,31.17258576767898],[-101.7052636552674,31.157997055184534],[-101.72019340645613,31.158030324945962],[-101.72254862653602,31.15803541545907]]],[[[-101.3481929983973,31.43495301323085],[-101.3402849133555,31.43484610258047],[-101.34023850548962,31.42043651125331],[-101.34856289678352,31.420539671312323],[-101.35709479441645,31.420644839721128],[-101.3568219077927,31.435067412948985],[-101.35379666129185,31.435027995629937],[-101.3481929983973,31.43495301323085]]]]}},{"type":"Feature","properties":{"ABSTRACT_L":"B1--S150","ABSTRACT_N":"B1--S150","LEVEL1_SUR":null,"LEVEL2_BLO":"1","LEVEL3_SUR":"150","Surv_Sect":"150","SHAPE_AREA":635.6792893451156,"owner_count":5.0,"top_owner":"MICHAELSON PRODUCING CO","top_owner_state":"TX","top_operator":"MICHAELSON PRODUCING","max_propensity_score":3.0,"field_name":"Unknown","production_trend":null},"geometry":{"type":"Polygon","coordinates":[[[-101.42655790051671,31.249501162288897],[-101.43559732382732,31.24957535339829],[-101.4354880446713,31.255842150167236],[-101.43548553208346,31.25671662737801],[-101.43544750370253,31.25970948074959],[-101.43538829304723,31.263748005205187],[-101.43537250066453,31.264130308524283],[-101.42648452612431,31.264083134698854],[-101.4186531859539,31.26403937401505],[-101.4187835602477,31.25656962246657],[-101.41891384021842,31.24942078576939],[-101.42655790051671,31.249501162288897]]]}},{"type":"Feature","properties":{"ABSTRACT_L":"B1--S151","ABSTRACT_N":"B1--S151","LEVEL1_SUR":null,"LEVEL2_BLO":"1","LEVEL3_SUR":"151","Surv_Sect":"151","SHAPE_AREA":650.4384059661642,"owner_count":2.0,"top_owner":"TEXAS SCOTTISH RITE HOSPITAL","top_owner_state":"TX","top_operator":"DIGITAL OPER CO LLC","max_propensity_score":2.0,"field_name":"Unknown","production_trend":null},"geometry":{"type":"Polygon","coordinates":[[[-101.4106184177958,31.249317227528305],[-101.41891384021842,31.24942078576939],[-101.4187835602477,31.25656962246657],[-101.4186531859539,31.26403937401505],[-101.40177669391632,31.26391243029176],[-101.40175719238981,31.25640748222895],[-101.40186068819202,31.249196030819203],[-101.4106184177958,31.249317227528305]]]}},{"type":"Feature","properties":{"ABSTRACT_L":"A-895","ABSTRACT_N":"895","LEVEL1_SUR":"T&P","LEVEL2_BLO":"1","LEVEL3_SUR":"152","Surv_Sect":"152","SHAPE_AREA":651.728734365945,"owner_count":8.0,"top_owner":"DISCOVERY NAT RESOURCES WI","top_owner_state":"CO","top_operator":"DISCOVERY NAT RES","max_propensity_score":3.0,"field_name":"Unknown","production_trend":null},"geometry":{"type":"Polygon","coordinates":[[[-101.40177669391632,31.26391243029176],[-101.3935633739174,31.263782626856326],[-101.38479416833586,31.26364345677177],[-101.38480075029194,31.256216996659155],[-101.38484220305072,31.25015934648236],[-101.3848279845164,31.24898771490019],[-101.39361056691087,31.249047637962313],[-101.40186068819202,31.249196030819203],[-101.40175719238981,31.25640748222895],[-101.40177669391632,31.26391243029176]]]}},{"type":"Feature","properties":{"ABSTRACT_L":"B1--S153","ABSTRACT_N":"B1--S153","LEVEL1_SUR":null,"LEVEL2_BLO":"1","LEVEL3_SUR":"153","Surv_Sect":"153","SHAPE_AREA":656.9135757465834,"owner_count":0.0,"top_owner":"","top_owner_state":"","top_operator":"","max_propensity_score":0.0,"field_name":"Unknown","production_trend":null},"geometry":{"type":"Polygon","coordinates":[[[-101.3848279845164,31.24898771490019],[-101.38484220305072,31.25015934648236],[-101.38480075029194,31.256216996659155],[-101.38479416833586,31.26364345677177],[-101.36775626341476,31.26364574271899],[-101.36778678906643,31.24874118331511],[-101.3769624796191,31.24888685259513],[-101.3848279845164,31.24898771490019]]]}},{"type":"Feature","properties":{"ABSTRACT_L":"B1--S154","ABSTRACT_N":"B1--S154","LEVEL1_SUR":null,"LEVEL2_BLO":"1","LEVEL3_SUR":"154","Surv_Sect":"154","SHAPE_AREA":663.7054851025971,"owner_count":0.0,"top_owner":"","top_owner_state":"","top_operator":"","max_propensity_score":0.0,"field_name":"Unknown","production_trend":null},"geometry":{"type":"Polygon","coordinates":[[[-101.3599313686565,31.24859459068425],[-101.36778678906643,31.24874118331511],[-101.36775626341476,31.26364574271899],[-101.35047241683688,31.263212950574356],[-101.35071223288176,31.25015971280841],[-101.35071944276024,31.248546583502684],[-101.3599313686565,31.24859459068425]]]}},{"type":"Feature","properties":{"ABSTRACT_L":"B1--S155","ABSTRACT_N":"B1--S155","LEVEL1_SUR":null,"LEVEL2_BLO":"1","LEVEL3_SUR":"155","Surv_Sect":"155","SHAPE_AREA":648.3771529256006,"owner_count":0.0,"top_owner":"","top_owner_state":"","top_operator":"","max_propensity_score":0.0,"field_name":"Unknown","production_trend":null},"geometry":{"type":"Polygon","coordinates":[[[-101.33367459835357,31.250148799824732],[-101.33374719570324,31.248294436727925],[-101.35071944276024,31.248546583502684],[-101.35071223288176,31.25015971280841],[-101.35047241683688,31.263212950574356],[-101.34228475811237,31.263036500125395],[-101.33354033255793,31.26290378600522],[-101.33367459835357,31.250148799824732]]]}},{"type":"Feature","properties":{"ABSTRACT_L":"B1--S156","ABSTRACT_N":"B1--S156","LEVEL1_SUR":null,"LEVEL2_BLO":"1","LEVEL3_SUR":"156","Surv_Sect":"156","SHAPE_AREA":651.9943522480919,"owner_count":0.0,"top_owner":"","top_owner_state":"","top_operator":"","max_propensity_score":0.0,"field_name":"Unknown","production_trend":null},"geometry":{"type":"Polygon","coordinates":[[[-101.33354033255793,31.26290378600522],[-101.32512465985477,31.26280404200614],[-101.31644882516385,31.262702266099],[-101.316650735897,31.254659160586392],[-101.31668177628333,31.25016251055622],[-101.31669494558538,31.248076275415027],[-101.3254699444022,31.248061825568325],[-101.33374719570324,31.248294436727925],[-101.33367459835357,31.250148799824732],[-101.33354033255793,31.26290378600522]]]}},{"type":"Feature","properties":{"ABSTRACT_L":"A-543","ABSTRACT_N":"543","LEVEL1_SUR":"T&P","LEVEL2_BLO":"1","LEVEL3_SUR":"157","Surv_Sect":"157","SHAPE_AREA":649.4352270474965,"owner_count":1.0,"top_owner":"DISCOVERY NAT RESOURCES WI","top_owner_state":"CO","top_operator":"DISCOVERY NAT RES","max_propensity_score":4.0,"field_name":"Unknown","production_trend":null},"geometry":{"type":"Polygon","coordinates":[[[-101.30889273508468,31.247978150045196],[-101.31669494558538,31.248076275415027],[-101.31668177628333,31.25016251055622],[-101.316650735897,31.254659160586392],[-101.31644882516385,31.262702266099],[-101.30867891628414,31.26244364090949],[-101.29941877870486,31.262371735908715],[-101.29949786458585,31.250160159004267],[-101.29949431713878,31.24785760902353],[-101.30889273508468,31.247978150045196]]]}},{"type":"Feature","properties":{"ABSTRACT_L":"B1--S158","ABSTRACT_N":"B1--S158","LEVEL1_SUR":null,"LEVEL2_BLO":"1","LEVEL3_SUR":"158","Surv_Sect":"158","SHAPE_AREA":634.8542997157259,"owner_count":0.0,"top_owner":"","top_owner_state":"","top_operator":"","max_propensity_score":0.0,"field_name":"Unknown","production_trend":null},"geometry":{"type":"Polygon","coordinates":[[[-101.2915149319146,31.247755729449082],[-101.29949431713878,31.24785760902353],[-101.29949786458585,31.250160159004267],[-101.29941877870486,31.262371735908715],[-101.29139060957084,31.262188865935773],[-101.28247701867198,31.26203508223391],[-101.2827220027247,31.250159964705524],[-101.28273050438055,31.247642568619703],[-101.2915149319146,31.247755729449082]]]}},{"type":"Feature","properties":{"ABSTRACT_L":"B1--S159","ABSTRACT_N":"B1--S159","LEVEL1_SUR":null,"LEVEL2_BLO":"1","LEVEL3_SUR":"159","Surv_Sect":"159","SHAPE_AREA":388.483956935714,"owner_count":0.0,"top_owner":"","top_owner_state":"","top_operator":"","max_propensity_score":0.0,"field_name":"Unknown","production_trend":null},"geometry":{"type":"Polygon","coordinates":[[[-101.27367765844299,31.24757359839281],[-101.28273050438055,31.247642568619703],[-101.2827220027247,31.250159964705524],[-101.28247701867198,31.26203508223391],[-101.27221344854732,31.26198565669634],[-101.2723329307683,31.250151081490877],[-101.27240036280512,31.247560461749575],[-101.27367765844299,31.24757359839281]]]}},{"type":"Feature","properties":{"ABSTRACT_L":"A-432","ABSTRACT_N":"432","LEVEL1_SUR":"SUTPHEN SW,","LEVEL2_BLO":"1","LEVEL3_SUR":"16","Surv_Sect":"16","SHAPE_AREA":1235.1272308639154,"owner_count":4.0,"top_owner":"TEXAS SCOTTISH RITE HOSPITAL","top_owner_state":"TX","top_operator":"APACHE CORP","max_propensity_score":1.0,"field_name":"Unknown","production_trend":null},"geometry":{"type":"MultiPolygon","coordinates":[[[[-101.72254862653602,31.15803541545907],[-101.72644381593106,31.158056891394455],[-101.7394031421885,31.158127492046642],[-101.73937470332324,31.172202535203958],[-101.72244964297148,31.172395419074675],[-101.72254862653602,31.15803541545907]]],[[[-101.32401340611906,31.434675676401188],[-101.32404795262995,31.420316164862598],[-101.33082670534093,31.42036680129854],[-101.34023850548962,31.42043651125331],[-101.3402849133555,31.43484610258047],[-101.33557000767046,31.434784048144337],[-101.32401340611906,31.434675676401188]]]]}},{"type":"Feature","properties":{"ABSTRACT_L":"A-1259","ABSTRACT_N":"1259","LEVEL1_SUR":"T&PRR","LEVEL2_BLO":"1","LEVEL3_SUR":"166","Surv_Sect":"166","SHAPE_AREA":388.65347184225215,"owner_count":10.0,"top_owner":"WEATHERL ENERGY INVESTMENTS LP","top_owner_state":"TX","top_operator":"PERMIAN RESOURCES OP","max_propensity_score":4.0,"field_name":"Unknown","production_trend":null},"geometry":{"type":"Polygon","coordinates":[[[-101.2827853025112,31.23306387771162],[-101.28273050438055,31.247642568619703],[-101.27367765844299,31.24757359839281],[-101.27240036280512,31.247560461749575],[-101.27253500050327,31.242388031241518],[-101.27255104621088,31.2412389584618],[-101.27260102038845,31.237329938613513],[-101.27260804072239,31.23717399911356],[-101.27266255768036,31.23296252216718],[-101.2827853025112,31.23306387771162]]]}},{"type":"Feature","properties":{"ABSTRACT_L":"B1--S167","ABSTRACT_N":"B1--S167","LEVEL1_SUR":"T&P RR","LEVEL2_BLO":"1","LEVEL3_SUR":"167","Surv_Sect":"167","SHAPE_AREA":643.7451533238765,"owner_count":50.0,"top_owner":"MASH MINERALS LLC","top_owner_state":"TX","top_operator":"RP OPERATING LLC","max_propensity_score":3.0,"field_name":"Unknown","production_trend":null},"geometry":{"type":"Polygon","coordinates":[[[-101.29982764780475,31.233226315351068],[-101.29962702615401,31.24047086835847],[-101.29949431713878,31.24785760902353],[-101.2915149319146,31.247755729449082],[-101.28273050438055,31.247642568619703],[-101.2827853025112,31.23306387771162],[-101.29982764780475,31.233226315351068]]]}},{"type":"Feature","properties":{"ABSTRACT_L":"B1--S168","ABSTRACT_N":"B1--S168","LEVEL1_SUR":null,"LEVEL2_BLO":"1","LEVEL3_SUR":"168","Surv_Sect":"168","SHAPE_AREA":656.8771993170657,"owner_count":0.0,"top_owner":"","top_owner_state":"","top_operator":"","max_propensity_score":0.0,"field_name":"Unknown","production_trend":null},"geometry":{"type":"Polygon","coordinates":[[[-101.30890081992224,31.233288792414516],[-101.31687671608988,31.233324809380512],[-101.3167683505205,31.240653083773967],[-101.31669494558538,31.248076275415027],[-101.30889273508468,31.247978150045196],[-101.29949431713878,31.24785760902353],[-101.29962702615401,31.24047086835847],[-101.29982764780475,31.233226315351068],[-101.30890081992224,31.233288792414516]]]}},{"type":"Feature","properties":{"ABSTRACT_L":"B1--S169","ABSTRACT_N":"B1--S169","LEVEL1_SUR":"T&P","LEVEL2_BLO":"1","LEVEL3_SUR":"169","Surv_Sect":"169","SHAPE_AREA":654.5347316188813,"owner_count":117.0,"top_owner":"MAP2012-OK","top_owner_state":"OK","top_operator":"RP OPERATING LLC","max_propensity_score":5.0,"field_name":"Unknown","production_trend":null},"geometry":{"type":"Polygon","coordinates":[[[-101.33403016591606,31.240895349193785],[-101.33374719570324,31.248294436727925],[-101.3254699444022,31.248061825568325],[-101.31669494558538,31.248076275415027],[-101.3167683505205,31.240653083773967],[-101.31687671608988,31.233324809380512],[-101.32561257800471,31.23353358230973],[-101.33401383364588,31.233722652687344],[-101.33403016591606,31.240895349193785]]]}},{"type":"Feature","properties":{"ABSTRACT_L":"B1--S17","ABSTRACT_N":"B1--S17","LEVEL1_SUR":null,"LEVEL2_BLO":"1","LEVEL3_SUR":"17","Surv_Sect":"17","SHAPE_AREA":1230.2006630406865,"owner_count":4.0,"top_owner":"BRIDWELL OIL COMPANY","top_owner_state":"TX","top_operator":"BRIDWELL OIL CO.","max_propensity_score":1.0,"field_name":"Unknown","production_trend":null},"geometry":{"type":"MultiPolygon","coordinates":[[[[-101.75556977021719,31.158404099485093],[-101.7554181849029,31.172198859699105],[-101.75041006192258,31.172200107925786],[-101.73937470332324,31.172202535203958],[-101.7394031421885,31.158127492046642],[-101.75041016343219,31.15831593597729],[-101.75556977021719,31.158404099485093]]],[[[-101.32404795262995,31.420316164862598],[-101.32401340611906,31.434675676401188],[-101.31862085629942,31.434617851260345],[-101.30677868840407,31.434501986258326],[-101.30675445006106,31.43450177394455],[-101.3068381766388,31.427679039145744],[-101.3068716478663,31.42011914981637],[-101.31590018539227,31.420222996324743],[-101.32404795262995,31.420316164862598]]]]}},{"type":"Feature","properties":{"ABSTRACT_L":"B1--S170","ABSTRACT_N":"B1--S170","LEVEL1_SUR":"T&P/DE FREEST","LEVEL2_BLO":"1","LEVEL3_SUR":"170","Surv_Sect":"170","SHAPE_AREA":647.0013582269023,"owner_count":132.0,"top_owner":"KHATOON TAHIRA ESTATE","top_owner_state":"TX","top_operator":"RP OPERATING LLC","max_propensity_score":6.0,"field_name":"Unknown","production_trend":null},"geometry":{"type":"Polygon","coordinates":[[[-101.35105423588345,31.23389201141425],[-101.35089123208358,31.241762954870175],[-101.35071944276024,31.248546583502684],[-101.33374719570324,31.248294436727925],[-101.33403016591606,31.240895349193785],[-101.33401383364588,31.233722652687344],[-101.34247228412288,31.233775531091357],[-101.35105423588345,31.23389201141425]]]}},{"type":"Feature","properties":{"ABSTRACT_L":"B1--S171","ABSTRACT_N":"B1--S171","LEVEL1_SUR":null,"LEVEL2_BLO":"1","LEVEL3_SUR":"171","Surv_Sect":"171","SHAPE_AREA":642.4766146126798,"owner_count":0.0,"top_owner":"","top_owner_state":"","top_operator":"","max_propensity_score":0.0,"field_name":"Unknown","production_trend":null},"geometry":{"type":"Polygon","coordinates":[[[-101.35071944276024,31.248546583502684],[-101.35089123208358,31.241762954870175],[-101.35105423588345,31.23389201141425],[-101.36006338417235,31.234165497845517],[-101.36799816534774,31.234371662728424],[-101.36789023635963,31.24218958042178],[-101.36778678906643,31.24874118331511],[-101.3599313686565,31.24859459068425],[-101.35071944276024,31.248546583502684]]]}},{"type":"Feature","properties":{"ABSTRACT_L":"A-879","ABSTRACT_N":"879","LEVEL1_SUR":"T&P","LEVEL2_BLO":"1","LEVEL3_SUR":"172","Surv_Sect":"172","SHAPE_AREA":641.6366518454915,"owner_count":1.0,"top_owner":"DISCOVERY NAT RESOURCES WI","top_owner_state":"CO","top_operator":"DISCOVERY NAT RES","max_propensity_score":4.0,"field_name":"Unknown","production_trend":null},"geometry":{"type":"Polygon","coordinates":[[[-101.37722575157439,31.234436426457023],[-101.38506207290303,31.234562361349713],[-101.38491996481498,31.24241261704058],[-101.3848279845164,31.24898771490019],[-101.3769624796191,31.24888685259513],[-101.36778678906643,31.24874118331511],[-101.36789023635963,31.24218958042178],[-101.36799816534774,31.234371662728424],[-101.37722575157439,31.234436426457023]]]}},{"type":"Feature","properties":{"ABSTRACT_L":"B1--S173","ABSTRACT_N":"B1--S173","LEVEL1_SUR":null,"LEVEL2_BLO":"1","LEVEL3_SUR":"173","Surv_Sect":"173","SHAPE_AREA":638.729692399875,"owner_count":0.0,"top_owner":"","top_owner_state":"","top_operator":"","max_propensity_score":0.0,"field_name":"Unknown","production_trend":null},"geometry":{"type":"Polygon","coordinates":[[[-101.40197951374454,31.242555382135468],[-101.40186068819202,31.249196030819203],[-101.39361056691087,31.249047637962313],[-101.3848279845164,31.24898771490019],[-101.38491996481498,31.24241261704058],[-101.38506207290303,31.234562361349713],[-101.4021188190889,31.234876764252625],[-101.40197951374454,31.242555382135468]]]}},{"type":"Feature","properties":{"ABSTRACT_L":"B1--S174","ABSTRACT_N":"B1--S174","LEVEL1_SUR":null,"LEVEL2_BLO":"1","LEVEL3_SUR":"174","Surv_Sect":"174","SHAPE_AREA":634.5078702837952,"owner_count":0.0,"top_owner":"","top_owner_state":"","top_operator":"","max_propensity_score":0.0,"field_name":"Unknown","production_trend":null},"geometry":{"type":"Polygon","coordinates":[[[-101.4021188190889,31.234876764252625],[-101.41084135629312,31.235018354787343],[-101.41906871785824,31.235151363116152],[-101.41898790002539,31.242360893230785],[-101.41891384021842,31.24942078576939],[-101.4106184177958,31.249317227528305],[-101.40186068819202,31.249196030819203],[-101.40197951374454,31.242555382135468],[-101.4021188190889,31.234876764252625]]]}},{"type":"Feature","properties":{"ABSTRACT_L":"B1--S175","ABSTRACT_N":"B1--S175","LEVEL1_SUR":null,"LEVEL2_BLO":"1","LEVEL3_SUR":"175","Surv_Sect":"175","SHAPE_AREA":612.6910295370858,"owner_count":98.0,"top_owner":"FRIEND DEBRA LYNN LIFE ESTATE","top_owner_state":"TX","top_operator":"MICHAELSON PRODUCING","max_propensity_score":7.0,"field_name":"Unknown","production_trend":null},"geometry":{"type":"Polygon","coordinates":[[[-101.43181579736684,31.23554472763353],[-101.43572608295025,31.235665140736078],[-101.4357221420411,31.23654559006024],[-101.43570487731965,31.238298444615232],[-101.43562761771362,31.242604759474915],[-101.43559051819072,31.246783402819997],[-101.43557396403666,31.248456539443758],[-101.43559732382732,31.24957535339829],[-101.42655790051671,31.249501162288897],[-101.41891384021842,31.24942078576939],[-101.41898790002539,31.242360893230785],[-101.41906871785824,31.235151363116152],[-101.43181579736684,31.23554472763353]]]}},{"type":"Feature","properties":{"ABSTRACT_L":"B1--S176","ABSTRACT_N":"B1--S176","LEVEL1_SUR":null,"LEVEL2_BLO":"1","LEVEL3_SUR":"176","Surv_Sect":"176","SHAPE_AREA":671.8067166857668,"owner_count":10.0,"top_owner":"DRAGGING S LTD","top_owner_state":"MT","top_operator":"RANDA OPERATING INC","max_propensity_score":6.0,"field_name":"Unknown","production_trend":null},"geometry":{"type":"Polygon","coordinates":[[[-101.43584166199133,31.23308003046619],[-101.43572608295025,31.235665140736078],[-101.43181579736684,31.23554472763353],[-101.41906871785824,31.235151363116152],[-101.41927455153423,31.219942615260592],[-101.43201226520769,31.220071721490736],[-101.43603864187189,31.220110013594315],[-101.43593529608835,31.224401646179743],[-101.43584166199133,31.23308003046619]]]}},{"type":"Feature","properties":{"ABSTRACT_L":"B1--S177","ABSTRACT_N":"B1--S177","LEVEL1_SUR":null,"LEVEL2_BLO":"1","LEVEL3_SUR":"177","Surv_Sect":"177","SHAPE_AREA":670.1169518670455,"owner_count":22.0,"top_owner":"LYRA PROPERTIES LLC","top_owner_state":"GA","top_operator":"MICHAELSON PRODUCING","max_propensity_score":8.0,"field_name":"Unknown","production_trend":null},"geometry":{"type":"Polygon","coordinates":[[[-101.41906871785824,31.235151363116152],[-101.41084135629312,31.235018354787343],[-101.4021188190889,31.234876764252625],[-101.40216635973036,31.220009383956384],[-101.41110086790061,31.21990237487037],[-101.41927455153423,31.219942615260592],[-101.41906871785824,31.235151363116152]]]}},{"type":"Feature","properties":{"ABSTRACT_L":"B1--S178","ABSTRACT_N":"B1--S178","LEVEL1_SUR":null,"LEVEL2_BLO":"1","LEVEL3_SUR":"178","Surv_Sect":"178","SHAPE_AREA":657.023790187027,"owner_count":1.0,"top_owner":"PERMIAN RESOURCES OPER LLC WI","top_owner_state":"TX","top_operator":"PERMIAN RESOURCES OP","max_propensity_score":2.0,"field_name":"Unknown","production_trend":null},"geometry":{"type":"Polygon","coordinates":[[[-101.40216635973036,31.220009383956384],[-101.4021188190889,31.234876764252625],[-101.38506207290303,31.234562361349713],[-101.38515383131774,31.226577085738544],[-101.38522372024683,31.219810089480916],[-101.39414546156027,31.219922168956135],[-101.40216635973036,31.220009383956384]]]}},{"type":"Feature","properties":{"ABSTRACT_L":"B1--S179","ABSTRACT_N":"B1--S179","LEVEL1_SUR":null,"LEVEL2_BLO":"1","LEVEL3_SUR":"179","Surv_Sect":"179","SHAPE_AREA":657.548910798912,"owner_count":0.0,"top_owner":"","top_owner_state":"","top_operator":"","max_propensity_score":0.0,"field_name":"Unknown","production_trend":null},"geometry":{"type":"Polygon","coordinates":[[[-101.38515383131774,31.226577085738544],[-101.38506207290303,31.234562361349713],[-101.37722575157439,31.234436426457023],[-101.36799816534774,31.234371662728424],[-101.36815088253928,31.22649235876041],[-101.36824244691789,31.219610205354805],[-101.37540233054942,31.219571923803976],[-101.37744323280634,31.219604963738618],[-101.38522372024683,31.219810089480916],[-101.38515383131774,31.226577085738544]]]}},{"type":"Feature","properties":{"ABSTRACT_L":"A-154","ABSTRACT_N":"154","LEVEL1_SUR":"BLK 1 SEC 18 A-154 GEE LG","LEVEL2_BLO":"1","LEVEL3_SUR":"18","Surv_Sect":"18","SHAPE_AREA":1928.9493099282977,"owner_count":453.0,"top_owner":"FRIEND DEBRA LYNN LIFE ESTATE","top_owner_state":"TX","top_operator":"DIAMONDBACK E&P LLC","max_propensity_score":7.0,"field_name":"Unknown","production_trend":null},"geometry":{"type":"MultiPolygon","coordinates":[[[[-101.7733808362387,31.172359350464053],[-101.7554181849029,31.172198859699105],[-101.75556977021719,31.158404099485093],[-101.77327465537212,31.1584214603559],[-101.7733808362387,31.172359350464053]]],[[[-101.3068716478663,31.42011914981637],[-101.3068381766388,31.427679039145744],[-101.30675445006106,31.43450177394455],[-101.30136729192976,31.434471762581595],[-101.28963241971024,31.434366949996],[-101.28950778026122,31.430391652297267],[-101.2898798516721,31.430386584137228],[-101.28989018139956,31.41991106089175],[-101.28991874333401,31.417100157028997],[-101.28984020273042,31.405345447856043],[-101.29827306379822,31.405506387899344],[-101.30690962055168,31.405643722152146],[-101.3068716478663,31.42011914981637]]]]}},{"type":"Feature","properties":{"ABSTRACT_L":"B1--S180","ABSTRACT_N":"B1--S180","LEVEL1_SUR":null,"LEVEL2_BLO":"1","LEVEL3_SUR":"180","Surv_Sect":"180","SHAPE_AREA":657.0711281789185,"owner_count":0.0,"top_owner":"","top_owner_state":"","top_operator":"","max_propensity_score":0.0,"field_name":"Unknown","production_trend":null},"geometry":{"type":"Polygon","coordinates":[[[-101.36815088253928,31.22649235876041],[-101.36799816534774,31.234371662728424],[-101.36006338417235,31.234165497845517],[-101.35105423588345,31.23389201141425],[-101.35122292781571,31.21913835502343],[-101.36019512660035,31.219306155029155],[-101.36824244691789,31.219610205354805],[-101.36815088253928,31.22649235876041]]]}},{"type":"Feature","properties":{"ABSTRACT_L":"B1--S181","ABSTRACT_N":"B1--S181","LEVEL1_SUR":null,"LEVEL2_BLO":"1","LEVEL3_SUR":"181","Surv_Sect":"181","SHAPE_AREA":657.0472288899573,"owner_count":0.0,"top_owner":"","top_owner_state":"","top_operator":"","max_propensity_score":0.0,"field_name":"Unknown","production_trend":null},"geometry":{"type":"Polygon","coordinates":[[[-101.34282049448322,31.219018850422508],[-101.35122292781571,31.21913835502343],[-101.35113991000874,31.226405182005106],[-101.35105423588345,31.23389201141425],[-101.34247228412288,31.233775531091357],[-101.33401383364588,31.233722652687344],[-101.33410598013279,31.226135292751014],[-101.33418903566901,31.218902088263167],[-101.34282049448322,31.219018850422508]]]}},{"type":"Feature","properties":{"ABSTRACT_L":"A-905","ABSTRACT_N":"905","LEVEL1_SUR":"T&P RR","LEVEL2_BLO":"1","LEVEL3_SUR":"182","Surv_Sect":"182","SHAPE_AREA":659.6171528213368,"owner_count":1.0,"top_owner":"DISCOVERY NAT RESOURCES WI","top_owner_state":"CO","top_operator":"DISCOVERY NAT RES","max_propensity_score":4.0,"field_name":"Unknown","production_trend":null},"geometry":{"type":"Polygon","coordinates":[[[-101.33418903566901,31.218902088263167],[-101.33410598013279,31.226135292751014],[-101.33401383364588,31.233722652687344],[-101.32561257800471,31.23353358230973],[-101.31687671608988,31.233324809380512],[-101.317018587921,31.226223525225933],[-101.3171452342064,31.218580708102333],[-101.33418903566901,31.218902088263167]]]}},{"type":"Feature","properties":{"ABSTRACT_L":"A-554","ABSTRACT_N":"554","LEVEL1_SUR":"BLK 1 SEC 183 A-554","LEVEL2_BLO":"1","LEVEL3_SUR":"183","Surv_Sect":"183","SHAPE_AREA":657.8045047875572,"owner_count":83.0,"top_owner":"MAP2012-OK","top_owner_state":"OK","top_operator":"RP OPERATING","max_propensity_score":5.0,"field_name":"Unknown","production_trend":null},"geometry":{"type":"Polygon","coordinates":[[[-101.30903129931896,31.218545297801246],[-101.3171452342064,31.218580708102333],[-101.317018587921,31.226223525225933],[-101.31687671608988,31.233324809380512],[-101.30890081992224,31.233288792414516],[-101.29982764780475,31.233226315351068],[-101.29984075691969,31.229930232580543],[-101.29992374328563,31.226129105105695],[-101.30002071642055,31.218510071095412],[-101.30903129931896,31.218545297801246]]]}},{"type":"Feature","properties":{"ABSTRACT_L":"A-907","ABSTRACT_N":"907","LEVEL1_SUR":"T&PRR","LEVEL2_BLO":"1","LEVEL3_SUR":"184","Surv_Sect":"184","SHAPE_AREA":654.746370928778,"owner_count":188.0,"top_owner":"BLADINE INVESTMENTS LLC","top_owner_state":"OR","top_operator":"PERMIAN RESOURCES OP","max_propensity_score":8.0,"field_name":"Unknown","production_trend":null},"geometry":{"type":"Polygon","coordinates":[[[-101.28285101966412,31.229648513193535],[-101.28285091815451,31.226025081931667],[-101.2829424474988,31.218364222836726],[-101.29201808010187,31.21844052493227],[-101.30002071642055,31.218510071095412],[-101.29992374328563,31.226129105105695],[-101.29984075691969,31.229930232580543],[-101.29982764780475,31.233226315351068],[-101.2827853025112,31.23306387771162],[-101.28285101966412,31.229648513193535]]]}},{"type":"Feature","properties":{"ABSTRACT_L":"B1--S185","ABSTRACT_N":"B1--S185","LEVEL1_SUR":null,"LEVEL2_BLO":"1","LEVEL3_SUR":"185","Surv_Sect":"185","SHAPE_AREA":386.5666164358384,"owner_count":0.0,"top_owner":"","top_owner_state":"","top_operator":"","max_propensity_score":0.0,"field_name":"Unknown","production_trend":null},"geometry":{"type":"Polygon","coordinates":[[[-101.28285091815451,31.226025081931667],[-101.28285101966412,31.229648513193535],[-101.2827853025112,31.23306387771162],[-101.27266255768036,31.23296252216718],[-101.27275695983693,31.225671070737945],[-101.27285228995319,31.218368372087898],[-101.2829424474988,31.218364222836726],[-101.28285091815451,31.226025081931667]]]}},{"type":"Feature","properties":{"ABSTRACT_L":"A-482","ABSTRACT_N":"482","LEVEL1_SUR":"T&P","LEVEL2_BLO":"1","LEVEL3_SUR":"19","Surv_Sect":"19","SHAPE_AREA":695.2206428107245,"owner_count":1.0,"top_owner":"DISCOVERY NAT RESOURCES WI","top_owner_state":"CO","top_operator":"DISCOVERY NAT RES","max_propensity_score":4.0,"field_name":"Unknown","production_trend":null},"geometry":{"type":"Polygon","coordinates":[[[-101.7733808362387,31.172359350464053],[-101.77305119944519,31.187264700402167],[-101.75523999687977,31.187053188606914],[-101.7554181849029,31.172198859699105],[-101.7733808362387,31.172359350464053]]]}},{"type":"Feature","properties":{"ABSTRACT_L":"A-874","ABSTRACT_N":"874","LEVEL1_SUR":"T&P","LEVEL2_BLO":"1","LEVEL3_SUR":"192","Surv_Sect":"192","SHAPE_AREA":383.0816144215161,"owner_count":4.0,"top_owner":"DISCOVERY NAT RESOURCES WI","top_owner_state":"CO","top_operator":"DISCOVERY NAT RES","max_propensity_score":3.0,"field_name":"Unknown","production_trend":null},"geometry":{"type":"Polygon","coordinates":[[[-101.2829424474988,31.218364222836726],[-101.27285228995319,31.218368372087898],[-101.27288498773122,31.215863922105925],[-101.27292894499303,31.212685963694366],[-101.27304860418212,31.203766750809777],[-101.2831231319401,31.20385412746739],[-101.2830496407667,31.209594116596477],[-101.28299581910478,31.213607000798998],[-101.2829424474988,31.218364222836726]]]}},{"type":"Feature","properties":{"ABSTRACT_L":"B1--S193","ABSTRACT_N":"B1--S193","LEVEL1_SUR":null,"LEVEL2_BLO":"1","LEVEL3_SUR":"193","Surv_Sect":"193","SHAPE_AREA":650.0226810021542,"owner_count":12.0,"top_owner":"BETSY TRUST A","top_owner_state":"IL","top_operator":"ROBBY KOHUTEK, INC.","max_propensity_score":6.0,"field_name":"Unknown","production_trend":null},"geometry":{"type":"Polygon","coordinates":[[[-101.29201808010187,31.21844052493227],[-101.2829424474988,31.218364222836726],[-101.28299581910478,31.213607000798998],[-101.2830496407667,31.209594116596477],[-101.2831231319401,31.20385412746739],[-101.29198527632263,31.20391753751909],[-101.30032445119114,31.20398746086882],[-101.3002100148071,31.209585930265227],[-101.30012869571433,31.21389960603948],[-101.30002071642055,31.218510071095412],[-101.29201808010187,31.21844052493227]]]}},{"type":"Feature","properties":{"ABSTRACT_L":"A-906","ABSTRACT_N":"906","LEVEL1_SUR":"BLK 1 SEC 194 A-906","LEVEL2_BLO":"1","LEVEL3_SUR":"194","Surv_Sect":"194","SHAPE_AREA":642.763476233799,"owner_count":48.0,"top_owner":"BLADINE INVESTMENTS LLC","top_owner_state":"OR","top_operator":"PERMIAN RESOURCES OP","max_propensity_score":8.0,"field_name":"Unknown","production_trend":null},"geometry":{"type":"Polygon","coordinates":[[[-101.3174107016442,31.204314259103096],[-101.3171452342064,31.218580708102333],[-101.30903129931896,31.218545297801246],[-101.30002071642055,31.218510071095412],[-101.30012869571433,31.21389960603948],[-101.3002100148071,31.209585930265227],[-101.30032445119114,31.20398746086882],[-101.3174107016442,31.204314259103096]]]}},{"type":"Feature","properties":{"ABSTRACT_L":"B1--S195","ABSTRACT_N":"B1--S195","LEVEL1_SUR":null,"LEVEL2_BLO":"1","LEVEL3_SUR":"195","Surv_Sect":"195","SHAPE_AREA":635.001160561928,"owner_count":1.0,"top_owner":"PIONEER NATURAL RES INC WI","top_owner_state":"TX","top_operator":"PIONEER NAT RES USA","max_propensity_score":2.0,"field_name":"Unknown","production_trend":null},"geometry":{"type":"Polygon","coordinates":[[[-101.3343579701464,31.204550331809116],[-101.33426356529486,31.21224579294262],[-101.33418903566901,31.218902088263167],[-101.3171452342064,31.218580708102333],[-101.3174107016442,31.204314259103096],[-101.3343579701464,31.204550331809116]]]}},{"type":"Feature","properties":{"ABSTRACT_L":"B1--S196","ABSTRACT_N":"B1--S196","LEVEL1_SUR":null,"LEVEL2_BLO":"1","LEVEL3_SUR":"196","Surv_Sect":"196","SHAPE_AREA":637.3083988748981,"owner_count":0.0,"top_owner":"","top_owner_state":"","top_operator":"","max_propensity_score":0.0,"field_name":"Unknown","production_trend":null},"geometry":{"type":"Polygon","coordinates":[[[-101.3343579701464,31.204550331809116],[-101.34293341091778,31.20466902718452],[-101.35132684672442,31.204772602091438],[-101.35127286067079,31.2124307671514],[-101.35122292781571,31.21913835502343],[-101.34282049448322,31.219018850422508],[-101.33418903566901,31.218902088263167],[-101.33426356529486,31.21224579294262],[-101.3343579701464,31.204550331809116]]]}},{"type":"Feature","properties":{"ABSTRACT_L":"A-559","ABSTRACT_N":"559","LEVEL1_SUR":"BLK 1 SEC 197 A-559","LEVEL2_BLO":"1","LEVEL3_SUR":"197","Surv_Sect":"197","SHAPE_AREA":646.7857766042587,"owner_count":1060.0,"top_owner":"DAHM PATSY R ESTATE","top_owner_state":"OR","top_operator":"PERMIAN RESOURCES OP","max_propensity_score":9.0,"field_name":"Unknown","production_trend":null},"geometry":{"type":"Polygon","coordinates":[[[-101.36008642955265,31.204889059761214],[-101.36861775406045,31.20498649687727],[-101.36838993860944,31.212614639278602],[-101.36824244691789,31.219610205354805],[-101.36019512660035,31.219306155029155],[-101.35122292781571,31.21913835502343],[-101.35127286067079,31.2124307671514],[-101.35132684672442,31.204772602091438],[-101.36008642955265,31.204889059761214]]]}},{"type":"Feature","properties":{"ABSTRACT_L":"B1--S198","ABSTRACT_N":"B1--S198","LEVEL1_SUR":null,"LEVEL2_BLO":"1","LEVEL3_SUR":"198","Surv_Sect":"198","SHAPE_AREA":642.2867679921732,"owner_count":0.0,"top_owner":"","top_owner_state":"","top_operator":"","max_propensity_score":0.0,"field_name":"Unknown","production_trend":null},"geometry":{"type":"Polygon","coordinates":[[[-101.37765540409666,31.205141454524174],[-101.38547755809499,31.205237731948777],[-101.3853428584131,31.212950156894706],[-101.38522372024683,31.219810089480916],[-101.37744323280634,31.219604963738618],[-101.37540233054942,31.219571923803976],[-101.36824244691789,31.219610205354805],[-101.36838993860944,31.212614639278602],[-101.36861775406045,31.20498649687727],[-101.37765540409666,31.205141454524174]]]}},{"type":"Feature","properties":{"ABSTRACT_L":"A-560","ABSTRACT_N":"560","LEVEL1_SUR":"BLK 1 SEC 199 T&P RR A-560","LEVEL2_BLO":"1","LEVEL3_SUR":"199","Surv_Sect":"199","SHAPE_AREA":645.2007011351502,"owner_count":163.0,"top_owner":"MEKUSUKEY OIL COMPANY LLC","top_owner_state":"OK","top_operator":"RP OPERATING LLC","max_propensity_score":8.0,"field_name":"Unknown","production_trend":null},"geometry":{"type":"Polygon","coordinates":[[[-101.38547755809499,31.205237731948777],[-101.39443279668706,31.205348278949074],[-101.4024918786466,31.205524357724915],[-101.40231826843818,31.21313817902929],[-101.40216635973036,31.220009383956384],[-101.39414546156027,31.219922168956135],[-101.38522372024683,31.219810089480916],[-101.3853428584131,31.212950156894706],[-101.38547755809499,31.205237731948777]]]}},{"type":"Feature","properties":{"ABSTRACT_L":"B1--S2","ABSTRACT_N":"B1--S2","LEVEL1_SUR":null,"LEVEL2_BLO":"1","LEVEL3_SUR":"2","Surv_Sect":"2","SHAPE_AREA":1338.3121549326183,"owner_count":0.0,"top_owner":"","top_owner_state":"","top_operator":"","max_propensity_score":0.0,"field_name":"Unknown","production_trend":null},"geometry":{"type":"MultiPolygon","coordinates":[[[[-101.70312523729312,31.14330596647556],[-101.68817429844009,31.143184558556435],[-101.68821622550934,31.127997929300157],[-101.7053594632874,31.128194419636458],[-101.70533601995344,31.14332377219874],[-101.70312523729312,31.14330596647556]]],[[[-101.31830212954505,31.449398990723967],[-101.30871360472882,31.449355166764914],[-101.30141260115606,31.449348891089574],[-101.30141895583839,31.448991922563856],[-101.30136729192976,31.434471762581595],[-101.30675445006106,31.43450177394455],[-101.30677868840407,31.434501986258326],[-101.31862085629942,31.434617851260345],[-101.31830308625082,31.4486831007758],[-101.31830212954505,31.449398990723967]]]]}},{"type":"Feature","properties":{"ABSTRACT_L":"B1--S20","ABSTRACT_N":"B1--S20","LEVEL1_SUR":null,"LEVEL2_BLO":"1","LEVEL3_SUR":"20","Surv_Sect":"20","SHAPE_AREA":1257.8449152052415,"owner_count":0.0,"top_owner":"","top_owner_state":"","top_operator":"","max_propensity_score":0.0,"field_name":"Unknown","production_trend":null},"geometry":{"type":"MultiPolygon","coordinates":[[[[-101.7554181849029,31.172198859699105],[-101.75523999687977,31.187053188606914],[-101.73934006877744,31.186574748150527],[-101.73937470332324,31.172202535203958],[-101.75041006192258,31.172200107925786],[-101.7554181849029,31.172198859699105]]],[[[-101.31590018539227,31.420222996324743],[-101.3068716478663,31.42011914981637],[-101.30690962055168,31.405643722152146],[-101.31594026103373,31.40572811866265],[-101.32402428381884,31.405729772458123],[-101.32404795262995,31.420316164862598],[-101.31590018539227,31.420222996324743]]]]}},{"type":"Feature","properties":{"ABSTRACT_L":"B1--S200","ABSTRACT_N":"B1--S200","LEVEL1_SUR":null,"LEVEL2_BLO":"1","LEVEL3_SUR":"200","Surv_Sect":"200","SHAPE_AREA":637.3402353103024,"owner_count":22.0,"top_owner":"LYRA PROPERTIES LLC","top_owner_state":"GA","top_operator":"MICHAELSON PRODUCING","max_propensity_score":7.0,"field_name":"Unknown","production_trend":null},"geometry":{"type":"Polygon","coordinates":[[[-101.41101765695585,31.20562026902938],[-101.41944822462474,31.205722483700683],[-101.41938734400131,31.213206452212223],[-101.41927455153423,31.219942615260592],[-101.41110086790061,31.21990237487037],[-101.40216635973036,31.220009383956384],[-101.40231826843818,31.21313817902929],[-101.4024918786466,31.205524357724915],[-101.41101765695585,31.20562026902938]]]}},{"type":"Feature","properties":{"ABSTRACT_L":"A-561","ABSTRACT_N":"561","LEVEL1_SUR":"T&P","LEVEL2_BLO":"1","LEVEL3_SUR":"201","Surv_Sect":"201","SHAPE_AREA":624.8350041891022,"owner_count":32.0,"top_owner":"ALTMAN RONNY GENE REV TRUST","top_owner_state":"OK","top_operator":"BLUE STAR NAT RSC LL","max_propensity_score":6.0,"field_name":"Unknown","production_trend":null},"geometry":{"type":"Polygon","coordinates":[[[-101.43623324930178,31.207999528833223],[-101.43621516082523,31.209736948946293],[-101.43613691846228,31.213230921911354],[-101.43611988370957,31.216003304731668],[-101.43611907792074,31.217345123284293],[-101.43603864187189,31.220110013594315],[-101.43201226520769,31.220071721490736],[-101.41927455153423,31.219942615260592],[-101.41938734400131,31.213206452212223],[-101.41944822462474,31.205722483700683],[-101.42511295768725,31.20575436443968],[-101.42985103541508,31.205741338001555],[-101.43619295806464,31.205854353087318],[-101.43623324930178,31.207999528833223]]]}},{"type":"Feature","properties":{"ABSTRACT_L":"B1--S202","ABSTRACT_N":"B1--S202","LEVEL1_SUR":null,"LEVEL2_BLO":"1","LEVEL3_SUR":"202","Surv_Sect":"202","SHAPE_AREA":115.1470058820061,"owner_count":0.0,"top_owner":"","top_owner_state":"","top_operator":"","max_propensity_score":0.0,"field_name":"Unknown","production_trend":null},"geometry":{"type":"MultiPolygon","coordinates":[[[[-101.43658838746957,31.190411785305443],[-101.43655990009529,31.192582896667727],[-101.43501600963391,31.193003739586388],[-101.43501280893656,31.193179911266522],[-101.43499961627828,31.193906306108623],[-101.4349725572253,31.194708059922455],[-101.42984634531099,31.19465397167263],[-101.42987230841933,31.193121289100187],[-101.42990135095246,31.191406841130313],[-101.4299029804964,31.191310634160786],[-101.43504569446247,31.19136928588167],[-101.43507034333555,31.190012183611117],[-101.43658838746957,31.190411785305443]]],[[[-101.42509687514874,31.201401133074583],[-101.42577628537116,31.200734741018792],[-101.42639839295991,31.200676465462614],[-101.42812113619773,31.200598832026703],[-101.42812331101904,31.201171262534654],[-101.42983645935128,31.201166760612082],[-101.42984997630137,31.20545870672707],[-101.42985103541508,31.205741338001555],[-101.42511295768725,31.20575436443968],[-101.42509687514874,31.201401133074583]]]]}},{"type":"Feature","properties":{"ABSTRACT_L":"A-562","ABSTRACT_N":"562","LEVEL1_SUR":"BLK 1 SEC 203 A-562","LEVEL2_BLO":"1","LEVEL3_SUR":"203","Surv_Sect":"203","SHAPE_AREA":660.0849460302182,"owner_count":107.0,"top_owner":"JORDAN JILLIAN LEIGH","top_owner_state":"FL","top_operator":"RP OPERATING","max_propensity_score":5.0,"field_name":"Unknown","production_trend":null},"geometry":{"type":"Polygon","coordinates":[[[-101.41980413893694,31.190787536109827],[-101.41962819580371,31.19815782097384],[-101.41957126147932,31.20107625571034],[-101.41944822462474,31.205722483700683],[-101.41101765695585,31.20562026902938],[-101.4024918786466,31.205524357724915],[-101.40269744911622,31.19364711834504],[-101.40274119437561,31.190736455684924],[-101.41980413893694,31.190787536109827]]]}},{"type":"Feature","properties":{"ABSTRACT_L":"A-409","ABSTRACT_N":"409","LEVEL1_SUR":"BLK 1 SEC 204 A-409","LEVEL2_BLO":"1","LEVEL3_SUR":"204","Surv_Sect":"204","SHAPE_AREA":652.2846514330294,"owner_count":481.0,"top_owner":"DISMUKES GEORGETTE ESTATE","top_owner_state":"OK","top_operator":"RP OPERATING LLC","max_propensity_score":7.0,"field_name":"Unknown","production_trend":null},"geometry":{"type":"Polygon","coordinates":[[[-101.40274119437561,31.190736455684924],[-101.40269744911622,31.19364711834504],[-101.4024918786466,31.205524357724915],[-101.39443279668706,31.205348278949074],[-101.38547755809499,31.205237731948777],[-101.38568642358507,31.193355834412372],[-101.3857403027392,31.190620827440114],[-101.39476643727177,31.19068529915471],[-101.40274119437561,31.190736455684924]]]}},{"type":"Feature","properties":{"ABSTRACT_L":"A-563","ABSTRACT_N":"563","LEVEL1_SUR":"T&P RR CO BLK1 SEC 205 A-563","LEVEL2_BLO":"1","LEVEL3_SUR":"205","Surv_Sect":"205","SHAPE_AREA":642.6497683745089,"owner_count":173.0,"top_owner":"OUTRIDER OIL COMPANY LLC","top_owner_state":"WY","top_operator":"RP OPERATING LLC","max_propensity_score":7.0,"field_name":"Unknown","production_trend":null},"geometry":{"type":"Polygon","coordinates":[[[-101.37765540409666,31.205141454524174],[-101.36861775406045,31.20498649687727],[-101.36879985514496,31.190529254276235],[-101.37540221915832,31.19053358610599],[-101.3857403027392,31.190620827440114],[-101.38568642358507,31.193355834412372],[-101.38547755809499,31.205237731948777],[-101.37765540409666,31.205141454524174]]]}},{"type":"Feature","properties":{"ABSTRACT_L":"A-434","ABSTRACT_N":"434","LEVEL1_SUR":"T&PRR","LEVEL2_BLO":"1","LEVEL3_SUR":"206","Surv_Sect":"206","SHAPE_AREA":655.8436772286107,"owner_count":648.0,"top_owner":"MIRAMAR PROPERTIES LLC","top_owner_state":"NV","top_operator":"PERMIAN RESOURCES OP","max_propensity_score":7.0,"field_name":"Unknown","production_trend":null},"geometry":{"type":"Polygon","coordinates":[[[-101.36879985514496,31.190529254276235],[-101.36861775406045,31.20498649687727],[-101.36008642955265,31.204889059761214],[-101.35132684672442,31.204772602091438],[-101.35149833601048,31.190199708803917],[-101.36879985514496,31.190529254276235]]]}},{"type":"Feature","properties":{"ABSTRACT_L":"A-564","ABSTRACT_N":"564","LEVEL1_SUR":"T&P","LEVEL2_BLO":"1","LEVEL3_SUR":"207","Surv_Sect":"207","SHAPE_AREA":647.8480251052589,"owner_count":1375.0,"top_owner":"LONG C WILLIS ESTATE","top_owner_state":"CO","top_operator":"DISCOVERY NAT RES","max_propensity_score":10.0,"field_name":"Unknown","production_trend":null},"geometry":{"type":"Polygon","coordinates":[[[-101.34323433485986,31.19009934243137],[-101.35149833601048,31.190199708803917],[-101.35132684672442,31.204772602091438],[-101.34293341091778,31.20466902718452],[-101.3343579701464,31.204550331809116],[-101.33439349132935,31.190019188195734],[-101.34323433485986,31.19009934243137]]]}},{"type":"Feature","properties":{"ABSTRACT_L":"A-437","ABSTRACT_N":"437","LEVEL1_SUR":"T&PRR","LEVEL2_BLO":"1","LEVEL3_SUR":"208","Surv_Sect":"208","SHAPE_AREA":643.4984905066966,"owner_count":763.0,"top_owner":"LONG C WILLIS ESTATE","top_owner_state":"CO","top_operator":"DISCOVERY NAT RES","max_propensity_score":10.0,"field_name":"Unknown","production_trend":null},"geometry":{"type":"Polygon","coordinates":[[[-101.33439349132935,31.190019188195734],[-101.3343579701464,31.204550331809116],[-101.3174107016442,31.204314259103096],[-101.31744858449805,31.189761081781885],[-101.33439349132935,31.190019188195734]]]}},{"type":"Feature","properties":{"ABSTRACT_L":"B1--S209","ABSTRACT_N":"B1--S209","LEVEL1_SUR":null,"LEVEL2_BLO":"1","LEVEL3_SUR":"209","Surv_Sect":"209","SHAPE_AREA":910.7387160016705,"owner_count":0.0,"top_owner":"","top_owner_state":"","top_operator":"","max_propensity_score":0.0,"field_name":"Unknown","production_trend":null},"geometry":{"type":"Polygon","coordinates":[[[-101.2831231319401,31.20385412746739],[-101.2832369538765,31.198015602765796],[-101.28362610585421,31.198016859872983],[-101.30036156239218,31.19806985506897],[-101.30037706102577,31.18949295071441],[-101.3007661842574,31.189499630273826],[-101.31744858449805,31.189761081781885],[-101.3174107016442,31.204314259103096],[-101.30032445119114,31.20398746086882],[-101.29198527632263,31.20391753751909],[-101.2831231319401,31.20385412746739]]]}},{"type":"Feature","properties":{"ABSTRACT_L":"B1--S21","ABSTRACT_N":"B1--S21","LEVEL1_SUR":"UNIVERSITY LAND SEC 21","LEVEL2_BLO":"1","LEVEL3_SUR":"21","Surv_Sect":"21","SHAPE_AREA":1245.6178243482502,"owner_count":4.0,"top_owner":"PIONEER NATURAL RES INC WI","top_owner_state":"TX","top_operator":"PIONEER NAT RES USA","max_propensity_score":1.0,"field_name":"Unknown","production_trend":null},"geometry":{"type":"MultiPolygon","coordinates":[[[[-101.73937470332324,31.172202535203958],[-101.73934006877744,31.186574748150527],[-101.73034493780024,31.186464970766465],[-101.72240125611702,31.18636750151167],[-101.72244964297148,31.172395419074675],[-101.73937470332324,31.172202535203958]]],[[[-101.34032315912873,31.409256512006724],[-101.34029098147525,31.413504976262672],[-101.34023850548962,31.42043651125331],[-101.33082670534093,31.42036680129854],[-101.32404795262995,31.420316164862598],[-101.32402428381884,31.405729772458123],[-101.33152285566867,31.40579147426572],[-101.33561588912359,31.40575484926878],[-101.34034939712157,31.405771039130784],[-101.34032315912873,31.409256512006724]]]]}},{"type":"Feature","properties":{"ABSTRACT_L":"A-883","ABSTRACT_N":"883","LEVEL1_SUR":"BLK 1 SEC 210 A-883","LEVEL2_BLO":"1","LEVEL3_SUR":"210","Surv_Sect":"210","SHAPE_AREA":388.094559031103,"owner_count":77.0,"top_owner":"BLADINE INVESTMENTS LLC","top_owner_state":"OR","top_operator":"PERMIAN RESOURCES OP","max_propensity_score":8.0,"field_name":"Unknown","production_trend":null},"geometry":{"type":"Polygon","coordinates":[[[-101.2832369538765,31.198015602765796],[-101.28324353942584,31.196587902470313],[-101.28331624277672,31.189214271577143],[-101.29208985369644,31.189349956389552],[-101.30037706102577,31.18949295071441],[-101.30036156239218,31.19806985506897],[-101.28362610585421,31.198016859872983],[-101.2832369538765,31.198015602765796]]]}},{"type":"Feature","properties":{"ABSTRACT_L":"A-566","ABSTRACT_N":"566","LEVEL1_SUR":"BLK 1 SEC 211 A-1204 T&P","LEVEL2_BLO":"1","LEVEL3_SUR":"211","Surv_Sect":"211","SHAPE_AREA":386.2717871373728,"owner_count":71.0,"top_owner":"TMT WEST RESOURCES LP","top_owner_state":"OK","top_operator":"PERMIAN RESOURCES OP","max_propensity_score":7.0,"field_name":"Unknown","production_trend":null},"geometry":{"type":"Polygon","coordinates":[[[-101.2832369538765,31.198015602765796],[-101.2831231319401,31.20385412746739],[-101.27304860418212,31.203766750809777],[-101.27308705746619,31.200901073805586],[-101.27323670780936,31.18909611856815],[-101.28331624277672,31.189214271577143],[-101.28324353942584,31.196587902470313],[-101.2832369538765,31.198015602765796]]]}},{"type":"Feature","properties":{"ABSTRACT_L":"A-1188","ABSTRACT_N":"1188","LEVEL1_SUR":"T&PRR","LEVEL2_BLO":"1","LEVEL3_SUR":"218","Surv_Sect":"218","SHAPE_AREA":364.36741939383614,"owner_count":9.0,"top_owner":"TMT WEST RESOURCES LP LE","top_owner_state":"OK","top_operator":"PERMIAN RESOURCES OP","max_propensity_score":7.0,"field_name":"Unknown","production_trend":null},"geometry":{"type":"Polygon","coordinates":[[[-101.27323670780936,31.18909611856815],[-101.27341250900879,31.17521432447199],[-101.27614959213618,31.175259601213],[-101.28326733130615,31.175377067466044],[-101.28346563260848,31.175380334728057],[-101.283388910195,31.182484085697464],[-101.28331624277672,31.189214271577143],[-101.27323670780936,31.18909611856815]]]}},{"type":"Feature","properties":{"ABSTRACT_L":"A-568","ABSTRACT_N":"568","LEVEL1_SUR":"T&PRR","LEVEL2_BLO":"1","LEVEL3_SUR":"219","Surv_Sect":"219","SHAPE_AREA":618.2674733907969,"owner_count":10.0,"top_owner":"BLADINE INVESTMENTS LLC","top_owner_state":"OR","top_operator":"PERMIAN RESOURCES OP","max_propensity_score":8.0,"field_name":"Unknown","production_trend":null},"geometry":{"type":"Polygon","coordinates":[[[-101.28331624277672,31.189214271577143],[-101.283388910195,31.182484085697464],[-101.28346563260848,31.175380334728057],[-101.30055905071917,31.17564665501699],[-101.30053535226365,31.182024026971938],[-101.30037706102577,31.18949295071441],[-101.29208985369644,31.189349956389552],[-101.28331624277672,31.189214271577143]]]}},{"type":"Feature","properties":{"ABSTRACT_L":"B1--S22","ABSTRACT_N":"B1--S22","LEVEL1_SUR":null,"LEVEL2_BLO":"1","LEVEL3_SUR":"22","Surv_Sect":"22","SHAPE_AREA":1271.2659209142953,"owner_count":1.0,"top_owner":"WTG EXPLORATION","top_owner_state":"TX","top_operator":"WTG EXPLORATION","max_propensity_score":1.0,"field_name":"Unknown","production_trend":null},"geometry":{"type":"MultiPolygon","coordinates":[[[[-101.72244964297148,31.172395419074675],[-101.72240125611702,31.18636750151167],[-101.71320323703965,31.18636973245988],[-101.70510351619495,31.186371151106165],[-101.70518413999169,31.17258576767898],[-101.72004745268033,31.172422041446755],[-101.72244964297148,31.172395419074675]]],[[[-101.35716085023425,31.412991918328252],[-101.35709479441645,31.420644839721128],[-101.34856289678352,31.420539671312323],[-101.34023850548962,31.42043651125331],[-101.34029098147525,31.413504976262672],[-101.34032315912873,31.409256512006724],[-101.34034939712157,31.405771039130784],[-101.34881607347161,31.405873760658153],[-101.35327653674234,31.405916550719105],[-101.35725547247806,31.40598374817302],[-101.35716085023425,31.412991918328252]]]]}},{"type":"Feature","properties":{"ABSTRACT_L":"B1--S220","ABSTRACT_N":"B1--S220","LEVEL1_SUR":null,"LEVEL2_BLO":"1","LEVEL3_SUR":"220","Surv_Sect":"220","SHAPE_AREA":617.2412035210864,"owner_count":1.0,"top_owner":"RUSSELL OPERATING COMPANY LLC","top_owner_state":"TX","top_operator":"RUSSELL OPERATING","max_propensity_score":3.0,"field_name":"Unknown","production_trend":null},"geometry":{"type":"Polygon","coordinates":[[[-101.30053535226365,31.182024026971938],[-101.30055905071917,31.17564665501699],[-101.30215800790747,31.175686915771095],[-101.30953211997131,31.175698522928805],[-101.3174797201058,31.17570716411934],[-101.31745857106907,31.182090961539643],[-101.31744858449805,31.189761081781885],[-101.3007661842574,31.189499630273826],[-101.30037706102577,31.18949295071441],[-101.30053535226365,31.182024026971938]]]}},{"type":"Feature","properties":{"ABSTRACT_L":"A-569","ABSTRACT_N":"569","LEVEL1_SUR":"T&PRR","LEVEL2_BLO":"1","LEVEL3_SUR":"221","Surv_Sect":"221","SHAPE_AREA":628.7698181416652,"owner_count":104.0,"top_owner":"COLE WHARTON C REVOCABLE TRUST","top_owner_state":"FL","top_operator":"PERMIAN RESOURCES OP","max_propensity_score":8.0,"field_name":"Unknown","production_trend":null},"geometry":{"type":"Polygon","coordinates":[[[-101.33451067655817,31.17573469556368],[-101.33439349132935,31.190019188195734],[-101.31744858449805,31.189761081781885],[-101.31745857106907,31.182090961539643],[-101.3174797201058,31.17570716411934],[-101.33451067655817,31.17573469556368]]]}},{"type":"Feature","properties":{"ABSTRACT_L":"B1--S222","ABSTRACT_N":"B1--S222","LEVEL1_SUR":"T&P","LEVEL2_BLO":"1","LEVEL3_SUR":"222","Surv_Sect":"222","SHAPE_AREA":639.0524398005688,"owner_count":244.0,"top_owner":"VENTURIAN HOLDINGS LLC","top_owner_state":"MN","top_operator":"PERMIAN RESOURCES OP","max_propensity_score":9.0,"field_name":"Unknown","production_trend":null},"geometry":{"type":"Polygon","coordinates":[[[-101.34322961421304,31.17574617897352],[-101.35160007650461,31.175938563734437],[-101.35154915909598,31.182677671810254],[-101.35149833601048,31.190199708803917],[-101.34323433485986,31.19009934243137],[-101.33439349132935,31.190019188195734],[-101.33451067655817,31.17573469556368],[-101.34322961421304,31.17574617897352]]]}},{"type":"Feature","properties":{"ABSTRACT_L":"B1--S223","ABSTRACT_N":"B1--S223","LEVEL1_SUR":null,"LEVEL2_BLO":"1","LEVEL3_SUR":"223","Surv_Sect":"223","SHAPE_AREA":656.9145726977853,"owner_count":163.0,"top_owner":"COLE WHARTON C REVOCABLE TRUST","top_owner_state":"FL","top_operator":"PERMIAN RESOURCES OP","max_propensity_score":8.0,"field_name":"Unknown","production_trend":null},"geometry":{"type":"Polygon","coordinates":[[[-101.35279656598772,31.175968232537745],[-101.36915872940601,31.175901103033205],[-101.36879985514496,31.190529254276235],[-101.35149833601048,31.190199708803917],[-101.35154915909598,31.182677671810254],[-101.35160007650461,31.175938563734437],[-101.35279656598772,31.175968232537745]]]}},{"type":"Feature","properties":{"ABSTRACT_L":"B1--S224","ABSTRACT_N":"B1--S224","LEVEL1_SUR":"T&P SEC 224","LEVEL2_BLO":"1","LEVEL3_SUR":"224","Surv_Sect":"224","SHAPE_AREA":639.4127673101809,"owner_count":1.0,"top_owner":"DIGITAL OPERATING CO LLC WI","top_owner_state":"TX","top_operator":"DIGITAL OPERATING","max_propensity_score":2.0,"field_name":"Unknown","production_trend":null},"geometry":{"type":"Polygon","coordinates":[[[-101.38589504114013,31.176140765183746],[-101.3857403027392,31.190620827440114],[-101.37540221915832,31.19053358610599],[-101.36879985514496,31.190529254276235],[-101.36915872940601,31.175901103033205],[-101.38589504114013,31.176140765183746]]]}},{"type":"Feature","properties":{"ABSTRACT_L":"B1--S225","ABSTRACT_N":"B1--S225","LEVEL1_SUR":null,"LEVEL2_BLO":"1","LEVEL3_SUR":"225","Surv_Sect":"225","SHAPE_AREA":641.2337224312213,"owner_count":4.0,"top_owner":"DLB OIL & GAS INC","top_owner_state":"TX","top_operator":"DLB OIL & GAS INC.","max_propensity_score":3.0,"field_name":"Unknown","production_trend":null},"geometry":{"type":"Polygon","coordinates":[[[-101.39052839956032,31.17620121555827],[-101.39266324134148,31.176233758767633],[-101.39481541611602,31.176252070178407],[-101.39615018506744,31.176266196670415],[-101.39820677370587,31.17629298704181],[-101.40055169999091,31.176326587015726],[-101.4029520163964,31.176369173968347],[-101.40287681483069,31.17946724230747],[-101.40285752171333,31.1810699548495],[-101.40274119437561,31.190736455684924],[-101.39476643727177,31.19068529915471],[-101.3857403027392,31.190620827440114],[-101.38589504114013,31.176140765183746],[-101.38851879011632,31.176180281742106],[-101.39052839956032,31.17620121555827]]]}},{"type":"Feature","properties":{"ABSTRACT_L":"B1--S226","ABSTRACT_N":"B1--S226","LEVEL1_SUR":null,"LEVEL2_BLO":"1","LEVEL3_SUR":"226","Surv_Sect":"226","SHAPE_AREA":633.1877632450606,"owner_count":1.0,"top_owner":"RECOVERY OPERATING LP","top_owner_state":"TX","top_operator":"RECOVERY OPERATING","max_propensity_score":3.0,"field_name":"Unknown","production_trend":null},"geometry":{"type":"Polygon","coordinates":[[[-101.4029520163964,31.176369173968347],[-101.40731512025663,31.17633421900486],[-101.40998773039776,31.176365235002653],[-101.4099894309086,31.176365254985697],[-101.41133281021202,31.176380824851407],[-101.41984425230766,31.176508676270753],[-101.4198321016951,31.183281576443836],[-101.41980413893694,31.190787536109827],[-101.40274119437561,31.190736455684924],[-101.40285752171333,31.1810699548495],[-101.40287681483069,31.17946724230747],[-101.4029520163964,31.176369173968347]],[[-101.41079689058489,31.180450426181395],[-101.41015380104601,31.18028836592232],[-101.41016292972593,31.180514891758005],[-101.4107231236287,31.180660972067706],[-101.41336114773307,31.181320807671707],[-101.41316585578693,31.181997609423522],[-101.41289547546282,31.18296106664952],[-101.41287676355547,31.182955832224593],[-101.41263118122477,31.183751021126096],[-101.41289971281603,31.183818656898318],[-101.41313004714308,31.183026677155283],[-101.41364781271665,31.181247189344177],[-101.41362418073646,31.180316192693656],[-101.41336850403694,31.180320989961498],[-101.41338836399123,31.181103441689988],[-101.41079689058489,31.180450426181395]]]}},{"type":"Feature","properties":{"ABSTRACT_L":"B1--S227","ABSTRACT_N":"B1--S227","LEVEL1_SUR":null,"LEVEL2_BLO":"1","LEVEL3_SUR":"227","Surv_Sect":"227","SHAPE_AREA":519.1384970711426,"owner_count":0.0,"top_owner":"","top_owner_state":"","top_operator":"","max_propensity_score":0.0,"field_name":"Unknown","production_trend":null},"geometry":{"type":"MultiPolygon","coordinates":[[[[-101.41984425230766,31.176508676270753],[-101.43682099543261,31.17663542768447],[-101.43667521233672,31.18446019064671],[-101.43666671966402,31.185018808014014],[-101.43663262859899,31.18736009227469],[-101.43214463106649,31.187050317521066],[-101.42924624465006,31.186850177415238],[-101.42883288666869,31.188021118445555],[-101.42658409000052,31.18743673984245],[-101.42676105272159,31.18678108981807],[-101.42583532534658,31.18655228194147],[-101.42552209718006,31.187158312863946],[-101.42329452590539,31.186572302028388],[-101.42318214756168,31.18688764070086],[-101.41980413893694,31.190787536109827],[-101.4198321016951,31.183281576443836],[-101.41984425230766,31.176508676270753]]],[[[-101.42926238378244,31.188485859578694],[-101.42994902274796,31.188666323170054],[-101.43507034333555,31.190012183611117],[-101.43504569446247,31.19136928588167],[-101.4299029804964,31.191310634160786],[-101.42990135095246,31.191406841130313],[-101.42745331334415,31.191385213686043],[-101.42746142782612,31.190741832613483],[-101.4274727349206,31.190098899025802],[-101.4286981411727,31.19010953691656],[-101.42877227553986,31.190110179355056],[-101.42880939752064,31.190109189569448],[-101.42884427281493,31.190105847505926],[-101.4288922554275,31.19009731214102],[-101.42894245148896,31.190083164658727],[-101.42896994083495,31.190072935589647],[-101.42900388367796,31.19005759467365],[-101.4290365347436,31.190039625595755],[-101.42906617196145,31.19002010958869],[-101.42909119453368,31.19000077339907],[-101.42911903422267,31.189975410109685],[-101.4291403180067,31.189952492848413],[-101.42916046901514,31.18992696893613],[-101.42918260799533,31.189892622994766],[-101.42920086715179,31.189855906313642],[-101.42921861516687,31.189803226969207],[-101.42922676468311,31.189757327037697],[-101.42926238378244,31.188485859578694]]]]}},{"type":"Feature","properties":{"ABSTRACT_L":"A-811","ABSTRACT_N":"811","LEVEL1_SUR":"T&P RR","LEVEL2_BLO":"1","LEVEL3_SUR":"228","Surv_Sect":"228","SHAPE_AREA":648.8037888212584,"owner_count":21.0,"top_owner":"KEYES M D LIVING TRUST","top_owner_state":"MS","top_operator":"RP OPERATING","max_propensity_score":8.0,"field_name":"Unknown","production_trend":null},"geometry":{"type":"Polygon","coordinates":[[[-101.42482241467663,31.162025356525188],[-101.43630780048721,31.162103866392588],[-101.43706409571817,31.16209187475902],[-101.43702531544734,31.1696623568422],[-101.43682099543261,31.17663542768447],[-101.41984425230766,31.176508676270753],[-101.41992852865434,31.161969988173507],[-101.42482241467663,31.162025356525188]]]}},{"type":"Feature","properties":{"ABSTRACT_L":"B1--S229","ABSTRACT_N":"B1--S229","LEVEL1_SUR":null,"LEVEL2_BLO":"1","LEVEL3_SUR":"229","Surv_Sect":"229","SHAPE_AREA":639.1409009855433,"owner_count":0.0,"top_owner":"","top_owner_state":"","top_operator":"","max_propensity_score":0.0,"field_name":"Unknown","production_trend":null},"geometry":{"type":"Polygon","coordinates":[[[-101.41232208261361,31.16190155042012],[-101.41992852865434,31.161969988173507],[-101.41984425230766,31.176508676270753],[-101.41133281021202,31.176380824851407],[-101.4099894309086,31.176365254985697],[-101.40998773039776,31.176365235002653],[-101.40731512025663,31.17633421900486],[-101.4029520163964,31.176369173968347],[-101.40296301626705,31.172593632858195],[-101.40300667708479,31.16922906969739],[-101.40310581515955,31.164063125962045],[-101.40314966103026,31.161778545135586],[-101.40867159879353,31.161870971686277],[-101.41232208261361,31.16190155042012]]]}},{"type":"Feature","properties":{"ABSTRACT_L":"B1--S23","ABSTRACT_N":"B1--S23","LEVEL1_SUR":null,"LEVEL2_BLO":"1","LEVEL3_SUR":"23","Surv_Sect":"23","SHAPE_AREA":1269.1822943459215,"owner_count":1.0,"top_owner":"CIVITAS PERMIAN OPER LLC WI","top_owner_state":"CO","top_operator":"CIVITAS PERMIAN OPER","max_propensity_score":5.0,"field_name":"Unknown","production_trend":null},"geometry":{"type":"MultiPolygon","coordinates":[[[[-101.68798870380745,31.186244249804226],[-101.68804631366493,31.172471196393158],[-101.69256289558977,31.17242260406979],[-101.69632509210194,31.172556007120008],[-101.70518413999169,31.17258576767898],[-101.70510351619495,31.186371151106165],[-101.69631507408991,31.18630627375997],[-101.68798870380745,31.186244249804226]]],[[[-101.37431181532037,31.41700017082211],[-101.37426509663739,31.420793907440288],[-101.36481219676783,31.42070753288472],[-101.35709479441645,31.420644839721128],[-101.35716085023425,31.412991918328252],[-101.35725547247806,31.40598374817302],[-101.36108125713594,31.406099978861572],[-101.36500441467905,31.406146765665746],[-101.37444385149746,31.40625884443625],[-101.37431181532037,31.41700017082211]]]]}},{"type":"Feature","properties":{"ABSTRACT_L":"B1--S230","ABSTRACT_N":"B1--S230","LEVEL1_SUR":"T&P","LEVEL2_BLO":"1","LEVEL3_SUR":"230","Surv_Sect":"230","SHAPE_AREA":652.8978756316981,"owner_count":3.0,"top_owner":"DIGITAL OPERATING CO LLC WI","top_owner_state":"TX","top_operator":"DIGITAL OPERATING","max_propensity_score":3.0,"field_name":"Unknown","production_trend":null},"geometry":{"type":"Polygon","coordinates":[[[-101.40314966103026,31.161778545135586],[-101.40310581515955,31.164063125962045],[-101.40300667708479,31.16922906969739],[-101.40296301626705,31.172593632858195],[-101.4029520163964,31.176369173968347],[-101.40055169999091,31.176326587015726],[-101.39820677370587,31.17629298704181],[-101.39615018506744,31.176266196670415],[-101.39481541611602,31.176252070178407],[-101.39266324134148,31.176233758767633],[-101.39052839956032,31.17620121555827],[-101.38851879011632,31.176180281742106],[-101.38589504114013,31.176140765183746],[-101.38598160100427,31.16897583203988],[-101.3859684011595,31.1614363228975],[-101.40314966103026,31.161778545135586]]]}},{"type":"Feature","properties":{"ABSTRACT_L":"A-574","ABSTRACT_N":"574","LEVEL1_SUR":"T&P RR","LEVEL2_BLO":"1","LEVEL3_SUR":"231","Surv_Sect":"231","SHAPE_AREA":648.2935246868515,"owner_count":748.0,"top_owner":"SENGELMANN ALEX ESTATE","top_owner_state":"CA","top_operator":"RP OPERATING LLC","max_propensity_score":10.0,"field_name":"Unknown","production_trend":null},"geometry":{"type":"Polygon","coordinates":[[[-101.37540196493511,31.16126401021925],[-101.37854289557994,31.16131102013092],[-101.3859684011595,31.1614363228975],[-101.38598160100427,31.16897583203988],[-101.38589504114013,31.176140765183746],[-101.36915872940601,31.175901103033205],[-101.36903676693652,31.161169502968935],[-101.3740549546413,31.161243967101434],[-101.37540196493511,31.16126401021925]]]}},{"type":"Feature","properties":{"ABSTRACT_L":"A-196","ABSTRACT_N":"196","LEVEL1_SUR":"T&PRR","LEVEL2_BLO":"1","LEVEL3_SUR":"232","Surv_Sect":"232","SHAPE_AREA":680.1265678803801,"owner_count":292.0,"top_owner":"VANDERHOLF CAROLINE B ESTATE","top_owner_state":"NH","top_operator":"PERMIAN RESOURCES OP","max_propensity_score":9.0,"field_name":"Unknown","production_trend":null},"geometry":{"type":"Polygon","coordinates":[[[-101.35160007650461,31.175938563734437],[-101.35158582922419,31.16845732850838],[-101.3515742391604,31.160961722593264],[-101.36903676693652,31.161169502968935],[-101.36915872940601,31.175901103033205],[-101.35279656598772,31.175968232537745],[-101.35160007650461,31.175938563734437]]]}},{"type":"Feature","properties":{"ABSTRACT_L":"B1--S233","ABSTRACT_N":"B1--S233","LEVEL1_SUR":null,"LEVEL2_BLO":"1","LEVEL3_SUR":"233","Surv_Sect":"233","SHAPE_AREA":663.68136381185,"owner_count":96.0,"top_owner":"VANDERHOLF CAROLINE B ESTATE","top_owner_state":"NH","top_operator":"BRIDWELL OIL COMPANY","max_propensity_score":9.0,"field_name":"Unknown","production_trend":null},"geometry":{"type":"Polygon","coordinates":[[[-101.34310932081335,31.16090748207766],[-101.34896800912888,31.160952051531805],[-101.3515742391604,31.160961722593264],[-101.35158582922419,31.16845732850838],[-101.35160007650461,31.175938563734437],[-101.34322961421304,31.17574617897352],[-101.33451067655817,31.17573469556368],[-101.33451049240352,31.16819650149336],[-101.33452830240235,31.160841721723834],[-101.34310932081335,31.16090748207766]]]}},{"type":"Feature","properties":{"ABSTRACT_L":"A-197","ABSTRACT_N":"197","LEVEL1_SUR":"T&PRR","LEVEL2_BLO":"1","LEVEL3_SUR":"234","Surv_Sect":"234","SHAPE_AREA":659.730672776223,"owner_count":142.0,"top_owner":"COATES EMILY F TR FBO EMILY D","top_owner_state":"IN","top_operator":"PERMIAN RESOURCES OP","max_propensity_score":8.0,"field_name":"Unknown","production_trend":null},"geometry":{"type":"Polygon","coordinates":[[[-101.317765757167,31.160723472582568],[-101.31915286915341,31.160705900739462],[-101.33452830240235,31.160841721723834],[-101.33451049240352,31.16819650149336],[-101.33451067655817,31.17573469556368],[-101.3174797201058,31.17570716411934],[-101.317765757167,31.160723472582568]]]}},{"type":"Feature","properties":{"ABSTRACT_L":"A-576","ABSTRACT_N":"576","LEVEL1_SUR":"BLK 1 SEC 235 A-576","LEVEL2_BLO":"1","LEVEL3_SUR":"235","Surv_Sect":"235","SHAPE_AREA":668.6720476355882,"owner_count":552.0,"top_owner":"BLADINE INVESTMENTS LLC","top_owner_state":"OR","top_operator":"PERMIAN RESOURCES OP","max_propensity_score":8.0,"field_name":"Unknown","production_trend":null},"geometry":{"type":"Polygon","coordinates":[[[-101.3174797201058,31.17570716411934],[-101.30953211997131,31.175698522928805],[-101.30215800790747,31.175686915771095],[-101.30055905071917,31.17564665501699],[-101.30071090462975,31.167969445801493],[-101.30067614431982,31.160513315154525],[-101.30494211424671,31.160541798062297],[-101.30961944789502,31.160593397511136],[-101.317765757167,31.160723472582568],[-101.3174797201058,31.17570716411934]]]}},{"type":"Feature","properties":{"ABSTRACT_L":"A-66","ABSTRACT_N":"66","LEVEL1_SUR":"T&PRR","LEVEL2_BLO":"1","LEVEL3_SUR":"236","Surv_Sect":"236","SHAPE_AREA":676.0249628601013,"owner_count":91.0,"top_owner":"BLADINE INVESTMENTS LLC","top_owner_state":"OR","top_operator":"PERMIAN RESOURCES OP","max_propensity_score":8.0,"field_name":"Unknown","production_trend":null},"geometry":{"type":"Polygon","coordinates":[[[-101.28925783840646,31.160365178989743],[-101.30067614431982,31.160513315154525],[-101.30071090462975,31.167969445801493],[-101.30055905071917,31.17564665501699],[-101.28346563260848,31.175380334728057],[-101.2835326244708,31.16793907041164],[-101.28360244692456,31.16031447803734],[-101.28925783840646,31.160365178989743]]]}},{"type":"Feature","properties":{"ABSTRACT_L":"A-577","ABSTRACT_N":"577","LEVEL1_SUR":"T&P RR","LEVEL2_BLO":"1","LEVEL3_SUR":"237","Surv_Sect":"237","SHAPE_AREA":390.56372139613916,"owner_count":1.0,"top_owner":"STENSRUD THOR A","top_owner_state":"CA","top_operator":"STENSRUD THOR","max_propensity_score":5.0,"field_name":"Unknown","production_trend":null},"geometry":{"type":"Polygon","coordinates":[[[-101.27614959213618,31.175259601213],[-101.27341250900879,31.17521432447199],[-101.27341393104187,31.175101769300557],[-101.27346495535001,31.17106596345183],[-101.2735909782046,31.166892029735696],[-101.27366702598329,31.164970947847962],[-101.27369393501762,31.164163002614696],[-101.27370095445325,31.164004054537227],[-101.27375594302673,31.162523046057252],[-101.27379003948165,31.162018959444808],[-101.27380566567602,31.160222022294782],[-101.28360244692456,31.16031447803734],[-101.2835326244708,31.16793907041164],[-101.28346563260848,31.175380334728057],[-101.28326733130615,31.175377067466044],[-101.27614959213618,31.175259601213]]]}},{"type":"Feature","properties":{"ABSTRACT_L":"B1--S24","ABSTRACT_N":"B1--S24","LEVEL1_SUR":null,"LEVEL2_BLO":"1","LEVEL3_SUR":"24","Surv_Sect":"24","SHAPE_AREA":1266.6790385701836,"owner_count":0.0,"top_owner":"","top_owner_state":"","top_operator":"","max_propensity_score":0.0,"field_name":"Unknown","production_trend":null},"geometry":{"type":"MultiPolygon","coordinates":[[[[-101.67061948583653,31.171998698189856],[-101.67902423502584,31.17220926748032],[-101.68804631366493,31.172471196393158],[-101.68798870380745,31.186244249804226],[-101.6788838849408,31.186205067900595],[-101.67040007232838,31.186167976298407],[-101.67050277491818,31.17954640635958],[-101.67061948583653,31.171998698189856]]],[[[-101.38912709688738,31.40651075935095],[-101.38918556194102,31.411134528558858],[-101.391656842559,31.411132514525217],[-101.39164228805477,31.421158742738026],[-101.3916408624284,31.421198059332873],[-101.38324252451527,31.420998087116658],[-101.375401671186,31.42081083293115],[-101.37426509663739,31.420793907440288],[-101.37431181532037,31.41700017082211],[-101.37444385149746,31.40625884443625],[-101.37540186881536,31.406275494235206],[-101.38258223223873,31.40639875755179],[-101.38686769021739,31.406472131234935],[-101.38912709688738,31.40651075935095]]]]}},{"type":"Feature","properties":{"ABSTRACT_L":"A-485","ABSTRACT_N":"485","LEVEL1_SUR":"UL","LEVEL2_BLO":"1","LEVEL3_SUR":"25","Surv_Sect":"25","SHAPE_AREA":1269.507420643847,"owner_count":8.0,"top_owner":"DIAMONDBACK E&P LLC  WI","top_owner_state":"OK","top_operator":"APACHE CORPORATION","max_propensity_score":6.0,"field_name":"Unknown","production_trend":null},"geometry":{"type":"MultiPolygon","coordinates":[[[[-101.68798870380745,31.186244249804226],[-101.68796190077431,31.197601492629165],[-101.68795231125866,31.201181753957403],[-101.67020083228657,31.201054490631304],[-101.67040007232838,31.186167976298407],[-101.6788838849408,31.186205067900595],[-101.68798870380745,31.186244249804226]]],[[[-101.40867835861603,31.406715776687058],[-101.40864669929049,31.414955202784366],[-101.4086221555203,31.421350797340025],[-101.40862207467191,31.421406080242523],[-101.40112588066263,31.42132420916225],[-101.3916408624284,31.421198059332873],[-101.39164228805477,31.421158742738026],[-101.391656842559,31.411132514525217],[-101.39731038351138,31.41108931897586],[-101.39735211744286,31.40670291907916],[-101.4003968349275,31.406706473514067],[-101.40867835861603,31.406715776687058]]]]}},{"type":"Feature","properties":{"ABSTRACT_L":"A-406","ABSTRACT_N":"406","LEVEL1_SUR":"T&0 RR/RUDD","LEVEL2_BLO":"1","LEVEL3_SUR":"26","Surv_Sect":"26","SHAPE_AREA":1319.5392612821545,"owner_count":2.0,"top_owner":"DISCOVERY NAT RESOURCES WI","top_owner_state":"CO","top_operator":"DISCOVERY NAT RES","max_propensity_score":3.0,"field_name":"Unknown","production_trend":null},"geometry":{"type":"MultiPolygon","coordinates":[[[[-101.70510351619495,31.186371151106165],[-101.70492934992936,31.20150752150541],[-101.70043821997145,31.20141437218192],[-101.69599167609604,31.201313877859707],[-101.68795231125866,31.201181753957403],[-101.68796190077431,31.197601492629165],[-101.68798870380745,31.186244249804226],[-101.69631507408991,31.18630627375997],[-101.70510351619495,31.186371151106165]]],[[[-101.42558470706041,31.421476839642512],[-101.4186265850417,31.42144769341478],[-101.40862207467191,31.421406080242523],[-101.4086221555203,31.421350797340025],[-101.40864669929049,31.414955202784366],[-101.40867835861603,31.406715776687058],[-101.42568788935056,31.406780070067004],[-101.42560491106946,31.42147713554325],[-101.42558470706041,31.421476839642512]]]]}},{"type":"Feature","properties":{"ABSTRACT_L":"B1--S27","ABSTRACT_N":"B1--S27","LEVEL1_SUR":null,"LEVEL2_BLO":"1","LEVEL3_SUR":"27","Surv_Sect":"27","SHAPE_AREA":1337.7034837539807,"owner_count":2.0,"top_owner":"PIONEER NATURAL RES INC WI","top_owner_state":"TX","top_operator":"PIONEER NAT RES USA","max_propensity_score":2.0,"field_name":"Unknown","production_trend":null},"geometry":{"type":"MultiPolygon","coordinates":[[[[-101.70510351619495,31.186371151106165],[-101.71320323703965,31.18636973245988],[-101.72240125611702,31.18636750151167],[-101.72214574740245,31.20166740013523],[-101.70492934992936,31.20150752150541],[-101.70510351619495,31.186371151106165]]],[[[-101.44263662210666,31.42172623840888],[-101.43779734197557,31.421655689240197],[-101.42560491106946,31.42147713554325],[-101.42568788935056,31.406780070067004],[-101.44262016586897,31.406955107280652],[-101.44263662210666,31.42172623840888]]]]}},{"type":"Feature","properties":{"ABSTRACT_L":"A-448","ABSTRACT_N":"448","LEVEL1_SUR":"T&PRR","LEVEL2_BLO":"1","LEVEL3_SUR":"28","Surv_Sect":"28","SHAPE_AREA":1285.9029894727287,"owner_count":4.0,"top_owner":"PERMIAN RESOURCES OPER LLC WI","top_owner_state":"TX","top_operator":"PERMIAN RESOURCES OP","max_propensity_score":1.0,"field_name":"Unknown","production_trend":null},"geometry":{"type":"MultiPolygon","coordinates":[[[[-101.73934006877744,31.186574748150527],[-101.73924753691328,31.201787436095838],[-101.73037225736468,31.201733106782125],[-101.72214574740245,31.20166740013523],[-101.72240125611702,31.18636750151167],[-101.73034493780024,31.186464970766465],[-101.73934006877744,31.186574748150527]]],[[[-101.44261998710422,31.40214251039307],[-101.44262016586897,31.406955107280652],[-101.42568788935056,31.406780070067004],[-101.42565839496486,31.393100300762086],[-101.44263784381545,31.393124457703],[-101.44261998710422,31.40214251039307]]]]}},{"type":"Feature","properties":{"ABSTRACT_L":"A-487","ABSTRACT_N":"487","LEVEL1_SUR":"T&P RR","LEVEL2_BLO":"1","LEVEL3_SUR":"29","Surv_Sect":"29","SHAPE_AREA":1212.9944815858719,"owner_count":1.0,"top_owner":"TRIO CONSULTING & MNGMNT LLC","top_owner_state":"TX","top_operator":"TRIO CONSULTING","max_propensity_score":3.0,"field_name":"Unknown","production_trend":null},"geometry":{"type":"MultiPolygon","coordinates":[[[[-101.7550834654415,31.201412571878606],[-101.7504100583293,31.20144980196041],[-101.73924753691328,31.201787436095838],[-101.73934006877744,31.186574748150527],[-101.75523999687977,31.187053188606914],[-101.7550834654415,31.201412571878606]]],[[[-101.40867856972014,31.403095808241485],[-101.40868650184409,31.393208785721786],[-101.41790651437458,31.39315013139519],[-101.42565839496486,31.393100300762086],[-101.42568788935056,31.406780070067004],[-101.40867835861603,31.406715776687058],[-101.40867856972014,31.403095808241485]]]]}},{"type":"Feature","properties":{"ABSTRACT_L":"B1--S3","ABSTRACT_N":"B1--S3","LEVEL1_SUR":null,"LEVEL2_BLO":"1","LEVEL3_SUR":"3","Surv_Sect":"3","SHAPE_AREA":1990.3981774053964,"owner_count":10.0,"top_owner":"CIVITAS PERMIAN OPER LLC WI","top_owner_state":"CO","top_operator":"PRIME OPERATING COMP","max_propensity_score":5.0,"field_name":"Unknown","production_trend":null},"geometry":{"type":"MultiPolygon","coordinates":[[[[-101.72269093494839,31.13547367591759],[-101.72259808777557,31.143481399487026],[-101.72034129160976,31.14346092359264],[-101.70533601995344,31.14332377219874],[-101.7053594632874,31.128194419636458],[-101.72264260468779,31.12851953702793],[-101.72269093494839,31.13547367591759]]],[[[-101.68811406280702,31.16003388348953],[-101.68809515866019,31.163494749528024],[-101.68808508585091,31.165339375056085],[-101.68806594993873,31.168845133402066],[-101.68804631366493,31.172471196393158],[-101.67902423502584,31.17220926748032],[-101.67061948583653,31.171998698189856],[-101.67077988182713,31.157602076674515],[-101.67906859203794,31.157746427321232],[-101.68812570317647,31.157903547097796],[-101.68811406280702,31.16003388348953]]],[[[-101.33549901201691,31.44196972874809],[-101.3354273830511,31.449408006111007],[-101.31830212954505,31.449398990723967],[-101.31830308625082,31.4486831007758],[-101.31862085629942,31.434617851260345],[-101.32401340611906,31.434675676401188],[-101.33557000767046,31.434784048144337],[-101.33549901201691,31.44196972874809]]]]}},{"type":"Feature","properties":{"ABSTRACT_L":"B1--S30","ABSTRACT_N":"B1--S30","LEVEL1_SUR":null,"LEVEL2_BLO":"1","LEVEL3_SUR":"30","Surv_Sect":"30","SHAPE_AREA":1220.0778141941757,"owner_count":0.0,"top_owner":"","top_owner_state":"","top_operator":"","max_propensity_score":0.0,"field_name":"Unknown","production_trend":null},"geometry":{"type":"MultiPolygon","coordinates":[[[[-101.77268650769435,31.20152788650212],[-101.7550834654415,31.201412571878606],[-101.75523999687977,31.187053188606914],[-101.77305119944519,31.187264700402167],[-101.77268650769435,31.20152788650212]]],[[[-101.40053096687416,31.393205726137055],[-101.40508628325574,31.393215187844945],[-101.40868650184409,31.393208785721786],[-101.40867856972014,31.403095808241485],[-101.40867835861603,31.406715776687058],[-101.4003968349275,31.406706473514067],[-101.39735211744286,31.40670291907916],[-101.39737403992906,31.40414123519641],[-101.39172765495621,31.404121636198138],[-101.39176932510729,31.39318175938674],[-101.40053096687416,31.393205726137055]]]]}},{"type":"Feature","properties":{"ABSTRACT_L":"B1--S31","ABSTRACT_N":"B1--S31","LEVEL1_SUR":null,"LEVEL2_BLO":"1","LEVEL3_SUR":"31","Surv_Sect":"31","SHAPE_AREA":1267.7099473587882,"owner_count":1.0,"top_owner":"MINERAL TECHNOLOGIES INC","top_owner_state":"TX","top_operator":"MINERAL TECHNOLOGIES","max_propensity_score":2.0,"field_name":"Unknown","production_trend":null},"geometry":{"type":"MultiPolygon","coordinates":[[[[-101.77241839471803,31.216655713821655],[-101.76419586878409,31.216566194043853],[-101.75508969974958,31.21646643797862],[-101.7550834654415,31.201412571878606],[-101.77268650769435,31.20152788650212],[-101.77241839471803,31.216655713821655]]],[[[-101.37450756181403,31.3930614179123],[-101.38292554767906,31.393200287897514],[-101.39176932510729,31.39318175938674],[-101.39172765495621,31.404121636198138],[-101.38909098640958,31.4040977481404],[-101.38912709688738,31.40651075935095],[-101.38686769021739,31.406472131234935],[-101.38258223223873,31.40639875755179],[-101.37540186881536,31.406275494235206],[-101.37444385149746,31.40625884443625],[-101.37450756181403,31.3930614179123]]]]}},{"type":"Feature","properties":{"ABSTRACT_L":"B1--S32","ABSTRACT_N":"B1--S32","LEVEL1_SUR":null,"LEVEL2_BLO":"1","LEVEL3_SUR":"32","Surv_Sect":"32","SHAPE_AREA":1203.851583614485,"owner_count":2.0,"top_owner":"PIONEER NATURAL RES INC WI","top_owner_state":"TX","top_operator":"PIONEER NAT RES USA","max_propensity_score":1.0,"field_name":"Unknown","production_trend":null},"geometry":{"type":"MultiPolygon","coordinates":[[[[-101.7504099936506,31.216397158432642],[-101.73916606331028,31.216230373506203],[-101.73924753691328,31.201787436095838],[-101.7504100583293,31.20144980196041],[-101.7550834654415,31.201412571878606],[-101.75508969974958,31.21646643797862],[-101.7504099936506,31.216397158432642]]],[[[-101.36989552670371,31.3929788703058],[-101.37450756181403,31.3930614179123],[-101.37444385149746,31.40625884443625],[-101.36500441467905,31.406146765665746],[-101.36108125713594,31.406099978861572],[-101.35725547247806,31.40598374817302],[-101.35740348788742,31.394777206199706],[-101.35743091435138,31.392743278347638],[-101.36141401557508,31.392844921419417],[-101.36519963745492,31.392911135972202],[-101.36989552670371,31.3929788703058]]]]}},{"type":"Feature","properties":{"ABSTRACT_L":"B1--S33","ABSTRACT_N":"B1--S33","LEVEL1_SUR":null,"LEVEL2_BLO":"1","LEVEL3_SUR":"33","Surv_Sect":"33","SHAPE_AREA":1240.5260427274698,"owner_count":1.0,"top_owner":"PIONEER NATURAL RES INC WI","top_owner_state":"TX","top_operator":"PIONEER NAT RES USA","max_propensity_score":2.0,"field_name":"Unknown","production_trend":null},"geometry":{"type":"MultiPolygon","coordinates":[[[[-101.73924753691328,31.201787436095838],[-101.73916606331028,31.216230373506203],[-101.72192077511933,31.21578158479646],[-101.72214574740245,31.20166740013523],[-101.73037225736468,31.201733106782125],[-101.73924753691328,31.201787436095838]]],[[[-101.34040982768903,31.39586969869468],[-101.34047684919575,31.39181549420901],[-101.35315566303098,31.392509535365555],[-101.35743091435138,31.392743278347638],[-101.35740348788742,31.394777206199706],[-101.35725547247806,31.40598374817302],[-101.35327653674234,31.405916550719105],[-101.34881607347161,31.405873760658153],[-101.34034939712157,31.405771039130784],[-101.34040982768903,31.39586969869468]]]]}},{"type":"Feature","properties":{"ABSTRACT_L":"A-258","ABSTRACT_N":"258","LEVEL1_SUR":"T&P","LEVEL2_BLO":"1","LEVEL3_SUR":"34","Surv_Sect":"34","SHAPE_AREA":1230.3621127304089,"owner_count":439.0,"top_owner":"RIDGEROCKTX LLC","top_owner_state":"OK","top_operator":"CRESCENT ENERGY OP","max_propensity_score":8.0,"field_name":"Unknown","production_trend":null},"geometry":{"type":"MultiPolygon","coordinates":[[[[-101.72192077511933,31.21578158479646],[-101.70485945022047,31.215497233429264],[-101.70492934992936,31.20150752150541],[-101.72214574740245,31.20166740013523],[-101.72192077511933,31.21578158479646]]],[[[-101.34047684919575,31.39181549420901],[-101.34040982768903,31.39586969869468],[-101.34034939712157,31.405771039130784],[-101.33561588912359,31.40575484926878],[-101.33152285566867,31.40579147426572],[-101.32402428381884,31.405729772458123],[-101.32399007237956,31.391547398151726],[-101.33565546170847,31.39173731257683],[-101.34047684919575,31.39181549420901]]]]}},{"type":"Feature","properties":{"ABSTRACT_L":"A-490","ABSTRACT_N":"490","LEVEL1_SUR":"T&P","LEVEL2_BLO":"1","LEVEL3_SUR":"35","Surv_Sect":"35","SHAPE_AREA":1257.5731316079316,"owner_count":167.0,"top_owner":"DAMERON SMITH LLC","top_owner_state":"CO","top_operator":"DIAMONDBACK E&P LLC","max_propensity_score":7.0,"field_name":"Unknown","production_trend":null},"geometry":{"type":"MultiPolygon","coordinates":[[[[-101.68772063305194,31.215211665046255],[-101.68795231125866,31.201181753957403],[-101.69599167609604,31.201313877859707],[-101.70043821997145,31.20141437218192],[-101.70492934992936,31.20150752150541],[-101.70485945022047,31.215497233429264],[-101.69834195813682,31.21538890858134],[-101.68772063305194,31.215211665046255]]],[[[-101.32402428381884,31.405729772458123],[-101.31594026103373,31.40572811866265],[-101.30690962055168,31.405643722152146],[-101.30691620250776,31.398085791884025],[-101.30692191489466,31.391434607068714],[-101.32399007237956,31.391547398151726],[-101.32402428381884,31.405729772458123]]]]}},{"type":"Feature","properties":{"ABSTRACT_L":"B1--S36","ABSTRACT_N":"B1--S36","LEVEL1_SUR":null,"LEVEL2_BLO":"1","LEVEL3_SUR":"36","Surv_Sect":"36","SHAPE_AREA":643.9847123587859,"owner_count":0.0,"top_owner":"","top_owner_state":"","top_operator":"","max_propensity_score":0.0,"field_name":"Unknown","production_trend":null},"geometry":{"type":"Polygon","coordinates":[[[-101.68795231125866,31.201181753957403],[-101.68772063305194,31.215211665046255],[-101.6784925419721,31.21501991249983],[-101.67001313829108,31.21484313153761],[-101.67020083228657,31.201054490631304],[-101.68795231125866,31.201181753957403]]]}},{"type":"Feature","properties":{"ABSTRACT_L":"B1--S37","ABSTRACT_N":"B1--S37","LEVEL1_SUR":null,"LEVEL2_BLO":"1","LEVEL3_SUR":"37","Surv_Sect":"37","SHAPE_AREA":618.0733729808502,"owner_count":0.0,"top_owner":"","top_owner_state":"","top_operator":"","max_propensity_score":0.0,"field_name":"Unknown","production_trend":null},"geometry":{"type":"Polygon","coordinates":[[[-101.2898121375643,31.387848473517472],[-101.28997668826311,31.377481054122814],[-101.30058334835098,31.377477652736637],[-101.30695849519134,31.377475186252294],[-101.30692191489466,31.391434607068714],[-101.29861697033003,31.391379368620125],[-101.2898405961925,31.39132040871972],[-101.2898121375643,31.387848473517472]]]}},{"type":"Feature","properties":{"ABSTRACT_L":"A-54","ABSTRACT_N":"54","LEVEL1_SUR":"T&P","LEVEL2_BLO":"1","LEVEL3_SUR":"38","Surv_Sect":"38","SHAPE_AREA":623.7850472917472,"owner_count":2.0,"top_owner":"DISCOVERY NAT RESOURCES WI","top_owner_state":"CO","top_operator":"DISCOVERY NAT RES","max_propensity_score":4.0,"field_name":"Unknown","production_trend":null},"geometry":{"type":"Polygon","coordinates":[[[-101.32399007237956,31.391547398151726],[-101.30692191489466,31.391434607068714],[-101.30695849519134,31.377475186252294],[-101.32394729101246,31.377394151160946],[-101.32399007237956,31.391547398151726]]]}},{"type":"Feature","properties":{"ABSTRACT_L":"B1--S39","ABSTRACT_N":"B1--S39","LEVEL1_SUR":null,"LEVEL2_BLO":"1","LEVEL3_SUR":"39","Surv_Sect":"39","SHAPE_AREA":614.5820756534122,"owner_count":13.0,"top_owner":"MAP00-NET","top_owner_state":"OK","top_operator":"EXTEX OPERATING","max_propensity_score":6.0,"field_name":"Unknown","production_trend":null},"geometry":{"type":"Polygon","coordinates":[[[-101.32399007237956,31.391547398151726],[-101.32394729101246,31.377394151160946],[-101.33730007307614,31.377372574769993],[-101.34047194798755,31.377367246053286],[-101.34044575850376,31.38767282476384],[-101.34047684919575,31.39181549420901],[-101.33565546170847,31.39173731257683],[-101.32399007237956,31.391547398151726]]]}},{"type":"Feature","properties":{"ABSTRACT_L":"B1--S4","ABSTRACT_N":"B1--S4","LEVEL1_SUR":null,"LEVEL2_BLO":"1","LEVEL3_SUR":"4","Surv_Sect":"4","SHAPE_AREA":1389.7239803891537,"owner_count":0.0,"top_owner":"","top_owner_state":"","top_operator":"","max_propensity_score":0.0,"field_name":"Unknown","production_trend":null},"geometry":{"type":"MultiPolygon","coordinates":[[[[-101.73963778303902,31.128650887223206],[-101.73956666431629,31.14354366672217],[-101.73956606873325,31.143596866933496],[-101.7264164990616,31.14350757943993],[-101.72259808777557,31.143481399487026],[-101.72269093494839,31.13547367591759],[-101.72264260468779,31.12851953702793],[-101.72861953644752,31.12856598722199],[-101.73963778303902,31.128650887223206]]],[[[-101.33549901201691,31.44196972874809],[-101.33557000767046,31.434784048144337],[-101.3402849133555,31.43484610258047],[-101.3481929983973,31.43495301323085],[-101.35379666129185,31.435027995629937],[-101.35335855741934,31.444675597962647],[-101.35330581193915,31.448169351700365],[-101.35329176228808,31.449437240206525],[-101.33787577998552,31.44940359191278],[-101.3354273830511,31.449408006111007],[-101.33549901201691,31.44196972874809]]],[[[-101.39792098278305,31.6511340134406],[-101.38300292586268,31.651104931170877],[-101.37889400929525,31.651098077936624],[-101.37542105233824,31.651092060518195],[-101.37376327885505,31.651137497408882],[-101.37376120195013,31.6504063353211],[-101.37500667027746,31.65040245597298],[-101.37540255063665,31.650401020621747],[-101.38782719065381,31.650334820089352],[-101.3941793001987,31.650398545271713],[-101.39851127743435,31.6504418229756],[-101.39851393824422,31.65113522854719],[-101.39792098278305,31.6511340134406]]]]}},{"type":"Feature","properties":{"ABSTRACT_L":"B1--S40","ABSTRACT_N":"B1--S40","LEVEL1_SUR":null,"LEVEL2_BLO":"1","LEVEL3_SUR":"40","Surv_Sect":"40","SHAPE_AREA":667.7291100461705,"owner_count":1.0,"top_owner":"MIDWAY ENERGY PARTNERS OPER","top_owner_state":"TX","top_operator":"MIDWAY ENERGY","max_propensity_score":1.0,"field_name":"Unknown","production_trend":null},"geometry":{"type":"Polygon","coordinates":[[[-101.34044575850376,31.38767282476384],[-101.34047194798755,31.377367246053286],[-101.35338912529186,31.37729238399456],[-101.35767328700155,31.377268250591094],[-101.35763086855384,31.38361235286068],[-101.35743091435138,31.392743278347638],[-101.35315566303098,31.392509535365555],[-101.34047684919575,31.39181549420901],[-101.34044575850376,31.38767282476384]]]}},{"type":"Feature","properties":{"ABSTRACT_L":"A-493","ABSTRACT_N":"493","LEVEL1_SUR":"T&PRR","LEVEL2_BLO":"1","LEVEL3_SUR":"41","Surv_Sect":"41","SHAPE_AREA":692.5683214680842,"owner_count":2.0,"top_owner":"DISCOVERY NAT RESOURCES WI","top_owner_state":"CO","top_operator":"DISCOVERY NAT RES","max_propensity_score":4.0,"field_name":"Unknown","production_trend":null},"geometry":{"type":"Polygon","coordinates":[[[-101.36950600012854,31.37726830274327],[-101.3746200308876,31.377267987529528],[-101.37454418612816,31.387625480447642],[-101.37450756181403,31.3930614179123],[-101.36989552670371,31.3929788703058],[-101.36519963745492,31.392911135972202],[-101.36141401557508,31.392844921419417],[-101.35743091435138,31.392743278347638],[-101.35763086855384,31.38361235286068],[-101.35767328700155,31.377268250591094],[-101.36950600012854,31.37726830274327]]]}},{"type":"Feature","properties":{"ABSTRACT_L":"B1--S42","ABSTRACT_N":"B1--S42","LEVEL1_SUR":null,"LEVEL2_BLO":"1","LEVEL3_SUR":"42","Surv_Sect":"42","SHAPE_AREA":712.773275706522,"owner_count":0.0,"top_owner":"","top_owner_state":"","top_operator":"","max_propensity_score":0.0,"field_name":"Unknown","production_trend":null},"geometry":{"type":"Polygon","coordinates":[[[-101.3746200308876,31.377267987529528],[-101.37540199996938,31.377271365147987],[-101.37838379226501,31.377285156321957],[-101.38276192673658,31.377305280909802],[-101.3918588916327,31.37734661606349],[-101.39179675067294,31.388042366967724],[-101.39176932510729,31.39318175938674],[-101.38292554767906,31.393200287897514],[-101.37450756181403,31.3930614179123],[-101.37454418612816,31.387625480447642],[-101.3746200308876,31.377267987529528]]]}},{"type":"Feature","properties":{"ABSTRACT_L":"A-494","ABSTRACT_N":"494","LEVEL1_SUR":"T&P","LEVEL2_BLO":"1","LEVEL3_SUR":"43","Surv_Sect":"43","SHAPE_AREA":694.5907109965826,"owner_count":3.0,"top_owner":"DISCOVERY NAT RESOURCES WI","top_owner_state":"CO","top_operator":"DISCOVERY NAT RES","max_propensity_score":3.0,"field_name":"Unknown","production_trend":null},"geometry":{"type":"Polygon","coordinates":[[[-101.3996687719493,31.377425346534952],[-101.40874257917571,31.37750621210532],[-101.40869630695542,31.388151692108824],[-101.40868650184409,31.393208785721786],[-101.40508628325574,31.393215187844945],[-101.40053096687416,31.393205726137055],[-101.39176932510729,31.39318175938674],[-101.39179675067294,31.388042366967724],[-101.3918588916327,31.37734661606349],[-101.3996687719493,31.377425346534952]]]}},{"type":"Feature","properties":{"ABSTRACT_L":"B1--S44","ABSTRACT_N":"B1--S44","LEVEL1_SUR":null,"LEVEL2_BLO":"1","LEVEL3_SUR":"44","Surv_Sect":"44","SHAPE_AREA":688.0487495507397,"owner_count":0.0,"top_owner":"","top_owner_state":"","top_operator":"","max_propensity_score":0.0,"field_name":"Unknown","production_trend":null},"geometry":{"type":"Polygon","coordinates":[[[-101.42567965898593,31.37766473876154],[-101.42566876511648,31.38449935769171],[-101.42565839496486,31.393100300762086],[-101.41790651437458,31.39315013139519],[-101.40868650184409,31.393208785721786],[-101.40869630695542,31.388151692108824],[-101.40874257917571,31.37750621210532],[-101.42567965898593,31.37766473876154]]]}},{"type":"Feature","properties":{"ABSTRACT_L":"B1--S45","ABSTRACT_N":"B1--S45","LEVEL1_SUR":null,"LEVEL2_BLO":"1","LEVEL3_SUR":"45","Surv_Sect":"45","SHAPE_AREA":678.0974742888445,"owner_count":0.0,"top_owner":"","top_owner_state":"","top_operator":"","max_propensity_score":0.0,"field_name":"Unknown","production_trend":null},"geometry":{"type":"Polygon","coordinates":[[[-101.44263784381545,31.393124457703],[-101.42565839496486,31.393100300762086],[-101.42566876511648,31.38449935769171],[-101.42567965898593,31.37766473876154],[-101.44257277973773,31.37784608464521],[-101.4425713316535,31.378159021164212],[-101.44261838900135,31.3850390770543],[-101.44263784381545,31.393124457703]]]}},{"type":"Feature","properties":{"ABSTRACT_L":"A-680","ABSTRACT_N":"680","LEVEL1_SUR":"BLK 1 SEC 46 A-680","LEVEL2_BLO":"1","LEVEL3_SUR":"46","Surv_Sect":"46","SHAPE_AREA":510.05573715230344,"owner_count":28.0,"top_owner":"FRIEND DEBRA LYNN LIFE ESTATE","top_owner_state":"TX","top_operator":"PERMIAN RESOURCES OP","max_propensity_score":7.0,"field_name":"Unknown","production_trend":null},"geometry":{"type":"Polygon","coordinates":[[[-101.43373268630049,31.366226663087723],[-101.43600369201745,31.366235334400752],[-101.44175508914869,31.366257115078877],[-101.44265948333233,31.366278406384808],[-101.4426124852733,31.37491528186277],[-101.44286401445117,31.374915789591945],[-101.44284846281697,31.376316229010733],[-101.44282794439756,31.378164158868895],[-101.4425713316535,31.378159021164212],[-101.44257277973773,31.37784608464521],[-101.42567965898593,31.37766473876154],[-101.42571092305276,31.375155356177384],[-101.42582426169554,31.366107189110327],[-101.43373268630049,31.366226663087723]]]}},{"type":"Feature","properties":{"ABSTRACT_L":"B1--S47","ABSTRACT_N":"B1--S47","LEVEL1_SUR":null,"LEVEL2_BLO":"1","LEVEL3_SUR":"47","Surv_Sect":"47","SHAPE_AREA":512.3737665012674,"owner_count":0.0,"top_owner":"","top_owner_state":"","top_operator":"","max_propensity_score":0.0,"field_name":"Unknown","production_trend":null},"geometry":{"type":"Polygon","coordinates":[[[-101.4165708498028,31.365947385783674],[-101.42582426169554,31.366107189110327],[-101.42571092305276,31.375155356177384],[-101.42567965898593,31.37766473876154],[-101.40874257917571,31.37750621210532],[-101.40877693434543,31.375155606206544],[-101.40882771251518,31.37166098494861],[-101.40891194664106,31.36586448605667],[-101.4165708498028,31.365947385783674]]]}},{"type":"Feature","properties":{"ABSTRACT_L":"A-259","ABSTRACT_N":"259","LEVEL1_SUR":"BLK 1 SEC 48 A-259","LEVEL2_BLO":"1","LEVEL3_SUR":"48","Surv_Sect":"48","SHAPE_AREA":514.8462946228848,"owner_count":7.0,"top_owner":"DISCOVERY NAT RESOURCES WI","top_owner_state":"CO","top_operator":"DISCOVERY NAT RES","max_propensity_score":4.0,"field_name":"Unknown","production_trend":null},"geometry":{"type":"Polygon","coordinates":[[[-101.39966259693004,31.365732320984137],[-101.40891194664106,31.36586448605667],[-101.40882771251518,31.37166098494861],[-101.40877693434543,31.375155606206544],[-101.40874257917571,31.37750621210532],[-101.3996687719493,31.377425346534952],[-101.3918588916327,31.37734661606349],[-101.39188305541553,31.37515599275466],[-101.3919255295588,31.371350020964993],[-101.39193255168937,31.370720824150226],[-101.39194561499023,31.36955048175786],[-101.39198939977548,31.36562794246159],[-101.39966259693004,31.365732320984137]]]}},{"type":"Feature","properties":{"ABSTRACT_L":"B1--S49","ABSTRACT_N":"B1--S49","LEVEL1_SUR":null,"LEVEL2_BLO":"1","LEVEL3_SUR":"49","Surv_Sect":"49","SHAPE_AREA":528.7159192448664,"owner_count":0.0,"top_owner":"","top_owner_state":"","top_operator":"","max_propensity_score":0.0,"field_name":"Unknown","production_trend":null},"geometry":{"type":"Polygon","coordinates":[[[-101.37470754116933,31.371289826672914],[-101.37473393906227,31.36948738242519],[-101.37479280027293,31.365468433630422],[-101.38270731365888,31.365499044644405],[-101.39198939977548,31.36562794246159],[-101.39194561499023,31.36955048175786],[-101.39193255168937,31.370720824150226],[-101.3919255295588,31.371350020964993],[-101.39188305541553,31.37515599275466],[-101.3918588916327,31.37734661606349],[-101.38276192673658,31.377305280909802],[-101.37838379226501,31.377285156321957],[-101.37540199996938,31.377271365147987],[-101.3746200308876,31.377267987529528],[-101.37465094191653,31.375155008744233],[-101.37470754116933,31.371289826672914]]]}},{"type":"Feature","properties":{"ABSTRACT_L":"A-475","ABSTRACT_N":"475","LEVEL1_SUR":"A 475 T&P RR SEC 5","LEVEL2_BLO":"1","LEVEL3_SUR":"5","Surv_Sect":"5","SHAPE_AREA":1267.4155622657358,"owner_count":1.0,"top_owner":"WTG EXPLORATION","top_owner_state":"TX","top_operator":"WTG EXPLORATION","max_propensity_score":1.0,"field_name":"Unknown","production_trend":null},"geometry":{"type":"MultiPolygon","coordinates":[[[[-101.75577150038897,31.143791510487148],[-101.75041024158563,31.14370953487987],[-101.73956666431629,31.14354366672217],[-101.73963778303902,31.128650887223206],[-101.7504103170441,31.128809406290703],[-101.75603424952475,31.128891245598453],[-101.75577150038897,31.143791510487148]]],[[[-101.44405519848422,31.197943773971826],[-101.44421329838094,31.1979482652901],[-101.44700529372503,31.19802754144098],[-101.44716886526018,31.19803218413068],[-101.44997896884375,31.19811190818971],[-101.44993525951696,31.199014900856103],[-101.43804062731407,31.19868100737401],[-101.43783370218499,31.19867518829958],[-101.43787642785655,31.19776811139245],[-101.4380414456793,31.197772807114802],[-101.4390364259762,31.1978011136094],[-101.44111019579273,31.197860084805686],[-101.44127635357758,31.197864808954378],[-101.44282384538492,31.197908791628116],[-101.44405519848422,31.197943773971826]]],[[[-101.36963308658844,31.447750008656037],[-101.3696286309446,31.449451423877964],[-101.36764494059149,31.44942833900899],[-101.35329176228808,31.449437240206525],[-101.35330581193915,31.448169351700365],[-101.35335855741934,31.444675597962647],[-101.35379666129185,31.435027995629937],[-101.3568219077927,31.435067412948985],[-101.36979160330345,31.435214326953933],[-101.36963308658844,31.447750008656037]]]]}},{"type":"Feature","properties":{"ABSTRACT_L":"B1--S50","ABSTRACT_N":"B1--S50","LEVEL1_SUR":null,"LEVEL2_BLO":"1","LEVEL3_SUR":"50","Surv_Sect":"50","SHAPE_AREA":525.6125020776731,"owner_count":0.0,"top_owner":"","top_owner_state":"","top_operator":"","max_propensity_score":0.0,"field_name":"Unknown","production_trend":null},"geometry":{"type":"Polygon","coordinates":[[[-101.3746200308876,31.377267987529528],[-101.36950600012854,31.37726830274327],[-101.35767328700155,31.377268250591094],[-101.35763585869525,31.371136972682056],[-101.35775719503897,31.365353779539525],[-101.36554852873823,31.36543581756413],[-101.36610631785095,31.365441672379752],[-101.36687602582744,31.365449747008242],[-101.37479280027293,31.365468433630422],[-101.37473393906227,31.36948738242519],[-101.37470754116933,31.371289826672914],[-101.37465094191653,31.375155008744233],[-101.3746200308876,31.377267987529528]]]}},{"type":"Feature","properties":{"ABSTRACT_L":"B1--S51","ABSTRACT_N":"B1--S51","LEVEL1_SUR":null,"LEVEL2_BLO":"1","LEVEL3_SUR":"51","Surv_Sect":"51","SHAPE_AREA":538.4695503263803,"owner_count":0.0,"top_owner":"","top_owner_state":"","top_operator":"","max_propensity_score":0.0,"field_name":"Unknown","production_trend":null},"geometry":{"type":"Polygon","coordinates":[[[-101.35775719503897,31.365353779539525],[-101.35763585869525,31.371136972682056],[-101.35767328700155,31.377268250591094],[-101.35338912529186,31.37729238399456],[-101.34047194798755,31.377367246053286],[-101.3405026371326,31.37515594136828],[-101.34051534739555,31.374237697140124],[-101.34053663387455,31.372699830695268],[-101.34054509510621,31.372088576578296],[-101.34060553645347,31.367722470782244],[-101.3406411088404,31.365153126106453],[-101.34393411348304,31.36518897535274],[-101.34915354806597,31.365245624451497],[-101.35775719503897,31.365353779539525]]]}},{"type":"Feature","properties":{"ABSTRACT_L":"B1--S52","ABSTRACT_N":"B1--S52","LEVEL1_SUR":null,"LEVEL2_BLO":"1","LEVEL3_SUR":"52","Surv_Sect":"52","SHAPE_AREA":530.1699160348634,"owner_count":3.0,"top_owner":"ALPINE GAS INVESTORS LP","top_owner_state":"TX","top_operator":"WTG EXPLORATION","max_propensity_score":3.0,"field_name":"Unknown","production_trend":null},"geometry":{"type":"Polygon","coordinates":[[[-101.32401178645661,31.371923107718597],[-101.32409399847478,31.36496779317817],[-101.33131683604142,31.36508907038736],[-101.3406411088404,31.365153126106453],[-101.34060553645347,31.367722470782244],[-101.34054509510621,31.372088576578296],[-101.34053663387455,31.372699830695268],[-101.34051534739555,31.374237697140124],[-101.3405026371326,31.37515594136828],[-101.34047194798755,31.377367246053286],[-101.33730007307614,31.377372574769993],[-101.32394729101246,31.377394151160946],[-101.32397358110758,31.375156062548058],[-101.32401178645661,31.371923107718597]]]}},{"type":"Feature","properties":{"ABSTRACT_L":"B1--S53","ABSTRACT_N":"B1--S53","LEVEL1_SUR":null,"LEVEL2_BLO":"1","LEVEL3_SUR":"53","Surv_Sect":"53","SHAPE_AREA":556.6191062266035,"owner_count":0.0,"top_owner":"","top_owner_state":"","top_operator":"","max_propensity_score":0.0,"field_name":"Unknown","production_trend":null},"geometry":{"type":"Polygon","coordinates":[[[-101.32397358110758,31.375156062548058],[-101.32394729101246,31.377394151160946],[-101.30695849519134,31.377475186252294],[-101.3070138592606,31.36480223430926],[-101.31476374559097,31.364903977417633],[-101.32409399847478,31.36496779317817],[-101.32401178645661,31.371923107718597],[-101.32397358110758,31.375156062548058]]]}},{"type":"Feature","properties":{"ABSTRACT_L":"B1--S54","ABSTRACT_N":"B1--S54","LEVEL1_SUR":null,"LEVEL2_BLO":"1","LEVEL3_SUR":"54","Surv_Sect":"54","SHAPE_AREA":564.0588312155354,"owner_count":0.0,"top_owner":"","top_owner_state":"","top_operator":"","max_propensity_score":0.0,"field_name":"Unknown","production_trend":null},"geometry":{"type":"Polygon","coordinates":[[[-101.30058334835098,31.377477652736637],[-101.28997668826311,31.377481054122814],[-101.28997171968126,31.375155960542344],[-101.29001551704295,31.37312816463356],[-101.29009062787881,31.370945223368796],[-101.290076034747,31.364593980566436],[-101.29797692338504,31.364704676860363],[-101.3070138592606,31.36480223430926],[-101.30695849519134,31.377475186252294],[-101.30058334835098,31.377477652736637]]]}},{"type":"Feature","properties":{"ABSTRACT_L":"B1--S55","ABSTRACT_N":"B1--S55","LEVEL1_SUR":null,"LEVEL2_BLO":"1","LEVEL3_SUR":"55","Surv_Sect":"55","SHAPE_AREA":386.48027775525935,"owner_count":0.0,"top_owner":"","top_owner_state":"","top_operator":"","max_propensity_score":0.0,"field_name":"Unknown","production_trend":null},"geometry":{"type":"Polygon","coordinates":[[[-101.27331018730467,31.364233486287834],[-101.2805539951433,31.36433081104288],[-101.28319937644984,31.36440374279569],[-101.28946240186463,31.364571615013162],[-101.290076034747,31.364593980566436],[-101.29009062787881,31.370945223368796],[-101.29001551704295,31.37312816463356],[-101.289513082118,31.37312628630648],[-101.27310236745356,31.373221235730693],[-101.27331018730467,31.364233486287834]]]}},{"type":"Feature","properties":{"ABSTRACT_L":"B1--S56","ABSTRACT_N":"B1--S56","LEVEL1_SUR":null,"LEVEL2_BLO":"1","LEVEL3_SUR":"56","Surv_Sect":"56","SHAPE_AREA":132.15187074033034,"owner_count":0.0,"top_owner":"","top_owner_state":"","top_operator":"","max_propensity_score":0.0,"field_name":"Unknown","production_trend":null},"geometry":{"type":"Polygon","coordinates":[[[-101.27026393190425,31.3751459616765],[-101.27044847281307,31.364196965508356],[-101.2718400889523,31.364212195285685],[-101.27200646592608,31.36421635039498],[-101.27331018730467,31.364233486287834],[-101.27310236745356,31.373221235730693],[-101.2730760800534,31.37515736791502],[-101.27305297987587,31.376886661751534],[-101.27298260046663,31.382155700065706],[-101.27011674923315,31.38211989640422],[-101.27017401144263,31.38054200706872],[-101.27023593770507,31.3768258175675],[-101.27026393190425,31.3751459616765]]]}},{"type":"Feature","properties":{"ABSTRACT_L":"B1--S6","ABSTRACT_N":"B1--S6","LEVEL1_SUR":null,"LEVEL2_BLO":"1","LEVEL3_SUR":"6","Surv_Sect":"6","SHAPE_AREA":1260.860578101679,"owner_count":0.0,"top_owner":"","top_owner_state":"","top_operator":"","max_propensity_score":0.0,"field_name":"Unknown","production_trend":null},"geometry":{"type":"MultiPolygon","coordinates":[[[[-101.77311926209933,31.14378080511749],[-101.75577150038897,31.143791510487148],[-101.75603424952475,31.128891245598453],[-101.77297636439215,31.12907725005421],[-101.77311926209933,31.14378080511749]]],[[[-101.3754018715103,31.43529040212929],[-101.38609733904717,31.435564076493524],[-101.38581198560391,31.442675215407583],[-101.38582459076397,31.449630243097626],[-101.37540161728707,31.449515461119933],[-101.3696286309446,31.449451423877964],[-101.36963308658844,31.447750008656037],[-101.36979160330345,31.435214326953933],[-101.3739491968812,31.43525284129345],[-101.3754018715103,31.43529040212929]]]]}},{"type":"Feature","properties":{"ABSTRACT_L":"B1--S62","ABSTRACT_N":"B1--S62","LEVEL1_SUR":null,"LEVEL2_BLO":"1","LEVEL3_SUR":"62","Surv_Sect":"62","SHAPE_AREA":372.78480665730524,"owner_count":0.0,"top_owner":"","top_owner_state":"","top_operator":"","max_propensity_score":0.0,"field_name":"Unknown","production_trend":null},"geometry":{"type":"Polygon","coordinates":[[[-101.27200646592608,31.36421635039498],[-101.2718400889523,31.364212195285685],[-101.27044847281307,31.364196965508356],[-101.27063598085725,31.353071063245295],[-101.27068514295782,31.350080226688355],[-101.2727863221703,31.350097019933433],[-101.28080028804136,31.350160749849156],[-101.2805539951433,31.36433081104288],[-101.27331018730467,31.364233486287834],[-101.27200646592608,31.36421635039498]]]}},{"type":"Feature","properties":{"ABSTRACT_L":"A-502","ABSTRACT_N":"502","LEVEL1_SUR":"T&P","LEVEL2_BLO":"1","LEVEL3_SUR":"63","Surv_Sect":"63","SHAPE_AREA":648.380589541945,"owner_count":2.0,"top_owner":"DISCOVERY NAT RESOURCES WI","top_owner_state":"CO","top_operator":"DISCOVERY NAT RES","max_propensity_score":3.0,"field_name":"Unknown","production_trend":null},"geometry":{"type":"Polygon","coordinates":[[[-101.2805539951433,31.36433081104288],[-101.28080028804136,31.350160749849156],[-101.2891847083558,31.350168228936134],[-101.29797221082306,31.350175479407532],[-101.29797692338504,31.364704676860363],[-101.290076034747,31.364593980566436],[-101.28946240186463,31.364571615013162],[-101.28319937644984,31.36440374279569],[-101.2805539951433,31.36433081104288]]]}},{"type":"Feature","properties":{"ABSTRACT_L":"B1--S64","ABSTRACT_N":"B1--S64","LEVEL1_SUR":null,"LEVEL2_BLO":"1","LEVEL3_SUR":"64","Surv_Sect":"64","SHAPE_AREA":643.5635095813556,"owner_count":0.0,"top_owner":"","top_owner_state":"","top_operator":"","max_propensity_score":0.0,"field_name":"Unknown","production_trend":null},"geometry":{"type":"Polygon","coordinates":[[[-101.31509972898195,31.35030870585655],[-101.31476374559097,31.364903977417633],[-101.3070138592606,31.36480223430926],[-101.29797692338504,31.364704676860363],[-101.29797221082306,31.350175479407532],[-101.30735139404209,31.3502487190335],[-101.31509972898195,31.35030870585655]]]}},{"type":"Feature","properties":{"ABSTRACT_L":"B1--S65","ABSTRACT_N":"B1--S65","LEVEL1_SUR":null,"LEVEL2_BLO":"1","LEVEL3_SUR":"65","Surv_Sect":"65","SHAPE_AREA":631.7792063595907,"owner_count":0.0,"top_owner":"","top_owner_state":"","top_operator":"","max_propensity_score":0.0,"field_name":"Unknown","production_trend":null},"geometry":{"type":"Polygon","coordinates":[[[-101.33177423033632,31.350476663080446],[-101.33131683604142,31.36508907038736],[-101.32409399847478,31.36496779317817],[-101.31476374559097,31.364903977417633],[-101.31509972898195,31.35030870585655],[-101.32729396190851,31.350431748037234],[-101.33177423033632,31.350476663080446]]]}},{"type":"Feature","properties":{"ABSTRACT_L":"B1--S66","ABSTRACT_N":"B1--S66","LEVEL1_SUR":null,"LEVEL2_BLO":"1","LEVEL3_SUR":"66","Surv_Sect":"66","SHAPE_AREA":670.2173393071506,"owner_count":0.0,"top_owner":"","top_owner_state":"","top_operator":"","max_propensity_score":0.0,"field_name":"Unknown","production_trend":null},"geometry":{"type":"Polygon","coordinates":[[[-101.33131683604142,31.36508907038736],[-101.33177423033632,31.350476663080446],[-101.34150902783024,31.350559768933966],[-101.34913411840469,31.350624347015966],[-101.34915354806597,31.365245624451497],[-101.34393411348304,31.36518897535274],[-101.3406411088404,31.365153126106453],[-101.33131683604142,31.36508907038736]]]}},{"type":"Feature","properties":{"ABSTRACT_L":"B1--S67","ABSTRACT_N":"B1--S67","LEVEL1_SUR":null,"LEVEL2_BLO":"1","LEVEL3_SUR":"67","Surv_Sect":"67","SHAPE_AREA":654.3157977688196,"owner_count":0.0,"top_owner":"","top_owner_state":"","top_operator":"","max_propensity_score":0.0,"field_name":"Unknown","production_trend":null},"geometry":{"type":"Polygon","coordinates":[[[-101.34915354806597,31.365245624451497],[-101.34913411840469,31.350624347015966],[-101.35865288005596,31.350722568093154],[-101.36625623499378,31.350800197746118],[-101.36635680498308,31.3537134080034],[-101.36636517638323,31.357065654007254],[-101.36637809505532,31.358328083981995],[-101.36610631785095,31.365441672379752],[-101.36554852873823,31.36543581756413],[-101.35775719503897,31.365353779539525],[-101.34915354806597,31.365245624451497]]]}},{"type":"Feature","properties":{"ABSTRACT_L":"B1--S68","ABSTRACT_N":"B1--S68","LEVEL1_SUR":null,"LEVEL2_BLO":"1","LEVEL3_SUR":"68","Surv_Sect":"68","SHAPE_AREA":634.4940816313816,"owner_count":0.0,"top_owner":"","top_owner_state":"","top_operator":"","max_propensity_score":0.0,"field_name":"Unknown","production_trend":null},"geometry":{"type":"Polygon","coordinates":[[[-101.37329735146326,31.35084993497457],[-101.3754019128328,31.350863825920396],[-101.38319212004467,31.350914979289648],[-101.38270731365888,31.365499044644405],[-101.37479280027293,31.365468433630422],[-101.36687602582744,31.365449747008242],[-101.36610631785095,31.365441672379752],[-101.36637809505532,31.358328083981995],[-101.36636517638323,31.357065654007254],[-101.36635680498308,31.3537134080034],[-101.36625623499378,31.350800197746118],[-101.37329735146326,31.35084993497457]]]}},{"type":"Feature","properties":{"ABSTRACT_L":"B1--S69","ABSTRACT_N":"B1--S69","LEVEL1_SUR":null,"LEVEL2_BLO":"1","LEVEL3_SUR":"69","Surv_Sect":"69","SHAPE_AREA":645.9837373003717,"owner_count":0.0,"top_owner":"","top_owner_state":"","top_operator":"","max_propensity_score":0.0,"field_name":"Unknown","production_trend":null},"geometry":{"type":"Polygon","coordinates":[[[-101.38270731365888,31.365499044644405],[-101.38319212004467,31.350914979289648],[-101.40007216851248,31.35103068435065],[-101.39966259693004,31.365732320984137],[-101.39198939977548,31.36562794246159],[-101.38270731365888,31.365499044644405]]]}},{"type":"Feature","properties":{"ABSTRACT_L":"A-476","ABSTRACT_N":"476","LEVEL1_SUR":"T&PRR","LEVEL2_BLO":"1","LEVEL3_SUR":"7","Surv_Sect":"7","SHAPE_AREA":1320.866571780635,"owner_count":36.0,"top_owner":"CUTTRISS-CURTIS MELANIE MATHIS","top_owner_state":"NC","top_operator":"SEM OPRTNG CMPY LLC","max_propensity_score":6.0,"field_name":"Unknown","production_trend":null},"geometry":{"type":"MultiPolygon","coordinates":[[[[-101.75577150038897,31.143791510487148],[-101.77311926209933,31.14378080511749],[-101.7731443224008,31.15140211196848],[-101.77327465537212,31.1584214603559],[-101.75556977021719,31.158404099485093],[-101.75577150038897,31.143791510487148]]],[[[-101.38581198560391,31.442675215407583],[-101.38609733904717,31.435564076493524],[-101.39155939601193,31.435655716017823],[-101.4038282906167,31.4357214941342],[-101.40357636079021,31.447463967715997],[-101.40351106404883,31.4498695584362],[-101.40094804118586,31.449826957792595],[-101.39696929140138,31.449760722102678],[-101.38644934029799,31.449637096583533],[-101.38582459076397,31.449630243097626],[-101.38581198560391,31.442675215407583]]]]}},{"type":"Feature","properties":{"ABSTRACT_L":"B1--S70","ABSTRACT_N":"B1--S70","LEVEL1_SUR":null,"LEVEL2_BLO":"1","LEVEL3_SUR":"70","Surv_Sect":"70","SHAPE_AREA":651.2444162605888,"owner_count":0.0,"top_owner":"","top_owner_state":"","top_operator":"","max_propensity_score":0.0,"field_name":"Unknown","production_trend":null},"geometry":{"type":"Polygon","coordinates":[[[-101.40891194664106,31.36586448605667],[-101.39966259693004,31.365732320984137],[-101.40007216851248,31.35103068435065],[-101.40804821290212,31.351063118995352],[-101.41695719185032,31.351098761111956],[-101.4165708498028,31.365947385783674],[-101.40891194664106,31.36586448605667]]]}},{"type":"Feature","properties":{"ABSTRACT_L":"B1--S71","ABSTRACT_N":"B1--S71","LEVEL1_SUR":null,"LEVEL2_BLO":"1","LEVEL3_SUR":"71","Surv_Sect":"71","SHAPE_AREA":665.8009492654256,"owner_count":0.0,"top_owner":"","top_owner_state":"","top_operator":"","max_propensity_score":0.0,"field_name":"Unknown","production_trend":null},"geometry":{"type":"Polygon","coordinates":[[[-101.42601182813024,31.351139771009777],[-101.43394657427132,31.351175182183272],[-101.43373268630049,31.366226663087723],[-101.42582426169554,31.366107189110327],[-101.4165708498028,31.365947385783674],[-101.41695719185032,31.351098761111956],[-101.42601182813024,31.351139771009777]]]}},{"type":"Feature","properties":{"ABSTRACT_L":"B1--S72","ABSTRACT_N":"B1--S72","LEVEL1_SUR":null,"LEVEL2_BLO":"1","LEVEL3_SUR":"72","Surv_Sect":"72","SHAPE_AREA":639.0659308831908,"owner_count":2.0,"top_owner":"DISCOVERY NAT RESOURCES WI","top_owner_state":"CO","top_operator":"DISCOVERY NAT RES","max_propensity_score":3.0,"field_name":"Unknown","production_trend":null},"geometry":{"type":"MultiPolygon","coordinates":[[[[-101.46620964315896,31.195615672555796],[-101.46586095669154,31.195600232643397],[-101.46582157095621,31.19558983819137],[-101.46580078304223,31.195575206655406],[-101.46579567611984,31.195558269080212],[-101.4657908665398,31.195519696549983],[-101.46579915529493,31.195126166244897],[-101.46621422366859,31.195142819579726],[-101.46620964315896,31.195615672555796]]],[[[-101.43433833944819,31.336763846872042],[-101.43422660429822,31.34146689071204],[-101.43417259039681,31.343275653950204],[-101.43401934948743,31.346758250584113],[-101.43394657427132,31.351175182183272],[-101.42601182813024,31.351139771009777],[-101.41695719185032,31.351098761111956],[-101.41737779743937,31.336651336074258],[-101.42539174264917,31.336698956968473],[-101.43433833944819,31.336763846872042]]]]}},{"type":"Feature","properties":{"ABSTRACT_L":"B1--S73","ABSTRACT_N":"B1--S73","LEVEL1_SUR":null,"LEVEL2_BLO":"1","LEVEL3_SUR":"73","Surv_Sect":"73","SHAPE_AREA":641.8120362133847,"owner_count":0.0,"top_owner":"","top_owner_state":"","top_operator":"","max_propensity_score":0.0,"field_name":"Unknown","production_trend":null},"geometry":{"type":"Polygon","coordinates":[[[-101.40795056064084,31.33652258344955],[-101.41737779743937,31.336651336074258],[-101.41695719185032,31.351098761111956],[-101.40804821290212,31.351063118995352],[-101.40007216851248,31.35103068435065],[-101.40038517299848,31.33641875640056],[-101.40795056064084,31.33652258344955]]]}},{"type":"Feature","properties":{"ABSTRACT_L":"B1--S74","ABSTRACT_N":"B1--S74","LEVEL1_SUR":null,"LEVEL2_BLO":"1","LEVEL3_SUR":"74","Surv_Sect":"74","SHAPE_AREA":642.5779702962976,"owner_count":0.0,"top_owner":"","top_owner_state":"","top_operator":"","max_propensity_score":0.0,"field_name":"Unknown","production_trend":null},"geometry":{"type":"Polygon","coordinates":[[[-101.40007216851248,31.35103068435065],[-101.38319212004467,31.350914979289648],[-101.38355513464089,31.336286758640334],[-101.39124373790254,31.336347334428396],[-101.40038517299848,31.33641875640056],[-101.40007216851248,31.35103068435065]]]}},{"type":"Feature","properties":{"ABSTRACT_L":"B1--S75","ABSTRACT_N":"B1--S75","LEVEL1_SUR":null,"LEVEL2_BLO":"1","LEVEL3_SUR":"75","Surv_Sect":"75","SHAPE_AREA":646.2739506165215,"owner_count":0.0,"top_owner":"","top_owner_state":"","top_operator":"","max_propensity_score":0.0,"field_name":"Unknown","production_trend":null},"geometry":{"type":"Polygon","coordinates":[[[-101.37329735146326,31.35084993497457],[-101.36625623499378,31.350800197746118],[-101.36631823581638,31.347308528400053],[-101.3663184550053,31.343319522853207],[-101.36641622225093,31.33633082492319],[-101.37460774912104,31.336314841000153],[-101.38355513464089,31.336286758640334],[-101.38319212004467,31.350914979289648],[-101.3754019128328,31.350863825920396],[-101.37329735146326,31.35084993497457]]]}},{"type":"Feature","properties":{"ABSTRACT_L":"B1--S76","ABSTRACT_N":"B1--S76","LEVEL1_SUR":null,"LEVEL2_BLO":"1","LEVEL3_SUR":"76","Surv_Sect":"76","SHAPE_AREA":646.1512682925722,"owner_count":1.0,"top_owner":"BARROW SHAVER RESOURCES CO","top_owner_state":"TX","top_operator":"BARROW-SHAVER RESOUR","max_propensity_score":1.0,"field_name":"Unknown","production_trend":null},"geometry":{"type":"Polygon","coordinates":[[[-101.34913411840469,31.350624347015966],[-101.34934272787491,31.3360955367289],[-101.35885017255022,31.336236532628273],[-101.36641622225093,31.33633082492319],[-101.3663184550053,31.343319522853207],[-101.36631823581638,31.347308528400053],[-101.36625623499378,31.350800197746118],[-101.35865288005596,31.350722568093154],[-101.34913411840469,31.350624347015966]]]}},{"type":"Feature","properties":{"ABSTRACT_L":"B1--S77","ABSTRACT_N":"B1--S77","LEVEL1_SUR":"T&P RR","LEVEL2_BLO":"1","LEVEL3_SUR":"77","Surv_Sect":"77","SHAPE_AREA":657.2647357547185,"owner_count":9.0,"top_owner":"WEST LAURA POOL","top_owner_state":"CO","top_operator":"DISCOVERY NAT RES","max_propensity_score":4.0,"field_name":"Unknown","production_trend":null},"geometry":{"type":"Polygon","coordinates":[[[-101.33177423033632,31.350476663080446],[-101.33209107242523,31.3358766562529],[-101.3459676172153,31.33605289824316],[-101.34934272787491,31.3360955367289],[-101.34913411840469,31.350624347015966],[-101.34150902783024,31.350559768933966],[-101.33177423033632,31.350476663080446]]]}},{"type":"Feature","properties":{"ABSTRACT_L":"B1--S78","ABSTRACT_N":"B1--S78","LEVEL1_SUR":null,"LEVEL2_BLO":"1","LEVEL3_SUR":"78","Surv_Sect":"78","SHAPE_AREA":635.5588590452448,"owner_count":1.0,"top_owner":"PIONEER NATURAL RES INC WI","top_owner_state":"TX","top_operator":"PIONEER NAT RES USA","max_propensity_score":2.0,"field_name":"Unknown","production_trend":null},"geometry":{"type":"Polygon","coordinates":[[[-101.31522930197852,31.343475336739118],[-101.31533687074224,31.33572884020986],[-101.33209107242523,31.3358766562529],[-101.33177423033632,31.350476663080446],[-101.32729396190851,31.350431748037234],[-101.31509972898195,31.35030870585655],[-101.31522930197852,31.343475336739118]]]}},{"type":"Feature","properties":{"ABSTRACT_L":"B1--S79","ABSTRACT_N":"B1--S79","LEVEL1_SUR":null,"LEVEL2_BLO":"1","LEVEL3_SUR":"79","Surv_Sect":"79","SHAPE_AREA":653.6767378442463,"owner_count":0.0,"top_owner":"","top_owner_state":"","top_operator":"","max_propensity_score":0.0,"field_name":"Unknown","production_trend":null},"geometry":{"type":"Polygon","coordinates":[[[-101.31509972898195,31.35030870585655],[-101.30735139404209,31.3502487190335],[-101.29797221082306,31.350175479407532],[-101.2980886684165,31.343376087691404],[-101.29829301717733,31.335456581217077],[-101.30764507127478,31.335606252211438],[-101.31533687074224,31.33572884020986],[-101.31522930197852,31.343475336739118],[-101.31509972898195,31.35030870585655]]]}},{"type":"Feature","properties":{"ABSTRACT_L":"A-228","ABSTRACT_N":"228","LEVEL1_SUR":"T&P RR","LEVEL2_BLO":"1","LEVEL3_SUR":"8","Surv_Sect":"8","SHAPE_AREA":1245.0889487558977,"owner_count":4.0,"top_owner":"DIAMONDBACK E&P LLC  WI","top_owner_state":"OK","top_operator":"DIAMONDBACK E&P LLC","max_propensity_score":6.0,"field_name":"Unknown","production_trend":null},"geometry":{"type":"MultiPolygon","coordinates":[[[[-101.75041024158563,31.14370953487987],[-101.75577150038897,31.143791510487148],[-101.75556977021719,31.158404099485093],[-101.75041016343219,31.15831593597729],[-101.7394031421885,31.158127492046642],[-101.73956606873325,31.143596866933496],[-101.73956666431629,31.14354366672217],[-101.75041024158563,31.14370953487987]]],[[[-101.42087516611423,31.435926360249365],[-101.42055558236704,31.447456438899316],[-101.42048598628874,31.45010897662047],[-101.41693402160418,31.450059065887494],[-101.40351106404883,31.4498695584362],[-101.40357636079021,31.447463967715997],[-101.4038282906167,31.4357214941342],[-101.40860087892278,31.435771480719637],[-101.42087516611423,31.435926360249365]]]]}},{"type":"Feature","properties":{"ABSTRACT_L":"B1--S80","ABSTRACT_N":"B1--S80","LEVEL1_SUR":null,"LEVEL2_BLO":"1","LEVEL3_SUR":"80","Surv_Sect":"80","SHAPE_AREA":660.8119115464508,"owner_count":0.0,"top_owner":"","top_owner_state":"","top_operator":"","max_propensity_score":0.0,"field_name":"Unknown","production_trend":null},"geometry":{"type":"Polygon","coordinates":[[[-101.29015363661115,31.335364296798872],[-101.29829301717733,31.335456581217077],[-101.2980886684165,31.343376087691404],[-101.29797221082306,31.350175479407532],[-101.2891847083558,31.350168228936134],[-101.28080028804136,31.350160749849156],[-101.2812078617706,31.33526227236144],[-101.29015363661115,31.335364296798872]]]}},{"type":"Feature","properties":{"ABSTRACT_L":"A-511","ABSTRACT_N":"511","LEVEL1_SUR":"T&PRR","LEVEL2_BLO":"1","LEVEL3_SUR":"81","Surv_Sect":"81","SHAPE_AREA":391.72912299810116,"owner_count":2.0,"top_owner":"DISCOVERY NAT RESOURCES WI","top_owner_state":"CO","top_operator":"DISCOVERY NAT RES","max_propensity_score":4.0,"field_name":"Unknown","production_trend":null},"geometry":{"type":"Polygon","coordinates":[[[-101.2730364248235,31.33516116855769],[-101.2812078617706,31.33526227236144],[-101.28080028804136,31.350160749849156],[-101.2727863221703,31.350097019933433],[-101.27068514295782,31.350080226688355],[-101.27072707002708,31.34757506825162],[-101.27099398914238,31.34330402806964],[-101.27110211306494,31.335137158613502],[-101.2730364248235,31.33516116855769]]]}},{"type":"Feature","properties":{"ABSTRACT_L":"B1--S88","ABSTRACT_N":"B1--S88","LEVEL1_SUR":null,"LEVEL2_BLO":"1","LEVEL3_SUR":"88","Surv_Sect":"88","SHAPE_AREA":388.8332707185946,"owner_count":0.0,"top_owner":"","top_owner_state":"","top_operator":"","max_propensity_score":0.0,"field_name":"Unknown","production_trend":null},"geometry":{"type":"Polygon","coordinates":[[[-101.28152993025785,31.32056881824344],[-101.2812078617706,31.33526227236144],[-101.2730364248235,31.33516116855769],[-101.27110211306494,31.335137158613502],[-101.27125104745083,31.323964005257253],[-101.27130151570182,31.32050742805859],[-101.28152993025785,31.32056881824344]]]}},{"type":"Feature","properties":{"ABSTRACT_L":"A-513","ABSTRACT_N":"513","LEVEL1_SUR":"T&P RR","LEVEL2_BLO":"1","LEVEL3_SUR":"89","Surv_Sect":"89","SHAPE_AREA":651.0571942714182,"owner_count":4.0,"top_owner":"DIAMONDBACK E&P LLC  WI","top_owner_state":"OK","top_operator":"DIAMONDBACK E&P LLC","max_propensity_score":6.0,"field_name":"Unknown","production_trend":null},"geometry":{"type":"Polygon","coordinates":[[[-101.29008405490586,31.320720584904034],[-101.29850124216861,31.320864181543502],[-101.29844057983578,31.327900335062303],[-101.29829301717733,31.335456581217077],[-101.29015363661115,31.335364296798872],[-101.2812078617706,31.33526227236144],[-101.28152993025785,31.32056881824344],[-101.29008405490586,31.320720584904034]]]}},{"type":"Feature","properties":{"ABSTRACT_L":"A-477","ABSTRACT_N":"477","LEVEL1_SUR":"T&P RR","LEVEL2_BLO":"1","LEVEL3_SUR":"9","Surv_Sect":"9","SHAPE_AREA":1280.4696092495603,"owner_count":6.0,"top_owner":"DIAMONDBACK E&P LLC  WI","top_owner_state":"OK","top_operator":"DIAMONDBACK E&P LLC","max_propensity_score":6.0,"field_name":"Unknown","production_trend":null},"geometry":{"type":"MultiPolygon","coordinates":[[[[-101.73956606873325,31.143596866933496],[-101.7394031421885,31.158127492046642],[-101.72644381593106,31.158056891394455],[-101.72254862653602,31.15803541545907],[-101.72259808777557,31.143481399487026],[-101.7264164990616,31.14350757943993],[-101.73956606873325,31.143596866933496]]],[[[-101.42559189987088,31.43599354846878],[-101.43783716608874,31.43616018669526],[-101.43795344671406,31.447466125813165],[-101.43799948896564,31.45038767555557],[-101.42579677504447,31.4502102379732],[-101.42048598628874,31.45010897662047],[-101.42055558236704,31.447456438899316],[-101.42087516611423,31.435926360249365],[-101.42183226804885,31.435940007141788],[-101.42559189987088,31.43599354846878]]]]}},{"type":"Feature","properties":{"ABSTRACT_L":"B1--S90","ABSTRACT_N":"B1--S90","LEVEL1_SUR":null,"LEVEL2_BLO":"1","LEVEL3_SUR":"90","Surv_Sect":"90","SHAPE_AREA":649.5379001077566,"owner_count":0.0,"top_owner":"","top_owner_state":"","top_operator":"","max_propensity_score":0.0,"field_name":"Unknown","production_trend":null},"geometry":{"type":"Polygon","coordinates":[[[-101.31562214064216,31.321131211466987],[-101.31533687074224,31.33572884020986],[-101.30764507127478,31.335606252211438],[-101.29829301717733,31.335456581217077],[-101.29844057983578,31.327900335062303],[-101.29850124216861,31.320864181543502],[-101.31562214064216,31.321131211466987]]]}},{"type":"Feature","properties":{"ABSTRACT_L":"B1--S91","ABSTRACT_N":"B1--S91","LEVEL1_SUR":null,"LEVEL2_BLO":"1","LEVEL3_SUR":"91","Surv_Sect":"91","SHAPE_AREA":636.3180030794674,"owner_count":0.0,"top_owner":"","top_owner_state":"","top_operator":"","max_propensity_score":0.0,"field_name":"Unknown","production_trend":null},"geometry":{"type":"Polygon","coordinates":[[[-101.32540885177636,31.32130085917461],[-101.33245671279703,31.321422567180814],[-101.33209107242523,31.3358766562529],[-101.31533687074224,31.33572884020986],[-101.31562214064216,31.321131211466987],[-101.32540885177636,31.32130085917461]]]}},{"type":"Feature","properties":{"ABSTRACT_L":"B1--S92","ABSTRACT_N":"B1--S92","LEVEL1_SUR":null,"LEVEL2_BLO":"1","LEVEL3_SUR":"92","Surv_Sect":"92","SHAPE_AREA":648.833059106093,"owner_count":0.0,"top_owner":"","top_owner_state":"","top_operator":"","max_propensity_score":0.0,"field_name":"Unknown","production_trend":null},"geometry":{"type":"Polygon","coordinates":[[[-101.33209107242523,31.3358766562529],[-101.33245671279703,31.321422567180814],[-101.34959927055039,31.321619140803005],[-101.34934272787491,31.3360955367289],[-101.3459676172153,31.33605289824316],[-101.33209107242523,31.3358766562529]]]}},{"type":"Feature","properties":{"ABSTRACT_L":"B1--S93","ABSTRACT_N":"B1--S93","LEVEL1_SUR":null,"LEVEL2_BLO":"1","LEVEL3_SUR":"93","Surv_Sect":"93","SHAPE_AREA":645.1448428541912,"owner_count":0.0,"top_owner":"","top_owner_state":"","top_operator":"","max_propensity_score":0.0,"field_name":"Unknown","production_trend":null},"geometry":{"type":"Polygon","coordinates":[[[-101.35904392568227,31.321776546131428],[-101.36677855502583,31.321902993721512],[-101.366566160055,31.328950562018388],[-101.36641622225093,31.33633082492319],[-101.35885017255022,31.336236532628273],[-101.34934272787491,31.3360955367289],[-101.34959927055039,31.321619140803005],[-101.35904392568227,31.321776546131428]]]}},{"type":"Feature","properties":{"ABSTRACT_L":"B1--S94","ABSTRACT_N":"B1--S94","LEVEL1_SUR":null,"LEVEL2_BLO":"1","LEVEL3_SUR":"94","Surv_Sect":"94","SHAPE_AREA":644.416959894489,"owner_count":0.0,"top_owner":"","top_owner_state":"","top_operator":"","max_propensity_score":0.0,"field_name":"Unknown","production_trend":null},"geometry":{"type":"Polygon","coordinates":[[[-101.37594529027344,31.321969649624467],[-101.38405353882514,31.322024300369687],[-101.38355513464089,31.336286758640334],[-101.37460774912104,31.336314841000153],[-101.36641622225093,31.33633082492319],[-101.366566160055,31.328950562018388],[-101.36677855502583,31.321902993721512],[-101.37594529027344,31.321969649624467]]]}},{"type":"Feature","properties":{"ABSTRACT_L":"B1--S95","ABSTRACT_N":"B1--S95","LEVEL1_SUR":null,"LEVEL2_BLO":"1","LEVEL3_SUR":"95","Surv_Sect":"95","SHAPE_AREA":628.0582378145559,"owner_count":0.0,"top_owner":"","top_owner_state":"","top_operator":"","max_propensity_score":0.0,"field_name":"Unknown","production_trend":null},"geometry":{"type":"Polygon","coordinates":[[[-101.39219451569758,31.322035268731156],[-101.4008638025684,31.32204637982655],[-101.40038517299848,31.33641875640056],[-101.39124373790254,31.336347334428396],[-101.38355513464089,31.336286758640334],[-101.38405353882514,31.322024300369687],[-101.39219451569758,31.322035268731156]]]}},{"type":"Feature","properties":{"ABSTRACT_L":"B1--S96","ABSTRACT_N":"B1--S96","LEVEL1_SUR":null,"LEVEL2_BLO":"1","LEVEL3_SUR":"96","Surv_Sect":"96","SHAPE_AREA":639.5706514353191,"owner_count":0.0,"top_owner":"","top_owner_state":"","top_operator":"","max_propensity_score":0.0,"field_name":"Unknown","production_trend":null},"geometry":{"type":"Polygon","coordinates":[[[-101.41737779743937,31.336651336074258],[-101.40795056064084,31.33652258344955],[-101.40038517299848,31.33641875640056],[-101.4008638025684,31.32204637982655],[-101.40823616022249,31.322037184913626],[-101.41769749796752,31.32202477692135],[-101.41737779743937,31.336651336074258]]]}},{"type":"Feature","properties":{"ABSTRACT_L":"B1--S97","ABSTRACT_N":"B1--S97","LEVEL1_SUR":null,"LEVEL2_BLO":"1","LEVEL3_SUR":"97","Surv_Sect":"97","SHAPE_AREA":648.648735306635,"owner_count":0.0,"top_owner":"","top_owner_state":"","top_operator":"","max_propensity_score":0.0,"field_name":"Unknown","production_trend":null},"geometry":{"type":"Polygon","coordinates":[[[-101.43433833944819,31.336763846872042],[-101.42539174264917,31.336698956968473],[-101.41737779743937,31.336651336074258],[-101.41769749796752,31.32202477692135],[-101.42549411016736,31.32200690508143],[-101.43458749348045,31.321983548671188],[-101.43450682207299,31.32592536121086],[-101.43446746418546,31.329027051725774],[-101.43433833944819,31.336763846872042]]]}},{"type":"Feature","properties":{"ABSTRACT_L":"B1--S98","ABSTRACT_N":"B1--S98","LEVEL1_SUR":null,"LEVEL2_BLO":"1","LEVEL3_SUR":"98","Surv_Sect":"98","SHAPE_AREA":637.8343494458092,"owner_count":0.0,"top_owner":"","top_owner_state":"","top_operator":"","max_propensity_score":0.0,"field_name":"Unknown","production_trend":null},"geometry":{"type":"Polygon","coordinates":[[[-101.43475906810646,31.307575037329574],[-101.4348103403496,31.310008036480433],[-101.43458749348045,31.321983548671188],[-101.42549411016736,31.32200690508143],[-101.41769749796752,31.32202477692135],[-101.41802526626525,31.307409749698348],[-101.43475906810646,31.307575037329574]]]}},{"type":"Feature","properties":{"ABSTRACT_L":"B1--S99","ABSTRACT_N":"B1--S99","LEVEL1_SUR":null,"LEVEL2_BLO":"1","LEVEL3_SUR":"99","Surv_Sect":"99","SHAPE_AREA":644.3331833596903,"owner_count":0.0,"top_owner":"","top_owner_state":"","top_operator":"","max_propensity_score":0.0,"field_name":"Unknown","production_trend":null},"geometry":{"type":"Polygon","coordinates":[[[-101.41802526626525,31.307409749698348],[-101.41769749796752,31.32202477692135],[-101.40823616022249,31.322037184913626],[-101.4008638025684,31.32204637982655],[-101.40113580704653,31.307357075261944],[-101.41802526626525,31.307409749698348]]]}},{"type":"Feature","properties":{"ABSTRACT_L":"B10--S1","ABSTRACT_N":"B10--S1","LEVEL1_SUR":null,"LEVEL2_BLO":"10","LEVEL3_SUR":"1","Surv_Sect":"1","SHAPE_AREA":654.3218552781155,"owner_count":0.0,"top_owner":"","top_owner_state":"","top_operator":"","max_propensity_score":0.0,"field_name":"Unknown","production_trend":null},"geometry":{"type":"Polygon","coordinates":[[[-101.55967616124897,31.2872256556014],[-101.56838658197664,31.28711846166621],[-101.56832243418052,31.29459517939482],[-101.56818931822846,31.301587503503175],[-101.5598053848009,31.301515992934878],[-101.5506620183271,31.301437380831615],[-101.55094012416264,31.287168303936397],[-101.55967616124897,31.2872256556014]]]}},{"type":"Feature","properties":{"ABSTRACT_L":"B10--S10","ABSTRACT_N":"B10--S10","LEVEL1_SUR":null,"LEVEL2_BLO":"10","LEVEL3_SUR":"10","Surv_Sect":"10","SHAPE_AREA":627.9871594041316,"owner_count":2.0,"top_owner":"PIONEER NATURAL RES INC WI","top_owner_state":"TX","top_operator":"PIONEER NAT RES USA","max_propensity_score":1.0,"field_name":"Unknown","production_trend":null},"geometry":{"type":"Polygon","coordinates":[[[-101.52565070108015,31.27231287387089],[-101.53434475540166,31.27240420196517],[-101.53403771842406,31.286620693883716],[-101.52555012210766,31.286616811713824],[-101.5172293932452,31.286612459722107],[-101.51749419413306,31.272226656162157],[-101.52565070108015,31.27231287387089]]]}},{"type":"Feature","properties":{"ABSTRACT_L":"B10--S11","ABSTRACT_N":"B10--S11","LEVEL1_SUR":"BLK 10 SEC 11 A-U217","LEVEL2_BLO":"10","LEVEL3_SUR":"11","Surv_Sect":"11","SHAPE_AREA":636.0816061329065,"owner_count":6.0,"top_owner":"PIONEER NATURAL RES INC WI","top_owner_state":"TX","top_operator":"PIONEER NATURAL RES","max_propensity_score":1.0,"field_name":"Unknown","production_trend":null},"geometry":{"type":"Polygon","coordinates":[[[-101.55124017763723,31.272603075287453],[-101.55109075277116,31.280753573962365],[-101.55094012416264,31.287168303936397],[-101.54354873300431,31.28697321911708],[-101.53403771842406,31.286620693883716],[-101.53434475540166,31.27240420196517],[-101.55124017763723,31.272603075287453]]]}},{"type":"Feature","properties":{"ABSTRACT_L":"B10--S12","ABSTRACT_N":"B10--S12","LEVEL1_SUR":null,"LEVEL2_BLO":"10","LEVEL3_SUR":"12","Surv_Sect":"12","SHAPE_AREA":652.8117738470631,"owner_count":2.0,"top_owner":"PIONEER NATURAL RES INC WI","top_owner_state":"TX","top_operator":"PIONEER NAT RES USA","max_propensity_score":1.0,"field_name":"Unknown","production_trend":null},"geometry":{"type":"Polygon","coordinates":[[[-101.56850193104901,31.272916367217032],[-101.56838658197664,31.28711846166621],[-101.55967616124897,31.2872256556014],[-101.55094012416264,31.287168303936397],[-101.55109075277116,31.280753573962365],[-101.55124017763723,31.272603075287453],[-101.56850193104901,31.272916367217032]]]}},{"type":"Feature","properties":{"ABSTRACT_L":"B10--S13","ABSTRACT_N":"B10--S13","LEVEL1_SUR":"ULS","LEVEL2_BLO":"10","LEVEL3_SUR":"13","Surv_Sect":"13","SHAPE_AREA":652.7345489916796,"owner_count":2.0,"top_owner":"PIONEER NATURAL RES INC WI","top_owner_state":"TX","top_operator":"PIONEER NAT RES USA","max_propensity_score":1.0,"field_name":"Unknown","production_trend":null},"geometry":{"type":"Polygon","coordinates":[[[-101.56864412807028,31.25836331539522],[-101.56850193104901,31.272916367217032],[-101.55124017763723,31.272603075287453],[-101.5515134424517,31.258069137691535],[-101.56864412807028,31.25836331539522]]]}},{"type":"Feature","properties":{"ABSTRACT_L":"B10--S14","ABSTRACT_N":"B10--S14","LEVEL1_SUR":"UL","LEVEL2_BLO":"10","LEVEL3_SUR":"14","Surv_Sect":"14","SHAPE_AREA":641.3740863706909,"owner_count":2.0,"top_owner":"PIONEER NATURAL RES INC WI","top_owner_state":"TX","top_operator":"PIONEER NAT RES USA","max_propensity_score":1.0,"field_name":"Unknown","production_trend":null},"geometry":{"type":"Polygon","coordinates":[[[-101.53462531633288,31.257842035074802],[-101.54282080746835,31.257952522083894],[-101.5515134424517,31.258069137691535],[-101.55124017763723,31.272603075287453],[-101.53434475540166,31.27240420196517],[-101.53462531633288,31.257842035074802]]]}},{"type":"Feature","properties":{"ABSTRACT_L":"B10--S15","ABSTRACT_N":"B10--S15","LEVEL1_SUR":null,"LEVEL2_BLO":"10","LEVEL3_SUR":"15","Surv_Sect":"15","SHAPE_AREA":640.6364986020968,"owner_count":0.0,"top_owner":"","top_owner_state":"","top_operator":"","max_propensity_score":0.0,"field_name":"Unknown","production_trend":null},"geometry":{"type":"Polygon","coordinates":[[[-101.53462531633288,31.257842035074802],[-101.53434475540166,31.27240420196517],[-101.52565070108015,31.27231287387089],[-101.51749419413306,31.272226656162157],[-101.5178162626203,31.257619356657717],[-101.52575340905983,31.257724779511246],[-101.53462531633288,31.257842035074802]]]}},{"type":"Feature","properties":{"ABSTRACT_L":"B10--S16","ABSTRACT_N":"B10--S16","LEVEL1_SUR":null,"LEVEL2_BLO":"10","LEVEL3_SUR":"16","Surv_Sect":"16","SHAPE_AREA":629.4354515566113,"owner_count":2.0,"top_owner":"PIONEER NATURAL RES INC WI","top_owner_state":"TX","top_operator":"PIONEER NAT RES USA","max_propensity_score":1.0,"field_name":"Unknown","production_trend":null},"geometry":{"type":"Polygon","coordinates":[[[-101.50970782811734,31.257640182602955],[-101.5178162626203,31.257619356657717],[-101.51749419413306,31.272226656162157],[-101.50086365093883,31.271979719983776],[-101.50109230990788,31.257661751888357],[-101.50970782811734,31.257640182602955]]]}},{"type":"Feature","properties":{"ABSTRACT_L":"B10--S17","ABSTRACT_N":"B10--S17","LEVEL1_SUR":"BLK 10 SEC 17 A-U223","LEVEL2_BLO":"10","LEVEL3_SUR":"17","Surv_Sect":"17","SHAPE_AREA":643.5640898165882,"owner_count":8.0,"top_owner":"PIONEER NATURAL RES INC WI","top_owner_state":"TX","top_operator":"PIONEER NATURAL RES","max_propensity_score":1.0,"field_name":"Unknown","production_trend":null},"geometry":{"type":"Polygon","coordinates":[[[-101.49208250854376,31.271864245628354],[-101.4838025461272,31.2717556652385],[-101.48364313558847,31.25749506437207],[-101.49207331608346,31.25756750295216],[-101.50040365512285,31.257654597963263],[-101.50109230990788,31.257661751888357],[-101.50086365093883,31.271979719983776],[-101.49208250854376,31.271864245628354]]]}},{"type":"Feature","properties":{"ABSTRACT_L":"B10--S18","ABSTRACT_N":"B10--S18","LEVEL1_SUR":null,"LEVEL2_BLO":"10","LEVEL3_SUR":"18","Surv_Sect":"18","SHAPE_AREA":587.7428160407196,"owner_count":0.0,"top_owner":"","top_owner_state":"","top_operator":"","max_propensity_score":0.0,"field_name":"Unknown","production_trend":null},"geometry":{"type":"Polygon","coordinates":[[[-101.47506097991031,31.271623261289616],[-101.46773344459562,31.2715068536143],[-101.46777846546271,31.26390801735876],[-101.4678033784405,31.26028778937362],[-101.46781373062583,31.257547383476314],[-101.4751317033743,31.25749707324924],[-101.48364313558847,31.25749506437207],[-101.4838025461272,31.2717556652385],[-101.47506097991031,31.271623261289616]]]}},{"type":"Feature","properties":{"ABSTRACT_L":"A-225","ABSTRACT_N":"225","LEVEL1_SUR":"UL SEC 19","LEVEL2_BLO":"10","LEVEL3_SUR":"19","Surv_Sect":"19","SHAPE_AREA":621.5903596227388,"owner_count":161.0,"top_owner":"GILLS OIL GAS LP","top_owner_state":"LA","top_operator":"PIONEER NAT RES USA","max_propensity_score":8.0,"field_name":"Unknown","production_trend":null},"geometry":{"type":"Polygon","coordinates":[[[-101.48364313558847,31.25749506437207],[-101.4751317033743,31.25749707324924],[-101.46781373062583,31.257547383476314],[-101.46786244087379,31.251203442092358],[-101.4678753595459,31.248421573486095],[-101.46673777259595,31.24845309653131],[-101.4667519399263,31.24293214002946],[-101.46708846320477,31.24250956310568],[-101.46708765022944,31.24272154841583],[-101.48376468213796,31.243080027143815],[-101.48375914312592,31.250158699076007],[-101.48364313558847,31.25749506437207]]]}},{"type":"Feature","properties":{"ABSTRACT_L":"B10--S2","ABSTRACT_N":"B10--S2","LEVEL1_SUR":null,"LEVEL2_BLO":"10","LEVEL3_SUR":"2","Surv_Sect":"2","SHAPE_AREA":637.2959046502947,"owner_count":2.0,"top_owner":"PIONEER NATURAL RES INC WI","top_owner_state":"TX","top_operator":"PIONEER NAT RES USA","max_propensity_score":1.0,"field_name":"Unknown","production_trend":null},"geometry":{"type":"Polygon","coordinates":[[[-101.5506620183271,31.301437380831615],[-101.54345419969371,31.301363968129984],[-101.5337274618845,31.301264257894466],[-101.53403771842406,31.286620693883716],[-101.54354873300431,31.28697321911708],[-101.55094012416264,31.287168303936397],[-101.5506620183271,31.301437380831615]]]}},{"type":"Feature","properties":{"ABSTRACT_L":"B10--S20","ABSTRACT_N":"B10--S20","LEVEL1_SUR":null,"LEVEL2_BLO":"10","LEVEL3_SUR":"20","Surv_Sect":"20","SHAPE_AREA":653.3924359937513,"owner_count":0.0,"top_owner":"","top_owner_state":"","top_operator":"","max_propensity_score":0.0,"field_name":"Unknown","production_trend":null},"geometry":{"type":"Polygon","coordinates":[[[-101.50040355451154,31.24348919549402],[-101.50143371373328,31.243517808572218],[-101.50109230990788,31.257661751888357],[-101.50040365512285,31.257654597963263],[-101.49207331608346,31.25756750295216],[-101.48364313558847,31.25749506437207],[-101.48375914312592,31.250158699076007],[-101.48376468213796,31.243080027143815],[-101.50040355451154,31.24348919549402]]]}},{"type":"Feature","properties":{"ABSTRACT_L":"B10--S21","ABSTRACT_N":"B10--S21","LEVEL1_SUR":null,"LEVEL2_BLO":"10","LEVEL3_SUR":"21","Surv_Sect":"21","SHAPE_AREA":617.1100489973312,"owner_count":0.0,"top_owner":"","top_owner_state":"","top_operator":"","max_propensity_score":0.0,"field_name":"Unknown","production_trend":null},"geometry":{"type":"Polygon","coordinates":[[[-101.51821772960224,31.24353448564185],[-101.51802880311823,31.250158249808173],[-101.5178162626203,31.257619356657717],[-101.50970782811734,31.257640182602955],[-101.50109230990788,31.257661751888357],[-101.50143371373328,31.243517808572218],[-101.50991098301716,31.243526505010795],[-101.51821772960224,31.24353448564185]]]}},{"type":"Feature","properties":{"ABSTRACT_L":"B10--S22","ABSTRACT_N":"B10--S22","LEVEL1_SUR":null,"LEVEL2_BLO":"10","LEVEL3_SUR":"22","Surv_Sect":"22","SHAPE_AREA":622.292973595582,"owner_count":0.0,"top_owner":"","top_owner_state":"","top_operator":"","max_propensity_score":0.0,"field_name":"Unknown","production_trend":null},"geometry":{"type":"Polygon","coordinates":[[[-101.52575340905983,31.257724779511246],[-101.5178162626203,31.257619356657717],[-101.51802880311823,31.250158249808173],[-101.51821772960224,31.24353448564185],[-101.52585335921161,31.243545908595724],[-101.53502436415175,31.243559028900695],[-101.53484015921285,31.25015775138976],[-101.53462531633288,31.257842035074802],[-101.52575340905983,31.257724779511246]]]}},{"type":"Feature","properties":{"ABSTRACT_L":"B10--S23","ABSTRACT_N":"B10--S23","LEVEL1_SUR":null,"LEVEL2_BLO":"10","LEVEL3_SUR":"23","Surv_Sect":"23","SHAPE_AREA":638.653555044627,"owner_count":0.0,"top_owner":"","top_owner_state":"","top_operator":"","max_propensity_score":0.0,"field_name":"Unknown","production_trend":null},"geometry":{"type":"Polygon","coordinates":[[[-101.53484015921285,31.25015775138976],[-101.53502436415175,31.243559028900695],[-101.55202813938027,31.243473126698905],[-101.55177477943583,31.25065924042129],[-101.5515134424517,31.258069137691535],[-101.54282080746835,31.257952522083894],[-101.53462531633288,31.257842035074802],[-101.53484015921285,31.25015775138976]]]}},{"type":"Feature","properties":{"ABSTRACT_L":"B10--S24","ABSTRACT_N":"B10--S24","LEVEL1_SUR":null,"LEVEL2_BLO":"10","LEVEL3_SUR":"24","Surv_Sect":"24","SHAPE_AREA":651.6703764066273,"owner_count":0.0,"top_owner":"","top_owner_state":"","top_operator":"","max_propensity_score":0.0,"field_name":"Unknown","production_trend":null},"geometry":{"type":"Polygon","coordinates":[[[-101.55984455404223,31.243528888985367],[-101.56889962420844,31.243592892996094],[-101.56877419783521,31.250844088760083],[-101.56864412807028,31.25836331539522],[-101.5515134424517,31.258069137691535],[-101.55177477943583,31.25065924042129],[-101.55202813938027,31.243473126698905],[-101.55984455404223,31.243528888985367]]]}},{"type":"Feature","properties":{"ABSTRACT_L":"B10--S25","ABSTRACT_N":"B10--S25","LEVEL1_SUR":null,"LEVEL2_BLO":"10","LEVEL3_SUR":"25","Surv_Sect":"25","SHAPE_AREA":632.5812050356078,"owner_count":0.0,"top_owner":"","top_owner_state":"","top_operator":"","max_propensity_score":0.0,"field_name":"Unknown","production_trend":null},"geometry":{"type":"Polygon","coordinates":[[[-101.55995889520486,31.22921284288895],[-101.56928372316267,31.22932500185612],[-101.56889962420844,31.243592892996094],[-101.55984455404223,31.243528888985367],[-101.55202813938027,31.243473126698905],[-101.55229090648234,31.229120103395307],[-101.55995889520486,31.22921284288895]]]}},{"type":"Feature","properties":{"ABSTRACT_L":"B10--S26","ABSTRACT_N":"B10--S26","LEVEL1_SUR":null,"LEVEL2_BLO":"10","LEVEL3_SUR":"26","Surv_Sect":"26","SHAPE_AREA":643.337952313805,"owner_count":0.0,"top_owner":"","top_owner_state":"","top_operator":"","max_propensity_score":0.0,"field_name":"Unknown","production_trend":null},"geometry":{"type":"Polygon","coordinates":[[[-101.53532859209746,31.228887870571015],[-101.55229090648234,31.229120103395307],[-101.55202813938027,31.243473126698905],[-101.53502436415175,31.243559028900695],[-101.53532859209746,31.228887870571015]]]}},{"type":"Feature","properties":{"ABSTRACT_L":"B10--S27","ABSTRACT_N":"B10--S27","LEVEL1_SUR":null,"LEVEL2_BLO":"10","LEVEL3_SUR":"27","Surv_Sect":"27","SHAPE_AREA":645.9658743346411,"owner_count":0.0,"top_owner":"","top_owner_state":"","top_operator":"","max_propensity_score":0.0,"field_name":"Unknown","production_trend":null},"geometry":{"type":"Polygon","coordinates":[[[-101.53532859209746,31.228887870571015],[-101.53502436415175,31.243559028900695],[-101.52585335921161,31.243545908595724],[-101.51821772960224,31.24353448564185],[-101.51855760359673,31.22872680814934],[-101.53532859209746,31.228887870571015]]]}},{"type":"Feature","properties":{"ABSTRACT_L":"B10--S28","ABSTRACT_N":"B10--S28","LEVEL1_SUR":"UL","LEVEL2_BLO":"10","LEVEL3_SUR":"28","Surv_Sect":"28","SHAPE_AREA":652.7330420079736,"owner_count":2.0,"top_owner":"PERMIAN RESOURCES OPER LLC WI","top_owner_state":"TX","top_operator":"PERMIAN RESOURCES OP","max_propensity_score":1.0,"field_name":"Unknown","production_trend":null},"geometry":{"type":"Polygon","coordinates":[[[-101.50991098301716,31.243526505010795],[-101.50143371373328,31.243517808572218],[-101.50175911497023,31.22854257099168],[-101.51855760359673,31.22872680814934],[-101.51821772960224,31.24353448564185],[-101.50991098301716,31.243526505010795]]]}},{"type":"Feature","properties":{"ABSTRACT_L":"B10--S29","ABSTRACT_N":"B10--S29","LEVEL1_SUR":null,"LEVEL2_BLO":"10","LEVEL3_SUR":"29","Surv_Sect":"29","SHAPE_AREA":693.0976056364286,"owner_count":0.0,"top_owner":"","top_owner_state":"","top_operator":"","max_propensity_score":0.0,"field_name":"Unknown","production_trend":null},"geometry":{"type":"Polygon","coordinates":[[[-101.5004036048172,31.228508086976824],[-101.50175911497023,31.22854257099168],[-101.50143371373328,31.243517808572218],[-101.50040355451154,31.24348919549402],[-101.48376468213796,31.243080027143815],[-101.48395711025498,31.228122438504347],[-101.5004036048172,31.228508086976824]]]}},{"type":"Feature","properties":{"ABSTRACT_L":"B10--S3","ABSTRACT_N":"B10--S3","LEVEL1_SUR":"UNIVERSITY LAND SEC 3","LEVEL2_BLO":"10","LEVEL3_SUR":"3","Surv_Sect":"3","SHAPE_AREA":633.8234728895807,"owner_count":2.0,"top_owner":"PIONEER NATURAL RES INC WI","top_owner_state":"TX","top_operator":"PIONEER NAT RES USA","max_propensity_score":1.0,"field_name":"Unknown","production_trend":null},"geometry":{"type":"Polygon","coordinates":[[[-101.53403771842406,31.286620693883716],[-101.5337274618845,31.301264257894466],[-101.52524899155308,31.301180026246644],[-101.517173428203,31.30109927619601],[-101.5172293932452,31.286612459722107],[-101.52555012210766,31.286616811713824],[-101.53403771842406,31.286620693883716]]]}},{"type":"Feature","properties":{"ABSTRACT_L":"B10--S30","ABSTRACT_N":"B10--S30","LEVEL1_SUR":null,"LEVEL2_BLO":"10","LEVEL3_SUR":"30","Surv_Sect":"30","SHAPE_AREA":650.7129049679022,"owner_count":0.0,"top_owner":"","top_owner_state":"","top_operator":"","max_propensity_score":0.0,"field_name":"Unknown","production_trend":null},"geometry":{"type":"Polygon","coordinates":[[[-101.476295283077,31.227978235111582],[-101.48395711025498,31.228122438504347],[-101.48376468213796,31.243080027143815],[-101.46708765022944,31.24272154841583],[-101.46708846320477,31.24250956310568],[-101.467142354037,31.23295572508245],[-101.46725145352993,31.227905744643728],[-101.476295283077,31.227978235111582]]]}},{"type":"Feature","properties":{"ABSTRACT_L":"B10--S31","ABSTRACT_N":"B10--S31","LEVEL1_SUR":null,"LEVEL2_BLO":"10","LEVEL3_SUR":"31","Surv_Sect":"31","SHAPE_AREA":613.671429602855,"owner_count":0.0,"top_owner":"","top_owner_state":"","top_operator":"","max_propensity_score":0.0,"field_name":"Unknown","production_trend":null},"geometry":{"type":"Polygon","coordinates":[[[-101.47641262101939,31.213977661864636],[-101.48412531080879,31.214118833503694],[-101.48395711025498,31.228122438504347],[-101.476295283077,31.227978235111582],[-101.46725145352993,31.227905744643728],[-101.46722944750043,31.224515145966965],[-101.46725349899383,31.217246344482504],[-101.4672889384301,31.213920632156537],[-101.47641262101939,31.213977661864636]]]}},{"type":"Feature","properties":{"ABSTRACT_L":"B10--S32","ABSTRACT_N":"B10--S32","LEVEL1_SUR":null,"LEVEL2_BLO":"10","LEVEL3_SUR":"32","Surv_Sect":"32","SHAPE_AREA":657.6550038353928,"owner_count":0.0,"top_owner":"","top_owner_state":"","top_operator":"","max_propensity_score":0.0,"field_name":"Unknown","production_trend":null},"geometry":{"type":"Polygon","coordinates":[[[-101.50040361380034,31.2142758920055],[-101.50198348448379,31.214298140357435],[-101.50175911497023,31.22854257099168],[-101.5004036048172,31.228508086976824],[-101.48395711025498,31.228122438504347],[-101.48412531080879,31.214118833503694],[-101.50040361380034,31.2142758920055]]]}},{"type":"Feature","properties":{"ABSTRACT_L":"B10--S33","ABSTRACT_N":"B10--S33","LEVEL1_SUR":null,"LEVEL2_BLO":"10","LEVEL3_SUR":"33","Surv_Sect":"33","SHAPE_AREA":625.8279359567886,"owner_count":0.0,"top_owner":"","top_owner_state":"","top_operator":"","max_propensity_score":0.0,"field_name":"Unknown","production_trend":null},"geometry":{"type":"Polygon","coordinates":[[[-101.51006756745602,31.214327445268058],[-101.51869588396337,31.214358161481837],[-101.51855760359673,31.22872680814934],[-101.50175911497023,31.22854257099168],[-101.50198348448379,31.214298140357435],[-101.51006756745602,31.214327445268058]]]}},{"type":"Feature","properties":{"ABSTRACT_L":"B10--S34","ABSTRACT_N":"B10--S34","LEVEL1_SUR":"UL","LEVEL2_BLO":"10","LEVEL3_SUR":"34","Surv_Sect":"34","SHAPE_AREA":633.5891971530513,"owner_count":13.0,"top_owner":"PERMIAN RESOURCES OPER LLC WI","top_owner_state":"TX","top_operator":"RP OPERATING LLC","max_propensity_score":1.0,"field_name":"Unknown","production_trend":null},"geometry":{"type":"Polygon","coordinates":[[[-101.52692565211511,31.21437539992585],[-101.53555755379877,31.214392911870846],[-101.53532859209746,31.228887870571015],[-101.51855760359673,31.22872680814934],[-101.51869588396337,31.214358161481837],[-101.52692565211511,31.21437539992585]]]}},{"type":"Feature","properties":{"ABSTRACT_L":"B10--S35","ABSTRACT_N":"B10--S35","LEVEL1_SUR":null,"LEVEL2_BLO":"10","LEVEL3_SUR":"35","Surv_Sect":"35","SHAPE_AREA":644.0711713398307,"owner_count":0.0,"top_owner":"","top_owner_state":"","top_operator":"","max_propensity_score":0.0,"field_name":"Unknown","production_trend":null},"geometry":{"type":"Polygon","coordinates":[[[-101.5525286824532,31.21453695775138],[-101.55229090648234,31.229120103395307],[-101.53532859209746,31.228887870571015],[-101.53555755379877,31.214392911870846],[-101.5525286824532,31.21453695775138]]]}},{"type":"Feature","properties":{"ABSTRACT_L":"B10--S36","ABSTRACT_N":"B10--S36","LEVEL1_SUR":"ULS","LEVEL2_BLO":"10","LEVEL3_SUR":"36","Surv_Sect":"36","SHAPE_AREA":648.1273325500591,"owner_count":3.0,"top_owner":"BLACK SWAN OPCO LLC","top_owner_state":"OK","top_operator":"BLACK SWAN OPCO LLC","max_propensity_score":5.0,"field_name":"Unknown","production_trend":null},"geometry":{"type":"Polygon","coordinates":[[[-101.56618379162741,31.21469421377168],[-101.56956835525878,31.21473296594052],[-101.56928372316267,31.22932500185612],[-101.55995889520486,31.22921284288895],[-101.55229090648234,31.229120103395307],[-101.5525286824532,31.21453695775138],[-101.56618379162741,31.21469421377168]]]}},{"type":"Feature","properties":{"ABSTRACT_L":"B10--S4","ABSTRACT_N":"B10--S4","LEVEL1_SUR":null,"LEVEL2_BLO":"10","LEVEL3_SUR":"4","Surv_Sect":"4","SHAPE_AREA":635.0082690542104,"owner_count":0.0,"top_owner":"","top_owner_state":"","top_operator":"","max_propensity_score":0.0,"field_name":"Unknown","production_trend":null},"geometry":{"type":"Polygon","coordinates":[[[-101.5092922432124,31.286531440016716],[-101.5172293932452,31.286612459722107],[-101.517173428203,31.30109927619601],[-101.5090831827879,31.301075199230574],[-101.50040371351335,31.30104880267789],[-101.50031922426592,31.30104841889548],[-101.50046630452908,31.294030020890162],[-101.50060685134517,31.286443532582634],[-101.5092922432124,31.286531440016716]]]}},{"type":"Feature","properties":{"ABSTRACT_L":"B10--S5","ABSTRACT_N":"B10--S5","LEVEL1_SUR":null,"LEVEL2_BLO":"10","LEVEL3_SUR":"5","Surv_Sect":"5","SHAPE_AREA":625.2866069230087,"owner_count":0.0,"top_owner":"","top_owner_state":"","top_operator":"","max_propensity_score":0.0,"field_name":"Unknown","production_trend":null},"geometry":{"type":"Polygon","coordinates":[[[-101.49207388920861,31.286455501540445],[-101.50060685134517,31.286443532582634],[-101.50046630452908,31.294030020890162],[-101.50031922426592,31.30104841889548],[-101.49189359912772,31.300908735798675],[-101.48361204848973,31.30075792507302],[-101.4839640533338,31.293920522611618],[-101.48398379021891,31.286464723724645],[-101.49207388920861,31.286455501540445]]]}},{"type":"Feature","properties":{"ABSTRACT_L":"B10--S6","ABSTRACT_N":"B10--S6","LEVEL1_SUR":"UL","LEVEL2_BLO":"10","LEVEL3_SUR":"6","Surv_Sect":"6","SHAPE_AREA":616.0781171642046,"owner_count":18.0,"top_owner":"MCGUIGAN JOHN F JR","top_owner_state":"ME","top_operator":"PERMIAN RESOURCES OP","max_propensity_score":5.0,"field_name":"Unknown","production_trend":null},"geometry":{"type":"Polygon","coordinates":[[[-101.48398379021891,31.286464723724645],[-101.4839640533338,31.293920522611618],[-101.48361204848973,31.30075792507302],[-101.47520447409885,31.30069001760612],[-101.46699038873533,31.30065133908887],[-101.46726831760276,31.29437562749969],[-101.46765663145231,31.286427634616974],[-101.48398379021891,31.286464723724645]]]}},{"type":"Feature","properties":{"ABSTRACT_L":"B10--S7","ABSTRACT_N":"B10--S7","LEVEL1_SUR":null,"LEVEL2_BLO":"10","LEVEL3_SUR":"7","Surv_Sect":"7","SHAPE_AREA":626.797290750444,"owner_count":0.0,"top_owner":"","top_owner_state":"","top_operator":"","max_propensity_score":0.0,"field_name":"Unknown","production_trend":null},"geometry":{"type":"Polygon","coordinates":[[[-101.46769156603538,31.278580570881267],[-101.46773344459562,31.2715068536143],[-101.47506097991031,31.271623261289616],[-101.4838025461272,31.2717556652385],[-101.48393341449442,31.279465409936773],[-101.48398379021891,31.286464723724645],[-101.46765663145231,31.286427634616974],[-101.46769156603538,31.278580570881267]]]}},{"type":"Feature","properties":{"ABSTRACT_L":"B10--S8","ABSTRACT_N":"B10--S8","LEVEL1_SUR":null,"LEVEL2_BLO":"10","LEVEL3_SUR":"8","Surv_Sect":"8","SHAPE_AREA":639.0443513512452,"owner_count":0.0,"top_owner":"","top_owner_state":"","top_operator":"","max_propensity_score":0.0,"field_name":"Unknown","production_trend":null},"geometry":{"type":"Polygon","coordinates":[[[-101.49208250854376,31.271864245628354],[-101.50086365093883,31.271979719983776],[-101.50066038105464,31.279751719947363],[-101.50060685134517,31.286443532582634],[-101.49207388920861,31.286455501540445],[-101.48398379021891,31.286464723724645],[-101.48393341449442,31.279465409936773],[-101.4838025461272,31.2717556652385],[-101.49208250854376,31.271864245628354]]]}},{"type":"Feature","properties":{"ABSTRACT_L":"B10--S9","ABSTRACT_N":"B10--S9","LEVEL1_SUR":"UL","LEVEL2_BLO":"10","LEVEL3_SUR":"9","Surv_Sect":"9","SHAPE_AREA":627.0714714547654,"owner_count":3.0,"top_owner":"HERITAGE RESOURCES","top_owner_state":"WY","top_operator":"PERMIAN RESOURCES OP","max_propensity_score":3.0,"field_name":"Unknown","production_trend":null},"geometry":{"type":"Polygon","coordinates":[[[-101.5172293932452,31.286612459722107],[-101.5092922432124,31.286531440016716],[-101.50060685134517,31.286443532582634],[-101.50066038105464,31.279751719947363],[-101.50086365093883,31.271979719983776],[-101.51749419413306,31.272226656162157],[-101.5172293932452,31.286612459722107]]]}},{"type":"Feature","properties":{"ABSTRACT_L":"B11--S1","ABSTRACT_N":"B11--S1","LEVEL1_SUR":null,"LEVEL2_BLO":"11","LEVEL3_SUR":"1","Surv_Sect":"1","SHAPE_AREA":646.4888204846555,"owner_count":0.0,"top_owner":"","top_owner_state":"","top_operator":"","max_propensity_score":0.0,"field_name":"Unknown","production_trend":null},"geometry":{"type":"Polygon","coordinates":[[[-101.56019211851387,31.20006037379817],[-101.56947947324961,31.20017843166888],[-101.56956835525878,31.21473296594052],[-101.56618379162741,31.21469421377168],[-101.5525286824532,31.21453695775138],[-101.55251567574619,31.199962285394438],[-101.56019211851387,31.20006037379817]]]}},{"type":"Feature","properties":{"ABSTRACT_L":"B11--S10","ABSTRACT_N":"B11--S10","LEVEL1_SUR":null,"LEVEL2_BLO":"11","LEVEL3_SUR":"10","Surv_Sect":"10","SHAPE_AREA":611.6124905030941,"owner_count":0.0,"top_owner":"","top_owner_state":"","top_operator":"","max_propensity_score":0.0,"field_name":"Unknown","production_trend":null},"geometry":{"type":"Polygon","coordinates":[[[-101.53525011257929,31.185502648931013],[-101.53519578965742,31.192433748667472],[-101.53512614507008,31.199822222922727],[-101.52702411016521,31.199758070935875],[-101.51874698193336,31.199692005616164],[-101.51879755349059,31.18544942229369],[-101.5271202182225,31.1855088853449],[-101.53525011257929,31.185502648931013]]]}},{"type":"Feature","properties":{"ABSTRACT_L":"B11--S11","ABSTRACT_N":"B11--S11","LEVEL1_SUR":null,"LEVEL2_BLO":"11","LEVEL3_SUR":"11","Surv_Sect":"11","SHAPE_AREA":156.5428840657606,"owner_count":0.0,"top_owner":"","top_owner_state":"","top_operator":"","max_propensity_score":0.0,"field_name":"Unknown","production_trend":null},"geometry":{"type":"Polygon","coordinates":[[[-101.55226332460985,31.185620020246542],[-101.55256737828238,31.19245704878351],[-101.5436176167186,31.19244533917153],[-101.54361284486782,31.185658833510722],[-101.55226332460985,31.185620020246542]]]}},{"type":"Feature","properties":{"ABSTRACT_L":"B11--S12","ABSTRACT_N":"B11--S12","LEVEL1_SUR":null,"LEVEL2_BLO":"11","LEVEL3_SUR":"12","Surv_Sect":"12","SHAPE_AREA":639.3546705200293,"owner_count":0.0,"top_owner":"","top_owner_state":"","top_operator":"","max_propensity_score":0.0,"field_name":"Unknown","production_trend":null},"geometry":{"type":"Polygon","coordinates":[[[-101.56934091710019,31.185593489194535],[-101.56947947324961,31.20017843166888],[-101.56019211851387,31.20006037379817],[-101.55251567574619,31.199962285394438],[-101.55256737828238,31.19245704878351],[-101.55226332460985,31.185620020246542],[-101.56934091710019,31.185593489194535]]]}},{"type":"Feature","properties":{"ABSTRACT_L":"B11--S13","ABSTRACT_N":"B11--S13","LEVEL1_SUR":null,"LEVEL2_BLO":"11","LEVEL3_SUR":"13","Surv_Sect":"13","SHAPE_AREA":594.0832711512145,"owner_count":0.0,"top_owner":"","top_owner_state":"","top_operator":"","max_propensity_score":0.0,"field_name":"Unknown","production_trend":null},"geometry":{"type":"Polygon","coordinates":[[[-101.5691814805103,31.17228543924557],[-101.56934091710019,31.185593489194535],[-101.55226332460985,31.185620020246542],[-101.55249382153197,31.17198094781369],[-101.5691814805103,31.17228543924557]]]}},{"type":"Feature","properties":{"ABSTRACT_L":"B11--S14","ABSTRACT_N":"B11--S14","LEVEL1_SUR":null,"LEVEL2_BLO":"11","LEVEL3_SUR":"14","Surv_Sect":"14","SHAPE_AREA":608.8162166939678,"owner_count":0.0,"top_owner":"","top_owner_state":"","top_operator":"","max_propensity_score":0.0,"field_name":"Unknown","production_trend":null},"geometry":{"type":"Polygon","coordinates":[[[-101.55249382153197,31.17198094781369],[-101.55226332460985,31.185620020246542],[-101.54361284486782,31.185658833510722],[-101.53525011257929,31.185502648931013],[-101.53573438356918,31.171640413420054],[-101.55249382153197,31.17198094781369]]]}},{"type":"Feature","properties":{"ABSTRACT_L":"B11--S15","ABSTRACT_N":"B11--S15","LEVEL1_SUR":null,"LEVEL2_BLO":"11","LEVEL3_SUR":"15","Surv_Sect":"15","SHAPE_AREA":613.0103582998624,"owner_count":0.0,"top_owner":"","top_owner_state":"","top_operator":"","max_propensity_score":0.0,"field_name":"Unknown","production_trend":null},"geometry":{"type":"Polygon","coordinates":[[[-101.53573438356918,31.171640413420054],[-101.53525011257929,31.185502648931013],[-101.5271202182225,31.1855088853449],[-101.51879755349059,31.18544942229369],[-101.51880921272468,31.17122148546836],[-101.53573438356918,31.171640413420054]]]}},{"type":"Feature","properties":{"ABSTRACT_L":"B11--S16","ABSTRACT_N":"B11--S16","LEVEL1_SUR":null,"LEVEL2_BLO":"11","LEVEL3_SUR":"16","Surv_Sect":"16","SHAPE_AREA":639.1822142176527,"owner_count":0.0,"top_owner":"","top_owner_state":"","top_operator":"","max_propensity_score":0.0,"field_name":"Unknown","production_trend":null},"geometry":{"type":"Polygon","coordinates":[[[-101.50198730322205,31.170480894500443],[-101.51880921272468,31.17122148546836],[-101.51879755349059,31.18544942229369],[-101.51066948001889,31.185401889482545],[-101.50199455082978,31.18538374353302],[-101.50199453106684,31.185367969956804],[-101.50199157920282,31.177802938132253],[-101.50198730322205,31.170480894500443]]]}},{"type":"Feature","properties":{"ABSTRACT_L":"B11--S17","ABSTRACT_N":"B11--S17","LEVEL1_SUR":null,"LEVEL2_BLO":"11","LEVEL3_SUR":"17","Surv_Sect":"17","SHAPE_AREA":687.2711359980019,"owner_count":0.0,"top_owner":"","top_owner_state":"","top_operator":"","max_propensity_score":0.0,"field_name":"Unknown","production_trend":null},"geometry":{"type":"Polygon","coordinates":[[[-101.49287124014302,31.185296016286806],[-101.48436876233562,31.185237878775876],[-101.48441185990968,31.177608195347883],[-101.48441717164795,31.170112842395834],[-101.49342663704215,31.170387124334415],[-101.50198730322205,31.170480894500443],[-101.50199157920282,31.177802938132253],[-101.50199453106684,31.185367969956804],[-101.49287124014302,31.185296016286806]]]}},{"type":"Feature","properties":{"ABSTRACT_L":"B11--S18","ABSTRACT_N":"B11--S18","LEVEL1_SUR":null,"LEVEL2_BLO":"11","LEVEL3_SUR":"18","Surv_Sect":"18","SHAPE_AREA":671.273079332978,"owner_count":0.0,"top_owner":"","top_owner_state":"","top_operator":"","max_propensity_score":0.0,"field_name":"Unknown","production_trend":null},"geometry":{"type":"Polygon","coordinates":[[[-101.47327730394677,31.169940068178846],[-101.48441717164795,31.170112842395834],[-101.48441185990968,31.177608195347883],[-101.48436876233562,31.185237878775876],[-101.4674254410308,31.185040496856672],[-101.46740952737552,31.18438680070339],[-101.46743299047243,31.18247263845708],[-101.46747265288886,31.17917336236241],[-101.46744096841047,31.17595292776502],[-101.46744208321975,31.175017452750804],[-101.46744225479797,31.17487325446778],[-101.46744434427931,31.17312178433544],[-101.46747345328778,31.169843915488133],[-101.47327730394677,31.169940068178846]]]}},{"type":"Feature","properties":{"ABSTRACT_L":"B11--S19","ABSTRACT_N":"B11--S19","LEVEL1_SUR":null,"LEVEL2_BLO":"11","LEVEL3_SUR":"19","Surv_Sect":"19","SHAPE_AREA":645.9146774286589,"owner_count":0.0,"top_owner":"","top_owner_state":"","top_operator":"","max_propensity_score":0.0,"field_name":"Unknown","production_trend":null},"geometry":{"type":"Polygon","coordinates":[[[-101.48437754606245,31.155406560317655],[-101.48437972447704,31.15899240784187],[-101.48441717164795,31.170112842395834],[-101.47327730394677,31.169940068178846],[-101.46747345328778,31.169843915488133],[-101.46757005721511,31.15524210483205],[-101.48437754606245,31.155406560317655]]]}},{"type":"Feature","properties":{"ABSTRACT_L":"B11--S2","ABSTRACT_N":"B11--S2","LEVEL1_SUR":null,"LEVEL2_BLO":"11","LEVEL3_SUR":"2","Surv_Sect":"2","SHAPE_AREA":653.3333897897719,"owner_count":0.0,"top_owner":"","top_owner_state":"","top_operator":"","max_propensity_score":0.0,"field_name":"Unknown","production_trend":null},"geometry":{"type":"Polygon","coordinates":[[[-101.5525286824532,31.21453695775138],[-101.53555755379877,31.214392911870846],[-101.53534655121662,31.206814474911663],[-101.53512614507008,31.199822222922727],[-101.55251567574619,31.199962285394438],[-101.5525286824532,31.21453695775138]]]}},{"type":"Feature","properties":{"ABSTRACT_L":"B11--S20","ABSTRACT_N":"B11--S20","LEVEL1_SUR":null,"LEVEL2_BLO":"11","LEVEL3_SUR":"20","Surv_Sect":"20","SHAPE_AREA":676.252232619498,"owner_count":0.0,"top_owner":"","top_owner_state":"","top_operator":"","max_propensity_score":0.0,"field_name":"Unknown","production_trend":null},"geometry":{"type":"Polygon","coordinates":[[[-101.48441717164795,31.170112842395834],[-101.48437972447704,31.15899240784187],[-101.48437754606245,31.155406560317655],[-101.5019305988664,31.155792522905337],[-101.50198730322205,31.170480894500443],[-101.49342663704215,31.170387124334415],[-101.48441717164795,31.170112842395834]]]}},{"type":"Feature","properties":{"ABSTRACT_L":"B11--S21","ABSTRACT_N":"B11--S21","LEVEL1_SUR":null,"LEVEL2_BLO":"11","LEVEL3_SUR":"21","Surv_Sect":"21","SHAPE_AREA":659.6511388992852,"owner_count":0.0,"top_owner":"","top_owner_state":"","top_operator":"","max_propensity_score":0.0,"field_name":"Unknown","production_trend":null},"geometry":{"type":"Polygon","coordinates":[[[-101.51881570844247,31.155939776012318],[-101.51880921272468,31.17122148546836],[-101.50198730322205,31.170480894500443],[-101.5019305988664,31.155792522905337],[-101.51881570844247,31.155939776012318]]]}},{"type":"Feature","properties":{"ABSTRACT_L":"B11--S22","ABSTRACT_N":"B11--S22","LEVEL1_SUR":null,"LEVEL2_BLO":"11","LEVEL3_SUR":"22","Surv_Sect":"22","SHAPE_AREA":682.1751730851107,"owner_count":0.0,"top_owner":"","top_owner_state":"","top_operator":"","max_propensity_score":0.0,"field_name":"Unknown","production_trend":null},"geometry":{"type":"Polygon","coordinates":[[[-101.53585169366382,31.15616421144718],[-101.53573438356918,31.171640413420054],[-101.51880921272468,31.17122148546836],[-101.51881570844247,31.155939776012318],[-101.53585169366382,31.15616421144718]]]}},{"type":"Feature","properties":{"ABSTRACT_L":"B11--S23","ABSTRACT_N":"B11--S23","LEVEL1_SUR":null,"LEVEL2_BLO":"11","LEVEL3_SUR":"23","Surv_Sect":"23","SHAPE_AREA":683.0627644964788,"owner_count":0.0,"top_owner":"","top_owner_state":"","top_operator":"","max_propensity_score":0.0,"field_name":"Unknown","production_trend":null},"geometry":{"type":"Polygon","coordinates":[[[-101.55270347933613,31.156341143539997],[-101.55249382153197,31.17198094781369],[-101.53573438356918,31.171640413420054],[-101.53585169366382,31.15616421144718],[-101.55270347933613,31.156341143539997]]]}},{"type":"Feature","properties":{"ABSTRACT_L":"B11--S24","ABSTRACT_N":"B11--S24","LEVEL1_SUR":null,"LEVEL2_BLO":"11","LEVEL3_SUR":"24","Surv_Sect":"24","SHAPE_AREA":681.262005089956,"owner_count":0.0,"top_owner":"","top_owner_state":"","top_operator":"","max_propensity_score":0.0,"field_name":"Unknown","production_trend":null},"geometry":{"type":"Polygon","coordinates":[[[-101.56919939291708,31.156489255245866],[-101.5691814805103,31.17228543924557],[-101.55249382153197,31.17198094781369],[-101.55270347933613,31.156341143539997],[-101.56919939291708,31.156489255245866]]]}},{"type":"Feature","properties":{"ABSTRACT_L":"B11--S25","ABSTRACT_N":"B11--S25","LEVEL1_SUR":null,"LEVEL2_BLO":"11","LEVEL3_SUR":"25","Surv_Sect":"25","SHAPE_AREA":625.9044817794484,"owner_count":0.0,"top_owner":"","top_owner_state":"","top_operator":"","max_propensity_score":0.0,"field_name":"Unknown","production_trend":null},"geometry":{"type":"Polygon","coordinates":[[[-101.56901112130488,31.141840843624117],[-101.56919939291708,31.156489255245866],[-101.55270347933613,31.156341143539997],[-101.55283696090251,31.141655173278988],[-101.56901112130488,31.141840843624117]]]}},{"type":"Feature","properties":{"ABSTRACT_L":"B11--S26","ABSTRACT_N":"B11--S26","LEVEL1_SUR":null,"LEVEL2_BLO":"11","LEVEL3_SUR":"26","Surv_Sect":"26","SHAPE_AREA":646.0922808689069,"owner_count":0.0,"top_owner":"","top_owner_state":"","top_operator":"","max_propensity_score":0.0,"field_name":"Unknown","production_trend":null},"geometry":{"type":"Polygon","coordinates":[[[-101.53592853914647,31.141549794770643],[-101.55283696090251,31.141655173278988],[-101.55270347933613,31.156341143539997],[-101.53585169366382,31.15616421144718],[-101.53592853914647,31.141549794770643]]]}},{"type":"Feature","properties":{"ABSTRACT_L":"B11--S27","ABSTRACT_N":"B11--S27","LEVEL1_SUR":null,"LEVEL2_BLO":"11","LEVEL3_SUR":"27","Surv_Sect":"27","SHAPE_AREA":643.0626176376535,"owner_count":0.0,"top_owner":"","top_owner_state":"","top_operator":"","max_propensity_score":0.0,"field_name":"Unknown","production_trend":null},"geometry":{"type":"Polygon","coordinates":[[[-101.53592853914647,31.141549794770643],[-101.53585169366382,31.15616421144718],[-101.51881570844247,31.155939776012318],[-101.51882996560435,31.141709497085213],[-101.53592853914647,31.141549794770643]]]}},{"type":"Feature","properties":{"ABSTRACT_L":"B11--S28","ABSTRACT_N":"B11--S28","LEVEL1_SUR":null,"LEVEL2_BLO":"11","LEVEL3_SUR":"28","Surv_Sect":"28","SHAPE_AREA":629.8151485358895,"owner_count":0.0,"top_owner":"","top_owner_state":"","top_operator":"","max_propensity_score":0.0,"field_name":"Unknown","production_trend":null},"geometry":{"type":"Polygon","coordinates":[[[-101.51882996560435,31.141709497085213],[-101.51881570844247,31.155939776012318],[-101.5019305988664,31.155792522905337],[-101.50167190831908,31.141695168612497],[-101.51882996560435,31.141709497085213]]]}},{"type":"Feature","properties":{"ABSTRACT_L":"B11--S29","ABSTRACT_N":"B11--S29","LEVEL1_SUR":null,"LEVEL2_BLO":"11","LEVEL3_SUR":"29","Surv_Sect":"29","SHAPE_AREA":629.6026214456934,"owner_count":0.0,"top_owner":"","top_owner_state":"","top_operator":"","max_propensity_score":0.0,"field_name":"Unknown","production_trend":null},"geometry":{"type":"Polygon","coordinates":[[[-101.50167190831908,31.141695168612497],[-101.5019305988664,31.155792522905337],[-101.48437754606245,31.155406560317655],[-101.48440888468946,31.14181391972436],[-101.50167190831908,31.141695168612497]]]}},{"type":"Feature","properties":{"ABSTRACT_L":"B11--S3","ABSTRACT_N":"B11--S3","LEVEL1_SUR":null,"LEVEL2_BLO":"11","LEVEL3_SUR":"3","Surv_Sect":"3","SHAPE_AREA":634.5668557391298,"owner_count":0.0,"top_owner":"","top_owner_state":"","top_operator":"","max_propensity_score":0.0,"field_name":"Unknown","production_trend":null},"geometry":{"type":"Polygon","coordinates":[[[-101.52692565211511,31.21437539992585],[-101.51869588396337,31.214358161481837],[-101.51874698193336,31.199692005616164],[-101.52702411016521,31.199758070935875],[-101.53512614507008,31.199822222922727],[-101.53534655121662,31.206814474911663],[-101.53555755379877,31.214392911870846],[-101.52692565211511,31.21437539992585]]]}},{"type":"Feature","properties":{"ABSTRACT_L":"B11--S30","ABSTRACT_N":"B11--S30","LEVEL1_SUR":null,"LEVEL2_BLO":"11","LEVEL3_SUR":"30","Surv_Sect":"30","SHAPE_AREA":591.9214643130498,"owner_count":0.0,"top_owner":"","top_owner_state":"","top_operator":"","max_propensity_score":0.0,"field_name":"Unknown","production_trend":null},"geometry":{"type":"Polygon","coordinates":[[[-101.48440888468946,31.14181391972436],[-101.48437754606245,31.155406560317655],[-101.46757005721511,31.15524210483205],[-101.46756629237576,31.154304102868934],[-101.4676090351153,31.14622166732176],[-101.46765378918275,31.141849977665707],[-101.48440888468946,31.14181391972436]]]}},{"type":"Feature","properties":{"ABSTRACT_L":"B11--S31","ABSTRACT_N":"B11--S31","LEVEL1_SUR":null,"LEVEL2_BLO":"11","LEVEL3_SUR":"31","Surv_Sect":"31","SHAPE_AREA":552.1439336289511,"owner_count":0.0,"top_owner":"","top_owner_state":"","top_operator":"","max_propensity_score":0.0,"field_name":"Unknown","production_trend":null},"geometry":{"type":"Polygon","coordinates":[[[-101.46770895741929,31.129169431663446],[-101.47573265833307,31.129183469823197],[-101.48437091649566,31.129166476544423],[-101.48440888468946,31.14181391972436],[-101.46765378918275,31.141849977665707],[-101.46768420434165,31.140284495424773],[-101.46770895741929,31.129169431663446]]]}},{"type":"Feature","properties":{"ABSTRACT_L":"B11--S32","ABSTRACT_N":"B11--S32","LEVEL1_SUR":null,"LEVEL2_BLO":"11","LEVEL3_SUR":"32","Surv_Sect":"32","SHAPE_AREA":567.8918750997663,"owner_count":0.0,"top_owner":"","top_owner_state":"","top_operator":"","max_propensity_score":0.0,"field_name":"Unknown","production_trend":null},"geometry":{"type":"Polygon","coordinates":[[[-101.50164473518005,31.129169969936484],[-101.50167190831908,31.141695168612497],[-101.48440888468946,31.14181391972436],[-101.48437091649566,31.129166476544423],[-101.50164473518005,31.129169969936484]]]}},{"type":"Feature","properties":{"ABSTRACT_L":"B11--S33","ABSTRACT_N":"B11--S33","LEVEL1_SUR":null,"LEVEL2_BLO":"11","LEVEL3_SUR":"33","Surv_Sect":"33","SHAPE_AREA":564.0364088950053,"owner_count":0.0,"top_owner":"","top_owner_state":"","top_operator":"","max_propensity_score":0.0,"field_name":"Unknown","production_trend":null},"geometry":{"type":"Polygon","coordinates":[[[-101.50722211696265,31.12916175358272],[-101.51891052562071,31.129154050125656],[-101.51882996560435,31.141709497085213],[-101.50167190831908,31.141695168612497],[-101.50164473518005,31.129169969936484],[-101.50722211696265,31.12916175358272]]]}},{"type":"Feature","properties":{"ABSTRACT_L":"B11--S34","ABSTRACT_N":"B11--S34","LEVEL1_SUR":null,"LEVEL2_BLO":"11","LEVEL3_SUR":"34","Surv_Sect":"34","SHAPE_AREA":556.1068668616817,"owner_count":0.0,"top_owner":"","top_owner_state":"","top_operator":"","max_propensity_score":0.0,"field_name":"Unknown","production_trend":null},"geometry":{"type":"Polygon","coordinates":[[[-101.52704258042576,31.129237750021613],[-101.53603423402448,31.12913451772994],[-101.53592853914647,31.141549794770643],[-101.51882996560435,31.141709497085213],[-101.51891052562071,31.129154050125656],[-101.52704258042576,31.129237750021613]]]}},{"type":"Feature","properties":{"ABSTRACT_L":"B11--S35","ABSTRACT_N":"B11--S35","LEVEL1_SUR":null,"LEVEL2_BLO":"11","LEVEL3_SUR":"35","Surv_Sect":"35","SHAPE_AREA":546.6762267791768,"owner_count":0.0,"top_owner":"","top_owner_state":"","top_operator":"","max_propensity_score":0.0,"field_name":"Unknown","production_trend":null},"geometry":{"type":"Polygon","coordinates":[[[-101.53592853914647,31.141549794770643],[-101.53603423402448,31.12913451772994],[-101.55285229694104,31.1292566072486],[-101.55283696090251,31.141655173278988],[-101.53592853914647,31.141549794770643]]]}},{"type":"Feature","properties":{"ABSTRACT_L":"B11--S36","ABSTRACT_N":"B11--S36","LEVEL1_SUR":null,"LEVEL2_BLO":"11","LEVEL3_SUR":"36","Surv_Sect":"36","SHAPE_AREA":527.9852824607858,"owner_count":0.0,"top_owner":"","top_owner_state":"","top_operator":"","max_propensity_score":0.0,"field_name":"Unknown","production_trend":null},"geometry":{"type":"Polygon","coordinates":[[[-101.56891729317178,31.129167247812802],[-101.56901112130488,31.141840843624117],[-101.55283696090251,31.141655173278988],[-101.55285229694104,31.1292566072486],[-101.56891729317178,31.129167247812802]]]}},{"type":"Feature","properties":{"ABSTRACT_L":"B11--S4","ABSTRACT_N":"B11--S4","LEVEL1_SUR":null,"LEVEL2_BLO":"11","LEVEL3_SUR":"4","Surv_Sect":"4","SHAPE_AREA":640.8767341132137,"owner_count":0.0,"top_owner":"","top_owner_state":"","top_operator":"","max_propensity_score":0.0,"field_name":"Unknown","production_trend":null},"geometry":{"type":"Polygon","coordinates":[[[-101.5102978146465,31.199649252426443],[-101.51874698193336,31.199692005616164],[-101.51869588396337,31.214358161481837],[-101.51006756745602,31.214327445268058],[-101.50198348448379,31.214298140357435],[-101.5020151474026,31.199606801962975],[-101.5102978146465,31.199649252426443]]]}},{"type":"Feature","properties":{"ABSTRACT_L":"B11--S5","ABSTRACT_N":"B11--S5","LEVEL1_SUR":null,"LEVEL2_BLO":"11","LEVEL3_SUR":"5","Surv_Sect":"5","SHAPE_AREA":687.9961087094075,"owner_count":0.0,"top_owner":"","top_owner_state":"","top_operator":"","max_propensity_score":0.0,"field_name":"Unknown","production_trend":null},"geometry":{"type":"Polygon","coordinates":[[[-101.5020151474026,31.199606801962975],[-101.50198348448379,31.214298140357435],[-101.50040361380034,31.2142758920055],[-101.48412531080879,31.214118833503694],[-101.48417317933531,31.20645329006543],[-101.4842854426947,31.199231629431715],[-101.49383366010412,31.199420165231054],[-101.50040359763067,31.199569803209734],[-101.5020151474026,31.199606801962975]]]}},{"type":"Feature","properties":{"ABSTRACT_L":"B11--S6","ABSTRACT_N":"B11--S6","LEVEL1_SUR":null,"LEVEL2_BLO":"11","LEVEL3_SUR":"6","Surv_Sect":"6","SHAPE_AREA":651.818699188035,"owner_count":2.0,"top_owner":"UNIVERSITY OF TEXAS PUFF LANDS","top_owner_state":"TX","top_operator":"BASA RESOURCES INC","max_propensity_score":1.0,"field_name":"Unknown","production_trend":null},"geometry":{"type":"Polygon","coordinates":[[[-101.46738711890077,31.210910167494475],[-101.46740897850489,31.20823745628533],[-101.46741394439178,31.20765675680327],[-101.4674414813485,31.201857736753883],[-101.46745530372577,31.20017318743876],[-101.4674451195254,31.19899535519582],[-101.46905408574258,31.199011987103045],[-101.47146654377742,31.199074743423374],[-101.47653722184089,31.199125076310395],[-101.4842854426947,31.199231629431715],[-101.48417317933531,31.20645329006543],[-101.48412531080879,31.214118833503694],[-101.47641262101939,31.213977661864636],[-101.4672889384301,31.213920632156537],[-101.46738687096575,31.210940651255747],[-101.46738711890077,31.210910167494475]]]}},{"type":"Feature","properties":{"ABSTRACT_L":"B11--S7","ABSTRACT_N":"B11--S7","LEVEL1_SUR":null,"LEVEL2_BLO":"11","LEVEL3_SUR":"7","Surv_Sect":"7","SHAPE_AREA":618.3888932524125,"owner_count":5.0,"top_owner":"MEHRINGER C MARK M D","top_owner_state":"CA","top_operator":"DARCO OPERATORS","max_propensity_score":5.0,"field_name":"Unknown","production_trend":null},"geometry":{"type":"Polygon","coordinates":[[[-101.46739232733279,31.187308701835622],[-101.46741867941165,31.18599433837659],[-101.4674254410308,31.185040496856672],[-101.48436876233562,31.185237878775876],[-101.4842854426947,31.199231629431715],[-101.47653722184089,31.199125076310395],[-101.47146654377742,31.199074743423374],[-101.46905408574258,31.199011987103045],[-101.4674451195254,31.19899535519582],[-101.46736986765406,31.197589752917523],[-101.46733410841753,31.19534074522339],[-101.46738116935865,31.192656819705586],[-101.46739150267935,31.19189377007953],[-101.46740000433519,31.19121122108606],[-101.46741458668721,31.18993942965348],[-101.46739232733279,31.187308701835622]]]}},{"type":"Feature","properties":{"ABSTRACT_L":"B11--S8","ABSTRACT_N":"B11--S8","LEVEL1_SUR":null,"LEVEL2_BLO":"11","LEVEL3_SUR":"8","Surv_Sect":"8","SHAPE_AREA":651.4581583493871,"owner_count":15.0,"top_owner":"ALT FAMILY MINERALS LLC","top_owner_state":"OK","top_operator":"RP OPERATING LLC","max_propensity_score":8.0,"field_name":"Unknown","production_trend":null},"geometry":{"type":"Polygon","coordinates":[[[-101.49287124014302,31.185296016286806],[-101.50199453106684,31.185367969956804],[-101.50199455082978,31.18538374353302],[-101.50200552824255,31.192382702174438],[-101.5020151474026,31.199606801962975],[-101.50040359763067,31.199569803209734],[-101.49383366010412,31.199420165231054],[-101.4842854426947,31.199231629431715],[-101.48436876233562,31.185237878775876],[-101.49287124014302,31.185296016286806]]]}},{"type":"Feature","properties":{"ABSTRACT_L":"B11--S9","ABSTRACT_N":"B11--S9","LEVEL1_SUR":"UL","LEVEL2_BLO":"11","LEVEL3_SUR":"9","Surv_Sect":"9","SHAPE_AREA":623.5158282060798,"owner_count":2.0,"top_owner":"PERMIAN RESOURCES OPER LLC WI","top_owner_state":"TX","top_operator":"PERMIAN RESOURCES OP","max_propensity_score":2.0,"field_name":"Unknown","production_trend":null},"geometry":{"type":"Polygon","coordinates":[[[-101.50199455082978,31.18538374353302],[-101.51066948001889,31.185401889482545],[-101.51879755349059,31.18544942229369],[-101.51874698193336,31.199692005616164],[-101.5102978146465,31.199649252426443],[-101.5020151474026,31.199606801962975],[-101.50200552824255,31.192382702174438],[-101.50199455082978,31.18538374353302]]]}},{"type":"Feature","properties":{"ABSTRACT_L":"B12--S1","ABSTRACT_N":"B12--S1","LEVEL1_SUR":null,"LEVEL2_BLO":"12","LEVEL3_SUR":"1","Surv_Sect":"1","SHAPE_AREA":736.2603244909294,"owner_count":0.0,"top_owner":"","top_owner_state":"","top_operator":"","max_propensity_score":0.0,"field_name":"Unknown","production_trend":null},"geometry":{"type":"Polygon","coordinates":[[[-101.475859311805,31.112165568607534],[-101.48425664180837,31.112207676014076],[-101.48437091649566,31.129166476544423],[-101.47573265833307,31.129183469823197],[-101.46770895741929,31.129169431663446],[-101.46775079914859,31.118895500087827],[-101.46777012730026,31.11611236018869],[-101.46778592147959,31.112139946061973],[-101.475859311805,31.112165568607534]]]}},{"type":"Feature","properties":{"ABSTRACT_L":"B12--S10","ABSTRACT_N":"B12--S10","LEVEL1_SUR":"UNIV LAND","LEVEL2_BLO":"12","LEVEL3_SUR":"10","Surv_Sect":"10","SHAPE_AREA":658.6482594191862,"owner_count":7.0,"top_owner":"HANLEY PETROLEUM LLC","top_owner_state":"TX","top_operator":"PERMIAN RESOURCES OP","max_propensity_score":3.0,"field_name":"Unknown","production_trend":null},"geometry":{"type":"Polygon","coordinates":[[[-101.51915792614155,31.09766802742323],[-101.51907827881351,31.11218970217045],[-101.5018171883584,31.112272152631736],[-101.50186748233621,31.104852126570286],[-101.50176654044436,31.097640409463065],[-101.51915792614155,31.09766802742323]]]}},{"type":"Feature","properties":{"ABSTRACT_L":"B12--S11","ABSTRACT_N":"B12--S11","LEVEL1_SUR":null,"LEVEL2_BLO":"12","LEVEL3_SUR":"11","Surv_Sect":"11","SHAPE_AREA":675.9257045387544,"owner_count":1.0,"top_owner":"REMUDA OPERATING CO","top_owner_state":"TX","top_operator":"REMUDA OPERATIONG CO","max_propensity_score":2.0,"field_name":"Unknown","production_trend":null},"geometry":{"type":"Polygon","coordinates":[[[-101.48425664180837,31.112207676014076],[-101.48388909431324,31.097728800137947],[-101.49242740322238,31.097666245148172],[-101.49918709458134,31.097640736380225],[-101.50176654044436,31.097640409463065],[-101.50186748233621,31.104852126570286],[-101.5018171883584,31.112272152631736],[-101.4925226551852,31.112230713600614],[-101.48425664180837,31.112207676014076]]]}},{"type":"Feature","properties":{"ABSTRACT_L":"B12--S12","ABSTRACT_N":"B12--S12","LEVEL1_SUR":"UNIV LAND","LEVEL2_BLO":"12","LEVEL3_SUR":"12","Surv_Sect":"12","SHAPE_AREA":616.5604200505184,"owner_count":4.0,"top_owner":"DIGITAL OPERATING CO LLC WI","top_owner_state":"TX","top_operator":"REVERENCE OPERATING","max_propensity_score":3.0,"field_name":"Unknown","production_trend":null},"geometry":{"type":"Polygon","coordinates":[[[-101.48388909431324,31.097728800137947],[-101.48425664180837,31.112207676014076],[-101.475859311805,31.112165568607534],[-101.46778592147959,31.112139946061973],[-101.46784298875463,31.104610044388377],[-101.46785257467704,31.10082384494441],[-101.46791335648577,31.09765133541954],[-101.47170748990295,31.09757402217373],[-101.47607275421144,31.097618448317483],[-101.48388909431324,31.097728800137947]]]}},{"type":"Feature","properties":{"ABSTRACT_L":"B12--S13","ABSTRACT_N":"B12--S13","LEVEL1_SUR":null,"LEVEL2_BLO":"12","LEVEL3_SUR":"13","Surv_Sect":"13","SHAPE_AREA":607.0993228223716,"owner_count":0.0,"top_owner":"","top_owner_state":"","top_operator":"","max_propensity_score":0.0,"field_name":"Unknown","production_trend":null},"geometry":{"type":"Polygon","coordinates":[[[-101.47170748990295,31.09757402217373],[-101.46791335648577,31.09765133541954],[-101.46791613587327,31.090354793590993],[-101.46797345198165,31.082963259331027],[-101.4762875198363,31.08298757956958],[-101.48368856608732,31.083036970129758],[-101.48388909431324,31.097728800137947],[-101.47607275421144,31.097618448317483],[-101.47170748990295,31.09757402217373]]]}},{"type":"Feature","properties":{"ABSTRACT_L":"B12--S14","ABSTRACT_N":"B12--S14","LEVEL1_SUR":null,"LEVEL2_BLO":"12","LEVEL3_SUR":"14","Surv_Sect":"14","SHAPE_AREA":691.3566898748579,"owner_count":17.0,"top_owner":"SILVERTIP ENERGY INC","top_owner_state":"WY","top_operator":"REVERENCE OPERATING","max_propensity_score":6.0,"field_name":"Unknown","production_trend":null},"geometry":{"type":"Polygon","coordinates":[[[-101.49233221234498,31.08308227934331],[-101.50195528816366,31.083191561747892],[-101.50202429584546,31.089790969602365],[-101.50176654044436,31.097640409463065],[-101.49918709458134,31.097640736380225],[-101.49242740322238,31.097666245148172],[-101.48388909431324,31.097728800137947],[-101.48368856608732,31.083036970129758],[-101.49233221234498,31.08308227934331]]]}},{"type":"Feature","properties":{"ABSTRACT_L":"B12--S15","ABSTRACT_N":"B12--S15","LEVEL1_SUR":null,"LEVEL2_BLO":"12","LEVEL3_SUR":"15","Surv_Sect":"15","SHAPE_AREA":641.810158036774,"owner_count":25.0,"top_owner":"PURVIS JAMES H MARITAL TRUST","top_owner_state":"TX","top_operator":"FOSSIL PETROLEUM","max_propensity_score":4.0,"field_name":"Unknown","production_trend":null},"geometry":{"type":"Polygon","coordinates":[[[-101.50195528816366,31.083191561747892],[-101.50991212387758,31.08333855595435],[-101.51907660884538,31.083553303397636],[-101.51915792614155,31.09766802742323],[-101.50176654044436,31.097640409463065],[-101.50202429584546,31.089790969602365],[-101.50195528816366,31.083191561747892]]]}},{"type":"Feature","properties":{"ABSTRACT_L":"B12--S16","ABSTRACT_N":"B12--S16","LEVEL1_SUR":null,"LEVEL2_BLO":"12","LEVEL3_SUR":"16","Surv_Sect":"16","SHAPE_AREA":612.7797940183526,"owner_count":2.0,"top_owner":"REVERENCE OPERATING LLC","top_owner_state":"TX","top_operator":"REVERENCE OPERATING","max_propensity_score":3.0,"field_name":"Unknown","production_trend":null},"geometry":{"type":"Polygon","coordinates":[[[-101.53599735099554,31.083946013735225],[-101.53600977200098,31.09759665947155],[-101.52741978930176,31.097633314205908],[-101.51915792614155,31.09766802742323],[-101.51907660884538,31.083553303397636],[-101.53599735099554,31.083946013735225]]]}},{"type":"Feature","properties":{"ABSTRACT_L":"B12--S17","ABSTRACT_N":"B12--S17","LEVEL1_SUR":"UL","LEVEL2_BLO":"12","LEVEL3_SUR":"17","Surv_Sect":"17","SHAPE_AREA":591.3233386276302,"owner_count":2.0,"top_owner":"RRP OPERATING LLC","top_owner_state":"TX","top_operator":"RRP OPERATING LLC","max_propensity_score":2.0,"field_name":"Unknown","production_trend":null},"geometry":{"type":"Polygon","coordinates":[[[-101.53600977200098,31.09759665947155],[-101.53599735099554,31.083946013735225],[-101.54417196887707,31.08416231307523],[-101.55269686144744,31.084387326828125],[-101.55280930357156,31.097750004349397],[-101.54437404939182,31.097673282711558],[-101.53600977200098,31.09759665947155]]]}},{"type":"Feature","properties":{"ABSTRACT_L":"B12--S18","ABSTRACT_N":"B12--S18","LEVEL1_SUR":null,"LEVEL2_BLO":"12","LEVEL3_SUR":"18","Surv_Sect":"18","SHAPE_AREA":578.538447486696,"owner_count":0.0,"top_owner":"","top_owner_state":"","top_operator":"","max_propensity_score":0.0,"field_name":"Unknown","production_trend":null},"geometry":{"type":"Polygon","coordinates":[[[-101.56941485114302,31.084699699643735],[-101.56925851913074,31.09802783246581],[-101.55280930357156,31.097750004349397],[-101.55269686144744,31.084387326828125],[-101.56941485114302,31.084699699643735]]]}},{"type":"Feature","properties":{"ABSTRACT_L":"B12--S19","ABSTRACT_N":"B12--S19","LEVEL1_SUR":null,"LEVEL2_BLO":"12","LEVEL3_SUR":"19","Surv_Sect":"19","SHAPE_AREA":228.6591423126428,"owner_count":0.0,"top_owner":"","top_owner_state":"","top_operator":"","max_propensity_score":0.0,"field_name":"Unknown","production_trend":null},"geometry":{"type":"Polygon","coordinates":[[[-101.55270911716285,31.079301753808583],[-101.56781293310756,31.07933502731688],[-101.56927505442019,31.079340041269184],[-101.56947950379235,31.07933997587319],[-101.56941485114302,31.084699699643735],[-101.55269686144744,31.084387326828125],[-101.55270911716285,31.079301753808583]]]}},{"type":"Feature","properties":{"ABSTRACT_L":"B12--S2","ABSTRACT_N":"B12--S2","LEVEL1_SUR":null,"LEVEL2_BLO":"12","LEVEL3_SUR":"2","Surv_Sect":"2","SHAPE_AREA":770.6705406928343,"owner_count":0.0,"top_owner":"","top_owner_state":"","top_operator":"","max_propensity_score":0.0,"field_name":"Unknown","production_trend":null},"geometry":{"type":"Polygon","coordinates":[[[-101.4925226551852,31.112230713600614],[-101.5018171883584,31.112272152631736],[-101.50164473518005,31.129169969936484],[-101.48437091649566,31.129166476544423],[-101.48425664180837,31.112207676014076],[-101.4925226551852,31.112230713600614]]]}},{"type":"Feature","properties":{"ABSTRACT_L":"B12--S20","ABSTRACT_N":"B12--S20","LEVEL1_SUR":null,"LEVEL2_BLO":"12","LEVEL3_SUR":"20","Surv_Sect":"20","SHAPE_AREA":213.10666615291487,"owner_count":0.0,"top_owner":"","top_owner_state":"","top_operator":"","max_propensity_score":0.0,"field_name":"Unknown","production_trend":null},"geometry":{"type":"Polygon","coordinates":[[[-101.53597849356112,31.07928824067399],[-101.54581591908467,31.079286055676008],[-101.55270911716285,31.079301753808583],[-101.55269686144744,31.084387326828125],[-101.54417196887707,31.08416231307523],[-101.53599735099554,31.083946013735225],[-101.53597849356112,31.07928824067399]]]}},{"type":"Feature","properties":{"ABSTRACT_L":"B12--S21","ABSTRACT_N":"B12--S21","LEVEL1_SUR":null,"LEVEL2_BLO":"12","LEVEL3_SUR":"21","Surv_Sect":"21","SHAPE_AREA":197.33769658789237,"owner_count":0.0,"top_owner":"","top_owner_state":"","top_operator":"","max_propensity_score":0.0,"field_name":"Unknown","production_trend":null},"geometry":{"type":"Polygon","coordinates":[[[-101.53097407882629,31.07928906312575],[-101.53597849356112,31.07928824067399],[-101.53599735099554,31.083946013735225],[-101.51907660884538,31.083553303397636],[-101.51908002783337,31.07927985920599],[-101.53097407882629,31.07928906312575]]]}},{"type":"Feature","properties":{"ABSTRACT_L":"B12--S22","ABSTRACT_N":"B12--S22","LEVEL1_SUR":null,"LEVEL2_BLO":"12","LEVEL3_SUR":"22","Surv_Sect":"22","SHAPE_AREA":182.81677728822964,"owner_count":4.0,"top_owner":"REVERENCE OPERATING LLC","top_owner_state":"TX","top_operator":"REVERENCE OPERATING","max_propensity_score":3.0,"field_name":"Unknown","production_trend":null},"geometry":{"type":"Polygon","coordinates":[[[-101.50200078064627,31.079265448218532],[-101.51568397385121,31.079277030248754],[-101.51908002783337,31.07927985920599],[-101.51907660884538,31.083553303397636],[-101.50991212387758,31.08333855595435],[-101.50195528816366,31.083191561747892],[-101.50200078064627,31.079265448218532]]]}},{"type":"Feature","properties":{"ABSTRACT_L":"B12--S23","ABSTRACT_N":"B12--S23","LEVEL1_SUR":null,"LEVEL2_BLO":"12","LEVEL3_SUR":"23","Surv_Sect":"23","SHAPE_AREA":181.80994659177335,"owner_count":11.0,"top_owner":"SILVERTIP ENERGY INC","top_owner_state":"WY","top_operator":"REVERENCE OPERATING","max_propensity_score":6.0,"field_name":"Unknown","production_trend":null},"geometry":{"type":"Polygon","coordinates":[[[-101.50195528816366,31.083191561747892],[-101.49233221234498,31.08308227934331],[-101.48368856608732,31.083036970129758],[-101.48377960944305,31.079293455433216],[-101.4859289221851,31.079289063895075],[-101.48813798367333,31.079313967483255],[-101.50039503848265,31.079263993348047],[-101.50200078064627,31.079265448218532],[-101.50195528816366,31.083191561747892]]]}},{"type":"Feature","properties":{"ABSTRACT_L":"B12--S24","ABSTRACT_N":"B12--S24","LEVEL1_SUR":null,"LEVEL2_BLO":"12","LEVEL3_SUR":"24","Surv_Sect":"24","SHAPE_AREA":151.59611108134985,"owner_count":0.0,"top_owner":"","top_owner_state":"","top_operator":"","max_propensity_score":0.0,"field_name":"Unknown","production_trend":null},"geometry":{"type":"Polygon","coordinates":[[[-101.46802738952626,31.079320918698343],[-101.48377960944305,31.079293455433216],[-101.48368856608732,31.083036970129758],[-101.4762875198363,31.08298757956958],[-101.46797345198165,31.082963259331027],[-101.46802738952626,31.079320918698343]]]}},{"type":"Feature","properties":{"ABSTRACT_L":"B12--S3","ABSTRACT_N":"B12--S3","LEVEL1_SUR":null,"LEVEL2_BLO":"12","LEVEL3_SUR":"3","Surv_Sect":"3","SHAPE_AREA":763.7182920891527,"owner_count":0.0,"top_owner":"","top_owner_state":"","top_operator":"","max_propensity_score":0.0,"field_name":"Unknown","production_trend":null},"geometry":{"type":"Polygon","coordinates":[[[-101.51907827881351,31.11218970217045],[-101.51891052562071,31.129154050125656],[-101.50722211696265,31.12916175358272],[-101.50164473518005,31.129169969936484],[-101.5018171883584,31.112272152631736],[-101.51907827881351,31.11218970217045]]]}},{"type":"Feature","properties":{"ABSTRACT_L":"B12--S4","ABSTRACT_N":"B12--S4","LEVEL1_SUR":null,"LEVEL2_BLO":"12","LEVEL3_SUR":"4","Surv_Sect":"4","SHAPE_AREA":757.3029235888007,"owner_count":0.0,"top_owner":"","top_owner_state":"","top_operator":"","max_propensity_score":0.0,"field_name":"Unknown","production_trend":null},"geometry":{"type":"Polygon","coordinates":[[[-101.52717771399396,31.11218493452521],[-101.53602477117128,31.11217914551601],[-101.53603972542582,31.119737199676063],[-101.53603423402448,31.12913451772994],[-101.52704258042576,31.129237750021613],[-101.51891052562071,31.129154050125656],[-101.51907827881351,31.11218970217045],[-101.52717771399396,31.11218493452521]]]}},{"type":"Feature","properties":{"ABSTRACT_L":"B12--S5","ABSTRACT_N":"B12--S5","LEVEL1_SUR":null,"LEVEL2_BLO":"12","LEVEL3_SUR":"5","Surv_Sect":"5","SHAPE_AREA":741.448298336915,"owner_count":0.0,"top_owner":"","top_owner_state":"","top_operator":"","max_propensity_score":0.0,"field_name":"Unknown","production_trend":null},"geometry":{"type":"Polygon","coordinates":[[[-101.53603972542582,31.119737199676063],[-101.53602477117128,31.11217914551601],[-101.55278328836091,31.11240591567042],[-101.55282081548191,31.119996924190957],[-101.55285229694104,31.1292566072486],[-101.53603423402448,31.12913451772994],[-101.53603972542582,31.119737199676063]]]}},{"type":"Feature","properties":{"ABSTRACT_L":"B12--S6","ABSTRACT_N":"B12--S6","LEVEL1_SUR":null,"LEVEL2_BLO":"12","LEVEL3_SUR":"6","Surv_Sect":"6","SHAPE_AREA":703.2869050567868,"owner_count":0.0,"top_owner":"","top_owner_state":"","top_operator":"","max_propensity_score":0.0,"field_name":"Unknown","production_trend":null},"geometry":{"type":"Polygon","coordinates":[[[-101.56899072685299,31.112654401460844],[-101.56891729317178,31.129167247812802],[-101.55285229694104,31.1292566072486],[-101.55282081548191,31.119996924190957],[-101.55278328836091,31.11240591567042],[-101.56899072685299,31.112654401460844]]]}},{"type":"Feature","properties":{"ABSTRACT_L":"B12--S7","ABSTRACT_N":"B12--S7","LEVEL1_SUR":null,"LEVEL2_BLO":"12","LEVEL3_SUR":"7","Surv_Sect":"7","SHAPE_AREA":624.9366441991464,"owner_count":0.0,"top_owner":"","top_owner_state":"","top_operator":"","max_propensity_score":0.0,"field_name":"Unknown","production_trend":null},"geometry":{"type":"Polygon","coordinates":[[[-101.56925851913074,31.09802783246581],[-101.56899072685299,31.112654401460844],[-101.55278328836091,31.11240591567042],[-101.55280930357156,31.097750004349397],[-101.56925851913074,31.09802783246581]]]}},{"type":"Feature","properties":{"ABSTRACT_L":"B12--S8","ABSTRACT_N":"B12--S8","LEVEL1_SUR":null,"LEVEL2_BLO":"12","LEVEL3_SUR":"8","Surv_Sect":"8","SHAPE_AREA":641.1209527557547,"owner_count":0.0,"top_owner":"","top_owner_state":"","top_operator":"","max_propensity_score":0.0,"field_name":"Unknown","production_trend":null},"geometry":{"type":"Polygon","coordinates":[[[-101.55278328836091,31.11240591567042],[-101.53602477117128,31.11217914551601],[-101.53600977200098,31.09759665947155],[-101.54437404939182,31.097673282711558],[-101.55280930357156,31.097750004349397],[-101.55278328836091,31.11240591567042]]]}},{"type":"Feature","properties":{"ABSTRACT_L":"B12--S9","ABSTRACT_N":"B12--S9","LEVEL1_SUR":null,"LEVEL2_BLO":"12","LEVEL3_SUR":"9","Surv_Sect":"9","SHAPE_AREA":642.7404251687183,"owner_count":2.0,"top_owner":"REVERENCE OPERATING LLC","top_owner_state":"TX","top_operator":"REVERENCE OPERATING","max_propensity_score":2.0,"field_name":"Unknown","production_trend":null},"geometry":{"type":"Polygon","coordinates":[[[-101.52741978930176,31.097633314205908],[-101.53600977200098,31.09759665947155],[-101.53602477117128,31.11217914551601],[-101.52717771399396,31.11218493452521],[-101.51907827881351,31.11218970217045],[-101.51915792614155,31.09766802742323],[-101.52741978930176,31.097633314205908]]]}},{"type":"Feature","properties":{"ABSTRACT_L":"B2--S1","ABSTRACT_N":"B2--S1","LEVEL1_SUR":null,"LEVEL2_BLO":"2","LEVEL3_SUR":"1","Surv_Sect":"1","SHAPE_AREA":711.3037698316704,"owner_count":0.0,"top_owner":"","top_owner_state":"","top_operator":"","max_propensity_score":0.0,"field_name":"Unknown","production_trend":null},"geometry":{"type":"Polygon","coordinates":[[[-101.6784925419721,31.21501991249983],[-101.68772063305194,31.215211665046255],[-101.68752668947702,31.230498369077342],[-101.67838463903512,31.230424837409185],[-101.66985194190157,31.230355620326996],[-101.67001313829108,31.21484313153761],[-101.6784925419721,31.21501991249983]]]}},{"type":"Feature","properties":{"ABSTRACT_L":"B2--S10","ABSTRACT_N":"B2--S10","LEVEL1_SUR":"UNIVERSITY LAND SEC 10","LEVEL2_BLO":"2","LEVEL3_SUR":"10","Surv_Sect":"10","SHAPE_AREA":641.4577840263662,"owner_count":2.0,"top_owner":"PIONEER NATURAL RES INC WI","top_owner_state":"TX","top_operator":"PIONEER NAT RES USA","max_propensity_score":1.0,"field_name":"Unknown","production_trend":null},"geometry":{"type":"Polygon","coordinates":[[[-101.7128624126276,31.230627095255294],[-101.72171954620748,31.230695042407522],[-101.72149398822279,31.245194050555178],[-101.71256455194064,31.245078230073442],[-101.70453586268208,31.244973561887353],[-101.70467673109503,31.230563756116787],[-101.7128624126276,31.230627095255294]]]}},{"type":"Feature","properties":{"ABSTRACT_L":"A-33","ABSTRACT_N":"33","LEVEL1_SUR":"T&P SEC 100","LEVEL2_BLO":"2","LEVEL3_SUR":"100","Surv_Sect":"100","SHAPE_AREA":631.0277714576016,"owner_count":9.0,"top_owner":"BODINE JAYNELL C LIFE ESTATE","top_owner_state":"TX","top_operator":"CRESCENT ENERGY OP","max_propensity_score":5.0,"field_name":"Unknown","production_trend":null},"geometry":{"type":"Polygon","coordinates":[[[-101.34204956479795,31.60823475265474],[-101.34175624509476,31.622878709294906],[-101.3252654680806,31.622779799799897],[-101.32537069583466,31.608155227030455],[-101.34204956479795,31.60823475265474]]]}},{"type":"Feature","properties":{"ABSTRACT_L":"B2--S101","ABSTRACT_N":"B2--S101","LEVEL1_SUR":null,"LEVEL2_BLO":"2","LEVEL3_SUR":"101","Surv_Sect":"101","SHAPE_AREA":637.2807508667942,"owner_count":0.0,"top_owner":"","top_owner_state":"","top_operator":"","max_propensity_score":0.0,"field_name":"Unknown","production_trend":null},"geometry":{"type":"Polygon","coordinates":[[[-101.34234886009443,31.593768309877177],[-101.34204956479795,31.60823475265474],[-101.32537069583466,31.608155227030455],[-101.32535323258554,31.59351141423533],[-101.34234886009443,31.593768309877177]]]}},{"type":"Feature","properties":{"ABSTRACT_L":"B2--S102","ABSTRACT_N":"B2--S102","LEVEL1_SUR":null,"LEVEL2_BLO":"2","LEVEL3_SUR":"102","Surv_Sect":"102","SHAPE_AREA":642.5368928168493,"owner_count":0.0,"top_owner":"","top_owner_state":"","top_operator":"","max_propensity_score":0.0,"field_name":"Unknown","production_trend":null},"geometry":{"type":"Polygon","coordinates":[[[-101.34255663772468,31.579192142914206],[-101.34234886009443,31.593768309877177],[-101.32535323258554,31.59351141423533],[-101.32554909855516,31.579027568638537],[-101.34255663772468,31.579192142914206]]]}},{"type":"Feature","properties":{"ABSTRACT_L":"A-624","ABSTRACT_N":"624","LEVEL1_SUR":"T&P RR","LEVEL2_BLO":"2","LEVEL3_SUR":"103","Surv_Sect":"103","SHAPE_AREA":642.484923561864,"owner_count":4.0,"top_owner":"MILLER FAMILY TRUST THE","top_owner_state":"CA","top_operator":"CRESCENT ENERGY OP","max_propensity_score":4.0,"field_name":"Unknown","production_trend":null},"geometry":{"type":"Polygon","coordinates":[[[-101.33413753255883,31.564573769296288],[-101.34276838231526,31.564675310856387],[-101.34255663772468,31.579192142914206],[-101.32554909855516,31.579027568638537],[-101.32579154846046,31.56447502520298],[-101.33413753255883,31.564573769296288]]]}},{"type":"Feature","properties":{"ABSTRACT_L":"B2--S104","ABSTRACT_N":"B2--S104","LEVEL1_SUR":null,"LEVEL2_BLO":"2","LEVEL3_SUR":"104","Surv_Sect":"104","SHAPE_AREA":640.9523465362462,"owner_count":0.0,"top_owner":"","top_owner_state":"","top_operator":"","max_propensity_score":0.0,"field_name":"Unknown","production_trend":null},"geometry":{"type":"Polygon","coordinates":[[[-101.32579154846046,31.56447502520298],[-101.3258992672428,31.55693212421977],[-101.32599770912321,31.550040377423933],[-101.34312678046922,31.550219028864714],[-101.34276838231526,31.564675310856387],[-101.33413753255883,31.564573769296288],[-101.32579154846046,31.56447502520298]]]}},{"type":"Feature","properties":{"ABSTRACT_L":"B2--S105","ABSTRACT_N":"B2--S105","LEVEL1_SUR":null,"LEVEL2_BLO":"2","LEVEL3_SUR":"105","Surv_Sect":"105","SHAPE_AREA":647.7057803745287,"owner_count":0.0,"top_owner":"","top_owner_state":"","top_operator":"","max_propensity_score":0.0,"field_name":"Unknown","production_trend":null},"geometry":{"type":"Polygon","coordinates":[[[-101.3432051548845,31.535538339789497],[-101.34312678046922,31.550219028864714],[-101.32599770912321,31.550040377423933],[-101.32608221903189,31.542530714260373],[-101.32622667801104,31.535555779727435],[-101.3432051548845,31.535538339789497]]]}},{"type":"Feature","properties":{"ABSTRACT_L":"B2--S106","ABSTRACT_N":"B2--S106","LEVEL1_SUR":null,"LEVEL2_BLO":"2","LEVEL3_SUR":"106","Surv_Sect":"106","SHAPE_AREA":639.7405169786541,"owner_count":0.0,"top_owner":"","top_owner_state":"","top_operator":"","max_propensity_score":0.0,"field_name":"Unknown","production_trend":null},"geometry":{"type":"Polygon","coordinates":[[[-101.34344080005151,31.521094866555625],[-101.3432051548845,31.535538339789497],[-101.32622667801104,31.535555779727435],[-101.32641620995956,31.52107828846808],[-101.34344080005151,31.521094866555625]]]}},{"type":"Feature","properties":{"ABSTRACT_L":"A-626","ABSTRACT_N":"626","LEVEL1_SUR":"T&PRR","LEVEL2_BLO":"2","LEVEL3_SUR":"107","Surv_Sect":"107","SHAPE_AREA":654.276394590808,"owner_count":19.0,"top_owner":"ADAIR JANET REV LIVING TRUST","top_owner_state":"OK","top_operator":"PERMIAN RESOURCES OP","max_propensity_score":7.0,"field_name":"Unknown","production_trend":null},"geometry":{"type":"Polygon","coordinates":[[[-101.34364426217515,31.50642721914552],[-101.34356429145363,31.513284910777298],[-101.34344080005151,31.521094866555625],[-101.32641620995956,31.52107828846808],[-101.32650792884839,31.51341338417333],[-101.32650820822442,31.512790902629543],[-101.32662873788107,31.506240175558517],[-101.34364426217515,31.50642721914552]]]}},{"type":"Feature","properties":{"ABSTRACT_L":"B2--S108","ABSTRACT_N":"B2--S108","LEVEL1_SUR":null,"LEVEL2_BLO":"2","LEVEL3_SUR":"108","Surv_Sect":"108","SHAPE_AREA":640.6981681485225,"owner_count":0.0,"top_owner":"","top_owner_state":"","top_operator":"","max_propensity_score":0.0,"field_name":"Unknown","production_trend":null},"geometry":{"type":"Polygon","coordinates":[[[-101.32662873788107,31.506240175558517],[-101.32678247466046,31.50014167623454],[-101.32692737022084,31.491669406423462],[-101.33159120039382,31.491749382979012],[-101.34382780685233,31.491984900810554],[-101.34375557511694,31.50015140058965],[-101.34364426217515,31.50642721914552],[-101.32662873788107,31.506240175558517]]]}},{"type":"Feature","properties":{"ABSTRACT_L":"B2--S109","ABSTRACT_N":"B2--S109","LEVEL1_SUR":null,"LEVEL2_BLO":"2","LEVEL3_SUR":"109","Surv_Sect":"109","SHAPE_AREA":641.9811702383982,"owner_count":0.0,"top_owner":"","top_owner_state":"","top_operator":"","max_propensity_score":0.0,"field_name":"Unknown","production_trend":null},"geometry":{"type":"Polygon","coordinates":[[[-101.34364426217515,31.50642721914552],[-101.34375557511694,31.50015140058965],[-101.34382780685233,31.491984900810554],[-101.35933951812315,31.492359334963187],[-101.36110855154755,31.49235102920016],[-101.3609593027513,31.500151379143357],[-101.36083593082513,31.50659245682954],[-101.352319768981,31.506510729132838],[-101.34364426217515,31.50642721914552]]]}},{"type":"Feature","properties":{"ABSTRACT_L":"B2--S11","ABSTRACT_N":"B2--S11","LEVEL1_SUR":null,"LEVEL2_BLO":"2","LEVEL3_SUR":"11","Surv_Sect":"11","SHAPE_AREA":641.8698860261243,"owner_count":0.0,"top_owner":"","top_owner_state":"","top_operator":"","max_propensity_score":0.0,"field_name":"Unknown","production_trend":null},"geometry":{"type":"Polygon","coordinates":[[[-101.70160521776378,31.23055221329969],[-101.70467673109503,31.230563756116787],[-101.70453586268208,31.244973561887353],[-101.69632494028666,31.244831448658747],[-101.68727904910604,31.244674275040538],[-101.68752668947702,31.230498369077342],[-101.70160521776378,31.23055221329969]]]}},{"type":"Feature","properties":{"ABSTRACT_L":"A-424","ABSTRACT_N":"424","LEVEL1_SUR":"T&P RR","LEVEL2_BLO":"2","LEVEL3_SUR":"110","Surv_Sect":"110","SHAPE_AREA":653.6336633650452,"owner_count":33.0,"top_owner":"MORGAN DEBRA LYNN REVOC TRUST","top_owner_state":"OK","top_operator":"CRESCENT ENERGY OP","max_propensity_score":6.0,"field_name":"Unknown","production_trend":null},"geometry":{"type":"Polygon","coordinates":[[[-101.352319768981,31.506510729132838],[-101.36083593082513,31.50659245682954],[-101.36060184782838,31.521178279967657],[-101.35168681243854,31.521135187233583],[-101.34344080005151,31.521094866555625],[-101.34356429145363,31.513284910777298],[-101.34364426217515,31.50642721914552],[-101.352319768981,31.506510729132838]]]}},{"type":"Feature","properties":{"ABSTRACT_L":"A-628","ABSTRACT_N":"628","LEVEL1_SUR":"BLK 2 SEC 111 A-628","LEVEL2_BLO":"2","LEVEL3_SUR":"111","Surv_Sect":"111","SHAPE_AREA":648.0156804578281,"owner_count":198.0,"top_owner":"JONES-WALKER MINERAL COMPANY","top_owner_state":"OK","top_operator":"CRESCENT ENERGY OP","max_propensity_score":6.0,"field_name":"Unknown","production_trend":null},"geometry":{"type":"Polygon","coordinates":[[[-101.34344080005151,31.521094866555625],[-101.35168681243854,31.521135187233583],[-101.36060184782838,31.521178279967657],[-101.36035265067699,31.53575673308749],[-101.3521530677154,31.535656061987062],[-101.35053217546452,31.535643467851333],[-101.3432051548845,31.535538339789497],[-101.34344080005151,31.521094866555625]]]}},{"type":"Feature","properties":{"ABSTRACT_L":"A-204","ABSTRACT_N":"204","LEVEL1_SUR":"BLK 2 SEC 112 A-204","LEVEL2_BLO":"2","LEVEL3_SUR":"112","Surv_Sect":"112","SHAPE_AREA":651.7475368104567,"owner_count":300.0,"top_owner":"JONES-WALKER MINERAL COMPANY","top_owner_state":"OK","top_operator":"CRESCENT ENERGY OP","max_propensity_score":6.0,"field_name":"Unknown","production_trend":null},"geometry":{"type":"Polygon","coordinates":[[[-101.36035265067699,31.53575673308749],[-101.36027019791032,31.541918357298513],[-101.36012801795705,31.55043820233636],[-101.35036321763093,31.55028691662876],[-101.34312678046922,31.550219028864714],[-101.3432051548845,31.535538339789497],[-101.35053217546452,31.535643467851333],[-101.3521530677154,31.535656061987062],[-101.36035265067699,31.53575673308749]]]}},{"type":"Feature","properties":{"ABSTRACT_L":"A-629","ABSTRACT_N":"629","LEVEL1_SUR":"BLK 2 SEC 113 A-629","LEVEL2_BLO":"2","LEVEL3_SUR":"113","Surv_Sect":"113","SHAPE_AREA":641.9584499570584,"owner_count":632.0,"top_owner":"BROADMOOR LAND & MINERALS LLC","top_owner_state":"MS","top_operator":"CRESCENT ENERGY OP","max_propensity_score":9.0,"field_name":"Unknown","production_trend":null},"geometry":{"type":"Polygon","coordinates":[[[-101.35036321763093,31.55028691662876],[-101.36012801795705,31.55043820233636],[-101.3599220225843,31.564850892541664],[-101.34276838231526,31.564675310856387],[-101.34312678046922,31.550219028864714],[-101.35036321763093,31.55028691662876]]]}},{"type":"Feature","properties":{"ABSTRACT_L":"A-867","ABSTRACT_N":"867","LEVEL1_SUR":"T&P","LEVEL2_BLO":"2","LEVEL3_SUR":"114","Surv_Sect":"114","SHAPE_AREA":646.293241906204,"owner_count":67.0,"top_owner":"MFK RIGHTS LLC","top_owner_state":"PA","top_operator":"CRESCENT ENERGY OP","max_propensity_score":8.0,"field_name":"Unknown","production_trend":null},"geometry":{"type":"Polygon","coordinates":[[[-101.3599220225843,31.564850892541664],[-101.35960677410671,31.579387426405816],[-101.34255663772468,31.579192142914206],[-101.34276838231526,31.564675310856387],[-101.3599220225843,31.564850892541664]]]}},{"type":"Feature","properties":{"ABSTRACT_L":"B2--S115","ABSTRACT_N":"B2--S115","LEVEL1_SUR":null,"LEVEL2_BLO":"2","LEVEL3_SUR":"115","Surv_Sect":"115","SHAPE_AREA":643.8846184426379,"owner_count":0.0,"top_owner":"","top_owner_state":"","top_operator":"","max_propensity_score":0.0,"field_name":"Unknown","production_trend":null},"geometry":{"type":"Polygon","coordinates":[[[-101.35960677410671,31.579387426405816],[-101.35932260104971,31.593914629493778],[-101.34234886009443,31.593768309877177],[-101.34255663772468,31.579192142914206],[-101.35960677410671,31.579387426405816]]]}},{"type":"Feature","properties":{"ABSTRACT_L":"B2--S116","ABSTRACT_N":"B2--S116","LEVEL1_SUR":null,"LEVEL2_BLO":"2","LEVEL3_SUR":"116","Surv_Sect":"116","SHAPE_AREA":640.931586438352,"owner_count":0.0,"top_owner":"","top_owner_state":"","top_operator":"","max_propensity_score":0.0,"field_name":"Unknown","production_trend":null},"geometry":{"type":"Polygon","coordinates":[[[-101.35907911808185,31.608439367027447],[-101.34204956479795,31.60823475265474],[-101.34234886009443,31.593768309877177],[-101.35932260104971,31.593914629493778],[-101.35907911808185,31.608439367027447]]]}},{"type":"Feature","properties":{"ABSTRACT_L":"B2--S117","ABSTRACT_N":"B2--S117","LEVEL1_SUR":null,"LEVEL2_BLO":"2","LEVEL3_SUR":"117","Surv_Sect":"117","SHAPE_AREA":640.5860231735005,"owner_count":0.0,"top_owner":"","top_owner_state":"","top_operator":"","max_propensity_score":0.0,"field_name":"Unknown","production_trend":null},"geometry":{"type":"Polygon","coordinates":[[[-101.34204956479795,31.60823475265474],[-101.35907911808185,31.608439367027447],[-101.3582800540602,31.623154063504273],[-101.34175624509476,31.622878709294906],[-101.34204956479795,31.60823475265474]]]}},{"type":"Feature","properties":{"ABSTRACT_L":"A-32","ABSTRACT_N":"32","LEVEL1_SUR":"T&P RR","LEVEL2_BLO":"2","LEVEL3_SUR":"118","Surv_Sect":"118","SHAPE_AREA":614.3481349411011,"owner_count":1.0,"top_owner":"HANNATHON PETROLEUM II LLC","top_owner_state":"TX","top_operator":"HANNATHON PETRO II","max_propensity_score":1.0,"field_name":"Unknown","production_trend":null},"geometry":{"type":"Polygon","coordinates":[[[-101.3582800540602,31.623154063504273],[-101.35753681224864,31.637599001783364],[-101.35637362690638,31.63759680754269],[-101.35194497028489,31.637515058464754],[-101.34291123241175,31.637403701922334],[-101.34142318751664,31.637381686809892],[-101.34170023873006,31.62514786105201],[-101.34175624509476,31.622878709294906],[-101.3582800540602,31.623154063504273]]]}},{"type":"Feature","properties":{"ABSTRACT_L":"B2--S12","ABSTRACT_N":"B2--S12","LEVEL1_SUR":"UL","LEVEL2_BLO":"2","LEVEL3_SUR":"12","Surv_Sect":"12","SHAPE_AREA":649.6131767823256,"owner_count":7.0,"top_owner":"ENERGY MANAGEMENT COMPANY","top_owner_state":"UT","top_operator":"PERMIAN RESOURCES OP","max_propensity_score":4.0,"field_name":"Unknown","production_trend":null},"geometry":{"type":"Polygon","coordinates":[[[-101.67838463903512,31.230424837409185],[-101.68752668947702,31.230498369077342],[-101.68727904910604,31.244674275040538],[-101.66975939746101,31.24446343693519],[-101.66985194190157,31.230355620326996],[-101.67838463903512,31.230424837409185]]]}},{"type":"Feature","properties":{"ABSTRACT_L":"B2--S127","ABSTRACT_N":"B2--S127","LEVEL1_SUR":null,"LEVEL2_BLO":"2","LEVEL3_SUR":"127","Surv_Sect":"127","SHAPE_AREA":651.401438177074,"owner_count":0.0,"top_owner":"","top_owner_state":"","top_operator":"","max_propensity_score":0.0,"field_name":"Unknown","production_trend":null},"geometry":{"type":"Polygon","coordinates":[[[-101.36721514972865,31.623188843291462],[-101.37521796750704,31.623273436724123],[-101.37503464740867,31.637906770104212],[-101.36989545843177,31.637815276874303],[-101.35782325085675,31.637599540974612],[-101.35753681224864,31.637599001783364],[-101.3582800540602,31.623154063504273],[-101.35886087597682,31.623163703139568],[-101.36721514972865,31.623188843291462]]]}},{"type":"Feature","properties":{"ABSTRACT_L":"B2--S128","ABSTRACT_N":"B2--S128","LEVEL1_SUR":null,"LEVEL2_BLO":"2","LEVEL3_SUR":"128","Surv_Sect":"128","SHAPE_AREA":634.4347784730022,"owner_count":13.0,"top_owner":"BODINE JAYNELL C LIFE ESTATE","top_owner_state":"TX","top_operator":"DIAMONDBACK E&P LLC","max_propensity_score":7.0,"field_name":"Unknown","production_trend":null},"geometry":{"type":"Polygon","coordinates":[[[-101.35886087597682,31.623163703139568],[-101.3582800540602,31.623154063504273],[-101.35907911808185,31.608439367027447],[-101.3677532567535,31.608537496111694],[-101.37540159303256,31.608623495249862],[-101.37521796750704,31.623273436724123],[-101.36721514972865,31.623188843291462],[-101.35886087597682,31.623163703139568]]]}},{"type":"Feature","properties":{"ABSTRACT_L":"B2--S129","ABSTRACT_N":"B2--S129","LEVEL1_SUR":null,"LEVEL2_BLO":"2","LEVEL3_SUR":"129","Surv_Sect":"129","SHAPE_AREA":643.7104769576698,"owner_count":0.0,"top_owner":"","top_owner_state":"","top_operator":"","max_propensity_score":0.0,"field_name":"Unknown","production_trend":null},"geometry":{"type":"Polygon","coordinates":[[[-101.37635502445093,31.59411080033473],[-101.37613453745602,31.608621180978197],[-101.37540159303256,31.608623495249862],[-101.3677532567535,31.608537496111694],[-101.35907911808185,31.608439367027447],[-101.35932260104971,31.593914629493778],[-101.37635502445093,31.59411080033473]]]}},{"type":"Feature","properties":{"ABSTRACT_L":"A-460","ABSTRACT_N":"460","LEVEL1_SUR":"T&P","LEVEL2_BLO":"2","LEVEL3_SUR":"13","Surv_Sect":"13","SHAPE_AREA":676.3724556634604,"owner_count":123.0,"top_owner":"BLADINE INVESTMENTS LLC","top_owner_state":"OR","top_operator":"PERMIAN RESOURCES OP","max_propensity_score":8.0,"field_name":"Unknown","production_trend":null},"geometry":{"type":"Polygon","coordinates":[[[-101.67829933681237,31.259285142848658],[-101.66950286287037,31.25915312301561],[-101.66962695614373,31.252044674120487],[-101.66975939746101,31.24446343693519],[-101.68727904910604,31.244674275040538],[-101.68723896807468,31.25216544402552],[-101.68719992369917,31.259418110090344],[-101.67829933681237,31.259285142848658]]]}},{"type":"Feature","properties":{"ABSTRACT_L":"A-868","ABSTRACT_N":"868","LEVEL1_SUR":"T&P RR","LEVEL2_BLO":"2","LEVEL3_SUR":"130","Surv_Sect":"130","SHAPE_AREA":640.863009991268,"owner_count":721.0,"top_owner":"MUGG TREVA LIFE ESTATE","top_owner_state":"OK","top_operator":"CRESCENT ENERGY OP","max_propensity_score":10.0,"field_name":"Unknown","production_trend":null},"geometry":{"type":"Polygon","coordinates":[[[-101.37640022048951,31.58708535173729],[-101.37635502445093,31.59411080033473],[-101.35932260104971,31.593914629493778],[-101.35960677410671,31.579387426405816],[-101.36848400030453,31.579501318883477],[-101.37655160907276,31.579572891620728],[-101.37640022048951,31.58708535173729]]]}},{"type":"Feature","properties":{"ABSTRACT_L":"A-636","ABSTRACT_N":"636","LEVEL1_SUR":"T&PRR","LEVEL2_BLO":"2","LEVEL3_SUR":"131","Surv_Sect":"131","SHAPE_AREA":639.056669622759,"owner_count":348.0,"top_owner":"THOMPSON ROYALTY CO LLC","top_owner_state":"NM","top_operator":"CRESCENT ENERGY OP","max_propensity_score":8.0,"field_name":"Unknown","production_trend":null},"geometry":{"type":"Polygon","coordinates":[[[-101.37679732794739,31.565072923343696],[-101.37655160907276,31.579572891620728],[-101.36848400030453,31.579501318883477],[-101.35960677410671,31.579387426405816],[-101.3599220225843,31.564850892541664],[-101.37679732794739,31.565072923343696]]]}},{"type":"Feature","properties":{"ABSTRACT_L":"A-440","ABSTRACT_N":"440","LEVEL1_SUR":"T&PRR","LEVEL2_BLO":"2","LEVEL3_SUR":"132","Surv_Sect":"132","SHAPE_AREA":636.826340689859,"owner_count":492.0,"top_owner":"MUGG TREVA LIFE ESTATE","top_owner_state":"OK","top_operator":"CRESCENT ENERGY OP","max_propensity_score":10.0,"field_name":"Unknown","production_trend":null},"geometry":{"type":"Polygon","coordinates":[[[-101.37539333392183,31.55051948051462],[-101.37700585028102,31.550521803119032],[-101.37695187680382,31.55828186367674],[-101.37679732794739,31.565072923343696],[-101.3599220225843,31.564850892541664],[-101.36012801795705,31.55043820233636],[-101.37539333392183,31.55051948051462]]]}},{"type":"Feature","properties":{"ABSTRACT_L":"B2--S133","ABSTRACT_N":"B2--S133","LEVEL1_SUR":null,"LEVEL2_BLO":"2","LEVEL3_SUR":"133","Surv_Sect":"133","SHAPE_AREA":642.9569484276304,"owner_count":0.0,"top_owner":"","top_owner_state":"","top_operator":"","max_propensity_score":0.0,"field_name":"Unknown","production_trend":null},"geometry":{"type":"Polygon","coordinates":[[[-101.37712085350202,31.53587577268581],[-101.37712652007482,31.54313632162612],[-101.37700585028102,31.550521803119032],[-101.37539333392183,31.55051948051462],[-101.36012801795705,31.55043820233636],[-101.36027019791032,31.541918357298513],[-101.36035265067699,31.53575673308749],[-101.37712085350202,31.53587577268581]]]}},{"type":"Feature","properties":{"ABSTRACT_L":"B2--S134","ABSTRACT_N":"B2--S134","LEVEL1_SUR":null,"LEVEL2_BLO":"2","LEVEL3_SUR":"134","Surv_Sect":"134","SHAPE_AREA":635.9626769568385,"owner_count":0.0,"top_owner":"","top_owner_state":"","top_operator":"","max_propensity_score":0.0,"field_name":"Unknown","production_trend":null},"geometry":{"type":"Polygon","coordinates":[[[-101.36864268051295,31.521262286773396],[-101.37737873736219,31.52132414911542],[-101.37727619018094,31.52857140746223],[-101.37712085350202,31.53587577268581],[-101.36035265067699,31.53575673308749],[-101.36060184782838,31.521178279967657],[-101.36864268051295,31.521262286773396]]]}},{"type":"Feature","properties":{"ABSTRACT_L":"A-638","ABSTRACT_N":"638","LEVEL1_SUR":"T&PRR","LEVEL2_BLO":"2","LEVEL3_SUR":"135","Surv_Sect":"135","SHAPE_AREA":633.7161673064182,"owner_count":70.0,"top_owner":"MORGAN DEBRA LYNN REVOC TRUST","top_owner_state":"OK","top_operator":"CRESCENT ENERGY OP","max_propensity_score":6.0,"field_name":"Unknown","production_trend":null},"geometry":{"type":"Polygon","coordinates":[[[-101.36060184782838,31.521178279967657],[-101.36083593082513,31.50659245682954],[-101.36855950909404,31.506676821396862],[-101.37537504691761,31.506798427770555],[-101.3775582279425,31.506755413417935],[-101.37741709722147,31.513085420054523],[-101.37737873736219,31.52132414911542],[-101.36864268051295,31.521262286773396],[-101.36060184782838,31.521178279967657]]]}},{"type":"Feature","properties":{"ABSTRACT_L":"A-425","ABSTRACT_N":"425","LEVEL1_SUR":"T&PRR","LEVEL2_BLO":"2","LEVEL3_SUR":"136","Surv_Sect":"136","SHAPE_AREA":622.7554719031331,"owner_count":33.0,"top_owner":"MORGAN DEBRA LYNN REVOC TRUST","top_owner_state":"OK","top_operator":"CRESCENT ENERGY OP","max_propensity_score":6.0,"field_name":"Unknown","production_trend":null},"geometry":{"type":"Polygon","coordinates":[[[-101.36110855154755,31.49235102920016],[-101.36893191737319,31.492365472173255],[-101.37538981252592,31.492435107877785],[-101.37788886815417,31.49248109630791],[-101.37765019566466,31.50015088511308],[-101.3775582279425,31.506755413417935],[-101.37537504691761,31.506798427770555],[-101.36855950909404,31.506676821396862],[-101.36083593082513,31.50659245682954],[-101.3609593027513,31.500151379143357],[-101.36110855154755,31.49235102920016]]]}},{"type":"Feature","properties":{"ABSTRACT_L":"A-578","ABSTRACT_N":"578","LEVEL1_SUR":"BLK 2 SEC 137 A-578","LEVEL2_BLO":"2","LEVEL3_SUR":"137","Surv_Sect":"137","SHAPE_AREA":641.8295472776688,"owner_count":9.0,"top_owner":"CHS MINERALS LP","top_owner_state":"TX","top_operator":"CRESCENT ENERGY OP","max_propensity_score":4.0,"field_name":"Unknown","production_trend":null},"geometry":{"type":"Polygon","coordinates":[[[-101.39046028929549,31.492376648911083],[-101.39110808510813,31.492373719718884],[-101.39482835814431,31.4924123185597],[-101.39475569970918,31.506381952147233],[-101.39472617028916,31.50694697621419],[-101.38617184441851,31.506831101907757],[-101.3775582279425,31.506755413417935],[-101.37765019566466,31.50015088511308],[-101.37788886815417,31.49248109630791],[-101.39046028929549,31.492376648911083]]]}},{"type":"Feature","properties":{"ABSTRACT_L":"A-423","ABSTRACT_N":"423","LEVEL1_SUR":"T&P","LEVEL2_BLO":"2","LEVEL3_SUR":"138","Surv_Sect":"138","SHAPE_AREA":650.9325592740479,"owner_count":3.0,"top_owner":"PIONEER NATURAL RES INC WI","top_owner_state":"TX","top_operator":"PIONEER NAT RES USA","max_propensity_score":1.0,"field_name":"Unknown","production_trend":null},"geometry":{"type":"Polygon","coordinates":[[[-101.38617184441851,31.506831101907757],[-101.39472617028916,31.50694697621419],[-101.3945036234573,31.521470268440194],[-101.38672808932728,31.521407749934962],[-101.37737873736219,31.52132414911542],[-101.37741709722147,31.513085420054523],[-101.3775582279425,31.506755413417935],[-101.38617184441851,31.506831101907757]]]}},{"type":"Feature","properties":{"ABSTRACT_L":"A-579","ABSTRACT_N":"579","LEVEL1_SUR":"T&P RR","LEVEL2_BLO":"2","LEVEL3_SUR":"139","Surv_Sect":"139","SHAPE_AREA":650.3239731465957,"owner_count":48.0,"top_owner":"KRR LLC","top_owner_state":"TN","top_operator":"PIONEER NAT RES USA","max_propensity_score":8.0,"field_name":"Unknown","production_trend":null},"geometry":{"type":"Polygon","coordinates":[[[-101.3945036234573,31.521470268440194],[-101.39438164481814,31.528812736862164],[-101.39435756547694,31.53607403258717],[-101.37712085350202,31.53587577268581],[-101.37727619018094,31.52857140746223],[-101.37737873736219,31.52132414911542],[-101.38672808932728,31.521407749934962],[-101.3945036234573,31.521470268440194]]]}},{"type":"Feature","properties":{"ABSTRACT_L":"B2--S14","ABSTRACT_N":"B2--S14","LEVEL1_SUR":null,"LEVEL2_BLO":"2","LEVEL3_SUR":"14","Surv_Sect":"14","SHAPE_AREA":666.5379270858148,"owner_count":6.0,"top_owner":"JB MIDLAND I LP","top_owner_state":"TX","top_operator":"BCP RESOURCES","max_propensity_score":3.0,"field_name":"Unknown","production_trend":null},"geometry":{"type":"Polygon","coordinates":[[[-101.68727904910604,31.244674275040538],[-101.69632494028666,31.244831448658747],[-101.70453586268208,31.244973561887353],[-101.70459557998723,31.25228209826868],[-101.70465574824664,31.25966187315352],[-101.6954102064941,31.25953305984185],[-101.68719992369917,31.259418110090344],[-101.68723896807468,31.25216544402552],[-101.68727904910604,31.244674275040538]]]}},{"type":"Feature","properties":{"ABSTRACT_L":"A-202","ABSTRACT_N":"202","LEVEL1_SUR":"T&P RR","LEVEL2_BLO":"2","LEVEL3_SUR":"140","Surv_Sect":"140","SHAPE_AREA":652.8018211348867,"owner_count":5.0,"top_owner":"APACHE CORP WI SAU","top_owner_state":"TX","top_operator":"APACHE CORPORATION","max_propensity_score":2.0,"field_name":"Unknown","production_trend":null},"geometry":{"type":"Polygon","coordinates":[[[-101.39421317836302,31.54329130827882],[-101.39409051790255,31.550730295292],[-101.37700585028102,31.550521803119032],[-101.37712652007482,31.54313632162612],[-101.37712085350202,31.53587577268581],[-101.39435756547694,31.53607403258717],[-101.39421317836302,31.54329130827882]]]}},{"type":"Feature","properties":{"ABSTRACT_L":"A-580","ABSTRACT_N":"580","LEVEL1_SUR":"BLK 2 SEC 141 A-580","LEVEL2_BLO":"2","LEVEL3_SUR":"141","Surv_Sect":"141","SHAPE_AREA":641.636824546608,"owner_count":285.0,"top_owner":"KRR LLC","top_owner_state":"TN","top_operator":"CRESCENT ENERGY OP","max_propensity_score":8.0,"field_name":"Unknown","production_trend":null},"geometry":{"type":"Polygon","coordinates":[[[-101.37679732794739,31.565072923343696],[-101.37695187680382,31.55828186367674],[-101.37700585028102,31.550521803119032],[-101.39409051790255,31.550730295292],[-101.39383105660072,31.55845566239308],[-101.3936593050066,31.565310380339405],[-101.37679732794739,31.565072923343696]]]}},{"type":"Feature","properties":{"ABSTRACT_L":"B2--S142","ABSTRACT_N":"B2--S142","LEVEL1_SUR":null,"LEVEL2_BLO":"2","LEVEL3_SUR":"142","Surv_Sect":"142","SHAPE_AREA":632.9188868432511,"owner_count":0.0,"top_owner":"","top_owner_state":"","top_operator":"","max_propensity_score":0.0,"field_name":"Unknown","production_trend":null},"geometry":{"type":"Polygon","coordinates":[[[-101.3936593050066,31.565310380339405],[-101.39331302422751,31.579752148469883],[-101.37655160907276,31.579572891620728],[-101.37679732794739,31.565072923343696],[-101.3936593050066,31.565310380339405]]]}},{"type":"Feature","properties":{"ABSTRACT_L":"B2--S143","ABSTRACT_N":"B2--S143","LEVEL1_SUR":null,"LEVEL2_BLO":"2","LEVEL3_SUR":"143","Surv_Sect":"143","SHAPE_AREA":633.0203968362792,"owner_count":0.0,"top_owner":"","top_owner_state":"","top_operator":"","max_propensity_score":0.0,"field_name":"Unknown","production_trend":null},"geometry":{"type":"Polygon","coordinates":[[[-101.39331302422751,31.579752148469883],[-101.39308766117723,31.594237103420767],[-101.37635502445093,31.59411080033473],[-101.37640022048951,31.58708535173729],[-101.37655160907276,31.579572891620728],[-101.39331302422751,31.579752148469883]]]}},{"type":"Feature","properties":{"ABSTRACT_L":"B2--S144","ABSTRACT_N":"B2--S144","LEVEL1_SUR":null,"LEVEL2_BLO":"2","LEVEL3_SUR":"144","Surv_Sect":"144","SHAPE_AREA":637.0486141136583,"owner_count":0.0,"top_owner":"","top_owner_state":"","top_operator":"","max_propensity_score":0.0,"field_name":"Unknown","production_trend":null},"geometry":{"type":"Polygon","coordinates":[[[-101.39308766117723,31.594237103420767],[-101.39313663014,31.60880138185482],[-101.38600397983464,31.60870074828209],[-101.37613453745602,31.608621180978197],[-101.37635502445093,31.59411080033473],[-101.39308766117723,31.594237103420767]]]}},{"type":"Feature","properties":{"ABSTRACT_L":"A-582","ABSTRACT_N":"582","LEVEL1_SUR":"BLK 2 SEC 145 A-582","LEVEL2_BLO":"2","LEVEL3_SUR":"145","Surv_Sect":"145","SHAPE_AREA":677.146271406136,"owner_count":420.0,"top_owner":"BOC ENERGY VENTURES LP","top_owner_state":"NY","top_operator":"CRESCENT ENERGY OP","max_propensity_score":7.0,"field_name":"Unknown","production_trend":null},"geometry":{"type":"Polygon","coordinates":[[[-101.39310882728196,31.616464462751356],[-101.39299836684137,31.623555791130972],[-101.38572735262605,31.623297238222573],[-101.37521796750704,31.623273436724123],[-101.37540159303256,31.608623495249862],[-101.37613453745602,31.608621180978197],[-101.38600397983464,31.60870074828209],[-101.39313663014,31.60880138185482],[-101.39310882728196,31.616464462751356]]]}},{"type":"Feature","properties":{"ABSTRACT_L":"A-11","ABSTRACT_N":"11","LEVEL1_SUR":"T&P RR","LEVEL2_BLO":"2","LEVEL3_SUR":"146","Surv_Sect":"146","SHAPE_AREA":677.7132119093683,"owner_count":200.0,"top_owner":"RIDGEROCKTX LLC","top_owner_state":"OK","top_operator":"CRESCENT ENERGY OP","max_propensity_score":8.0,"field_name":"Unknown","production_trend":null},"geometry":{"type":"Polygon","coordinates":[[[-101.39298166716021,31.627465171784632],[-101.39289627420763,31.631263014329452],[-101.39295511026549,31.6348577896017],[-101.39289396643568,31.638045967302823],[-101.38772299686063,31.63800179512271],[-101.38537469470674,31.637986421736805],[-101.37576792241217,31.63792307809816],[-101.37540247517816,31.63791525105686],[-101.37503464740867,31.637906770104212],[-101.37521796750704,31.623273436724123],[-101.38572735262605,31.623297238222573],[-101.39299836684137,31.623555791130972],[-101.39293889208136,31.62514649185837],[-101.39298166716021,31.627465171784632]]]}},{"type":"Feature","properties":{"ABSTRACT_L":"B2--S15","ABSTRACT_N":"B2--S15","LEVEL1_SUR":"UL","LEVEL2_BLO":"2","LEVEL3_SUR":"15","Surv_Sect":"15","SHAPE_AREA":638.9975269494456,"owner_count":24.0,"top_owner":"SIEGENTHALER TUCKER LYNN","top_owner_state":"NM","top_operator":"PERMIAN RESOURCES OP","max_propensity_score":5.0,"field_name":"Unknown","production_trend":null},"geometry":{"type":"Polygon","coordinates":[[[-101.71256455194064,31.245078230073442],[-101.72149398822279,31.245194050555178],[-101.72145051784788,31.250156779128204],[-101.72103313361741,31.259784179098155],[-101.70465574824664,31.25966187315352],[-101.70459557998723,31.25228209826868],[-101.70453586268208,31.244973561887353],[-101.71256455194064,31.245078230073442]]]}},{"type":"Feature","properties":{"ABSTRACT_L":"A-729","ABSTRACT_N":"729","LEVEL1_SUR":"T&P","LEVEL2_BLO":"2","LEVEL3_SUR":"156","Surv_Sect":"156","SHAPE_AREA":649.1496803553167,"owner_count":91.0,"top_owner":"AVM MARITAL TRUST","top_owner_state":"OK","top_operator":"CRESCENT ENERGY OP","max_propensity_score":7.0,"field_name":"Unknown","production_trend":null},"geometry":{"type":"Polygon","coordinates":[[[-101.41011637363803,31.608975314364425],[-101.40999256153735,31.616396550504337],[-101.40989998116419,31.62374756699527],[-101.39299836684137,31.623555791130972],[-101.39310882728196,31.616464462751356],[-101.39313663014,31.60880138185482],[-101.41011637363803,31.608975314364425]]]}},{"type":"Feature","properties":{"ABSTRACT_L":"B2--S157","ABSTRACT_N":"B2--S157","LEVEL1_SUR":null,"LEVEL2_BLO":"2","LEVEL3_SUR":"157","Surv_Sect":"157","SHAPE_AREA":648.155314101582,"owner_count":0.0,"top_owner":"","top_owner_state":"","top_operator":"","max_propensity_score":0.0,"field_name":"Unknown","production_trend":null},"geometry":{"type":"Polygon","coordinates":[[[-101.41038022141338,31.594448417728135],[-101.41011637363803,31.608975314364425],[-101.39313663014,31.60880138185482],[-101.39308766117723,31.594237103420767],[-101.41038022141338,31.594448417728135]]]}},{"type":"Feature","properties":{"ABSTRACT_L":"B2--S158","ABSTRACT_N":"B2--S158","LEVEL1_SUR":null,"LEVEL2_BLO":"2","LEVEL3_SUR":"158","Surv_Sect":"158","SHAPE_AREA":650.8772525258235,"owner_count":0.0,"top_owner":"","top_owner_state":"","top_operator":"","max_propensity_score":0.0,"field_name":"Unknown","production_trend":null},"geometry":{"type":"Polygon","coordinates":[[[-101.41038022141338,31.594448417728135],[-101.39308766117723,31.594237103420767],[-101.39331302422751,31.579752148469883],[-101.40244664308217,31.579855442073672],[-101.41055499583842,31.579951000072757],[-101.41038022141338,31.594448417728135]]]}},{"type":"Feature","properties":{"ABSTRACT_L":"B2--S159","ABSTRACT_N":"B2--S159","LEVEL1_SUR":null,"LEVEL2_BLO":"2","LEVEL3_SUR":"159","Surv_Sect":"159","SHAPE_AREA":644.7965927448006,"owner_count":0.0,"top_owner":"","top_owner_state":"","top_operator":"","max_propensity_score":0.0,"field_name":"Unknown","production_trend":null},"geometry":{"type":"Polygon","coordinates":[[[-101.41073080422437,31.565496958134812],[-101.41055499583842,31.579951000072757],[-101.40244664308217,31.579855442073672],[-101.39331302422751,31.579752148469883],[-101.3936593050066,31.565310380339405],[-101.41073080422437,31.565496958134812]]]}},{"type":"Feature","properties":{"ABSTRACT_L":"B2--S16","ABSTRACT_N":"B2--S16","LEVEL1_SUR":null,"LEVEL2_BLO":"2","LEVEL3_SUR":"16","Surv_Sect":"16","SHAPE_AREA":658.886900251121,"owner_count":3.0,"top_owner":"JAY MANAGEMENT COMPANY LLC","top_owner_state":"TX","top_operator":"JAY MANAGEMENT CO","max_propensity_score":2.0,"field_name":"Unknown","production_trend":null},"geometry":{"type":"Polygon","coordinates":[[[-101.72980815129885,31.245330713379882],[-101.73874999062014,31.245477092960723],[-101.73870590220432,31.252585809023884],[-101.73862787543703,31.259971363181435],[-101.72968224432695,31.259844705788343],[-101.72103313361741,31.259784179098155],[-101.72145051784788,31.250156779128204],[-101.72149398822279,31.245194050555178],[-101.72980815129885,31.245330713379882]]]}},{"type":"Feature","properties":{"ABSTRACT_L":"A-441","ABSTRACT_N":"441","LEVEL1_SUR":"BLK 2 SEC 160 A-441","LEVEL2_BLO":"2","LEVEL3_SUR":"160","Surv_Sect":"160","SHAPE_AREA":645.135205786404,"owner_count":370.0,"top_owner":"ELLORA ENERGY LLC","top_owner_state":"CO","top_operator":"CRESCENT ENERGY OP","max_propensity_score":8.0,"field_name":"Unknown","production_trend":null},"geometry":{"type":"Polygon","coordinates":[[[-101.41103781784577,31.550925701928957],[-101.4108269778587,31.5586284059831],[-101.41073080422437,31.565496958134812],[-101.3936593050066,31.565310380339405],[-101.39383105660072,31.55845566239308],[-101.39409051790255,31.550730295292],[-101.40236774764402,31.550810129439153],[-101.41103781784577,31.550925701928957]]]}},{"type":"Feature","properties":{"ABSTRACT_L":"B2--S161","ABSTRACT_N":"B2--S161","LEVEL1_SUR":null,"LEVEL2_BLO":"2","LEVEL3_SUR":"161","Surv_Sect":"161","SHAPE_AREA":648.5434179721951,"owner_count":0.0,"top_owner":"","top_owner_state":"","top_operator":"","max_propensity_score":0.0,"field_name":"Unknown","production_trend":null},"geometry":{"type":"Polygon","coordinates":[[[-101.411285230943,31.53616787063678],[-101.41118377431651,31.54361365338669],[-101.41103781784577,31.550925701928957],[-101.40236774764402,31.550810129439153],[-101.39409051790255,31.550730295292],[-101.39421317836302,31.54329130827882],[-101.39435756547694,31.53607403258717],[-101.40293508584823,31.53612150097307],[-101.411285230943,31.53616787063678]]]}},{"type":"Feature","properties":{"ABSTRACT_L":"B2--S162","ABSTRACT_N":"B2--S162","LEVEL1_SUR":null,"LEVEL2_BLO":"2","LEVEL3_SUR":"162","Surv_Sect":"162","SHAPE_AREA":644.0030305514939,"owner_count":0.0,"top_owner":"","top_owner_state":"","top_operator":"","max_propensity_score":0.0,"field_name":"Unknown","production_trend":null},"geometry":{"type":"Polygon","coordinates":[[[-101.4035101513605,31.521516831459287],[-101.41148816036569,31.52171837250356],[-101.41139420107854,31.528581365462212],[-101.41129885838585,31.536167970936088],[-101.411285230943,31.53616787063678],[-101.40293508584823,31.53612150097307],[-101.39435756547694,31.53607403258717],[-101.39438164481814,31.528812736862164],[-101.3945036234573,31.521470268440194],[-101.4035101513605,31.521516831459287]]]}},{"type":"Feature","properties":{"ABSTRACT_L":"A-587","ABSTRACT_N":"587","LEVEL1_SUR":"BLK 2 SEC 163 A-587","LEVEL2_BLO":"2","LEVEL3_SUR":"163","Surv_Sect":"163","SHAPE_AREA":640.1083272793442,"owner_count":50.0,"top_owner":"CHEVRON NORTH AMERICA EXPLORAT","top_owner_state":"TX","top_operator":"CRESCENT ENERGY OP","max_propensity_score":2.0,"field_name":"Unknown","production_trend":null},"geometry":{"type":"Polygon","coordinates":[[[-101.41170182645264,31.50719280894436],[-101.41148816036569,31.52171837250356],[-101.4035101513605,31.521516831459287],[-101.3945036234573,31.521470268440194],[-101.39472617028916,31.50694697621419],[-101.41170182645264,31.50719280894436]]]}},{"type":"Feature","properties":{"ABSTRACT_L":"A-422","ABSTRACT_N":"422","LEVEL1_SUR":"T&P RR SEC 164","LEVEL2_BLO":"2","LEVEL3_SUR":"164","Surv_Sect":"164","SHAPE_AREA":644.8504038486379,"owner_count":3.0,"top_owner":"ROACH MARY GERALDINE","top_owner_state":"TX","top_operator":"PIONEER NAT RES USA","max_propensity_score":3.0,"field_name":"Unknown","production_trend":null},"geometry":{"type":"Polygon","coordinates":[[[-101.39475569970918,31.506381952147233],[-101.39482835814431,31.4924123185597],[-101.39662662723963,31.492426104293855],[-101.3976461737646,31.49243449660845],[-101.40286845241371,31.492493551487907],[-101.40761992761568,31.492556033417145],[-101.41188808224533,31.49255332637075],[-101.41177859108694,31.500153977206523],[-101.41176270078788,31.501340705487383],[-101.41170182645264,31.50719280894436],[-101.39472617028916,31.50694697621419],[-101.39475569970918,31.506381952147233]]]}},{"type":"Feature","properties":{"ABSTRACT_L":"B2--S165","ABSTRACT_N":"B2--S165","LEVEL1_SUR":null,"LEVEL2_BLO":"2","LEVEL3_SUR":"165","Surv_Sect":"165","SHAPE_AREA":645.7358651273771,"owner_count":0.0,"top_owner":"","top_owner_state":"","top_operator":"","max_propensity_score":0.0,"field_name":"Unknown","production_trend":null},"geometry":{"type":"Polygon","coordinates":[[[-101.41170182645264,31.50719280894436],[-101.41176270078788,31.501340705487383],[-101.41177859108694,31.500153977206523],[-101.41188808224533,31.49255332637075],[-101.42042664986927,31.492727157809384],[-101.42626628401929,31.492783664026074],[-101.42894761590352,31.49282829033965],[-101.42881969041717,31.500152600049244],[-101.42870122868234,31.507354431090004],[-101.42023856061508,31.507258982550496],[-101.41170182645264,31.50719280894436]]]}},{"type":"Feature","properties":{"ABSTRACT_L":"A-63","ABSTRACT_N":"63","LEVEL1_SUR":"T&P RR SEC 166","LEVEL2_BLO":"2","LEVEL3_SUR":"166","Surv_Sect":"166","SHAPE_AREA":643.3178349192557,"owner_count":12.0,"top_owner":"LEMONS MARY ELIZABETH","top_owner_state":"TX","top_operator":"PIONEER NAT RES USA","max_propensity_score":3.0,"field_name":"Unknown","production_trend":null},"geometry":{"type":"Polygon","coordinates":[[[-101.41148816036569,31.52171837250356],[-101.41170182645264,31.50719280894436],[-101.42023856061508,31.507258982550496],[-101.42870122868234,31.507354431090004],[-101.42859420250107,31.514215354622458],[-101.42848687179094,31.521897029136348],[-101.41148816036569,31.52171837250356]]]}},{"type":"Feature","properties":{"ABSTRACT_L":"B2--S167","ABSTRACT_N":"B2--S167","LEVEL1_SUR":null,"LEVEL2_BLO":"2","LEVEL3_SUR":"167","Surv_Sect":"167","SHAPE_AREA":636.0203254239053,"owner_count":0.0,"top_owner":"","top_owner_state":"","top_operator":"","max_propensity_score":0.0,"field_name":"Unknown","production_trend":null},"geometry":{"type":"Polygon","coordinates":[[[-101.42848687179094,31.521897029136348],[-101.42832059003858,31.528659744571343],[-101.4280970963824,31.536370085222416],[-101.41767418938085,31.53622701119971],[-101.41129885838585,31.536167970936088],[-101.41139420107854,31.528581365462212],[-101.41148816036569,31.52171837250356],[-101.42848687179094,31.521897029136348]]]}},{"type":"Feature","properties":{"ABSTRACT_L":"B2--S168","ABSTRACT_N":"B2--S168","LEVEL1_SUR":null,"LEVEL2_BLO":"2","LEVEL3_SUR":"168","Surv_Sect":"168","SHAPE_AREA":648.1290095208119,"owner_count":3.0,"top_owner":"CHS MINERALS LP","top_owner_state":"TX","top_operator":"CRESCENT ENERGY OP","max_propensity_score":2.0,"field_name":"Unknown","production_trend":null},"geometry":{"type":"Polygon","coordinates":[[[-101.4280363936254,31.551121705262794],[-101.41103781784577,31.550925701928957],[-101.41118377431651,31.54361365338669],[-101.411285230943,31.53616787063678],[-101.41129885838585,31.536167970936088],[-101.41767418938085,31.53622701119971],[-101.4280970963824,31.536370085222416],[-101.42802281109832,31.54363020603767],[-101.4280363936254,31.551121705262794]]]}},{"type":"Feature","properties":{"ABSTRACT_L":"B2--S169","ABSTRACT_N":"B2--S169","LEVEL1_SUR":null,"LEVEL2_BLO":"2","LEVEL3_SUR":"169","Surv_Sect":"169","SHAPE_AREA":643.3665098870715,"owner_count":0.0,"top_owner":"","top_owner_state":"","top_operator":"","max_propensity_score":0.0,"field_name":"Unknown","production_trend":null},"geometry":{"type":"Polygon","coordinates":[[[-101.4280363936254,31.551121705262794],[-101.42787992686583,31.558790267507543],[-101.4277537477044,31.565587787656263],[-101.41073080422437,31.565496958134812],[-101.4108269778587,31.5586284059831],[-101.41103781784577,31.550925701928957],[-101.4280363936254,31.551121705262794]]]}},{"type":"Feature","properties":{"ABSTRACT_L":"B2--S17","ABSTRACT_N":"B2--S17","LEVEL1_SUR":null,"LEVEL2_BLO":"2","LEVEL3_SUR":"17","Surv_Sect":"17","SHAPE_AREA":619.7653333007861,"owner_count":5.0,"top_owner":"JAY MANAGEMENT COMPANY LLC","top_owner_state":"TX","top_operator":"JAY MANAGEMENT CO","max_propensity_score":2.0,"field_name":"Unknown","production_trend":null},"geometry":{"type":"Polygon","coordinates":[[[-101.75515632959083,31.25015618778428],[-101.75514027759502,31.252816122061073],[-101.75509625924778,31.2601148680907],[-101.73862787543703,31.259971363181435],[-101.73870590220432,31.252585809023884],[-101.73874999062014,31.245477092960723],[-101.74697539565456,31.24558703302076],[-101.75040987866625,31.24566446669553],[-101.75518329611734,31.2457407505883],[-101.75515632959083,31.25015618778428]]]}},{"type":"Feature","properties":{"ABSTRACT_L":"A-144","ABSTRACT_N":"144","LEVEL1_SUR":"T&PRR","LEVEL2_BLO":"2","LEVEL3_SUR":"170","Surv_Sect":"170","SHAPE_AREA":642.1427921697829,"owner_count":34.0,"top_owner":"KRR LLC","top_owner_state":"TN","top_operator":"CRESCENT ENERGY OP","max_propensity_score":8.0,"field_name":"Unknown","production_trend":null},"geometry":{"type":"Polygon","coordinates":[[[-101.4277537477044,31.565587787656263],[-101.42759553641656,31.58012278091481],[-101.41055499583842,31.579951000072757],[-101.41073080422437,31.565496958134812],[-101.4277537477044,31.565587787656263]]]}},{"type":"Feature","properties":{"ABSTRACT_L":"A-591","ABSTRACT_N":"591","LEVEL1_SUR":"BLK 2 SEC 171 A-591","LEVEL2_BLO":"2","LEVEL3_SUR":"171","Surv_Sect":"171","SHAPE_AREA":641.2251109779882,"owner_count":316.0,"top_owner":"ELLORA ENERGY LLC","top_owner_state":"CO","top_operator":"CRESCENT ENERGY OP","max_propensity_score":8.0,"field_name":"Unknown","production_trend":null},"geometry":{"type":"Polygon","coordinates":[[[-101.42759553641656,31.58012278091481],[-101.42740264297224,31.59454726397648],[-101.4188280996178,31.59452802545316],[-101.41038022141338,31.594448417728135],[-101.41055499583842,31.579951000072757],[-101.42759553641656,31.58012278091481]]]}},{"type":"Feature","properties":{"ABSTRACT_L":"A-244","ABSTRACT_N":"244","LEVEL1_SUR":"T&P RR","LEVEL2_BLO":"2","LEVEL3_SUR":"172","Surv_Sect":"172","SHAPE_AREA":644.0786803587349,"owner_count":31.0,"top_owner":"KRR LLC","top_owner_state":"TN","top_operator":"CRESCENT ENERGY OP","max_propensity_score":8.0,"field_name":"Unknown","production_trend":null},"geometry":{"type":"Polygon","coordinates":[[[-101.41011637363803,31.608975314364425],[-101.41038022141338,31.594448417728135],[-101.4188280996178,31.59452802545316],[-101.42740264297224,31.59454726397648],[-101.4271431107035,31.60916423682297],[-101.41857148597542,31.609051512107776],[-101.41011637363803,31.608975314364425]]]}},{"type":"Feature","properties":{"ABSTRACT_L":"A-599","ABSTRACT_N":"599","LEVEL1_SUR":"T&PRR","LEVEL2_BLO":"2","LEVEL3_SUR":"173","Surv_Sect":"173","SHAPE_AREA":664.9998524554794,"owner_count":145.0,"top_owner":"CLIFFORD MARSHA SUE REV TRUST","top_owner_state":"AR","top_operator":"CRESCENT ENERGY OP","max_propensity_score":6.0,"field_name":"Unknown","production_trend":null},"geometry":{"type":"Polygon","coordinates":[[[-101.4183796561364,31.62392145857252],[-101.40989998116419,31.62374756699527],[-101.40999256153735,31.616396550504337],[-101.41011637363803,31.608975314364425],[-101.41857148597542,31.609051512107776],[-101.4271431107035,31.60916423682297],[-101.42722546196053,31.616853768429902],[-101.42723109260075,31.624111396342528],[-101.4183796561364,31.62392145857252]]]}},{"type":"Feature","properties":{"ABSTRACT_L":"A-17","ABSTRACT_N":"17","LEVEL1_SUR":"T&PRR","LEVEL2_BLO":"2","LEVEL3_SUR":"174","Surv_Sect":"174","SHAPE_AREA":652.919097392656,"owner_count":108.0,"top_owner":"BARTON MINDYANNE E GRANTOR TR","top_owner_state":"MT","top_operator":"CRESCENT ENERGY OP","max_propensity_score":6.0,"field_name":"Unknown","production_trend":null},"geometry":{"type":"Polygon","coordinates":[[[-101.42685364477288,31.636277362006158],[-101.42679531536484,31.63861769289026],[-101.41977489338456,31.63852078938091],[-101.41747060239138,31.638464261267433],[-101.40975720652618,31.63832919387323],[-101.40988616597343,31.62514710455341],[-101.40989998116419,31.62374756699527],[-101.4183796561364,31.62392145857252],[-101.42723109260075,31.624111396342528],[-101.42728771071816,31.628039150760134],[-101.42685364477288,31.636277362006158]]]}},{"type":"Feature","properties":{"ABSTRACT_L":"B2--S18","ABSTRACT_N":"B2--S18","LEVEL1_SUR":null,"LEVEL2_BLO":"2","LEVEL3_SUR":"18","Surv_Sect":"18","SHAPE_AREA":626.149524540762,"owner_count":0.0,"top_owner":"","top_owner_state":"","top_operator":"","max_propensity_score":0.0,"field_name":"Unknown","production_trend":null},"geometry":{"type":"Polygon","coordinates":[[[-101.7717746844433,31.246007569388844],[-101.77182236971353,31.250156200071924],[-101.77185334721779,31.25285802411649],[-101.77193916866678,31.260339776734494],[-101.75509625924778,31.2601148680907],[-101.75514027759502,31.252816122061073],[-101.75515632959083,31.25015618778428],[-101.75518329611734,31.2457407505883],[-101.7717746844433,31.246007569388844]]]}},{"type":"Feature","properties":{"ABSTRACT_L":"B2--S183","ABSTRACT_N":"B2--S183","LEVEL1_SUR":null,"LEVEL2_BLO":"2","LEVEL3_SUR":"183","Surv_Sect":"183","SHAPE_AREA":652.482065149233,"owner_count":0.0,"top_owner":"","top_owner_state":"","top_operator":"","max_propensity_score":0.0,"field_name":"Unknown","production_trend":null},"geometry":{"type":"Polygon","coordinates":[[[-101.44456428812877,31.594742435713293],[-101.44432311293286,31.60934440222156],[-101.44042561127428,31.60931183282461],[-101.43901675646472,31.60929144366636],[-101.4271431107035,31.60916423682297],[-101.42740264297224,31.59454726397648],[-101.44456428812877,31.594742435713293]]]}},{"type":"Feature","properties":{"ABSTRACT_L":"B2--S184","ABSTRACT_N":"B2--S184","LEVEL1_SUR":null,"LEVEL2_BLO":"2","LEVEL3_SUR":"184","Surv_Sect":"184","SHAPE_AREA":642.5122162568616,"owner_count":0.0,"top_owner":"","top_owner_state":"","top_operator":"","max_propensity_score":0.0,"field_name":"Unknown","production_trend":null},"geometry":{"type":"Polygon","coordinates":[[[-101.44461192039839,31.580298307491493],[-101.44463886087377,31.58802400233092],[-101.44456428812877,31.594742435713293],[-101.42740264297224,31.59454726397648],[-101.42759553641656,31.58012278091481],[-101.44461192039839,31.580298307491493]]]}},{"type":"Feature","properties":{"ABSTRACT_L":"A-603","ABSTRACT_N":"603","LEVEL1_SUR":"T&PRR","LEVEL2_BLO":"2","LEVEL3_SUR":"185","Surv_Sect":"185","SHAPE_AREA":646.094015313572,"owner_count":98.0,"top_owner":"ELLORA ENERGY LLC","top_owner_state":"CO","top_operator":"CRESCENT ENERGY OP","max_propensity_score":8.0,"field_name":"Unknown","production_trend":null},"geometry":{"type":"Polygon","coordinates":[[[-101.44474663535166,31.57244628801613],[-101.44461192039839,31.580298307491493],[-101.42759553641656,31.58012278091481],[-101.4277537477044,31.565587787656263],[-101.43626587611288,31.565674581894317],[-101.44498927839474,31.565778322016435],[-101.44474663535166,31.57244628801613]]]}},{"type":"Feature","properties":{"ABSTRACT_L":"A-141","ABSTRACT_N":"141","LEVEL1_SUR":"T&PRR","LEVEL2_BLO":"2","LEVEL3_SUR":"186","Surv_Sect":"186","SHAPE_AREA":647.2545216526211,"owner_count":152.0,"top_owner":"ELLORA ENERGY LLC","top_owner_state":"CO","top_operator":"CRESCENT ENERGY OP","max_propensity_score":8.0,"field_name":"Unknown","production_trend":null},"geometry":{"type":"Polygon","coordinates":[[[-101.44513882183841,31.551281965330983],[-101.44509098834615,31.55817542844235],[-101.44498927839474,31.565778322016435],[-101.43626587611288,31.565674581894317],[-101.4277537477044,31.565587787656263],[-101.42787992686583,31.558790267507543],[-101.4280363936254,31.551121705262794],[-101.44513882183841,31.551281965330983]]]}},{"type":"Feature","properties":{"ABSTRACT_L":"A-600","ABSTRACT_N":"600","LEVEL1_SUR":"T&P RR","LEVEL2_BLO":"2","LEVEL3_SUR":"187","Surv_Sect":"187","SHAPE_AREA":658.1892929359933,"owner_count":4.0,"top_owner":"CHS MINERALS LP","top_owner_state":"TX","top_operator":"CRESCENT ENERGY OP","max_propensity_score":2.0,"field_name":"Unknown","production_trend":null},"geometry":{"type":"Polygon","coordinates":[[[-101.44524811626576,31.536561509205875],[-101.44523068176272,31.5436448278881],[-101.44513882183841,31.551281965330983],[-101.4280363936254,31.551121705262794],[-101.42802281109832,31.54363020603767],[-101.4280970963824,31.536370085222416],[-101.44524811626576,31.536561509205875]]]}},{"type":"Feature","properties":{"ABSTRACT_L":"B2--S188","ABSTRACT_N":"B2--S188","LEVEL1_SUR":null,"LEVEL2_BLO":"2","LEVEL3_SUR":"188","Surv_Sect":"188","SHAPE_AREA":641.4779930031675,"owner_count":0.0,"top_owner":"","top_owner_state":"","top_operator":"","max_propensity_score":0.0,"field_name":"Unknown","production_trend":null},"geometry":{"type":"Polygon","coordinates":[[[-101.44532597684469,31.528940100842647],[-101.44524811626576,31.536561509205875],[-101.4280970963824,31.536370085222416],[-101.42832059003858,31.528659744571343],[-101.42848687179094,31.521897029136348],[-101.43721724230443,31.52199676093287],[-101.44544307224199,31.522101322262458],[-101.44532597684469,31.528940100842647]]]}},{"type":"Feature","properties":{"ABSTRACT_L":"B2--S189","ABSTRACT_N":"B2--S189","LEVEL1_SUR":null,"LEVEL2_BLO":"2","LEVEL3_SUR":"189","Surv_Sect":"189","SHAPE_AREA":641.347743312316,"owner_count":0.0,"top_owner":"","top_owner_state":"","top_operator":"","max_propensity_score":0.0,"field_name":"Unknown","production_trend":null},"geometry":{"type":"Polygon","coordinates":[[[-101.43776108327576,31.507446460649717],[-101.44566867065086,31.50752612118937],[-101.44548689475648,31.51441488658491],[-101.44544307224199,31.522101322262458],[-101.43721724230443,31.52199676093287],[-101.42848687179094,31.521897029136348],[-101.42859420250107,31.514215354622458],[-101.42870122868234,31.507354431090004],[-101.43776108327576,31.507446460649717]]]}},{"type":"Feature","properties":{"ABSTRACT_L":"B2--S19","ABSTRACT_N":"B2--S19","LEVEL1_SUR":null,"LEVEL2_BLO":"2","LEVEL3_SUR":"19","Surv_Sect":"19","SHAPE_AREA":647.9176731899469,"owner_count":1.0,"top_owner":"BCP RESOURCES LLC","top_owner_state":"TX","top_operator":"BCP RESOURCES LLC","max_propensity_score":2.0,"field_name":"Unknown","production_trend":null},"geometry":{"type":"Polygon","coordinates":[[[-101.77193916866678,31.260339776734494],[-101.77200765802066,31.274997884312814],[-101.75491949954596,31.27472811856684],[-101.75509625924778,31.2601148680907],[-101.77193916866678,31.260339776734494]]]}},{"type":"Feature","properties":{"ABSTRACT_L":"A-699","ABSTRACT_N":"699","LEVEL1_SUR":"T&PRR","LEVEL2_BLO":"2","LEVEL3_SUR":"190","Surv_Sect":"190","SHAPE_AREA":641.4820890655363,"owner_count":405.0,"top_owner":"MELCHER MARTIN ESTATE","top_owner_state":"CA","top_operator":"XTO ENERGY INC","max_propensity_score":10.0,"field_name":"Unknown","production_trend":null},"geometry":{"type":"Polygon","coordinates":[[[-101.43154191451146,31.49284479147647],[-101.43786939404787,31.49292677470676],[-101.44589545842918,31.492994534832484],[-101.44582922384664,31.497779155711157],[-101.44578612627257,31.500132630500037],[-101.44566867065086,31.50752612118937],[-101.43776108327576,31.507446460649717],[-101.42870122868234,31.507354431090004],[-101.42881969041717,31.500152600049244],[-101.42894761590352,31.49282829033965],[-101.43154191451146,31.49284479147647]]]}},{"type":"Feature","properties":{"ABSTRACT_L":"B2--S191","ABSTRACT_N":"B2--S191","LEVEL1_SUR":null,"LEVEL2_BLO":"2","LEVEL3_SUR":"191","Surv_Sect":"191","SHAPE_AREA":643.5691287017657,"owner_count":4.0,"top_owner":"MILLER FAMILY TRUST THE","top_owner_state":"CA","top_operator":"CRESCENT ENERGY OP","max_propensity_score":4.0,"field_name":"Unknown","production_trend":null},"geometry":{"type":"Polygon","coordinates":[[[-101.454983279374,31.507636957460495],[-101.44566867065086,31.50752612118937],[-101.44578612627257,31.500132630500037],[-101.44582922384664,31.497779155711157],[-101.44589545842918,31.492994534832484],[-101.44884966975063,31.49298738578155],[-101.45855475816148,31.493073965631453],[-101.46283201991149,31.493166380756378],[-101.46274094241977,31.499637370988594],[-101.46273972699919,31.50014985109612],[-101.46264211246717,31.50774414190232],[-101.454983279374,31.507636957460495]]]}},{"type":"Feature","properties":{"ABSTRACT_L":"A-617","ABSTRACT_N":"617","LEVEL1_SUR":"T&PRR","LEVEL2_BLO":"2","LEVEL3_SUR":"193","Surv_Sect":"193","SHAPE_AREA":640.5144976611886,"owner_count":1.0,"top_owner":"CRESCENT ENERGY OPER LLC WI","top_owner_state":"TX","top_operator":"CRESCENT ENERGY OP","max_propensity_score":2.0,"field_name":"Unknown","production_trend":null},"geometry":{"type":"Polygon","coordinates":[[[-101.45446934601344,31.522199889123335],[-101.4624054009999,31.522292984546574],[-101.46239409390542,31.52466920705951],[-101.46236742921285,31.526115300379185],[-101.46234897063039,31.52708950510274],[-101.46231603120555,31.5288280065213],[-101.46231016969831,31.52949454362284],[-101.46224152313926,31.53680499849407],[-101.45701649564536,31.536730309709096],[-101.45279989802482,31.536669781361283],[-101.44524811626576,31.536561509205875],[-101.44532597684469,31.528940100842647],[-101.44544307224199,31.522101322262458],[-101.45446934601344,31.522199889123335]]]}},{"type":"Feature","properties":{"ABSTRACT_L":"B2--S194","ABSTRACT_N":"B2--S194","LEVEL1_SUR":null,"LEVEL2_BLO":"2","LEVEL3_SUR":"194","Surv_Sect":"194","SHAPE_AREA":644.2816647450809,"owner_count":3.0,"top_owner":"DIAMONDBACK E&P LLC  WI","top_owner_state":"OK","top_operator":"DIAMONDBACK E&P LLC","max_propensity_score":5.0,"field_name":"Unknown","production_trend":null},"geometry":{"type":"Polygon","coordinates":[[[-101.45701649564536,31.536730309709096],[-101.46224152313926,31.53680499849407],[-101.46201023569968,31.543656852882677],[-101.46196156857086,31.551489229446307],[-101.44513882183841,31.551281965330983],[-101.44523068176272,31.5436448278881],[-101.44524811626576,31.536561509205875],[-101.45279989802482,31.536669781361283],[-101.45701649564536,31.536730309709096]]]}},{"type":"Feature","properties":{"ABSTRACT_L":"A-618","ABSTRACT_N":"618","LEVEL1_SUR":"T&P RR","LEVEL2_BLO":"2","LEVEL3_SUR":"195","Surv_Sect":"195","SHAPE_AREA":634.2582125963959,"owner_count":3.0,"top_owner":"CHS MINERALS LP","top_owner_state":"TX","top_operator":"CRESCENT ENERGY OP","max_propensity_score":3.0,"field_name":"Unknown","production_trend":null},"geometry":{"type":"Polygon","coordinates":[[[-101.46196156857086,31.551489229446307],[-101.46192254216166,31.55821098035173],[-101.46181601544369,31.565968513088702],[-101.44498927839474,31.565778322016435],[-101.44509098834615,31.55817542844235],[-101.44513882183841,31.551281965330983],[-101.46196156857086,31.551489229446307]]]}},{"type":"Feature","properties":{"ABSTRACT_L":"B2--S196","ABSTRACT_N":"B2--S196","LEVEL1_SUR":null,"LEVEL2_BLO":"2","LEVEL3_SUR":"196","Surv_Sect":"196","SHAPE_AREA":639.3210241531516,"owner_count":36.0,"top_owner":"ELLORA ENERGY LLC","top_owner_state":"CO","top_operator":"CRESCENT ENERGY OP","max_propensity_score":8.0,"field_name":"Unknown","production_trend":null},"geometry":{"type":"Polygon","coordinates":[[[-101.46181601544369,31.565968513088702],[-101.46163509384714,31.57277249534209],[-101.46161823067263,31.580518848243567],[-101.45307757266905,31.580408556887566],[-101.44461192039839,31.580298307491493],[-101.44474663535166,31.57244628801613],[-101.44498927839474,31.565778322016435],[-101.46181601544369,31.565968513088702]]]}},{"type":"Feature","properties":{"ABSTRACT_L":"A-619","ABSTRACT_N":"619","LEVEL1_SUR":"T&PRR","LEVEL2_BLO":"2","LEVEL3_SUR":"197","Surv_Sect":"197","SHAPE_AREA":633.4602197353213,"owner_count":250.0,"top_owner":"ELLORA ENERGY LLC","top_owner_state":"CO","top_operator":"CRESCENT ENERGY OP","max_propensity_score":8.0,"field_name":"Unknown","production_trend":null},"geometry":{"type":"Polygon","coordinates":[[[-101.45307757266905,31.580408556887566],[-101.46161823067263,31.580518848243567],[-101.46149270817966,31.587098053712833],[-101.46149168589687,31.587628140603485],[-101.46136270399175,31.594942963167373],[-101.44456428812877,31.594742435713293],[-101.44463886087377,31.58802400233092],[-101.44461192039839,31.580298307491493],[-101.45307757266905,31.580408556887566]]]}},{"type":"Feature","properties":{"ABSTRACT_L":"B2--S198","ABSTRACT_N":"B2--S198","LEVEL1_SUR":null,"LEVEL2_BLO":"2","LEVEL3_SUR":"198","Surv_Sect":"198","SHAPE_AREA":639.8144932607262,"owner_count":0.0,"top_owner":"","top_owner_state":"","top_operator":"","max_propensity_score":0.0,"field_name":"Unknown","production_trend":null},"geometry":{"type":"Polygon","coordinates":[[[-101.46136270399175,31.594942963167373],[-101.46121870584834,31.60953776269882],[-101.45228829399578,31.609444479678213],[-101.45178585098601,31.609443209708935],[-101.44432311293286,31.60934440222156],[-101.44456428812877,31.594742435713293],[-101.46136270399175,31.594942963167373]]]}},{"type":"Feature","properties":{"ABSTRACT_L":"B2--S2","ABSTRACT_N":"B2--S2","LEVEL1_SUR":null,"LEVEL2_BLO":"2","LEVEL3_SUR":"2","Surv_Sect":"2","SHAPE_AREA":679.3136765453801,"owner_count":1.0,"top_owner":"ENERGY MANAGEMENT COMPANY","top_owner_state":"UT","top_operator":"ENERGY MANAGEMNET CO","max_propensity_score":5.0,"field_name":"Unknown","production_trend":null},"geometry":{"type":"Polygon","coordinates":[[[-101.69834195813682,31.21538890858134],[-101.70485945022047,31.215497233429264],[-101.70467673109503,31.230563756116787],[-101.70160521776378,31.23055221329969],[-101.68752668947702,31.230498369077342],[-101.68772063305194,31.215211665046255],[-101.69834195813682,31.21538890858134]]]}},{"type":"Feature","properties":{"ABSTRACT_L":"B2--S20","ABSTRACT_N":"B2--S20","LEVEL1_SUR":"UNIVERSITY LAND SEC 20","LEVEL2_BLO":"2","LEVEL3_SUR":"20","Surv_Sect":"20","SHAPE_AREA":626.558452419892,"owner_count":2.0,"top_owner":"PIONEER NATURAL RES INC WI","top_owner_state":"TX","top_operator":"PIONEER NAT RES USA","max_propensity_score":1.0,"field_name":"Unknown","production_trend":null},"geometry":{"type":"Polygon","coordinates":[[[-101.75509625924778,31.2601148680907],[-101.75491949954596,31.27472811856684],[-101.74655965354444,31.274623007232524],[-101.73845506383088,31.27452009393782],[-101.73862787543703,31.259971363181435],[-101.75509625924778,31.2601148680907]]]}},{"type":"Feature","properties":{"ABSTRACT_L":"B2--S207","ABSTRACT_N":"B2--S207","LEVEL1_SUR":null,"LEVEL2_BLO":"2","LEVEL3_SUR":"207","Surv_Sect":"207","SHAPE_AREA":646.5226799593894,"owner_count":0.0,"top_owner":"","top_owner_state":"","top_operator":"","max_propensity_score":0.0,"field_name":"Unknown","production_trend":null},"geometry":{"type":"Polygon","coordinates":[[[-101.46985482152895,31.609639074722427],[-101.4655880709661,31.60958098673775],[-101.46121870584834,31.60953776269882],[-101.46136270399175,31.594942963167373],[-101.4702045365674,31.595065911429543],[-101.47848456995087,31.595142303427856],[-101.47835349227617,31.601273864229526],[-101.4783274743706,31.602393258431952],[-101.47814907254845,31.60972650346668],[-101.47386516685859,31.609747483139955],[-101.47340937246321,31.60974198862798],[-101.46985482152895,31.609639074722427]]]}},{"type":"Feature","properties":{"ABSTRACT_L":"A-930","ABSTRACT_N":"930","LEVEL1_SUR":"T&PRR","LEVEL2_BLO":"2","LEVEL3_SUR":"208","Surv_Sect":"208","SHAPE_AREA":643.069567239751,"owner_count":51.0,"top_owner":"P & P INTERESTS LLC","top_owner_state":"TX","top_operator":"CRESCENT ENERGY OP","max_propensity_score":3.0,"field_name":"Unknown","production_trend":null},"geometry":{"type":"Polygon","coordinates":[[[-101.47054565922012,31.58057971394937],[-101.4786710925432,31.580627635696974],[-101.4786681775101,31.58199618837062],[-101.47856926131922,31.58729774822293],[-101.47847047089247,31.59388032006066],[-101.47848456995087,31.595142303427856],[-101.4702045365674,31.595065911429543],[-101.46136270399175,31.594942963167373],[-101.46149168589687,31.587628140603485],[-101.46149270817966,31.587098053712833],[-101.46161823067263,31.580518848243567],[-101.47054565922012,31.58057971394937]]]}},{"type":"Feature","properties":{"ABSTRACT_L":"B2--S209","ABSTRACT_N":"B2--S209","LEVEL1_SUR":null,"LEVEL2_BLO":"2","LEVEL3_SUR":"209","Surv_Sect":"209","SHAPE_AREA":642.9887627470359,"owner_count":0.0,"top_owner":"","top_owner_state":"","top_operator":"","max_propensity_score":0.0,"field_name":"Unknown","production_trend":null},"geometry":{"type":"Polygon","coordinates":[[[-101.46181601544369,31.565968513088702],[-101.4786874373898,31.566126193521022],[-101.4786984516335,31.573109430065575],[-101.4786710925432,31.580627635696974],[-101.47054565922012,31.58057971394937],[-101.46161823067263,31.580518848243567],[-101.46163509384714,31.57277249534209],[-101.46181601544369,31.565968513088702]]]}},{"type":"Feature","properties":{"ABSTRACT_L":"B2--S21","ABSTRACT_N":"B2--S21","LEVEL1_SUR":"UL","LEVEL2_BLO":"2","LEVEL3_SUR":"21","Surv_Sect":"21","SHAPE_AREA":667.4589341034439,"owner_count":2.0,"top_owner":"PIONEER NATURAL RES INC WI","top_owner_state":"TX","top_operator":"PIONEER NAT RES USA","max_propensity_score":1.0,"field_name":"Unknown","production_trend":null},"geometry":{"type":"Polygon","coordinates":[[[-101.73862787543703,31.259971363181435],[-101.73845506383088,31.27452009393782],[-101.7208612346996,31.274277434939037],[-101.72103313361741,31.259784179098155],[-101.72968224432695,31.259844705788343],[-101.73862787543703,31.259971363181435]]]}},{"type":"Feature","properties":{"ABSTRACT_L":"B2--S210","ABSTRACT_N":"B2--S210","LEVEL1_SUR":null,"LEVEL2_BLO":"2","LEVEL3_SUR":"210","Surv_Sect":"210","SHAPE_AREA":640.4318779660001,"owner_count":0.0,"top_owner":"","top_owner_state":"","top_operator":"","max_propensity_score":0.0,"field_name":"Unknown","production_trend":null},"geometry":{"type":"Polygon","coordinates":[[[-101.4789948274053,31.551629880947537],[-101.47895017305083,31.557963582566142],[-101.47887976309886,31.560986055754],[-101.47887579524024,31.561156360564407],[-101.47884730876427,31.56190798040174],[-101.4786874373898,31.566126193521022],[-101.46181601544369,31.565968513088702],[-101.46192254216166,31.55821098035173],[-101.46196156857086,31.551489229446307],[-101.4789948274053,31.551629880947537]]]}},{"type":"Feature","properties":{"ABSTRACT_L":"B2--S211","ABSTRACT_N":"B2--S211","LEVEL1_SUR":null,"LEVEL2_BLO":"2","LEVEL3_SUR":"211","Surv_Sect":"211","SHAPE_AREA":653.0226317383709,"owner_count":3.0,"top_owner":"DIAMONDBACK E&P LLC  WI","top_owner_state":"OK","top_operator":"DIAMONDBACK E&P LLC","max_propensity_score":5.0,"field_name":"Unknown","production_trend":null},"geometry":{"type":"Polygon","coordinates":[[[-101.47043632796183,31.53690926072529],[-101.47658389920137,31.536922552185644],[-101.4792952473925,31.53692832049514],[-101.47914757244463,31.545365530144494],[-101.4789948274053,31.551629880947537],[-101.46196156857086,31.551489229446307],[-101.46201023569968,31.543656852882677],[-101.46224152313926,31.53680499849407],[-101.47043632796183,31.53690926072529]]]}},{"type":"Feature","properties":{"ABSTRACT_L":"A-139","ABSTRACT_N":"139","LEVEL1_SUR":"T&PT5S","LEVEL2_BLO":"2","LEVEL3_SUR":"212","Surv_Sect":"212","SHAPE_AREA":585.2690763245494,"owner_count":366.0,"top_owner":"LYRA PROPERTIES LLC","top_owner_state":"GA","top_operator":"DIAMONDBACK E&P LLC","max_propensity_score":8.0,"field_name":"Unknown","production_trend":null},"geometry":{"type":"MultiPolygon","coordinates":[[[[-101.47945022654194,31.52324522610093],[-101.47708841731945,31.523262018979423],[-101.47694747165136,31.52298795162667],[-101.475555114402,31.523005374764622],[-101.47522702540574,31.5224116461773],[-101.4769563541929,31.52242903496376],[-101.47946357101549,31.522454203825067],[-101.47945022654194,31.52324522610093]]],[[[-101.47937923538,31.527531755026477],[-101.4793785427789,31.527594796243907],[-101.4793631726044,31.52899302848269],[-101.47935601572652,31.52964409350501],[-101.4793083367445,31.534657758037447],[-101.47929946228781,31.536197182518407],[-101.4792952473925,31.53692832049514],[-101.47658389920137,31.536922552185644],[-101.47043632796183,31.53690926072529],[-101.46224152313926,31.53680499849407],[-101.46231016969831,31.52949454362284],[-101.46231603120555,31.5288280065213],[-101.46234897063039,31.52708950510274],[-101.46236742921285,31.526115300379185],[-101.46239409390542,31.52466920705951],[-101.4624054009999,31.522292984546574],[-101.47034669136784,31.522362446339038],[-101.4703083557631,31.524739166345533],[-101.4703128536277,31.5258589052081],[-101.47406447517237,31.525480076702607],[-101.47461956484767,31.52526912373217],[-101.47610632155866,31.525325945669042],[-101.47771518087632,31.5254065894809],[-101.47764112825588,31.523938529793476],[-101.47943941980908,31.523885822120626],[-101.4794123329083,31.525491636175285],[-101.47940590456415,31.525988087223322],[-101.47937923538,31.527531755026477]]]]}},{"type":"Feature","properties":{"ABSTRACT_L":"A-633","ABSTRACT_N":"633","LEVEL1_SUR":"T&P NE4","LEVEL2_BLO":"2","LEVEL3_SUR":"213","Surv_Sect":"213","SHAPE_AREA":645.4220419387416,"owner_count":99.0,"top_owner":"LYRA PROPERTIES LLC","top_owner_state":"GA","top_operator":"DIAMONDBACK E&P LLC","max_propensity_score":8.0,"field_name":"Unknown","production_trend":null},"geometry":{"type":"Polygon","coordinates":[[[-101.47572803560263,31.50791190617725],[-101.47969285611029,31.50804235678688],[-101.47963666020107,31.510166883413515],[-101.47946357101549,31.522454203825067],[-101.4769563541929,31.52242903496376],[-101.47522702540574,31.5224116461773],[-101.47034669136784,31.522362446339038],[-101.4624054009999,31.522292984546574],[-101.46252891755485,31.51489655648453],[-101.46264211246717,31.50774414190232],[-101.47039399934565,31.507736211253494],[-101.47284156983001,31.507816859525853],[-101.47572803560263,31.50791190617725]]]}},{"type":"Feature","properties":{"ABSTRACT_L":"B2--S214","ABSTRACT_N":"B2--S214","LEVEL1_SUR":null,"LEVEL2_BLO":"2","LEVEL3_SUR":"214","Surv_Sect":"214","SHAPE_AREA":643.9305110199767,"owner_count":1.0,"top_owner":"DIAMONDBACK E&P LLC  WI","top_owner_state":"OK","top_operator":"DIAMONDBACK E&P LLC","max_propensity_score":6.0,"field_name":"Unknown","production_trend":null},"geometry":{"type":"Polygon","coordinates":[[[-101.47985453040356,31.493481282576973],[-101.47976235157729,31.500150161301196],[-101.4797466633992,31.500851201466332],[-101.47973515957365,31.503659276973995],[-101.47969285611029,31.50804235678688],[-101.47572803560263,31.50791190617725],[-101.47284156983001,31.507816859525853],[-101.47039399934565,31.507736211253494],[-101.46264211246717,31.50774414190232],[-101.46273972699919,31.50014985109612],[-101.46274094241977,31.499637370988594],[-101.46283201991149,31.493166380756378],[-101.47095610216837,31.49326371654113],[-101.47985453040356,31.493481282576973]]]}},{"type":"Feature","properties":{"ABSTRACT_L":"B2--S22","ABSTRACT_N":"B2--S22","LEVEL1_SUR":"UL","LEVEL2_BLO":"2","LEVEL3_SUR":"22","Surv_Sect":"22","SHAPE_AREA":623.381294052057,"owner_count":20.0,"top_owner":"CHEVRON MIDCONTINENT LP","top_owner_state":"TX","top_operator":"SEM OPRTNG CMPY LLC","max_propensity_score":2.0,"field_name":"Unknown","production_trend":null},"geometry":{"type":"Polygon","coordinates":[[[-101.72103313361741,31.259784179098155],[-101.7208612346996,31.274277434939037],[-101.7041664430979,31.274057410378262],[-101.70465574824664,31.25966187315352],[-101.72103313361741,31.259784179098155]]]}},{"type":"Feature","properties":{"ABSTRACT_L":"B2--S227","ABSTRACT_N":"B2--S227","LEVEL1_SUR":null,"LEVEL2_BLO":"2","LEVEL3_SUR":"227","Surv_Sect":"227","SHAPE_AREA":7.414395805095812,"owner_count":0.0,"top_owner":"","top_owner_state":"","top_operator":"","max_propensity_score":0.0,"field_name":"Unknown","production_trend":null},"geometry":{"type":"Polygon","coordinates":[[[-101.42910069960772,31.18972808751945],[-101.42909878439954,31.189752656277133],[-101.42909099061613,31.189789731105243],[-101.4290807974326,31.18981807533753],[-101.42905920732306,31.189858263977023],[-101.42902482430556,31.189900956270844],[-101.42899101800647,31.189930707535765],[-101.42896218208585,31.189950175916213],[-101.42891290050936,31.189974507159558],[-101.42887598334444,31.18998689870855],[-101.42883169280768,31.18999624097476],[-101.4287986572631,31.18999963145565],[-101.4287735655206,31.190000248535476],[-101.42747466989171,31.18998897434085],[-101.42750999344533,31.18802527133333],[-101.42913495147118,31.1884523661278],[-101.42910069960772,31.18972808751945]]]}},{"type":"Feature","properties":{"ABSTRACT_L":"B2--S23","ABSTRACT_N":"B2--S23","LEVEL1_SUR":"UL","LEVEL2_BLO":"2","LEVEL3_SUR":"23","Surv_Sect":"23","SHAPE_AREA":647.9009586712953,"owner_count":4.0,"top_owner":"SEM OPERATING COMPANY LLC","top_owner_state":"TX","top_operator":"SEM OPRTNG CMPY LLC","max_propensity_score":1.0,"field_name":"Unknown","production_trend":null},"geometry":{"type":"Polygon","coordinates":[[[-101.6954102064941,31.25953305984185],[-101.70465574824664,31.25966187315352],[-101.7041664430979,31.274057410378262],[-101.69510780482338,31.27394549725226],[-101.68717247567567,31.273846937334984],[-101.68719992369917,31.259418110090344],[-101.6954102064941,31.25953305984185]]]}},{"type":"Feature","properties":{"ABSTRACT_L":"B2--S24","ABSTRACT_N":"B2--S24","LEVEL1_SUR":null,"LEVEL2_BLO":"2","LEVEL3_SUR":"24","Surv_Sect":"24","SHAPE_AREA":668.6619052992395,"owner_count":0.0,"top_owner":"","top_owner_state":"","top_operator":"","max_propensity_score":0.0,"field_name":"Unknown","production_trend":null},"geometry":{"type":"Polygon","coordinates":[[[-101.67829933681237,31.259285142848658],[-101.68719992369917,31.259418110090344],[-101.68717247567567,31.273846937334984],[-101.66941643505858,31.27363562155862],[-101.66950286287037,31.25915312301561],[-101.67829933681237,31.259285142848658]]]}},{"type":"Feature","properties":{"ABSTRACT_L":"B2--S25","ABSTRACT_N":"B2--S25","LEVEL1_SUR":"BLK 2 SEC 25 A-U61","LEVEL2_BLO":"2","LEVEL3_SUR":"25","Surv_Sect":"25","SHAPE_AREA":683.8351130996379,"owner_count":6.0,"top_owner":"VENCER ENERGY LLC   OR/RI","top_owner_state":"CO","top_operator":"SEM OPERATING","max_propensity_score":5.0,"field_name":"Unknown","production_trend":null},"geometry":{"type":"Polygon","coordinates":[[[-101.68717247567567,31.273846937334984],[-101.68715957856314,31.288623519870587],[-101.67831012737557,31.28844935393323],[-101.66927059716545,31.28827081426426],[-101.66941643505858,31.27363562155862],[-101.68717247567567,31.273846937334984]]]}},{"type":"Feature","properties":{"ABSTRACT_L":"B2--S26","ABSTRACT_N":"B2--S26","LEVEL1_SUR":"UL","LEVEL2_BLO":"2","LEVEL3_SUR":"26","Surv_Sect":"26","SHAPE_AREA":657.7353373988312,"owner_count":6.0,"top_owner":"CIVITAS PERMIAN OPER LLC WI","top_owner_state":"CO","top_operator":"CIVITAS PERMIAN OPER","max_propensity_score":5.0,"field_name":"Unknown","production_trend":null},"geometry":{"type":"Polygon","coordinates":[[[-101.69510780482338,31.27394549725226],[-101.7041664430979,31.274057410378262],[-101.70419071827183,31.288919619726315],[-101.69504951044964,31.288760974219695],[-101.68715957856314,31.288623519870587],[-101.68717247567567,31.273846937334984],[-101.69510780482338,31.27394549725226]]]}},{"type":"Feature","properties":{"ABSTRACT_L":"B2--S27","ABSTRACT_N":"B2--S27","LEVEL1_SUR":"UL","LEVEL2_BLO":"2","LEVEL3_SUR":"27","Surv_Sect":"27","SHAPE_AREA":646.5750212461494,"owner_count":10.0,"top_owner":"HALBERT OIL & GAS PROP LLC","top_owner_state":"TX","top_operator":"PERMIAN SOLUTIONS","max_propensity_score":4.0,"field_name":"Unknown","production_trend":null},"geometry":{"type":"Polygon","coordinates":[[[-101.72086893775315,31.28912076428073],[-101.71201169008722,31.289014212731058],[-101.70419071827183,31.288919619726315],[-101.7041664430979,31.274057410378262],[-101.7208612346996,31.274277434939037],[-101.72086893775315,31.28912076428073]]]}},{"type":"Feature","properties":{"ABSTRACT_L":"B2--S28","ABSTRACT_N":"B2--S28","LEVEL1_SUR":"UL","LEVEL2_BLO":"2","LEVEL3_SUR":"28","Surv_Sect":"28","SHAPE_AREA":679.5890154132984,"owner_count":2.0,"top_owner":"PIONEER NATURAL RES INC WI","top_owner_state":"TX","top_operator":"PIONEER NAT RES USA","max_propensity_score":1.0,"field_name":"Unknown","production_trend":null},"geometry":{"type":"Polygon","coordinates":[[[-101.73845506383088,31.27452009393782],[-101.73860397845385,31.28906432728687],[-101.72924576281186,31.289200694752463],[-101.72086893775315,31.28912076428073],[-101.7208612346996,31.274277434939037],[-101.73845506383088,31.27452009393782]]]}},{"type":"Feature","properties":{"ABSTRACT_L":"B2--S29","ABSTRACT_N":"B2--S29","LEVEL1_SUR":null,"LEVEL2_BLO":"2","LEVEL3_SUR":"29","Surv_Sect":"29","SHAPE_AREA":622.1656821700324,"owner_count":0.0,"top_owner":"","top_owner_state":"","top_operator":"","max_propensity_score":0.0,"field_name":"Unknown","production_trend":null},"geometry":{"type":"Polygon","coordinates":[[[-101.74655965354444,31.274623007232524],[-101.75491949954596,31.27472811856684],[-101.75497165662966,31.289420565764633],[-101.74668619203199,31.289061661962684],[-101.73860397845385,31.28906432728687],[-101.73845506383088,31.27452009393782],[-101.74655965354444,31.274623007232524]]]}},{"type":"Feature","properties":{"ABSTRACT_L":"B2--S3","ABSTRACT_N":"B2--S3","LEVEL1_SUR":null,"LEVEL2_BLO":"2","LEVEL3_SUR":"3","Surv_Sect":"3","SHAPE_AREA":667.3625525156443,"owner_count":0.0,"top_owner":"","top_owner_state":"","top_operator":"","max_propensity_score":0.0,"field_name":"Unknown","production_trend":null},"geometry":{"type":"Polygon","coordinates":[[[-101.72192077511933,31.21578158479646],[-101.72171954620748,31.230695042407522],[-101.7128624126276,31.230627095255294],[-101.70467673109503,31.230563756116787],[-101.70485945022047,31.215497233429264],[-101.72192077511933,31.21578158479646]]]}},{"type":"Feature","properties":{"ABSTRACT_L":"B2--S30","ABSTRACT_N":"B2--S30","LEVEL1_SUR":"UL","LEVEL2_BLO":"2","LEVEL3_SUR":"30","Surv_Sect":"30","SHAPE_AREA":646.1781718827027,"owner_count":82.0,"top_owner":"SGC OPERATING LP","top_owner_state":"TX","top_operator":"PIONEER NATURAL RES","max_propensity_score":4.0,"field_name":"Unknown","production_trend":null},"geometry":{"type":"Polygon","coordinates":[[[-101.77200765802066,31.274997884312814],[-101.77185752348554,31.28956882374399],[-101.76345375076495,31.28939200959137],[-101.75497165662966,31.289420565764633],[-101.75491949954596,31.27472811856684],[-101.77200765802066,31.274997884312814]]]}},{"type":"Feature","properties":{"ABSTRACT_L":"B2--S31","ABSTRACT_N":"B2--S31","LEVEL1_SUR":null,"LEVEL2_BLO":"2","LEVEL3_SUR":"31","Surv_Sect":"31","SHAPE_AREA":648.5165182917927,"owner_count":1.0,"top_owner":"PIONEER NATURAL RES INC WI","top_owner_state":"TX","top_operator":"PIONEER NAT RES USA","max_propensity_score":2.0,"field_name":"Unknown","production_trend":null},"geometry":{"type":"Polygon","coordinates":[[[-101.76345375076495,31.28939200959137],[-101.77185752348554,31.28956882374399],[-101.7719857723654,31.30410219616166],[-101.7631587413307,31.30405493180347],[-101.75484321551033,31.30400985030749],[-101.75491337662898,31.296060689414674],[-101.75497165662966,31.289420565764633],[-101.76345375076495,31.28939200959137]]]}},{"type":"Feature","properties":{"ABSTRACT_L":"B2--S32","ABSTRACT_N":"B2--S32","LEVEL1_SUR":null,"LEVEL2_BLO":"2","LEVEL3_SUR":"32","Surv_Sect":"32","SHAPE_AREA":625.1795281844887,"owner_count":0.0,"top_owner":"","top_owner_state":"","top_operator":"","max_propensity_score":0.0,"field_name":"Unknown","production_trend":null},"geometry":{"type":"Polygon","coordinates":[[[-101.75497165662966,31.289420565764633],[-101.75491337662898,31.296060689414674],[-101.75484321551033,31.30400985030749],[-101.7504099873624,31.303909677741718],[-101.7385413047931,31.303639700744654],[-101.73857709906392,31.29621148155883],[-101.73860397845385,31.28906432728687],[-101.74668619203199,31.289061661962684],[-101.75497165662966,31.289420565764633]]]}},{"type":"Feature","properties":{"ABSTRACT_L":"B2--S33","ABSTRACT_N":"B2--S33","LEVEL1_SUR":"UNIVERSITY LAND SEC 33","LEVEL2_BLO":"2","LEVEL3_SUR":"33","Surv_Sect":"33","SHAPE_AREA":662.1834755486177,"owner_count":2.0,"top_owner":"PIONEER NATURAL RES INC WI","top_owner_state":"TX","top_operator":"PIONEER NAT RES USA","max_propensity_score":2.0,"field_name":"Unknown","production_trend":null},"geometry":{"type":"Polygon","coordinates":[[[-101.72924576281186,31.289200694752463],[-101.73860397845385,31.28906432728687],[-101.73857709906392,31.29621148155883],[-101.7385413047931,31.303639700744654],[-101.72911887308302,31.30346613207239],[-101.72085243300643,31.303313283766336],[-101.72086893775315,31.28912076428073],[-101.72924576281186,31.289200694752463]]]}},{"type":"Feature","properties":{"ABSTRACT_L":"B2--S34","ABSTRACT_N":"B2--S34","LEVEL1_SUR":"BLK 2 SEC 34 A-U70","LEVEL2_BLO":"2","LEVEL3_SUR":"34","Surv_Sect":"34","SHAPE_AREA":616.4444617366371,"owner_count":486.0,"top_owner":"MCAFEE ENTERPRISES LP","top_owner_state":"OK","top_operator":"PIONEER NATURAL RES","max_propensity_score":8.0,"field_name":"Unknown","production_trend":null},"geometry":{"type":"Polygon","coordinates":[[[-101.71201169008722,31.289014212731058],[-101.72086893775315,31.28912076428073],[-101.72085243300643,31.303313283766336],[-101.71198929239225,31.303170648201196],[-101.70414889810208,31.303043959779426],[-101.70419071827183,31.288919619726315],[-101.71201169008722,31.289014212731058]]]}},{"type":"Feature","properties":{"ABSTRACT_L":"B2--S35","ABSTRACT_N":"B2--S35","LEVEL1_SUR":"UL","LEVEL2_BLO":"2","LEVEL3_SUR":"35","Surv_Sect":"35","SHAPE_AREA":626.836796971448,"owner_count":3.0,"top_owner":"CIVITAS PERMIAN OPER LLC WI","top_owner_state":"CO","top_operator":"PIONEER NAT RES USA","max_propensity_score":6.0,"field_name":"Unknown","production_trend":null},"geometry":{"type":"Polygon","coordinates":[[[-101.69511818126323,31.302864114520332],[-101.68710195343431,31.30270393819225],[-101.68715957856314,31.288623519870587],[-101.69504951044964,31.288760974219695],[-101.70419071827183,31.288919619726315],[-101.70414889810208,31.303043959779426],[-101.69511818126323,31.302864114520332]]]}},{"type":"Feature","properties":{"ABSTRACT_L":"B2--S36","ABSTRACT_N":"B2--S36","LEVEL1_SUR":null,"LEVEL2_BLO":"2","LEVEL3_SUR":"36","Surv_Sect":"36","SHAPE_AREA":658.6468217671365,"owner_count":0.0,"top_owner":"","top_owner_state":"","top_operator":"","max_propensity_score":0.0,"field_name":"Unknown","production_trend":null},"geometry":{"type":"Polygon","coordinates":[[[-101.67831012737557,31.28844935393323],[-101.68715957856314,31.288623519870587],[-101.68710195343431,31.30270393819225],[-101.67831559991227,31.302563110058514],[-101.66921105054021,31.30241654655294],[-101.66927059716545,31.28827081426426],[-101.67831012737557,31.28844935393323]]]}},{"type":"Feature","properties":{"ABSTRACT_L":"B2--S4","ABSTRACT_N":"B2--S4","LEVEL1_SUR":null,"LEVEL2_BLO":"2","LEVEL3_SUR":"4","Surv_Sect":"4","SHAPE_AREA":665.8770313015398,"owner_count":3.0,"top_owner":"DIAMONDBACK E&P LLC  WI","top_owner_state":"OK","top_operator":"DIAMONDBACK E&P LLC","max_propensity_score":5.0,"field_name":"Unknown","production_trend":null},"geometry":{"type":"Polygon","coordinates":[[[-101.73901540775229,31.230850241364234],[-101.72989282739586,31.23076867295513],[-101.72171954620748,31.230695042407522],[-101.72192077511933,31.21578158479646],[-101.73916606331028,31.216230373506203],[-101.73901540775229,31.230850241364234]]]}},{"type":"Feature","properties":{"ABSTRACT_L":"B2--S5","ABSTRACT_N":"B2--S5","LEVEL1_SUR":null,"LEVEL2_BLO":"2","LEVEL3_SUR":"5","Surv_Sect":"5","SHAPE_AREA":646.9086318706395,"owner_count":0.0,"top_owner":"","top_owner_state":"","top_operator":"","max_propensity_score":0.0,"field_name":"Unknown","production_trend":null},"geometry":{"type":"MultiPolygon","coordinates":[[[[-101.44734669395719,31.19319833927656],[-101.4482952897444,31.19322624601305],[-101.4492368858589,31.19325393911453],[-101.45017384666654,31.193281490046267],[-101.44997896884375,31.19811190818971],[-101.44716886526018,31.19803218413068],[-101.44734669395719,31.19319833927656]]],[[[-101.75508969974958,31.21646643797862],[-101.75508736682478,31.231120098717795],[-101.75041001341354,31.231041839665295],[-101.73901540775229,31.230850241364234],[-101.73916606331028,31.216230373506203],[-101.7504099936506,31.216397158432642],[-101.75508969974958,31.21646643797862]]]]}},{"type":"Feature","properties":{"ABSTRACT_L":"B2--S50","ABSTRACT_N":"B2--S50","LEVEL1_SUR":null,"LEVEL2_BLO":"2","LEVEL3_SUR":"50","Surv_Sect":"50","SHAPE_AREA":227.6634203216109,"owner_count":0.0,"top_owner":"","top_owner_state":"","top_operator":"","max_propensity_score":0.0,"field_name":"Unknown","production_trend":null},"geometry":{"type":"Polygon","coordinates":[[[-101.27394456408358,31.637715457840567],[-101.27395640657396,31.6507018871857],[-101.26715163685573,31.650600863049558],[-101.26722001661516,31.644105029670307],[-101.26721408054775,31.637629780037962],[-101.27394456408358,31.637715457840567]]]}},{"type":"Feature","properties":{"ABSTRACT_L":"B2--S51","ABSTRACT_N":"B2--S51","LEVEL1_SUR":null,"LEVEL2_BLO":"2","LEVEL3_SUR":"51","Surv_Sect":"51","SHAPE_AREA":272.8979485737316,"owner_count":0.0,"top_owner":"","top_owner_state":"","top_operator":"","max_propensity_score":0.0,"field_name":"Unknown","production_trend":null},"geometry":{"type":"Polygon","coordinates":[[[-101.27418987691968,31.622329486231862],[-101.27406354414633,31.629683100430942],[-101.27394456408358,31.637715457840567],[-101.26721408054775,31.637629780037962],[-101.26723104882515,31.62804692662015],[-101.2672380682608,31.62513204265707],[-101.26717605306516,31.622322767035385],[-101.27418987691968,31.622329486231862]]]}},{"type":"Feature","properties":{"ABSTRACT_L":"A-1174","ABSTRACT_N":"1174","LEVEL1_SUR":"T&P RR","LEVEL2_BLO":"2","LEVEL3_SUR":"52","Surv_Sect":"52","SHAPE_AREA":268.3923837704217,"owner_count":4.0,"top_owner":"KUETHE JUSTIN W","top_owner_state":"TX","top_operator":"BURLESON PETROLEUM","max_propensity_score":2.0,"field_name":"Unknown","production_trend":null},"geometry":{"type":"Polygon","coordinates":[[[-101.27438718738024,31.60782813292802],[-101.27418987691968,31.622329486231862],[-101.26717605306516,31.622322767035385],[-101.26710803442846,31.619240934698677],[-101.26723964570243,31.607831052377875],[-101.27438718738024,31.60782813292802]]]}},{"type":"Feature","properties":{"ABSTRACT_L":"B2--S53","ABSTRACT_N":"B2--S53","LEVEL1_SUR":null,"LEVEL2_BLO":"2","LEVEL3_SUR":"53","Surv_Sect":"53","SHAPE_AREA":274.5027895892402,"owner_count":0.0,"top_owner":"","top_owner_state":"","top_operator":"","max_propensity_score":0.0,"field_name":"Unknown","production_trend":null},"geometry":{"type":"Polygon","coordinates":[[[-101.26732498026452,31.595541956712548],[-101.26734866973688,31.59314645755092],[-101.2745678565502,31.593131362930208],[-101.27438718738024,31.60782813292802],[-101.26723964570243,31.607831052377875],[-101.26732498026452,31.595541956712548]]]}},{"type":"Feature","properties":{"ABSTRACT_L":"B2--S54","ABSTRACT_N":"B2--S54","LEVEL1_SUR":null,"LEVEL2_BLO":"2","LEVEL3_SUR":"54","Surv_Sect":"54","SHAPE_AREA":270.3430276471451,"owner_count":0.0,"top_owner":"","top_owner_state":"","top_operator":"","max_propensity_score":0.0,"field_name":"Unknown","production_trend":null},"geometry":{"type":"Polygon","coordinates":[[[-101.27474768399873,31.57872378642117],[-101.2745678565502,31.593131362930208],[-101.26734866973688,31.59314645755092],[-101.2674040365011,31.587548924132463],[-101.26749146234118,31.578826374798965],[-101.27474768399873,31.57872378642117]]]}},{"type":"Feature","properties":{"ABSTRACT_L":"B2--S55","ABSTRACT_N":"B2--S55","LEVEL1_SUR":null,"LEVEL2_BLO":"2","LEVEL3_SUR":"55","Surv_Sect":"55","SHAPE_AREA":273.654735371109,"owner_count":0.0,"top_owner":"","top_owner_state":"","top_operator":"","max_propensity_score":0.0,"field_name":"Unknown","production_trend":null},"geometry":{"type":"Polygon","coordinates":[[[-101.27486731444174,31.564263108673188],[-101.27474768399873,31.57872378642117],[-101.26749146234118,31.578826374798965],[-101.26749596200244,31.578309041269467],[-101.2676009247535,31.568055968674365],[-101.26762800087448,31.564448967546337],[-101.2676200795303,31.564235752816955],[-101.27486731444174,31.564263108673188]]]}},{"type":"Feature","properties":{"ABSTRACT_L":"B2--S56","ABSTRACT_N":"B2--S56","LEVEL1_SUR":null,"LEVEL2_BLO":"2","LEVEL3_SUR":"56","Surv_Sect":"56","SHAPE_AREA":637.3162663640097,"owner_count":0.0,"top_owner":"","top_owner_state":"","top_operator":"","max_propensity_score":0.0,"field_name":"Unknown","production_trend":null},"geometry":{"type":"Polygon","coordinates":[[[-101.28412929177071,31.564279056812193],[-101.28448828820264,31.564279662253572],[-101.29184603565697,31.564296040551543],[-101.29167256019582,31.57874150144642],[-101.27474768399873,31.57872378642117],[-101.27486731444174,31.564263108673188],[-101.28412929177071,31.564279056812193]]]}},{"type":"Feature","properties":{"ABSTRACT_L":"B2--S57","ABSTRACT_N":"B2--S57","LEVEL1_SUR":null,"LEVEL2_BLO":"2","LEVEL3_SUR":"57","Surv_Sect":"57","SHAPE_AREA":635.7777112424936,"owner_count":0.0,"top_owner":"","top_owner_state":"","top_operator":"","max_propensity_score":0.0,"field_name":"Unknown","production_trend":null},"geometry":{"type":"Polygon","coordinates":[[[-101.29167256019582,31.57874150144642],[-101.29135408407139,31.593338902846845],[-101.2745678565502,31.593131362930208],[-101.27474768399873,31.57872378642117],[-101.29167256019582,31.57874150144642]]]}},{"type":"Feature","properties":{"ABSTRACT_L":"A-412","ABSTRACT_N":"412","LEVEL1_SUR":"T&PRR","LEVEL2_BLO":"2","LEVEL3_SUR":"58","Surv_Sect":"58","SHAPE_AREA":638.6744677365305,"owner_count":2.0,"top_owner":"JUDSON INVESTMENT CORPORATION","top_owner_state":"GA","top_operator":"BURLESON PETROLEUM","max_propensity_score":4.0,"field_name":"Unknown","production_trend":null},"geometry":{"type":"Polygon","coordinates":[[[-101.29135408407139,31.593338902846845],[-101.29112268793568,31.607947710183453],[-101.27438718738024,31.60782813292802],[-101.2745678565502,31.593131362930208],[-101.29135408407139,31.593338902846845]]]}},{"type":"Feature","properties":{"ABSTRACT_L":"B2--S59","ABSTRACT_N":"B2--S59","LEVEL1_SUR":null,"LEVEL2_BLO":"2","LEVEL3_SUR":"59","Surv_Sect":"59","SHAPE_AREA":631.4956726368752,"owner_count":0.0,"top_owner":"","top_owner_state":"","top_operator":"","max_propensity_score":0.0,"field_name":"Unknown","production_trend":null},"geometry":{"type":"Polygon","coordinates":[[[-101.29112268793568,31.607947710183453],[-101.29103535372376,31.622378387801042],[-101.27418987691968,31.622329486231862],[-101.27438718738024,31.60782813292802],[-101.29112268793568,31.607947710183453]]]}},{"type":"Feature","properties":{"ABSTRACT_L":"B2--S6","ABSTRACT_N":"B2--S6","LEVEL1_SUR":null,"LEVEL2_BLO":"2","LEVEL3_SUR":"6","Surv_Sect":"6","SHAPE_AREA":653.4055142936021,"owner_count":0.0,"top_owner":"","top_owner_state":"","top_operator":"","max_propensity_score":0.0,"field_name":"Unknown","production_trend":null},"geometry":{"type":"Polygon","coordinates":[[[-101.76419586878409,31.216566194043853],[-101.77241839471803,31.216655713821655],[-101.77201379980227,31.231226881562474],[-101.76395179023318,31.231176299219364],[-101.75508736682478,31.231120098717795],[-101.75508969974958,31.21646643797862],[-101.76419586878409,31.216566194043853]]]}},{"type":"Feature","properties":{"ABSTRACT_L":"B2--S60","ABSTRACT_N":"B2--S60","LEVEL1_SUR":null,"LEVEL2_BLO":"2","LEVEL3_SUR":"60","Surv_Sect":"60","SHAPE_AREA":677.031128580621,"owner_count":1.0,"top_owner":"KING ENERGY RESOURCES","top_owner_state":"TX","top_operator":"KING ENERGY RESOURCE","max_propensity_score":2.0,"field_name":"Unknown","production_trend":null},"geometry":{"type":"Polygon","coordinates":[[[-101.29103535372376,31.622378387801042],[-101.29081542368431,31.630156033903898],[-101.290620920459,31.638069147822986],[-101.27394456408358,31.637715457840567],[-101.27406354414633,31.629683100430942],[-101.27418987691968,31.622329486231862],[-101.29103535372376,31.622378387801042]]]}},{"type":"Feature","properties":{"ABSTRACT_L":"B2--S61","ABSTRACT_N":"B2--S61","LEVEL1_SUR":null,"LEVEL2_BLO":"2","LEVEL3_SUR":"61","Surv_Sect":"61","SHAPE_AREA":557.2260220448713,"owner_count":0.0,"top_owner":"","top_owner_state":"","top_operator":"","max_propensity_score":0.0,"field_name":"Unknown","production_trend":null},"geometry":{"type":"Polygon","coordinates":[[[-101.290620920459,31.638069147822986],[-101.29041510205437,31.65091094131728],[-101.29041455318372,31.65094732041986],[-101.28910408635569,31.65094248445397],[-101.27395640657396,31.6507018871857],[-101.27394456408358,31.637715457840567],[-101.290620920459,31.638069147822986]]]}},{"type":"Feature","properties":{"ABSTRACT_L":"B2--S7","ABSTRACT_N":"B2--S7","LEVEL1_SUR":"UL","LEVEL2_BLO":"2","LEVEL3_SUR":"7","Surv_Sect":"7","SHAPE_AREA":643.0637629677663,"owner_count":5.0,"top_owner":"FDR HOLDINGS LP","top_owner_state":"TX","top_operator":"PIONEER NAT RES USA","max_propensity_score":3.0,"field_name":"Unknown","production_trend":null},"geometry":{"type":"Polygon","coordinates":[[[-101.76395179023318,31.231176299219364],[-101.77201379980227,31.231226881562474],[-101.7717746844433,31.246007569388844],[-101.75518329611734,31.2457407505883],[-101.75508736682478,31.231120098717795],[-101.76395179023318,31.231176299219364]]]}},{"type":"Feature","properties":{"ABSTRACT_L":"A-711","ABSTRACT_N":"711","LEVEL1_SUR":"T&PRR","LEVEL2_BLO":"2","LEVEL3_SUR":"70","Surv_Sect":"70","SHAPE_AREA":585.5309458061022,"owner_count":11.0,"top_owner":"BALES MARLENE","top_owner_state":"TX","top_operator":"P1 ENERGY LLC","max_propensity_score":3.0,"field_name":"Unknown","production_trend":null},"geometry":{"type":"Polygon","coordinates":[[[-101.30478323191736,31.65100542463759],[-101.30460978160905,31.651005122581104],[-101.30354007495522,31.650999968502973],[-101.29041455318372,31.65094732041986],[-101.29041510205437,31.65091094131728],[-101.290620920459,31.638069147822986],[-101.30828016760422,31.63855770028094],[-101.30831651613558,31.65101942094052],[-101.30808583775377,31.65101860500573],[-101.3077110004301,31.6510150101515],[-101.30537992886168,31.651004981876316],[-101.30478323191736,31.65100542463759]]]}},{"type":"Feature","properties":{"ABSTRACT_L":"B2--S71","ABSTRACT_N":"B2--S71","LEVEL1_SUR":null,"LEVEL2_BLO":"2","LEVEL3_SUR":"71","Surv_Sect":"71","SHAPE_AREA":717.1132633424431,"owner_count":0.0,"top_owner":"","top_owner_state":"","top_operator":"","max_propensity_score":0.0,"field_name":"Unknown","production_trend":null},"geometry":{"type":"Polygon","coordinates":[[[-101.30826243126728,31.622562267384865],[-101.30818121548074,31.629688820933623],[-101.30827547839846,31.63694695055972],[-101.30828016760422,31.63855770028094],[-101.290620920459,31.638069147822986],[-101.29081542368431,31.630156033903898],[-101.29103535372376,31.622378387801042],[-101.30826243126728,31.622562267384865]]]}},{"type":"Feature","properties":{"ABSTRACT_L":"B2--S72","ABSTRACT_N":"B2--S72","LEVEL1_SUR":null,"LEVEL2_BLO":"2","LEVEL3_SUR":"72","Surv_Sect":"72","SHAPE_AREA":652.1876130990896,"owner_count":1.0,"top_owner":"KING ENERGY RESOURCES","top_owner_state":"TX","top_operator":"KING ENERGY RESOURCE","max_propensity_score":2.0,"field_name":"Unknown","production_trend":null},"geometry":{"type":"Polygon","coordinates":[[[-101.3083254453895,31.60797296231815],[-101.30843953412554,31.615413701530905],[-101.30826243126728,31.622562267384865],[-101.29103535372376,31.622378387801042],[-101.29112268793568,31.607947710183453],[-101.3083254453895,31.60797296231815]]]}},{"type":"Feature","properties":{"ABSTRACT_L":"B2--S73","ABSTRACT_N":"B2--S73","LEVEL1_SUR":null,"LEVEL2_BLO":"2","LEVEL3_SUR":"73","Surv_Sect":"73","SHAPE_AREA":650.4450588377113,"owner_count":0.0,"top_owner":"","top_owner_state":"","top_operator":"","max_propensity_score":0.0,"field_name":"Unknown","production_trend":null},"geometry":{"type":"Polygon","coordinates":[[[-101.30830588187925,31.60126441896021],[-101.3083254453895,31.60797296231815],[-101.29112268793568,31.607947710183453],[-101.29135408407139,31.593338902846845],[-101.30847195522244,31.593353293473974],[-101.30830588187925,31.60126441896021]]]}},{"type":"Feature","properties":{"ABSTRACT_L":"B2--S74","ABSTRACT_N":"B2--S74","LEVEL1_SUR":null,"LEVEL2_BLO":"2","LEVEL3_SUR":"74","Surv_Sect":"74","SHAPE_AREA":644.9854721942535,"owner_count":0.0,"top_owner":"","top_owner_state":"","top_operator":"","max_propensity_score":0.0,"field_name":"Unknown","production_trend":null},"geometry":{"type":"Polygon","coordinates":[[[-101.3086676954279,31.578871122248017],[-101.30847195522244,31.593353293473974],[-101.29135408407139,31.593338902846845],[-101.29167256019582,31.57874150144642],[-101.3086676954279,31.578871122248017]]]}},{"type":"Feature","properties":{"ABSTRACT_L":"B2--S75","ABSTRACT_N":"B2--S75","LEVEL1_SUR":null,"LEVEL2_BLO":"2","LEVEL3_SUR":"75","Surv_Sect":"75","SHAPE_AREA":641.3252685167702,"owner_count":0.0,"top_owner":"","top_owner_state":"","top_operator":"","max_propensity_score":0.0,"field_name":"Unknown","production_trend":null},"geometry":{"type":"Polygon","coordinates":[[[-101.30891455336631,31.564364846516945],[-101.3086676954279,31.578871122248017],[-101.29167256019582,31.57874150144642],[-101.29184603565697,31.564296040551543],[-101.30891455336631,31.564364846516945]]]}},{"type":"Feature","properties":{"ABSTRACT_L":"B2--S76","ABSTRACT_N":"B2--S76","LEVEL1_SUR":null,"LEVEL2_BLO":"2","LEVEL3_SUR":"76","Surv_Sect":"76","SHAPE_AREA":651.8594946162797,"owner_count":0.0,"top_owner":"","top_owner_state":"","top_operator":"","max_propensity_score":0.0,"field_name":"Unknown","production_trend":null},"geometry":{"type":"Polygon","coordinates":[[[-101.30916795014166,31.54980515441906],[-101.30904874370346,31.556653443434357],[-101.30891455336631,31.564364846516945],[-101.29184603565697,31.564296040551543],[-101.29193397084181,31.556714999868632],[-101.2919723846,31.55340390094127],[-101.29197274482443,31.552803461539863],[-101.29207454460736,31.549559744634294],[-101.30916795014166,31.54980515441906]]]}},{"type":"Feature","properties":{"ABSTRACT_L":"B2--S77","ABSTRACT_N":"B2--S77","LEVEL1_SUR":null,"LEVEL2_BLO":"2","LEVEL3_SUR":"77","Surv_Sect":"77","SHAPE_AREA":573.2877531366139,"owner_count":0.0,"top_owner":"","top_owner_state":"","top_operator":"","max_propensity_score":0.0,"field_name":"Unknown","production_trend":null},"geometry":{"type":"Polygon","coordinates":[[[-101.309219063383,31.54652926635396],[-101.30916795014166,31.54980515441906],[-101.29207454460736,31.549559744634294],[-101.28939615560401,31.54953549406376],[-101.29173233050156,31.54821235935938],[-101.29606667120471,31.545925633189306],[-101.29781152916819,31.54497987149818],[-101.2961781179955,31.542979814259525],[-101.29456267851837,31.540991512117447],[-101.29001974720963,31.535431040227895],[-101.29225804975867,31.535434345535883],[-101.29325312168372,31.535435801035128],[-101.29916457344575,31.535463991470714],[-101.30073505942941,31.535466201899464],[-101.30939060566966,31.535478044191827],[-101.309347455095,31.53825762303236],[-101.30933458583021,31.539086679119272],[-101.30928320489092,31.542396831426338],[-101.30927338360992,31.543029506992188],[-101.30922995635414,31.545827441233303],[-101.309219063383,31.54652926635396]]]}},{"type":"Feature","properties":{"ABSTRACT_L":"B2--S78","ABSTRACT_N":"B2--S78","LEVEL1_SUR":null,"LEVEL2_BLO":"2","LEVEL3_SUR":"78","Surv_Sect":"78","SHAPE_AREA":647.8192999250983,"owner_count":0.0,"top_owner":"","top_owner_state":"","top_operator":"","max_propensity_score":0.0,"field_name":"Unknown","production_trend":null},"geometry":{"type":"Polygon","coordinates":[[[-101.30960565606047,31.521016768261333],[-101.30939060566966,31.535478044191827],[-101.30073505942941,31.535466201899464],[-101.29916457344575,31.535463991470714],[-101.29325312168372,31.535435801035128],[-101.29225804975867,31.535434345535883],[-101.29225639596021,31.532675709527613],[-101.29231877048197,31.52704634311814],[-101.29238109379976,31.52094238847158],[-101.30960565606047,31.521016768261333]]]}},{"type":"Feature","properties":{"ABSTRACT_L":"A-609","ABSTRACT_N":"609","LEVEL1_SUR":"T&PRR","LEVEL2_BLO":"2","LEVEL3_SUR":"79","Surv_Sect":"79","SHAPE_AREA":673.8459796413458,"owner_count":21.0,"top_owner":"GREER SCOTT H REVOCABLE TRUST","top_owner_state":"OK","top_operator":"PERMIAN RESOURCES OP","max_propensity_score":6.0,"field_name":"Unknown","production_trend":null},"geometry":{"type":"Polygon","coordinates":[[[-101.3097439831395,31.506052939358824],[-101.30960565606047,31.521016768261333],[-101.29238109379976,31.52094238847158],[-101.29245992725414,31.51607071065755],[-101.29254362688242,31.50580095198516],[-101.3097439831395,31.506052939358824]]]}},{"type":"Feature","properties":{"ABSTRACT_L":"B2--S8","ABSTRACT_N":"B2--S8","LEVEL1_SUR":null,"LEVEL2_BLO":"2","LEVEL3_SUR":"8","Surv_Sect":"8","SHAPE_AREA":620.0598349231774,"owner_count":1.0,"top_owner":"PIONEER NATURAL RES INC WI","top_owner_state":"TX","top_operator":"PIONEER NATURAL RES","max_propensity_score":2.0,"field_name":"Unknown","production_trend":null},"geometry":{"type":"Polygon","coordinates":[[[-101.75040987866625,31.24566446669553],[-101.74697539565456,31.24558703302076],[-101.73874999062014,31.245477092960723],[-101.73901540775229,31.230850241364234],[-101.75041001341354,31.231041839665295],[-101.75508736682478,31.231120098717795],[-101.75518329611734,31.2457407505883],[-101.75040987866625,31.24566446669553]]]}},{"type":"Feature","properties":{"ABSTRACT_L":"B2--S80","ABSTRACT_N":"B2--S80","LEVEL1_SUR":null,"LEVEL2_BLO":"2","LEVEL3_SUR":"80","Surv_Sect":"80","SHAPE_AREA":647.3899558246993,"owner_count":0.0,"top_owner":"","top_owner_state":"","top_operator":"","max_propensity_score":0.0,"field_name":"Unknown","production_trend":null},"geometry":{"type":"Polygon","coordinates":[[[-101.29270765655835,31.491396433737965],[-101.30987297582439,31.491516655125803],[-101.30982212129786,31.49773704180529],[-101.30980629388087,31.500141918271108],[-101.3097439831395,31.506052939358824],[-101.29254362688242,31.50580095198516],[-101.2925735479679,31.503299857066153],[-101.29261066096556,31.50010363971937],[-101.29270765655835,31.491396433737965]]]}},{"type":"Feature","properties":{"ABSTRACT_L":"B2--S81","ABSTRACT_N":"B2--S81","LEVEL1_SUR":null,"LEVEL2_BLO":"2","LEVEL3_SUR":"81","Surv_Sect":"81","SHAPE_AREA":643.3295425159706,"owner_count":0.0,"top_owner":"","top_owner_state":"","top_operator":"","max_propensity_score":0.0,"field_name":"Unknown","production_trend":null},"geometry":{"type":"Polygon","coordinates":[[[-101.32692737022084,31.491669406423462],[-101.32678247466046,31.50014167623454],[-101.32662873788107,31.506240175558517],[-101.3097439831395,31.506052939358824],[-101.30980629388087,31.500141918271108],[-101.30982212129786,31.49773704180529],[-101.30987297582439,31.491516655125803],[-101.32692737022084,31.491669406423462]]]}},{"type":"Feature","properties":{"ABSTRACT_L":"A-371","ABSTRACT_N":"371","LEVEL1_SUR":"T&PRR","LEVEL2_BLO":"2","LEVEL3_SUR":"82","Surv_Sect":"82","SHAPE_AREA":652.9750654903957,"owner_count":60.0,"top_owner":"ADAIR JANET REV LIVING TRUST","top_owner_state":"OK","top_operator":"PERMIAN RESOURCES OP","max_propensity_score":7.0,"field_name":"Unknown","production_trend":null},"geometry":{"type":"Polygon","coordinates":[[[-101.32662873788107,31.506240175558517],[-101.32650820822442,31.512790902629543],[-101.32650792884839,31.51341338417333],[-101.32641620995956,31.52107828846808],[-101.30960565606047,31.521016768261333],[-101.3097439831395,31.506052939358824],[-101.32662873788107,31.506240175558517]]]}},{"type":"Feature","properties":{"ABSTRACT_L":"B2--S83","ABSTRACT_N":"B2--S83","LEVEL1_SUR":"T&PRR NE4","LEVEL2_BLO":"2","LEVEL3_SUR":"83","Surv_Sect":"83","SHAPE_AREA":633.4611609331803,"owner_count":1.0,"top_owner":"DIAMONDBACK E&P LLC  WI","top_owner_state":"OK","top_operator":"DIAMONDBACK E&P LLC","max_propensity_score":6.0,"field_name":"Unknown","production_trend":null},"geometry":{"type":"Polygon","coordinates":[[[-101.32641620995956,31.52107828846808],[-101.32622667801104,31.535555779727435],[-101.30939060566966,31.535478044191827],[-101.30960565606047,31.521016768261333],[-101.32641620995956,31.52107828846808]]]}},{"type":"Feature","properties":{"ABSTRACT_L":"B2--S84","ABSTRACT_N":"B2--S84","LEVEL1_SUR":"T&P","LEVEL2_BLO":"2","LEVEL3_SUR":"84","Surv_Sect":"84","SHAPE_AREA":630.3515354738546,"owner_count":1.0,"top_owner":"DIAMONDBACK E&P LLC  WI","top_owner_state":"OK","top_operator":"DIAMONDBACK E&P LLC","max_propensity_score":6.0,"field_name":"Unknown","production_trend":null},"geometry":{"type":"Polygon","coordinates":[[[-101.30916795014166,31.54980515441906],[-101.309219063383,31.54652926635396],[-101.30922995635414,31.545827441233303],[-101.30927338360992,31.543029506992188],[-101.30928320489092,31.542396831426338],[-101.30933458583021,31.539086679119272],[-101.309347455095,31.53825762303236],[-101.30939060566966,31.535478044191827],[-101.32622667801104,31.535555779727435],[-101.32608221903189,31.542530714260373],[-101.32599770912321,31.550040377423933],[-101.30916795014166,31.54980515441906]]]}},{"type":"Feature","properties":{"ABSTRACT_L":"B2--S85","ABSTRACT_N":"B2--S85","LEVEL1_SUR":null,"LEVEL2_BLO":"2","LEVEL3_SUR":"85","Surv_Sect":"85","SHAPE_AREA":635.1411476218746,"owner_count":0.0,"top_owner":"","top_owner_state":"","top_operator":"","max_propensity_score":0.0,"field_name":"Unknown","production_trend":null},"geometry":{"type":"Polygon","coordinates":[[[-101.3258992672428,31.55693212421977],[-101.32579154846046,31.56447502520298],[-101.31731781225056,31.564395222649893],[-101.30891455336631,31.564364846516945],[-101.30904874370346,31.556653443434357],[-101.30916795014166,31.54980515441906],[-101.32599770912321,31.550040377423933],[-101.3258992672428,31.55693212421977]]]}},{"type":"Feature","properties":{"ABSTRACT_L":"B2--S86","ABSTRACT_N":"B2--S86","LEVEL1_SUR":null,"LEVEL2_BLO":"2","LEVEL3_SUR":"86","Surv_Sect":"86","SHAPE_AREA":638.5034378398318,"owner_count":0.0,"top_owner":"","top_owner_state":"","top_operator":"","max_propensity_score":0.0,"field_name":"Unknown","production_trend":null},"geometry":{"type":"Polygon","coordinates":[[[-101.31731781225056,31.564395222649893],[-101.32579154846046,31.56447502520298],[-101.32554909855516,31.579027568638537],[-101.3086676954279,31.578871122248017],[-101.30891455336631,31.564364846516945],[-101.31731781225056,31.564395222649893]]]}},{"type":"Feature","properties":{"ABSTRACT_L":"B2--S87","ABSTRACT_N":"B2--S87","LEVEL1_SUR":null,"LEVEL2_BLO":"2","LEVEL3_SUR":"87","Surv_Sect":"87","SHAPE_AREA":635.900809042324,"owner_count":0.0,"top_owner":"","top_owner_state":"","top_operator":"","max_propensity_score":0.0,"field_name":"Unknown","production_trend":null},"geometry":{"type":"Polygon","coordinates":[[[-101.32554909855516,31.579027568638537],[-101.32535323258554,31.59351141423533],[-101.30847195522244,31.593353293473974],[-101.3086676954279,31.578871122248017],[-101.32554909855516,31.579027568638537]]]}},{"type":"Feature","properties":{"ABSTRACT_L":"B2--S88","ABSTRACT_N":"B2--S88","LEVEL1_SUR":null,"LEVEL2_BLO":"2","LEVEL3_SUR":"88","Surv_Sect":"88","SHAPE_AREA":646.4108112098785,"owner_count":0.0,"top_owner":"","top_owner_state":"","top_operator":"","max_propensity_score":0.0,"field_name":"Unknown","production_trend":null},"geometry":{"type":"Polygon","coordinates":[[[-101.30847195522244,31.593353293473974],[-101.32535323258554,31.59351141423533],[-101.32537069583466,31.608155227030455],[-101.31587367790488,31.608026121302228],[-101.30944550800486,31.607979000122665],[-101.3083254453895,31.60797296231815],[-101.30830588187925,31.60126441896021],[-101.30847195522244,31.593353293473974]]]}},{"type":"Feature","properties":{"ABSTRACT_L":"B2--S89","ABSTRACT_N":"B2--S89","LEVEL1_SUR":null,"LEVEL2_BLO":"2","LEVEL3_SUR":"89","Surv_Sect":"89","SHAPE_AREA":644.3474158355295,"owner_count":0.0,"top_owner":"","top_owner_state":"","top_operator":"","max_propensity_score":0.0,"field_name":"Unknown","production_trend":null},"geometry":{"type":"Polygon","coordinates":[[[-101.32537069583466,31.608155227030455],[-101.3252654680806,31.622779799799897],[-101.30919790356648,31.622572187047197],[-101.30826243126728,31.622562267384865],[-101.30843953412554,31.615413701530905],[-101.3083254453895,31.60797296231815],[-101.30944550800486,31.607979000122665],[-101.31587367790488,31.608026121302228],[-101.32537069583466,31.608155227030455]]]}},{"type":"Feature","properties":{"ABSTRACT_L":"B2--S9","ABSTRACT_N":"B2--S9","LEVEL1_SUR":null,"LEVEL2_BLO":"2","LEVEL3_SUR":"9","Surv_Sect":"9","SHAPE_AREA":656.7984223764711,"owner_count":0.0,"top_owner":"","top_owner_state":"","top_operator":"","max_propensity_score":0.0,"field_name":"Unknown","production_trend":null},"geometry":{"type":"Polygon","coordinates":[[[-101.72989282739586,31.23076867295513],[-101.73901540775229,31.230850241364234],[-101.73874999062014,31.245477092960723],[-101.72980815129885,31.245330713379882],[-101.72149398822279,31.245194050555178],[-101.72171954620748,31.230695042407522],[-101.72989282739586,31.23076867295513]]]}},{"type":"Feature","properties":{"ABSTRACT_L":"B2--S90","ABSTRACT_N":"B2--S90","LEVEL1_SUR":null,"LEVEL2_BLO":"2","LEVEL3_SUR":"90","Surv_Sect":"90","SHAPE_AREA":634.9326832784614,"owner_count":0.0,"top_owner":"","top_owner_state":"","top_operator":"","max_propensity_score":0.0,"field_name":"Unknown","production_trend":null},"geometry":{"type":"Polygon","coordinates":[[[-101.3252654680806,31.622779799799897],[-101.32524075812209,31.62980209354485],[-101.32515621138249,31.63712850843575],[-101.30827547839846,31.63694695055972],[-101.30818121548074,31.629688820933623],[-101.30826243126728,31.622562267384865],[-101.30919790356648,31.622572187047197],[-101.3252654680806,31.622779799799897]]]}},{"type":"Feature","properties":{"ABSTRACT_L":"A-615","ABSTRACT_N":"615","LEVEL1_SUR":"T&P","LEVEL2_BLO":"2","LEVEL3_SUR":"91","Surv_Sect":"91","SHAPE_AREA":600.6995807915152,"owner_count":1.0,"top_owner":"BURK ROYALTY CO LTD","top_owner_state":"TX","top_operator":"BURK ROYALTY CO","max_propensity_score":2.0,"field_name":"Unknown","production_trend":null},"geometry":{"type":"Polygon","coordinates":[[[-101.32515621138249,31.63712850843575],[-101.32467798066459,31.646230050283375],[-101.32442336038382,31.6510771725867],[-101.30831651613558,31.65101942094052],[-101.30828016760422,31.63855770028094],[-101.30827547839846,31.63694695055972],[-101.32515621138249,31.63712850843575]]]}},{"type":"Feature","properties":{"ABSTRACT_L":"B2--S99","ABSTRACT_N":"B2--S99","LEVEL1_SUR":null,"LEVEL2_BLO":"2","LEVEL3_SUR":"99","Surv_Sect":"99","SHAPE_AREA":613.6686189908911,"owner_count":0.0,"top_owner":"","top_owner_state":"","top_operator":"","max_propensity_score":0.0,"field_name":"Unknown","production_trend":null},"geometry":{"type":"Polygon","coordinates":[[[-101.34175624509476,31.622878709294906],[-101.34170023873006,31.62514786105201],[-101.34142318751664,31.637381686809892],[-101.32515621138249,31.63712850843575],[-101.32524075812209,31.62980209354485],[-101.3252654680806,31.622779799799897],[-101.34175624509476,31.622878709294906]]]}},{"type":"Feature","properties":{"ABSTRACT_L":"B214--S6","ABSTRACT_N":"B214--S6","LEVEL1_SUR":null,"LEVEL2_BLO":"214","LEVEL3_SUR":"6","Surv_Sect":"6","SHAPE_AREA":26.80688836916043,"owner_count":0.0,"top_owner":"","top_owner_state":"","top_operator":"","max_propensity_score":0.0,"field_name":"Unknown","production_trend":null},"geometry":{"type":"MultiPolygon","coordinates":[[[[-101.45565285124745,31.18658138872257],[-101.45564461100135,31.186742065678057],[-101.45520237757349,31.186727609527907],[-101.4552095066036,31.186568025349008],[-101.45521673983825,31.18640613694654],[-101.4552240718876,31.18624202039008],[-101.45523174350012,31.18607030308529],[-101.45523311343094,31.186039646850805],[-101.45568062176615,31.186039972694832],[-101.45567824392558,31.18608631708491],[-101.45566946558863,31.18625749256922],[-101.45566095764457,31.18642334897618],[-101.45565285124745,31.18658138872257]]],[[[-101.4561561449618,31.18660289891625],[-101.4561488227939,31.186763730302555],[-101.4557134749527,31.186744719289383],[-101.45572101720784,31.186583990849165],[-101.4557284687331,31.186425230256916],[-101.45573628587272,31.186258638400343],[-101.45574439137152,31.186085933603504],[-101.45574649522592,31.18604110546403],[-101.45618120795821,31.186052388582436],[-101.45617880226989,31.186105245232387],[-101.45617127079454,31.186270655408613],[-101.45616359379213,31.186439306047305],[-101.4561561449618,31.18660289891625]]],[[[-101.45484741906876,31.187202734711242],[-101.45469753246866,31.18719767189434],[-101.45454222902738,31.1871924277133],[-101.45437179526179,31.18718667018016],[-101.45421630227601,31.18718141831358],[-101.45405049663076,31.187175817551893],[-101.45406663755979,31.186771856360657],[-101.45423028185844,31.186777869827615],[-101.45439007597783,31.18678374035428],[-101.45455694702501,31.186789871400123],[-101.45471059307457,31.186795515988802],[-101.45486357077756,31.186801136753836],[-101.45502608679223,31.186807107183288],[-101.45501232280547,31.187208302426253],[-101.45484741906876,31.187202734711242]]],[[[-101.45601779722152,31.186847237927292],[-101.45617003920428,31.186853614118423],[-101.4561516138595,31.187246467970347],[-101.45599918143387,31.187241644156277],[-101.45584704635063,31.187236829563822],[-101.45568523641175,31.187231707575002],[-101.45552762340189,31.187226719303176],[-101.45535977498767,31.187221406728135],[-101.45520255184667,31.18721642998315],[-101.45522233454584,31.186813919881647],[-101.45538098331323,31.18682056504784],[-101.45554005788205,31.18682722865744],[-101.45570508468795,31.186834140490056],[-101.45586211199625,31.18684071802738],[-101.45601779722152,31.186847237927292]]],[[[-101.45659329392512,31.18690563496896],[-101.45655423427826,31.187774234933453],[-101.45628629467679,31.18776436219244],[-101.4563236421347,31.186896347729164],[-101.45659329392512,31.18690563496896]]],[[[-101.45467272459378,31.18764675914723],[-101.45451634856406,31.187641478872205],[-101.4543569838394,31.187636096388054],[-101.4541940797525,31.187630594788146],[-101.45403908982328,31.18762536138992],[-101.45405107963738,31.187233076256508],[-101.45421269554014,31.18723868008877],[-101.45436480008067,31.18724395346986],[-101.45453370132041,31.187249807829325],[-101.45469484470932,31.18725539475387],[-101.45484820060307,31.18726071116946],[-101.45501510039632,31.187266496363755],[-101.45498698492456,31.187657371184997],[-101.45482860475344,31.187652023283704],[-101.45467272459378,31.18764675914723]]],[[[-101.45599962071006,31.18730341462532],[-101.45615588894194,31.18731008434883],[-101.45612814088112,31.187689762138728],[-101.45597644507404,31.187684700884812],[-101.45582909711294,31.187679784106198],[-101.4556639454412,31.187674273286937],[-101.45550235109799,31.18766888158283],[-101.45533862684927,31.187663416872187],[-101.45518709992545,31.18765836022781],[-101.45520242877747,31.187269387423846],[-101.45535673958034,31.187275974152794],[-101.45552151485796,31.187283007374067],[-101.45568656412175,31.18729005289063],[-101.45584068807503,31.18729663039634],[-101.45599962071006,31.18730341462532]]],[[[-101.45560722671249,31.188501187685297],[-101.45559941316613,31.188688884937196],[-101.45516055201388,31.188647684482834],[-101.4551680242004,31.188486545063085],[-101.4551747597684,31.18834128219744],[-101.45518093927923,31.1882079982155],[-101.45518715292606,31.188074014725782],[-101.4551937672215,31.1879313640753],[-101.45520072826662,31.187781252747953],[-101.45563650460421,31.18779772370722],[-101.45563018944777,31.18794947572318],[-101.45562429560118,31.188091068913042],[-101.45561859309578,31.188228085578622],[-101.4556130702534,31.188360764737503],[-101.45560722671249,31.188501187685297]]],[[[-101.45612998691902,31.18810850964438],[-101.45612343550567,31.188242652929592],[-101.45611689487208,31.18837656240635],[-101.45610992035222,31.188519358397073],[-101.4561034956013,31.188650884429236],[-101.45609922501045,31.188738318081363],[-101.45566664398031,31.188696565880896],[-101.45566993989908,31.188637073324532],[-101.45567729979622,31.188504205506867],[-101.4556851277156,31.188362880366537],[-101.45569260169876,31.188227948020288],[-101.45570014664884,31.188091739030654],[-101.45570810751887,31.187948012528366],[-101.45571605850748,31.187804464096583],[-101.45614418389377,31.18781785188715],[-101.45613707193166,31.18796347290142],[-101.45612998691902,31.18810850964438]]],[[[-101.45623525150403,31.188732410788916],[-101.45628901926703,31.18790473991598],[-101.45652924135042,31.187910225361794],[-101.45651133882512,31.188331766859466],[-101.45649343719816,31.1887533087852],[-101.45623525150403,31.188732410788916]]],[[[-101.45501639576695,31.186406325996835],[-101.45500861276334,31.186564236664324],[-101.45500070489389,31.186724686174518],[-101.45455918293175,31.18670519484429],[-101.45456591670312,31.186549144172318],[-101.45457264328796,31.18639327614543],[-101.45457966991013,31.18623042989484],[-101.45458716814781,31.186056669127577],[-101.45458812215863,31.186034558611155],[-101.45503530171042,31.18603056010457],[-101.45503301190477,31.186069204130433],[-101.4550244967742,31.186241974280126],[-101.45501639576695,31.186406325996835]]],[[[-101.45345134369245,31.18619766648834],[-101.45345849158717,31.186024014019413],[-101.45390535672861,31.18603890371111],[-101.45389779560885,31.186211856050306],[-101.45389064412089,31.18637543086843],[-101.45388356359982,31.186537396941514],[-101.45387689091389,31.186690009386837],[-101.45343177119904,31.18667303102818],[-101.45343806928749,31.186520049677274],[-101.4534447105324,31.18635873910292],[-101.45345134369245,31.18619766648834]]],[[[-101.45450760795634,31.18655119528817],[-101.45450099635585,31.186702978505394],[-101.45404910873364,31.18669089315595],[-101.4540549900038,31.1865352674388],[-101.45406112010731,31.18637299396305],[-101.45406726548215,31.186210370542256],[-101.45407391391358,31.1860344218181],[-101.45452953852738,31.18604769458399],[-101.4545218767963,31.18622359563656],[-101.45451474507126,31.186387334892803],[-101.45450760795634,31.18655119528817]]],[[[-101.45387871449391,31.186766947988023],[-101.45385675697344,31.187164207958745],[-101.45370312709353,31.187159378761063],[-101.4535350002016,31.187154093079428],[-101.45338099302928,31.187149251585343],[-101.45321944090689,31.187144173395772],[-101.45306102839645,31.187139192804256],[-101.45290142831318,31.18713417455646],[-101.4529170042019,31.18673243644215],[-101.45307114522316,31.1867379680656],[-101.45323190143822,31.18674373715347],[-101.45339335205097,31.186749530832827],[-101.45354980264085,31.18675514545265],[-101.45371905063027,31.18676121963172],[-101.45387871449391,31.186766947988023]]],[[[-101.45385866230015,31.1872264603219],[-101.45383810255824,31.18761588056192],[-101.45367966938652,31.187610035446927],[-101.4535161984627,31.187604005894553],[-101.45336442001062,31.18759840592637],[-101.45320123205609,31.18759238559514],[-101.45303133099146,31.187586117042024],[-101.45287888509111,31.187580493249655],[-101.45290253773254,31.18719192973131],[-101.45305765971413,31.187197532028993],[-101.45321997720113,31.18720339484476],[-101.45338344004011,31.18720929839017],[-101.4535376098075,31.1872148653363],[-101.4537004034016,31.187220745057783],[-101.45385866230015,31.1872264603219]]],[[[-101.45388852050357,31.188297092965975],[-101.45388193854747,31.188439671596548],[-101.45387862376408,31.188511448431942],[-101.45343691585067,31.188469233506137],[-101.4534388633982,31.188426632015723],[-101.4534455872881,31.188279606928987],[-101.45345151616898,31.188149985450323],[-101.45345793553,31.188009627302648],[-101.45346446089222,31.187866956574506],[-101.45347081467624,31.18772805505743],[-101.4539142015409,31.187740825764244],[-101.45390752616002,31.187885440181475],[-101.45390115261308,31.188023470006716],[-101.45389456167385,31.18816624578109],[-101.45388852050357,31.188297092965975]]],[[[-101.45449018243646,31.188324108172097],[-101.45448508180229,31.18847090110865],[-101.45448132055618,31.18857921451827],[-101.454024438301,31.18853795791711],[-101.45402797227332,31.188453960724978],[-101.45403407632567,31.188308888392747],[-101.45403954077756,31.188179072528065],[-101.45404532233472,31.1880416646332],[-101.45405147040452,31.187895587259096],[-101.45405760589792,31.18774977478722],[-101.45450960491121,31.18776493855702],[-101.45450447463261,31.187912671449418],[-101.45449946472829,31.188056862169525],[-101.45449458418135,31.18819735473166],[-101.45449018243646,31.188324108172097]]],[[[-101.45499197596428,31.188344412990844],[-101.45498611715199,31.1884869354511],[-101.4549802403734,31.18862990495155],[-101.45453860612186,31.18858744262824],[-101.45454259733667,31.188473234215195],[-101.45454780487036,31.188324287228376],[-101.45455236112548,31.18819397033405],[-101.45455721023137,31.188055252964507],[-101.45456215276208,31.187913870285882],[-101.45456738904188,31.18776411935083],[-101.45501509051485,31.187782119600186],[-101.45500897837766,31.18793082997838],[-101.45500308902265,31.188074073898996],[-101.45499747904371,31.188210568021077],[-101.45499197596428,31.188344412990844]]],[[[-101.45273561188814,31.186652297799043],[-101.45229357608966,31.18663915191967],[-101.45230035208183,31.186479007357594],[-101.45230737600906,31.186313033467986],[-101.45231402803373,31.186155836317205],[-101.45231947272268,31.186027168713036],[-101.45276066140984,31.186029723976308],[-101.45275497687074,31.186170978055895],[-101.45274865542606,31.186328119849673],[-101.45274196567215,31.186494373445576],[-101.45273561188814,31.186652297799043]]],[[[-101.45337675837104,31.186515577028977],[-101.45336923587884,31.18667267905746],[-101.4529167347073,31.186656755071006],[-101.45292358615797,31.186497203817982],[-101.45293047982945,31.18633668706284],[-101.4529374121285,31.186175280113662],[-101.45294381531986,31.18602617427371],[-101.45340050623389,31.18601960129074],[-101.45339218963099,31.18619330372012],[-101.4533846374944,31.186351024155606],[-101.45337675837104,31.186515577028977]]],[[[-101.45270959847414,31.18713037744101],[-101.45255563442097,31.187123878309936],[-101.45239420177451,31.187117063328433],[-101.45224053326707,31.187110575723786],[-101.4520815143938,31.187103863719148],[-101.45191991376238,31.18709704105127],[-101.45174962911712,31.18708985258088],[-101.45177752360333,31.18668455384161],[-101.45193093070104,31.186690707180198],[-101.4521037899179,31.1866976405406],[-101.45226138496143,31.186703962178683],[-101.45241666145327,31.186710190059998],[-101.45257307880547,31.186716462513612],[-101.45273194855842,31.186722834871077],[-101.45270959847414,31.18713037744101]]],[[[-101.45268825450299,31.187577909594186],[-101.45253467313213,31.187571398966504],[-101.45237283714211,31.187564540213355],[-101.45221730552876,31.1875579465881],[-101.4520610615514,31.1875513229913],[-101.45190032150603,31.187544509577513],[-101.45174397961232,31.187537880600384],[-101.45174846849378,31.18715106215047],[-101.45191448883638,31.187156826602244],[-101.45207398291846,31.187162364348822],[-101.45223515685011,31.187167959731834],[-101.45239561123121,31.187173529754414],[-101.45255139976273,31.187178938393526],[-101.4527109953544,31.187184478444262],[-101.45268825450299,31.187577909594186]]],[[[-101.45269823568411,31.18826687471894],[-101.45269105545005,31.188417128982064],[-101.45225240001197,31.188372279660697],[-101.45225734703423,31.188248691662995],[-101.452262568941,31.18811824863338],[-101.45226799117204,31.187982816423563],[-101.45227373859323,31.18783922885183],[-101.45227953182851,31.187694546737113],[-101.45272496146212,31.187707578733963],[-101.45271779560112,31.187857531101677],[-101.4527112594591,31.187994321402456],[-101.45270473319857,31.188130895561777],[-101.45269823568411,31.18826687471894]]],[[[-101.45294148958159,31.18798989032199],[-101.45294840032108,31.187849348268863],[-101.45295559852143,31.18770297857301],[-101.45340888482053,31.187722857015],[-101.45340118715687,31.187866988850924],[-101.45339360537587,31.188008921834214],[-101.45338614037586,31.188148682871653],[-101.45337912094024,31.188280108747737],[-101.45336925384515,31.188464823196888],[-101.45292010877951,31.18842472541493],[-101.45292800317424,31.188264177346863],[-101.45293455907915,31.18813085636916],[-101.45294148958159,31.18798989032199]]],[[[-101.45107717005838,31.18659337648705],[-101.45070681442967,31.186578439235827],[-101.45070743067396,31.186415988311285],[-101.45070803524014,31.186257253566247],[-101.45070864070465,31.18609754332891],[-101.45070898116613,31.186008010768326],[-101.45110144074073,31.186013009094825],[-101.45109743964444,31.18610866198163],[-101.45109057561736,31.186272842554658],[-101.45108399096632,31.18643029465215],[-101.45107717005838,31.18659337648705]]],[[[-101.45159236914517,31.18644929804355],[-101.45158652111267,31.18661229223723],[-101.45114571690443,31.186592206068163],[-101.45115131610359,31.186430851812446],[-101.45115688565836,31.186270275770454],[-101.45116252258677,31.186107805104566],[-101.45116577538641,31.18601402582079],[-101.45160790730463,31.18601623064828],[-101.45160394573423,31.1861266556293],[-101.45159821807599,31.18628630510618],[-101.45159236914517,31.18644929804355]]],[[[-101.45222660758354,31.18663529791573],[-101.45178077730128,31.1866201946761],[-101.45178665048662,31.18646289121439],[-101.45179289826942,31.186295570119402],[-101.45179881726882,31.186137058037232],[-101.45180321721709,31.1860192331791],[-101.45225214219549,31.186026133543187],[-101.45224678464314,31.18615394504063],[-101.45224006254988,31.186314324544544],[-101.45223324972675,31.18647682559576],[-101.45222660758354,31.18663529791573]]],[[[-101.45158883068126,31.18668444164134],[-101.45156785322276,31.187087506375942],[-101.45140598040182,31.187082345954444],[-101.45124552691904,31.187077230105125],[-101.45108557559448,31.187072131930865],[-101.45092889593421,31.18706713750276],[-101.45070980132799,31.187060151143434],[-101.45072021100549,31.186654407318322],[-101.45094483114902,31.186662174498537],[-101.4511095803755,31.186667871352522],[-101.45125942385647,31.18667305100904],[-101.4514317988814,31.186679012224594],[-101.45158883068126,31.18668444164134]]],[[[-101.45156898330337,31.18714606465251],[-101.45155391855607,31.187534253336995],[-101.45139249668941,31.18752893616826],[-101.45123335205199,31.187523693542584],[-101.45107016769073,31.187518317199697],[-101.45091025858699,31.18751304921329],[-101.45070917610055,31.18750642330791],[-101.45071833172992,31.18711835823643],[-101.45092070779039,31.187124950355358],[-101.45108725813901,31.18713037513556],[-101.45124797931975,31.18713561009809],[-101.45140904994514,31.187140855819226],[-101.45156898330337,31.18714606465251]]],[[[-101.45155602869866,31.18822810402222],[-101.45155246598026,31.188307219250454],[-101.45074039884487,31.188230201210622],[-101.45074060276244,31.18820140770898],[-101.45074156845138,31.18806496198812],[-101.45074252336052,31.187929814809955],[-101.45074355013489,31.187784663288824],[-101.45074457511264,31.1876395645707],[-101.45158109259341,31.18767146984677],[-101.45157456004468,31.187816556220227],[-101.45156818200616,31.18795820878227],[-101.45156210400494,31.188093189927475],[-101.45155602869866,31.18822810402222]]],[[[-101.45219178439153,31.188366436897837],[-101.4517425333247,31.18832323440855],[-101.45174595860088,31.188231506093654],[-101.45175088675853,31.18809952684199],[-101.4517559811045,31.187963100954914],[-101.4517613054192,31.187820500857377],[-101.45176683544808,31.18767243352933],[-101.452219135397,31.18768667128497],[-101.45221307715873,31.18783724615911],[-101.45220733153417,31.187980042963424],[-101.45220185989577,31.18811602310579],[-101.45219655085245,31.188247960836406],[-101.45219178439153,31.188366436897837]]]]}},{"type":"Feature","properties":{"ABSTRACT_L":"B229--S3","ABSTRACT_N":"B229--S3","LEVEL1_SUR":null,"LEVEL2_BLO":"229","LEVEL3_SUR":"3","Surv_Sect":"3","SHAPE_AREA":6.186147749323251,"owner_count":0.0,"top_owner":"","top_owner_state":"","top_operator":"","max_propensity_score":0.0,"field_name":"Unknown","production_trend":null},"geometry":{"type":"MultiPolygon","coordinates":[[[[-101.45453606209296,31.185897916872953],[-101.45452953852738,31.18604769458399],[-101.45407391391358,31.1860344218181],[-101.45407985267592,31.18587725340771],[-101.45408596571143,31.185715462960683],[-101.45454331868383,31.1857313164033],[-101.45453606209296,31.185897916872953]]],[[[-101.45503530171042,31.18603056010457],[-101.45458812215863,31.186034558611155],[-101.45459383274887,31.185902214332103],[-101.45460106957682,31.185734528744323],[-101.45504853569119,31.18575425236221],[-101.45504054966833,31.185916270987757],[-101.45503530171042,31.18603056010457]]],[[[-101.45569411805496,31.185776854785594],[-101.45568598650502,31.18593537746145],[-101.45568062176615,31.186039972694832],[-101.45523311343094,31.186039646850805],[-101.45523866951098,31.185915265019723],[-101.45524578326972,31.18575607294449],[-101.45569411805496,31.185776854785594]]],[[[-101.45619309177111,31.18579136180208],[-101.45618576511166,31.185952282176363],[-101.45618120795821,31.186052388582436],[-101.45574649522592,31.18604110546403],[-101.45575135151836,31.185937633780355],[-101.45575887760381,31.18577724902724],[-101.45619309177111,31.18579136180208]]],[[[-101.45731723812777,31.186094031285286],[-101.45662259876634,31.186086044267515],[-101.45660532146849,31.18681491508122],[-101.45632779774122,31.186806026680863],[-101.45635953701684,31.186083018683828],[-101.45636450829362,31.185969780170822],[-101.45637050544646,31.185833180606682],[-101.45732722649541,31.185866130116768],[-101.45732127515666,31.18600190964336],[-101.45731723812777,31.186094031285286]]],[[[-101.45848122386894,31.1860525345974],[-101.45847908947184,31.186102508605202],[-101.45801177508125,31.186097659372376],[-101.4574899140883,31.186092241449433],[-101.45749196943368,31.18602684363742],[-101.45749704042346,31.1858654000403],[-101.45848769263732,31.185901096162773],[-101.45848122386894,31.1860525345974]]],[[[-101.45962445852707,31.18603950390976],[-101.4596213449663,31.186109411268706],[-101.45915017231157,31.18610215816939],[-101.45865744997151,31.186094572309074],[-101.45866044046308,31.18603659436813],[-101.45866446581387,31.185958496274107],[-101.45962728822022,31.18597595661089],[-101.45962445852707,31.18603950390976]]],[[[-101.46072989567132,31.186058109296578],[-101.46072975553413,31.186097585596418],[-101.46027068408459,31.18609368622891],[-101.45979883589678,31.186089676197355],[-101.45980103407427,31.18604696220343],[-101.45980609518259,31.18594863410273],[-101.46073025769238,31.185955543693957],[-101.46072989567132,31.186058109296578]]],[[[-101.45111124405541,31.18577859774872],[-101.45110447524974,31.18594044879941],[-101.45110144074073,31.186013009094825],[-101.45070898116613,31.186008010768326],[-101.45070931084786,31.18592130928115],[-101.45070989834603,31.185766874245868],[-101.4507105190819,31.18560318310062],[-101.45111853478225,31.1856042359507],[-101.45111124405541,31.18577859774872]]],[[[-101.45161002553209,31.185957202118765],[-101.45160790730463,31.18601623064828],[-101.45116577538641,31.18601402582079],[-101.45116833648328,31.185940185203588],[-101.45117395095382,31.18577837642009],[-101.45117948367765,31.185618888240818],[-101.45162177819094,31.185629634994086],[-101.45161586368312,31.185794484994798],[-101.45161002553209,31.185957202118765]]],[[[-101.45226753213292,31.1856589872114],[-101.45226055761306,31.185825355720798],[-101.45225397116542,31.185982492708856],[-101.45225214219549,31.186026133543187],[-101.45180321721709,31.1860192331791],[-101.45180517374777,31.18596684834055],[-101.4518112301894,31.185804642287046],[-101.45181729291927,31.18564226073688],[-101.45226753213292,31.1856589872114]]],[[[-101.45277488174078,31.185676291597282],[-101.45276836446341,31.185838267320175],[-101.45276195588217,31.1859975453292],[-101.45276066140984,31.186029723976308],[-101.45231947272268,31.186027168713036],[-101.45232122353914,31.185985791113445],[-101.45232809385445,31.185823476733624],[-101.45233473150608,31.185666619985252],[-101.45277488174078,31.185676291597282]]],[[[-101.45340050623389,31.18601960129074],[-101.45294381531986,31.18602617427371],[-101.452944753161,31.186004325040265],[-101.45295173127414,31.185841826251835],[-101.4529586240473,31.185681340662498],[-101.45341605337651,31.185694920879072],[-101.45340792721645,31.185864622316718],[-101.45340050623389,31.18601960129074]]],[[[-101.45391949800783,31.18571542299855],[-101.45391227195968,31.18588071858074],[-101.45390535672861,31.18603890371111],[-101.45345849158717,31.186024014019413],[-101.45346497742351,31.185866484395973],[-101.45347193936696,31.185697390079017],[-101.45391949800783,31.18571542299855]]]]}},{"type":"Feature","properties":{"ABSTRACT_L":"A-219","ABSTRACT_N":"219","LEVEL1_SUR":"BLK 24 SEC 3049 A-219 H&TC","LEVEL2_BLO":"24","LEVEL3_SUR":"3049","Surv_Sect":"3049","SHAPE_AREA":113.77792306056746,"owner_count":8.0,"top_owner":"DISCOVERY NAT RESOURCES WI","top_owner_state":"CO","top_operator":"DISCOVERY NAT RES","max_propensity_score":5.0,"field_name":"Unknown","production_trend":null},"geometry":{"type":"Polygon","coordinates":[[[-101.27298260046663,31.382155700065706],[-101.27296219972652,31.387840452960045],[-101.27284553462228,31.396767966826896],[-101.26979852553532,31.396751949471902],[-101.26986597553845,31.394344919185812],[-101.26998497895738,31.386524037772226],[-101.27000704068244,31.38514297848859],[-101.27011674923315,31.38211989640422],[-101.27298260046663,31.382155700065706]]]}},{"type":"Feature","properties":{"ABSTRACT_L":"B24--S3050","ABSTRACT_N":"B24--S3050","LEVEL1_SUR":null,"LEVEL2_BLO":"24","LEVEL3_SUR":"3050","Surv_Sect":"3050","SHAPE_AREA":119.56034738487803,"owner_count":0.0,"top_owner":"","top_owner_state":"","top_operator":"","max_propensity_score":0.0,"field_name":"Unknown","production_trend":null},"geometry":{"type":"Polygon","coordinates":[[[-101.26962095285816,31.404130004990837],[-101.26979093207622,31.39702297051021],[-101.26979852553532,31.396751949471902],[-101.27284553462228,31.396767966826896],[-101.2727677602816,31.402480781002627],[-101.27267941546499,31.411610842839934],[-101.26957320201092,31.41160037175792],[-101.26966791767953,31.404249007378912],[-101.26962095285816,31.404130004990837]]]}},{"type":"Feature","properties":{"ABSTRACT_L":"B24--S3051","ABSTRACT_N":"B24--S3051","LEVEL1_SUR":null,"LEVEL2_BLO":"24","LEVEL3_SUR":"3051","Surv_Sect":"3051","SHAPE_AREA":117.58223044226493,"owner_count":0.0,"top_owner":"","top_owner_state":"","top_operator":"","max_propensity_score":0.0,"field_name":"Unknown","production_trend":null},"geometry":{"type":"Polygon","coordinates":[[[-101.27267941546499,31.411610842839934],[-101.27261770300157,31.41708620611344],[-101.27237540491157,31.426299486094262],[-101.26938370689332,31.426266367606114],[-101.26942707306367,31.422849945489613],[-101.26949593342177,31.417630064130602],[-101.26957320201092,31.41160037175792],[-101.27267941546499,31.411610842839934]]]}},{"type":"Feature","properties":{"ABSTRACT_L":"B24--S3052","ABSTRACT_N":"B24--S3052","LEVEL1_SUR":null,"LEVEL2_BLO":"24","LEVEL3_SUR":"3052","Surv_Sect":"3052","SHAPE_AREA":118.46183594224165,"owner_count":0.0,"top_owner":"","top_owner_state":"","top_operator":"","max_propensity_score":0.0,"field_name":"Unknown","production_trend":null},"geometry":{"type":"Polygon","coordinates":[[[-101.27237540491157,31.426299486094262],[-101.27232644493196,31.430477566459437],[-101.27226120478446,31.44093553303034],[-101.26900196242343,31.440859751378635],[-101.26916399694113,31.434884038384418],[-101.26937208359186,31.427181991951624],[-101.26938370689332,31.426266367606114],[-101.27237540491157,31.426299486094262]]]}},{"type":"Feature","properties":{"ABSTRACT_L":"B24--S3053","ABSTRACT_N":"B24--S3053","LEVEL1_SUR":null,"LEVEL2_BLO":"24","LEVEL3_SUR":"3053","Surv_Sect":"3053","SHAPE_AREA":606.5645332325704,"owner_count":0.0,"top_owner":"","top_owner_state":"","top_operator":"","max_propensity_score":0.0,"field_name":"Unknown","production_trend":null},"geometry":{"type":"Polygon","coordinates":[[[-101.28085891479174,31.417093143240553],[-101.28991874333401,31.417100157028997],[-101.28989018139956,31.41991106089175],[-101.2898798516721,31.430386584137228],[-101.28950778026122,31.430391652297267],[-101.2842817996548,31.430443538834442],[-101.27232644493196,31.430477566459437],[-101.27237540491157,31.426299486094262],[-101.27261770300157,31.41708620611344],[-101.28085891479174,31.417093143240553]]]}},{"type":"Feature","properties":{"ABSTRACT_L":"B24--S3054","ABSTRACT_N":"B24--S3054","LEVEL1_SUR":null,"LEVEL2_BLO":"24","LEVEL3_SUR":"3054","Surv_Sect":"3054","SHAPE_AREA":652.6986313964106,"owner_count":0.0,"top_owner":"","top_owner_state":"","top_operator":"","max_propensity_score":0.0,"field_name":"Unknown","production_trend":null},"geometry":{"type":"Polygon","coordinates":[[[-101.28126336687536,31.402511436694805],[-101.28987756366308,31.402541945930246],[-101.28984020273042,31.405345447856043],[-101.28991874333401,31.417100157028997],[-101.28085891479174,31.417093143240553],[-101.27261770300157,31.41708620611344],[-101.27267941546499,31.411610842839934],[-101.2727677602816,31.402480781002627],[-101.28126336687536,31.402511436694805]]]}},{"type":"Feature","properties":{"ABSTRACT_L":"B24--S3055","ABSTRACT_N":"B24--S3055","LEVEL1_SUR":null,"LEVEL2_BLO":"24","LEVEL3_SUR":"3055","Surv_Sect":"3055","SHAPE_AREA":649.1686589151494,"owner_count":1.0,"top_owner":"PIONEER NATURAL RES INC WI","top_owner_state":"TX","top_operator":"PIONEER NAT RES USA","max_propensity_score":2.0,"field_name":"Unknown","production_trend":null},"geometry":{"type":"Polygon","coordinates":[[[-101.28167019410462,31.38784487465762],[-101.2898121375643,31.387848473517472],[-101.2898405961925,31.39132040871972],[-101.28987756366308,31.402541945930246],[-101.28126336687536,31.402511436694805],[-101.2727677602816,31.402480781002627],[-101.27284553462228,31.396767966826896],[-101.27296219972652,31.387840452960045],[-101.28167019410462,31.38784487465762]]]}},{"type":"Feature","properties":{"ABSTRACT_L":"B24--S3056","ABSTRACT_N":"B24--S3056","LEVEL1_SUR":null,"LEVEL2_BLO":"24","LEVEL3_SUR":"3056","Surv_Sect":"3056","SHAPE_AREA":646.4167195517272,"owner_count":1.0,"top_owner":"PIONEER NATURAL RES INC WI","top_owner_state":"TX","top_operator":"PIONEER NAT RES USA","max_propensity_score":2.0,"field_name":"Unknown","production_trend":null},"geometry":{"type":"Polygon","coordinates":[[[-101.28997171968126,31.375155960542344],[-101.28997668826311,31.377481054122814],[-101.2898121375643,31.387848473517472],[-101.28167019410462,31.38784487465762],[-101.27296219972652,31.387840452960045],[-101.27298260046663,31.382155700065706],[-101.27305297987587,31.376886661751534],[-101.2730760800534,31.37515736791502],[-101.27310236745356,31.373221235730693],[-101.289513082118,31.37312628630648],[-101.29001551704295,31.37312816463356],[-101.28997171968126,31.375155960542344]]]}},{"type":"Feature","properties":{"ABSTRACT_L":"B3--S18","ABSTRACT_N":"B3--S18","LEVEL1_SUR":null,"LEVEL2_BLO":"3","LEVEL3_SUR":"18","Surv_Sect":"18","SHAPE_AREA":121.81770352140033,"owner_count":0.0,"top_owner":"","top_owner_state":"","top_operator":"","max_propensity_score":0.0,"field_name":"Unknown","production_trend":null},"geometry":{"type":"Polygon","coordinates":[[[-101.77193916866678,31.260339776734494],[-101.77516220622691,31.260356503049955],[-101.77515897139355,31.26511593853513],[-101.775152943698,31.275024275108045],[-101.77200765802066,31.274997884312814],[-101.77193916866678,31.260339776734494]]]}},{"type":"Feature","properties":{"ABSTRACT_L":"B3--S19","ABSTRACT_N":"B3--S19","LEVEL1_SUR":"ULS","LEVEL2_BLO":"3","LEVEL3_SUR":"19","Surv_Sect":"19","SHAPE_AREA":124.08746860363337,"owner_count":2.0,"top_owner":"PIONEER NATURAL RES INC WI","top_owner_state":"TX","top_operator":"PIONEER NAT RES USA","max_propensity_score":1.0,"field_name":"Unknown","production_trend":null},"geometry":{"type":"Polygon","coordinates":[[[-101.77517000180693,31.25011097069826],[-101.77516799766555,31.25190202013481],[-101.77516220622691,31.260356503049955],[-101.77193916866678,31.260339776734494],[-101.77185334721779,31.25285802411649],[-101.77182236971353,31.250156200071924],[-101.7717746844433,31.246007569388844],[-101.7752453542896,31.246050036651003],[-101.77517000180693,31.25011097069826]]]}},{"type":"Feature","properties":{"ABSTRACT_L":"B3--S227","ABSTRACT_N":"B3--S227","LEVEL1_SUR":null,"LEVEL2_BLO":"3","LEVEL3_SUR":"227","Surv_Sect":"227","SHAPE_AREA":7.727855513697564,"owner_count":0.0,"top_owner":"","top_owner_state":"","top_operator":"","max_propensity_score":0.0,"field_name":"Unknown","production_trend":null},"geometry":{"type":"Polygon","coordinates":[[[-101.42738036654981,31.187991199050767],[-101.42736980685365,31.18867953024619],[-101.42734679381272,31.189987864672922],[-101.4263117585356,31.189978869753435],[-101.42627257492123,31.189976549748014],[-101.42622814963715,31.189968998010862],[-101.42618087130377,31.18995472448055],[-101.42613934757807,31.18993601611638],[-101.42610616381148,31.189915929884233],[-101.42607571541492,31.18989224644505],[-101.42604883871992,31.18986550372454],[-101.42602809751834,31.1898392074772],[-101.42600976649663,31.18980904966311],[-101.42599717840456,31.18978118187937],[-101.42598718015546,31.189748928429065],[-101.42598247567832,31.189723498983724],[-101.42598037092561,31.189687399318796],[-101.42601197186067,31.1876315169728],[-101.42657849619124,31.18778043046791],[-101.42738036654981,31.187991199050767]]]}},{"type":"Feature","properties":{"ABSTRACT_L":"B3--S30","ABSTRACT_N":"B3--S30","LEVEL1_SUR":null,"LEVEL2_BLO":"3","LEVEL3_SUR":"30","Surv_Sect":"30","SHAPE_AREA":130.4610121622509,"owner_count":0.0,"top_owner":"","top_owner_state":"","top_operator":"","max_propensity_score":0.0,"field_name":"Unknown","production_trend":null},"geometry":{"type":"Polygon","coordinates":[[[-101.77529005535644,31.231256981619467],[-101.77526092478841,31.245210989991474],[-101.7752453542896,31.246050036651003],[-101.7717746844433,31.246007569388844],[-101.77201379980227,31.231226881562474],[-101.77529005535644,31.231256981619467]]]}},{"type":"Feature","properties":{"ABSTRACT_L":"B3--S31","ABSTRACT_N":"B3--S31","LEVEL1_SUR":null,"LEVEL2_BLO":"3","LEVEL3_SUR":"31","Surv_Sect":"31","SHAPE_AREA":113.31881228538937,"owner_count":0.0,"top_owner":"","top_owner_state":"","top_operator":"","max_propensity_score":0.0,"field_name":"Unknown","production_trend":null},"geometry":{"type":"Polygon","coordinates":[[[-101.77504397985066,31.218577070505525],[-101.77529301620362,31.226972070681903],[-101.7753379759853,31.227274925665228],[-101.77529005535644,31.231256981619467],[-101.77201379980227,31.231226881562474],[-101.77241839471803,31.216655713821655],[-101.77503737543671,31.216681341151038],[-101.77504397985066,31.218577070505525]]]}},{"type":"Feature","properties":{"ABSTRACT_L":"B3--S5","ABSTRACT_N":"B3--S5","LEVEL1_SUR":"UL","LEVEL2_BLO":"3","LEVEL3_SUR":"5","Surv_Sect":"5","SHAPE_AREA":35.11670221227707,"owner_count":202.0,"top_owner":"GOLDIN JUDAH ESTATE","top_owner_state":"FL","top_operator":"CIVITAS PERMIAN OPER","max_propensity_score":10.0,"field_name":"Unknown","production_trend":null},"geometry":{"type":"Polygon","coordinates":[[[-101.44522930644203,31.193136021681543],[-101.44627777063431,31.193166883097],[-101.44628425467404,31.193167074439163],[-101.44718522088655,31.19319358799941],[-101.44713894866626,31.194436732362117],[-101.44708999497486,31.195751931422123],[-101.44700529372503,31.19802754144098],[-101.44421329838094,31.1979482652901],[-101.44436699563448,31.194364109365758],[-101.44442068075251,31.193112213792027],[-101.44522930644203,31.193136021681543]]]}},{"type":"Feature","properties":{"ABSTRACT_L":"B3--S6","ABSTRACT_N":"B3--S6","LEVEL1_SUR":"UL","LEVEL2_BLO":"3","LEVEL3_SUR":"6","Surv_Sect":"6","SHAPE_AREA":120.17922836849633,"owner_count":1185.0,"top_owner":"GOLDIN JUDAH ESTATE","top_owner_state":"FL","top_operator":"CIVITAS PERMIAN OPER","max_propensity_score":10.0,"field_name":"Unknown","production_trend":null},"geometry":{"type":"Polygon","coordinates":[[[-101.77509808088867,31.289584375733806],[-101.77506403743433,31.292405036209583],[-101.77512975997716,31.30409934858818],[-101.7719857723654,31.30410219616166],[-101.77185752348554,31.28956882374399],[-101.77509808088867,31.289584375733806]]]}},{"type":"Feature","properties":{"ABSTRACT_L":"B3--S7","ABSTRACT_N":"B3--S7","LEVEL1_SUR":null,"LEVEL2_BLO":"3","LEVEL3_SUR":"7","Surv_Sect":"7","SHAPE_AREA":121.95929162925836,"owner_count":0.0,"top_owner":"","top_owner_state":"","top_operator":"","max_propensity_score":0.0,"field_name":"Unknown","production_trend":null},"geometry":{"type":"Polygon","coordinates":[[[-101.775152943698,31.275024275108045],[-101.77514593504216,31.285620075232927],[-101.77509808088867,31.289584375733806],[-101.77185752348554,31.28956882374399],[-101.77200765802066,31.274997884312814],[-101.775152943698,31.275024275108045]]]}},{"type":"Feature","properties":{"ABSTRACT_L":"B34--S42","ABSTRACT_N":"B34--S42","LEVEL1_SUR":null,"LEVEL2_BLO":"34","LEVEL3_SUR":"42","Surv_Sect":"42","SHAPE_AREA":34.86757989848651,"owner_count":56.0,"top_owner":"APPOMATTOX INC","top_owner_state":"CO","top_operator":"CRESCENT ENERGY OP","max_propensity_score":6.0,"field_name":"Unknown","production_trend":null},"geometry":{"type":"Polygon","coordinates":[[[-101.51112784090104,31.651463819858996],[-101.50516899582124,31.65145692306352],[-101.50225537397758,31.65145458921048],[-101.50041191962346,31.65145307893524],[-101.4999032701534,31.65142450528857],[-101.50208550255735,31.650909395857003],[-101.51040138411054,31.64913274725524],[-101.51112784090104,31.651463819858996]]]}},{"type":"Feature","properties":{"ABSTRACT_L":"B34--S43","ABSTRACT_N":"B34--S43","LEVEL1_SUR":null,"LEVEL2_BLO":"34","LEVEL3_SUR":"43","Surv_Sect":"43","SHAPE_AREA":709.841158501263,"owner_count":1.0,"top_owner":"CRESCENT ENERGY OPER LLC WI","top_owner_state":"TX","top_operator":"CRESCENT ENERGY OP","max_propensity_score":2.0,"field_name":"Unknown","production_trend":null},"geometry":{"type":"Polygon","coordinates":[[[-101.50572641572639,31.63446554656119],[-101.50612220625405,31.635715391150708],[-101.50613374331724,31.635741861001687],[-101.50614401016261,31.63576935877031],[-101.50708302272237,31.63874479064093],[-101.50709181004248,31.63877276475723],[-101.50786992625001,31.641346991403946],[-101.50787877555389,31.641374953265757],[-101.51039397211115,31.649104512428952],[-101.51040138411054,31.64913274725524],[-101.50208550255735,31.650909395857003],[-101.4999032701534,31.65142450528857],[-101.4983800247739,31.651338924235365],[-101.49336873523218,31.65132728401309],[-101.49135614068649,31.645036839813713],[-101.48890170078515,31.637113962434498],[-101.49702857590427,31.635246848532045],[-101.5053718300225,31.633329414694167],[-101.50571889143757,31.63443729427846],[-101.50572641572639,31.63446554656119]]]}},{"type":"Feature","properties":{"ABSTRACT_L":"B34--S44","ABSTRACT_N":"B34--S44","LEVEL1_SUR":null,"LEVEL2_BLO":"34","LEVEL3_SUR":"44","Surv_Sect":"44","SHAPE_AREA":565.9824844259423,"owner_count":272.0,"top_owner":"DAVIS STEVEN PAUL LLC","top_owner_state":"FL","top_operator":"DIAMONDBACK E&P LLC","max_propensity_score":7.0,"field_name":"Unknown","production_trend":null},"geometry":{"type":"Polygon","coordinates":[[[-101.49336873523218,31.65132728401309],[-101.49327195792999,31.65132705766272],[-101.48169097520349,31.651302988810613],[-101.47561951192978,31.651290981528973],[-101.47485951114827,31.6488732292515],[-101.47243396825299,31.64082507232594],[-101.48152170924777,31.638812930547314],[-101.48496995355131,31.638004020710937],[-101.48890170078515,31.637113962434498],[-101.49135614068649,31.645036839813713],[-101.49336873523218,31.65132728401309]]]}},{"type":"Feature","properties":{"ABSTRACT_L":"B34--S45","ABSTRACT_N":"B34--S45","LEVEL1_SUR":null,"LEVEL2_BLO":"34","LEVEL3_SUR":"45","Surv_Sect":"45","SHAPE_AREA":1022.5496878015246,"owner_count":432.0,"top_owner":"SCHRANK MATTHEW Z","top_owner_state":"NY","top_operator":"CRESCENT ENERGY OP","max_propensity_score":8.0,"field_name":"Unknown","production_trend":null},"geometry":{"type":"MultiPolygon","coordinates":[[[[-101.30692191489466,31.391434607068714],[-101.30691620250776,31.398085791884025],[-101.30690962055168,31.405643722152146],[-101.29827306379822,31.405506387899344],[-101.28984020273042,31.405345447856043],[-101.28987756366308,31.402541945930246],[-101.2898405961925,31.39132040871972],[-101.29861697033003,31.391379368620125],[-101.30692191489466,31.391434607068714]]],[[[-101.46480671902692,31.642501783603176],[-101.47243396825299,31.64082507232594],[-101.47485951114827,31.6488732292515],[-101.47561951192978,31.651290981528973],[-101.47560699031304,31.651290954764548],[-101.46609199978936,31.65127206826027],[-101.46229496211888,31.651265049098882],[-101.45803937671668,31.651256440894738],[-101.45594359188746,31.64439568419902],[-101.46480671902692,31.642501783603176]]]]}},{"type":"Feature","properties":{"ABSTRACT_L":"B34--S46","ABSTRACT_N":"B34--S46","LEVEL1_SUR":null,"LEVEL2_BLO":"34","LEVEL3_SUR":"46","Surv_Sect":"46","SHAPE_AREA":216.54811555050563,"owner_count":0.0,"top_owner":"","top_owner_state":"","top_operator":"","max_propensity_score":0.0,"field_name":"Unknown","production_trend":null},"geometry":{"type":"Polygon","coordinates":[[[-101.45594359188746,31.64439568419902],[-101.45803937671668,31.651256440894738],[-101.45637581359148,31.651253037224176],[-101.45104508043978,31.651241984279277],[-101.44928093924042,31.65123797190854],[-101.44190116779029,31.651223155882068],[-101.44100773574806,31.647731869089316],[-101.44788201261142,31.64613770414601],[-101.45438413721548,31.644732709308368],[-101.45594359188746,31.64439568419902]]]}},{"type":"Feature","properties":{"ABSTRACT_L":"B35--S31","ABSTRACT_N":"B35--S31","LEVEL1_SUR":null,"LEVEL2_BLO":"35","LEVEL3_SUR":"31","Surv_Sect":"31","SHAPE_AREA":499.5013564667952,"owner_count":0.0,"top_owner":"","top_owner_state":"","top_operator":"","max_propensity_score":0.0,"field_name":"Unknown","production_trend":null},"geometry":{"type":"MultiPolygon","coordinates":[[[[-101.61512617504272,31.64606197955662],[-101.61673604855832,31.65146616135878],[-101.6162560014469,31.65146494549186],[-101.60967695320673,31.651522942328544],[-101.60372300125029,31.651517928983196],[-101.59916598795114,31.651514919140556],[-101.59890099841705,31.651520231482102],[-101.59843518151804,31.650027784202404],[-101.59673545850771,31.644271183634167],[-101.60664813320768,31.64192543436095],[-101.6134199060089,31.64038607930654],[-101.61512617504272,31.64606197955662]]],[[[-101.43400593225034,31.649338395822326],[-101.44100773574806,31.647731869089316],[-101.44190116779029,31.651223155882068],[-101.43796303263646,31.65121507531584],[-101.42664495984415,31.6511930130035],[-101.42586642681835,31.651191303902465],[-101.43065542644636,31.65009983343621],[-101.43293100728305,31.649583763068026],[-101.43400593225034,31.649338395822326]]]]}},{"type":"Feature","properties":{"ABSTRACT_L":"B35--S32","ABSTRACT_N":"B35--S32","LEVEL1_SUR":null,"LEVEL2_BLO":"35","LEVEL3_SUR":"32","Surv_Sect":"32","SHAPE_AREA":247.32710970084958,"owner_count":0.0,"top_owner":"","top_owner_state":"","top_operator":"","max_propensity_score":0.0,"field_name":"Unknown","production_trend":null},"geometry":{"type":"Polygon","coordinates":[[[-101.59843518151804,31.650027784202404],[-101.59890099841705,31.651520231482102],[-101.59617104431976,31.651574922506576],[-101.59473900848431,31.651512078295614],[-101.58139173848323,31.651503556524965],[-101.58030925598945,31.647936772854315],[-101.58844487800447,31.646069168118537],[-101.59673545850771,31.644271183634167],[-101.59843518151804,31.650027784202404]]]}},{"type":"Feature","properties":{"ABSTRACT_L":"B35--S33","ABSTRACT_N":"B35--S33","LEVEL1_SUR":null,"LEVEL2_BLO":"35","LEVEL3_SUR":"33","Surv_Sect":"33","SHAPE_AREA":80.25351971136817,"owner_count":0.0,"top_owner":"","top_owner_state":"","top_operator":"","max_propensity_score":0.0,"field_name":"Unknown","production_trend":null},"geometry":{"type":"MultiPolygon","coordinates":[[[[-101.44323884369,31.203398636788013],[-101.44322862265868,31.203433249826183],[-101.44321175948417,31.203490361157833],[-101.44317789748953,31.203591940393917],[-101.44301452448208,31.204023789426284],[-101.44279933036081,31.204657476595305],[-101.44276748328735,31.20475125814927],[-101.44259944173537,31.205217933252182],[-101.44239022590233,31.20579894889713],[-101.44237105315923,31.205855545549785],[-101.44218344180877,31.20643512126079],[-101.44205026836453,31.206391862480874],[-101.44212582386643,31.206176013151396],[-101.44225202997734,31.205825389767018],[-101.44240579011294,31.205398215106698],[-101.44247751160523,31.20518837580661],[-101.44266976544908,31.2046258820809],[-101.442830244983,31.204156351930546],[-101.44288775961907,31.203990873130657],[-101.44308997218617,31.203409074946986],[-101.4431347909323,31.20324449535826],[-101.44315849837098,31.20307506712031],[-101.44317038487881,31.202827152551777],[-101.44317211952563,31.20279097336578],[-101.44317911291012,31.202207265320848],[-101.44317950367726,31.202174618090666],[-101.44319172346009,31.201632306217483],[-101.44317993846185,31.20160205918857],[-101.4433679369862,31.201594469960476],[-101.44336675210833,31.20159489410286],[-101.44334849834176,31.20160914974155],[-101.44333292424969,31.201632046507186],[-101.44332673216243,31.201658784365602],[-101.44332528677316,31.201692342295814],[-101.44331863834174,31.202206422420186],[-101.44331199080864,31.202720424451126],[-101.44330223690126,31.202827818723215],[-101.44325855362564,31.203308774065377],[-101.44323884369,31.203398636788013]]],[[[-101.57923797548726,31.65150204930935],[-101.57335130285402,31.651498463650153],[-101.56480118469216,31.651492769724054],[-101.57276316595603,31.649592474663187],[-101.5745629307463,31.64918284910051],[-101.58030925598945,31.647936772854315],[-101.58139173848323,31.651503556524965],[-101.57923797548726,31.65150204930935]]]]}},{"type":"Feature","properties":{"ABSTRACT_L":"B35--S37","ABSTRACT_N":"B35--S37","LEVEL1_SUR":null,"LEVEL2_BLO":"35","LEVEL3_SUR":"37","Surv_Sect":"37","SHAPE_AREA":198.05582824195443,"owner_count":0.0,"top_owner":"","top_owner_state":"","top_operator":"","max_propensity_score":0.0,"field_name":"Unknown","production_trend":null},"geometry":{"type":"Polygon","coordinates":[[[-101.5245070127728,31.651479988594488],[-101.52248230803878,31.65147749109703],[-101.51746209642965,31.65147116323651],[-101.51730504396852,31.651470962121433],[-101.51391598965907,31.65146695052529],[-101.51112784090104,31.651463819858996],[-101.51040138411054,31.64913274725524],[-101.51625347160535,31.64772655882543],[-101.52094695696249,31.646579031515206],[-101.52684127875037,31.64523591755508],[-101.52881618537664,31.651485170939722],[-101.5245070127728,31.651479988594488]]]}},{"type":"Feature","properties":{"ABSTRACT_L":"B35--S38","ABSTRACT_N":"B35--S38","LEVEL1_SUR":null,"LEVEL2_BLO":"35","LEVEL3_SUR":"38","Surv_Sect":"38","SHAPE_AREA":367.61069591484346,"owner_count":12.0,"top_owner":"DIAMONDBACK E&P LLC  WI","top_owner_state":"OK","top_operator":"DIAMONDBACK E&P LLC","max_propensity_score":5.0,"field_name":"Unknown","production_trend":null},"geometry":{"type":"Polygon","coordinates":[[[-101.54601264564032,31.65149219543734],[-101.53470793798282,31.651492022616083],[-101.52881618537664,31.651485170939722],[-101.52684127875037,31.64523591755508],[-101.5349704948791,31.64325808141043],[-101.54297259939516,31.64139677547328],[-101.54508000033931,31.648345806660274],[-101.54601264564032,31.65149219543734]]]}},{"type":"Feature","properties":{"ABSTRACT_L":"B35--S39","ABSTRACT_N":"B35--S39","LEVEL1_SUR":null,"LEVEL2_BLO":"35","LEVEL3_SUR":"39","Surv_Sect":"39","SHAPE_AREA":547.5428868651351,"owner_count":0.0,"top_owner":"","top_owner_state":"","top_operator":"","max_propensity_score":0.0,"field_name":"Unknown","production_trend":null},"geometry":{"type":"Polygon","coordinates":[[[-101.56160452436373,31.644654810913455],[-101.56272254510846,31.64827853634692],[-101.56373001288613,31.65149202185137],[-101.54990394353356,31.65149202185137],[-101.54841977756385,31.651492101379727],[-101.54601264564032,31.65149219543734],[-101.54508000033931,31.648345806660274],[-101.54297259939516,31.64139677547328],[-101.55940040001632,31.637708566908408],[-101.56160452436373,31.644654810913455]]]}},{"type":"Feature","properties":{"ABSTRACT_L":"B35--S40","ABSTRACT_N":"B35--S40","LEVEL1_SUR":null,"LEVEL2_BLO":"35","LEVEL3_SUR":"40","Surv_Sect":"40","SHAPE_AREA":646.7167941314399,"owner_count":2.0,"top_owner":"PIONEER NATURAL RES INC WI","top_owner_state":"TX","top_operator":"PIONEER NAT RES","max_propensity_score":2.0,"field_name":"Unknown","production_trend":null},"geometry":{"type":"Polygon","coordinates":[[[-101.57819513834193,31.6409091181967],[-101.57821615712294,31.640977654968818],[-101.579189329918,31.64441924321908],[-101.58030925598945,31.647936772854315],[-101.5745629307463,31.64918284910051],[-101.57276316595603,31.649592474663187],[-101.56480118469216,31.651492769724054],[-101.56373001288613,31.65149202185137],[-101.56272254510846,31.64827853634692],[-101.56160452436373,31.644654810913455],[-101.55940040001632,31.637708566908408],[-101.5676992243589,31.635751571991072],[-101.57587887100938,31.633893264648258],[-101.57608022568537,31.633845325947714],[-101.57819513834193,31.6409091181967]]]}},{"type":"Feature","properties":{"ABSTRACT_L":"B35--S41","ABSTRACT_N":"B35--S41","LEVEL1_SUR":null,"LEVEL2_BLO":"35","LEVEL3_SUR":"41","Surv_Sect":"41","SHAPE_AREA":640.2244468005516,"owner_count":2.0,"top_owner":"CHEVRON USA INC","top_owner_state":"TX","top_operator":"PIONEER NAT RES USA","max_propensity_score":2.0,"field_name":"Unknown","production_trend":null},"geometry":{"type":"Polygon","coordinates":[[[-101.58418001749698,31.63198815304278],[-101.58834987307834,31.63103583539497],[-101.59232140759445,31.630110137014842],[-101.59448551019933,31.63711603049225],[-101.59673545850771,31.644271183634167],[-101.58844487800447,31.646069168118537],[-101.58030925598945,31.647936772854315],[-101.579189329918,31.64441924321908],[-101.57821615712294,31.640977654968818],[-101.57819513834193,31.6409091181967],[-101.57608022568537,31.633845325947714],[-101.58418001749698,31.63198815304278]]]}},{"type":"Feature","properties":{"ABSTRACT_L":"B35--S42","ABSTRACT_N":"B35--S42","LEVEL1_SUR":null,"LEVEL2_BLO":"35","LEVEL3_SUR":"42","Surv_Sect":"42","SHAPE_AREA":661.5639006576127,"owner_count":0.0,"top_owner":"","top_owner_state":"","top_operator":"","max_propensity_score":0.0,"field_name":"Unknown","production_trend":null},"geometry":{"type":"Polygon","coordinates":[[[-101.59232140759445,31.630110137014842],[-101.60066996626443,31.628155145321553],[-101.60917313397796,31.62621265696894],[-101.61131200919472,31.633325356424454],[-101.61247374016455,31.637188084378824],[-101.6134199060089,31.64038607930654],[-101.60664813320768,31.64192543436095],[-101.59673545850771,31.644271183634167],[-101.59448551019933,31.63711603049225],[-101.59232140759445,31.630110137014842]]]}},{"type":"Feature","properties":{"ABSTRACT_L":"B35--S43","ABSTRACT_N":"B35--S43","LEVEL1_SUR":null,"LEVEL2_BLO":"35","LEVEL3_SUR":"43","Surv_Sect":"43","SHAPE_AREA":707.9644702233722,"owner_count":0.0,"top_owner":"","top_owner_state":"","top_operator":"","max_propensity_score":0.0,"field_name":"Unknown","production_trend":null},"geometry":{"type":"Polygon","coordinates":[[[-101.60423891719267,31.611078180575998],[-101.60429151894247,31.611235926217155],[-101.60659772514383,31.618151321399022],[-101.60917313397796,31.62621265696894],[-101.60066996626443,31.628155145321553],[-101.59232140759445,31.630110137014842],[-101.58977297067672,31.621861585288222],[-101.58776251591804,31.61483782474514],[-101.59180849022847,31.613915277679556],[-101.5959582073778,31.612984102073494],[-101.6002148330291,31.61198889487758],[-101.60395594158999,31.611144492440147],[-101.60423891719267,31.611078180575998]]]}},{"type":"Feature","properties":{"ABSTRACT_L":"B35--S44","ABSTRACT_N":"B35--S44","LEVEL1_SUR":null,"LEVEL2_BLO":"35","LEVEL3_SUR":"44","Surv_Sect":"44","SHAPE_AREA":703.1341993558849,"owner_count":0.0,"top_owner":"","top_owner_state":"","top_operator":"","max_propensity_score":0.0,"field_name":"Unknown","production_trend":null},"geometry":{"type":"Polygon","coordinates":[[[-101.58977297067672,31.621861585288222],[-101.59232140759445,31.630110137014842],[-101.58834987307834,31.63103583539497],[-101.58418001749698,31.63198815304278],[-101.57608022568537,31.633845325947714],[-101.57587887100938,31.633893264648258],[-101.57330880086297,31.625539920794605],[-101.57318097329298,31.62514640924777],[-101.57119474969078,31.618555942308614],[-101.57940841643938,31.616597341912488],[-101.58776251591804,31.61483782474514],[-101.58977297067672,31.621861585288222]]]}},{"type":"Feature","properties":{"ABSTRACT_L":"B35--S45","ABSTRACT_N":"B35--S45","LEVEL1_SUR":null,"LEVEL2_BLO":"35","LEVEL3_SUR":"45","Surv_Sect":"45","SHAPE_AREA":705.6465249679816,"owner_count":0.0,"top_owner":"","top_owner_state":"","top_operator":"","max_propensity_score":0.0,"field_name":"Unknown","production_trend":null},"geometry":{"type":"Polygon","coordinates":[[[-101.55467188485468,31.62233665368021],[-101.56292707982055,31.620408116666024],[-101.57119474969078,31.618555942308614],[-101.57318097329298,31.62514640924777],[-101.57330880086297,31.625539920794605],[-101.57587887100938,31.633893264648258],[-101.5676992243589,31.635751571991072],[-101.55940040001632,31.637708566908408],[-101.55678069525553,31.629278088865906],[-101.55547827284083,31.625147025002512],[-101.55467188485468,31.62233665368021]]]}},{"type":"Feature","properties":{"ABSTRACT_L":"B35--S46","ABSTRACT_N":"B35--S46","LEVEL1_SUR":null,"LEVEL2_BLO":"35","LEVEL3_SUR":"46","Surv_Sect":"46","SHAPE_AREA":698.3850755164059,"owner_count":110.0,"top_owner":"MCAFEE ENTERPRISES LP","top_owner_state":"OK","top_operator":"PIONEER NAT RES","max_propensity_score":8.0,"field_name":"Unknown","production_trend":null},"geometry":{"type":"Polygon","coordinates":[[[-101.54384506206371,31.62481241488854],[-101.54650999969401,31.624304561685488],[-101.55467188485468,31.62233665368021],[-101.55547827284083,31.625147025002512],[-101.55678069525553,31.629278088865906],[-101.55940040001632,31.637708566908408],[-101.54297259939516,31.64139677547328],[-101.54041675676622,31.632961231931215],[-101.53823466629609,31.62591526491816],[-101.54180100222857,31.625189085245268],[-101.54384506206371,31.62481241488854]]]}},{"type":"Feature","properties":{"ABSTRACT_L":"B35--S47","ABSTRACT_N":"B35--S47","LEVEL1_SUR":null,"LEVEL2_BLO":"35","LEVEL3_SUR":"47","Surv_Sect":"47","SHAPE_AREA":705.2456513709187,"owner_count":0.0,"top_owner":"","top_owner_state":"","top_operator":"","max_propensity_score":0.0,"field_name":"Unknown","production_trend":null},"geometry":{"type":"Polygon","coordinates":[[[-101.53823466629609,31.62591526491816],[-101.54041675676622,31.632961231931215],[-101.54297259939516,31.64139677547328],[-101.5349704948791,31.64325808141043],[-101.52684127875037,31.64523591755508],[-101.52683428716252,31.64520751635974],[-101.52315346903193,31.633844620764215],[-101.52314447330268,31.63381672394414],[-101.52182858065031,31.62963321448149],[-101.53043469888866,31.627683026994642],[-101.53823466629609,31.62591526491816]]]}},{"type":"Feature","properties":{"ABSTRACT_L":"B35--S48","ABSTRACT_N":"B35--S48","LEVEL1_SUR":null,"LEVEL2_BLO":"35","LEVEL3_SUR":"48","Surv_Sect":"48","SHAPE_AREA":720.1604497074363,"owner_count":4.0,"top_owner":"AVM MARITAL TRUST","top_owner_state":"OK","top_operator":"DIAMONDBACK E&P LLC","max_propensity_score":5.0,"field_name":"Unknown","production_trend":null},"geometry":{"type":"Polygon","coordinates":[[[-101.51624378866492,31.630887934244097],[-101.51902068961726,31.630264163721385],[-101.52182858065031,31.62963321448149],[-101.52314447330268,31.63381672394414],[-101.52315346903193,31.633844620764215],[-101.52683428716252,31.64520751635974],[-101.52684127875037,31.64523591755508],[-101.52094695696249,31.646579031515206],[-101.51625347160535,31.64772655882543],[-101.51040138411054,31.64913274725524],[-101.51039397211115,31.649104512428952],[-101.50787877555389,31.641374953265757],[-101.50786992625001,31.641346991403946],[-101.50709181004248,31.63877276475723],[-101.50708302272237,31.63874479064093],[-101.50614401016261,31.63576935877031],[-101.50613374331724,31.635741861001687],[-101.50612220625405,31.635715391150708],[-101.50572641572639,31.63446554656119],[-101.50571889143757,31.63443729427846],[-101.5053718300225,31.633329414694167],[-101.50940775757479,31.632423202351315],[-101.51356196270729,31.631490283727448],[-101.51380783339718,31.631435063077262],[-101.51624378866492,31.630887934244097]]]}},{"type":"Feature","properties":{"ABSTRACT_L":"B36--S19","ABSTRACT_N":"B36--S19","LEVEL1_SUR":null,"LEVEL2_BLO":"36","LEVEL3_SUR":"19","Surv_Sect":"19","SHAPE_AREA":229.94992955412414,"owner_count":206.0,"top_owner":"REED HUMPHERYS LP","top_owner_state":"CA","top_operator":"PIONEER NAT RES USA","max_propensity_score":7.0,"field_name":"Unknown","production_trend":null},"geometry":{"type":"Polygon","coordinates":[[[-101.7221105567995,31.64852054467931],[-101.72279334019582,31.650709506680986],[-101.72295498843795,31.65125117824342],[-101.7160060445065,31.651263043296385],[-101.70544148845597,31.65128083552011],[-101.70448132955445,31.648171587559908],[-101.71754342397868,31.645049191275536],[-101.72085692278623,31.644279875078798],[-101.7221105567995,31.64852054467931]]]}},{"type":"Feature","properties":{"ABSTRACT_L":"B36--S20","ABSTRACT_N":"B36--S20","LEVEL1_SUR":null,"LEVEL2_BLO":"36","LEVEL3_SUR":"20","Surv_Sect":"20","SHAPE_AREA":59.53621951981502,"owner_count":53.0,"top_owner":"HUNT ELEANOR H FAMILY TRUST","top_owner_state":"CA","top_operator":"PIONEER NAT RES USA","max_propensity_score":6.0,"field_name":"Unknown","production_trend":null},"geometry":{"type":"Polygon","coordinates":[[[-101.70144098237365,31.651287946443983],[-101.69070780895105,31.651306880356348],[-101.69619006633161,31.650060690348102],[-101.69628177533896,31.650039179116174],[-101.70448132955445,31.648171587559908],[-101.70544148845597,31.65128083552011],[-101.70538593753712,31.65128092651915],[-101.70144098237365,31.651287946443983]]]}},{"type":"Feature","properties":{"ABSTRACT_L":"B36--S25","ABSTRACT_N":"B36--S25","LEVEL1_SUR":null,"LEVEL2_BLO":"36","LEVEL3_SUR":"25","Surv_Sect":"25","SHAPE_AREA":2.025596179136876,"owner_count":82.0,"top_owner":"ESSEX DAVID H","top_owner_state":"NE","top_operator":"PIONEER NAT RES USA","max_propensity_score":6.0,"field_name":"Unknown","production_trend":null},"geometry":{"type":"Polygon","coordinates":[[[-101.63420536669967,31.65087448496565],[-101.6343781055423,31.651441031144135],[-101.63435903610544,31.651441044908676],[-101.63162648677529,31.651440498915417],[-101.63420536669967,31.65087448496565]]]}},{"type":"Feature","properties":{"ABSTRACT_L":"B36--S26","ABSTRACT_N":"B36--S26","LEVEL1_SUR":null,"LEVEL2_BLO":"36","LEVEL3_SUR":"26","Surv_Sect":"26","SHAPE_AREA":108.70243087129782,"owner_count":0.0,"top_owner":"","top_owner_state":"","top_operator":"","max_propensity_score":0.0,"field_name":"Unknown","production_trend":null},"geometry":{"type":"Polygon","coordinates":[[[-101.64426295582464,31.651390067173306],[-101.64068102424054,31.65139508205496],[-101.64066013212197,31.651391739565245],[-101.64062837667667,31.65138973300077],[-101.64022607605814,31.651372017267633],[-101.63864595474475,31.651418982649968],[-101.6383559704862,31.65143803582825],[-101.6343781055423,31.651441031144135],[-101.63420536669967,31.65087448496565],[-101.64226663156536,31.649081304071398],[-101.65059601210235,31.647097182577088],[-101.65190761529925,31.6513754698744],[-101.6494870176296,31.651380038938527],[-101.64426295582464,31.651390067173306]]]}},{"type":"Feature","properties":{"ABSTRACT_L":"A-654","ABSTRACT_N":"654","LEVEL1_SUR":"BLK 36 SEC 27 A-654 T&P","LEVEL2_BLO":"36","LEVEL3_SUR":"27","Surv_Sect":"27","SHAPE_AREA":283.42151989271474,"owner_count":111.0,"top_owner":"CORYA MINERALS LLC","top_owner_state":"IN","top_operator":"PIONEER NATURAL RES","max_propensity_score":8.0,"field_name":"Unknown","production_trend":null},"geometry":{"type":"Polygon","coordinates":[[[-101.66721756675389,31.643356563042193],[-101.66970826804997,31.65134214743419],[-101.66645201079066,31.651348952474518],[-101.66073452236644,31.6513588591258],[-101.66066402617619,31.651358979947933],[-101.65788201740314,31.65136399483127],[-101.65190761529925,31.6513754698744],[-101.65059601210235,31.647097182577088],[-101.65886262196054,31.645245219177944],[-101.66721756675389,31.643356563042193]]]}},{"type":"Feature","properties":{"ABSTRACT_L":"A-764","ABSTRACT_N":"764","LEVEL1_SUR":"BLK 36 SEC 28 A-764","LEVEL2_BLO":"36","LEVEL3_SUR":"28","Surv_Sect":"28","SHAPE_AREA":465.6372886110944,"owner_count":2673.0,"top_owner":"CASTLE CREEK ASSETS LLC","top_owner_state":"CO","top_operator":"PIONEER NAT RES","max_propensity_score":9.0,"field_name":"Unknown","production_trend":null},"geometry":{"type":"Polygon","coordinates":[[[-101.66721756675389,31.643356563042193],[-101.67269639167172,31.642087437971146],[-101.68410621120063,31.639490143438394],[-101.68576689971691,31.644821771471687],[-101.68776637706283,31.651311910536425],[-101.68770492511086,31.65131201529999],[-101.68438606964929,31.65131301705365],[-101.68108392734356,31.65131301705365],[-101.6756170140864,31.65133207178306],[-101.66970826804997,31.65134214743419],[-101.66721756675389,31.643356563042193]]]}},{"type":"Feature","properties":{"ABSTRACT_L":"B36--S29","ABSTRACT_N":"B36--S29","LEVEL1_SUR":null,"LEVEL2_BLO":"36","LEVEL3_SUR":"29","Surv_Sect":"29","SHAPE_AREA":657.0139625367372,"owner_count":95.0,"top_owner":"AR MIDLAND LP","top_owner_state":"OK","top_operator":"PIONEER NAT RES USA","max_propensity_score":7.0,"field_name":"Unknown","production_trend":null},"geometry":{"type":"Polygon","coordinates":[[[-101.69510945053698,31.63493719680487],[-101.69694034015521,31.63452953501665],[-101.70002365914593,31.633866466919223],[-101.70226186647355,31.64103535014133],[-101.70235808322698,31.641344742187563],[-101.70448132955445,31.648171587559908],[-101.69628177533896,31.650039179116174],[-101.69619006633161,31.650060690348102],[-101.69070780895105,31.651306880356348],[-101.68776637706283,31.651311910536425],[-101.68576689971691,31.644821771471687],[-101.68410621120063,31.639490143438394],[-101.68348438568286,31.637567096952704],[-101.69150435140169,31.635754487505704],[-101.69510945053698,31.63493719680487]]]}},{"type":"Feature","properties":{"ABSTRACT_L":"B36--S31","ABSTRACT_N":"B36--S31","LEVEL1_SUR":"T&P T56","LEVEL2_BLO":"36","LEVEL3_SUR":"31","Surv_Sect":"31","SHAPE_AREA":625.6027769966756,"owner_count":6.0,"top_owner":"TEXAS PACIFIC RESOURCES LLC","top_owner_state":"TX","top_operator":"PIONEER NAT RES USA","max_propensity_score":3.0,"field_name":"Unknown","production_trend":null},"geometry":{"type":"Polygon","coordinates":[[[-101.71475145827901,31.62514537814554],[-101.71578932055431,31.628213237011664],[-101.71640668234343,31.63011204842957],[-101.70988026909069,31.631558871802973],[-101.70733558802918,31.632122894639505],[-101.70483979687867,31.632718084009806],[-101.70002365914593,31.633866466919223],[-101.69766136842644,31.626970568086772],[-101.69703999476125,31.625145462285932],[-101.69659063320162,31.623825453835696],[-101.69541002683104,31.620357187703526],[-101.70364206502553,31.618343696662258],[-101.71178335271506,31.61638617348782],[-101.71475145827901,31.62514537814554]]]}},{"type":"Feature","properties":{"ABSTRACT_L":"B36--S32","ABSTRACT_N":"B36--S32","LEVEL1_SUR":null,"LEVEL2_BLO":"36","LEVEL3_SUR":"32","Surv_Sect":"32","SHAPE_AREA":611.6008876178246,"owner_count":129.0,"top_owner":"COBBLESTONE MINERALS LP","top_owner_state":"LA","top_operator":"PIONEER NAT RES USA","max_propensity_score":8.0,"field_name":"Unknown","production_trend":null},"geometry":{"type":"Polygon","coordinates":[[[-101.69766136842644,31.626970568086772],[-101.70002365914593,31.633866466919223],[-101.69694034015521,31.63452953501665],[-101.69510945053698,31.63493719680487],[-101.69150435140169,31.635754487505704],[-101.68348438568286,31.637567096952704],[-101.68160945705614,31.63158244478335],[-101.6797027999336,31.625507363184052],[-101.67937121020263,31.624451084976048],[-101.68637085235379,31.62244726944504],[-101.69541002683104,31.620357187703526],[-101.69659063320162,31.623825453835696],[-101.69703999476125,31.625145462285932],[-101.69766136842644,31.626970568086772]]]}},{"type":"Feature","properties":{"ABSTRACT_L":"B36--S33","ABSTRACT_N":"B36--S33","LEVEL1_SUR":null,"LEVEL2_BLO":"36","LEVEL3_SUR":"33","Surv_Sect":"33","SHAPE_AREA":656.8222176166737,"owner_count":175.0,"top_owner":"OBERNAGEL GEORGE II ESTATE","top_owner_state":"IL","top_operator":"PIONEER NAT RES USA","max_propensity_score":9.0,"field_name":"Unknown","production_trend":null},"geometry":{"type":"Polygon","coordinates":[[[-101.6797027999336,31.625507363184052],[-101.68160945705614,31.63158244478335],[-101.68348438568286,31.637567096952704],[-101.68410621120063,31.639490143438394],[-101.67269639167172,31.642087437971146],[-101.66721756675389,31.643356563042193],[-101.66481285399341,31.635495605206863],[-101.66476639492353,31.635343715681714],[-101.66298269201056,31.629263615065305],[-101.6683441376635,31.628020270241095],[-101.67917573500019,31.625635402094765],[-101.6797027999336,31.625507363184052]]]}},{"type":"Feature","properties":{"ABSTRACT_L":"B36--S34","ABSTRACT_N":"B36--S34","LEVEL1_SUR":null,"LEVEL2_BLO":"36","LEVEL3_SUR":"34","Surv_Sect":"34","SHAPE_AREA":651.1104195442864,"owner_count":70.0,"top_owner":"FRANCO-NEVADA TEXAS LP","top_owner_state":"CO","top_operator":"PIONEER NAT RES USA","max_propensity_score":7.0,"field_name":"Unknown","production_trend":null},"geometry":{"type":"Polygon","coordinates":[[[-101.64630673179217,31.633029364602475],[-101.65421619664622,31.631237429679526],[-101.66298269201056,31.629263615065305],[-101.66476639492353,31.635343715681714],[-101.66721756675389,31.643356563042193],[-101.65886262196054,31.645245219177944],[-101.65059601210235,31.647097182577088],[-101.64978430249647,31.644474253500015],[-101.64774850267034,31.63788636120749],[-101.64630673179217,31.633029364602475]]]}},{"type":"Feature","properties":{"ABSTRACT_L":"B36--S35","ABSTRACT_N":"B36--S35","LEVEL1_SUR":null,"LEVEL2_BLO":"36","LEVEL3_SUR":"35","Surv_Sect":"35","SHAPE_AREA":641.5094519917546,"owner_count":0.0,"top_owner":"","top_owner_state":"","top_operator":"","max_propensity_score":0.0,"field_name":"Unknown","production_trend":null},"geometry":{"type":"Polygon","coordinates":[[[-101.63078668056225,31.639778451479557],[-101.63070933381967,31.639527368284178],[-101.62989246429076,31.63687557870239],[-101.64630673179217,31.633029364602475],[-101.64774850267034,31.63788636120749],[-101.64978430249647,31.644474253500015],[-101.65059601210235,31.647097182577088],[-101.64226663156536,31.649081304071398],[-101.63420536669967,31.65087448496565],[-101.63197796071503,31.64364534089413],[-101.63078668056225,31.639778451479557]]]}},{"type":"Feature","properties":{"ABSTRACT_L":"B36--S36","ABSTRACT_N":"B36--S36","LEVEL1_SUR":null,"LEVEL2_BLO":"36","LEVEL3_SUR":"36","Surv_Sect":"36","SHAPE_AREA":584.4033525388754,"owner_count":0.0,"top_owner":"","top_owner_state":"","top_operator":"","max_propensity_score":0.0,"field_name":"Unknown","production_trend":null},"geometry":{"type":"Polygon","coordinates":[[[-101.62146464187337,31.638678932087107],[-101.62989246429076,31.63687557870239],[-101.63070933381967,31.639527368284178],[-101.63078668056225,31.639778451479557],[-101.63197796071503,31.64364534089413],[-101.63420536669967,31.65087448496565],[-101.63162648677529,31.651440498915417],[-101.62542000132449,31.65143903910997],[-101.6194349631676,31.651472967919442],[-101.61673604855832,31.65146616135878],[-101.61512617504272,31.64606197955662],[-101.6134199060089,31.64038607930654],[-101.61778281583305,31.63941642102252],[-101.62146464187337,31.638678932087107]]]}},{"type":"Feature","properties":{"ABSTRACT_L":"B36--S37","ABSTRACT_N":"B36--S37","LEVEL1_SUR":null,"LEVEL2_BLO":"36","LEVEL3_SUR":"37","Surv_Sect":"37","SHAPE_AREA":644.5343722969865,"owner_count":1.0,"top_owner":"DIAMONDBACK E&P LLC  WI","top_owner_state":"OK","top_operator":"DIAMONDBACK E&P LLC","max_propensity_score":6.0,"field_name":"Unknown","production_trend":null},"geometry":{"type":"Polygon","coordinates":[[[-101.60917313397796,31.62621265696894],[-101.61726893816801,31.624359058365254],[-101.62110991243904,31.6234591541875],[-101.62540145560544,31.62262340011766],[-101.62665723030403,31.626794405103514],[-101.62734411540794,31.62902872736939],[-101.62989246429076,31.63687557870239],[-101.62146464187337,31.638678932087107],[-101.61778281583305,31.63941642102252],[-101.6134199060089,31.64038607930654],[-101.61247374016455,31.637188084378824],[-101.61131200919472,31.633325356424454],[-101.60917313397796,31.62621265696894]]]}},{"type":"Feature","properties":{"ABSTRACT_L":"B36--S38","ABSTRACT_N":"B36--S38","LEVEL1_SUR":null,"LEVEL2_BLO":"36","LEVEL3_SUR":"38","Surv_Sect":"38","SHAPE_AREA":652.7836123842363,"owner_count":60.0,"top_owner":"HAGN GUYTON LLC","top_owner_state":"VA","top_operator":"PIONEER NAT RES USA","max_propensity_score":7.0,"field_name":"Unknown","production_trend":null},"geometry":{"type":"Polygon","coordinates":[[[-101.64398969460343,31.62550763090248],[-101.64630673179217,31.633029364602475],[-101.62989246429076,31.63687557870239],[-101.62734411540794,31.62902872736939],[-101.62665723030403,31.626794405103514],[-101.62540145560544,31.62262340011766],[-101.63533524520616,31.620402970071446],[-101.64198993967808,31.618916250936998],[-101.64398969460343,31.62550763090248]]]}},{"type":"Feature","properties":{"ABSTRACT_L":"B36--S39","ABSTRACT_N":"B36--S39","LEVEL1_SUR":null,"LEVEL2_BLO":"36","LEVEL3_SUR":"39","Surv_Sect":"39","SHAPE_AREA":666.9733437446056,"owner_count":68.0,"top_owner":"CHALLISS LAWS LLC","top_owner_state":"NM","top_operator":"PIONEER NAT RES USA","max_propensity_score":8.0,"field_name":"Unknown","production_trend":null},"geometry":{"type":"Polygon","coordinates":[[[-101.66298269201056,31.629263615065305],[-101.65421619664622,31.631237429679526],[-101.64630673179217,31.633029364602475],[-101.64398969460343,31.62550763090248],[-101.64198993967808,31.618916250936998],[-101.64975205657102,31.616489588648456],[-101.65860392153176,31.61514990338102],[-101.66065207768462,31.621900119115963],[-101.66298269201056,31.629263615065305]]]}},{"type":"Feature","properties":{"ABSTRACT_L":"B36--S40","ABSTRACT_N":"B36--S40","LEVEL1_SUR":null,"LEVEL2_BLO":"36","LEVEL3_SUR":"40","Surv_Sect":"40","SHAPE_AREA":630.7752315650149,"owner_count":44.0,"top_owner":"COBBLESTONE MINERALS LP","top_owner_state":"LA","top_operator":"PIONEER NAT RES USA","max_propensity_score":8.0,"field_name":"Unknown","production_trend":null},"geometry":{"type":"Polygon","coordinates":[[[-101.67475343665431,31.611582342804173],[-101.6767730838733,31.617983653557257],[-101.6785232158458,31.62369946243208],[-101.67917573500019,31.625635402094765],[-101.6683441376635,31.628020270241095],[-101.66298269201056,31.629263615065305],[-101.66065207768462,31.621900119115963],[-101.65860392153176,31.61514990338102],[-101.66312007585853,31.614250069267516],[-101.67475343665431,31.611582342804173]]]}},{"type":"Feature","properties":{"ABSTRACT_L":"B36--S41","ABSTRACT_N":"B36--S41","LEVEL1_SUR":null,"LEVEL2_BLO":"36","LEVEL3_SUR":"41","Surv_Sect":"41","SHAPE_AREA":650.5869950972478,"owner_count":8.0,"top_owner":"DIAMONDBACK E&P LLC  WI","top_owner_state":"OK","top_operator":"DIAMONDBACK E&P LLC","max_propensity_score":6.0,"field_name":"Unknown","production_trend":null},"geometry":{"type":"Polygon","coordinates":[[[-101.68657317990524,31.607323762164427],[-101.69023206566816,31.60645224095557],[-101.6905393173431,31.606368903775167],[-101.69541002683104,31.620357187703526],[-101.68637085235379,31.62244726944504],[-101.67937121020263,31.624451084976048],[-101.6797027999336,31.625507363184052],[-101.67917573500019,31.625635402094765],[-101.6785232158458,31.62369946243208],[-101.6767730838733,31.617983653557257],[-101.67475343665431,31.611582342804173],[-101.67426467498632,31.61019700304208],[-101.68127221512543,31.608594307116082],[-101.68657317990524,31.607323762164427]]]}},{"type":"Feature","properties":{"ABSTRACT_L":"B36--S42","ABSTRACT_N":"B36--S42","LEVEL1_SUR":null,"LEVEL2_BLO":"36","LEVEL3_SUR":"42","Surv_Sect":"42","SHAPE_AREA":646.4181553487283,"owner_count":83.0,"top_owner":"COBBLESTONE MINERALS LP","top_owner_state":"LA","top_operator":"PIONEER NAT RES USA","max_propensity_score":8.0,"field_name":"Unknown","production_trend":null},"geometry":{"type":"Polygon","coordinates":[[[-101.6947197487903,31.605331481686378],[-101.69887658868153,31.604396671765564],[-101.70735707662908,31.60248785760124],[-101.7092654773816,31.60915072843959],[-101.71178335271506,31.61638617348782],[-101.70364206502553,31.618343696662258],[-101.69541002683104,31.620357187703526],[-101.6905393173431,31.606368903775167],[-101.6947197487903,31.605331481686378]]]}},{"type":"Feature","properties":{"ABSTRACT_L":"B36--S43","ABSTRACT_N":"B36--S43","LEVEL1_SUR":null,"LEVEL2_BLO":"36","LEVEL3_SUR":"43","Surv_Sect":"43","SHAPE_AREA":647.8256059067759,"owner_count":3.0,"top_owner":"TEXAS PACIFIC RESOURCES LLC","top_owner_state":"TX","top_operator":"PIONEER NAT RES USA","max_propensity_score":3.0,"field_name":"Unknown","production_trend":null},"geometry":{"type":"Polygon","coordinates":[[[-101.68621680745224,31.59241533473177],[-101.69458705953802,31.590482788805282],[-101.70280351106399,31.588585933658045],[-101.70735707662908,31.60248785760124],[-101.69887658868153,31.604396671765564],[-101.6947197487903,31.605331481686378],[-101.6905393173431,31.606368903775167],[-101.68833905125983,31.599272331722588],[-101.68621680745224,31.59241533473177]]]}},{"type":"Feature","properties":{"ABSTRACT_L":"B36--S44","ABSTRACT_N":"B36--S44","LEVEL1_SUR":null,"LEVEL2_BLO":"36","LEVEL3_SUR":"44","Surv_Sect":"44","SHAPE_AREA":645.1530409198303,"owner_count":1.0,"top_owner":"ROBERTSON RESOURCES INC","top_owner_state":"TX","top_operator":"ROBERTSON RESOURCES","max_propensity_score":1.0,"field_name":"Unknown","production_trend":null},"geometry":{"type":"Polygon","coordinates":[[[-101.68833905125983,31.599272331722588],[-101.6905393173431,31.606368903775167],[-101.69023206566816,31.60645224095557],[-101.68657317990524,31.607323762164427],[-101.68127221512543,31.608594307116082],[-101.67426467498632,31.61019700304208],[-101.67180457569869,31.603116604559947],[-101.66973173474014,31.596089634598925],[-101.67804808521392,31.594235822531804],[-101.68621680745224,31.59241533473177],[-101.68833905125983,31.599272331722588]]]}},{"type":"Feature","properties":{"ABSTRACT_L":"B36--S45","ABSTRACT_N":"B36--S45","LEVEL1_SUR":null,"LEVEL2_BLO":"36","LEVEL3_SUR":"45","Surv_Sect":"45","SHAPE_AREA":697.7422770100122,"owner_count":0.0,"top_owner":"","top_owner_state":"","top_operator":"","max_propensity_score":0.0,"field_name":"Unknown","production_trend":null},"geometry":{"type":"Polygon","coordinates":[[[-101.67180457569869,31.603116604559947],[-101.67426467498632,31.61019700304208],[-101.67475343665431,31.611582342804173],[-101.66312007585853,31.614250069267516],[-101.65860392153176,31.61514990338102],[-101.65599774450082,31.607478085177764],[-101.6558326395415,31.606989459023186],[-101.65336521089948,31.599840570952086],[-101.65772777038065,31.598846006754815],[-101.65822799904323,31.598741330954706],[-101.66136749238362,31.59796875414097],[-101.66362413044592,31.597462054447554],[-101.66973173474014,31.596089634598925],[-101.67180457569869,31.603116604559947]]]}},{"type":"Feature","properties":{"ABSTRACT_L":"B36--S46","ABSTRACT_N":"B36--S46","LEVEL1_SUR":null,"LEVEL2_BLO":"36","LEVEL3_SUR":"46","Surv_Sect":"46","SHAPE_AREA":694.6899594008798,"owner_count":8.0,"top_owner":"KIRKPATRICK OIL CO","top_owner_state":"OK","top_operator":"PIONEER NAT RES USA","max_propensity_score":5.0,"field_name":"Unknown","production_trend":null},"geometry":{"type":"Polygon","coordinates":[[[-101.6558326395415,31.606989459023186],[-101.65599774450082,31.607478085177764],[-101.65860392153176,31.61514990338102],[-101.64975205657102,31.616489588648456],[-101.64198993967808,31.618916250936998],[-101.64184037647149,31.61842048647193],[-101.63943818797696,31.61125945232452],[-101.63700973723512,31.603499384750798],[-101.64510039318027,31.601713045624567],[-101.65336521089948,31.599840570952086],[-101.6558326395415,31.606989459023186]]]}},{"type":"Feature","properties":{"ABSTRACT_L":"B36--S47","ABSTRACT_N":"B36--S47","LEVEL1_SUR":null,"LEVEL2_BLO":"36","LEVEL3_SUR":"47","Surv_Sect":"47","SHAPE_AREA":705.2132689588659,"owner_count":1.0,"top_owner":"SAHARA OPERATING CO","top_owner_state":"TX","top_operator":"SAHARA OPERATING COM","max_propensity_score":2.0,"field_name":"Unknown","production_trend":null},"geometry":{"type":"Polygon","coordinates":[[[-101.63943818797696,31.61125945232452],[-101.64184037647149,31.61842048647193],[-101.64198993967808,31.618916250936998],[-101.63533524520616,31.620402970071446],[-101.62540145560544,31.62262340011766],[-101.62389556567722,31.617740967548702],[-101.62350999258759,31.616490753718814],[-101.6232085736738,31.615588177834724],[-101.62303380463864,31.61506482979657],[-101.62299744263257,31.614960046004402],[-101.62281463637055,31.61443323739626],[-101.62061853667358,31.60746736059576],[-101.6205767209954,31.60733470786501],[-101.62540802229016,31.606207052946537],[-101.62866224845864,31.605447418863225],[-101.63700973723512,31.603499384750798],[-101.63943818797696,31.61125945232452]]]}},{"type":"Feature","properties":{"ABSTRACT_L":"B36--S48","ABSTRACT_N":"B36--S48","LEVEL1_SUR":null,"LEVEL2_BLO":"36","LEVEL3_SUR":"48","Surv_Sect":"48","SHAPE_AREA":687.0700482048659,"owner_count":1.0,"top_owner":"SAHARA OPERATING CO","top_owner_state":"TX","top_operator":"SAHARA OPERATING COM","max_propensity_score":2.0,"field_name":"Unknown","production_trend":null},"geometry":{"type":"Polygon","coordinates":[[[-101.6205767209954,31.60733470786501],[-101.62061853667358,31.60746736059576],[-101.62281463637055,31.61443323739626],[-101.62299744263257,31.614960046004402],[-101.62303380463864,31.61506482979657],[-101.6232085736738,31.615588177834724],[-101.62350999258759,31.616490753718814],[-101.62389556567722,31.617740967548702],[-101.62540145560544,31.62262340011766],[-101.62110991243904,31.6234591541875],[-101.61726893816801,31.624359058365254],[-101.60917313397796,31.62621265696894],[-101.60659772514383,31.618151321399022],[-101.60429151894247,31.611235926217155],[-101.60423891719267,31.611078180575998],[-101.60843532427891,31.610133289330502],[-101.61250517670791,31.609194705461327],[-101.61651720727703,31.608295619380144],[-101.6205767209954,31.60733470786501]]]}},{"type":"Feature","properties":{"ABSTRACT_L":"B37--S15","ABSTRACT_N":"B37--S15","LEVEL1_SUR":null,"LEVEL2_BLO":"37","LEVEL3_SUR":"15","Surv_Sect":"15","SHAPE_AREA":82.33818449751429,"owner_count":1.0,"top_owner":"PIONEER NATURAL RES INC WI","top_owner_state":"TX","top_operator":"PIONEER NATURAL RES","max_propensity_score":3.0,"field_name":"Unknown","production_trend":null},"geometry":{"type":"Polygon","coordinates":[[[-101.77575097284388,31.651496032681727],[-101.77570426943227,31.651492762841798],[-101.77315197964029,31.651314019572002],[-101.76000207579534,31.651310008733795],[-101.75864802091309,31.651373646836827],[-101.76642636317666,31.649662299689968],[-101.76735540353846,31.649444813320876],[-101.76761963040288,31.649381765785375],[-101.77462013314006,31.647847950740204],[-101.77582692629947,31.647581292706644],[-101.77575097284388,31.651496032681727]]]}},{"type":"Feature","properties":{"ABSTRACT_L":"B37--S21","ABSTRACT_N":"B37--S21","LEVEL1_SUR":null,"LEVEL2_BLO":"37","LEVEL3_SUR":"21","Surv_Sect":"21","SHAPE_AREA":145.75472152438553,"owner_count":32.0,"top_owner":"COBBLESTONE MINERALS LP","top_owner_state":"LA","top_operator":"PIONEER NAT RES USA","max_propensity_score":8.0,"field_name":"Unknown","production_trend":null},"geometry":{"type":"Polygon","coordinates":[[[-101.77462013314006,31.647847950740204],[-101.77222200772557,31.6396340379233],[-101.77147664050004,31.63699841498937],[-101.77001174788475,31.63262495424787],[-101.77581810394507,31.63134051780133],[-101.77582501648119,31.63234002992259],[-101.77582902745894,31.63356498294888],[-101.77582902745894,31.647473024724537],[-101.77582692629947,31.647581292706644],[-101.77462013314006,31.647847950740204]]]}},{"type":"Feature","properties":{"ABSTRACT_L":"B37--S22","ABSTRACT_N":"B37--S22","LEVEL1_SUR":null,"LEVEL2_BLO":"37","LEVEL3_SUR":"22","Surv_Sect":"22","SHAPE_AREA":702.317663817105,"owner_count":21.0,"top_owner":"COBBLESTONE MINERALS LP","top_owner_state":"LA","top_operator":"PIONEER NAT RES USA","max_propensity_score":8.0,"field_name":"Unknown","production_trend":null},"geometry":{"type":"Polygon","coordinates":[[[-101.76104026595573,31.63461792013121],[-101.77001174788475,31.63262495424787],[-101.77147664050004,31.63699841498937],[-101.77222200772557,31.6396340379233],[-101.77462013314006,31.647847950740204],[-101.76761963040288,31.649381765785375],[-101.76735540353846,31.649444813320876],[-101.76642636317666,31.649662299689968],[-101.75864802091309,31.651373646836827],[-101.75811404973177,31.65139874036431],[-101.7554905486906,31.643321525422646],[-101.75334527567239,31.636407197187204],[-101.76104026595573,31.63461792013121]]]}},{"type":"Feature","properties":{"ABSTRACT_L":"B37--S23","ABSTRACT_N":"B37--S23","LEVEL1_SUR":null,"LEVEL2_BLO":"37","LEVEL3_SUR":"23","Surv_Sect":"23","SHAPE_AREA":613.6468975653015,"owner_count":151.0,"top_owner":"ATWILL HELEN MCCUSKER TRUST","top_owner_state":"AZ","top_operator":"PIONEER NAT RES USA","max_propensity_score":9.0,"field_name":"Unknown","production_trend":null},"geometry":{"type":"Polygon","coordinates":[[[-101.75334527567239,31.636407197187204],[-101.7554905486906,31.643321525422646],[-101.75811404973177,31.65139874036431],[-101.75804606163781,31.651401935267327],[-101.75115596993389,31.651341931789567],[-101.75030991863301,31.6513350793375],[-101.74676592739493,31.65127992476508],[-101.7400428253158,31.651285865701592],[-101.7389933388407,31.648188019932864],[-101.73864271830048,31.647180652288526],[-101.73790457352983,31.644870047886876],[-101.73631488066707,31.64017385516425],[-101.75334527567239,31.636407197187204]]]}},{"type":"Feature","properties":{"ABSTRACT_L":"B37--S24","ABSTRACT_N":"B37--S24","LEVEL1_SUR":null,"LEVEL2_BLO":"37","LEVEL3_SUR":"24","Surv_Sect":"24","SHAPE_AREA":409.9931465564369,"owner_count":207.0,"top_owner":"SOUTHERN ROYALTIES LLC","top_owner_state":"LA","top_operator":"PIONEER NAT RES USA","max_propensity_score":9.0,"field_name":"Unknown","production_trend":null},"geometry":{"type":"Polygon","coordinates":[[[-101.72797219428409,31.64201329851834],[-101.73631488066707,31.64017385516425],[-101.73790457352983,31.644870047886876],[-101.73864271830048,31.647180652288526],[-101.7389933388407,31.648188019932864],[-101.7400428253158,31.651285865701592],[-101.73994402770252,31.651285941406694],[-101.73805704188806,31.651156075002227],[-101.73174800027284,31.651216722475855],[-101.72932007863868,31.65123997771158],[-101.72295498843795,31.65125117824342],[-101.72279334019582,31.650709506680986],[-101.7221105567995,31.64852054467931],[-101.72085692278623,31.644279875078798],[-101.72068159859222,31.64361357120635],[-101.72797219428409,31.64201329851834]]]}},{"type":"Feature","properties":{"ABSTRACT_L":"B37--S25","ABSTRACT_N":"B37--S25","LEVEL1_SUR":null,"LEVEL2_BLO":"37","LEVEL3_SUR":"25","Surv_Sect":"25","SHAPE_AREA":578.9806942111763,"owner_count":11.0,"top_owner":"TEXAS PACIFIC RESOURCES LLC","top_owner_state":"TX","top_operator":"PIONEER NAT RES USA","max_propensity_score":3.0,"field_name":"Unknown","production_trend":null},"geometry":{"type":"Polygon","coordinates":[[[-101.734196045966,31.633931330764284],[-101.73631488066707,31.64017385516425],[-101.72797219428409,31.64201329851834],[-101.72068159859222,31.64361357120635],[-101.7187874091875,31.63751312043378],[-101.71640668234343,31.63011204842957],[-101.72376308771472,31.628537700171762],[-101.73179154880118,31.62683110419086],[-101.734196045966,31.633931330764284]]]}},{"type":"Feature","properties":{"ABSTRACT_L":"B37--S26","ABSTRACT_N":"B37--S26","LEVEL1_SUR":null,"LEVEL2_BLO":"37","LEVEL3_SUR":"26","Surv_Sect":"26","SHAPE_AREA":641.072417783683,"owner_count":32.0,"top_owner":"COBBLESTONE MINERALS LP","top_owner_state":"LA","top_operator":"PIONEER NAT RES USA","max_propensity_score":8.0,"field_name":"Unknown","production_trend":null},"geometry":{"type":"Polygon","coordinates":[[[-101.75127249220603,31.62981385884188],[-101.75334527567239,31.636407197187204],[-101.73631488066707,31.64017385516425],[-101.734196045966,31.633931330764284],[-101.73179154880118,31.62683110419086],[-101.73936597349528,31.62514558390706],[-101.74044695490421,31.624906651654225],[-101.7491914118997,31.62301696440623],[-101.75127249220603,31.62981385884188]]]}},{"type":"Feature","properties":{"ABSTRACT_L":"B37--S27","ABSTRACT_N":"B37--S27","LEVEL1_SUR":"T&P","LEVEL2_BLO":"37","LEVEL3_SUR":"27","Surv_Sect":"27","SHAPE_AREA":616.5449126332376,"owner_count":53.0,"top_owner":"ALAMO ACQUISITIONS LLC","top_owner_state":"CO","top_operator":"PIONEER NAT RES USA","max_propensity_score":7.0,"field_name":"Unknown","production_trend":null},"geometry":{"type":"Polygon","coordinates":[[[-101.76735699086157,31.62451784320363],[-101.77001174788475,31.63262495424787],[-101.76104026595573,31.63461792013121],[-101.75334527567239,31.636407197187204],[-101.75127249220603,31.62981385884188],[-101.7491914118997,31.62301696440623],[-101.75675703400235,31.621346894210056],[-101.76595014288837,31.619298775692595],[-101.76735699086157,31.62451784320363]]]}},{"type":"Feature","properties":{"ABSTRACT_L":"B37--S28","ABSTRACT_N":"B37--S28","LEVEL1_SUR":null,"LEVEL2_BLO":"37","LEVEL3_SUR":"28","Surv_Sect":"28","SHAPE_AREA":290.6463978287339,"owner_count":2521.0,"top_owner":"CROWDER HELEN ESTATE","top_owner_state":"OK","top_operator":"PIONEER NATURAL RES","max_propensity_score":10.0,"field_name":"Unknown","production_trend":null},"geometry":{"type":"Polygon","coordinates":[[[-101.77581810394507,31.63134051780133],[-101.77001174788475,31.63262495424787],[-101.76735699086157,31.62451784320363],[-101.76595014288837,31.619298775692595],[-101.77572248636791,31.617152509029275],[-101.77572306128971,31.622336995606524],[-101.77577504140531,31.62510998027511],[-101.77581810394507,31.63134051780133]]]}},{"type":"Feature","properties":{"ABSTRACT_L":"B37--S33","ABSTRACT_N":"B37--S33","LEVEL1_SUR":null,"LEVEL2_BLO":"37","LEVEL3_SUR":"33","Surv_Sect":"33","SHAPE_AREA":475.2955832301137,"owner_count":221.0,"top_owner":"ALAMO ACQUISITIONS LLC","top_owner_state":"CO","top_operator":"PIONEER NAT RES USA","max_propensity_score":7.0,"field_name":"Unknown","production_trend":null},"geometry":{"type":"Polygon","coordinates":[[[-101.76370071380622,31.611830749640756],[-101.76164413325264,31.604956686501602],[-101.76870693145983,31.603371828763095],[-101.77571976806587,31.60180085594749],[-101.77572105535167,31.605552009853294],[-101.77572248636791,31.617152509029275],[-101.76595014288837,31.619298775692595],[-101.76370071380622,31.611830749640756]]]}},{"type":"Feature","properties":{"ABSTRACT_L":"B37--S34","ABSTRACT_N":"B37--S34","LEVEL1_SUR":null,"LEVEL2_BLO":"37","LEVEL3_SUR":"34","Surv_Sect":"34","SHAPE_AREA":670.6515649325017,"owner_count":0.0,"top_owner":"","top_owner_state":"","top_operator":"","max_propensity_score":0.0,"field_name":"Unknown","production_trend":null},"geometry":{"type":"Polygon","coordinates":[[[-101.74466598785752,31.60881053028648],[-101.75233210898256,31.607004182638185],[-101.76077811419961,31.605147136557466],[-101.76164413325264,31.604956686501602],[-101.76370071380622,31.611830749640756],[-101.76595014288837,31.619298775692595],[-101.75675703400235,31.621346894210056],[-101.7491914118997,31.62301696440623],[-101.74806998115015,31.619442387014978],[-101.74466598785752,31.60881053028648]]]}},{"type":"Feature","properties":{"ABSTRACT_L":"B37--S35","ABSTRACT_N":"B37--S35","LEVEL1_SUR":null,"LEVEL2_BLO":"37","LEVEL3_SUR":"35","Surv_Sect":"35","SHAPE_AREA":663.6205294506749,"owner_count":17.0,"top_owner":"ALAMO ACQUISITIONS LLC","top_owner_state":"CO","top_operator":"PIONEER NAT RES USA","max_propensity_score":7.0,"field_name":"Unknown","production_trend":null},"geometry":{"type":"Polygon","coordinates":[[[-101.74806998115015,31.619442387014978],[-101.7491914118997,31.62301696440623],[-101.74044695490421,31.624906651654225],[-101.73936597349528,31.62514558390706],[-101.73179154880118,31.62683110419086],[-101.73129628063559,31.624795973030345],[-101.72991775744163,31.61957617528479],[-101.72811466618985,31.61266268069523],[-101.73599526907213,31.610949219666566],[-101.74466598785752,31.60881053028648],[-101.74806998115015,31.619442387014978]]]}},{"type":"Feature","properties":{"ABSTRACT_L":"B37--S36","ABSTRACT_N":"B37--S36","LEVEL1_SUR":null,"LEVEL2_BLO":"37","LEVEL3_SUR":"36","Surv_Sect":"36","SHAPE_AREA":612.696993992743,"owner_count":47.0,"top_owner":"CHALLISS LAWS LLC","top_owner_state":"NM","top_operator":"PIONEER NAT RES USA","max_propensity_score":8.0,"field_name":"Unknown","production_trend":null},"geometry":{"type":"Polygon","coordinates":[[[-101.71178335271506,31.61638617348782],[-101.72080672492815,31.61432796635198],[-101.72811466618985,31.61266268069523],[-101.72991775744163,31.61957617528479],[-101.73129628063559,31.624795973030345],[-101.73179154880118,31.62683110419086],[-101.72376308771472,31.628537700171762],[-101.71640668234343,31.63011204842957],[-101.71578932055431,31.628213237011664],[-101.71475145827901,31.62514537814554],[-101.71178335271506,31.61638617348782]]]}},{"type":"Feature","properties":{"ABSTRACT_L":"B37--S37","ABSTRACT_N":"B37--S37","LEVEL1_SUR":null,"LEVEL2_BLO":"37","LEVEL3_SUR":"37","Surv_Sect":"37","SHAPE_AREA":634.499058683231,"owner_count":6.0,"top_owner":"TEXAS PACIFIC RESOURCES LLC","top_owner_state":"TX","top_operator":"PIONEER NAT RES USA","max_propensity_score":3.0,"field_name":"Unknown","production_trend":null},"geometry":{"type":"Polygon","coordinates":[[[-101.72379924939646,31.59944545952396],[-101.7257213449655,31.605448024037184],[-101.72811466618985,31.61266268069523],[-101.72080672492815,31.61432796635198],[-101.71178335271506,31.61638617348782],[-101.7092654773816,31.60915072843959],[-101.70735707662908,31.60248785760124],[-101.715225637595,31.600692268741064],[-101.72357032632273,31.598763551082605],[-101.72379924939646,31.59944545952396]]]}},{"type":"Feature","properties":{"ABSTRACT_L":"B37--S38","ABSTRACT_N":"B37--S38","LEVEL1_SUR":null,"LEVEL2_BLO":"37","LEVEL3_SUR":"38","Surv_Sect":"38","SHAPE_AREA":611.9977762228818,"owner_count":0.0,"top_owner":"","top_owner_state":"","top_operator":"","max_propensity_score":0.0,"field_name":"Unknown","production_trend":null},"geometry":{"type":"Polygon","coordinates":[[[-101.74466598785752,31.60881053028648],[-101.73599526907213,31.610949219666566],[-101.72811466618985,31.61266268069523],[-101.7257213449655,31.605448024037184],[-101.72379924939646,31.59944545952396],[-101.73173067177102,31.59757377096682],[-101.74015498177563,31.595606532791276],[-101.74220273907649,31.601727329373347],[-101.74466598785752,31.60881053028648]]]}},{"type":"Feature","properties":{"ABSTRACT_L":"B37--S39","ABSTRACT_N":"B37--S39","LEVEL1_SUR":null,"LEVEL2_BLO":"37","LEVEL3_SUR":"39","Surv_Sect":"39","SHAPE_AREA":615.2540935359121,"owner_count":19.0,"top_owner":"ALAMO ACQUISITIONS LLC","top_owner_state":"CO","top_operator":"PIONEER NAT RES USA","max_propensity_score":7.0,"field_name":"Unknown","production_trend":null},"geometry":{"type":"Polygon","coordinates":[[[-101.74015498177563,31.595606532791276],[-101.74818485501375,31.593570557469356],[-101.75660017108574,31.591457408110525],[-101.75873543597338,31.59802655632288],[-101.76077811419961,31.605147136557466],[-101.75233210898256,31.607004182638185],[-101.74466598785752,31.60881053028648],[-101.74220273907649,31.601727329373347],[-101.74015498177563,31.595606532791276]]]}},{"type":"Feature","properties":{"ABSTRACT_L":"B37--S40","ABSTRACT_N":"B37--S40","LEVEL1_SUR":null,"LEVEL2_BLO":"37","LEVEL3_SUR":"40","Surv_Sect":"40","SHAPE_AREA":643.7016926616067,"owner_count":86.0,"top_owner":"CROWDER HELEN ESTATE","top_owner_state":"OK","top_operator":"PIONEER NAT RES USA","max_propensity_score":10.0,"field_name":"Unknown","production_trend":null},"geometry":{"type":"Polygon","coordinates":[[[-101.7643957484264,31.589523916414883],[-101.76863012729967,31.58841837097358],[-101.77402920966806,31.587121689988805],[-101.77495043378856,31.59043191157483],[-101.77571762648223,31.592868608095248],[-101.7757180477921,31.59649096637989],[-101.77571976806587,31.60180085594749],[-101.76870693145983,31.603371828763095],[-101.76164413325264,31.604956686501602],[-101.76077811419961,31.605147136557466],[-101.75873543597338,31.59802655632288],[-101.75660017108574,31.591457408110525],[-101.7643957484264,31.589523916414883]]]}},{"type":"Feature","properties":{"ABSTRACT_L":"B37--S41","ABSTRACT_N":"B37--S41","LEVEL1_SUR":null,"LEVEL2_BLO":"37","LEVEL3_SUR":"41","Surv_Sect":"41","SHAPE_AREA":13.829241204658343,"owner_count":0.0,"top_owner":"","top_owner_state":"","top_operator":"","max_propensity_score":0.0,"field_name":"Unknown","production_trend":null},"geometry":{"type":"Polygon","coordinates":[[[-101.77571704167899,31.586741646288104],[-101.77571704437393,31.5877160621528],[-101.77571762648223,31.592868608095248],[-101.77495043378856,31.59043191157483],[-101.77402920966806,31.587121689988805],[-101.77571704167899,31.586741646288104]]]}},{"type":"Feature","properties":{"ABSTRACT_L":"B37--S44","ABSTRACT_N":"B37--S44","LEVEL1_SUR":null,"LEVEL2_BLO":"37","LEVEL3_SUR":"44","Surv_Sect":"44","SHAPE_AREA":146.6001189154656,"owner_count":102.0,"top_owner":"DAVISON HOLDINGS LLC","top_owner_state":"CO","top_operator":"PIONEER NAT RES USA","max_propensity_score":8.0,"field_name":"Unknown","production_trend":null},"geometry":{"type":"Polygon","coordinates":[[[-101.77571522887872,31.571735555536772],[-101.77571604095576,31.57729200742812],[-101.77571704437393,31.578941992165618],[-101.77571704167899,31.586741646288104],[-101.77402920966806,31.587121689988805],[-101.77182215771113,31.579648204258113],[-101.76988606549166,31.573093450527153],[-101.77571522887872,31.571735555536772]]]}},{"type":"Feature","properties":{"ABSTRACT_L":"B37--S45","ABSTRACT_N":"B37--S45","LEVEL1_SUR":null,"LEVEL2_BLO":"37","LEVEL3_SUR":"45","Surv_Sect":"45","SHAPE_AREA":692.9970620098699,"owner_count":0.0,"top_owner":"","top_owner_state":"","top_operator":"","max_propensity_score":0.0,"field_name":"Unknown","production_trend":null},"geometry":{"type":"Polygon","coordinates":[[[-101.77182215771113,31.579648204258113],[-101.77402920966806,31.587121689988805],[-101.76863012729967,31.58841837097358],[-101.7643957484264,31.589523916414883],[-101.75660017108574,31.591457408110525],[-101.75417818551898,31.58360035596845],[-101.75219318182893,31.577147069873387],[-101.76844583702082,31.573436678991595],[-101.76848184509068,31.573428456205477],[-101.76988606549166,31.573093450527153],[-101.77182215771113,31.579648204258113]]]}},{"type":"Feature","properties":{"ABSTRACT_L":"B37--S46","ABSTRACT_N":"B37--S46","LEVEL1_SUR":null,"LEVEL2_BLO":"37","LEVEL3_SUR":"46","Surv_Sect":"46","SHAPE_AREA":672.0168199089997,"owner_count":36.0,"top_owner":"COBBLESTONE MINERALS LP","top_owner_state":"LA","top_operator":"PIONEER NAT RES USA","max_propensity_score":8.0,"field_name":"Unknown","production_trend":null},"geometry":{"type":"Polygon","coordinates":[[[-101.75219318182893,31.577147069873387],[-101.75417818551898,31.58360035596845],[-101.75660017108574,31.591457408110525],[-101.74818485501375,31.593570557469356],[-101.74015498177563,31.595606532791276],[-101.73746738863389,31.587463586581134],[-101.73536223796953,31.5810770420755],[-101.75041105545925,31.577563125803103],[-101.75219318182893,31.577147069873387]]]}},{"type":"Feature","properties":{"ABSTRACT_L":"B37--S47","ABSTRACT_N":"B37--S47","LEVEL1_SUR":null,"LEVEL2_BLO":"37","LEVEL3_SUR":"47","Surv_Sect":"47","SHAPE_AREA":662.25030603263,"owner_count":65.0,"top_owner":"MEKUSUKEY OIL COMPANY LLC","top_owner_state":"OK","top_operator":"PIONEER NAT RES USA","max_propensity_score":8.0,"field_name":"Unknown","production_trend":null},"geometry":{"type":"Polygon","coordinates":[[[-101.73536223796953,31.5810770420755],[-101.73746738863389,31.587463586581134],[-101.74015498177563,31.595606532791276],[-101.73173067177102,31.59757377096682],[-101.72379924939646,31.59944545952396],[-101.72357032632273,31.598763551082605],[-101.72117875052497,31.591215377593812],[-101.72009020350471,31.587716573319888],[-101.71928209883806,31.58490312295896],[-101.72720227610186,31.582950749463244],[-101.73536223796953,31.5810770420755]]]}},{"type":"Feature","properties":{"ABSTRACT_L":"B37--S48","ABSTRACT_N":"B37--S48","LEVEL1_SUR":null,"LEVEL2_BLO":"37","LEVEL3_SUR":"48","Surv_Sect":"48","SHAPE_AREA":629.7424845336856,"owner_count":114.0,"top_owner":"CHALLISS LAWS LLC","top_owner_state":"NM","top_operator":"PIONEER NAT RES USA","max_propensity_score":8.0,"field_name":"Unknown","production_trend":null},"geometry":{"type":"Polygon","coordinates":[[[-101.72009020350471,31.587716573319888],[-101.72117875052497,31.591215377593812],[-101.72357032632273,31.598763551082605],[-101.715225637595,31.600692268741064],[-101.70735707662908,31.60248785760124],[-101.70280351106399,31.588585933658045],[-101.71097405598401,31.586843579988393],[-101.71928209883806,31.58490312295896],[-101.72009020350471,31.587716573319888]]]}},{"type":"Feature","properties":{"ABSTRACT_L":"B4--S18","ABSTRACT_N":"B4--S18","LEVEL1_SUR":null,"LEVEL2_BLO":"4","LEVEL3_SUR":"18","Surv_Sect":"18","SHAPE_AREA":73.87528964676221,"owner_count":0.0,"top_owner":"","top_owner_state":"","top_operator":"","max_propensity_score":0.0,"field_name":"Unknown","production_trend":null},"geometry":{"type":"Polygon","coordinates":[[[-101.7751714570777,31.17237499708084],[-101.7751659908292,31.173170061940798],[-101.77512403950543,31.17640200687401],[-101.77511100315401,31.18081494815868],[-101.77510598875809,31.18126906119464],[-101.77507105597165,31.185276023596245],[-101.77507206028814,31.186982000099437],[-101.77506374638018,31.187305311258335],[-101.77305119944519,31.187264700402167],[-101.7733808362387,31.172359350464053],[-101.7751714570777,31.17237499708084]]]}},{"type":"Feature","properties":{"ABSTRACT_L":"B4--S19","ABSTRACT_N":"B4--S19","LEVEL1_SUR":"UL","LEVEL2_BLO":"4","LEVEL3_SUR":"19","Surv_Sect":"19","SHAPE_AREA":68.94439591722862,"owner_count":2.0,"top_owner":"PIONEER NATURAL RES INC WI","top_owner_state":"TX","top_operator":"PIONEER NAT RES USA","max_propensity_score":1.0,"field_name":"Unknown","production_trend":null},"geometry":{"type":"Polygon","coordinates":[[[-101.77527468518194,31.158430628161238],[-101.77522398875888,31.1647369533002],[-101.7751714570777,31.17237499708084],[-101.7733808362387,31.172359350464053],[-101.77327465537212,31.1584214603559],[-101.77527468518194,31.158430628161238]]]}},{"type":"Feature","properties":{"ABSTRACT_L":"B4--S227","ABSTRACT_N":"B4--S227","LEVEL1_SUR":null,"LEVEL2_BLO":"4","LEVEL3_SUR":"227","Surv_Sect":"227","SHAPE_AREA":15.253998746633494,"owner_count":0.0,"top_owner":"","top_owner_state":"","top_operator":"","max_propensity_score":0.0,"field_name":"Unknown","production_trend":null},"geometry":{"type":"Polygon","coordinates":[[[-101.42586778057948,31.18865547147993],[-101.4258524652022,31.189691489118903],[-101.42585545928705,31.189736240987944],[-101.42586714906383,31.189790478826264],[-101.42588591666676,31.189839560204618],[-101.42591742148207,31.18989430209925],[-101.42595805407899,31.1899439912823],[-101.42600427060376,31.18998566070643],[-101.42605638546662,31.190020801978196],[-101.42610566255155,31.190045718007237],[-101.4261503869746,31.190062748016732],[-101.4261875035655,31.190073385911557],[-101.42623301221779,31.19008250377686],[-101.42626593906623,31.190086565126574],[-101.42734486063821,31.190097788590737],[-101.42733355174711,31.190740720649018],[-101.42732420477658,31.19138407175934],[-101.42483392029877,31.191362020121662],[-101.42484340381321,31.190722816251586],[-101.42485897071879,31.18967350229666],[-101.42487436065622,31.188636070459317],[-101.42489296386745,31.187337372650465],[-101.4258833870109,31.18759771736159],[-101.42586778057948,31.18865547147993]]]}},{"type":"Feature","properties":{"ABSTRACT_L":"B4--S30","ABSTRACT_N":"B4--S30","LEVEL1_SUR":"UP","LEVEL2_BLO":"4","LEVEL3_SUR":"30","Surv_Sect":"30","SHAPE_AREA":82.80301264474807,"owner_count":1.0,"top_owner":"APACHE CORP WI","top_owner_state":"TX","top_operator":"APACHE CORPORATION","max_propensity_score":2.0,"field_name":"Unknown","production_trend":null},"geometry":{"type":"Polygon","coordinates":[[[-101.77539125236983,31.143789352345014],[-101.77538694764299,31.144573944878886],[-101.77527468518194,31.158430628161238],[-101.77327465537212,31.1584214603559],[-101.7731443224008,31.15140211196848],[-101.77311926209933,31.14378080511749],[-101.77539125236983,31.143789352345014]]]}},{"type":"Feature","properties":{"ABSTRACT_L":"B4--S31","ABSTRACT_N":"B4--S31","LEVEL1_SUR":null,"LEVEL2_BLO":"4","LEVEL3_SUR":"31","Surv_Sect":"31","SHAPE_AREA":92.11152904799259,"owner_count":0.0,"top_owner":"","top_owner_state":"","top_operator":"","max_propensity_score":0.0,"field_name":"Unknown","production_trend":null},"geometry":{"type":"Polygon","coordinates":[[[-101.77550823368108,31.129099459987668],[-101.77547201989702,31.133315037731755],[-101.77540399497214,31.141467019915655],[-101.77539125236983,31.143789352345014],[-101.77311926209933,31.14378080511749],[-101.77297636439215,31.12907725005421],[-101.77550823368108,31.129099459987668]]]}},{"type":"Feature","properties":{"ABSTRACT_L":"B4--S4","ABSTRACT_N":"B4--S4","LEVEL1_SUR":null,"LEVEL2_BLO":"4","LEVEL3_SUR":"4","Surv_Sect":"4","SHAPE_AREA":487.99253914481005,"owner_count":0.0,"top_owner":"","top_owner_state":"","top_operator":"","max_propensity_score":0.0,"field_name":"Unknown","production_trend":null},"geometry":{"type":"Polygon","coordinates":[[[-101.7546354396767,31.337991539884825],[-101.76647756714787,31.33808768489587],[-101.76645358931631,31.34805732144833],[-101.7525205234269,31.351311120644052],[-101.75239838129433,31.350839800037342],[-101.74876616022398,31.338094488984087],[-101.75041919689069,31.338104488721793],[-101.75137842783253,31.33807880459327],[-101.7546354396767,31.337991539884825]]]}},{"type":"Feature","properties":{"ABSTRACT_L":"B4--S5","ABSTRACT_N":"B4--S5","LEVEL1_SUR":null,"LEVEL2_BLO":"4","LEVEL3_SUR":"5","Surv_Sect":"5","SHAPE_AREA":35.20296818544207,"owner_count":0.0,"top_owner":"","top_owner_state":"","top_operator":"","max_propensity_score":0.0,"field_name":"Unknown","production_trend":null},"geometry":{"type":"Polygon","coordinates":[[[-101.44240882282534,31.193052956081175],[-101.44326366953118,31.19307813873017],[-101.44426174991412,31.193107533207286],[-101.44418905464806,31.19480962937752],[-101.44414852086582,31.19575872887659],[-101.44410736814434,31.19672226195543],[-101.44405519848422,31.197943773971826],[-101.44282384538492,31.197908791628116],[-101.44127635357758,31.197864808954378],[-101.44132660802951,31.196633953540083],[-101.4413657566096,31.1956751192305],[-101.44140422157176,31.194733031581215],[-101.44147394071928,31.193025410462045],[-101.44240882282534,31.193052956081175]]]}},{"type":"Feature","properties":{"ABSTRACT_L":"B4--S6","ABSTRACT_N":"B4--S6","LEVEL1_SUR":null,"LEVEL2_BLO":"4","LEVEL3_SUR":"6","Surv_Sect":"6","SHAPE_AREA":97.16784080399623,"owner_count":0.0,"top_owner":"","top_owner_state":"","top_operator":"","max_propensity_score":0.0,"field_name":"Unknown","production_trend":null},"geometry":{"type":"Polygon","coordinates":[[[-101.77499575109971,31.201543533676713],[-101.77498999469535,31.202796082218647],[-101.77500503698478,31.20738602187856],[-101.77503737543671,31.216681341151038],[-101.77241839471803,31.216655713821655],[-101.77268650769435,31.20152788650212],[-101.77499575109971,31.201543533676713]]]}},{"type":"Feature","properties":{"ABSTRACT_L":"B4--S7","ABSTRACT_N":"B4--S7","LEVEL1_SUR":"UL","LEVEL2_BLO":"4","LEVEL3_SUR":"7","Surv_Sect":"7","SHAPE_AREA":80.38529979863141,"owner_count":6.0,"top_owner":"PIONEER NATURAL RES INC WI","top_owner_state":"TX","top_operator":"PIONEER NATURAL RES","max_propensity_score":1.0,"field_name":"Unknown","production_trend":null},"geometry":{"type":"Polygon","coordinates":[[[-101.77506374638018,31.187305311258335],[-101.77506102897645,31.187411043110217],[-101.77499575109971,31.201543533676713],[-101.77268650769435,31.20152788650212],[-101.77305119944519,31.187264700402167],[-101.77506374638018,31.187305311258335]]]}},{"type":"Feature","properties":{"ABSTRACT_L":"B43--S14","ABSTRACT_N":"B43--S14","LEVEL1_SUR":"ULS","LEVEL2_BLO":"43","LEVEL3_SUR":"14","Surv_Sect":"14","SHAPE_AREA":368.4729470729205,"owner_count":32.0,"top_owner":"HOCHBERG HOLDINGS LP","top_owner_state":"FL","top_operator":"PERMIAN RESOURCES OP","max_propensity_score":8.0,"field_name":"Unknown","production_trend":null},"geometry":{"type":"Polygon","coordinates":[[[-101.27492253208561,31.102821180260985],[-101.28381489130274,31.102754660448717],[-101.2836488925197,31.117825162958606],[-101.28364986539515,31.117977933758453],[-101.27433324624239,31.11792364019732],[-101.27446093098024,31.108134049995368],[-101.27453070312838,31.1028253238064],[-101.27492253208561,31.102821180260985]]]}},{"type":"Feature","properties":{"ABSTRACT_L":"B43--S15","ABSTRACT_N":"B43--S15","LEVEL1_SUR":"ULS","LEVEL2_BLO":"43","LEVEL3_SUR":"15","Surv_Sect":"15","SHAPE_AREA":708.2078240445279,"owner_count":33.0,"top_owner":"HOCHBERG HOLDINGS LP","top_owner_state":"FL","top_operator":"PERMIAN RESOURCES OP","max_propensity_score":8.0,"field_name":"Unknown","production_trend":null},"geometry":{"type":"Polygon","coordinates":[[[-101.29257670734276,31.10268457468965],[-101.30146995858696,31.102696336929316],[-101.3014698031784,31.103119628137883],[-101.30157049533861,31.117900408652996],[-101.28364986539515,31.117977933758453],[-101.2836488925197,31.117825162958606],[-101.28381489130274,31.102754660448717],[-101.29257670734276,31.10268457468965]]]}},{"type":"Feature","properties":{"ABSTRACT_L":"B43--S16","ABSTRACT_N":"B43--S16","LEVEL1_SUR":null,"LEVEL2_BLO":"43","LEVEL3_SUR":"16","Surv_Sect":"16","SHAPE_AREA":668.4551756500268,"owner_count":0.0,"top_owner":"","top_owner_state":"","top_operator":"","max_propensity_score":0.0,"field_name":"Unknown","production_trend":null},"geometry":{"type":"Polygon","coordinates":[[[-101.30146995858696,31.102696336929316],[-101.29257670734276,31.10268457468965],[-101.28381489130274,31.102754660448717],[-101.28385255227269,31.08826318014384],[-101.29226013205347,31.088200992028618],[-101.30148083449009,31.088174869900133],[-101.30146995858696,31.102696336929316]]]}},{"type":"Feature","properties":{"ABSTRACT_L":"B43--S17","ABSTRACT_N":"B43--S17","LEVEL1_SUR":null,"LEVEL2_BLO":"43","LEVEL3_SUR":"17","Surv_Sect":"17","SHAPE_AREA":350.2588433124196,"owner_count":0.0,"top_owner":"","top_owner_state":"","top_operator":"","max_propensity_score":0.0,"field_name":"Unknown","production_trend":null},"geometry":{"type":"Polygon","coordinates":[[[-101.28385255227269,31.08826318014384],[-101.28381489130274,31.102754660448717],[-101.27492253208561,31.102821180260985],[-101.27453070312838,31.1028253238064],[-101.274613024741,31.09656292813894],[-101.27462907134691,31.093411043009308],[-101.27469164978623,31.088247728126554],[-101.28385255227269,31.08826318014384]]]}},{"type":"Feature","properties":{"ABSTRACT_L":"B43--S24","ABSTRACT_N":"B43--S24","LEVEL1_SUR":null,"LEVEL2_BLO":"43","LEVEL3_SUR":"24","Surv_Sect":"24","SHAPE_AREA":212.330715563766,"owner_count":0.0,"top_owner":"","top_owner_state":"","top_operator":"","max_propensity_score":0.0,"field_name":"Unknown","production_trend":null},"geometry":{"type":"Polygon","coordinates":[[[-101.27480005308485,31.079385001414753],[-101.27847006627918,31.07937597599689],[-101.28391955760975,31.079368216183404],[-101.28392260200025,31.080552508269967],[-101.28385255227269,31.08826318014384],[-101.27469164978623,31.088247728126554],[-101.2747689650878,31.08187000771311],[-101.27480005308485,31.079385001414753]]]}},{"type":"Feature","properties":{"ABSTRACT_L":"B43--S25","ABSTRACT_N":"B43--S25","LEVEL1_SUR":"UL","LEVEL2_BLO":"43","LEVEL3_SUR":"25","Surv_Sect":"25","SHAPE_AREA":406.52404237629173,"owner_count":6.0,"top_owner":"RIDGELINE RESOURCES LLC","top_owner_state":"TX","top_operator":"RRP OPERATING LLC","max_propensity_score":2.0,"field_name":"Unknown","production_trend":null},"geometry":{"type":"Polygon","coordinates":[[[-101.29226013205347,31.088200992028618],[-101.28385255227269,31.08826318014384],[-101.28392260200025,31.080552508269967],[-101.28391955760975,31.079368216183404],[-101.29775593602851,31.079350069173046],[-101.30144141012721,31.079345653017874],[-101.30144225634021,31.080445995590626],[-101.30148083449009,31.088174869900133],[-101.29226013205347,31.088200992028618]]]}},{"type":"Feature","properties":{"ABSTRACT_L":"B43--S4","ABSTRACT_N":"B43--S4","LEVEL1_SUR":"ULS","LEVEL2_BLO":"43","LEVEL3_SUR":"4","Surv_Sect":"4","SHAPE_AREA":369.059640065525,"owner_count":3.0,"top_owner":"DIGITAL OPERATING CO LLC WI","top_owner_state":"TX","top_operator":"PERMIAN RESOURCES OP","max_propensity_score":2.0,"field_name":"Unknown","production_trend":null},"geometry":{"type":"Polygon","coordinates":[[[-101.283540676969,31.132163583545317],[-101.28360422828378,31.144895093531222],[-101.28364732046795,31.14686328427329],[-101.27678426446083,31.14687242090632],[-101.27383705730362,31.14687418534348],[-101.2738510440726,31.146017013275614],[-101.27387494464907,31.144613055588373],[-101.27393895949452,31.143896033858272],[-101.27389901321045,31.14084794114767],[-101.27399695652589,31.137574045927206],[-101.27399996318714,31.137369969110043],[-101.27408603975766,31.134529962910175],[-101.27412037516447,31.132177240638164],[-101.283540676969,31.132163583545317]]]}},{"type":"Feature","properties":{"ABSTRACT_L":"B43--S5","ABSTRACT_N":"B43--S5","LEVEL1_SUR":"BLK 43 SEC 5 A-U304","LEVEL2_BLO":"43","LEVEL3_SUR":"5","Surv_Sect":"5","SHAPE_AREA":687.8068105196511,"owner_count":1142.0,"top_owner":"KRR LLC","top_owner_state":"TN","top_operator":"CIVITAS PERMIAN OPER","max_propensity_score":9.0,"field_name":"Unknown","production_trend":null},"geometry":{"type":"Polygon","coordinates":[[[-101.30156201344569,31.13211123889917],[-101.30152243636923,31.139487152465854],[-101.30148325455148,31.146653886456917],[-101.30148304793896,31.146691603976453],[-101.28919912182452,31.146872882965884],[-101.28910961009635,31.14687276303026],[-101.28840168914346,31.146872719207636],[-101.28364732046795,31.14686328427329],[-101.28360422828378,31.144895093531222],[-101.283540676969,31.132163583545317],[-101.2916992967536,31.13214019862398],[-101.30156201344569,31.13211123889917]]]}},{"type":"Feature","properties":{"ABSTRACT_L":"B43--S6","ABSTRACT_N":"B43--S6","LEVEL1_SUR":"ULS","LEVEL2_BLO":"43","LEVEL3_SUR":"6","Surv_Sect":"6","SHAPE_AREA":666.2104572313775,"owner_count":2.0,"top_owner":"VIEJO SERVICES LLC","top_owner_state":"TX","top_operator":"RWA LLC","max_propensity_score":4.0,"field_name":"Unknown","production_trend":null},"geometry":{"type":"Polygon","coordinates":[[[-101.28359389406474,31.125165293992925],[-101.28364986539515,31.117977933758453],[-101.30157049533861,31.117900408652996],[-101.30153909293122,31.12165722492908],[-101.30156201344569,31.13211123889917],[-101.2916992967536,31.13214019862398],[-101.283540676969,31.132163583545317],[-101.28359389406474,31.125165293992925]]]}},{"type":"Feature","properties":{"ABSTRACT_L":"B43--S7","ABSTRACT_N":"B43--S7","LEVEL1_SUR":null,"LEVEL2_BLO":"43","LEVEL3_SUR":"7","Surv_Sect":"7","SHAPE_AREA":348.1110525258501,"owner_count":0.0,"top_owner":"","top_owner_state":"","top_operator":"","max_propensity_score":0.0,"field_name":"Unknown","production_trend":null},"geometry":{"type":"Polygon","coordinates":[[[-101.28364986539515,31.117977933758453],[-101.28359389406474,31.125165293992925],[-101.283540676969,31.132163583545317],[-101.27412037516447,31.132177240638164],[-101.27422292593899,31.125151022233453],[-101.27431000502936,31.11970600518571],[-101.27433324624239,31.11792364019732],[-101.28364986539515,31.117977933758453]]]}},{"type":"Feature","properties":{"ABSTRACT_L":"B48--S1","ABSTRACT_N":"B48--S1","LEVEL1_SUR":"ULS","LEVEL2_BLO":"48","LEVEL3_SUR":"1","Surv_Sect":"1","SHAPE_AREA":685.788301324189,"owner_count":48.0,"top_owner":"BLADINE INVESTMENTS LLC","top_owner_state":"OR","top_operator":"PERMIAN RESOURCES OP","max_propensity_score":8.0,"field_name":"Unknown","production_trend":null},"geometry":{"type":"Polygon","coordinates":[[[-101.31968602915599,31.13208353945466],[-101.31960335450545,31.139339280995472],[-101.31952694829896,31.146555186866525],[-101.31917490123405,31.14656909867298],[-101.31908516313044,31.14656944541095],[-101.31120712314166,31.146599657741916],[-101.3049320854549,31.146647887356398],[-101.30148304793896,31.146691603976453],[-101.30148325455148,31.146653886456917],[-101.30152243636923,31.139487152465854],[-101.30156201344569,31.13211123889917],[-101.31101487199277,31.132097110437968],[-101.31968602915599,31.13208353945466]]]}},{"type":"Feature","properties":{"ABSTRACT_L":"B48--S10","ABSTRACT_N":"B48--S10","LEVEL1_SUR":"UL","LEVEL2_BLO":"48","LEVEL3_SUR":"10","Surv_Sect":"10","SHAPE_AREA":672.4015381319898,"owner_count":3.0,"top_owner":"P & A OPERATING INC","top_owner_state":"TX","top_operator":"P & A OPERATING, INC","max_propensity_score":2.0,"field_name":"Unknown","production_trend":null},"geometry":{"type":"Polygon","coordinates":[[[-101.31968602915599,31.13208353945466],[-101.31101487199277,31.132097110437968],[-101.30156201344569,31.13211123889917],[-101.30153909293122,31.12165722492908],[-101.30157049533861,31.117900408652996],[-101.31082687706167,31.117900470177233],[-101.31523554347312,31.117899136639668],[-101.31966504451096,31.117897645446273],[-101.31967070659219,31.121746636041102],[-101.31967574434432,31.125165618508362],[-101.3196804631945,31.128342714497215],[-101.31968602915599,31.13208353945466]]]}},{"type":"Feature","properties":{"ABSTRACT_L":"B48--S11","ABSTRACT_N":"B48--S11","LEVEL1_SUR":"UL","LEVEL2_BLO":"48","LEVEL3_SUR":"11","Surv_Sect":"11","SHAPE_AREA":1412.7801945349981,"owner_count":5.0,"top_owner":"BUSTAMANTE RESOURCESS LLC","top_owner_state":"TX","top_operator":"PERMIAN RESOURCES OP","max_propensity_score":3.0,"field_name":"Unknown","production_trend":null},"geometry":{"type":"Polygon","coordinates":[[[-101.33691160022477,31.103119450458998],[-101.33691757491971,31.110431604626555],[-101.336956846569,31.117744576893216],[-101.3283209213312,31.117816525719324],[-101.31966504451096,31.117897645446273],[-101.31523554347312,31.117899136639668],[-101.31082687706167,31.117900470177233],[-101.30157049533861,31.117900408652996],[-101.3014698031784,31.103119628137883],[-101.30146995858696,31.102696336929316],[-101.31061302861671,31.10269810757239],[-101.3196070717341,31.102641710805255],[-101.33258161096086,31.10243418832019],[-101.33468780906084,31.102400377552634],[-101.33691833309783,31.10228652293297],[-101.33691160022477,31.103119450458998]]]}},{"type":"Feature","properties":{"ABSTRACT_L":"B48--S13","ABSTRACT_N":"B48--S13","LEVEL1_SUR":null,"LEVEL2_BLO":"48","LEVEL3_SUR":"13","Surv_Sect":"13","SHAPE_AREA":688.7764173249325,"owner_count":7.0,"top_owner":"JARED MARY JO GRAVES","top_owner_state":"OK","top_operator":"MICHAELSON PRODUCING","max_propensity_score":6.0,"field_name":"Unknown","production_trend":null},"geometry":{"type":"Polygon","coordinates":[[[-101.3538598299243,31.101761609689415],[-101.353879189517,31.10697152535088],[-101.35389220161389,31.109496350536308],[-101.3539738458968,31.117343412833815],[-101.336956846569,31.117744576893216],[-101.33691757491971,31.110431604626555],[-101.33691160022477,31.103119450458998],[-101.33691833309783,31.10228652293297],[-101.3538598299243,31.101761609689415]]]}},{"type":"Feature","properties":{"ABSTRACT_L":"B48--S14","ABSTRACT_N":"B48--S14","LEVEL1_SUR":null,"LEVEL2_BLO":"48","LEVEL3_SUR":"14","Surv_Sect":"14","SHAPE_AREA":686.9900500548453,"owner_count":15.0,"top_owner":"JARED MARY JO GRAVES","top_owner_state":"OK","top_operator":"MICHAELSON PRODUCING","max_propensity_score":6.0,"field_name":"Unknown","production_trend":null},"geometry":{"type":"Polygon","coordinates":[[[-101.35389220161389,31.109496350536308],[-101.353879189517,31.10697152535088],[-101.3538598299243,31.101761609689415],[-101.37077983455762,31.10123513593934],[-101.37074868727177,31.115873541421788],[-101.37073892258464,31.116594827176286],[-101.3707386027844,31.116834679285176],[-101.3539738458968,31.117343412833815],[-101.35389220161389,31.109496350536308]]]}},{"type":"Feature","properties":{"ABSTRACT_L":"B48--S15","ABSTRACT_N":"B48--S15","LEVEL1_SUR":null,"LEVEL2_BLO":"48","LEVEL3_SUR":"15","Surv_Sect":"15","SHAPE_AREA":576.3661985884884,"owner_count":2.0,"top_owner":"LAST DOLLAR LLC","top_owner_state":"TX","top_operator":"LAST DOLLAR LLC","max_propensity_score":2.0,"field_name":"Unknown","production_trend":null},"geometry":{"type":"Polygon","coordinates":[[[-101.37074868727177,31.115873541421788],[-101.37077983455762,31.10123513593934],[-101.38530441770544,31.100781422505293],[-101.38519114463969,31.104432950408576],[-101.38508677208178,31.10768988372852],[-101.38492821584087,31.112180276860816],[-101.38477989590262,31.115659843760195],[-101.3847542975103,31.11631517839854],[-101.37073892258464,31.116594827176286],[-101.37074868727177,31.115873541421788]]]}},{"type":"Feature","properties":{"ABSTRACT_L":"B48--S16","ABSTRACT_N":"B48--S16","LEVEL1_SUR":null,"LEVEL2_BLO":"48","LEVEL3_SUR":"16","Surv_Sect":"16","SHAPE_AREA":563.5375376109497,"owner_count":3.0,"top_owner":"CHEVRON USA INC","top_owner_state":"TX","top_operator":"L & M OPERATING, INC","max_propensity_score":2.0,"field_name":"Unknown","production_trend":null},"geometry":{"type":"Polygon","coordinates":[[[-101.38530441770544,31.100781422505293],[-101.37077983455762,31.10123513593934],[-101.37079853388857,31.09742589769894],[-101.37079827337713,31.09379234081535],[-101.37079631684647,31.090204860828504],[-101.37080722958054,31.086409050138467],[-101.37522338614481,31.086362774721128],[-101.37917112159408,31.086345472977506],[-101.38223113738802,31.086331980077077],[-101.38564201896224,31.086261209055923],[-101.38561216704706,31.089531509406637],[-101.38552999545307,31.093230397278745],[-101.38542227307745,31.097067895739332],[-101.38530441770544,31.100781422505293]]]}},{"type":"Feature","properties":{"ABSTRACT_L":"B48--S17","ABSTRACT_N":"B48--S17","LEVEL1_SUR":"UL","LEVEL2_BLO":"48","LEVEL3_SUR":"17","Surv_Sect":"17","SHAPE_AREA":669.6147469891962,"owner_count":21.0,"top_owner":"PURE RESOURCES LP","top_owner_state":"TX","top_operator":"PERMIAN RESOURCES OP","max_propensity_score":4.0,"field_name":"Unknown","production_trend":null},"geometry":{"type":"Polygon","coordinates":[[[-101.37080722958054,31.086409050138467],[-101.37079631684647,31.090204860828504],[-101.37079827337713,31.09379234081535],[-101.37079853388857,31.09742589769894],[-101.37077983455762,31.10123513593934],[-101.3538598299243,31.101761609689415],[-101.35384247626966,31.094657315570714],[-101.35384319492188,31.087786684346725],[-101.35384299100431,31.086384042244728],[-101.35741652423883,31.086359297447878],[-101.3619302504194,31.08638523005635],[-101.36612214706457,31.086396615045473],[-101.37080722958054,31.086409050138467]]]}},{"type":"Feature","properties":{"ABSTRACT_L":"B48--S18","ABSTRACT_N":"B48--S18","LEVEL1_SUR":"ULS","LEVEL2_BLO":"48","LEVEL3_SUR":"18","Surv_Sect":"18","SHAPE_AREA":623.4993893185643,"owner_count":14.0,"top_owner":"JARED MARY JO GRAVES","top_owner_state":"OK","top_operator":"MICHAELSON PRODUCING","max_propensity_score":5.0,"field_name":"Unknown","production_trend":null},"geometry":{"type":"Polygon","coordinates":[[[-101.35384319492188,31.087786684346725],[-101.35384247626966,31.094657315570714],[-101.3538598299243,31.101761609689415],[-101.33691833309783,31.10228652293297],[-101.3369190068343,31.095534209424123],[-101.33693980642637,31.088070961362284],[-101.35384319492188,31.087786684346725]]]}},{"type":"Feature","properties":{"ABSTRACT_L":"B48--S19","ABSTRACT_N":"B48--S19","LEVEL1_SUR":"UNIV LAND","LEVEL2_BLO":"48","LEVEL3_SUR":"19","Surv_Sect":"19","SHAPE_AREA":652.4612699336118,"owner_count":3.0,"top_owner":"LAST DOLLAR LLC","top_owner_state":"TX","top_operator":"LAST DOLLAR LLC","max_propensity_score":2.0,"field_name":"Unknown","production_trend":null},"geometry":{"type":"Polygon","coordinates":[[[-101.33693980642637,31.088070961362284],[-101.3369190068343,31.095534209424123],[-101.33691833309783,31.10228652293297],[-101.33468780906084,31.102400377552634],[-101.33258161096086,31.10243418832019],[-101.3196070717341,31.102641710805255],[-101.31959101614503,31.095705454598477],[-101.3195820626366,31.088121420907203],[-101.33693980642637,31.088070961362284]]]}},{"type":"Feature","properties":{"ABSTRACT_L":"B48--S2","ABSTRACT_N":"B48--S2","LEVEL1_SUR":"BLK 48,SEC 2,UL A-U314","LEVEL2_BLO":"48","LEVEL3_SUR":"2","Surv_Sect":"2","SHAPE_AREA":667.1409642761132,"owner_count":5.0,"top_owner":"EAGLE CAPITAL PARTNERS LLC","top_owner_state":"TX","top_operator":"PERMIAN RESOURCES","max_propensity_score":3.0,"field_name":"Unknown","production_trend":null},"geometry":{"type":"Polygon","coordinates":[[[-101.33736599234999,31.131956632327448],[-101.33727165936368,31.13920742968178],[-101.33718940153145,31.146425209978872],[-101.32887830889702,31.14645064566873],[-101.31952694829896,31.146555186866525],[-101.31960335450545,31.139339280995472],[-101.31968602915599,31.13208353945466],[-101.33736599234999,31.131956632327448]]]}},{"type":"Feature","properties":{"ABSTRACT_L":"B48--S20","ABSTRACT_N":"B48--S20","LEVEL1_SUR":null,"LEVEL2_BLO":"48","LEVEL3_SUR":"20","Surv_Sect":"20","SHAPE_AREA":687.6618345387769,"owner_count":1.0,"top_owner":"LAST DOLLAR LLC","top_owner_state":"TX","top_operator":"LAST DOLLAR LLC","max_propensity_score":4.0,"field_name":"Unknown","production_trend":null},"geometry":{"type":"Polygon","coordinates":[[[-101.3196070717341,31.102641710805255],[-101.31061302861671,31.10269810757239],[-101.30146995858696,31.102696336929316],[-101.30148083449009,31.088174869900133],[-101.31041923775541,31.08817769013027],[-101.3195820626366,31.088121420907203],[-101.31959101614503,31.095705454598477],[-101.3196070717341,31.102641710805255]]]}},{"type":"Feature","properties":{"ABSTRACT_L":"B48--S21","ABSTRACT_N":"B48--S21","LEVEL1_SUR":null,"LEVEL2_BLO":"48","LEVEL3_SUR":"21","Surv_Sect":"21","SHAPE_AREA":417.0337520740847,"owner_count":0.0,"top_owner":"","top_owner_state":"","top_operator":"","max_propensity_score":0.0,"field_name":"Unknown","production_trend":null},"geometry":{"type":"Polygon","coordinates":[[[-101.3195820626366,31.088121420907203],[-101.31041923775541,31.08817769013027],[-101.30148083449009,31.088174869900133],[-101.30144225634021,31.080445995590626],[-101.30144141012721,31.079345653017874],[-101.31075307686783,31.079334024064753],[-101.31947405459671,31.07932246819993],[-101.3194845208681,31.080185461245566],[-101.3195820626366,31.088121420907203]]]}},{"type":"Feature","properties":{"ABSTRACT_L":"B48--S22","ABSTRACT_N":"B48--S22","LEVEL1_SUR":null,"LEVEL2_BLO":"48","LEVEL3_SUR":"22","Surv_Sect":"22","SHAPE_AREA":399.6432136954468,"owner_count":1.0,"top_owner":"EXTEX OPERATING COMPANY","top_owner_state":"TX","top_operator":"EXTEX OPERATING","max_propensity_score":1.0,"field_name":"Unknown","production_trend":null},"geometry":{"type":"Polygon","coordinates":[[[-101.31947405459671,31.07932246819993],[-101.33042102256536,31.07930895352958],[-101.33691840496306,31.079301796123655],[-101.33692233958399,31.079931254174983],[-101.33693980642637,31.088070961362284],[-101.3195820626366,31.088121420907203],[-101.3194845208681,31.080185461245566],[-101.31947405459671,31.07932246819993]]]}},{"type":"Feature","properties":{"ABSTRACT_L":"B48--S23","ABSTRACT_N":"B48--S23","LEVEL1_SUR":"UNIV LAND","LEVEL2_BLO":"48","LEVEL3_SUR":"23","Surv_Sect":"23","SHAPE_AREA":381.3843311796264,"owner_count":6.0,"top_owner":"JARED MARY JO GRAVES","top_owner_state":"OK","top_operator":"PERMIAN RESOURCES OP","max_propensity_score":4.0,"field_name":"Unknown","production_trend":null},"geometry":{"type":"Polygon","coordinates":[[[-101.33693980642637,31.088070961362284],[-101.33692233958399,31.079931254174983],[-101.33691840496306,31.079301796123655],[-101.34530899400855,31.079292073652855],[-101.35379786144107,31.079282097290374],[-101.3538143086956,31.083139736324956],[-101.35384299100431,31.086384042244728],[-101.35384319492188,31.087786684346725],[-101.33693980642637,31.088070961362284]]]}},{"type":"Feature","properties":{"ABSTRACT_L":"B48--S24","ABSTRACT_N":"B48--S24","LEVEL1_SUR":null,"LEVEL2_BLO":"48","LEVEL3_SUR":"24","Surv_Sect":"24","SHAPE_AREA":315.64049668637347,"owner_count":1.0,"top_owner":"MICHAELSON PRODUCING CO","top_owner_state":"TX","top_operator":"MICHAELSON PRODUCING","max_propensity_score":3.0,"field_name":"Unknown","production_trend":null},"geometry":{"type":"Polygon","coordinates":[[[-101.35911207457467,31.07927602853477],[-101.36462194077716,31.079270010556904],[-101.36904607977107,31.079259982644604],[-101.370792258258,31.079321504954653],[-101.37079322484526,31.082776095915456],[-101.37080722958054,31.086409050138467],[-101.36612214706457,31.086396615045473],[-101.3619302504194,31.08638523005635],[-101.35741652423883,31.086359297447878],[-101.35384299100431,31.086384042244728],[-101.3538143086956,31.083139736324956],[-101.35379786144107,31.079282097290374],[-101.35631101073781,31.079279035984833],[-101.35911207457467,31.07927602853477]]]}},{"type":"Feature","properties":{"ABSTRACT_L":"B48--S25","ABSTRACT_N":"B48--S25","LEVEL1_SUR":"UNIV LND","LEVEL2_BLO":"48","LEVEL3_SUR":"25","Surv_Sect":"25","SHAPE_AREA":268.2527049291379,"owner_count":15.0,"top_owner":"JONES MIKEL & LAURA","top_owner_state":"TX","top_operator":"PERMIAN RESOURCES OP","max_propensity_score":3.0,"field_name":"Unknown","production_trend":null},"geometry":{"type":"Polygon","coordinates":[[[-101.38570971330712,31.079460339116036],[-101.38564201896224,31.086261209055923],[-101.38223113738802,31.086331980077077],[-101.37917112159408,31.086345472977506],[-101.37522338614481,31.086362774721128],[-101.37080722958054,31.086409050138467],[-101.37079322484526,31.082776095915456],[-101.370792258258,31.079321504954653],[-101.3754060091505,31.079483947819885],[-101.38570971330712,31.079460339116036]]]}},{"type":"Feature","properties":{"ABSTRACT_L":"B48--S3","ABSTRACT_N":"B48--S3","LEVEL1_SUR":"BLK 48,SEC 3,UL A-U315","LEVEL2_BLO":"48","LEVEL3_SUR":"3","Surv_Sect":"3","SHAPE_AREA":647.9862043279012,"owner_count":967.0,"top_owner":"BADER & SON'S OIL & GAS LLC","top_owner_state":"AZ","top_operator":"PERMIAN RESOURCES","max_propensity_score":9.0,"field_name":"Unknown","production_trend":null},"geometry":{"type":"Polygon","coordinates":[[[-101.35436441811099,31.139089800947765],[-101.3546295504772,31.14637114181684],[-101.34930215277016,31.146361969769718],[-101.34516253088798,31.14639200687537],[-101.33718940153145,31.146425209978872],[-101.33727165936368,31.13920742968178],[-101.33736599234999,31.131956632327448],[-101.34490898319568,31.131854594850925],[-101.35413027133384,31.131873305459223],[-101.35436441811099,31.139089800947765]]]}},{"type":"Feature","properties":{"ABSTRACT_L":"B48--S4","ABSTRACT_N":"B48--S4","LEVEL1_SUR":null,"LEVEL2_BLO":"48","LEVEL3_SUR":"4","Surv_Sect":"4","SHAPE_AREA":625.3327275280438,"owner_count":1.0,"top_owner":"DIGITAL OPERATING CO LLC WI","top_owner_state":"TX","top_operator":"DIGITAL OPER CO LLC","max_propensity_score":3.0,"field_name":"Unknown","production_trend":null},"geometry":{"type":"Polygon","coordinates":[[[-101.3546295504772,31.14637114181684],[-101.35436441811099,31.139089800947765],[-101.35413027133384,31.131873305459223],[-101.37070665869288,31.13137511666554],[-101.3706692779973,31.13895157294754],[-101.37068220834749,31.14624490038818],[-101.3625009501194,31.146283163165762],[-101.3546295504772,31.14637114181684]]]}},{"type":"Feature","properties":{"ABSTRACT_L":"B48--S5","ABSTRACT_N":"B48--S5","LEVEL1_SUR":null,"LEVEL2_BLO":"48","LEVEL3_SUR":"5","Surv_Sect":"5","SHAPE_AREA":518.0026890950132,"owner_count":3.0,"top_owner":"LAST DOLLAR LLC","top_owner_state":"TX","top_operator":"ENDEAVOR ENERGY RES","max_propensity_score":4.0,"field_name":"Unknown","production_trend":null},"geometry":{"type":"Polygon","coordinates":[[[-101.38436302910176,31.131510977368684],[-101.38430087197231,31.134028799269043],[-101.38410454876022,31.1384140443527],[-101.38383222897343,31.14615782806308],[-101.37847478262013,31.146172147404386],[-101.37538072786347,31.14619184081973],[-101.37068220834749,31.14624490038818],[-101.3706692779973,31.13895157294754],[-101.37070665869288,31.13137511666554],[-101.37539550604819,31.13138262001692],[-101.37913719222581,31.131412130527547],[-101.38172238820496,31.13145735899293],[-101.38436302910176,31.131510977368684]]]}},{"type":"Feature","properties":{"ABSTRACT_L":"B48--S6","ABSTRACT_N":"B48--S6","LEVEL1_SUR":null,"LEVEL2_BLO":"48","LEVEL3_SUR":"6","Surv_Sect":"6","SHAPE_AREA":542.0987780173097,"owner_count":3.0,"top_owner":"LAST DOLLAR LLC","top_owner_state":"TX","top_operator":"LAST DOLLAR LLC","max_propensity_score":2.0,"field_name":"Unknown","production_trend":null},"geometry":{"type":"Polygon","coordinates":[[[-101.37539550604819,31.13138262001692],[-101.37070665869288,31.13137511666554],[-101.37072911926995,31.12399856153315],[-101.3707386027844,31.116834679285176],[-101.37073892258464,31.116594827176286],[-101.3847542975103,31.11631517839854],[-101.38473137160592,31.119672375140343],[-101.38463195325679,31.123395079590175],[-101.38449543179148,31.127125989103384],[-101.38436302910176,31.131510977368684],[-101.38172238820496,31.13145735899293],[-101.37913719222581,31.131412130527547],[-101.37539550604819,31.13138262001692]]]}},{"type":"Feature","properties":{"ABSTRACT_L":"B48--S7","ABSTRACT_N":"B48--S7","LEVEL1_SUR":"UL","LEVEL2_BLO":"48","LEVEL3_SUR":"7","Surv_Sect":"7","SHAPE_AREA":634.950676758174,"owner_count":6.0,"top_owner":"UNIVERSITY OF TEXAS PUFF LANDS","top_owner_state":"TX","top_operator":"ENDEAVOR ENERGY RES","max_propensity_score":3.0,"field_name":"Unknown","production_trend":null},"geometry":{"type":"Polygon","coordinates":[[[-101.3707386027844,31.116834679285176],[-101.37072911926995,31.12399856153315],[-101.37070665869288,31.13137511666554],[-101.35413027133384,31.131873305459223],[-101.35396911806346,31.12456102278737],[-101.3539738458968,31.117343412833815],[-101.3707386027844,31.116834679285176]]]}},{"type":"Feature","properties":{"ABSTRACT_L":"B48--S8","ABSTRACT_N":"B48--S8","LEVEL1_SUR":null,"LEVEL2_BLO":"48","LEVEL3_SUR":"8","Surv_Sect":"8","SHAPE_AREA":631.7972215018759,"owner_count":22.0,"top_owner":"DUGAN PRODUCTION CORP","top_owner_state":"NM","top_operator":"MARTIN JIMMY INC","max_propensity_score":6.0,"field_name":"Unknown","production_trend":null},"geometry":{"type":"Polygon","coordinates":[[[-101.35413027133384,31.131873305459223],[-101.34490898319568,31.131854594850925],[-101.33736599234999,31.131956632327448],[-101.33714604344594,31.12489524216383],[-101.336956846569,31.117744576893216],[-101.3539738458968,31.117343412833815],[-101.35396911806346,31.12456102278737],[-101.35413027133384,31.131873305459223]]]}},{"type":"Feature","properties":{"ABSTRACT_L":"B48--S9","ABSTRACT_N":"B48--S9","LEVEL1_SUR":"UNIV LAND","LEVEL2_BLO":"48","LEVEL3_SUR":"9","Surv_Sect":"9","SHAPE_AREA":648.6672172311303,"owner_count":11.0,"top_owner":"DIGITAL OPERATING CO LLC WI","top_owner_state":"TX","top_operator":"PERMIAN RESOURCES OP","max_propensity_score":3.0,"field_name":"Unknown","production_trend":null},"geometry":{"type":"Polygon","coordinates":[[[-101.3283209213312,31.117816525719324],[-101.336956846569,31.117744576893216],[-101.33714604344594,31.12489524216383],[-101.33736599234999,31.131956632327448],[-101.31968602915599,31.13208353945466],[-101.3196804631945,31.128342714497215],[-101.31967574434432,31.125165618508362],[-101.31967070659219,31.121746636041102],[-101.31966504451096,31.117897645446273],[-101.3283209213312,31.117816525719324]]]}},{"type":"Feature","properties":{"ABSTRACT_L":"B49--S1","ABSTRACT_N":"B49--S1","LEVEL1_SUR":"UL","LEVEL2_BLO":"49","LEVEL3_SUR":"1","Surv_Sect":"1","SHAPE_AREA":772.6692552303741,"owner_count":66.0,"top_owner":"BLADINE INVESTMENTS LLC","top_owner_state":"OR","top_operator":"PERMIAN RESOURCES OP","max_propensity_score":8.0,"field_name":"Unknown","production_trend":null},"geometry":{"type":"Polygon","coordinates":[[[-101.4043239181084,31.14607499726247],[-101.40198845287993,31.14607321051449],[-101.40030701058562,31.146092305036284],[-101.39615965241221,31.14610807900278],[-101.39526118261786,31.146117307967504],[-101.39163604925513,31.146152990623936],[-101.39012279314156,31.146162131169554],[-101.38701955939932,31.146189462848703],[-101.38383222897343,31.14615782806308],[-101.38410454876022,31.1384140443527],[-101.38430087197231,31.134028799269043],[-101.38436302910176,31.131510977368684],[-101.39628431791242,31.131563091663484],[-101.40027894721615,31.131552043503024],[-101.4044177570213,31.13154046554009],[-101.40438421752187,31.138178088157623],[-101.4043239181084,31.14607499726247]]]}},{"type":"Feature","properties":{"ABSTRACT_L":"B49--S10","ABSTRACT_N":"B49--S10","LEVEL1_SUR":null,"LEVEL2_BLO":"49","LEVEL3_SUR":"10","Surv_Sect":"10","SHAPE_AREA":644.8029670963834,"owner_count":4.0,"top_owner":"DIGITAL OPERATING CO LLC WI","top_owner_state":"TX","top_operator":"ENDEAVOR ENERGY RES","max_propensity_score":3.0,"field_name":"Unknown","production_trend":null},"geometry":{"type":"Polygon","coordinates":[[[-101.42928761656047,31.08592456497349],[-101.43794722677904,31.085925743559066],[-101.43783109527406,31.101048506949326],[-101.4292769858974,31.100916002459055],[-101.4214186702173,31.10090016098162],[-101.42150335439914,31.085953215678295],[-101.42928761656047,31.08592456497349]]]}},{"type":"Feature","properties":{"ABSTRACT_L":"B49--S11","ABSTRACT_N":"B49--S11","LEVEL1_SUR":null,"LEVEL2_BLO":"49","LEVEL3_SUR":"11","Surv_Sect":"11","SHAPE_AREA":618.7172881016354,"owner_count":23.0,"top_owner":"BROTHERTON PATRICK","top_owner_state":"WA","top_operator":"L & M OPERATING, INC","max_propensity_score":5.0,"field_name":"Unknown","production_trend":null},"geometry":{"type":"Polygon","coordinates":[[[-101.4214186702173,31.10090016098162],[-101.41363661880989,31.10087859672294],[-101.40935674835231,31.100866536581325],[-101.40485657595275,31.10090487073507],[-101.40530661124883,31.097067869585818],[-101.4056302976019,31.093162404553176],[-101.40592440512762,31.08998681897812],[-101.405760259569,31.086088988298528],[-101.4093809983734,31.086065275070393],[-101.41383814775905,31.086016009943027],[-101.42150335439914,31.085953215678295],[-101.4214186702173,31.10090016098162]]]}},{"type":"Feature","properties":{"ABSTRACT_L":"B49--S12","ABSTRACT_N":"B49--S12","LEVEL1_SUR":"UL","LEVEL2_BLO":"49","LEVEL3_SUR":"12","Surv_Sect":"12","SHAPE_AREA":766.0311244986684,"owner_count":14.0,"top_owner":"DIGITAL OPERATING CO LLC WI","top_owner_state":"TX","top_operator":"RECOVERY OPERATING","max_propensity_score":3.0,"field_name":"Unknown","production_trend":null},"geometry":{"type":"Polygon","coordinates":[[[-101.3932563297533,31.100811903251234],[-101.38530441770544,31.100781422505293],[-101.38542227307745,31.097067895739332],[-101.38552999545307,31.093230397278745],[-101.38561216704706,31.089531509406637],[-101.38564201896224,31.086261209055923],[-101.3972860167093,31.08620029668436],[-101.40313871595683,31.08613451915697],[-101.405760259569,31.086088988298528],[-101.40592440512762,31.08998681897812],[-101.4056302976019,31.093162404553176],[-101.40530661124883,31.097067869585818],[-101.40485657595275,31.10090487073507],[-101.39722584306,31.10082634789229],[-101.3932563297533,31.100811903251234]]]}},{"type":"Feature","properties":{"ABSTRACT_L":"B49--S13","ABSTRACT_N":"B49--S13","LEVEL1_SUR":"UL SEC 13","LEVEL2_BLO":"49","LEVEL3_SUR":"13","Surv_Sect":"13","SHAPE_AREA":351.91044835659983,"owner_count":14.0,"top_owner":"H & S DRILLING COMPANY","top_owner_state":"OK","top_operator":"PERMIAN RESOURCES OP","max_propensity_score":6.0,"field_name":"Unknown","production_trend":null},"geometry":{"type":"Polygon","coordinates":[[[-101.38570971330712,31.079460339116036],[-101.39739600194113,31.079431968041277],[-101.40396802984735,31.079414083396355],[-101.40546473180683,31.07941324709717],[-101.40544852799574,31.08034376580211],[-101.405760259569,31.086088988298528],[-101.40313871595683,31.08613451915697],[-101.3972860167093,31.08620029668436],[-101.38564201896224,31.086261209055923],[-101.38570971330712,31.079460339116036]]]}},{"type":"Feature","properties":{"ABSTRACT_L":"B49--S14","ABSTRACT_N":"B49--S14","LEVEL1_SUR":null,"LEVEL2_BLO":"49","LEVEL3_SUR":"14","Surv_Sect":"14","SHAPE_AREA":276.23538181580943,"owner_count":1.0,"top_owner":"EXTEX OPERATING COMPANY","top_owner_state":"TX","top_operator":"EXTEX OPERATING","max_propensity_score":0.0,"field_name":"Unknown","production_trend":null},"geometry":{"type":"Polygon","coordinates":[[[-101.405760259569,31.086088988298528],[-101.40544852799574,31.08034376580211],[-101.40546473180683,31.07941324709717],[-101.4057590782844,31.07941308091443],[-101.41166305606329,31.079398038298866],[-101.41386192167303,31.079393024349624],[-101.41511294877537,31.079391018615954],[-101.41724696500476,31.079387007148544],[-101.42155003894615,31.079377112348705],[-101.42150335439914,31.085953215678295],[-101.41383814775905,31.086016009943027],[-101.4093809983734,31.086065275070393],[-101.405760259569,31.086088988298528]]]}},{"type":"Feature","properties":{"ABSTRACT_L":"B49--S15","ABSTRACT_N":"B49--S15","LEVEL1_SUR":null,"LEVEL2_BLO":"49","LEVEL3_SUR":"15","Surv_Sect":"15","SHAPE_AREA":282.5551751216947,"owner_count":6.0,"top_owner":"BODARK & TROJAN OIL CO LLC","top_owner_state":"TX","top_operator":"L & M OPERATING, INC","max_propensity_score":3.0,"field_name":"Unknown","production_trend":null},"geometry":{"type":"Polygon","coordinates":[[[-101.42155003894615,31.079377112348705],[-101.42633207752903,31.079365947326448],[-101.42777196913161,31.079359931662406],[-101.42902801152819,31.079354916172406],[-101.43272292781884,31.079352075676898],[-101.43798814414193,31.07934094911997],[-101.43794722677904,31.085925743559066],[-101.42928761656047,31.08592456497349],[-101.42150335439914,31.085953215678295],[-101.42155003894615,31.079377112348705]]]}},{"type":"Feature","properties":{"ABSTRACT_L":"B49--S2","ABSTRACT_N":"B49--S2","LEVEL1_SUR":"UL","LEVEL2_BLO":"49","LEVEL3_SUR":"2","Surv_Sect":"2","SHAPE_AREA":629.9634901409913,"owner_count":16.0,"top_owner":"BLOMQUIST H L III","top_owner_state":"TX","top_operator":"LAST DOLLAR LLC","max_propensity_score":3.0,"field_name":"Unknown","production_trend":null},"geometry":{"type":"Polygon","coordinates":[[[-101.41317077136816,31.13151270210668],[-101.42105476898391,31.13148718705363],[-101.4209471930337,31.139288794846543],[-101.4205964862552,31.1462397877148],[-101.40883534370352,31.146024283283545],[-101.4043239181084,31.14607499726247],[-101.40438421752187,31.138178088157623],[-101.4044177570213,31.13154046554009],[-101.41317077136816,31.13151270210668]]]}},{"type":"Feature","properties":{"ABSTRACT_L":"B49--S3","ABSTRACT_N":"B49--S3","LEVEL1_SUR":"UL","LEVEL2_BLO":"49","LEVEL3_SUR":"3","Surv_Sect":"3","SHAPE_AREA":670.174885143351,"owner_count":1.0,"top_owner":"VIEJO SERVICES LLC","top_owner_state":"TX","top_operator":"VIEJO SERVICES","max_propensity_score":4.0,"field_name":"Unknown","production_trend":null},"geometry":{"type":"Polygon","coordinates":[[[-101.43832046420317,31.146196589842244],[-101.43805245363478,31.146198277409646],[-101.43665539909482,31.14619315627667],[-101.42533414626641,31.14621652927593],[-101.4205964862552,31.1462397877148],[-101.4209471930337,31.139288794846543],[-101.42105476898391,31.13148718705363],[-101.42925583057244,31.131460227918964],[-101.43820435425775,31.13143232220759],[-101.43830595820796,31.139171615239583],[-101.43832046420317,31.146196589842244]]]}},{"type":"Feature","properties":{"ABSTRACT_L":"B49--S4","ABSTRACT_N":"B49--S4","LEVEL1_SUR":null,"LEVEL2_BLO":"49","LEVEL3_SUR":"4","Surv_Sect":"4","SHAPE_AREA":682.4455301019725,"owner_count":2.0,"top_owner":"DIGITAL OPERATING CO LLC WI","top_owner_state":"TX","top_operator":"ENDEAVOR ENERGY RES","max_propensity_score":3.0,"field_name":"Unknown","production_trend":null},"geometry":{"type":"Polygon","coordinates":[[[-101.4292537357012,31.11608434229406],[-101.43811084412826,31.116164095331435],[-101.43803310212694,31.119913214605322],[-101.43820435425775,31.13143232220759],[-101.42925583057244,31.131460227918964],[-101.42105476898391,31.13148718705363],[-101.42112275078966,31.12516325846594],[-101.42114922773435,31.11601571299092],[-101.4292537357012,31.11608434229406]]]}},{"type":"Feature","properties":{"ABSTRACT_L":"B49--S5","ABSTRACT_N":"B49--S5","LEVEL1_SUR":null,"LEVEL2_BLO":"49","LEVEL3_SUR":"5","Surv_Sect":"5","SHAPE_AREA":678.3195387181255,"owner_count":24.0,"top_owner":"DONNELL J F ESTATE","top_owner_state":"FL","top_operator":"DIGITAL OPER CO LLC","max_propensity_score":9.0,"field_name":"Unknown","production_trend":null},"geometry":{"type":"Polygon","coordinates":[[[-101.4044177570213,31.13154046554009],[-101.40447821992812,31.11966388264839],[-101.40449382366461,31.115854771516343],[-101.40967348803328,31.11590605535599],[-101.41331110708018,31.11593140617284],[-101.42114922773435,31.11601571299092],[-101.42112275078966,31.12516325846594],[-101.42105476898391,31.13148718705363],[-101.41317077136816,31.13151270210668],[-101.4044177570213,31.13154046554009]]]}},{"type":"Feature","properties":{"ABSTRACT_L":"B49--S6","ABSTRACT_N":"B49--S6","LEVEL1_SUR":null,"LEVEL2_BLO":"49","LEVEL3_SUR":"6","Surv_Sect":"6","SHAPE_AREA":818.6870139657858,"owner_count":10.0,"top_owner":"FIELDS OIL & GAS COMPANY LLC","top_owner_state":"WA","top_operator":"FIELDS O&G CO LLC","max_propensity_score":5.0,"field_name":"Unknown","production_trend":null},"geometry":{"type":"Polygon","coordinates":[[[-101.38463195325679,31.123395079590175],[-101.38473137160592,31.119672375140343],[-101.3847542975103,31.11631517839854],[-101.38477989590262,31.115659843760195],[-101.39654545996214,31.115792780658694],[-101.4005901326137,31.11582962602054],[-101.40449382366461,31.115854771516343],[-101.40447821992812,31.11966388264839],[-101.4044177570213,31.13154046554009],[-101.40027894721615,31.131552043503024],[-101.39628431791242,31.131563091663484],[-101.38436302910176,31.131510977368684],[-101.38449543179148,31.127125989103384],[-101.38463195325679,31.123395079590175]]]}},{"type":"Feature","properties":{"ABSTRACT_L":"B49--S7","ABSTRACT_N":"B49--S7","LEVEL1_SUR":null,"LEVEL2_BLO":"49","LEVEL3_SUR":"7","Surv_Sect":"7","SHAPE_AREA":765.1367357083892,"owner_count":12.0,"top_owner":"ALVARADO FRANK JR","top_owner_state":"NM","top_operator":"EXTEX OPERATING","max_propensity_score":6.0,"field_name":"Unknown","production_trend":null},"geometry":{"type":"Polygon","coordinates":[[[-101.40449382366461,31.115854771516343],[-101.4005901326137,31.11582962602054],[-101.39654545996214,31.115792780658694],[-101.38477989590262,31.115659843760195],[-101.38492821584087,31.112180276860816],[-101.38508677208178,31.10768988372852],[-101.38519114463969,31.104432950408576],[-101.38530441770544,31.100781422505293],[-101.3932563297533,31.100811903251234],[-101.39722584306,31.10082634789229],[-101.40485657595275,31.10090487073507],[-101.40462178867685,31.10863836923039],[-101.40456080654377,31.11215718850155],[-101.40449382366461,31.115854771516343]]]}},{"type":"Feature","properties":{"ABSTRACT_L":"B49--S8","ABSTRACT_N":"B49--S8","LEVEL1_SUR":"BLK 49 SEC 8 A-U345","LEVEL2_BLO":"49","LEVEL3_SUR":"8","Surv_Sect":"8","SHAPE_AREA":654.9196359885877,"owner_count":31.0,"top_owner":"HYDE CATHERINE S","top_owner_state":"ME","top_operator":"PERMIAN RESOURCES OP","max_propensity_score":5.0,"field_name":"Unknown","production_trend":null},"geometry":{"type":"Polygon","coordinates":[[[-101.40485657595275,31.10090487073507],[-101.40935674835231,31.100866536581325],[-101.41363661880989,31.10087859672294],[-101.4214186702173,31.10090016098162],[-101.42131739774543,31.10863434361517],[-101.42114922773435,31.11601571299092],[-101.41331110708018,31.11593140617284],[-101.40967348803328,31.11590605535599],[-101.40449382366461,31.115854771516343],[-101.40456080654377,31.11215718850155],[-101.40462178867685,31.10863836923039],[-101.40485657595275,31.10090487073507]]]}},{"type":"Feature","properties":{"ABSTRACT_L":"B49--S9","ABSTRACT_N":"B49--S9","LEVEL1_SUR":"UL","LEVEL2_BLO":"49","LEVEL3_SUR":"9","Surv_Sect":"9","SHAPE_AREA":663.9480843718904,"owner_count":39.0,"top_owner":"HYDE CATHERINE S","top_owner_state":"ME","top_operator":"PERMIAN RESOURCES OP","max_propensity_score":5.0,"field_name":"Unknown","production_trend":null},"geometry":{"type":"Polygon","coordinates":[[[-101.42131739774543,31.10863434361517],[-101.4214186702173,31.10090016098162],[-101.4292769858974,31.100916002459055],[-101.43783109527406,31.101048506949326],[-101.43804141513657,31.101058004129367],[-101.43807414435564,31.105117144380635],[-101.43807942465288,31.107497348144502],[-101.43808112157045,31.10985820046051],[-101.43811084412826,31.116164095331435],[-101.4292537357012,31.11608434229406],[-101.42114922773435,31.11601571299092],[-101.42131739774543,31.10863434361517]]]}},{"type":"Feature","properties":{"ABSTRACT_L":"B5--S18","ABSTRACT_N":"B5--S18","LEVEL1_SUR":null,"LEVEL2_BLO":"5","LEVEL3_SUR":"18","Surv_Sect":"18","SHAPE_AREA":108.26572128897553,"owner_count":0.0,"top_owner":"","top_owner_state":"","top_operator":"","max_propensity_score":0.0,"field_name":"Unknown","production_trend":null},"geometry":{"type":"Polygon","coordinates":[[[-101.7760419605206,31.096594017157418],[-101.77601578630818,31.099540231637864],[-101.77322570886724,31.099468689714726],[-101.77343241929896,31.084436257374534],[-101.77614980057552,31.084498680289116],[-101.77612001423734,31.087822956679297],[-101.7760419605206,31.096594017157418]]]}},{"type":"Feature","properties":{"ABSTRACT_L":"B5--S19","ABSTRACT_N":"B5--S19","LEVEL1_SUR":null,"LEVEL2_BLO":"5","LEVEL3_SUR":"19","Surv_Sect":"19","SHAPE_AREA":32.655963462868556,"owner_count":0.0,"top_owner":"","top_owner_state":"","top_operator":"","max_propensity_score":0.0,"field_name":"Unknown","production_trend":null},"geometry":{"type":"Polygon","coordinates":[[[-101.77357410068724,31.079786975161145],[-101.77619205103828,31.079784962511535],[-101.77614980057552,31.084498680289116],[-101.77343241929896,31.084436257374534],[-101.77357410068724,31.079786975161145]]]}},{"type":"Feature","properties":{"ABSTRACT_L":"B5--S5","ABSTRACT_N":"B5--S5","LEVEL1_SUR":null,"LEVEL2_BLO":"5","LEVEL3_SUR":"5","Surv_Sect":"5","SHAPE_AREA":34.52166910407325,"owner_count":0.0,"top_owner":"","top_owner_state":"","top_operator":"","max_propensity_score":0.0,"field_name":"Unknown","production_trend":null},"geometry":{"type":"Polygon","coordinates":[[[-101.44124893430016,31.194613205673033],[-101.44120841039938,31.19556157176159],[-101.4411675047146,31.196518896517805],[-101.44111019579273,31.197860084805686],[-101.4390364259762,31.1978011136094],[-101.4380414456793,31.197772807114802],[-101.43805438950423,31.197440087986486],[-101.43814862906575,31.195017690505708],[-101.43819563880287,31.19380933554828],[-101.43916775607747,31.19383888271722],[-101.44011783318658,31.193866200642365],[-101.44015009617999,31.192992839981674],[-101.44131683974912,31.193022879977786],[-101.44131609055417,31.19304156698377],[-101.4412560893814,31.19444576451108],[-101.44124893430016,31.194613205673033]]]}},{"type":"Feature","properties":{"ABSTRACT_L":"B5--S6","ABSTRACT_N":"B5--S6","LEVEL1_SUR":null,"LEVEL2_BLO":"5","LEVEL3_SUR":"6","Surv_Sect":"6","SHAPE_AREA":103.54695939385778,"owner_count":0.0,"top_owner":"","top_owner_state":"","top_operator":"","max_propensity_score":0.0,"field_name":"Unknown","production_trend":null},"geometry":{"type":"Polygon","coordinates":[[[-101.77307858638326,31.11444042700816],[-101.77588317610763,31.1144429534387],[-101.77580596231569,31.122916055433254],[-101.77554205165826,31.125164059757672],[-101.77550823368108,31.129099459987668],[-101.77297636439215,31.12907725005421],[-101.77300376210998,31.125161298300387],[-101.77307858638326,31.11444042700816]]]}},{"type":"Feature","properties":{"ABSTRACT_L":"B5--S7","ABSTRACT_N":"B5--S7","LEVEL1_SUR":null,"LEVEL2_BLO":"5","LEVEL3_SUR":"7","Surv_Sect":"7","SHAPE_AREA":109.22365787592179,"owner_count":0.0,"top_owner":"","top_owner_state":"","top_operator":"","max_propensity_score":0.0,"field_name":"Unknown","production_trend":null},"geometry":{"type":"Polygon","coordinates":[[[-101.77322570886724,31.099468689714726],[-101.77601578630818,31.099540231637864],[-101.77596407389053,31.10536307104175],[-101.77588602017383,31.114130955295792],[-101.77588317610763,31.1144429534387],[-101.77307858638326,31.11444042700816],[-101.77322570886724,31.099468689714726]]]}},{"type":"Feature","properties":{"ABSTRACT_L":"B58--S14","ABSTRACT_N":"B58--S14","LEVEL1_SUR":null,"LEVEL2_BLO":"58","LEVEL3_SUR":"14","Surv_Sect":"14","SHAPE_AREA":119.64386686480346,"owner_count":0.0,"top_owner":"","top_owner_state":"","top_operator":"","max_propensity_score":0.0,"field_name":"Unknown","production_trend":null},"geometry":{"type":"Polygon","coordinates":[[[-101.77512975997716,31.30409934858818],[-101.77513406739894,31.304864996595533],[-101.77512303698556,31.30669899921794],[-101.77514302539895,31.318488177689314],[-101.77189526440559,31.31845763655934],[-101.7719857723654,31.30410219616166],[-101.77512975997716,31.30409934858818]]]}},{"type":"Feature","properties":{"ABSTRACT_L":"B58--S15","ABSTRACT_N":"B58--S15","LEVEL1_SUR":null,"LEVEL2_BLO":"58","LEVEL3_SUR":"15","Surv_Sect":"15","SHAPE_AREA":640.512533833632,"owner_count":0.0,"top_owner":"","top_owner_state":"","top_operator":"","max_propensity_score":0.0,"field_name":"Unknown","production_trend":null},"geometry":{"type":"Polygon","coordinates":[[[-101.7631587413307,31.30405493180347],[-101.7719857723654,31.30410219616166],[-101.77189526440559,31.31845763655934],[-101.77065053090013,31.318445981704887],[-101.75474126031885,31.318295937315508],[-101.75484321551033,31.30400985030749],[-101.7631587413307,31.30405493180347]]]}},{"type":"Feature","properties":{"ABSTRACT_L":"B58--S16","ABSTRACT_N":"B58--S16","LEVEL1_SUR":"ULS","LEVEL2_BLO":"58","LEVEL3_SUR":"16","Surv_Sect":"16","SHAPE_AREA":604.8676948739479,"owner_count":1198.0,"top_owner":"DODSON JAMES MARCUS","top_owner_state":"CO","top_operator":"CIVITAS PERMIAN OP","max_propensity_score":8.0,"field_name":"Unknown","production_trend":null},"geometry":{"type":"Polygon","coordinates":[[[-101.75207342741841,31.318218135801626],[-101.7384598249019,31.31782025272814],[-101.7385413047931,31.303639700744654],[-101.7504099873624,31.303909677741718],[-101.75484321551033,31.30400985030749],[-101.75474126031885,31.318295937315508],[-101.75207342741841,31.318218135801626]]]}},{"type":"Feature","properties":{"ABSTRACT_L":"B58--S17","ABSTRACT_N":"B58--S17","LEVEL1_SUR":"UL","LEVEL2_BLO":"58","LEVEL3_SUR":"17","Surv_Sect":"17","SHAPE_AREA":650.4826582658773,"owner_count":457.0,"top_owner":"APOGEE ASSETS LLC","top_owner_state":"FL","top_operator":"CIVITAS PERMIAN OPER","max_propensity_score":7.0,"field_name":"Unknown","production_trend":null},"geometry":{"type":"Polygon","coordinates":[[[-101.72911887308302,31.30346613207239],[-101.7385413047931,31.303639700744654],[-101.7384598249019,31.31782025272814],[-101.73045499759223,31.317637226287502],[-101.73010113323552,31.31763206915954],[-101.7290973126179,31.317644003459172],[-101.72618706664308,31.31760642088568],[-101.72498813464071,31.317607139967564],[-101.72100058765466,31.31756879071646],[-101.72093336133206,31.313699508067465],[-101.72092528098608,31.310135841446808],[-101.72085243300643,31.303313283766336],[-101.72911887308302,31.30346613207239]]]}},{"type":"Feature","properties":{"ABSTRACT_L":"B58--S18","ABSTRACT_N":"B58--S18","LEVEL1_SUR":null,"LEVEL2_BLO":"58","LEVEL3_SUR":"18","Surv_Sect":"18","SHAPE_AREA":629.7217573972425,"owner_count":3.0,"top_owner":"PIONEER NATURAL RES INC WI","top_owner_state":"TX","top_operator":"SEM OPRTNG CMPY LLC","max_propensity_score":2.0,"field_name":"Unknown","production_trend":null},"geometry":{"type":"Polygon","coordinates":[[[-101.71198929239225,31.303170648201196],[-101.72085243300643,31.303313283766336],[-101.72092528098608,31.310135841446808],[-101.72093336133206,31.313699508067465],[-101.72100058765466,31.31756879071646],[-101.71216764570539,31.317511416843278],[-101.71181405533484,31.317514335382402],[-101.70396022494296,31.317372124221087],[-101.7040583569046,31.31002802273476],[-101.70414889810208,31.303043959779426],[-101.71198929239225,31.303170648201196]]]}},{"type":"Feature","properties":{"ABSTRACT_L":"B58--S19","ABSTRACT_N":"B58--S19","LEVEL1_SUR":"UNIVERSITY LAND SEC 19","LEVEL2_BLO":"58","LEVEL3_SUR":"19","Surv_Sect":"19","SHAPE_AREA":638.3142141043751,"owner_count":2.0,"top_owner":"PIONEER NATURAL RES INC WI","top_owner_state":"TX","top_operator":"PIONEER NAT RES USA","max_propensity_score":1.0,"field_name":"Unknown","production_trend":null},"geometry":{"type":"Polygon","coordinates":[[[-101.68701661887218,31.314962962006955],[-101.68701732943957,31.314305317454426],[-101.68710195343431,31.30270393819225],[-101.69511818126323,31.302864114520332],[-101.70414889810208,31.303043959779426],[-101.7040583569046,31.31002802273476],[-101.70396022494296,31.317372124221087],[-101.70204104261039,31.317356278286073],[-101.68701426348952,31.31714780975186],[-101.68701661887218,31.314962962006955]]]}},{"type":"Feature","properties":{"ABSTRACT_L":"B58--S20","ABSTRACT_N":"B58--S20","LEVEL1_SUR":null,"LEVEL2_BLO":"58","LEVEL3_SUR":"20","Surv_Sect":"20","SHAPE_AREA":591.4138594985568,"owner_count":0.0,"top_owner":"","top_owner_state":"","top_operator":"","max_propensity_score":0.0,"field_name":"Unknown","production_trend":null},"geometry":{"type":"Polygon","coordinates":[[[-101.67600941527049,31.315085560772975],[-101.66863864044792,31.315167128449076],[-101.66921105054021,31.30241654655294],[-101.67831559991227,31.302563110058514],[-101.68710195343431,31.30270393819225],[-101.68701732943957,31.314305317454426],[-101.68701661887218,31.314962962006955],[-101.68431418466362,31.31499314894028],[-101.67600941527049,31.315085560772975]]]}},{"type":"Feature","properties":{"ABSTRACT_L":"B58--S21","ABSTRACT_N":"B58--S21","LEVEL1_SUR":null,"LEVEL2_BLO":"58","LEVEL3_SUR":"21","Surv_Sect":"21","SHAPE_AREA":552.1445573190385,"owner_count":0.0,"top_owner":"","top_owner_state":"","top_operator":"","max_propensity_score":0.0,"field_name":"Unknown","production_trend":null},"geometry":{"type":"Polygon","coordinates":[[[-101.66050180660557,31.30229299488111],[-101.66921105054021,31.30241654655294],[-101.66863864044792,31.315167128449076],[-101.6524805571942,31.315209348158703],[-101.65251417484708,31.311232830460668],[-101.65248541079167,31.310712308971592],[-101.65252904555828,31.302179372915518],[-101.66050180660557,31.30229299488111]]]}},{"type":"Feature","properties":{"ABSTRACT_L":"B58--S22","ABSTRACT_N":"B58--S22","LEVEL1_SUR":null,"LEVEL2_BLO":"58","LEVEL3_SUR":"22","Surv_Sect":"22","SHAPE_AREA":579.9744647066962,"owner_count":0.0,"top_owner":"","top_owner_state":"","top_operator":"","max_propensity_score":0.0,"field_name":"Unknown","production_trend":null},"geometry":{"type":"Polygon","coordinates":[[[-101.65074157061943,31.315193111227927],[-101.64259032869823,31.315116683956358],[-101.63553776769201,31.315050139087365],[-101.63536042767852,31.310400659189195],[-101.63547873849639,31.302040915748332],[-101.64338186304114,31.302096121487626],[-101.65252904555828,31.302179372915518],[-101.65248541079167,31.310712308971592],[-101.65251417484708,31.311232830460668],[-101.6524805571942,31.315209348158703],[-101.65074157061943,31.315193111227927]]]}},{"type":"Feature","properties":{"ABSTRACT_L":"B58--S23","ABSTRACT_N":"B58--S23","LEVEL1_SUR":"UL","LEVEL2_BLO":"58","LEVEL3_SUR":"23","Surv_Sect":"23","SHAPE_AREA":582.999261093638,"owner_count":8.0,"top_owner":"COWDEN DONNA REVOCABLE TRUST","top_owner_state":"TX","top_operator":"APACHE CORPORATION","max_propensity_score":1.0,"field_name":"Unknown","production_trend":null},"geometry":{"type":"Polygon","coordinates":[[[-101.6182332544727,31.310315509349678],[-101.61846489854344,31.3019390816297],[-101.62540665954586,31.30197384968131],[-101.62665669670476,31.301980127532676],[-101.63547873849639,31.302040915748332],[-101.63536042767852,31.310400659189195],[-101.63553776769201,31.315050139087365],[-101.6184502326481,31.315088933717934],[-101.6182332544727,31.310315509349678]]]}},{"type":"Feature","properties":{"ABSTRACT_L":"B58--S24","ABSTRACT_N":"B58--S24","LEVEL1_SUR":"BLK 58 SEC 24 A-","LEVEL2_BLO":"58","LEVEL3_SUR":"24","Surv_Sect":"24","SHAPE_AREA":557.9392815386844,"owner_count":18.0,"top_owner":"DISCOVERY NAT RESOURCES WI","top_owner_state":"CO","top_operator":"APACHE CORP","max_propensity_score":4.0,"field_name":"Unknown","production_trend":null},"geometry":{"type":"Polygon","coordinates":[[[-101.6019600575052,31.314968673381],[-101.60210499438809,31.3105301820277],[-101.60203488806668,31.301855251250533],[-101.60927348477836,31.3018924440489],[-101.61846489854344,31.3019390816297],[-101.6182332544727,31.310315509349678],[-101.6184502326481,31.315088933717934],[-101.61754962486337,31.31508425687452],[-101.6019600575052,31.314968673381]]]}},{"type":"Feature","properties":{"ABSTRACT_L":"B58--S25","ABSTRACT_N":"B58--S25","LEVEL1_SUR":"UL","LEVEL2_BLO":"58","LEVEL3_SUR":"25","Surv_Sect":"25","SHAPE_AREA":591.1309624722049,"owner_count":5.0,"top_owner":"APACHE CORP WI","top_owner_state":"TX","top_operator":"APACHE CORPORATION","max_propensity_score":1.0,"field_name":"Unknown","production_trend":null},"geometry":{"type":"Polygon","coordinates":[[[-101.58468583368062,31.31487927982317],[-101.5847631193378,31.31054108956143],[-101.5849277230372,31.301748737122953],[-101.593241700162,31.301800786831848],[-101.60203488806668,31.301855251250533],[-101.60210499438809,31.3105301820277],[-101.6019600575052,31.314968673381],[-101.59983494807186,31.314987304798628],[-101.58468583368062,31.31487927982317]]]}},{"type":"Feature","properties":{"ABSTRACT_L":"B58--S26","ABSTRACT_N":"B58--S26","LEVEL1_SUR":"UNIV LDS","LEVEL2_BLO":"58","LEVEL3_SUR":"26","Surv_Sect":"26","SHAPE_AREA":569.5040043772566,"owner_count":1.0,"top_owner":"DE CENTRAL OPERATING LLC WI","top_owner_state":"TX","top_operator":"DE CENTRAL OPER LLC","max_propensity_score":1.0,"field_name":"Unknown","production_trend":null},"geometry":{"type":"Polygon","coordinates":[[[-101.58299588883217,31.314912528916615],[-101.56824382979653,31.31476977123702],[-101.56826824690427,31.310653145747523],[-101.56818931822846,31.301587503503175],[-101.57632027888548,31.301665998812137],[-101.5849277230372,31.301748737122953],[-101.5847631193378,31.31054108956143],[-101.58468583368062,31.31487927982317],[-101.58299588883217,31.314912528916615]]]}},{"type":"Feature","properties":{"ABSTRACT_L":"B58--S27","ABSTRACT_N":"B58--S27","LEVEL1_SUR":"UL","LEVEL2_BLO":"58","LEVEL3_SUR":"27","Surv_Sect":"27","SHAPE_AREA":610.9051400475546,"owner_count":1.0,"top_owner":"DE CENTRAL OPERATING LLC WI","top_owner_state":"TX","top_operator":"DE CENTRAL OPER LLC","max_propensity_score":2.0,"field_name":"Unknown","production_trend":null},"geometry":{"type":"Polygon","coordinates":[[[-101.5598053848009,31.301515992934878],[-101.56818931822846,31.301587503503175],[-101.56826824690427,31.310653145747523],[-101.56824382979653,31.31476977123702],[-101.56633237297541,31.31476624555738],[-101.55032046987293,31.314666659252254],[-101.55045925149948,31.310492149169914],[-101.5506620183271,31.301437380831615],[-101.5598053848009,31.301515992934878]]]}},{"type":"Feature","properties":{"ABSTRACT_L":"B58--S28","ABSTRACT_N":"B58--S28","LEVEL1_SUR":null,"LEVEL2_BLO":"58","LEVEL3_SUR":"28","Surv_Sect":"28","SHAPE_AREA":585.9403702960876,"owner_count":0.0,"top_owner":"","top_owner_state":"","top_operator":"","max_propensity_score":0.0,"field_name":"Unknown","production_trend":null},"geometry":{"type":"Polygon","coordinates":[[[-101.55045925149948,31.310492149169914],[-101.55032046987293,31.314666659252254],[-101.54885441483766,31.31465674374689],[-101.53340596831903,31.314566832628472],[-101.53352786071994,31.310155590519386],[-101.5337274618845,31.301264257894466],[-101.54345419969371,31.301363968129984],[-101.5506620183271,31.301437380831615],[-101.55045925149948,31.310492149169914]]]}},{"type":"Feature","properties":{"ABSTRACT_L":"B58--S29","ABSTRACT_N":"B58--S29","LEVEL1_SUR":null,"LEVEL2_BLO":"58","LEVEL3_SUR":"29","Surv_Sect":"29","SHAPE_AREA":577.6583607611433,"owner_count":0.0,"top_owner":"","top_owner_state":"","top_operator":"","max_propensity_score":0.0,"field_name":"Unknown","production_trend":null},"geometry":{"type":"Polygon","coordinates":[[[-101.52524899155308,31.301180026246644],[-101.5337274618845,31.301264257894466],[-101.53352786071994,31.310155590519386],[-101.53340596831903,31.314566832628472],[-101.53203354109259,31.314575161047085],[-101.51700395743138,31.314665396790534],[-101.517173428203,31.30109927619601],[-101.52524899155308,31.301180026246644]]]}},{"type":"Feature","properties":{"ABSTRACT_L":"B58--S30","ABSTRACT_N":"B58--S30","LEVEL1_SUR":null,"LEVEL2_BLO":"58","LEVEL3_SUR":"30","Surv_Sect":"30","SHAPE_AREA":596.5688434419841,"owner_count":2.0,"top_owner":"DE CENTRAL OPERATING LLC WI","top_owner_state":"TX","top_operator":"DE V OPERATING LLC","max_propensity_score":2.0,"field_name":"Unknown","production_trend":null},"geometry":{"type":"Polygon","coordinates":[[[-101.517173428203,31.30109927619601],[-101.51700395743138,31.314665396790534],[-101.5155606594172,31.31465629708864],[-101.50014273855027,31.314558082109027],[-101.50008266551227,31.310078401646212],[-101.50018886614178,31.30856159479742],[-101.50031922426592,31.30104841889548],[-101.50040371351335,31.30104880267789],[-101.5090831827879,31.301075199230574],[-101.517173428203,31.30109927619601]]]}},{"type":"Feature","properties":{"ABSTRACT_L":"B58--S31","ABSTRACT_N":"B58--S31","LEVEL1_SUR":null,"LEVEL2_BLO":"58","LEVEL3_SUR":"31","Surv_Sect":"31","SHAPE_AREA":1140.035299878648,"owner_count":0.0,"top_owner":"","top_owner_state":"","top_operator":"","max_propensity_score":0.0,"field_name":"Unknown","production_trend":null},"geometry":{"type":"Polygon","coordinates":[[[-101.50031922426592,31.30104841889548],[-101.50018886614178,31.30856159479742],[-101.50008266551227,31.310078401646212],[-101.50014273855027,31.314558082109027],[-101.49630806775758,31.31667937855681],[-101.496125672924,31.3173708203543],[-101.49600519716628,31.317963434007982],[-101.4959218254231,31.318529379075304],[-101.49590371089539,31.31927567757609],[-101.49587006180147,31.323402249767014],[-101.4959663064027,31.329118019470556],[-101.49029256952608,31.329128222738827],[-101.48196847108296,31.329076478951468],[-101.48199902997231,31.316577563331354],[-101.48199525614979,31.314472456368176],[-101.48321941015041,31.314489645067855],[-101.48337475491418,31.308574819652474],[-101.48361204848973,31.30075792507302],[-101.49189359912772,31.300908735798675],[-101.50031922426592,31.30104841889548]]]}},{"type":"Feature","properties":{"ABSTRACT_L":"B58--S32","ABSTRACT_N":"B58--S32","LEVEL1_SUR":"UNIVERSITY LAND SEC 32","LEVEL2_BLO":"58","LEVEL3_SUR":"32","Surv_Sect":"32","SHAPE_AREA":594.3675221980039,"owner_count":2.0,"top_owner":"PIONEER NATURAL RES INC WI","top_owner_state":"TX","top_operator":"PIONEER NAT RES USA","max_propensity_score":1.0,"field_name":"Unknown","production_trend":null},"geometry":{"type":"Polygon","coordinates":[[[-101.48321941015041,31.314489645067855],[-101.48199525614979,31.314472456368176],[-101.47423228855229,31.31444616410588],[-101.46667660451163,31.314397366187844],[-101.46677183401658,31.310194207573286],[-101.46699038873533,31.30065133908887],[-101.47520447409885,31.30069001760612],[-101.48361204848973,31.30075792507302],[-101.48337475491418,31.308574819652474],[-101.48321941015041,31.314489645067855]]]}},{"type":"Feature","properties":{"ABSTRACT_L":"B6--S1","ABSTRACT_N":"B6--S1","LEVEL1_SUR":null,"LEVEL2_BLO":"6","LEVEL3_SUR":"1","Surv_Sect":"1","SHAPE_AREA":645.5141202620362,"owner_count":0.0,"top_owner":"","top_owner_state":"","top_operator":"","max_propensity_score":0.0,"field_name":"Unknown","production_trend":null},"geometry":{"type":"Polygon","coordinates":[[[-101.77307858638326,31.11444042700816],[-101.77300376210998,31.125161298300387],[-101.77297636439215,31.12907725005421],[-101.75603424952475,31.128891245598453],[-101.75609449953085,31.12516057313906],[-101.756270579208,31.11425540597407],[-101.77307858638326,31.11444042700816]]]}},{"type":"Feature","properties":{"ABSTRACT_L":"B6--S10","ABSTRACT_N":"B6--S10","LEVEL1_SUR":null,"LEVEL2_BLO":"6","LEVEL3_SUR":"10","Surv_Sect":"10","SHAPE_AREA":673.2395924296104,"owner_count":0.0,"top_owner":"","top_owner_state":"","top_operator":"","max_propensity_score":0.0,"field_name":"Unknown","production_trend":null},"geometry":{"type":"Polygon","coordinates":[[[-101.72283404555628,31.114192552699183],[-101.72299313988806,31.099114898390322],[-101.73991523400272,31.09900846420722],[-101.73985831405138,31.11428356207429],[-101.72283404555628,31.114192552699183]]]}},{"type":"Feature","properties":{"ABSTRACT_L":"B6--S11","ABSTRACT_N":"B6--S11","LEVEL1_SUR":null,"LEVEL2_BLO":"6","LEVEL3_SUR":"11","Surv_Sect":"11","SHAPE_AREA":657.1474506712369,"owner_count":0.0,"top_owner":"","top_owner_state":"","top_operator":"","max_propensity_score":0.0,"field_name":"Unknown","production_trend":null},"geometry":{"type":"Polygon","coordinates":[[[-101.75041035656997,31.099018668491333],[-101.75647111911204,31.099023711404115],[-101.756270579208,31.11425540597407],[-101.75041030626431,31.114265522482587],[-101.73985831405138,31.11428356207429],[-101.73991523400272,31.09900846420722],[-101.75041035656997,31.099018668491333]]]}},{"type":"Feature","properties":{"ABSTRACT_L":"B6--S12","ABSTRACT_N":"B6--S12","LEVEL1_SUR":null,"LEVEL2_BLO":"6","LEVEL3_SUR":"12","Surv_Sect":"12","SHAPE_AREA":662.4982518195552,"owner_count":0.0,"top_owner":"","top_owner_state":"","top_operator":"","max_propensity_score":0.0,"field_name":"Unknown","production_trend":null},"geometry":{"type":"Polygon","coordinates":[[[-101.77322570886724,31.099468689714726],[-101.77307858638326,31.11444042700816],[-101.756270579208,31.11425540597407],[-101.75647111911204,31.099023711404115],[-101.77322570886724,31.099468689714726]]]}},{"type":"Feature","properties":{"ABSTRACT_L":"B6--S13","ABSTRACT_N":"B6--S13","LEVEL1_SUR":null,"LEVEL2_BLO":"6","LEVEL3_SUR":"13","Surv_Sect":"13","SHAPE_AREA":656.0535941373668,"owner_count":0.0,"top_owner":"","top_owner_state":"","top_operator":"","max_propensity_score":0.0,"field_name":"Unknown","production_trend":null},"geometry":{"type":"Polygon","coordinates":[[[-101.77343241929896,31.084436257374534],[-101.77322570886724,31.099468689714726],[-101.75647111911204,31.099023711404115],[-101.75667423897755,31.08410967038758],[-101.77343241929896,31.084436257374534]]]}},{"type":"Feature","properties":{"ABSTRACT_L":"B6--S14","ABSTRACT_N":"B6--S14","LEVEL1_SUR":null,"LEVEL2_BLO":"6","LEVEL3_SUR":"14","Surv_Sect":"14","SHAPE_AREA":648.1012458789813,"owner_count":0.0,"top_owner":"","top_owner_state":"","top_operator":"","max_propensity_score":0.0,"field_name":"Unknown","production_trend":null},"geometry":{"type":"Polygon","coordinates":[[[-101.75041044640152,31.084134239594466],[-101.75667423897755,31.08410967038758],[-101.75647111911204,31.099023711404115],[-101.75041035656997,31.099018668491333],[-101.73991523400272,31.09900846420722],[-101.73989260274577,31.08417387527558],[-101.75041044640152,31.084134239594466]]]}},{"type":"Feature","properties":{"ABSTRACT_L":"B6--S15","ABSTRACT_N":"B6--S15","LEVEL1_SUR":null,"LEVEL2_BLO":"6","LEVEL3_SUR":"15","Surv_Sect":"15","SHAPE_AREA":650.2278459427257,"owner_count":2.0,"top_owner":"UNIVERSITY OF TEXAS PUFF LANDS","top_owner_state":"TX","top_operator":"ARCH OIL & GAS LLC","max_propensity_score":3.0,"field_name":"Unknown","production_trend":null},"geometry":{"type":"Polygon","coordinates":[[[-101.73989260274577,31.08417387527558],[-101.73991523400272,31.09900846420722],[-101.72299313988806,31.099114898390322],[-101.72304907977743,31.084481523608243],[-101.73989260274577,31.08417387527558]]]}},{"type":"Feature","properties":{"ABSTRACT_L":"B6--S16","ABSTRACT_N":"B6--S16","LEVEL1_SUR":null,"LEVEL2_BLO":"6","LEVEL3_SUR":"16","Surv_Sect":"16","SHAPE_AREA":1308.3115827394245,"owner_count":0.0,"top_owner":"","top_owner_state":"","top_operator":"","max_propensity_score":0.0,"field_name":"Unknown","production_trend":null},"geometry":{"type":"MultiPolygon","coordinates":[[[[-101.72304907977743,31.084481523608243],[-101.72299313988806,31.099114898390322],[-101.71400617639343,31.09923202669842],[-101.70519085310183,31.099346308810652],[-101.70534538578856,31.08479972525878],[-101.72304907977743,31.084481523608243]]],[[[-101.68850298840928,31.08506638842736],[-101.68835626208235,31.099360418302105],[-101.68403912321857,31.099358321454773],[-101.67942399161548,31.099355918464507],[-101.67129134571898,31.09935010098189],[-101.6715219243878,31.085267341958545],[-101.67570706031215,31.085218024103984],[-101.68850298840928,31.08506638842736]]]]}},{"type":"Feature","properties":{"ABSTRACT_L":"B6--S17","ABSTRACT_N":"B6--S17","LEVEL1_SUR":null,"LEVEL2_BLO":"6","LEVEL3_SUR":"17","Surv_Sect":"17","SHAPE_AREA":634.665232356316,"owner_count":0.0,"top_owner":"","top_owner_state":"","top_operator":"","max_propensity_score":0.0,"field_name":"Unknown","production_trend":null},"geometry":{"type":"Polygon","coordinates":[[[-101.6965986246144,31.084938485256977],[-101.70534538578856,31.08479972525878],[-101.70519085310183,31.099346308810652],[-101.69676304865074,31.099353647777164],[-101.68835626208235,31.099360418302105],[-101.68850298840928,31.08506638842736],[-101.6965986246144,31.084938485256977]]]}},{"type":"Feature","properties":{"ABSTRACT_L":"B6--S19","ABSTRACT_N":"B6--S19","LEVEL1_SUR":null,"LEVEL2_BLO":"6","LEVEL3_SUR":"19","Surv_Sect":"19","SHAPE_AREA":248.52217878615838,"owner_count":5.0,"top_owner":"GRAY TERRY L","top_owner_state":"TX","top_operator":"TXP INCORPORATED","max_propensity_score":3.0,"field_name":"Unknown","production_trend":null},"geometry":{"type":"Polygon","coordinates":[[[-101.67153999040649,31.079546182415523],[-101.68690801255434,31.07958305953513],[-101.68850853640448,31.07958692943147],[-101.68850298840928,31.08506638842736],[-101.67570706031215,31.085218024103984],[-101.6715219243878,31.085267341958545],[-101.67153999040649,31.079546182415523]]]}},{"type":"Feature","properties":{"ABSTRACT_L":"B6--S2","ABSTRACT_N":"B6--S2","LEVEL1_SUR":"UL","LEVEL2_BLO":"6","LEVEL3_SUR":"2","Surv_Sect":"2","SHAPE_AREA":621.7253781872643,"owner_count":2.0,"top_owner":"UNIVERSITY OF TEXAS PUFF LANDS","top_owner_state":"TX","top_operator":"ZARVONA ENERGY LLC","max_propensity_score":1.0,"field_name":"Unknown","production_trend":null},"geometry":{"type":"Polygon","coordinates":[[[-101.75603424952475,31.128891245598453],[-101.7504103170441,31.128809406290703],[-101.73963778303902,31.128650887223206],[-101.73969148881827,31.125161037611438],[-101.73985831405138,31.11428356207429],[-101.75041030626431,31.114265522482587],[-101.756270579208,31.11425540597407],[-101.75609449953085,31.12516057313906],[-101.75603424952475,31.128891245598453]]]}},{"type":"Feature","properties":{"ABSTRACT_L":"B6--S20","ABSTRACT_N":"B6--S20","LEVEL1_SUR":null,"LEVEL2_BLO":"6","LEVEL3_SUR":"20","Surv_Sect":"20","SHAPE_AREA":234.7215133862207,"owner_count":0.0,"top_owner":"","top_owner_state":"","top_operator":"","max_propensity_score":0.0,"field_name":"Unknown","production_trend":null},"geometry":{"type":"Polygon","coordinates":[[[-101.70534538578856,31.08479972525878],[-101.6965986246144,31.084938485256977],[-101.68850298840928,31.08506638842736],[-101.68850853640448,31.07958692943147],[-101.70297597681876,31.079621000669203],[-101.70538074617309,31.07962663548219],[-101.70534538578856,31.08479972525878]]]}},{"type":"Feature","properties":{"ABSTRACT_L":"B6--S202","ABSTRACT_N":"B6--S202","LEVEL1_SUR":null,"LEVEL2_BLO":"6","LEVEL3_SUR":"202","Surv_Sect":"202","SHAPE_AREA":7.798962984621479,"owner_count":0.0,"top_owner":"","top_owner_state":"","top_operator":"","max_propensity_score":0.0,"field_name":"Unknown","production_trend":null},"geometry":{"type":"Polygon","coordinates":[[[-101.43501280893656,31.193179911266522],[-101.43501600963391,31.193003739586388],[-101.43655990009529,31.192582896667727],[-101.43655211709167,31.193176182016607],[-101.43653911757119,31.19395539841584],[-101.43653907445204,31.19395795577036],[-101.43652585394601,31.194750458025272],[-101.4349725572253,31.194708059922455],[-101.43499961627828,31.193906306108623],[-101.43501280893656,31.193179911266522]]]}},{"type":"Feature","properties":{"ABSTRACT_L":"B6--S21","ABSTRACT_N":"B6--S21","LEVEL1_SUR":null,"LEVEL2_BLO":"6","LEVEL3_SUR":"21","Surv_Sect":"21","SHAPE_AREA":230.99606721009917,"owner_count":0.0,"top_owner":"","top_owner_state":"","top_operator":"","max_propensity_score":0.0,"field_name":"Unknown","production_trend":null},"geometry":{"type":"Polygon","coordinates":[[[-101.70538074617309,31.07962663548219],[-101.70640497651397,31.079629022814725],[-101.71702692143639,31.079653926313856],[-101.72306864418601,31.079667852544084],[-101.72304907977743,31.084481523608243],[-101.70534538578856,31.08479972525878],[-101.70538074617309,31.07962663548219]]]}},{"type":"Feature","properties":{"ABSTRACT_L":"B6--S22","ABSTRACT_N":"B6--S22","LEVEL1_SUR":null,"LEVEL2_BLO":"6","LEVEL3_SUR":"22","Surv_Sect":"22","SHAPE_AREA":204.5442949774891,"owner_count":0.0,"top_owner":"","top_owner_state":"","top_operator":"","max_propensity_score":0.0,"field_name":"Unknown","production_trend":null},"geometry":{"type":"Polygon","coordinates":[[[-101.72306864418601,31.079667852544084],[-101.73068994027669,31.079685014710066],[-101.73995216733731,31.079709498122757],[-101.73989260274577,31.08417387527558],[-101.72304907977743,31.084481523608243],[-101.72306864418601,31.079667852544084]]]}},{"type":"Feature","properties":{"ABSTRACT_L":"B6--S23","ABSTRACT_N":"B6--S23","LEVEL1_SUR":null,"LEVEL2_BLO":"6","LEVEL3_SUR":"23","Surv_Sect":"23","SHAPE_AREA":192.01907261987,"owner_count":0.0,"top_owner":"","top_owner_state":"","top_operator":"","max_propensity_score":0.0,"field_name":"Unknown","production_trend":null},"geometry":{"type":"Polygon","coordinates":[[[-101.75672946290963,31.07979933956827],[-101.75667423897755,31.08410967038758],[-101.75041044640152,31.084134239594466],[-101.73989260274577,31.08417387527558],[-101.73995216733731,31.079709498122757],[-101.74437301490401,31.07972094930736],[-101.7504230713245,31.079804014977157],[-101.75672946290963,31.07979933956827]]]}},{"type":"Feature","properties":{"ABSTRACT_L":"B6--S24","ABSTRACT_N":"B6--S24","LEVEL1_SUR":"UL","LEVEL2_BLO":"6","LEVEL3_SUR":"24","Surv_Sect":"24","SHAPE_AREA":196.81833487135643,"owner_count":2.0,"top_owner":"UNIVERSITY OF TEXAS PUFF LANDS","top_owner_state":"TX","top_operator":"ZARVONA ENERGY LLC","max_propensity_score":1.0,"field_name":"Unknown","production_trend":null},"geometry":{"type":"Polygon","coordinates":[[[-101.75672946290963,31.07979933956827],[-101.76384006226972,31.07979398789056],[-101.77357410068724,31.079786975161145],[-101.77343241929896,31.084436257374534],[-101.75667423897755,31.08410967038758],[-101.75672946290963,31.07979933956827]]]}},{"type":"Feature","properties":{"ABSTRACT_L":"B6--S3","ABSTRACT_N":"B6--S3","LEVEL1_SUR":null,"LEVEL2_BLO":"6","LEVEL3_SUR":"3","Surv_Sect":"3","SHAPE_AREA":637.7937450719795,"owner_count":0.0,"top_owner":"","top_owner_state":"","top_operator":"","max_propensity_score":0.0,"field_name":"Unknown","production_trend":null},"geometry":{"type":"Polygon","coordinates":[[[-101.73985831405138,31.11428356207429],[-101.73969148881827,31.125161037611438],[-101.73963778303902,31.128650887223206],[-101.72861953644752,31.12856598722199],[-101.72264260468779,31.12851953702793],[-101.72268733000915,31.125161883504795],[-101.72283404555628,31.114192552699183],[-101.73985831405138,31.11428356207429]]]}},{"type":"Feature","properties":{"ABSTRACT_L":"B6--S4","ABSTRACT_N":"B6--S4","LEVEL1_SUR":null,"LEVEL2_BLO":"6","LEVEL3_SUR":"4","Surv_Sect":"4","SHAPE_AREA":648.2668057108809,"owner_count":0.0,"top_owner":"","top_owner_state":"","top_operator":"","max_propensity_score":0.0,"field_name":"Unknown","production_trend":null},"geometry":{"type":"Polygon","coordinates":[[[-101.71394369317554,31.11409600275847],[-101.72283404555628,31.114192552699183],[-101.72268733000915,31.125161883504795],[-101.72264260468779,31.12851953702793],[-101.7053594632874,31.128194419636458],[-101.70535256781928,31.125160726168872],[-101.70532642953944,31.114001833804895],[-101.71394369317554,31.11409600275847]]]}},{"type":"Feature","properties":{"ABSTRACT_L":"B6--S5","ABSTRACT_N":"B6--S5","LEVEL1_SUR":null,"LEVEL2_BLO":"6","LEVEL3_SUR":"5","Surv_Sect":"5","SHAPE_AREA":636.2283419637215,"owner_count":0.0,"top_owner":"","top_owner_state":"","top_operator":"","max_propensity_score":0.0,"field_name":"Unknown","production_trend":null},"geometry":{"type":"MultiPolygon","coordinates":[[[[-101.70532642953944,31.114001833804895],[-101.70535256781928,31.125160726168872],[-101.7053594632874,31.128194419636458],[-101.68821622550934,31.127997929300157],[-101.68824896730482,31.125162481782073],[-101.68837969822981,31.113900474580507],[-101.69692978225567,31.11395189098948],[-101.70532642953944,31.114001833804895]]],[[[-101.43803128842839,31.193994003858],[-101.43799826546021,31.19479904657355],[-101.43652585394601,31.194750458025272],[-101.43653907445204,31.19395795577036],[-101.43653911757119,31.19395539841584],[-101.43655211709167,31.193176182016607],[-101.43806301333095,31.193220586439008],[-101.43803128842839,31.193994003858]]]]}},{"type":"Feature","properties":{"ABSTRACT_L":"B6--S6","ABSTRACT_N":"B6--S6","LEVEL1_SUR":null,"LEVEL2_BLO":"6","LEVEL3_SUR":"6","Surv_Sect":"6","SHAPE_AREA":645.6964104691446,"owner_count":2.0,"top_owner":"TXP INCORPORATED","top_owner_state":"TX","top_operator":"TXP INCORPORATED","max_propensity_score":1.0,"field_name":"Unknown","production_trend":null},"geometry":{"type":"Polygon","coordinates":[[[-101.6793657466491,31.113795499774373],[-101.68837969822981,31.113900474580507],[-101.68824896730482,31.125162481782073],[-101.68821622550934,31.127997929300157],[-101.6793461337315,31.127998804389097],[-101.67090391221842,31.12840251636491],[-101.67091240309449,31.125203953617103],[-101.6710433415303,31.121839227739265],[-101.67109749287394,31.113698716396573],[-101.6793657466491,31.113795499774373]]]}},{"type":"Feature","properties":{"ABSTRACT_L":"B6--S7","ABSTRACT_N":"B6--S7","LEVEL1_SUR":null,"LEVEL2_BLO":"6","LEVEL3_SUR":"7","Surv_Sect":"7","SHAPE_AREA":649.4245686338083,"owner_count":1.0,"top_owner":"APACHE CORP WI","top_owner_state":"TX","top_operator":"APACHE CORPORATION","max_propensity_score":1.0,"field_name":"Unknown","production_trend":null},"geometry":{"type":"Polygon","coordinates":[[[-101.67129134571898,31.09935010098189],[-101.67942399161548,31.099355918464507],[-101.68403912321857,31.099358321454773],[-101.68835626208235,31.099360418302105],[-101.68837969822981,31.113900474580507],[-101.6793657466491,31.113795499774373],[-101.67109749287394,31.113698716396573],[-101.671121446451,31.10765290753088],[-101.67129134571898,31.09935010098189]]]}},{"type":"Feature","properties":{"ABSTRACT_L":"B6--S8","ABSTRACT_N":"B6--S8","LEVEL1_SUR":null,"LEVEL2_BLO":"6","LEVEL3_SUR":"8","Surv_Sect":"8","SHAPE_AREA":644.4175497116064,"owner_count":0.0,"top_owner":"","top_owner_state":"","top_operator":"","max_propensity_score":0.0,"field_name":"Unknown","production_trend":null},"geometry":{"type":"Polygon","coordinates":[[[-101.69676304865074,31.099353647777164],[-101.70519085310183,31.099346308810652],[-101.70532642953944,31.114001833804895],[-101.69692978225567,31.11395189098948],[-101.68837969822981,31.113900474580507],[-101.68835626208235,31.099360418302105],[-101.69676304865074,31.099353647777164]]]}},{"type":"Feature","properties":{"ABSTRACT_L":"B6--S9","ABSTRACT_N":"B6--S9","LEVEL1_SUR":null,"LEVEL2_BLO":"6","LEVEL3_SUR":"9","Surv_Sect":"9","SHAPE_AREA":685.989033350414,"owner_count":0.0,"top_owner":"","top_owner_state":"","top_operator":"","max_propensity_score":0.0,"field_name":"Unknown","production_trend":null},"geometry":{"type":"Polygon","coordinates":[[[-101.71400617639343,31.09923202669842],[-101.72299313988806,31.099114898390322],[-101.72283404555628,31.114192552699183],[-101.71394369317554,31.11409600275847],[-101.70532642953944,31.114001833804895],[-101.70519085310183,31.099346308810652],[-101.71400617639343,31.09923202669842]]]}},{"type":"Feature","properties":{"ABSTRACT_L":"B7--S1","ABSTRACT_N":"B7--S1","LEVEL1_SUR":null,"LEVEL2_BLO":"7","LEVEL3_SUR":"1","Surv_Sect":"1","SHAPE_AREA":1379.6980162208806,"owner_count":4.0,"top_owner":"RRP OPERATING LLC","top_owner_state":"TX","top_operator":"RRP OPERATING LLC","max_propensity_score":1.0,"field_name":"Unknown","production_trend":null},"geometry":{"type":"MultiPolygon","coordinates":[[[[-101.5858602919814,31.112936057588865],[-101.58547130080214,31.129437156759767],[-101.57753230023987,31.12923455037517],[-101.56891729317178,31.129167247812802],[-101.56899072685299,31.112654401460844],[-101.5858602919814,31.112936057588865]]],[[[-101.68817429844009,31.143184558556435],[-101.68812570317647,31.157903547097796],[-101.67906859203794,31.157746427321232],[-101.67077988182713,31.157602076674515],[-101.6710175158642,31.143025124748046],[-101.67912034398145,31.143100707971687],[-101.68817429844009,31.143184558556435]]]]}},{"type":"Feature","properties":{"ABSTRACT_L":"B7--S10","ABSTRACT_N":"B7--S10","LEVEL1_SUR":null,"LEVEL2_BLO":"7","LEVEL3_SUR":"10","Surv_Sect":"10","SHAPE_AREA":644.4961032681475,"owner_count":0.0,"top_owner":"","top_owner_state":"","top_operator":"","max_propensity_score":0.0,"field_name":"Unknown","production_trend":null},"geometry":{"type":"Polygon","coordinates":[[[-101.59418541270732,31.098531880765357],[-101.60294034675394,31.098688550959913],[-101.60278272026935,31.113213491342037],[-101.5943422639458,31.11307539253217],[-101.5858602919814,31.112936057588865],[-101.58594532470957,31.098383878550344],[-101.59418541270732,31.098531880765357]]]}},{"type":"Feature","properties":{"ABSTRACT_L":"B7--S11","ABSTRACT_N":"B7--S11","LEVEL1_SUR":null,"LEVEL2_BLO":"7","LEVEL3_SUR":"11","Surv_Sect":"11","SHAPE_AREA":639.920916085624,"owner_count":0.0,"top_owner":"","top_owner_state":"","top_operator":"","max_propensity_score":0.0,"field_name":"Unknown","production_trend":null},"geometry":{"type":"Polygon","coordinates":[[[-101.58594532470957,31.098383878550344],[-101.5858602919814,31.112936057588865],[-101.56899072685299,31.112654401460844],[-101.56925851913074,31.09802783246581],[-101.58594532470957,31.098383878550344]]]}},{"type":"Feature","properties":{"ABSTRACT_L":"B7--S12","ABSTRACT_N":"B7--S12","LEVEL1_SUR":"UL","LEVEL2_BLO":"7","LEVEL3_SUR":"12","Surv_Sect":"12","SHAPE_AREA":585.4263834909086,"owner_count":2.0,"top_owner":"ZARVONA ENERGY LLC","top_owner_state":"TX","top_operator":"ZARVONA ENERGY LLC","max_propensity_score":2.0,"field_name":"Unknown","production_trend":null},"geometry":{"type":"Polygon","coordinates":[[[-101.58610599109309,31.084878211342726],[-101.58594532470957,31.098383878550344],[-101.56925851913074,31.09802783246581],[-101.56941485114302,31.084699699643735],[-101.5781460894291,31.084793350665766],[-101.58610599109309,31.084878211342726]]]}},{"type":"Feature","properties":{"ABSTRACT_L":"B7--S13","ABSTRACT_N":"B7--S13","LEVEL1_SUR":null,"LEVEL2_BLO":"7","LEVEL3_SUR":"13","Surv_Sect":"13","SHAPE_AREA":603.3209614134386,"owner_count":0.0,"top_owner":"","top_owner_state":"","top_operator":"","max_propensity_score":0.0,"field_name":"Unknown","production_trend":null},"geometry":{"type":"Polygon","coordinates":[[[-101.59406321038763,31.084927031623685],[-101.60303292353386,31.084981474835352],[-101.60294034675394,31.098688550959913],[-101.59418541270732,31.098531880765357],[-101.58594532470957,31.098383878550344],[-101.58610599109309,31.084878211342726],[-101.59406321038763,31.084927031623685]]]}},{"type":"Feature","properties":{"ABSTRACT_L":"B7--S14","ABSTRACT_N":"B7--S14","LEVEL1_SUR":null,"LEVEL2_BLO":"7","LEVEL3_SUR":"14","Surv_Sect":"14","SHAPE_AREA":633.6594291249629,"owner_count":0.0,"top_owner":"","top_owner_state":"","top_operator":"","max_propensity_score":0.0,"field_name":"Unknown","production_trend":null},"geometry":{"type":"Polygon","coordinates":[[[-101.6113752496924,31.085032692261294],[-101.62061826628067,31.085089254115687],[-101.62056751865364,31.092079482989188],[-101.62047278771368,31.098971760774297],[-101.61143647077732,31.09882692068677],[-101.60294034675394,31.098688550959913],[-101.60303292353386,31.084981474835352],[-101.6113752496924,31.085032692261294]]]}},{"type":"Feature","properties":{"ABSTRACT_L":"B7--S15","ABSTRACT_N":"B7--S15","LEVEL1_SUR":null,"LEVEL2_BLO":"7","LEVEL3_SUR":"15","Surv_Sect":"15","SHAPE_AREA":609.1943571622243,"owner_count":0.0,"top_owner":"","top_owner_state":"","top_operator":"","max_propensity_score":0.0,"field_name":"Unknown","production_trend":null},"geometry":{"type":"Polygon","coordinates":[[[-101.62813551859684,31.08514185471755],[-101.63740835835422,31.085206366635223],[-101.63726593046592,31.099098510476896],[-101.62793824047561,31.099028145105788],[-101.62047278771368,31.098971760774297],[-101.62056751865364,31.092079482989188],[-101.62061826628067,31.085089254115687],[-101.62813551859684,31.08514185471755]]]}},{"type":"Feature","properties":{"ABSTRACT_L":"B7--S16","ABSTRACT_N":"B7--S16","LEVEL1_SUR":null,"LEVEL2_BLO":"7","LEVEL3_SUR":"16","Surv_Sect":"16","SHAPE_AREA":620.6716066401999,"owner_count":0.0,"top_owner":"","top_owner_state":"","top_operator":"","max_propensity_score":0.0,"field_name":"Unknown","production_trend":null},"geometry":{"type":"Polygon","coordinates":[[[-101.65446822169412,31.085265453285075],[-101.65428808522515,31.099238587239395],[-101.64454910427693,31.099158719987802],[-101.63726593046592,31.099098510476896],[-101.63740835835422,31.085206366635223],[-101.65446822169412,31.085265453285075]]]}},{"type":"Feature","properties":{"ABSTRACT_L":"B7--S17","ABSTRACT_N":"B7--S17","LEVEL1_SUR":null,"LEVEL2_BLO":"7","LEVEL3_SUR":"17","Surv_Sect":"17","SHAPE_AREA":624.4474684313611,"owner_count":0.0,"top_owner":"","top_owner_state":"","top_operator":"","max_propensity_score":0.0,"field_name":"Unknown","production_trend":null},"geometry":{"type":"Polygon","coordinates":[[[-101.66656635554654,31.085267025769205],[-101.6715219243878,31.085267341958545],[-101.67129134571898,31.09935010098189],[-101.65428808522515,31.099238587239395],[-101.65446822169412,31.085265453285075],[-101.66656635554654,31.085267025769205]]]}},{"type":"Feature","properties":{"ABSTRACT_L":"B7--S18","ABSTRACT_N":"B7--S18","LEVEL1_SUR":null,"LEVEL2_BLO":"7","LEVEL3_SUR":"18","Surv_Sect":"18","SHAPE_AREA":255.48038358191215,"owner_count":5.0,"top_owner":"GRAY TERRY L","top_owner_state":"TX","top_operator":"TXP INCORPORATED","max_propensity_score":3.0,"field_name":"Unknown","production_trend":null},"geometry":{"type":"Polygon","coordinates":[[[-101.65454517497463,31.079506245522122],[-101.66982100841477,31.079541943992446],[-101.67153999040649,31.079546182415523],[-101.6715219243878,31.085267341958545],[-101.66656635554654,31.085267025769205],[-101.65446822169412,31.085265453285075],[-101.65454517497463,31.079506245522122]]]}},{"type":"Feature","properties":{"ABSTRACT_L":"B7--S19","ABSTRACT_N":"B7--S19","LEVEL1_SUR":null,"LEVEL2_BLO":"7","LEVEL3_SUR":"19","Surv_Sect":"19","SHAPE_AREA":256.2481849488526,"owner_count":0.0,"top_owner":"","top_owner_state":"","top_operator":"","max_propensity_score":0.0,"field_name":"Unknown","production_trend":null},"geometry":{"type":"Polygon","coordinates":[[[-101.65446822169412,31.085265453285075],[-101.63740835835422,31.085206366635223],[-101.63747499268706,31.079479806333868],[-101.65277796063867,31.07950199786486],[-101.65454517497463,31.079506245522122],[-101.65446822169412,31.085265453285075]]]}},{"type":"Feature","properties":{"ABSTRACT_L":"B7--S2","ABSTRACT_N":"B7--S2","LEVEL1_SUR":null,"LEVEL2_BLO":"7","LEVEL3_SUR":"2","Surv_Sect":"2","SHAPE_AREA":734.1521321249111,"owner_count":0.0,"top_owner":"","top_owner_state":"","top_operator":"","max_propensity_score":0.0,"field_name":"Unknown","production_trend":null},"geometry":{"type":"Polygon","coordinates":[[[-101.5943422639458,31.11307539253217],[-101.60278272026935,31.113213491342037],[-101.60258371199288,31.12978698261894],[-101.59459255524521,31.129556680643955],[-101.58547130080214,31.129437156759767],[-101.5858602919814,31.112936057588865],[-101.5943422639458,31.11307539253217]]]}},{"type":"Feature","properties":{"ABSTRACT_L":"B7--S20","ABSTRACT_N":"B7--S20","LEVEL1_SUR":null,"LEVEL2_BLO":"7","LEVEL3_SUR":"20","Surv_Sect":"20","SHAPE_AREA":249.35738236674925,"owner_count":0.0,"top_owner":"","top_owner_state":"","top_operator":"","max_propensity_score":0.0,"field_name":"Unknown","production_trend":null},"geometry":{"type":"Polygon","coordinates":[[[-101.62079054338923,31.07936821695278],[-101.62303093362299,31.079369958794732],[-101.62539794049772,31.079463055740653],[-101.63747499268706,31.079479806333868],[-101.63740835835422,31.085206366635223],[-101.62813551859684,31.08514185471755],[-101.62061826628067,31.085089254115687],[-101.62079054338923,31.07936821695278]]]}},{"type":"Feature","properties":{"ABSTRACT_L":"B7--S21","ABSTRACT_N":"B7--S21","LEVEL1_SUR":null,"LEVEL2_BLO":"7","LEVEL3_SUR":"21","Surv_Sect":"21","SHAPE_AREA":261.50487310663004,"owner_count":0.0,"top_owner":"","top_owner_state":"","top_operator":"","max_propensity_score":0.0,"field_name":"Unknown","production_trend":null},"geometry":{"type":"Polygon","coordinates":[[[-101.60312298143774,31.07935338667482],[-101.60959505649724,31.079358927641163],[-101.62079054338923,31.07936821695278],[-101.62061826628067,31.085089254115687],[-101.6113752496924,31.085032692261294],[-101.60303292353386,31.084981474835352],[-101.60312298143774,31.07935338667482]]]}},{"type":"Feature","properties":{"ABSTRACT_L":"B7--S22","ABSTRACT_N":"B7--S22","LEVEL1_SUR":null,"LEVEL2_BLO":"7","LEVEL3_SUR":"22","Surv_Sect":"22","SHAPE_AREA":247.14248276420284,"owner_count":0.0,"top_owner":"","top_owner_state":"","top_operator":"","max_propensity_score":0.0,"field_name":"Unknown","production_trend":null},"geometry":{"type":"Polygon","coordinates":[[[-101.58610599109309,31.084878211342726],[-101.58619337650897,31.079338270190764],[-101.59615901048821,31.079347060955854],[-101.60312298143774,31.07935338667482],[-101.60303292353386,31.084981474835352],[-101.59406321038763,31.084927031623685],[-101.58610599109309,31.084878211342726]]]}},{"type":"Feature","properties":{"ABSTRACT_L":"B7--S23","ABSTRACT_N":"B7--S23","LEVEL1_SUR":null,"LEVEL2_BLO":"7","LEVEL3_SUR":"23","Surv_Sect":"23","SHAPE_AREA":238.0656155111921,"owner_count":0.0,"top_owner":"","top_owner_state":"","top_operator":"","max_propensity_score":0.0,"field_name":"Unknown","production_trend":null},"geometry":{"type":"Polygon","coordinates":[[[-101.56947950379235,31.07933997587319],[-101.58272196285763,31.07933502731688],[-101.58619337650897,31.079338270190764],[-101.58610599109309,31.084878211342726],[-101.5781460894291,31.084793350665766],[-101.56941485114302,31.084699699643735],[-101.56947950379235,31.07933997587319]]]}},{"type":"Feature","properties":{"ABSTRACT_L":"B7--S3","ABSTRACT_N":"B7--S3","LEVEL1_SUR":null,"LEVEL2_BLO":"7","LEVEL3_SUR":"3","Surv_Sect":"3","SHAPE_AREA":755.3632054693388,"owner_count":0.0,"top_owner":"","top_owner_state":"","top_operator":"","max_propensity_score":0.0,"field_name":"Unknown","production_trend":null},"geometry":{"type":"Polygon","coordinates":[[[-101.6203393834024,31.113491229612567],[-101.62009091478471,31.129887794297264],[-101.60258371199288,31.12978698261894],[-101.60278272026935,31.113213491342037],[-101.6203393834024,31.113491229612567]]]}},{"type":"Feature","properties":{"ABSTRACT_L":"B7--S4","ABSTRACT_N":"B7--S4","LEVEL1_SUR":"ULS","LEVEL2_BLO":"7","LEVEL3_SUR":"4","Surv_Sect":"4","SHAPE_AREA":704.9868789052415,"owner_count":2.0,"top_owner":"UNIVERSITY OF TEXAS PUFF LANDS","top_owner_state":"TX","top_operator":"ZARVONA ENERGY LLC","max_propensity_score":1.0,"field_name":"Unknown","production_trend":null},"geometry":{"type":"Polygon","coordinates":[[[-101.62788999645328,31.113496496330722],[-101.63696711576814,31.113502237576103],[-101.63675915937311,31.129500662781115],[-101.62776583939954,31.129729769933068],[-101.62009091478471,31.129887794297264],[-101.6203393834024,31.113491229612567],[-101.62788999645328,31.113496496330722]]]}},{"type":"Feature","properties":{"ABSTRACT_L":"B7--S5","ABSTRACT_N":"B7--S5","LEVEL1_SUR":null,"LEVEL2_BLO":"7","LEVEL3_SUR":"5","Surv_Sect":"5","SHAPE_AREA":705.0166769813826,"owner_count":4.0,"top_owner":"UNIVERSITY OF TEXAS PUFF LANDS","top_owner_state":"TX","top_operator":"APACHE CORPORATION","max_propensity_score":1.0,"field_name":"Unknown","production_trend":null},"geometry":{"type":"Polygon","coordinates":[[[-101.64456363452665,31.11350257443682],[-101.65407536236924,31.11350236524477],[-101.65405321081265,31.12149114056197],[-101.65394906283355,31.1251628470542],[-101.65385295567457,31.12897838760485],[-101.64468237653585,31.129262240655034],[-101.63675915937311,31.129500662781115],[-101.63696711576814,31.113502237576103],[-101.64456363452665,31.11350257443682]]]}},{"type":"Feature","properties":{"ABSTRACT_L":"B7--S6","ABSTRACT_N":"B7--S6","LEVEL1_SUR":null,"LEVEL2_BLO":"7","LEVEL3_SUR":"6","Surv_Sect":"6","SHAPE_AREA":635.1166319215569,"owner_count":4.0,"top_owner":"UNIVERSITY OF TEXAS PUFF LANDS","top_owner_state":"TX","top_operator":"APACHE CORPORATION","max_propensity_score":3.0,"field_name":"Unknown","production_trend":null},"geometry":{"type":"Polygon","coordinates":[[[-101.67129134571898,31.09935010098189],[-101.671121446451,31.10765290753088],[-101.67109749287394,31.113698716396573],[-101.66244649031242,31.11359920804253],[-101.65407536236924,31.11350236524477],[-101.65428808522515,31.099238587239395],[-101.67129134571898,31.09935010098189]]]}},{"type":"Feature","properties":{"ABSTRACT_L":"B7--S7","ABSTRACT_N":"B7--S7","LEVEL1_SUR":null,"LEVEL2_BLO":"7","LEVEL3_SUR":"7","Surv_Sect":"7","SHAPE_AREA":639.3582189280049,"owner_count":0.0,"top_owner":"","top_owner_state":"","top_operator":"","max_propensity_score":0.0,"field_name":"Unknown","production_trend":null},"geometry":{"type":"Polygon","coordinates":[[[-101.64454910427693,31.099158719987802],[-101.65428808522515,31.099238587239395],[-101.65407536236924,31.11350236524477],[-101.64456363452665,31.11350257443682],[-101.63696711576814,31.113502237576103],[-101.63726593046592,31.099098510476896],[-101.64454910427693,31.099158719987802]]]}},{"type":"Feature","properties":{"ABSTRACT_L":"B7--S8","ABSTRACT_N":"B7--S8","LEVEL1_SUR":null,"LEVEL2_BLO":"7","LEVEL3_SUR":"8","Surv_Sect":"8","SHAPE_AREA":631.6490892164934,"owner_count":0.0,"top_owner":"","top_owner_state":"","top_operator":"","max_propensity_score":0.0,"field_name":"Unknown","production_trend":null},"geometry":{"type":"Polygon","coordinates":[[[-101.62793824047561,31.099028145105788],[-101.63726593046592,31.099098510476896],[-101.63696711576814,31.113502237576103],[-101.62788999645328,31.113496496330722],[-101.6203393834024,31.113491229612567],[-101.62047278771368,31.098971760774297],[-101.62793824047561,31.099028145105788]]]}},{"type":"Feature","properties":{"ABSTRACT_L":"B7--S9","ABSTRACT_N":"B7--S9","LEVEL1_SUR":null,"LEVEL2_BLO":"7","LEVEL3_SUR":"9","Surv_Sect":"9","SHAPE_AREA":666.0011025434387,"owner_count":0.0,"top_owner":"","top_owner_state":"","top_operator":"","max_propensity_score":0.0,"field_name":"Unknown","production_trend":null},"geometry":{"type":"Polygon","coordinates":[[[-101.61143647077732,31.09882692068677],[-101.62047278771368,31.098971760774297],[-101.6203393834024,31.113491229612567],[-101.60278272026935,31.113213491342037],[-101.60294034675394,31.098688550959913],[-101.61143647077732,31.09882692068677]]]}},{"type":"Feature","properties":{"ABSTRACT_L":"B8--S1","ABSTRACT_N":"B8--S1","LEVEL1_SUR":"UL","LEVEL2_BLO":"8","LEVEL3_SUR":"1","Surv_Sect":"1","SHAPE_AREA":614.3801551611505,"owner_count":5.0,"top_owner":"DIAMONDBACK E&P LLC  WI","top_owner_state":"OK","top_operator":"DIAMONDBACK E&P LLC","max_propensity_score":6.0,"field_name":"Unknown","production_trend":null},"geometry":{"type":"Polygon","coordinates":[[[-101.66119823720769,31.20101354297853],[-101.67020083228657,31.201054490631304],[-101.67001313829108,31.21484313153761],[-101.65307677533647,31.214932065991984],[-101.65320997662849,31.200999062883497],[-101.65321022456351,31.200976877483445],[-101.66119823720769,31.20101354297853]]]}},{"type":"Feature","properties":{"ABSTRACT_L":"B8--S10","ABSTRACT_N":"B8--S10","LEVEL1_SUR":null,"LEVEL2_BLO":"8","LEVEL3_SUR":"10","Surv_Sect":"10","SHAPE_AREA":618.81249412643,"owner_count":0.0,"top_owner":"","top_owner_state":"","top_operator":"","max_propensity_score":0.0,"field_name":"Unknown","production_trend":null},"geometry":{"type":"Polygon","coordinates":[[[-101.62540679429317,31.200688469882845],[-101.62019421834744,31.20067616118363],[-101.62004262494828,31.186071641043643],[-101.62746852848153,31.18614651288439],[-101.63642781847551,31.18613751683133],[-101.63634447637672,31.200712857530508],[-101.62664910863556,31.200691286768265],[-101.62540679429317,31.200688469882845]]]}},{"type":"Feature","properties":{"ABSTRACT_L":"B8--S11","ABSTRACT_N":"B8--S11","LEVEL1_SUR":null,"LEVEL2_BLO":"8","LEVEL3_SUR":"11","Surv_Sect":"11","SHAPE_AREA":645.7343719195462,"owner_count":0.0,"top_owner":"","top_owner_state":"","top_operator":"","max_propensity_score":0.0,"field_name":"Unknown","production_trend":null},"geometry":{"type":"Polygon","coordinates":[[[-101.64415624764699,31.186222345289202],[-101.65337494145064,31.186283483180972],[-101.65321022456351,31.200976877483445],[-101.64406645115288,31.200834103364084],[-101.63634447637672,31.200712857530508],[-101.63642781847551,31.18613751683133],[-101.64415624764699,31.186222345289202]]]}},{"type":"Feature","properties":{"ABSTRACT_L":"B8--S12","ABSTRACT_N":"B8--S12","LEVEL1_SUR":null,"LEVEL2_BLO":"8","LEVEL3_SUR":"12","Surv_Sect":"12","SHAPE_AREA":659.1035491558241,"owner_count":0.0,"top_owner":"","top_owner_state":"","top_operator":"","max_propensity_score":0.0,"field_name":"Unknown","production_trend":null},"geometry":{"type":"Polygon","coordinates":[[[-101.65337494145064,31.186283483180972],[-101.6613539727386,31.18612772461203],[-101.67040007232838,31.186167976298407],[-101.67020083228657,31.201054490631304],[-101.66119823720769,31.20101354297853],[-101.65321022456351,31.200976877483445],[-101.65337494145064,31.186283483180972]]]}},{"type":"Feature","properties":{"ABSTRACT_L":"B8--S13","ABSTRACT_N":"B8--S13","LEVEL1_SUR":null,"LEVEL2_BLO":"8","LEVEL3_SUR":"13","Surv_Sect":"13","SHAPE_AREA":636.1116692838111,"owner_count":0.0,"top_owner":"","top_owner_state":"","top_operator":"","max_propensity_score":0.0,"field_name":"Unknown","production_trend":null},"geometry":{"type":"Polygon","coordinates":[[[-101.65346305001033,31.179396212565965],[-101.65356154129807,31.171726721386868],[-101.66156777806442,31.171895894458203],[-101.67061948583653,31.171998698189856],[-101.67050277491818,31.17954640635958],[-101.67040007232838,31.186167976298407],[-101.6613539727386,31.18612772461203],[-101.65337494145064,31.186283483180972],[-101.65346305001033,31.179396212565965]]]}},{"type":"Feature","properties":{"ABSTRACT_L":"B8--S14","ABSTRACT_N":"B8--S14","LEVEL1_SUR":null,"LEVEL2_BLO":"8","LEVEL3_SUR":"14","Surv_Sect":"14","SHAPE_AREA":650.4837789547653,"owner_count":0.0,"top_owner":"","top_owner_state":"","top_operator":"","max_propensity_score":0.0,"field_name":"Unknown","production_trend":null},"geometry":{"type":"Polygon","coordinates":[[[-101.636595288699,31.171425927520918],[-101.64419026505017,31.171475049165096],[-101.65356154129807,31.171726721386868],[-101.65346305001033,31.179396212565965],[-101.65337494145064,31.186283483180972],[-101.64415624764699,31.186222345289202],[-101.63642781847551,31.18613751683133],[-101.63650605544856,31.1792159096069],[-101.636595288699,31.171425927520918]]]}},{"type":"Feature","properties":{"ABSTRACT_L":"B8--S15","ABSTRACT_N":"B8--S15","LEVEL1_SUR":null,"LEVEL2_BLO":"8","LEVEL3_SUR":"15","Surv_Sect":"15","SHAPE_AREA":633.4350640393982,"owner_count":0.0,"top_owner":"","top_owner_state":"","top_operator":"","max_propensity_score":0.0,"field_name":"Unknown","production_trend":null},"geometry":{"type":"Polygon","coordinates":[[[-101.62734397077918,31.17141284793441],[-101.636595288699,31.171425927520918],[-101.63650605544856,31.1792159096069],[-101.63642781847551,31.18613751683133],[-101.62746852848153,31.18614651288439],[-101.62004262494828,31.186071641043643],[-101.61999254207457,31.171437801142904],[-101.62540697395623,31.17141935198714],[-101.62734397077918,31.17141284793441]]]}},{"type":"Feature","properties":{"ABSTRACT_L":"B8--S16","ABSTRACT_N":"B8--S16","LEVEL1_SUR":null,"LEVEL2_BLO":"8","LEVEL3_SUR":"16","Surv_Sect":"16","SHAPE_AREA":645.9547259626173,"owner_count":0.0,"top_owner":"","top_owner_state":"","top_operator":"","max_propensity_score":0.0,"field_name":"Unknown","production_trend":null},"geometry":{"type":"Polygon","coordinates":[[[-101.61492818365915,31.17142547941615],[-101.61999254207457,31.171437801142904],[-101.62004262494828,31.186071641043643],[-101.60304521069033,31.185841580331296],[-101.60287310695661,31.17150981607347],[-101.61492818365915,31.17142547941615]]]}},{"type":"Feature","properties":{"ABSTRACT_L":"B8--S17","ABSTRACT_N":"B8--S17","LEVEL1_SUR":null,"LEVEL2_BLO":"8","LEVEL3_SUR":"17","Surv_Sect":"17","SHAPE_AREA":620.8839647115436,"owner_count":0.0,"top_owner":"","top_owner_state":"","top_operator":"","max_propensity_score":0.0,"field_name":"Unknown","production_trend":null},"geometry":{"type":"Polygon","coordinates":[[[-101.60287310695661,31.17150981607347],[-101.60304521069033,31.185841580331296],[-101.58619825705591,31.18572611133464],[-101.58596216901947,31.171891597131875],[-101.60287310695661,31.17150981607347]]]}},{"type":"Feature","properties":{"ABSTRACT_L":"A-924","ABSTRACT_N":"924","LEVEL1_SUR":"L&SV/MOORE","LEVEL2_BLO":"8","LEVEL3_SUR":"18","Surv_Sect":"18","SHAPE_AREA":596.1917762292901,"owner_count":22.0,"top_owner":"PIONEER NATURAL RES INC WI","top_owner_state":"TX","top_operator":"PIONEER NAT RES USA","max_propensity_score":1.0,"field_name":"Unknown","production_trend":null},"geometry":{"type":"Polygon","coordinates":[[[-101.58596216901947,31.171891597131875],[-101.58619825705591,31.18572611133464],[-101.56934091710019,31.185593489194535],[-101.5691814805103,31.17228543924557],[-101.58596216901947,31.171891597131875]]]}},{"type":"Feature","properties":{"ABSTRACT_L":"B8--S19","ABSTRACT_N":"B8--S19","LEVEL1_SUR":null,"LEVEL2_BLO":"8","LEVEL3_SUR":"19","Surv_Sect":"19","SHAPE_AREA":678.153913448322,"owner_count":0.0,"top_owner":"","top_owner_state":"","top_operator":"","max_propensity_score":0.0,"field_name":"Unknown","production_trend":null},"geometry":{"type":"Polygon","coordinates":[[[-101.58585926969863,31.156633251661596],[-101.58596216901947,31.171891597131875],[-101.5691814805103,31.17228543924557],[-101.56919939291708,31.156489255245866],[-101.58585926969863,31.156633251661596]]]}},{"type":"Feature","properties":{"ABSTRACT_L":"B8--S2","ABSTRACT_N":"B8--S2","LEVEL1_SUR":null,"LEVEL2_BLO":"8","LEVEL3_SUR":"2","Surv_Sect":"2","SHAPE_AREA":623.1755853660245,"owner_count":0.0,"top_owner":"","top_owner_state":"","top_operator":"","max_propensity_score":0.0,"field_name":"Unknown","production_trend":null},"geometry":{"type":"Polygon","coordinates":[[[-101.64406645115288,31.200834103364084],[-101.65321022456351,31.200976877483445],[-101.65320997662849,31.200999062883497],[-101.65307677533647,31.214932065991984],[-101.64397959214973,31.21499022059828],[-101.63618592283076,31.215039530907042],[-101.63634447637672,31.200712857530508],[-101.64406645115288,31.200834103364084]]]}},{"type":"Feature","properties":{"ABSTRACT_L":"B8--S20","ABSTRACT_N":"B8--S20","LEVEL1_SUR":null,"LEVEL2_BLO":"8","LEVEL3_SUR":"20","Surv_Sect":"20","SHAPE_AREA":662.2625992375639,"owner_count":0.0,"top_owner":"","top_owner_state":"","top_operator":"","max_propensity_score":0.0,"field_name":"Unknown","production_trend":null},"geometry":{"type":"Polygon","coordinates":[[[-101.60275426253946,31.156770136266545],[-101.60287310695661,31.17150981607347],[-101.58596216901947,31.171891597131875],[-101.58585926969863,31.156633251661596],[-101.60275426253946,31.156770136266545]]]}},{"type":"Feature","properties":{"ABSTRACT_L":"B8--S21","ABSTRACT_N":"B8--S21","LEVEL1_SUR":null,"LEVEL2_BLO":"8","LEVEL3_SUR":"21","Surv_Sect":"21","SHAPE_AREA":658.6790773252318,"owner_count":0.0,"top_owner":"","top_owner_state":"","top_operator":"","max_propensity_score":0.0,"field_name":"Unknown","production_trend":null},"geometry":{"type":"Polygon","coordinates":[[[-101.61999254207457,31.171437801142904],[-101.61492818365915,31.17142547941615],[-101.60287310695661,31.17150981607347],[-101.60275426253946,31.156770136266545],[-101.60673583752549,31.156782353044935],[-101.62003535937428,31.156822262047992],[-101.61999254207457,31.171437801142904]]]}},{"type":"Feature","properties":{"ABSTRACT_L":"B8--S22","ABSTRACT_N":"B8--S22","LEVEL1_SUR":null,"LEVEL2_BLO":"8","LEVEL3_SUR":"22","Surv_Sect":"22","SHAPE_AREA":628.9651046557682,"owner_count":0.0,"top_owner":"","top_owner_state":"","top_operator":"","max_propensity_score":0.0,"field_name":"Unknown","production_trend":null},"geometry":{"type":"Polygon","coordinates":[[[-101.62540697395623,31.17141935198714],[-101.61999254207457,31.171437801142904],[-101.62003535937428,31.156822262047992],[-101.62723444907807,31.156928210126154],[-101.63669641294885,31.157066988468774],[-101.63664166512386,31.164853472532236],[-101.636595288699,31.171425927520918],[-101.62734397077918,31.17141284793441],[-101.62540697395623,31.17141935198714]]]}},{"type":"Feature","properties":{"ABSTRACT_L":"B8--S23","ABSTRACT_N":"B8--S23","LEVEL1_SUR":null,"LEVEL2_BLO":"8","LEVEL3_SUR":"23","Surv_Sect":"23","SHAPE_AREA":636.1066313172392,"owner_count":0.0,"top_owner":"","top_owner_state":"","top_operator":"","max_propensity_score":0.0,"field_name":"Unknown","production_trend":null},"geometry":{"type":"Polygon","coordinates":[[[-101.64431895051125,31.157184826287732],[-101.6537014080895,31.15732924829346],[-101.65356154129807,31.171726721386868],[-101.64419026505017,31.171475049165096],[-101.636595288699,31.171425927520918],[-101.63664166512386,31.164853472532236],[-101.63669641294885,31.157066988468774],[-101.64431895051125,31.157184826287732]]]}},{"type":"Feature","properties":{"ABSTRACT_L":"B8--S24","ABSTRACT_N":"B8--S24","LEVEL1_SUR":null,"LEVEL2_BLO":"8","LEVEL3_SUR":"24","Surv_Sect":"24","SHAPE_AREA":642.8860145699565,"owner_count":0.0,"top_owner":"","top_owner_state":"","top_operator":"","max_propensity_score":0.0,"field_name":"Unknown","production_trend":null},"geometry":{"type":"Polygon","coordinates":[[[-101.67061948583653,31.171998698189856],[-101.66156777806442,31.171895894458203],[-101.65356154129807,31.171726721386868],[-101.6537014080895,31.15732924829346],[-101.66148133587959,31.157453813730214],[-101.67077988182713,31.157602076674515],[-101.67061948583653,31.171998698189856]]]}},{"type":"Feature","properties":{"ABSTRACT_L":"B8--S25","ABSTRACT_N":"B8--S25","LEVEL1_SUR":null,"LEVEL2_BLO":"8","LEVEL3_SUR":"25","Surv_Sect":"25","SHAPE_AREA":652.8481661384329,"owner_count":0.0,"top_owner":"","top_owner_state":"","top_operator":"","max_propensity_score":0.0,"field_name":"Unknown","production_trend":null},"geometry":{"type":"Polygon","coordinates":[[[-101.66140482277356,31.14288541629658],[-101.6710175158642,31.143025124748046],[-101.67077988182713,31.157602076674515],[-101.66148133587959,31.157453813730214],[-101.6537014080895,31.15732924829346],[-101.65378890848974,31.14277421741445],[-101.66140482277356,31.14288541629658]]]}},{"type":"Feature","properties":{"ABSTRACT_L":"B8--S26","ABSTRACT_N":"B8--S26","LEVEL1_SUR":null,"LEVEL2_BLO":"8","LEVEL3_SUR":"26","Surv_Sect":"26","SHAPE_AREA":644.5028476995182,"owner_count":0.0,"top_owner":"","top_owner_state":"","top_operator":"","max_propensity_score":0.0,"field_name":"Unknown","production_trend":null},"geometry":{"type":"Polygon","coordinates":[[[-101.6444498673875,31.142660794112764],[-101.65378890848974,31.14277421741445],[-101.6537014080895,31.15732924829346],[-101.64431895051125,31.157184826287732],[-101.63669641294885,31.157066988468774],[-101.63683265324147,31.14256777987684],[-101.6444498673875,31.142660794112764]]]}},{"type":"Feature","properties":{"ABSTRACT_L":"B8--S27","ABSTRACT_N":"B8--S27","LEVEL1_SUR":null,"LEVEL2_BLO":"8","LEVEL3_SUR":"27","Surv_Sect":"27","SHAPE_AREA":633.0272758096864,"owner_count":0.0,"top_owner":"","top_owner_state":"","top_operator":"","max_propensity_score":0.0,"field_name":"Unknown","production_trend":null},"geometry":{"type":"Polygon","coordinates":[[[-101.62751704379507,31.14246224630543],[-101.63683265324147,31.14256777987684],[-101.63669641294885,31.157066988468774],[-101.62723444907807,31.156928210126154],[-101.62003535937428,31.156822262047992],[-101.62000908814377,31.142376722823535],[-101.62751704379507,31.14246224630543]]]}},{"type":"Feature","properties":{"ABSTRACT_L":"B8--S28","ABSTRACT_N":"B8--S28","LEVEL1_SUR":null,"LEVEL2_BLO":"8","LEVEL3_SUR":"28","Surv_Sect":"28","SHAPE_AREA":656.3843547632142,"owner_count":0.0,"top_owner":"","top_owner_state":"","top_operator":"","max_propensity_score":0.0,"field_name":"Unknown","production_trend":null},"geometry":{"type":"Polygon","coordinates":[[[-101.60673583752549,31.156782353044935],[-101.60275426253946,31.156770136266545],[-101.60273424178673,31.15347863033774],[-101.6026050299129,31.142227827130245],[-101.62000908814377,31.142376722823535],[-101.62003535937428,31.156822262047992],[-101.60673583752549,31.156782353044935]]]}},{"type":"Feature","properties":{"ABSTRACT_L":"B8--S29","ABSTRACT_N":"B8--S29","LEVEL1_SUR":null,"LEVEL2_BLO":"8","LEVEL3_SUR":"29","Surv_Sect":"29","SHAPE_AREA":643.4044082741794,"owner_count":0.0,"top_owner":"","top_owner_state":"","top_operator":"","max_propensity_score":0.0,"field_name":"Unknown","production_trend":null},"geometry":{"type":"Polygon","coordinates":[[[-101.6026050299129,31.142227827130245],[-101.60273424178673,31.15347863033774],[-101.60275426253946,31.156770136266545],[-101.58585926969863,31.156633251661596],[-101.58569384314241,31.142043702176778],[-101.6026050299129,31.142227827130245]]]}},{"type":"Feature","properties":{"ABSTRACT_L":"B8--S3","ABSTRACT_N":"B8--S3","LEVEL1_SUR":null,"LEVEL2_BLO":"8","LEVEL3_SUR":"3","Surv_Sect":"3","SHAPE_AREA":603.0467623672587,"owner_count":0.0,"top_owner":"","top_owner_state":"","top_operator":"","max_propensity_score":0.0,"field_name":"Unknown","production_trend":null},"geometry":{"type":"Polygon","coordinates":[[[-101.62022087495518,31.215118056736937],[-101.62019421834744,31.20067616118363],[-101.62540679429317,31.200688469882845],[-101.62664910863556,31.200691286768265],[-101.63634447637672,31.200712857530508],[-101.63618592283076,31.215039530907042],[-101.62665548757238,31.21508676457183],[-101.62540679788641,31.21509289992978],[-101.62022087495518,31.215118056736937]]]}},{"type":"Feature","properties":{"ABSTRACT_L":"B8--S30","ABSTRACT_N":"B8--S30","LEVEL1_SUR":null,"LEVEL2_BLO":"8","LEVEL3_SUR":"30","Surv_Sect":"30","SHAPE_AREA":636.621174537606,"owner_count":0.0,"top_owner":"","top_owner_state":"","top_operator":"","max_propensity_score":0.0,"field_name":"Unknown","production_trend":null},"geometry":{"type":"Polygon","coordinates":[[[-101.57778405848812,31.14194778951022],[-101.58569384314241,31.142043702176778],[-101.58585926969863,31.156633251661596],[-101.56919939291708,31.156489255245866],[-101.56901112130488,31.141840843624117],[-101.57778405848812,31.14194778951022]]]}},{"type":"Feature","properties":{"ABSTRACT_L":"B8--S31","ABSTRACT_N":"B8--S31","LEVEL1_SUR":null,"LEVEL2_BLO":"8","LEVEL3_SUR":"31","Surv_Sect":"31","SHAPE_AREA":550.3326574284637,"owner_count":0.0,"top_owner":"","top_owner_state":"","top_operator":"","max_propensity_score":0.0,"field_name":"Unknown","production_trend":null},"geometry":{"type":"Polygon","coordinates":[[[-101.57753230023987,31.12923455037517],[-101.58547130080214,31.129437156759767],[-101.58569384314241,31.142043702176778],[-101.57778405848812,31.14194778951022],[-101.56901112130488,31.141840843624117],[-101.56891729317178,31.129167247812802],[-101.57753230023987,31.12923455037517]]]}},{"type":"Feature","properties":{"ABSTRACT_L":"B8--S32","ABSTRACT_N":"B8--S32","LEVEL1_SUR":null,"LEVEL2_BLO":"8","LEVEL3_SUR":"32","Surv_Sect":"32","SHAPE_AREA":558.0804934478341,"owner_count":0.0,"top_owner":"","top_owner_state":"","top_operator":"","max_propensity_score":0.0,"field_name":"Unknown","production_trend":null},"geometry":{"type":"Polygon","coordinates":[[[-101.58569384314241,31.142043702176778],[-101.58547130080214,31.129437156759767],[-101.59459255524521,31.129556680643955],[-101.60258371199288,31.12978698261894],[-101.6026050299129,31.142227827130245],[-101.58569384314241,31.142043702176778]]]}},{"type":"Feature","properties":{"ABSTRACT_L":"B8--S33","ABSTRACT_N":"B8--S33","LEVEL1_SUR":null,"LEVEL2_BLO":"8","LEVEL3_SUR":"33","Surv_Sect":"33","SHAPE_AREA":568.5113114790729,"owner_count":2.0,"top_owner":"TROJAN OIL COMPANY LLC","top_owner_state":"TX","top_operator":"TROJAN OIL COMPANY","max_propensity_score":2.0,"field_name":"Unknown","production_trend":null},"geometry":{"type":"Polygon","coordinates":[[[-101.62009091478471,31.129887794297264],[-101.62000908814377,31.142376722823535],[-101.6026050299129,31.142227827130245],[-101.60258371199288,31.12978698261894],[-101.62009091478471,31.129887794297264]]]}},{"type":"Feature","properties":{"ABSTRACT_L":"B8--S34","ABSTRACT_N":"B8--S34","LEVEL1_SUR":null,"LEVEL2_BLO":"8","LEVEL3_SUR":"34","Surv_Sect":"34","SHAPE_AREA":558.6516900724275,"owner_count":0.0,"top_owner":"","top_owner_state":"","top_operator":"","max_propensity_score":0.0,"field_name":"Unknown","production_trend":null},"geometry":{"type":"Polygon","coordinates":[[[-101.62009091478471,31.129887794297264],[-101.62776583939954,31.129729769933068],[-101.63675915937311,31.129500662781115],[-101.63683265324147,31.14256777987684],[-101.62751704379507,31.14246224630543],[-101.62000908814377,31.142376722823535],[-101.62009091478471,31.129887794297264]]]}},{"type":"Feature","properties":{"ABSTRACT_L":"B8--S35","ABSTRACT_N":"B8--S35","LEVEL1_SUR":null,"LEVEL2_BLO":"8","LEVEL3_SUR":"35","Surv_Sect":"35","SHAPE_AREA":597.4014608785722,"owner_count":0.0,"top_owner":"","top_owner_state":"","top_operator":"","max_propensity_score":0.0,"field_name":"Unknown","production_trend":null},"geometry":{"type":"Polygon","coordinates":[[[-101.65385295567457,31.12897838760485],[-101.65378890848974,31.14277421741445],[-101.6444498673875,31.142660794112764],[-101.63683265324147,31.14256777987684],[-101.63675915937311,31.129500662781115],[-101.64468237653585,31.129262240655034],[-101.65385295567457,31.12897838760485]]]}},{"type":"Feature","properties":{"ABSTRACT_L":"B8--S4","ABSTRACT_N":"B8--S4","LEVEL1_SUR":null,"LEVEL2_BLO":"8","LEVEL3_SUR":"4","Surv_Sect":"4","SHAPE_AREA":645.1594527101238,"owner_count":0.0,"top_owner":"","top_owner_state":"","top_operator":"","max_propensity_score":0.0,"field_name":"Unknown","production_trend":null},"geometry":{"type":"Polygon","coordinates":[[[-101.62022087495518,31.215118056736937],[-101.60322913625316,31.21505399118243],[-101.60313263922535,31.200469222043246],[-101.62019421834744,31.20067616118363],[-101.62022087495518,31.215118056736937]]]}},{"type":"Feature","properties":{"ABSTRACT_L":"B8--S5","ABSTRACT_N":"B8--S5","LEVEL1_SUR":null,"LEVEL2_BLO":"8","LEVEL3_SUR":"5","Surv_Sect":"5","SHAPE_AREA":645.0624930722778,"owner_count":1.0,"top_owner":"SAHARA OPERATING CO","top_owner_state":"TX","top_operator":"SAHARA OPERATING COM","max_propensity_score":1.0,"field_name":"Unknown","production_trend":null},"geometry":{"type":"Polygon","coordinates":[[[-101.59354336880743,31.200387111065883],[-101.60313263922535,31.200469222043246],[-101.60322913625316,31.21505399118243],[-101.59336080868383,31.214967808768684],[-101.58607516091254,31.214903693943384],[-101.58640106251107,31.20032548821431],[-101.59354336880743,31.200387111065883]]]}},{"type":"Feature","properties":{"ABSTRACT_L":"B8--S6","ABSTRACT_N":"B8--S6","LEVEL1_SUR":null,"LEVEL2_BLO":"8","LEVEL3_SUR":"6","Surv_Sect":"6","SHAPE_AREA":635.7060887647333,"owner_count":0.0,"top_owner":"","top_owner_state":"","top_operator":"","max_propensity_score":0.0,"field_name":"Unknown","production_trend":null},"geometry":{"type":"Polygon","coordinates":[[[-101.58640106251107,31.20032548821431],[-101.58607516091254,31.214903693943384],[-101.57675104531873,31.214807517014282],[-101.56956835525878,31.21473296594052],[-101.56947947324961,31.20017843166888],[-101.58640106251107,31.20032548821431]]]}},{"type":"Feature","properties":{"ABSTRACT_L":"B8--S7","ABSTRACT_N":"B8--S7","LEVEL1_SUR":null,"LEVEL2_BLO":"8","LEVEL3_SUR":"7","Surv_Sect":"7","SHAPE_AREA":643.4954569492504,"owner_count":0.0,"top_owner":"","top_owner_state":"","top_operator":"","max_propensity_score":0.0,"field_name":"Unknown","production_trend":null},"geometry":{"type":"Polygon","coordinates":[[[-101.58619825705591,31.18572611133464],[-101.58640106251107,31.20032548821431],[-101.56947947324961,31.20017843166888],[-101.56934091710019,31.185593489194535],[-101.58619825705591,31.18572611133464]]]}},{"type":"Feature","properties":{"ABSTRACT_L":"B8--S8","ABSTRACT_N":"B8--S8","LEVEL1_SUR":null,"LEVEL2_BLO":"8","LEVEL3_SUR":"8","Surv_Sect":"8","SHAPE_AREA":640.6248709298834,"owner_count":0.0,"top_owner":"","top_owner_state":"","top_operator":"","max_propensity_score":0.0,"field_name":"Unknown","production_trend":null},"geometry":{"type":"Polygon","coordinates":[[[-101.60304521069033,31.185841580331296],[-101.60313263922535,31.200469222043246],[-101.59354336880743,31.200387111065883],[-101.58640106251107,31.20032548821431],[-101.58619825705591,31.18572611133464],[-101.60304521069033,31.185841580331296]]]}},{"type":"Feature","properties":{"ABSTRACT_L":"B8--S9","ABSTRACT_N":"B8--S9","LEVEL1_SUR":null,"LEVEL2_BLO":"8","LEVEL3_SUR":"9","Surv_Sect":"9","SHAPE_AREA":649.8870575727926,"owner_count":0.0,"top_owner":"","top_owner_state":"","top_operator":"","max_propensity_score":0.0,"field_name":"Unknown","production_trend":null},"geometry":{"type":"Polygon","coordinates":[[[-101.62004262494828,31.186071641043643],[-101.62019421834744,31.20067616118363],[-101.60313263922535,31.200469222043246],[-101.60304521069033,31.185841580331296],[-101.62004262494828,31.186071641043643]]]}},{"type":"Feature","properties":{"ABSTRACT_L":"B9--S1","ABSTRACT_N":"B9--S1","LEVEL1_SUR":null,"LEVEL2_BLO":"9","LEVEL3_SUR":"1","Surv_Sect":"1","SHAPE_AREA":616.7759612295496,"owner_count":0.0,"top_owner":"","top_owner_state":"","top_operator":"","max_propensity_score":0.0,"field_name":"Unknown","production_trend":null},"geometry":{"type":"Polygon","coordinates":[[[-101.66087725747856,31.28812443733853],[-101.66927059716545,31.28827081426426],[-101.66921105054021,31.30241654655294],[-101.66050180660557,31.30229299488111],[-101.65252904555828,31.302179372915518],[-101.65258850774188,31.28797934449963],[-101.66087725747856,31.28812443733853]]]}},{"type":"Feature","properties":{"ABSTRACT_L":"B9--S10","ABSTRACT_N":"B9--S10","LEVEL1_SUR":"UL","LEVEL2_BLO":"9","LEVEL3_SUR":"10","Surv_Sect":"10","SHAPE_AREA":632.837379438432,"owner_count":4.0,"top_owner":"PERMIAN RESOURCES OPER LLC WI","top_owner_state":"TX","top_operator":"PERMIAN RESOURCES OP","max_propensity_score":1.0,"field_name":"Unknown","production_trend":null},"geometry":{"type":"Polygon","coordinates":[[[-101.61884259879791,31.273020784064695],[-101.6268171879168,31.27317641329344],[-101.63571710466039,31.273349206989703],[-101.63566077849543,31.280741239608993],[-101.63555594240684,31.28767337170907],[-101.62673716958454,31.287524514265478],[-101.61864764192337,31.287389597586234],[-101.61884259879791,31.273020784064695]]]}},{"type":"Feature","properties":{"ABSTRACT_L":"B9--S11","ABSTRACT_N":"B9--S11","LEVEL1_SUR":"UL","LEVEL2_BLO":"9","LEVEL3_SUR":"11","Surv_Sect":"11","SHAPE_AREA":637.4941679592782,"owner_count":10.0,"top_owner":"PIONEER NATURAL RES INC WI","top_owner_state":"TX","top_operator":"SEM OPERATING CO LLC","max_propensity_score":2.0,"field_name":"Unknown","production_trend":null},"geometry":{"type":"Polygon","coordinates":[[[-101.65256102378576,31.273428937384633],[-101.65258850774188,31.28797934449963],[-101.6435463930787,31.287816126687925],[-101.63555594240684,31.28767337170907],[-101.63566077849543,31.280741239608993],[-101.63571710466039,31.273349206989703],[-101.64371275118783,31.273387330847612],[-101.65256102378576,31.273428937384633]]]}},{"type":"Feature","properties":{"ABSTRACT_L":"B9--S12","ABSTRACT_N":"B9--S12","LEVEL1_SUR":null,"LEVEL2_BLO":"9","LEVEL3_SUR":"12","Surv_Sect":"12","SHAPE_AREA":638.4421488078568,"owner_count":0.0,"top_owner":"","top_owner_state":"","top_operator":"","max_propensity_score":0.0,"field_name":"Unknown","production_trend":null},"geometry":{"type":"Polygon","coordinates":[[[-101.66082926498451,31.27353060190937],[-101.66941643505858,31.27363562155862],[-101.66927059716545,31.28827081426426],[-101.66087725747856,31.28812443733853],[-101.65258850774188,31.28797934449963],[-101.65256102378576,31.273428937384633],[-101.66082926498451,31.27353060190937]]]}},{"type":"Feature","properties":{"ABSTRACT_L":"B9--S13","ABSTRACT_N":"B9--S13","LEVEL1_SUR":null,"LEVEL2_BLO":"9","LEVEL3_SUR":"13","Surv_Sect":"13","SHAPE_AREA":637.9883172337561,"owner_count":0.0,"top_owner":"","top_owner_state":"","top_operator":"","max_propensity_score":0.0,"field_name":"Unknown","production_trend":null},"geometry":{"type":"Polygon","coordinates":[[[-101.66078178902174,31.259037298155473],[-101.66950286287037,31.25915312301561],[-101.66941643505858,31.27363562155862],[-101.66082926498451,31.27353060190937],[-101.65256102378576,31.273428937384633],[-101.6526156620163,31.258928305996772],[-101.66078178902174,31.259037298155473]]]}},{"type":"Feature","properties":{"ABSTRACT_L":"B9--S14","ABSTRACT_N":"B9--S14","LEVEL1_SUR":null,"LEVEL2_BLO":"9","LEVEL3_SUR":"14","Surv_Sect":"14","SHAPE_AREA":640.6644816806229,"owner_count":0.0,"top_owner":"","top_owner_state":"","top_operator":"","max_propensity_score":0.0,"field_name":"Unknown","production_trend":null},"geometry":{"type":"Polygon","coordinates":[[[-101.63571710466039,31.273349206989703],[-101.63581233955523,31.2586624183244],[-101.64373752852002,31.258788097452264],[-101.6526156620163,31.258928305996772],[-101.65256102378576,31.273428937384633],[-101.64371275118783,31.273387330847612],[-101.63571710466039,31.273349206989703]]]}},{"type":"Feature","properties":{"ABSTRACT_L":"B9--S15","ABSTRACT_N":"B9--S15","LEVEL1_SUR":"UL","LEVEL2_BLO":"9","LEVEL3_SUR":"15","Surv_Sect":"15","SHAPE_AREA":640.4429053664239,"owner_count":5.0,"top_owner":"PERMIAN RESOURCES OPER LLC WI","top_owner_state":"TX","top_operator":"PERMIAN RESOURCES OP","max_propensity_score":2.0,"field_name":"Unknown","production_trend":null},"geometry":{"type":"Polygon","coordinates":[[[-101.62622979033227,31.258586213215494],[-101.63581233955523,31.2586624183244],[-101.63571710466039,31.273349206989703],[-101.6268171879168,31.27317641329344],[-101.61884259879791,31.273020784064695],[-101.61904462271879,31.258528715127316],[-101.62540668919027,31.258579633757652],[-101.62622979033227,31.258586213215494]]]}},{"type":"Feature","properties":{"ABSTRACT_L":"B9--S16","ABSTRACT_N":"B9--S16","LEVEL1_SUR":null,"LEVEL2_BLO":"9","LEVEL3_SUR":"16","Surv_Sect":"16","SHAPE_AREA":631.5947586645166,"owner_count":0.0,"top_owner":"","top_owner_state":"","top_operator":"","max_propensity_score":0.0,"field_name":"Unknown","production_trend":null},"geometry":{"type":"Polygon","coordinates":[[[-101.60946682738033,31.258503479264],[-101.61904462271879,31.258528715127316],[-101.61884259879791,31.273020784064695],[-101.60978701659198,31.272963805354014],[-101.60216576272211,31.27291535449684],[-101.60224763877036,31.258483984299648],[-101.60946682738033,31.258503479264]]]}},{"type":"Feature","properties":{"ABSTRACT_L":"B9--S17","ABSTRACT_N":"B9--S17","LEVEL1_SUR":null,"LEVEL2_BLO":"9","LEVEL3_SUR":"17","Surv_Sect":"17","SHAPE_AREA":633.524509551677,"owner_count":0.0,"top_owner":"","top_owner_state":"","top_operator":"","max_propensity_score":0.0,"field_name":"Unknown","production_trend":null},"geometry":{"type":"Polygon","coordinates":[[[-101.59269211087117,31.258430991487945],[-101.60224763877036,31.258483984299648],[-101.60216576272211,31.27291535449684],[-101.59332016890036,31.272915177136408],[-101.58531097577844,31.27291448765743],[-101.58556240075174,31.258390987881274],[-101.59269211087117,31.258430991487945]]]}},{"type":"Feature","properties":{"ABSTRACT_L":"B9--S18","ABSTRACT_N":"B9--S18","LEVEL1_SUR":"UL","LEVEL2_BLO":"9","LEVEL3_SUR":"18","Surv_Sect":"18","SHAPE_AREA":639.7256700974509,"owner_count":2.0,"top_owner":"PERMIAN RESOURCES OPER LLC WI","top_owner_state":"TX","top_operator":"PERMIAN RESOURCES OP","max_propensity_score":1.0,"field_name":"Unknown","production_trend":null},"geometry":{"type":"Polygon","coordinates":[[[-101.58556240075174,31.258390987881274],[-101.58531097577844,31.27291448765743],[-101.56850193104901,31.272916367217032],[-101.56864412807028,31.25836331539522],[-101.58556240075174,31.258390987881274]]]}},{"type":"Feature","properties":{"ABSTRACT_L":"B9--S19","ABSTRACT_N":"B9--S19","LEVEL1_SUR":null,"LEVEL2_BLO":"9","LEVEL3_SUR":"19","Surv_Sect":"19","SHAPE_AREA":649.8425600452754,"owner_count":0.0,"top_owner":"","top_owner_state":"","top_operator":"","max_propensity_score":0.0,"field_name":"Unknown","production_trend":null},"geometry":{"type":"Polygon","coordinates":[[[-101.57625083641906,31.243628608805096],[-101.58575852633444,31.24367417691362],[-101.58566041233911,31.251025474718997],[-101.58556240075174,31.258390987881274],[-101.56864412807028,31.25836331539522],[-101.56877419783521,31.250844088760083],[-101.56889962420844,31.243592892996094],[-101.57625083641906,31.243628608805096]]]}},{"type":"Feature","properties":{"ABSTRACT_L":"B9--S2","ABSTRACT_N":"B9--S2","LEVEL1_SUR":"UL","LEVEL2_BLO":"9","LEVEL3_SUR":"2","Surv_Sect":"2","SHAPE_AREA":634.6423270154052,"owner_count":1.0,"top_owner":"PIONEER NATURAL RES INC WI","top_owner_state":"TX","top_operator":"PIONEER NATURAL RES","max_propensity_score":2.0,"field_name":"Unknown","production_trend":null},"geometry":{"type":"Polygon","coordinates":[[[-101.63547873849639,31.302040915748332],[-101.63552472774737,31.295155810968172],[-101.63555594240684,31.28767337170907],[-101.6435463930787,31.287816126687925],[-101.65258850774188,31.28797934449963],[-101.65252904555828,31.302179372915518],[-101.64338186304114,31.302096121487626],[-101.63547873849639,31.302040915748332]]]}},{"type":"Feature","properties":{"ABSTRACT_L":"B9--S20","ABSTRACT_N":"B9--S20","LEVEL1_SUR":null,"LEVEL2_BLO":"9","LEVEL3_SUR":"20","Surv_Sect":"20","SHAPE_AREA":639.022544189625,"owner_count":0.0,"top_owner":"","top_owner_state":"","top_operator":"","max_propensity_score":0.0,"field_name":"Unknown","production_trend":null},"geometry":{"type":"Polygon","coordinates":[[[-101.59286888764099,31.24373808789407],[-101.60241052668756,31.24382323104063],[-101.60224763877036,31.258483984299648],[-101.59269211087117,31.258430991487945],[-101.58556240075174,31.258390987881274],[-101.58566041233911,31.251025474718997],[-101.58575852633444,31.24367417691362],[-101.59286888764099,31.24373808789407]]]}},{"type":"Feature","properties":{"ABSTRACT_L":"B9--S21","ABSTRACT_N":"B9--S21","LEVEL1_SUR":null,"LEVEL2_BLO":"9","LEVEL3_SUR":"21","Surv_Sect":"21","SHAPE_AREA":643.3925681804576,"owner_count":0.0,"top_owner":"","top_owner_state":"","top_operator":"","max_propensity_score":0.0,"field_name":"Unknown","production_trend":null},"geometry":{"type":"Polygon","coordinates":[[[-101.60975656550049,31.243923517355576],[-101.6194570320792,31.24405530273232],[-101.6192830598497,31.250157357416494],[-101.61904462271879,31.258528715127316],[-101.60946682738033,31.258503479264],[-101.60224763877036,31.258483984299648],[-101.60241052668756,31.24382323104063],[-101.60975656550049,31.243923517355576]]]}},{"type":"Feature","properties":{"ABSTRACT_L":"B9--S22","ABSTRACT_N":"B9--S22","LEVEL1_SUR":null,"LEVEL2_BLO":"9","LEVEL3_SUR":"22","Surv_Sect":"22","SHAPE_AREA":624.7141765426733,"owner_count":0.0,"top_owner":"","top_owner_state":"","top_operator":"","max_propensity_score":0.0,"field_name":"Unknown","production_trend":null},"geometry":{"type":"Polygon","coordinates":[[[-101.62644732815812,31.244179403039972],[-101.63594238237071,31.24434793505639],[-101.6358897312136,31.250156743033152],[-101.63581233955523,31.2586624183244],[-101.62622979033227,31.258586213215494],[-101.62540668919027,31.258579633757652],[-101.61904462271879,31.258528715127316],[-101.6192830598497,31.250157357416494],[-101.6194570320792,31.24405530273232],[-101.62540681675104,31.2441608920336],[-101.62644732815812,31.244179403039972]]]}},{"type":"Feature","properties":{"ABSTRACT_L":"B9--S23","ABSTRACT_N":"B9--S23","LEVEL1_SUR":"UL","LEVEL2_BLO":"9","LEVEL3_SUR":"23","Surv_Sect":"23","SHAPE_AREA":632.6061529572409,"owner_count":2.0,"top_owner":"PERMIAN RESOURCES OPER LLC WI","top_owner_state":"TX","top_operator":"PERMIAN RESOURCES OP","max_propensity_score":1.0,"field_name":"Unknown","production_trend":null},"geometry":{"type":"Polygon","coordinates":[[[-101.64376216751162,31.244363196507088],[-101.65273113325954,31.24438011381968],[-101.65267129558016,31.251926117335298],[-101.6526156620163,31.258928305996772],[-101.64373752852002,31.258788097452264],[-101.63581233955523,31.2586624183244],[-101.6358897312136,31.250156743033152],[-101.63594238237071,31.24434793505639],[-101.64376216751162,31.244363196507088]]]}},{"type":"Feature","properties":{"ABSTRACT_L":"B9--S24","ABSTRACT_N":"B9--S24","LEVEL1_SUR":"UNIVERSITY LAND SEC 24","LEVEL2_BLO":"9","LEVEL3_SUR":"24","Surv_Sect":"24","SHAPE_AREA":647.0221864803823,"owner_count":1.0,"top_owner":"PIONEER NATURAL RES INC WI","top_owner_state":"TX","top_operator":"PIONEER NAT RES USA","max_propensity_score":2.0,"field_name":"Unknown","production_trend":null},"geometry":{"type":"Polygon","coordinates":[[[-101.6526156620163,31.258928305996772],[-101.65267129558016,31.251926117335298],[-101.65273113325954,31.24438011381968],[-101.66975939746101,31.24446343693519],[-101.66962695614373,31.252044674120487],[-101.66950286287037,31.25915312301561],[-101.66078178902174,31.259037298155473],[-101.6526156620163,31.258928305996772]]]}},{"type":"Feature","properties":{"ABSTRACT_L":"B9--S25","ABSTRACT_N":"B9--S25","LEVEL1_SUR":"BLK 9 SEC 25 A-U195","LEVEL2_BLO":"9","LEVEL3_SUR":"25","Surv_Sect":"25","SHAPE_AREA":626.3620165508054,"owner_count":1.0,"top_owner":"ENERGY MANAGEMENT COMPANY","top_owner_state":"UT","top_operator":"ENERGY MGMT CO","max_propensity_score":5.0,"field_name":"Unknown","production_trend":null},"geometry":{"type":"Polygon","coordinates":[[[-101.66985194190157,31.230355620326996],[-101.66975939746101,31.24446343693519],[-101.65273113325954,31.24438011381968],[-101.65291506061902,31.230227851651293],[-101.66985194190157,31.230355620326996]]]}},{"type":"Feature","properties":{"ABSTRACT_L":"B9--S26","ABSTRACT_N":"B9--S26","LEVEL1_SUR":null,"LEVEL2_BLO":"9","LEVEL3_SUR":"26","Surv_Sect":"26","SHAPE_AREA":623.9534990369459,"owner_count":0.0,"top_owner":"","top_owner_state":"","top_operator":"","max_propensity_score":0.0,"field_name":"Unknown","production_trend":null},"geometry":{"type":"Polygon","coordinates":[[[-101.63594238237071,31.24434793505639],[-101.63606273775416,31.230077547812094],[-101.64378660707725,31.230146711327997],[-101.65291506061902,31.230227851651293],[-101.65273113325954,31.24438011381968],[-101.64376216751162,31.244363196507088],[-101.63594238237071,31.24434793505639]]]}},{"type":"Feature","properties":{"ABSTRACT_L":"B9--S27","ABSTRACT_N":"B9--S27","LEVEL1_SUR":null,"LEVEL2_BLO":"9","LEVEL3_SUR":"27","Surv_Sect":"27","SHAPE_AREA":609.0732884529544,"owner_count":0.0,"top_owner":"","top_owner_state":"","top_operator":"","max_propensity_score":0.0,"field_name":"Unknown","production_trend":null},"geometry":{"type":"Polygon","coordinates":[[[-101.62666224919153,31.229952176904188],[-101.63606273775416,31.230077547812094],[-101.63594238237071,31.24434793505639],[-101.62644732815812,31.244179403039972],[-101.62540681675104,31.2441608920336],[-101.6194570320792,31.24405530273232],[-101.61976479579386,31.22985964937574],[-101.62540663888463,31.22993537914249],[-101.62666224919153,31.229952176904188]]]}},{"type":"Feature","properties":{"ABSTRACT_L":"B9--S28","ABSTRACT_N":"B9--S28","LEVEL1_SUR":"UL","LEVEL2_BLO":"9","LEVEL3_SUR":"28","Surv_Sect":"28","SHAPE_AREA":629.5032550364389,"owner_count":4.0,"top_owner":"SEM OPERATING COMPANY LLC","top_owner_state":"TX","top_operator":"SEM OPERATING CO LLC","max_propensity_score":1.0,"field_name":"Unknown","production_trend":null},"geometry":{"type":"Polygon","coordinates":[[[-101.61003849366756,31.229740326553724],[-101.61976479579386,31.22985964937574],[-101.6194570320792,31.24405530273232],[-101.60975656550049,31.243923517355576],[-101.60241052668756,31.24382323104063],[-101.60281443529045,31.229651224748455],[-101.61003849366756,31.229740326553724]]]}},{"type":"Feature","properties":{"ABSTRACT_L":"B9--S29","ABSTRACT_N":"B9--S29","LEVEL1_SUR":null,"LEVEL2_BLO":"9","LEVEL3_SUR":"29","Surv_Sect":"29","SHAPE_AREA":621.3043519171648,"owner_count":0.0,"top_owner":"","top_owner_state":"","top_operator":"","max_propensity_score":0.0,"field_name":"Unknown","production_trend":null},"geometry":{"type":"Polygon","coordinates":[[[-101.59320436078889,31.22955696091405],[-101.60281443529045,31.229651224748455],[-101.60241052668756,31.24382323104063],[-101.59286888764099,31.24373808789407],[-101.58575852633444,31.24367417691362],[-101.58590012148447,31.229484832686353],[-101.59320436078889,31.22955696091405]]]}},{"type":"Feature","properties":{"ABSTRACT_L":"B9--S3","ABSTRACT_N":"B9--S3","LEVEL1_SUR":"UL","LEVEL2_BLO":"9","LEVEL3_SUR":"3","Surv_Sect":"3","SHAPE_AREA":639.7653857472184,"owner_count":13.0,"top_owner":"CIVITAS PERMIAN OPER LLC WI","top_owner_state":"CO","top_operator":"CIVITAS PERMIAN OPER","max_propensity_score":5.0,"field_name":"Unknown","production_trend":null},"geometry":{"type":"Polygon","coordinates":[[[-101.62673716958454,31.287524514265478],[-101.63555594240684,31.28767337170907],[-101.63552472774737,31.295155810968172],[-101.63547873849639,31.302040915748332],[-101.62665669670476,31.301980127532676],[-101.62540665954586,31.30197384968131],[-101.61846489854344,31.3019390816297],[-101.61864764192337,31.287389597586234],[-101.62673716958454,31.287524514265478]]]}},{"type":"Feature","properties":{"ABSTRACT_L":"B9--S30","ABSTRACT_N":"B9--S30","LEVEL1_SUR":null,"LEVEL2_BLO":"9","LEVEL3_SUR":"30","Surv_Sect":"30","SHAPE_AREA":621.6856813336502,"owner_count":0.0,"top_owner":"","top_owner_state":"","top_operator":"","max_propensity_score":0.0,"field_name":"Unknown","production_trend":null},"geometry":{"type":"Polygon","coordinates":[[[-101.57637885622852,31.229393512997113],[-101.58590012148447,31.229484832686353],[-101.58575852633444,31.24367417691362],[-101.57625083641906,31.243628608805096],[-101.56889962420844,31.243592892996094],[-101.56928372316267,31.22932500185612],[-101.57637885622852,31.229393512997113]]]}},{"type":"Feature","properties":{"ABSTRACT_L":"B9--S31","ABSTRACT_N":"B9--S31","LEVEL1_SUR":"UL","LEVEL2_BLO":"9","LEVEL3_SUR":"31","Surv_Sect":"31","SHAPE_AREA":630.732421361421,"owner_count":2.0,"top_owner":"PERMIAN RESOURCES OPER LLC WI","top_owner_state":"TX","top_operator":"PERMIAN RESOURCES OP","max_propensity_score":1.0,"field_name":"Unknown","production_trend":null},"geometry":{"type":"Polygon","coordinates":[[[-101.57675104531873,31.214807517014282],[-101.58607516091254,31.214903693943384],[-101.58590012148447,31.229484832686353],[-101.57637885622852,31.229393512997113],[-101.56928372316267,31.22932500185612],[-101.56956835525878,31.21473296594052],[-101.57675104531873,31.214807517014282]]]}},{"type":"Feature","properties":{"ABSTRACT_L":"B9--S32","ABSTRACT_N":"B9--S32","LEVEL1_SUR":null,"LEVEL2_BLO":"9","LEVEL3_SUR":"32","Surv_Sect":"32","SHAPE_AREA":648.8631650119152,"owner_count":0.0,"top_owner":"","top_owner_state":"","top_operator":"","max_propensity_score":0.0,"field_name":"Unknown","production_trend":null},"geometry":{"type":"Polygon","coordinates":[[[-101.59320436078889,31.22955696091405],[-101.58590012148447,31.229484832686353],[-101.58607516091254,31.214903693943384],[-101.59336080868383,31.214967808768684],[-101.60322913625316,31.21505399118243],[-101.60281443529045,31.229651224748455],[-101.59320436078889,31.22955696091405]]]}},{"type":"Feature","properties":{"ABSTRACT_L":"B9--S33","ABSTRACT_N":"B9--S33","LEVEL1_SUR":null,"LEVEL2_BLO":"9","LEVEL3_SUR":"33","Surv_Sect":"33","SHAPE_AREA":650.0454823163087,"owner_count":0.0,"top_owner":"","top_owner_state":"","top_operator":"","max_propensity_score":0.0,"field_name":"Unknown","production_trend":null},"geometry":{"type":"Polygon","coordinates":[[[-101.61003849366756,31.229740326553724],[-101.60281443529045,31.229651224748455],[-101.60322913625316,31.21505399118243],[-101.62022087495518,31.215118056736937],[-101.61976479579386,31.22985964937574],[-101.61003849366756,31.229740326553724]]]}},{"type":"Feature","properties":{"ABSTRACT_L":"B9--S34","ABSTRACT_N":"B9--S34","LEVEL1_SUR":null,"LEVEL2_BLO":"9","LEVEL3_SUR":"34","Surv_Sect":"34","SHAPE_AREA":627.0729150169497,"owner_count":0.0,"top_owner":"","top_owner_state":"","top_operator":"","max_propensity_score":0.0,"field_name":"Unknown","production_trend":null},"geometry":{"type":"Polygon","coordinates":[[[-101.62665548757238,31.21508676457183],[-101.63618592283076,31.215039530907042],[-101.63606273775416,31.230077547812094],[-101.62666224919153,31.229952176904188],[-101.62540663888463,31.22993537914249],[-101.61976479579386,31.22985964937574],[-101.62022087495518,31.215118056736937],[-101.62540679788641,31.21509289992978],[-101.62665548757238,31.21508676457183]]]}},{"type":"Feature","properties":{"ABSTRACT_L":"B9--S35","ABSTRACT_N":"B9--S35","LEVEL1_SUR":null,"LEVEL2_BLO":"9","LEVEL3_SUR":"35","Surv_Sect":"35","SHAPE_AREA":668.0005230788059,"owner_count":0.0,"top_owner":"","top_owner_state":"","top_operator":"","max_propensity_score":0.0,"field_name":"Unknown","production_trend":null},"geometry":{"type":"Polygon","coordinates":[[[-101.64397959214973,31.21499022059828],[-101.65307677533647,31.214932065991984],[-101.65291506061902,31.230227851651293],[-101.64378660707725,31.230146711327997],[-101.63606273775416,31.230077547812094],[-101.63618592283076,31.215039530907042],[-101.64397959214973,31.21499022059828]]]}},{"type":"Feature","properties":{"ABSTRACT_L":"B9--S36","ABSTRACT_N":"B9--S36","LEVEL1_SUR":null,"LEVEL2_BLO":"9","LEVEL3_SUR":"36","Surv_Sect":"36","SHAPE_AREA":681.0642508685586,"owner_count":1.0,"top_owner":"ORYAN OIL & GAS","top_owner_state":"TX","top_operator":"O'RYAN OIL AND GAS","max_propensity_score":0.0,"field_name":"Unknown","production_trend":null},"geometry":{"type":"Polygon","coordinates":[[[-101.67001313829108,31.21484313153761],[-101.66985194190157,31.230355620326996],[-101.65291506061902,31.230227851651293],[-101.65307677533647,31.214932065991984],[-101.67001313829108,31.21484313153761]]]}},{"type":"Feature","properties":{"ABSTRACT_L":"B9--S4","ABSTRACT_N":"B9--S4","LEVEL1_SUR":"UL","LEVEL2_BLO":"9","LEVEL3_SUR":"4","Surv_Sect":"4","SHAPE_AREA":623.5701493517287,"owner_count":1.0,"top_owner":"BAYLOR OPERATING LLC","top_owner_state":"TX","top_operator":"BAYLOR OPERATING LLC","max_propensity_score":3.0,"field_name":"Unknown","production_trend":null},"geometry":{"type":"Polygon","coordinates":[[[-101.6096638854143,31.287364112270847],[-101.61864764192337,31.287389597586234],[-101.61846489854344,31.3019390816297],[-101.60927348477836,31.3018924440489],[-101.60203488806668,31.301855251250533],[-101.60211198238268,31.28746630759169],[-101.6096638854143,31.287364112270847]]]}},{"type":"Feature","properties":{"ABSTRACT_L":"B9--S5","ABSTRACT_N":"B9--S5","LEVEL1_SUR":null,"LEVEL2_BLO":"9","LEVEL3_SUR":"5","Surv_Sect":"5","SHAPE_AREA":637.9401572331467,"owner_count":0.0,"top_owner":"","top_owner_state":"","top_operator":"","max_propensity_score":0.0,"field_name":"Unknown","production_trend":null},"geometry":{"type":"Polygon","coordinates":[[[-101.59328059451886,31.28745506805407],[-101.60211198238268,31.28746630759169],[-101.60203488806668,31.301855251250533],[-101.593241700162,31.301800786831848],[-101.5849277230372,31.301748737122953],[-101.58520768748707,31.287307140690057],[-101.59328059451886,31.28745506805407]]]}},{"type":"Feature","properties":{"ABSTRACT_L":"B9--S6","ABSTRACT_N":"B9--S6","LEVEL1_SUR":"UNIV LDS","LEVEL2_BLO":"9","LEVEL3_SUR":"6","Surv_Sect":"6","SHAPE_AREA":636.1404442649481,"owner_count":2.0,"top_owner":"DE CENTRAL OPERATING LLC WI","top_owner_state":"TX","top_operator":"APACHE CORP","max_propensity_score":2.0,"field_name":"Unknown","production_trend":null},"geometry":{"type":"Polygon","coordinates":[[[-101.57632027888548,31.301665998812137],[-101.56818931822846,31.301587503503175],[-101.56832243418052,31.29459517939482],[-101.56838658197664,31.28711846166621],[-101.57627875965136,31.2870234952027],[-101.58520768748707,31.287307140690057],[-101.5849277230372,31.301748737122953],[-101.57632027888548,31.301665998812137]]]}},{"type":"Feature","properties":{"ABSTRACT_L":"B9--S7","ABSTRACT_N":"B9--S7","LEVEL1_SUR":"UL","LEVEL2_BLO":"9","LEVEL3_SUR":"7","Surv_Sect":"7","SHAPE_AREA":623.2060809806213,"owner_count":5.0,"top_owner":"SCHERER FAMILY PROPERTIES","top_owner_state":"TX","top_operator":"DE CENTRAL OPER LLC","max_propensity_score":2.0,"field_name":"Unknown","production_trend":null},"geometry":{"type":"Polygon","coordinates":[[[-101.58520768748707,31.287307140690057],[-101.57627875965136,31.2870234952027],[-101.56838658197664,31.28711846166621],[-101.56850193104901,31.272916367217032],[-101.58531097577844,31.27291448765743],[-101.58520768748707,31.287307140690057]]]}},{"type":"Feature","properties":{"ABSTRACT_L":"B9--S8","ABSTRACT_N":"B9--S8","LEVEL1_SUR":null,"LEVEL2_BLO":"9","LEVEL3_SUR":"8","Surv_Sect":"8","SHAPE_AREA":638.9072556491981,"owner_count":0.0,"top_owner":"","top_owner_state":"","top_operator":"","max_propensity_score":0.0,"field_name":"Unknown","production_trend":null},"geometry":{"type":"Polygon","coordinates":[[[-101.59332016890036,31.272915177136408],[-101.60216576272211,31.27291535449684],[-101.60211429015465,31.28703611584635],[-101.60211198238268,31.28746630759169],[-101.59328059451886,31.28745506805407],[-101.58520768748707,31.287307140690057],[-101.58531097577844,31.27291448765743],[-101.59332016890036,31.272915177136408]]]}},{"type":"Feature","properties":{"ABSTRACT_L":"B9--S9","ABSTRACT_N":"B9--S9","LEVEL1_SUR":"ULS","LEVEL2_BLO":"9","LEVEL3_SUR":"9","Surv_Sect":"9","SHAPE_AREA":624.9994497074657,"owner_count":12.0,"top_owner":"COLT DEVELOPMENT LLC","top_owner_state":"CO","top_operator":"PIONEER NAT RES USA","max_propensity_score":7.0,"field_name":"Unknown","production_trend":null},"geometry":{"type":"Polygon","coordinates":[[[-101.61864764192337,31.287389597586234],[-101.6096638854143,31.287364112270847],[-101.60211198238268,31.28746630759169],[-101.60211429015465,31.28703611584635],[-101.60216576272211,31.27291535449684],[-101.60978701659198,31.272963805354014],[-101.61884259879791,31.273020784064695],[-101.61864764192337,31.287389597586234]]]}},{"type":"Feature","properties":{"ABSTRACT_L":"BA--S1","ABSTRACT_N":"BA--S1","LEVEL1_SUR":null,"LEVEL2_BLO":"A","LEVEL3_SUR":"1","Surv_Sect":"1","SHAPE_AREA":1312.2573515909442,"owner_count":1.0,"top_owner":"DIAMONDBACK E&P LLC  WI","top_owner_state":"OK","top_operator":"DIAMONDBACK E&P LLC","max_propensity_score":6.0,"field_name":"Unknown","production_trend":null},"geometry":{"type":"MultiPolygon","coordinates":[[[[-101.26878634878895,31.45411970387068],[-101.27178966382046,31.454205316576683],[-101.27220582274887,31.445626142927445],[-101.27225083283619,31.445625522922178],[-101.28215462229969,31.445488569861215],[-101.28196470856716,31.463115847112597],[-101.27489112608497,31.46332912028261],[-101.27381976293779,31.463318971433996],[-101.27304543762074,31.47753695345649],[-101.27141102213157,31.477541990719345],[-101.271408661359,31.478989602259222],[-101.26848017239739,31.479012763346997],[-101.26855695230304,31.478812044199245],[-101.26855695320135,31.47830795720288],[-101.2684730487572,31.47452997401274],[-101.2684730487572,31.474471975804807],[-101.26861888215873,31.46324237728338],[-101.26870904786044,31.45629907845792],[-101.26878634878895,31.45411970387068]]],[[[-101.45594359188746,31.64439568419902],[-101.45438413721548,31.644732709308368],[-101.44788201261142,31.64613770414601],[-101.44100773574806,31.647731869089316],[-101.43656083793644,31.63402474526829],[-101.43732920113493,31.6338419874161],[-101.43903722457848,31.633445902867265],[-101.45115319448087,31.630635519122503],[-101.45173517612251,31.63050519325242],[-101.45415180413691,31.638480699944928],[-101.45594359188746,31.64439568419902]]]]}},{"type":"Feature","properties":{"ABSTRACT_L":"A-50","ABSTRACT_N":"50","LEVEL1_SUR":"CARLTON C B","LEVEL2_BLO":"A","LEVEL3_SUR":"10","Surv_Sect":"10","SHAPE_AREA":1091.9750983160454,"owner_count":6.0,"top_owner":"DIAMONDBACK E&P LLC  WI","top_owner_state":"OK","top_operator":"DIAMONDBACK E&P LLC","max_propensity_score":6.0,"field_name":"Unknown","production_trend":null},"geometry":{"type":"Polygon","coordinates":[[[-101.40351106404883,31.4498695584362],[-101.41693402160418,31.450059065887494],[-101.42048598628874,31.45010897662047],[-101.42579677504447,31.4502102379732],[-101.42564821076446,31.464341334633655],[-101.4098409968843,31.464408970644083],[-101.3964423270793,31.464586983584145],[-101.39696929140138,31.449760722102678],[-101.40094804118586,31.449826957792595],[-101.40351106404883,31.4498695584362]]]}},{"type":"Feature","properties":{"ABSTRACT_L":"A-404","ABSTRACT_N":"404","LEVEL1_SUR":"L&SV","LEVEL2_BLO":"A","LEVEL3_SUR":"11","Surv_Sect":"11","SHAPE_AREA":1967.9931885365042,"owner_count":19.0,"top_owner":"MERLAND INC","top_owner_state":"NM","top_operator":"PIONEER NAT RES USA","max_propensity_score":6.0,"field_name":"Unknown","production_trend":null},"geometry":{"type":"MultiPolygon","coordinates":[[[[-101.4326077395449,31.481538894807148],[-101.4261725915318,31.481478528358082],[-101.41703118697856,31.481532548510028],[-101.40964299921254,31.481568896453574],[-101.40972471356403,31.47390233865111],[-101.4098409968843,31.464408970644083],[-101.42564821076446,31.464341334633655],[-101.4390540122945,31.46422414249291],[-101.43953600156358,31.481506781803905],[-101.43643970281532,31.481520896266154],[-101.4326077395449,31.481538894807148]]],[[[-101.59626830581388,31.586362846833936],[-101.5966832897459,31.587587078838553],[-101.5975720882779,31.590312196283787],[-101.59853157793455,31.5931716823271],[-101.59968308787307,31.59695179407646],[-101.59142643044993,31.59878846828593],[-101.58309102491233,31.60068608815295],[-101.58099347130032,31.593784453443305],[-101.58097344964928,31.593786676263242],[-101.5787575843211,31.586658371819805],[-101.57877661602869,31.586652983842928],[-101.58706538822327,31.584765895599105],[-101.58710075848927,31.584757803903994],[-101.58711827114573,31.584753082345213],[-101.59115087043989,31.58383398849324],[-101.5952124951992,31.58290813445588],[-101.59523053067517,31.58290499842156],[-101.59626830581388,31.586362846833936]]]]}},{"type":"Feature","properties":{"ABSTRACT_L":"A-156","ABSTRACT_N":"156","LEVEL1_SUR":"GLASS S A","LEVEL2_BLO":"A","LEVEL3_SUR":"12","Surv_Sect":"12","SHAPE_AREA":1771.271864913358,"owner_count":2.0,"top_owner":"DIAMONDBACK E&P LLC  WI","top_owner_state":"OK","top_operator":"APACHE CORPORATION","max_propensity_score":6.0,"field_name":"Unknown","production_trend":null},"geometry":{"type":"MultiPolygon","coordinates":[[[[-101.45384751061421,31.464121055032074],[-101.44278801518149,31.464197570308144],[-101.4390540122945,31.46422414249291],[-101.42564821076446,31.464341334633655],[-101.42579677504447,31.4502102379732],[-101.43799948896564,31.45038767555557],[-101.43795344671406,31.447466125813165],[-101.45375616991612,31.44752370238681],[-101.45384751061421,31.464121055032074]]],[[[-101.57537296768913,31.602340491788684],[-101.56884508838587,31.603910665165714],[-101.56882431484493,31.60391572851266],[-101.56676743066078,31.604410874003953],[-101.56502728166602,31.598930314729255],[-101.56231875238825,31.590398372178857],[-101.5708457838473,31.588484399775055],[-101.57086671100015,31.5884795965272],[-101.5787575843211,31.586658371819805],[-101.58097344964928,31.593786676263242],[-101.58099347130032,31.593784453443305],[-101.58309102491233,31.60068608815295],[-101.58306969082265,31.600689798954242],[-101.5753939128083,31.602335726745178],[-101.57537296768913,31.602340491788684]]]]}},{"type":"Feature","properties":{"ABSTRACT_L":"A-355","ABSTRACT_N":"355","LEVEL1_SUR":"MAY D G","LEVEL2_BLO":"A","LEVEL3_SUR":"13","Surv_Sect":"13","SHAPE_AREA":2609.1294602250423,"owner_count":42.0,"top_owner":"DAVIS STEVEN PAUL LLC","top_owner_state":"FL","top_operator":"DIAMONDBACK E&P LLC","max_propensity_score":7.0,"field_name":"Unknown","production_trend":null},"geometry":{"type":"MultiPolygon","coordinates":[[[[-101.56676743066078,31.604410874003953],[-101.56674677659576,31.60441652949791],[-101.55851260849573,31.606289050638363],[-101.55026415987764,31.608132500383537],[-101.54862643948654,31.60273306305449],[-101.55052239048753,31.60230247089687],[-101.55130990756453,31.601917291777056],[-101.55252646720771,31.601640971917078],[-101.55317801258833,31.601492980437037],[-101.55452849666734,31.60118621867337],[-101.55350521404911,31.597886194398637],[-101.55191234294688,31.592748738308426],[-101.5540470014717,31.592263832472415],[-101.56227793743332,31.59040877045654],[-101.56229815401879,31.5904042137017],[-101.56231875238825,31.590398372178857],[-101.56502728166602,31.598930314729255],[-101.56676743066078,31.604410874003953]]],[[[-101.55436973650887,31.60094558068885],[-101.55422718644971,31.60116658825486],[-101.55110735094269,31.601875223312828],[-101.55034029838619,31.602270316016497],[-101.54860557970733,31.602664289236653],[-101.5485865704576,31.602601607843216],[-101.54821472362552,31.601437017429618],[-101.54754908098316,31.5992841039397],[-101.54594747286646,31.594103492982907],[-101.55183374574942,31.592766590695348],[-101.55342678663322,31.597904603585498],[-101.55436973650887,31.60094558068885]]],[[[-101.46873679629265,31.481272664822114],[-101.45882821701206,31.48137242770616],[-101.44897668793854,31.48143164048949],[-101.43953600156358,31.481506781803905],[-101.4390540122945,31.46422414249291],[-101.44278801518149,31.464197570308144],[-101.45384751061421,31.464121055032074],[-101.46862688831597,31.464048026058503],[-101.46866558414514,31.47013453566046],[-101.46873679629265,31.481272664822114]]],[[[-101.5294240816176,31.597824095884313],[-101.53060945714402,31.601650080501656],[-101.53212006771905,31.606344225005838],[-101.53386322247675,31.611902648686222],[-101.5302522824955,31.61273814636151],[-101.52537559292271,31.6138663502431],[-101.52367573696169,31.608399232496733],[-101.52219425875134,31.60363386462366],[-101.52097681606422,31.599717376502237],[-101.5294240816176,31.597824095884313]]],[[[-101.50715490321646,31.610819058245728],[-101.50647147572809,31.608703315017546],[-101.50498202407127,31.60356119945798],[-101.51304579343997,31.601589280586982],[-101.51572329221288,31.610356828009365],[-101.517356715962,31.6156237262055],[-101.51454091346625,31.61624915698211],[-101.50913626962794,31.617466334758607],[-101.50760683126286,31.612218066525333],[-101.50715490321646,31.610819058245728]]]]}},{"type":"Feature","properties":{"ABSTRACT_L":"A-375","ABSTRACT_N":"375","LEVEL1_SUR":"L&SV A-375","LEVEL2_BLO":"A","LEVEL3_SUR":"14","Surv_Sect":"14","SHAPE_AREA":2548.5909710341984,"owner_count":42.0,"top_owner":"BUTCHER ROYALTY TRUST","top_owner_state":"NM","top_operator":"CITATION OIL & GAS C","max_propensity_score":7.0,"field_name":"Unknown","production_trend":null},"geometry":{"type":"MultiPolygon","coordinates":[[[[-101.47781239026817,31.455488941439828],[-101.47807374701524,31.468460361374714],[-101.48923195292463,31.468568153871075],[-101.49003508182294,31.471520980224657],[-101.49228011724502,31.478844976335917],[-101.49267964027268,31.480148065619787],[-101.49421141156256,31.485273348634294],[-101.49485679000877,31.487380843365337],[-101.47973635163804,31.487230546364337],[-101.47962360947662,31.481216194553024],[-101.47551153443263,31.48117868124376],[-101.46873679629265,31.481272664822114],[-101.46866558414514,31.47013453566046],[-101.46862688831597,31.464048026058503],[-101.4685629264711,31.455560069759002],[-101.47781239026817,31.455488941439828]]],[[[-101.50093064459776,31.589553747176392],[-101.5049582519539,31.5885924570993],[-101.5088030395733,31.58771155347516],[-101.51136708112581,31.596152640208274],[-101.51304579343997,31.601589280586982],[-101.50498202407127,31.60356119945798],[-101.50093064459776,31.589553747176392]]],[[[-101.54348060656979,31.59465258263614],[-101.54594747286646,31.594103492982907],[-101.54754908098316,31.5992841039397],[-101.54821472362552,31.601437017429618],[-101.5485865704576,31.602601607843216],[-101.54860557970733,31.602664289236653],[-101.54862643948654,31.60273306305449],[-101.55026415987764,31.608132500383537],[-101.5395303127186,31.61059556504869],[-101.53386322247675,31.611902648686222],[-101.53212006771905,31.606344225005838],[-101.53060945714402,31.601650080501656],[-101.5294240816176,31.597824095884313],[-101.53823435817395,31.595820145574304],[-101.54348060656979,31.59465258263614]]],[[[-101.52367573696169,31.608399232496733],[-101.52537559292271,31.6138663502431],[-101.517356715962,31.6156237262055],[-101.51572329221288,31.610356828009365],[-101.51304579343997,31.601589280586982],[-101.52097681606422,31.599717376502237],[-101.52219425875134,31.60363386462366],[-101.52367573696169,31.608399232496733]]]]}},{"type":"Feature","properties":{"ABSTRACT_L":"A-267","ABSTRACT_N":"267","LEVEL1_SUR":"BLK A SEC 15 A-267","LEVEL2_BLO":"A","LEVEL3_SUR":"15","Surv_Sect":"15","SHAPE_AREA":1729.3795393256744,"owner_count":37.0,"top_owner":"BUTCHER ROYALTY TRUST","top_owner_state":"NM","top_operator":"DIAMONDBACK E&P LLC","max_propensity_score":7.0,"field_name":"Unknown","production_trend":null},"geometry":{"type":"MultiPolygon","coordinates":[[[[-101.50190280948306,31.509850696003756],[-101.50041048321732,31.509850458587504],[-101.49582829732728,31.50990759930887],[-101.49024309032022,31.51001235873909],[-101.48731683906199,31.51004020608527],[-101.48565288966122,31.510092823539363],[-101.47963666020107,31.510166883413515],[-101.47969285611029,31.50804235678688],[-101.47973515957365,31.503659276973995],[-101.4797466633992,31.500851201466332],[-101.47976235157729,31.500150161301196],[-101.47985453040356,31.493481282576973],[-101.47979457414655,31.4897525316063],[-101.47973635163804,31.487230546364337],[-101.49485679000877,31.487380843365337],[-101.49613687850885,31.491511027256237],[-101.49851785598287,31.499474674668342],[-101.49876291279912,31.500083012984046],[-101.49982419774715,31.50324958024804],[-101.50032008395365,31.504897610743946],[-101.50082438108618,31.506271490439154],[-101.50082936943093,31.5062931214202],[-101.50190280948306,31.509850696003756]]],[[[-101.52106991117205,31.584869039015125],[-101.5251139999187,31.583914070560773],[-101.52772661876854,31.592341114379966],[-101.5294240816176,31.597824095884313],[-101.52097681606422,31.599717376502237],[-101.51304579343997,31.601589280586982],[-101.51136708112581,31.596152640208274],[-101.5088030395733,31.58771155347516],[-101.51696419530197,31.585843284683424],[-101.52106991117205,31.584869039015125]]]]}},{"type":"Feature","properties":{"ABSTRACT_L":"A-432","ABSTRACT_N":"432","LEVEL1_SUR":"SUTPHEN SW","LEVEL2_BLO":"A","LEVEL3_SUR":"16","Surv_Sect":"16","SHAPE_AREA":640.954785877023,"owner_count":4.0,"top_owner":"TEXAS SCOTTISH RITE HOSPITAL","top_owner_state":"TX","top_operator":"APACHE CORP","max_propensity_score":1.0,"field_name":"Unknown","production_trend":null},"geometry":{"type":"Polygon","coordinates":[[[-101.5251139999187,31.583914070560773],[-101.53338701925644,31.582008020165972],[-101.53907500341346,31.580681491385633],[-101.54166374144977,31.580077660608573],[-101.5438751358628,31.587577355936453],[-101.54422243353477,31.588589140666006],[-101.54594747286646,31.594103492982907],[-101.54348060656979,31.59465258263614],[-101.53823435817395,31.595820145574304],[-101.5294240816176,31.597824095884313],[-101.52772661876854,31.592341114379966],[-101.5251139999187,31.583914070560773]]]}},{"type":"Feature","properties":{"ABSTRACT_L":"A-268","ABSTRACT_N":"268","LEVEL1_SUR":"BLK A SEC 17 A-268","LEVEL2_BLO":"A","LEVEL3_SUR":"17","Surv_Sect":"17","SHAPE_AREA":1964.5901830666583,"owner_count":127.0,"top_owner":"ALLDALE MINERALS LP","top_owner_state":"OK","top_operator":"CRESCENT ENERGY OP","max_propensity_score":7.0,"field_name":"Unknown","production_trend":null},"geometry":{"type":"MultiPolygon","coordinates":[[[[-101.47179982862932,31.447560321801895],[-101.46189218359663,31.44754053032144],[-101.45375616991612,31.44752370238681],[-101.43795344671406,31.447466125813165],[-101.43783716608874,31.43616018669526],[-101.44264333342015,31.436225272342742],[-101.44262347077091,31.432047961679608],[-101.45518424777443,31.43197404999175],[-101.45860459759176,31.43195371100701],[-101.47198255314463,31.432127055583116],[-101.47196530459286,31.440104732026796],[-101.47187026463241,31.44418891290286],[-101.47179976844218,31.447218530586074],[-101.47179982862932,31.447560321801895]]],[[[-101.5438751358628,31.587577355936453],[-101.54166374144977,31.580077660608573],[-101.54978307251713,31.578171565427034],[-101.55804645472851,31.57631715195482],[-101.56040672513693,31.584099648442724],[-101.56231875238825,31.590398372178857],[-101.56229815401879,31.5904042137017],[-101.56227793743332,31.59040877045654],[-101.5540470014717,31.592263832472415],[-101.55191234294688,31.592748738308426],[-101.55183374574942,31.592766590695348],[-101.54594747286646,31.594103492982907],[-101.54422243353477,31.588589140666006],[-101.5438751358628,31.587577355936453]]]]}},{"type":"Feature","properties":{"ABSTRACT_L":"A-154","ABSTRACT_N":"154","LEVEL1_SUR":"L&SV","LEVEL2_BLO":"A","LEVEL3_SUR":"18","Surv_Sect":"18","SHAPE_AREA":1893.0266325983864,"owner_count":453.0,"top_owner":"FRIEND DEBRA LYNN LIFE ESTATE","top_owner_state":"TX","top_operator":"DIAMONDBACK E&P LLC","max_propensity_score":7.0,"field_name":"Unknown","production_trend":null},"geometry":{"type":"MultiPolygon","coordinates":[[[[-101.45894613975773,31.40236958253622],[-101.45892658702725,31.40282095419532],[-101.45860459759176,31.43195371100701],[-101.45518424777443,31.43197404999175],[-101.44262347077091,31.432047961679608],[-101.44263662210666,31.42172623840888],[-101.44262016586897,31.406955107280652],[-101.44261998710422,31.40214251039307],[-101.45303424153298,31.4022922538728],[-101.45894613975773,31.40236958253622]]],[[[-101.57877661602869,31.586652983842928],[-101.5787575843211,31.586658371819805],[-101.57086671100015,31.5884795965272],[-101.5708457838473,31.588484399775055],[-101.56231875238825,31.590398372178857],[-101.56040672513693,31.584099648442724],[-101.55804645472851,31.57631715195482],[-101.56632952890921,31.574438951898014],[-101.5744267452509,31.572651391226533],[-101.5767457488518,31.580098268910696],[-101.57877661602869,31.586652983842928]]]]}},{"type":"Feature","properties":{"ABSTRACT_L":"A-189","ABSTRACT_N":"189","LEVEL1_SUR":"BLK A SEC 19 A-189 HAMILTON","LEVEL2_BLO":"A","LEVEL3_SUR":"19","Surv_Sect":"19","SHAPE_AREA":641.8425055138867,"owner_count":58.0,"top_owner":"FRIEND DEBRA LYNN LIFE ESTATE","top_owner_state":"TX","top_operator":"PERMIAN RESOURCES OP","max_propensity_score":7.0,"field_name":"Unknown","production_trend":null},"geometry":{"type":"Polygon","coordinates":[[[-101.59315925458185,31.576191560045718],[-101.59523053067517,31.58290499842156],[-101.5952124951992,31.58290813445588],[-101.59115087043989,31.58383398849324],[-101.58711827114573,31.584753082345213],[-101.58710075848927,31.584757803903994],[-101.58706538822327,31.584765895599105],[-101.57877661602869,31.586652983842928],[-101.5767457488518,31.580098268910696],[-101.5744267452509,31.572651391226533],[-101.58275573861401,31.57073100187959],[-101.59083228921259,31.568907194689995],[-101.59315925458185,31.576191560045718]]]}},{"type":"Feature","properties":{"ABSTRACT_L":"BA--S2","ABSTRACT_N":"BA--S2","LEVEL1_SUR":null,"LEVEL2_BLO":"A","LEVEL3_SUR":"2","Surv_Sect":"2","SHAPE_AREA":1851.0507502339772,"owner_count":0.0,"top_owner":"","top_owner_state":"","top_operator":"","max_propensity_score":0.0,"field_name":"Unknown","production_trend":null},"geometry":{"type":"MultiPolygon","coordinates":[[[[-101.30862695323653,31.464472202312322],[-101.30862394567696,31.46799525201355],[-101.29052150480483,31.468170371858232],[-101.29046420486611,31.46303612729338],[-101.28196470856716,31.463115847112597],[-101.28215462229969,31.445488569861215],[-101.28448264049446,31.44545626592344],[-101.28450685368462,31.449342832292043],[-101.30141260115606,31.449348891089574],[-101.30871360472882,31.449355166764914],[-101.30862695323653,31.464472202312322]]],[[[-101.47056965411969,31.634707633678573],[-101.47243396825299,31.64082507232594],[-101.46480671902692,31.642501783603176],[-101.45594359188746,31.64439568419902],[-101.45415180413691,31.638480699944928],[-101.45173517612251,31.63050519325242],[-101.46065789480296,31.62847503696497],[-101.46094758531243,31.628409111477968],[-101.46526943853482,31.62741695211476],[-101.46817979230748,31.626792699378495],[-101.47056965411969,31.634707633678573]]]]}},{"type":"Feature","properties":{"ABSTRACT_L":"BA--S20","ABSTRACT_N":"BA--S20","LEVEL1_SUR":null,"LEVEL2_BLO":"A","LEVEL3_SUR":"20","Surv_Sect":"20","SHAPE_AREA":2127.241604244136,"owner_count":2.0,"top_owner":"COCKRELL PRODUCTION CO INC","top_owner_state":"TX","top_operator":"COCKRELL PROD CO INC","max_propensity_score":2.0,"field_name":"Unknown","production_trend":null},"geometry":{"type":"MultiPolygon","coordinates":[[[[-101.44261998710422,31.40214251039307],[-101.44263784381545,31.393124457703],[-101.44261838900135,31.3850390770543],[-101.45314489241642,31.38540974542762],[-101.45936568263983,31.38546448048243],[-101.45924827912037,31.388978283999162],[-101.47201628398523,31.389390122512104],[-101.47371983741193,31.38944521873113],[-101.48515999304797,31.38981462743165],[-101.4850625348228,31.397607311050898],[-101.47443649268435,31.399545309864237],[-101.4684548932784,31.40056972669649],[-101.46918649202556,31.402919776276335],[-101.45892658702725,31.40282095419532],[-101.45894613975773,31.40236958253622],[-101.45303424153298,31.4022922538728],[-101.44261998710422,31.40214251039307]]],[[[-101.58883280917172,31.562514656843682],[-101.59083228921259,31.568907194689995],[-101.58275573861401,31.57073100187959],[-101.5744267452509,31.572651391226533],[-101.57243612619202,31.566322833875002],[-101.5700346788076,31.5585043510215],[-101.58642341259535,31.5548073102313],[-101.58883280917172,31.562514656843682]]]]}},{"type":"Feature","properties":{"ABSTRACT_L":"A-426","ABSTRACT_N":"426","LEVEL1_SUR":"BLK A, SEC 21,SKINNER JE A-426","LEVEL2_BLO":"A","LEVEL3_SUR":"21","Surv_Sect":"21","SHAPE_AREA":1849.5728734554216,"owner_count":308.0,"top_owner":"FOX MANAGEMENT LLC","top_owner_state":"OK","top_operator":"DE CENTRAL OPER LLC","max_propensity_score":7.0,"field_name":"Unknown","production_trend":null},"geometry":{"type":"MultiPolygon","coordinates":[[[[-101.4694498798635,31.403790211472234],[-101.46918649202556,31.402919776276335],[-101.4684548932784,31.40056972669649],[-101.47443649268435,31.399545309864237],[-101.4850625348228,31.397607311050898],[-101.48669756565795,31.4034962418366],[-101.49179237426657,31.422049371336378],[-101.49244842020676,31.42443778961041],[-101.47669714082609,31.427902019838413],[-101.4753249759077,31.423337905764463],[-101.47470928947656,31.421289828653325],[-101.4694498798635,31.403790211472234]]],[[[-101.5700346788076,31.5585043510215],[-101.57243612619202,31.566322833875002],[-101.5744267452509,31.572651391226533],[-101.56632952890921,31.574438951898014],[-101.55804645472851,31.57631715195482],[-101.55363842791755,31.56218748899311],[-101.56191834721497,31.560320120108535],[-101.5700346788076,31.5585043510215]]]]}},{"type":"Feature","properties":{"ABSTRACT_L":"A-916","ABSTRACT_N":"916","LEVEL1_SUR":"BLK A SEC 22 A-916","LEVEL2_BLO":"A","LEVEL3_SUR":"22","Surv_Sect":"22","SHAPE_AREA":645.7030333415292,"owner_count":29.0,"top_owner":"DIAMONDBACK E&P LLC  WI","top_owner_state":"OK","top_operator":"DIAMONDBACK E&P LLC","max_propensity_score":6.0,"field_name":"Unknown","production_trend":null},"geometry":{"type":"Polygon","coordinates":[[[-101.5372231992188,31.56595131381143],[-101.54538559641918,31.56403820946554],[-101.55363842791755,31.56218748899311],[-101.55804645472851,31.57631715195482],[-101.54978307251713,31.578171565427034],[-101.54166374144977,31.580077660608573],[-101.53944097436528,31.572975528352114],[-101.5372231992188,31.56595131381143]]]}},{"type":"Feature","properties":{"ABSTRACT_L":"BA--S23","ABSTRACT_N":"BA--S23","LEVEL1_SUR":null,"LEVEL2_BLO":"A","LEVEL3_SUR":"23","Surv_Sect":"23","SHAPE_AREA":1605.8041130519116,"owner_count":0.0,"top_owner":"","top_owner_state":"","top_operator":"","max_propensity_score":0.0,"field_name":"Unknown","production_trend":null},"geometry":{"type":"MultiPolygon","coordinates":[[[[-101.32388367681563,31.482481978578015],[-101.33159024997623,31.48235226835111],[-101.33159120039382,31.491749382979012],[-101.32692737022084,31.491669406423462],[-101.30987297582439,31.491516655125803],[-101.29270765655835,31.491396433737965],[-101.2901824509722,31.49133459448305],[-101.29019134519183,31.49015306994871],[-101.29021638932362,31.483013952109303],[-101.30973395794094,31.48270523716195],[-101.32388367681563,31.482481978578015]]],[[[-101.54166374144977,31.580077660608573],[-101.53907500341346,31.580681491385633],[-101.53338701925644,31.582008020165972],[-101.5251139999187,31.583914070560773],[-101.52416546521694,31.580827915734314],[-101.52300154056118,31.576777324069983],[-101.52077051077269,31.569612333217982],[-101.52897592110551,31.5678001831388],[-101.5372231992188,31.56595131381143],[-101.53944097436528,31.572975528352114],[-101.54166374144977,31.580077660608573]]]]}},{"type":"Feature","properties":{"ABSTRACT_L":"A-954","ABSTRACT_N":"954","LEVEL1_SUR":"L&SV RR","LEVEL2_BLO":"A","LEVEL3_SUR":"24","Surv_Sect":"24","SHAPE_AREA":559.612806716391,"owner_count":130.0,"top_owner":"MEEK HARLEY ESTATE","top_owner_state":"NM","top_operator":"DIAMONDBACK E&P LLC","max_propensity_score":9.0,"field_name":"Unknown","production_trend":null},"geometry":{"type":"Polygon","coordinates":[[[-101.5065150521042,31.58039119573867],[-101.50588187008462,31.57826369585294],[-101.50435155676045,31.573330623822407],[-101.5125275634374,31.571607302447674],[-101.52077051077269,31.569612333217982],[-101.52300154056118,31.576777324069983],[-101.52416546521694,31.580827915734314],[-101.5251139999187,31.583914070560773],[-101.52106991117205,31.584869039015125],[-101.51696419530197,31.585843284683424],[-101.5088030395733,31.58771155347516],[-101.50779641172042,31.58447304374074],[-101.51595746683779,31.58265070915363],[-101.51472692851044,31.57859379577709],[-101.5065150521042,31.58039119573867]]]}},{"type":"Feature","properties":{"ABSTRACT_L":"A-272","ABSTRACT_N":"272","LEVEL1_SUR":"L&SVRR","LEVEL2_BLO":"A","LEVEL3_SUR":"25","Surv_Sect":"25","SHAPE_AREA":1518.6971359749125,"owner_count":122.0,"top_owner":"BROWN WILBUR CARR ESTATE","top_owner_state":"TX","top_operator":"OCCIDENTAL PERM LTD","max_propensity_score":7.0,"field_name":"Unknown","production_trend":null},"geometry":{"type":"MultiPolygon","coordinates":[[[[-101.38159820240514,31.481783312720598],[-101.39047802832741,31.481714748506405],[-101.39046028929549,31.492376648911083],[-101.37788886815417,31.49248109630791],[-101.37538981252592,31.492435107877785],[-101.36893191737319,31.492365472173255],[-101.36110855154755,31.49235102920016],[-101.35933951812315,31.492359334963187],[-101.35919161769813,31.481970311766016],[-101.37540524378588,31.481839067120813],[-101.38159820240514,31.481783312720598]]],[[[-101.48941224839541,31.582047321214645],[-101.4878671793444,31.577073575881915],[-101.49598278869153,31.575253492075735],[-101.50435155676045,31.573330623822407],[-101.50588187008462,31.57826369585294],[-101.5065150521042,31.58039119573867],[-101.50779641172042,31.58447304374074],[-101.5088030395733,31.58771155347516],[-101.5049582519539,31.5885924570993],[-101.50093064459776,31.589553747176392],[-101.49237603755442,31.591542323445616],[-101.49005197284521,31.584087579685438],[-101.48941224839541,31.582047321214645]]]]}},{"type":"Feature","properties":{"ABSTRACT_L":"BA--S26","ABSTRACT_N":"BA--S26","LEVEL1_SUR":null,"LEVEL2_BLO":"A","LEVEL3_SUR":"26","Surv_Sect":"26","SHAPE_AREA":1119.616987460327,"owner_count":69.0,"top_owner":"LYRA PROPERTIES LLC","top_owner_state":"GA","top_operator":"DIAMONDBACK E&P LLC","max_propensity_score":8.0,"field_name":"Unknown","production_trend":null},"geometry":{"type":"MultiPolygon","coordinates":[[[[-101.39110808510813,31.492373719718884],[-101.39046028929549,31.492376648911083],[-101.39047802832741,31.481714748506405],[-101.39135268288526,31.481705051345703],[-101.39420216052606,31.4816903033551],[-101.40077937799967,31.481638459756116],[-101.40770903689861,31.481584431238293],[-101.40761992761568,31.492556033417145],[-101.40286845241371,31.492493551487907],[-101.3976461737646,31.49243449660845],[-101.39662662723963,31.492426104293855],[-101.39482835814431,31.4924123185597],[-101.39110808510813,31.492373719718884]]],[[[-101.50151315714375,31.56417779649279],[-101.50249277445266,31.567252694892467],[-101.50276855365162,31.568212530417966],[-101.50435155676045,31.573330623822407],[-101.49598278869153,31.575253492075735],[-101.4878671793444,31.577073575881915],[-101.4836548936372,31.5633271733218],[-101.50001916989304,31.55934185391338],[-101.50151315714375,31.56417779649279]]]]}},{"type":"Feature","properties":{"ABSTRACT_L":"BA--S27","ABSTRACT_N":"BA--S27","LEVEL1_SUR":"L & SV CO","LEVEL2_BLO":"A","LEVEL3_SUR":"27","Surv_Sect":"27","SHAPE_AREA":1176.5510144377922,"owner_count":124.0,"top_owner":"BROWN WILBUR CARR ESTATE","top_owner_state":"TX","top_operator":"DIAMONDBACK E&P LLC","max_propensity_score":7.0,"field_name":"Unknown","production_trend":null},"geometry":{"type":"MultiPolygon","coordinates":[[[[-101.4261725915318,31.481478528358082],[-101.42626628401929,31.492783664026074],[-101.42042664986927,31.492727157809384],[-101.41188808224533,31.49255332637075],[-101.40761992761568,31.492556033417145],[-101.40770903689861,31.481584431238293],[-101.40964299921254,31.481568896453574],[-101.41703118697856,31.481532548510028],[-101.4261725915318,31.481478528358082]]],[[[-101.50001916989304,31.55934185391338],[-101.50504441296606,31.558265612154827],[-101.5081914988672,31.5575372906067],[-101.5164677359703,31.555658474215285],[-101.5185699796864,31.56264929001793],[-101.51965704807971,31.56623466711877],[-101.52077051077269,31.569612333217982],[-101.5125275634374,31.571607302447674],[-101.50435155676045,31.573330623822407],[-101.50276855365162,31.568212530417966],[-101.50249277445266,31.567252694892467],[-101.50151315714375,31.56417779649279],[-101.50001916989304,31.55934185391338]]]]}},{"type":"Feature","properties":{"ABSTRACT_L":"BA--S28","ABSTRACT_N":"BA--S28","LEVEL1_SUR":null,"LEVEL2_BLO":"A","LEVEL3_SUR":"28","Surv_Sect":"28","SHAPE_AREA":640.8257212583493,"owner_count":0.0,"top_owner":"","top_owner_state":"","top_operator":"","max_propensity_score":0.0,"field_name":"Unknown","production_trend":null},"geometry":{"type":"Polygon","coordinates":[[[-101.5164677359703,31.555658474215285],[-101.52470218614131,31.553802927125258],[-101.52494995137815,31.553746067402994],[-101.53289584561192,31.551947709813113],[-101.53508414433898,31.559010606536038],[-101.53510235229146,31.559069367502786],[-101.53620843262944,31.562679512859013],[-101.5372231992188,31.56595131381143],[-101.52897592110551,31.5678001831388],[-101.52077051077269,31.569612333217982],[-101.51965704807971,31.56623466711877],[-101.5185699796864,31.56264929001793],[-101.5164677359703,31.555658474215285]]]}},{"type":"Feature","properties":{"ABSTRACT_L":"BA--S29","ABSTRACT_N":"BA--S29","LEVEL1_SUR":null,"LEVEL2_BLO":"A","LEVEL3_SUR":"29","Surv_Sect":"29","SHAPE_AREA":638.9838615882334,"owner_count":0.0,"top_owner":"","top_owner_state":"","top_operator":"","max_propensity_score":0.0,"field_name":"Unknown","production_trend":null},"geometry":{"type":"Polygon","coordinates":[[[-101.53289584561192,31.551947709813113],[-101.54140124204567,31.54994786390747],[-101.54915157753365,31.548117965382623],[-101.55142565279394,31.555249452587155],[-101.55363842791755,31.56218748899311],[-101.54538559641918,31.56403820946554],[-101.5372231992188,31.56595131381143],[-101.53620843262944,31.562679512859013],[-101.53510235229146,31.559069367502786],[-101.53508414433898,31.559010606536038],[-101.53289584561192,31.551947709813113]]]}},{"type":"Feature","properties":{"ABSTRACT_L":"BA--S3","ABSTRACT_N":"BA--S3","LEVEL1_SUR":null,"LEVEL2_BLO":"A","LEVEL3_SUR":"3","Surv_Sect":"3","SHAPE_AREA":2057.785812563072,"owner_count":1.0,"top_owner":"DIAMONDBACK E&P LLC  WI","top_owner_state":"OK","top_operator":"DIAMONDBACK E&P LLC","max_propensity_score":6.0,"field_name":"Unknown","production_trend":null},"geometry":{"type":"MultiPolygon","coordinates":[[[[-101.32388367681563,31.482481978578015],[-101.30973395794094,31.48270523716195],[-101.29021638932362,31.483013952109303],[-101.290148832421,31.477339178427094],[-101.2906335920944,31.477325744419524],[-101.29052150480483,31.468170371858232],[-101.30862394567696,31.46799525201355],[-101.30862695323653,31.464472202312322],[-101.32381121960313,31.464529166175645],[-101.32388367681563,31.482481978578015]]],[[[-101.48514291876937,31.625147529844863],[-101.48696166496158,31.630938126231513],[-101.48725135636936,31.6318603791026],[-101.48890170078515,31.637113962434498],[-101.48496995355131,31.638004020710937],[-101.48152170924777,31.638812930547314],[-101.47243396825299,31.64082507232594],[-101.47056965411969,31.634707633678573],[-101.46817979230748,31.626792699378495],[-101.4770738161028,31.62480223998321],[-101.47780321128259,31.6246425775057],[-101.48448626556804,31.62305694576766],[-101.48514291876937,31.625147529844863]]]]}},{"type":"Feature","properties":{"ABSTRACT_L":"A-239","ABSTRACT_N":"239","LEVEL1_SUR":"L&SV","LEVEL2_BLO":"A","LEVEL3_SUR":"30","Surv_Sect":"30","SHAPE_AREA":646.2690259735131,"owner_count":570.0,"top_owner":"ALLDALE MINERALS LP","top_owner_state":"OK","top_operator":"PIONEER NATURAL RES","max_propensity_score":7.0,"field_name":"Unknown","production_trend":null},"geometry":{"type":"Polygon","coordinates":[[[-101.56557418948573,31.544295434752897],[-101.56821395093186,31.552847345737803],[-101.5700346788076,31.5585043510215],[-101.56191834721497,31.560320120108535],[-101.55363842791755,31.56218748899311],[-101.55142565279394,31.555249452587155],[-101.54915157753365,31.548117965382623],[-101.56557418948573,31.544295434752897]]]}},{"type":"Feature","properties":{"ABSTRACT_L":"A-275","ABSTRACT_N":"275","LEVEL1_SUR":"L&SV SEC 31","LEVEL2_BLO":"A","LEVEL3_SUR":"31","Surv_Sect":"31","SHAPE_AREA":650.0187660646787,"owner_count":553.0,"top_owner":"TIMMINS JULES R ESTATE","top_owner_state":"H3","top_operator":"PIONEER NATURAL RES","max_propensity_score":9.0,"field_name":"Unknown","production_trend":null},"geometry":{"type":"Polygon","coordinates":[[[-101.58194331933903,31.540571187088187],[-101.58460748441817,31.54903723370092],[-101.58642341259535,31.5548073102313],[-101.5700346788076,31.5585043510215],[-101.56821395093186,31.552847345737803],[-101.56557418948573,31.544295434752897],[-101.57434207723874,31.54230088889802],[-101.58194331933903,31.540571187088187]]]}},{"type":"Feature","properties":{"ABSTRACT_L":"A-1190","ABSTRACT_N":"1190","LEVEL1_SUR":"TC","LEVEL2_BLO":"A","LEVEL3_SUR":"32","Surv_Sect":"32","SHAPE_AREA":120.3394507462876,"owner_count":3.0,"top_owner":"CHS MINERALS LP","top_owner_state":"TX","top_operator":"BRP ENERGY LLC","max_propensity_score":3.0,"field_name":"Unknown","production_trend":null},"geometry":{"type":"MultiPolygon","coordinates":[[[[-101.2705179808565,31.512547985613708],[-101.27044794999358,31.51261701276371],[-101.27041402062528,31.512701918699765],[-101.27039496825643,31.512829946415707],[-101.27033697122506,31.512915019110057],[-101.2702370228699,31.512904991280806],[-101.2701559606953,31.51297000749757],[-101.27010297805984,31.51297702865811],[-101.27008693325055,31.51304906368236],[-101.27003695817467,31.513136978945877],[-101.26995706560656,31.513251969323722],[-101.26984107334046,31.513442004759767],[-101.26980296590779,31.513576050107837],[-101.26980296500946,31.51370407815784],[-101.27030203843859,31.515269991390575],[-101.26961092406634,31.51558103565113],[-101.26952702141881,31.51576104265695],[-101.26951197912936,31.515945061389708],[-101.26835504965473,31.51607593040483],[-101.26828602131167,31.516246076698213],[-101.26815899683557,31.516397003267226],[-101.26808696093292,31.516517007949407],[-101.26821503014972,31.505736710459992],[-101.27141245943604,31.503848535370224],[-101.27142261578862,31.511557895729155],[-101.27125906940631,31.511538973995023],[-101.27118603098383,31.511496018496597],[-101.27097995027113,31.51157708091015],[-101.2708669655646,31.511667001006646],[-101.27064400281276,31.512263014978775],[-101.2705179808565,31.512547985613708]]],[[[-101.27136159862127,31.523419648291533],[-101.26880340510124,31.52338098720996],[-101.27142272717971,31.511642307892053],[-101.27142828325977,31.51584633247038],[-101.27136159862127,31.523419648291533]]]]}},{"type":"Feature","properties":{"ABSTRACT_L":"BA--S33","ABSTRACT_N":"BA--S33","LEVEL1_SUR":null,"LEVEL2_BLO":"A","LEVEL3_SUR":"33","Surv_Sect":"33","SHAPE_AREA":936.1712527358097,"owner_count":67.0,"top_owner":"ALLDALE MINERALS LP","top_owner_state":"OK","top_operator":"DIAMONDBACK E&P LLC","max_propensity_score":7.0,"field_name":"Unknown","production_trend":null},"geometry":{"type":"MultiPolygon","coordinates":[[[[-101.27151556806434,31.538190325238396],[-101.26792595139297,31.538238874378248],[-101.26792700960837,31.53816603955737],[-101.26783207744579,31.528666926116518],[-101.26784895589165,31.527792963464975],[-101.26799302949355,31.52479200294631],[-101.26799804299115,31.52423894351076],[-101.26861194087654,31.52423894351076],[-101.26880340510124,31.52338098720996],[-101.27136159862127,31.523419648291533],[-101.27274543445183,31.523440545545935],[-101.27267271582959,31.531483523225447],[-101.27937815972518,31.531565794918134],[-101.27912885567427,31.538087023003435],[-101.27151556806434,31.538190325238396]]],[[[-101.56557418948573,31.544295434752897],[-101.54915157753365,31.548117965382623],[-101.54484663240153,31.53399310609463],[-101.55329200161138,31.532126278610047],[-101.56112422033415,31.530329395701873],[-101.56343735434297,31.537501544277553],[-101.56557418948573,31.544295434752897]]]]}},{"type":"Feature","properties":{"ABSTRACT_L":"BA--S35","ABSTRACT_N":"BA--S35","LEVEL1_SUR":null,"LEVEL2_BLO":"A","LEVEL3_SUR":"35","Surv_Sect":"35","SHAPE_AREA":1239.873211990295,"owner_count":1.0,"top_owner":"APACHE CORP WI","top_owner_state":"TX","top_operator":"APACHE CORPORATION","max_propensity_score":1.0,"field_name":"Unknown","production_trend":null},"geometry":{"type":"MultiPolygon","coordinates":[[[[-101.51211143235676,31.54147037609282],[-101.52022028098307,31.539618642918704],[-101.52841520617989,31.53775978634044],[-101.53066000354843,31.544901476231438],[-101.53289584561192,31.551947709813113],[-101.52494995137815,31.553746067402994],[-101.52470218614131,31.553802927125258],[-101.5164677359703,31.555658474215285],[-101.51428496817044,31.548587084200943],[-101.51211143235676,31.54147037609282]]],[[[-101.29781152916819,31.54497987149818],[-101.29606667120471,31.545925633189306],[-101.29173233050156,31.54821235935938],[-101.28939615560401,31.54953549406376],[-101.29207454460736,31.549559744634294],[-101.29197274482443,31.552803461539863],[-101.2919723846,31.55340390094127],[-101.29193397084181,31.556714999868632],[-101.27919572806066,31.556711071452355],[-101.27917065697937,31.55581220611471],[-101.27910169062008,31.553339402793185],[-101.27903785274273,31.54791018698723],[-101.27902490352791,31.546043848324878],[-101.27906177398043,31.540864493019292],[-101.29456267851837,31.540991512117447],[-101.2961781179955,31.542979814259525],[-101.29781152916819,31.54497987149818]]]]}},{"type":"Feature","properties":{"ABSTRACT_L":"A-278","ABSTRACT_N":"278","LEVEL1_SUR":"BLK A SEC 36 A-278 SEC 27","LEVEL2_BLO":"A","LEVEL3_SUR":"36","Surv_Sect":"36","SHAPE_AREA":653.4416347970122,"owner_count":1345.0,"top_owner":"BROWN WILBUR CARR ESTATE","top_owner_state":"TX","top_operator":"DIAMONDBACK E&P LLC","max_propensity_score":7.0,"field_name":"Unknown","production_trend":null},"geometry":{"type":"Polygon","coordinates":[[[-101.4954980335097,31.545174675424015],[-101.50369531498754,31.543342112474274],[-101.51211143235676,31.54147037609282],[-101.51428496817044,31.548587084200943],[-101.5164677359703,31.555658474215285],[-101.5081914988672,31.5575372906067],[-101.50504441296606,31.558265612154827],[-101.50001916989304,31.55934185391338],[-101.49958928111383,31.55799429758801],[-101.49777104067311,31.552348400320444],[-101.4954980335097,31.545174675424015]]]}},{"type":"Feature","properties":{"ABSTRACT_L":"A-278","ABSTRACT_N":"278","LEVEL1_SUR":"BLK A SEC 37 A-278","LEVEL2_BLO":"A","LEVEL3_SUR":"37","Surv_Sect":"37","SHAPE_AREA":1309.3516608001835,"owner_count":1345.0,"top_owner":"BROWN WILBUR CARR ESTATE","top_owner_state":"TX","top_operator":"DIAMONDBACK E&P LLC","max_propensity_score":7.0,"field_name":"Unknown","production_trend":null},"geometry":{"type":"MultiPolygon","coordinates":[[[[-101.28990409540499,31.516042794654002],[-101.29094540541436,31.516053788596462],[-101.29245992725414,31.51607071065755],[-101.29238109379976,31.52094238847158],[-101.29231877048197,31.52704634311814],[-101.27955572162254,31.526928577140502],[-101.27937815972518,31.531565794918134],[-101.27267271582959,31.531483523225447],[-101.27274543445183,31.523440545545935],[-101.27136159862127,31.523419648291533],[-101.27142828325977,31.51584633247038],[-101.28010676798078,31.515938947935965],[-101.28990409540499,31.516042794654002]]],[[[-101.50901602294064,31.53239923189101],[-101.50969678063599,31.534552191675925],[-101.51211143235676,31.54147037609282],[-101.50369531498754,31.543342112474274],[-101.4954980335097,31.545174675424015],[-101.49353005469091,31.538555143334715],[-101.49130499241085,31.531055007734423],[-101.49945144271831,31.52922828479108],[-101.5011213704073,31.52882765736055],[-101.50744483088116,31.527517426983824],[-101.50857968425768,31.531037070026116],[-101.50901602294064,31.53239923189101]]]]}},{"type":"Feature","properties":{"ABSTRACT_L":"A-124","ABSTRACT_N":"124","LEVEL1_SUR":"L&SV/EARNEST","LEVEL2_BLO":"A","LEVEL3_SUR":"38","Surv_Sect":"38","SHAPE_AREA":639.5724142996468,"owner_count":3214.0,"top_owner":"TERENCE W TERRILL LLC","top_owner_state":"AR","top_operator":"DIAMONDBACK E&P LLC","max_propensity_score":9.0,"field_name":"Unknown","production_trend":null},"geometry":{"type":"Polygon","coordinates":[[[-101.52509275835548,31.527339536861902],[-101.52627632018336,31.530924814364838],[-101.52841520617989,31.53775978634044],[-101.52022028098307,31.539618642918704],[-101.51211143235676,31.54147037609282],[-101.50969678063599,31.534552191675925],[-101.50901602294064,31.53239923189101],[-101.50857968425768,31.531037070026116],[-101.50744483088116,31.527517426983824],[-101.51328073881938,31.52626256768776],[-101.51458592714681,31.52598188024231],[-101.51591412492195,31.525696229263144],[-101.52400318366256,31.523874430147156],[-101.52509275835548,31.527339536861902]]]}},{"type":"Feature","properties":{"ABSTRACT_L":"A-279","ABSTRACT_N":"279","LEVEL1_SUR":"L&SV","LEVEL2_BLO":"A","LEVEL3_SUR":"39","Surv_Sect":"39","SHAPE_AREA":952.1378886547592,"owner_count":778.0,"top_owner":"LYRA PROPERTIES LLC","top_owner_state":"GA","top_operator":"DIAMONDBACK E&P LLC","max_propensity_score":8.0,"field_name":"Unknown","production_trend":null},"geometry":{"type":"MultiPolygon","coordinates":[[[[-101.2901824509722,31.49133459448305],[-101.29004949671688,31.503133198152813],[-101.27144120193186,31.502983467202785],[-101.27148617159499,31.49836075951103],[-101.27142338744146,31.49032797750891],[-101.29019134519183,31.49015306994871],[-101.2901824509722,31.49133459448305]]],[[[-101.52400318366256,31.523874430147156],[-101.53202541223759,31.52181190489038],[-101.5403418121187,31.519889012638206],[-101.54264730775267,31.527107880794027],[-101.52627632018336,31.530924814364838],[-101.52509275835548,31.527339536861902],[-101.52400318366256,31.523874430147156]]]]}},{"type":"Feature","properties":{"ABSTRACT_L":"A-377","ABSTRACT_N":"377","LEVEL1_SUR":"EL&RR","LEVEL2_BLO":"A","LEVEL3_SUR":"4","Surv_Sect":"4","SHAPE_AREA":1794.4460284717081,"owner_count":192.0,"top_owner":"AVM MARITAL TRUST","top_owner_state":"OK","top_operator":"CRESCENT ENERGY OP","max_propensity_score":7.0,"field_name":"Unknown","production_trend":null},"geometry":{"type":"MultiPolygon","coordinates":[[[[-101.3354273830511,31.449408006111007],[-101.33787577998552,31.44940359191278],[-101.33788660648133,31.453333424291223],[-101.33790778336584,31.459664498381986],[-101.33791748247594,31.462753958126097],[-101.33792788945853,31.46455190864918],[-101.32381121960313,31.464529166175645],[-101.30862695323653,31.464472202312322],[-101.30871360472882,31.449355166764914],[-101.31830212954505,31.449398990723967],[-101.3354273830511,31.449408006111007]]],[[[-101.48448626556804,31.62305694576766],[-101.49356915476197,31.621036874936],[-101.50095170200633,31.619304421102623],[-101.50312584597945,31.626210916047654],[-101.50479807155894,31.63151454586433],[-101.5053616215676,31.633301744113886],[-101.5053718300225,31.633329414694167],[-101.49702857590427,31.635246848532045],[-101.48890170078515,31.637113962434498],[-101.48725135636936,31.6318603791026],[-101.48696166496158,31.630938126231513],[-101.48514291876937,31.625147529844863],[-101.48448626556804,31.62305694576766]]]]}},{"type":"Feature","properties":{"ABSTRACT_L":"A-241","ABSTRACT_N":"241","LEVEL1_SUR":"L&SV","LEVEL2_BLO":"A","LEVEL3_SUR":"40","Surv_Sect":"40","SHAPE_AREA":826.6257199223269,"owner_count":574.0,"top_owner":"ELLORA ENERGY LLC","top_owner_state":"CO","top_operator":"CIVITAS PERMIAN OPER","max_propensity_score":8.0,"field_name":"Unknown","production_trend":null},"geometry":{"type":"MultiPolygon","coordinates":[[[[-101.27148617159499,31.49836075951103],[-101.27144120193186,31.502983467202785],[-101.27141245943604,31.503848535370224],[-101.26845799478967,31.50015278157665],[-101.26828098535618,31.499939925510013],[-101.26845098703214,31.48217502540461],[-101.26845399549003,31.482019922037676],[-101.26842307457963,31.479162031639778],[-101.26848017239739,31.479012763346997],[-101.271408661359,31.478989602259222],[-101.27142338744146,31.49032797750891],[-101.27148617159499,31.49836075951103]]],[[[-101.55669853084805,31.516243388717072],[-101.55892011035976,31.52309496224818],[-101.55893404143319,31.52313792619798],[-101.5592161241105,31.524064217318696],[-101.56112422033415,31.530329395701873],[-101.55329200161138,31.532126278610047],[-101.54484663240153,31.53399310609463],[-101.54264730775267,31.527107880794027],[-101.5403418121187,31.519889012638206],[-101.54852526133779,31.51804402007045],[-101.55290741127867,31.517055804895474],[-101.55669853084805,31.516243388717072]]]]}},{"type":"Feature","properties":{"ABSTRACT_L":"A-280","ABSTRACT_N":"280","LEVEL1_SUR":"L&SV","LEVEL2_BLO":"A","LEVEL3_SUR":"41","Surv_Sect":"41","SHAPE_AREA":1264.5977411735362,"owner_count":2.0,"top_owner":"DIAMONDBACK E&P LLC  WI","top_owner_state":"OK","top_operator":"DIAMONDBACK E&P LLC","max_propensity_score":6.0,"field_name":"Unknown","production_trend":null},"geometry":{"type":"MultiPolygon","coordinates":[[[[-101.27141102213157,31.477541990719345],[-101.27304543762074,31.47753695345649],[-101.27488769721553,31.477531247367356],[-101.290148832421,31.477339178427094],[-101.29021638932362,31.483013952109303],[-101.29019134519183,31.49015306994871],[-101.27142338744146,31.49032797750891],[-101.271408661359,31.478989602259222],[-101.27141102213157,31.477541990719345]]],[[[-101.56267523892728,31.514904051541436],[-101.56412801506602,31.514578447551596],[-101.5642721928725,31.514546132995115],[-101.56501843146383,31.51437887381816],[-101.57304647663034,31.512540232280806],[-101.57426689363936,31.516298150764783],[-101.57752313562732,31.526505147352605],[-101.56932995316217,31.5283997805337],[-101.56112422033415,31.530329395701873],[-101.5592161241105,31.524064217318696],[-101.55893404143319,31.52313792619798],[-101.55892011035976,31.52309496224818],[-101.55669853084805,31.516243388717072],[-101.56267523892728,31.514904051541436]]]]}},{"type":"Feature","properties":{"ABSTRACT_L":"BA--S42","ABSTRACT_N":"BA--S42","LEVEL1_SUR":null,"LEVEL2_BLO":"A","LEVEL3_SUR":"42","Surv_Sect":"42","SHAPE_AREA":1277.69229194653,"owner_count":0.0,"top_owner":"","top_owner_state":"","top_operator":"","max_propensity_score":0.0,"field_name":"Unknown","production_trend":null},"geometry":{"type":"MultiPolygon","coordinates":[[[[-101.5719371012719,31.509100220114703],[-101.57230118845655,31.51022923482504],[-101.57233438569789,31.510332174989014],[-101.57304647663034,31.512540232280806],[-101.56501843146383,31.51437887381816],[-101.5642721928725,31.514546132995115],[-101.56412801506602,31.514578447551596],[-101.56267523892728,31.514904051541436],[-101.55669853084805,31.516243388717072],[-101.55514808358342,31.511370271175913],[-101.55459322567346,31.509600339430342],[-101.554488016784,31.50926444902598],[-101.55226129262068,31.502164578433792],[-101.56040188231924,31.50032028756779],[-101.56859326096732,31.498463903467222],[-101.56909545604208,31.500168535397155],[-101.57075239588868,31.50542629133868],[-101.5719371012719,31.509100220114703]]],[[[-101.28196470856716,31.463115847112597],[-101.29046420486611,31.46303612729338],[-101.29052150480483,31.468170371858232],[-101.2906335920944,31.477325744419524],[-101.290148832421,31.477339178427094],[-101.27488769721553,31.477531247367356],[-101.27304543762074,31.47753695345649],[-101.27381976293779,31.463318971433996],[-101.27489112608497,31.46332912028261],[-101.28196470856716,31.463115847112597]]]]}},{"type":"Feature","properties":{"ABSTRACT_L":"BA--S43","ABSTRACT_N":"BA--S43","LEVEL1_SUR":null,"LEVEL2_BLO":"A","LEVEL3_SUR":"43","Surv_Sect":"43","SHAPE_AREA":639.0711219399827,"owner_count":0.0,"top_owner":"","top_owner_state":"","top_operator":"","max_propensity_score":0.0,"field_name":"Unknown","production_trend":null},"geometry":{"type":"Polygon","coordinates":[[[-101.55459322567346,31.509600339430342],[-101.55514808358342,31.511370271175913],[-101.55669853084805,31.516243388717072],[-101.55290741127867,31.517055804895474],[-101.54852526133779,31.51804402007045],[-101.5403418121187,31.519889012638206],[-101.5383843408938,31.51370369754162],[-101.53592738391302,31.505888572305594],[-101.54398699228534,31.50402149565512],[-101.5487587972605,31.502991032147406],[-101.55226129262068,31.502164578433792],[-101.554488016784,31.50926444902598],[-101.55459322567346,31.509600339430342]]]}},{"type":"Feature","properties":{"ABSTRACT_L":"BA--S44","ABSTRACT_N":"BA--S44","LEVEL1_SUR":null,"LEVEL2_BLO":"A","LEVEL3_SUR":"44","Surv_Sect":"44","SHAPE_AREA":642.7399562321207,"owner_count":0.0,"top_owner":"","top_owner_state":"","top_operator":"","max_propensity_score":0.0,"field_name":"Unknown","production_trend":null},"geometry":{"type":"Polygon","coordinates":[[[-101.5195385001066,31.509783449731597],[-101.52760726680326,31.507780630537127],[-101.53592738391302,31.505888572305594],[-101.5383843408938,31.51370369754162],[-101.5403418121187,31.519889012638206],[-101.53202541223759,31.52181190489038],[-101.52400318366256,31.523874430147156],[-101.52395781694406,31.523730464029825],[-101.52175199567908,31.516729967175742],[-101.52123815125172,31.515061809827888],[-101.5195385001066,31.509783449731597]]]}},{"type":"Feature","properties":{"ABSTRACT_L":"A-262","ABSTRACT_N":"262","LEVEL1_SUR":"L&SVRR A-262","LEVEL2_BLO":"A","LEVEL3_SUR":"45","Surv_Sect":"45","SHAPE_AREA":643.456977309936,"owner_count":112.0,"top_owner":"KRR LLC","top_owner_state":"TN","top_operator":"DIAMONDBACK E&P LLC","max_propensity_score":8.0,"field_name":"Unknown","production_trend":null},"geometry":{"type":"Polygon","coordinates":[[[-101.50412393354893,31.51666779087565],[-101.50383510093057,31.515740230987223],[-101.50309097517678,31.513606991869747],[-101.50819093831846,31.512427487995534],[-101.51140758616198,31.51169185034683],[-101.51140014002658,31.51167091600156],[-101.5195385001066,31.509783449731597],[-101.52123815125172,31.515061809827888],[-101.52175199567908,31.516729967175742],[-101.52395781694406,31.523730464029825],[-101.52400318366256,31.523874430147156],[-101.51591412492195,31.525696229263144],[-101.51458592714681,31.52598188024231],[-101.51328073881938,31.52626256768776],[-101.50744483088116,31.527517426983824],[-101.50609099428951,31.523034318622805],[-101.50565025835323,31.52157218847699],[-101.5055262603013,31.521190684612606],[-101.50530502860302,31.520416942973696],[-101.50412393354893,31.51666779087565]]]}},{"type":"Feature","properties":{"ABSTRACT_L":"BA--S46","ABSTRACT_N":"BA--S46","LEVEL1_SUR":null,"LEVEL2_BLO":"A","LEVEL3_SUR":"46","Surv_Sect":"46","SHAPE_AREA":614.6357902824086,"owner_count":0.0,"top_owner":"","top_owner_state":"","top_operator":"","max_propensity_score":0.0,"field_name":"Unknown","production_trend":null},"geometry":{"type":"Polygon","coordinates":[[[-101.50383510093057,31.515740230987223],[-101.50412393354893,31.51666779087565],[-101.50530502860302,31.520416942973696],[-101.5055262603013,31.521190684612606],[-101.50565025835323,31.52157218847699],[-101.50609099428951,31.523034318622805],[-101.50744483088116,31.527517426983824],[-101.5011213704073,31.52882765736055],[-101.49945144271831,31.52922828479108],[-101.49130499241085,31.531055007734423],[-101.49031693003995,31.527486195028636],[-101.4900825640739,31.526695984342403],[-101.48721749706966,31.517354209851007],[-101.50308178451309,31.513586499836478],[-101.50309097517678,31.513606991869747],[-101.50383510093057,31.515740230987223]]]}},{"type":"Feature","properties":{"ABSTRACT_L":"A-353","ABSTRACT_N":"353","LEVEL1_SUR":"T&P RR","LEVEL2_BLO":"A","LEVEL3_SUR":"5","Surv_Sect":"5","SHAPE_AREA":1982.3399538670194,"owner_count":4051.0,"top_owner":"CROWDER HELEN ESTATE","top_owner_state":"OK","top_operator":"PIONEER NAT RES USA","max_propensity_score":10.0,"field_name":"Unknown","production_trend":null},"geometry":{"type":"MultiPolygon","coordinates":[[[[-101.45015183075554,31.192099287130112],[-101.44995427954647,31.19209364285773],[-101.44959902459772,31.192083493924905],[-101.44903267993018,31.192067311112226],[-101.44835202104953,31.192047858536352],[-101.44795599875653,31.19203653924699],[-101.44772028980913,31.19202980146435],[-101.44752319853748,31.192024167177685],[-101.44738840183751,31.192020313393073],[-101.44739610309446,31.191811369637822],[-101.44740698438748,31.19151616554146],[-101.44909471578708,31.191566399476265],[-101.45024449018048,31.19160060725678],[-101.45023000215159,31.191945325551732],[-101.45022344534833,31.192101332746564],[-101.45015183075554,31.192099287130112]]],[[[-101.33159024997623,31.48235226835111],[-101.32388367681563,31.482481978578015],[-101.32381121960313,31.464529166175645],[-101.33792788945853,31.46455190864918],[-101.33963211302844,31.464551848117026],[-101.3439239490456,31.464551543923726],[-101.3528615456238,31.464550451279823],[-101.35286939061119,31.482040654646408],[-101.34396094975385,31.482133443796986],[-101.33159024997623,31.48235226835111]]],[[[-101.52073503360717,31.626291536884935],[-101.52181738764187,31.629605743199146],[-101.52182858065031,31.62963321448149],[-101.51902068961726,31.630264163721385],[-101.51624378866492,31.630887934244097],[-101.51380783339718,31.631435063077262],[-101.51356196270729,31.631490283727448],[-101.50940775757479,31.632423202351315],[-101.5053718300225,31.633329414694167],[-101.5053616215676,31.633301744113886],[-101.50479807155894,31.63151454586433],[-101.50312584597945,31.626210916047654],[-101.50095170200633,31.619304421102623],[-101.50508851844987,31.618347011271094],[-101.50913626962794,31.617466334758607],[-101.51454091346625,31.61624915698211],[-101.517356715962,31.6156237262055],[-101.51968147776385,31.62288412806814],[-101.52073503360717,31.626291536884935]]]]}},{"type":"Feature","properties":{"ABSTRACT_L":"BA--S52","ABSTRACT_N":"BA--S52","LEVEL1_SUR":null,"LEVEL2_BLO":"A","LEVEL3_SUR":"52","Surv_Sect":"52","SHAPE_AREA":162.7228008537832,"owner_count":0.0,"top_owner":"","top_owner_state":"","top_operator":"","max_propensity_score":0.0,"field_name":"Unknown","production_trend":null},"geometry":{"type":"Polygon","coordinates":[[[-101.2925735479679,31.503299857066153],[-101.29254362688242,31.50580095198516],[-101.29245992725414,31.51607071065755],[-101.29094540541436,31.516053788596462],[-101.28990409540499,31.516042794654002],[-101.29004752132157,31.503308510346958],[-101.29004949671688,31.503133198152813],[-101.2901824509722,31.49133459448305],[-101.29270765655835,31.491396433737965],[-101.29261066096556,31.50010363971937],[-101.2925735479679,31.503299857066153]]]}},{"type":"Feature","properties":{"ABSTRACT_L":"A-376","ABSTRACT_N":"376","LEVEL1_SUR":"D&WRR","LEVEL2_BLO":"A","LEVEL3_SUR":"6","Surv_Sect":"6","SHAPE_AREA":1661.5176275942865,"owner_count":47.0,"top_owner":"DAVIS STEVEN PAUL LLC","top_owner_state":"FL","top_operator":"OCCIDENTAL PERM LTD","max_propensity_score":7.0,"field_name":"Unknown","production_trend":null},"geometry":{"type":"MultiPolygon","coordinates":[[[[-101.36764494059149,31.44942833900899],[-101.36820615498041,31.46459160701379],[-101.3528615456238,31.464550451279823],[-101.3439239490456,31.464551543923726],[-101.33963211302844,31.464551848117026],[-101.33792788945853,31.46455190864918],[-101.33791748247594,31.462753958126097],[-101.33790778336584,31.459664498381986],[-101.33788660648133,31.453333424291223],[-101.33787577998552,31.44940359191278],[-101.35329176228808,31.449437240206525],[-101.36764494059149,31.44942833900899]]],[[[-101.53509701540035,31.61586488469703],[-101.53525396725018,31.616368894777416],[-101.53611069502821,31.619119949885206],[-101.53677312619347,31.621239418000474],[-101.53705388205908,31.62213767302266],[-101.53819352435438,31.625783646625962],[-101.53823466629609,31.62591526491816],[-101.53043469888866,31.627683026994642],[-101.5283471570005,31.620898277245974],[-101.51968147776385,31.62288412806814],[-101.517356715962,31.6156237262055],[-101.52537559292271,31.6138663502431],[-101.5302522824955,31.61273814636151],[-101.53386322247675,31.611902648686222],[-101.53509701540035,31.61586488469703]]]]}},{"type":"Feature","properties":{"ABSTRACT_L":"A-126","ABSTRACT_N":"126","LEVEL1_SUR":"EDNEY","LEVEL2_BLO":"A","LEVEL3_SUR":"7","Surv_Sect":"7","SHAPE_AREA":1944.3099866086568,"owner_count":58.0,"top_owner":"MCAFEE ENTERPRISES LP","top_owner_state":"OK","top_operator":"PIONEER NAT RES","max_propensity_score":8.0,"field_name":"Unknown","production_trend":null},"geometry":{"type":"MultiPolygon","coordinates":[[[[-101.38165656864409,31.464663534492257],[-101.38161421397676,31.477094290760995],[-101.38159820240514,31.481783312720598],[-101.37540524378588,31.481839067120813],[-101.35919161769813,31.481970311766016],[-101.35286939061119,31.482040654646408],[-101.3528615456238,31.464550451279823],[-101.36820615498041,31.46459160701379],[-101.3754017475428,31.4646303268867],[-101.38165656864409,31.464663534492257]]],[[[-101.53509701540035,31.61586488469703],[-101.53386322247675,31.611902648686222],[-101.5395303127186,31.61059556504869],[-101.55026415987764,31.608132500383537],[-101.55467188485468,31.62233665368021],[-101.54650999969401,31.624304561685488],[-101.54384506206371,31.62481241488854],[-101.54180100222857,31.625189085245268],[-101.53823466629609,31.62591526491816],[-101.53819352435438,31.625783646625962],[-101.53611069502821,31.619119949885206],[-101.53525396725018,31.616368894777416],[-101.53509701540035,31.61586488469703]]]]}},{"type":"Feature","properties":{"ABSTRACT_L":"BA--S8","ABSTRACT_N":"BA--S8","LEVEL1_SUR":"JG ROBINSON","LEVEL2_BLO":"A","LEVEL3_SUR":"8","Surv_Sect":"8","SHAPE_AREA":1777.7066230889714,"owner_count":52.0,"top_owner":"MCAFEE ENTERPRISES LP","top_owner_state":"OK","top_operator":"PIONEER NAT RES","max_propensity_score":8.0,"field_name":"Unknown","production_trend":null},"geometry":{"type":"MultiPolygon","coordinates":[[[[-101.37540161728707,31.449515461119933],[-101.38582459076397,31.449630243097626],[-101.38644934029799,31.449637096583533],[-101.39696929140138,31.449760722102678],[-101.3964423270793,31.464586983584145],[-101.38165656864409,31.464663534492257],[-101.3754017475428,31.4646303268867],[-101.36820615498041,31.46459160701379],[-101.36764494059149,31.44942833900899],[-101.3696286309446,31.449451423877964],[-101.37540161728707,31.449515461119933]]],[[[-101.57119474969078,31.618555942308614],[-101.56292707982055,31.620408116666024],[-101.55467188485468,31.62233665368021],[-101.55026415987764,31.608132500383537],[-101.55851260849573,31.606289050638363],[-101.56674677659576,31.60441652949791],[-101.56676743066078,31.604410874003953],[-101.56899894823447,31.611429470961976],[-101.57119474969078,31.618555942308614]]]]}},{"type":"Feature","properties":{"ABSTRACT_L":"A-231","ABSTRACT_N":"231","LEVEL1_SUR":"JACKSON","LEVEL2_BLO":"A","LEVEL3_SUR":"9","Surv_Sect":"9","SHAPE_AREA":1899.5775511941251,"owner_count":46.0,"top_owner":"MCAFEE ENTERPRISES LP","top_owner_state":"OK","top_operator":"PIONEER NAT RES","max_propensity_score":8.0,"field_name":"Unknown","production_trend":null},"geometry":{"type":"MultiPolygon","coordinates":[[[[-101.38159820240514,31.481783312720598],[-101.38161421397676,31.477094290760995],[-101.38165656864409,31.464663534492257],[-101.3964423270793,31.464586983584145],[-101.4098409968843,31.464408970644083],[-101.40972471356403,31.47390233865111],[-101.40964299921254,31.481568896453574],[-101.40770903689861,31.481584431238293],[-101.40077937799967,31.481638459756116],[-101.39420216052606,31.4816903033551],[-101.39135268288526,31.481705051345703],[-101.39047802832741,31.481714748506405],[-101.38159820240514,31.481783312720598]]],[[[-101.58536938064493,31.60774138636081],[-101.58776251591804,31.61483782474514],[-101.57940841643938,31.616597341912488],[-101.57119474969078,31.618555942308614],[-101.56899894823447,31.611429470961976],[-101.56676743066078,31.604410874003953],[-101.56882431484493,31.60391572851266],[-101.56884508838587,31.603910665165714],[-101.57537296768913,31.602340491788684],[-101.5753939128083,31.602335726745178],[-101.58306969082265,31.600689798954242],[-101.58309102491233,31.60068608815295],[-101.58536938064493,31.60774138636081]]]]}},{"type":"Feature","properties":{"ABSTRACT_L":"BB--S1","ABSTRACT_N":"BB--S1","LEVEL1_SUR":"L&SV","LEVEL2_BLO":"B","LEVEL3_SUR":"1","Surv_Sect":"1","SHAPE_AREA":648.4369590945818,"owner_count":64.0,"top_owner":"AR MIDLAND LP","top_owner_state":"OK","top_operator":"PIONEER NAT RES USA","max_propensity_score":7.0,"field_name":"Unknown","production_trend":null},"geometry":{"type":"Polygon","coordinates":[[[-101.61616696492753,31.593283359611874],[-101.61836338262812,31.600292828834366],[-101.6205767209954,31.60733470786501],[-101.61651720727703,31.608295619380144],[-101.61250517670791,31.609194705461327],[-101.60843532427891,31.610133289330502],[-101.60423891719267,31.611078180575998],[-101.60395594158999,31.611144492440147],[-101.60193411146486,31.603960890066062],[-101.59968308787307,31.59695179407646],[-101.60415984119317,31.59591725500042],[-101.60785667089539,31.595120268369815],[-101.61128038580176,31.594370885829246],[-101.61616696492753,31.593283359611874]]]}},{"type":"Feature","properties":{"ABSTRACT_L":"A-748","ABSTRACT_N":"748","LEVEL1_SUR":"L&SV E2NW","LEVEL2_BLO":"B","LEVEL3_SUR":"10","Surv_Sect":"10","SHAPE_AREA":650.53156181253,"owner_count":82.0,"top_owner":"ELLORA ENERGY LLC","top_owner_state":"CO","top_operator":"PIONEER NAT RES USA","max_propensity_score":8.0,"field_name":"Unknown","production_trend":null},"geometry":{"type":"Polygon","coordinates":[[[-101.64900125184309,31.58579845564062],[-101.64487208904576,31.58672327545229],[-101.64065338846913,31.587700399624016],[-101.63947108787592,31.587973373218926],[-101.63656227201905,31.588644917028635],[-101.63532699687522,31.588930247533323],[-101.63251881388972,31.589578846666498],[-101.63032648532028,31.582481021374125],[-101.62815930957882,31.575234433246266],[-101.63622308793069,31.573467594793502],[-101.64457066833533,31.57175199069196],[-101.64637723516893,31.57738210071596],[-101.64684538050113,31.57892102085918],[-101.64900125184309,31.58579845564062]]]}},{"type":"Feature","properties":{"ABSTRACT_L":"BB--S12","ABSTRACT_N":"BB--S12","LEVEL1_SUR":null,"LEVEL2_BLO":"B","LEVEL3_SUR":"12","Surv_Sect":"12","SHAPE_AREA":649.1509259680885,"owner_count":0.0,"top_owner":"","top_owner_state":"","top_operator":"","max_propensity_score":0.0,"field_name":"Unknown","production_trend":null},"geometry":{"type":"Polygon","coordinates":[[[-101.61393651365407,31.58640112828883],[-101.61477930676543,31.588906179372202],[-101.61577143041971,31.592041426449146],[-101.61616696492753,31.593283359611874],[-101.61128038580176,31.594370885829246],[-101.60785667089539,31.595120268369815],[-101.60415984119317,31.59591725500042],[-101.59968308787307,31.59695179407646],[-101.59853157793455,31.5931716823271],[-101.5975720882779,31.590312196283787],[-101.5966832897459,31.587587078838553],[-101.59626830581388,31.586362846833936],[-101.59523053067517,31.58290499842156],[-101.59951167584214,31.581907942307836],[-101.6034295297318,31.58092218324637],[-101.61165678080413,31.579036836318977],[-101.61300180043126,31.583305529146774],[-101.61393651365407,31.58640112828883]]]}},{"type":"Feature","properties":{"ABSTRACT_L":"A-289","ABSTRACT_N":"289","LEVEL1_SUR":"L&SVRR","LEVEL2_BLO":"B","LEVEL3_SUR":"13","Surv_Sect":"13","SHAPE_AREA":636.7808030368631,"owner_count":407.0,"top_owner":"HERNSTADT WILLIAM L ESTATE TR","top_owner_state":"FL","top_operator":"PIONEER NATURAL RES","max_propensity_score":10.0,"field_name":"Unknown","production_trend":null},"geometry":{"type":"Polygon","coordinates":[[[-101.6079120376596,31.567093387615945],[-101.60876175139191,31.569878502105194],[-101.61020381691749,31.574504047719063],[-101.61165678080413,31.579036836318977],[-101.6034295297318,31.58092218324637],[-101.59951167584214,31.581907942307836],[-101.59523053067517,31.58290499842156],[-101.59315925458185,31.576191560045718],[-101.59083228921259,31.568907194689995],[-101.5952512152829,31.56793429970338],[-101.59906800870309,31.567046509791243],[-101.60500584398503,31.565709576029768],[-101.60543228952177,31.565613547253434],[-101.60733019256186,31.56518615362911],[-101.60748017258678,31.565677783567427],[-101.6079120376596,31.567093387615945]]]}},{"type":"Feature","properties":{"ABSTRACT_L":"A-757","ABSTRACT_N":"757","LEVEL1_SUR":"L&SVRR","LEVEL2_BLO":"B","LEVEL3_SUR":"14","Surv_Sect":"14","SHAPE_AREA":634.1715392484633,"owner_count":167.0,"top_owner":"ELLORA ENERGY LLC","top_owner_state":"CO","top_operator":"OXY USA WTP LP","max_propensity_score":8.0,"field_name":"Unknown","production_trend":null},"geometry":{"type":"Polygon","coordinates":[[[-101.60733019256186,31.56518615362911],[-101.60768457704316,31.565106482568904],[-101.6095412348353,31.564689065261955],[-101.61560510824319,31.563325563642604],[-101.61590968293856,31.563257069967662],[-101.62375401095137,31.561459807353206],[-101.62547511206884,31.56709264212652],[-101.62815930957882,31.575234433246266],[-101.62537538290262,31.575915802921305],[-101.62031575501548,31.577070037099492],[-101.61165678080413,31.579036836318977],[-101.61020381691749,31.574504047719063],[-101.60876175139191,31.569878502105194],[-101.6079120376596,31.567093387615945],[-101.60748017258678,31.565677783567427],[-101.60733019256186,31.56518615362911]]]}},{"type":"Feature","properties":{"ABSTRACT_L":"A-290","ABSTRACT_N":"290","LEVEL1_SUR":"BLK B SEC 15 A-290","LEVEL2_BLO":"B","LEVEL3_SUR":"15","Surv_Sect":"15","SHAPE_AREA":635.204139556848,"owner_count":531.0,"top_owner":"M SQUARED ENERGY LLC","top_owner_state":"NM","top_operator":"OXY USA WTP","max_propensity_score":8.0,"field_name":"Unknown","production_trend":null},"geometry":{"type":"Polygon","coordinates":[[[-101.63209158771701,31.559595521680848],[-101.6402569116286,31.55776111087288],[-101.64236974468527,31.564603764952366],[-101.64457066833533,31.57175199069196],[-101.63622308793069,31.573467594793502],[-101.62815930957882,31.575234433246266],[-101.62547511206884,31.56709264212652],[-101.62375401095137,31.561459807353206],[-101.63209158771701,31.559595521680848]]]}},{"type":"Feature","properties":{"ABSTRACT_L":"A-395","ABSTRACT_N":"395","LEVEL1_SUR":"L&SV","LEVEL2_BLO":"B","LEVEL3_SUR":"16","Surv_Sect":"16","SHAPE_AREA":633.8881905003358,"owner_count":800.0,"top_owner":"CARKEL ENERGY LLC","top_owner_state":"OK","top_operator":"OXY USA WTP LP","max_propensity_score":8.0,"field_name":"Unknown","production_trend":null},"geometry":{"type":"Polygon","coordinates":[[[-101.64236974468527,31.564603764952366],[-101.6402569116286,31.55776111087288],[-101.64810158908604,31.55601015728275],[-101.65658835086754,31.55414064688939],[-101.66094301056408,31.568004462303048],[-101.65215941307338,31.57000396322231],[-101.64457066833533,31.57175199069196],[-101.64236974468527,31.564603764952366]]]}},{"type":"Feature","properties":{"ABSTRACT_L":"A-291","ABSTRACT_N":"291","LEVEL1_SUR":"L&SVRR","LEVEL2_BLO":"B","LEVEL3_SUR":"17","Surv_Sect":"17","SHAPE_AREA":655.0677644679948,"owner_count":245.0,"top_owner":"MALONE FRANCES FELL ESTATE","top_owner_state":"OK","top_operator":"PIONEER NATURAL RES","max_propensity_score":10.0,"field_name":"Unknown","production_trend":null},"geometry":{"type":"Polygon","coordinates":[[[-101.67335711873287,31.550104446859656],[-101.67563624791495,31.55750915276579],[-101.67769671997034,31.564235103746704],[-101.6697276474056,31.566013672370495],[-101.66094301056408,31.568004462303048],[-101.65658835086754,31.55414064688939],[-101.66490909320476,31.552098760877776],[-101.67335711873287,31.550104446859656]]]}},{"type":"Feature","properties":{"ABSTRACT_L":"A-924","ABSTRACT_N":"924","LEVEL1_SUR":"L&SV/MOORE","LEVEL2_BLO":"B","LEVEL3_SUR":"18","Surv_Sect":"18","SHAPE_AREA":646.4526559649381,"owner_count":22.0,"top_owner":"PIONEER NATURAL RES INC WI","top_owner_state":"TX","top_operator":"PIONEER NAT RES USA","max_propensity_score":1.0,"field_name":"Unknown","production_trend":null},"geometry":{"type":"Polygon","coordinates":[[[-101.69179535075651,31.552987308533577],[-101.69207813950963,31.553912425511598],[-101.69410867790313,31.560564946644423],[-101.68597310529543,31.56238457547666],[-101.67769671997034,31.564235103746704],[-101.67563624791495,31.55750915276579],[-101.67335711873287,31.550104446859656],[-101.68147386355052,31.548291953748805],[-101.68985834674703,31.54635521805012],[-101.69179535075651,31.552987308533577]]]}},{"type":"Feature","properties":{"ABSTRACT_L":"A-292","ABSTRACT_N":"292","LEVEL1_SUR":"L&SV SEC 19","LEVEL2_BLO":"B","LEVEL3_SUR":"19","Surv_Sect":"19","SHAPE_AREA":667.1557879498185,"owner_count":354.0,"top_owner":"A & G REED ENTERPRISES LLC","top_owner_state":"CA","top_operator":"PIONEER NATURAL RES","max_propensity_score":9.0,"field_name":"Unknown","production_trend":null},"geometry":{"type":"Polygon","coordinates":[[[-101.67688185009126,31.53371747688537],[-101.6854571040131,31.53214044438792],[-101.6865360731958,31.535698315763227],[-101.68985834674703,31.54635521805012],[-101.68147386355052,31.548291953748805],[-101.67335711873287,31.550104446859656],[-101.67125987953122,31.543358597036395],[-101.66875950427782,31.53539303492057],[-101.673204865072,31.53452783231124],[-101.67688185009126,31.53371747688537]]]}},{"type":"Feature","properties":{"ABSTRACT_L":"BB--S2","ABSTRACT_N":"BB--S2","LEVEL1_SUR":null,"LEVEL2_BLO":"B","LEVEL3_SUR":"2","Surv_Sect":"2","SHAPE_AREA":638.6775523705911,"owner_count":0.0,"top_owner":"","top_owner_state":"","top_operator":"","max_propensity_score":0.0,"field_name":"Unknown","production_trend":null},"geometry":{"type":"Polygon","coordinates":[[[-101.63471977706565,31.59652671179913],[-101.63700973723512,31.603499384750798],[-101.62866224845864,31.605447418863225],[-101.62540802229016,31.606207052946537],[-101.6205767209954,31.60733470786501],[-101.61836338262812,31.600292828834366],[-101.61616696492753,31.593283359611874],[-101.62475762046489,31.591356512464696],[-101.63251881388972,31.589578846666498],[-101.63471977706565,31.59652671179913]]]}},{"type":"Feature","properties":{"ABSTRACT_L":"BB--S20","ABSTRACT_N":"BB--S20","LEVEL1_SUR":"BLK B,SEC 20,L&SV RR/FNB ANSON","LEVEL2_BLO":"B","LEVEL3_SUR":"20","Surv_Sect":"20","SHAPE_AREA":696.6087659901654,"owner_count":598.0,"top_owner":"A & G REED ENTERPRISES LLC","top_owner_state":"CA","top_operator":"DE CENTRAL OPER LLC","max_propensity_score":9.0,"field_name":"Unknown","production_trend":null},"geometry":{"type":"Polygon","coordinates":[[[-101.65201774066823,31.539187143631636],[-101.66025172191867,31.537132769088927],[-101.66875950427782,31.53539303492057],[-101.67125987953122,31.543358597036395],[-101.67335711873287,31.550104446859656],[-101.66490909320476,31.552098760877776],[-101.65658835086754,31.55414064688939],[-101.65450341319539,31.54729831163557],[-101.65201774066823,31.539187143631636]]]}},{"type":"Feature","properties":{"ABSTRACT_L":"BB--S21","ABSTRACT_N":"BB--S21","LEVEL1_SUR":null,"LEVEL2_BLO":"B","LEVEL3_SUR":"21","Surv_Sect":"21","SHAPE_AREA":675.1175828892791,"owner_count":2.0,"top_owner":"APACHE CORP WI SAU","top_owner_state":"TX","top_operator":"APACHE CORPORATION","max_propensity_score":2.0,"field_name":"Unknown","production_trend":null},"geometry":{"type":"Polygon","coordinates":[[[-101.64810158908604,31.55601015728275],[-101.6402569116286,31.55776111087288],[-101.63807536823246,31.55115969038704],[-101.63559991763493,31.54329388447171],[-101.64334064743761,31.54130427831057],[-101.65201774066823,31.539187143631636],[-101.65450341319539,31.54729831163557],[-101.65658835086754,31.55414064688939],[-101.64810158908604,31.55601015728275]]]}},{"type":"Feature","properties":{"ABSTRACT_L":"BB--S22","ABSTRACT_N":"BB--S22","LEVEL1_SUR":null,"LEVEL2_BLO":"B","LEVEL3_SUR":"22","Surv_Sect":"22","SHAPE_AREA":659.0607440911209,"owner_count":0.0,"top_owner":"","top_owner_state":"","top_operator":"","max_propensity_score":0.0,"field_name":"Unknown","production_trend":null},"geometry":{"type":"Polygon","coordinates":[[[-101.63807536823246,31.55115969038704],[-101.6402569116286,31.55776111087288],[-101.63209158771701,31.559595521680848],[-101.62375401095137,31.561459807353206],[-101.6216861403713,31.555008903430362],[-101.61926332476122,31.547321489483927],[-101.62810811818403,31.545011667952267],[-101.62814207540009,31.54500387520756],[-101.63556537202238,31.54330029930658],[-101.63559991763493,31.54329388447171],[-101.63807536823246,31.55115969038704]]]}},{"type":"Feature","properties":{"ABSTRACT_L":"BB--S23","ABSTRACT_N":"BB--S23","LEVEL1_SUR":null,"LEVEL2_BLO":"B","LEVEL3_SUR":"23","Surv_Sect":"23","SHAPE_AREA":649.8763678199952,"owner_count":0.0,"top_owner":"","top_owner_state":"","top_operator":"","max_propensity_score":0.0,"field_name":"Unknown","production_trend":null},"geometry":{"type":"Polygon","coordinates":[[[-101.61922959122568,31.547330296391067],[-101.61926332476122,31.547321489483927],[-101.6216861403713,31.555008903430362],[-101.62375401095137,31.561459807353206],[-101.61590968293856,31.563257069967662],[-101.61560510824319,31.563325563642604],[-101.6095412348353,31.564689065261955],[-101.60768457704316,31.565106482568904],[-101.60733019256186,31.56518615362911],[-101.60515036764288,31.558877649053212],[-101.60427705337145,31.556033242640467],[-101.60415172671122,31.555625031006134],[-101.60276249829398,31.551099815964317],[-101.61119123429802,31.549224312553594],[-101.61922959122568,31.547330296391067]]]}},{"type":"Feature","properties":{"ABSTRACT_L":"BB--S24","ABSTRACT_N":"BB--S24","LEVEL1_SUR":null,"LEVEL2_BLO":"B","LEVEL3_SUR":"24","Surv_Sect":"24","SHAPE_AREA":644.8709171326016,"owner_count":240.0,"top_owner":"MCAFEE ENTERPRISES LP","top_owner_state":"OK","top_operator":"PIONEER NAT RES USA","max_propensity_score":8.0,"field_name":"Unknown","production_trend":null},"geometry":{"type":"Polygon","coordinates":[[[-101.60733019256186,31.56518615362911],[-101.60543228952177,31.565613547253434],[-101.60500584398503,31.565709576029768],[-101.59906800870309,31.567046509791243],[-101.5952512152829,31.56793429970338],[-101.59083228921259,31.568907194689995],[-101.58883280917172,31.562514656843682],[-101.58642341259535,31.5548073102313],[-101.59088567608991,31.553776072665016],[-101.59466638508347,31.552830648509882],[-101.60276249829398,31.551099815964317],[-101.60415172671122,31.555625031006134],[-101.60427705337145,31.556033242640467],[-101.60515036764288,31.558877649053212],[-101.60733019256186,31.56518615362911]]]}},{"type":"Feature","properties":{"ABSTRACT_L":"A-295","ABSTRACT_N":"295","LEVEL1_SUR":"BLK B SEC 25 A-295","LEVEL2_BLO":"B","LEVEL3_SUR":"25","Surv_Sect":"25","SHAPE_AREA":646.5334322883324,"owner_count":339.0,"top_owner":"HERNSTADT WILLIAM L ESTATE TR","top_owner_state":"FL","top_operator":"PIONEER NATURAL RES","max_propensity_score":8.0,"field_name":"Unknown","production_trend":null},"geometry":{"type":"Polygon","coordinates":[[[-101.5983003982928,31.536872505540035],[-101.60276249829398,31.551099815964317],[-101.59466638508347,31.552830648509882],[-101.59088567608991,31.553776072665016],[-101.58642341259535,31.5548073102313],[-101.58460748441817,31.54903723370092],[-101.58194331933903,31.540571187088187],[-101.59012876461468,31.53872057915146],[-101.5983003982928,31.536872505540035]]]}},{"type":"Feature","properties":{"ABSTRACT_L":"BB--S26","ABSTRACT_N":"BB--S26","LEVEL1_SUR":null,"LEVEL2_BLO":"B","LEVEL3_SUR":"26","Surv_Sect":"26","SHAPE_AREA":655.6670368825374,"owner_count":1.0,"top_owner":"SAHARA OPERATING CO","top_owner_state":"TX","top_operator":"SAHARA OPERATING COM","max_propensity_score":1.0,"field_name":"Unknown","production_trend":null},"geometry":{"type":"Polygon","coordinates":[[[-101.60276249829398,31.551099815964317],[-101.5983003982928,31.536872505540035],[-101.60700865947055,31.53487314437552],[-101.61465387320567,31.533011814379464],[-101.61468781425206,31.533003548980858],[-101.6170530289878,31.54038857888833],[-101.61761888497178,31.542163569748197],[-101.61916093119189,31.54700032618321],[-101.61924693589717,31.547270071950543],[-101.61926332476122,31.547321489483927],[-101.61922959122568,31.547330296391067],[-101.61119123429802,31.549224312553594],[-101.60276249829398,31.551099815964317]]]}},{"type":"Feature","properties":{"ABSTRACT_L":"BB--S27","ABSTRACT_N":"BB--S27","LEVEL1_SUR":null,"LEVEL2_BLO":"B","LEVEL3_SUR":"27","Surv_Sect":"27","SHAPE_AREA":648.1745496304752,"owner_count":3.0,"top_owner":"ACE ROYALTIES LLC","top_owner_state":"TX","top_operator":"OLLI ENERGY LLC","max_propensity_score":4.0,"field_name":"Unknown","production_trend":null},"geometry":{"type":"Polygon","coordinates":[[[-101.62372636889177,31.530991652624444],[-101.62442518991085,31.530829388370947],[-101.63118431892445,31.529259714479977],[-101.63350480205062,31.536480551926058],[-101.63559991763493,31.54329388447171],[-101.63556537202238,31.54330029930658],[-101.63398264559464,31.543663560144886],[-101.62814207540009,31.54500387520756],[-101.62810811818403,31.545011667952267],[-101.61926332476122,31.547321489483927],[-101.61924693589717,31.547270071950543],[-101.61916093119189,31.54700032618321],[-101.61761888497178,31.542163569748197],[-101.6170530289878,31.54038857888833],[-101.61468781425206,31.533003548980858],[-101.61469961541995,31.533000919672784],[-101.6147114803682,31.532998275816894],[-101.61482544693337,31.532972887752752],[-101.61510711638564,31.532910135760574],[-101.61541222018874,31.532842161087704],[-101.61615034609476,31.532677710993887],[-101.61671866076769,31.53255109175085],[-101.61733005415007,31.532414870784322],[-101.61799607049159,31.532266476149182],[-101.62369163193806,31.53099728960233],[-101.62372636889177,31.530991652624444]]]}},{"type":"Feature","properties":{"ABSTRACT_L":"BB--S28","ABSTRACT_N":"BB--S28","LEVEL1_SUR":null,"LEVEL2_BLO":"B","LEVEL3_SUR":"28","Surv_Sect":"28","SHAPE_AREA":631.2247797205704,"owner_count":38.0,"top_owner":"AKA&E PROPERTIES LLC","top_owner_state":"CO","top_operator":"APACHE CORPORATION","max_propensity_score":8.0,"field_name":"Unknown","production_trend":null},"geometry":{"type":"Polygon","coordinates":[[[-101.65103905311564,31.53612404673813],[-101.65201774066823,31.539187143631636],[-101.64334064743761,31.54130427831057],[-101.63559991763493,31.54329388447171],[-101.63350480205062,31.536480551926058],[-101.63118431892445,31.529259714479977],[-101.6477359154766,31.525540378755874],[-101.64782258763015,31.52574863192014],[-101.6475480265467,31.525811489800635],[-101.6498635554641,31.532804766497595],[-101.65103905311564,31.53612404673813]]]}},{"type":"Feature","properties":{"ABSTRACT_L":"BB--S29","ABSTRACT_N":"BB--S29","LEVEL1_SUR":null,"LEVEL2_BLO":"B","LEVEL3_SUR":"29","Surv_Sect":"29","SHAPE_AREA":619.5318972666179,"owner_count":66.0,"top_owner":"SUMMIT EXPLORATION LLC","top_owner_state":"OK","top_operator":"APACHE CORPORATION","max_propensity_score":8.0,"field_name":"Unknown","production_trend":null},"geometry":{"type":"Polygon","coordinates":[[[-101.66648368269263,31.52906677858094],[-101.66875950427782,31.53539303492057],[-101.66025172191867,31.537132769088927],[-101.65201774066823,31.539187143631636],[-101.65103905311564,31.53612404673813],[-101.6498635554641,31.532804766497595],[-101.6475480265467,31.525811489800635],[-101.64782258763015,31.52574863192014],[-101.6641622141146,31.522006662201903],[-101.66648368269263,31.52906677858094]]]}},{"type":"Feature","properties":{"ABSTRACT_L":"A-284","ABSTRACT_N":"284","LEVEL1_SUR":"BLK B SEC 3 A-284","LEVEL2_BLO":"B","LEVEL3_SUR":"3","Surv_Sect":"3","SHAPE_AREA":640.7714634473443,"owner_count":94.0,"top_owner":"BUTCHER ROYALTY TRUST","top_owner_state":"NM","top_operator":"PIONEER NAT RES USA","max_propensity_score":7.0,"field_name":"Unknown","production_trend":null},"geometry":{"type":"Polygon","coordinates":[[[-101.65336521089948,31.599840570952086],[-101.64510039318027,31.601713045624567],[-101.63700973723512,31.603499384750798],[-101.63471977706565,31.59652671179913],[-101.63251881388972,31.589578846666498],[-101.63532699687522,31.588930247533323],[-101.63656227201905,31.588644917028635],[-101.63947108787592,31.587973373218926],[-101.64065338846913,31.587700399624016],[-101.64487208904576,31.58672327545229],[-101.64900125184309,31.58579845564062],[-101.65115491512604,31.5928459396971],[-101.65336521089948,31.599840570952086]]]}},{"type":"Feature","properties":{"ABSTRACT_L":"BB--S30","ABSTRACT_N":"BB--S30","LEVEL1_SUR":null,"LEVEL2_BLO":"B","LEVEL3_SUR":"30","Surv_Sect":"30","SHAPE_AREA":641.2918841276943,"owner_count":4.0,"top_owner":"APACHE CORP WI SAU","top_owner_state":"TX","top_operator":"APACHE CORPORATION","max_propensity_score":2.0,"field_name":"Unknown","production_trend":null},"geometry":{"type":"Polygon","coordinates":[[[-101.68048793108517,31.518337647172938],[-101.68119849128837,31.518106380776295],[-101.68329693153757,31.52518955642257],[-101.6854571040131,31.53214044438792],[-101.67688185009126,31.53371747688537],[-101.673204865072,31.53452783231124],[-101.66875950427782,31.53539303492057],[-101.66648368269263,31.52906677858094],[-101.6641622141146,31.522006662201903],[-101.6729843089068,31.52000226099047],[-101.68048793108517,31.518337647172938]]]}},{"type":"Feature","properties":{"ABSTRACT_L":"A-298","ABSTRACT_N":"298","LEVEL1_SUR":"L&SVRR","LEVEL2_BLO":"B","LEVEL3_SUR":"31","Surv_Sect":"31","SHAPE_AREA":639.4291905655717,"owner_count":393.0,"top_owner":"CRABTREE ELIZABETH KAYE ESTATE","top_owner_state":"OK","top_operator":"PIONEER NATURAL RES","max_propensity_score":9.0,"field_name":"Unknown","production_trend":null},"geometry":{"type":"Polygon","coordinates":[[[-101.67828873938697,31.511209603328282],[-101.68048793108517,31.518337647172938],[-101.6729843089068,31.52000226099047],[-101.6641622141146,31.522006662201903],[-101.66209269602427,31.515081973768336],[-101.65965132122044,31.507941228457888],[-101.66782008118798,31.506154941312804],[-101.67615550199693,31.50425372748274],[-101.67828873938697,31.511209603328282]]]}},{"type":"Feature","properties":{"ABSTRACT_L":"A-765","ABSTRACT_N":"765","LEVEL1_SUR":"L&SV","LEVEL2_BLO":"B","LEVEL3_SUR":"32","Surv_Sect":"32","SHAPE_AREA":644.701786487042,"owner_count":43.0,"top_owner":"BASHAM CHARLENE ANNE","top_owner_state":"NM","top_operator":"APACHE CORPORATION","max_propensity_score":5.0,"field_name":"Unknown","production_trend":null},"geometry":{"type":"Polygon","coordinates":[[[-101.66209269602427,31.515081973768336],[-101.6641622141146,31.522006662201903],[-101.64782258763015,31.52574863192014],[-101.6477359154766,31.525540378755874],[-101.64567305659749,31.518984216267096],[-101.64332786890269,31.51168006477435],[-101.65213279868647,31.509651734818515],[-101.65965132122044,31.507941228457888],[-101.66209269602427,31.515081973768336]]]}},{"type":"Feature","properties":{"ABSTRACT_L":"BB--S33","ABSTRACT_N":"BB--S33","LEVEL1_SUR":null,"LEVEL2_BLO":"B","LEVEL3_SUR":"33","Surv_Sect":"33","SHAPE_AREA":643.4301669667407,"owner_count":4.0,"top_owner":"APACHE CORP WI SAU","top_owner_state":"TX","top_operator":"APACHE CORPORATION","max_propensity_score":2.0,"field_name":"Unknown","production_trend":null},"geometry":{"type":"Polygon","coordinates":[[[-101.6477359154766,31.525540378755874],[-101.63118431892445,31.529259714479977],[-101.62915549451652,31.52290731338418],[-101.62673997322655,31.51534281726474],[-101.63562001923606,31.513307085406687],[-101.64332786890269,31.51168006477435],[-101.64567305659749,31.518984216267096],[-101.6477359154766,31.525540378755874]]]}},{"type":"Feature","properties":{"ABSTRACT_L":"BB--S34","ABSTRACT_N":"BB--S34","LEVEL1_SUR":"BLK B,SEC 34,L&SV/CUTBIRTH","LEVEL2_BLO":"B","LEVEL3_SUR":"34","Surv_Sect":"34","SHAPE_AREA":640.1202236932309,"owner_count":355.0,"top_owner":"PJW MINERALS LLC","top_owner_state":"OK","top_operator":"CIVITAS PERMIAN OP","max_propensity_score":8.0,"field_name":"Unknown","production_trend":null},"geometry":{"type":"Polygon","coordinates":[[[-101.61799607049159,31.532266476149182],[-101.61733005415007,31.532414870784322],[-101.61671866076769,31.53255109175085],[-101.61615034609476,31.532677710993887],[-101.61541222018874,31.532842161087704],[-101.61510711638564,31.532910135760574],[-101.61482544693337,31.532972887752752],[-101.6147114803682,31.532998275816894],[-101.61469961541995,31.533000919672784],[-101.61468781425206,31.533003548980858],[-101.61468707493857,31.53300124125382],[-101.61361202869871,31.529484612519656],[-101.61267956216244,31.52643413116002],[-101.61037839820477,31.518998487419058],[-101.61919296780985,31.517003454031343],[-101.62673997322655,31.51534281726474],[-101.62915549451652,31.52290731338418],[-101.63118431892445,31.529259714479977],[-101.62372636889177,31.530991652624444],[-101.62369163193806,31.53099728960233],[-101.61799560157102,31.53226501600652],[-101.61799607049159,31.532266476149182]],[[-101.61691876948038,31.528742944488005],[-101.61799328930748,31.532257453431722],[-101.61799560157102,31.53226501600652],[-101.61691876948038,31.528742944488005]]]}},{"type":"Feature","properties":{"ABSTRACT_L":"BB--S35","ABSTRACT_N":"BB--S35","LEVEL1_SUR":null,"LEVEL2_BLO":"B","LEVEL3_SUR":"35","Surv_Sect":"35","SHAPE_AREA":645.9043774348837,"owner_count":0.0,"top_owner":"","top_owner_state":"","top_operator":"","max_propensity_score":0.0,"field_name":"Unknown","production_trend":null},"geometry":{"type":"Polygon","coordinates":[[[-101.59384998178022,31.52280870974784],[-101.60262016922037,31.520803156415525],[-101.61037839820477,31.518998487419058],[-101.61267956216244,31.52643413116002],[-101.61361202869871,31.529484612519656],[-101.61468707493857,31.53300124125382],[-101.61468781425206,31.533003548980858],[-101.61465387320567,31.533011814379464],[-101.60700865947055,31.53487314437552],[-101.5983003982928,31.536872505540035],[-101.59626462451784,31.530439854238235],[-101.59384998178022,31.52280870974784]]]}},{"type":"Feature","properties":{"ABSTRACT_L":"BB--S36","ABSTRACT_N":"BB--S36","LEVEL1_SUR":null,"LEVEL2_BLO":"B","LEVEL3_SUR":"36","Surv_Sect":"36","SHAPE_AREA":639.7825291768531,"owner_count":0.0,"top_owner":"","top_owner_state":"","top_operator":"","max_propensity_score":0.0,"field_name":"Unknown","production_trend":null},"geometry":{"type":"Polygon","coordinates":[[[-101.59626462451784,31.530439854238235],[-101.5983003982928,31.536872505540035],[-101.59012876461468,31.53872057915146],[-101.58194331933903,31.540571187088187],[-101.57995872168748,31.53425569685091],[-101.57752313562732,31.526505147352605],[-101.58642284216515,31.52453603525357],[-101.59384998178022,31.52280870974784],[-101.59626462451784,31.530439854238235]]]}},{"type":"Feature","properties":{"ABSTRACT_L":"A-301","ABSTRACT_N":"301","LEVEL1_SUR":"BLK B SEC 37 A-301","LEVEL2_BLO":"B","LEVEL3_SUR":"37","Surv_Sect":"37","SHAPE_AREA":642.4586262087425,"owner_count":229.0,"top_owner":"CRABTREE ELIZABETH KAYE ESTATE","top_owner_state":"OK","top_operator":"PIONEER NATURAL RES","max_propensity_score":9.0,"field_name":"Unknown","production_trend":null},"geometry":{"type":"Polygon","coordinates":[[[-101.57304647663034,31.512540232280806],[-101.58131486515278,31.510626525548247],[-101.58590976310242,31.50956589176051],[-101.5894544478399,31.508723762945827],[-101.59063426099809,31.512300779268646],[-101.5906629603748,31.512392930321223],[-101.59172527209716,31.515821013261693],[-101.59384998178022,31.52280870974784],[-101.58642284216515,31.52453603525357],[-101.57752313562732,31.526505147352605],[-101.57527381254638,31.519454707491587],[-101.57426689363936,31.516298150764783],[-101.57423025944377,31.516185351280505],[-101.57304647663034,31.512540232280806]]]}},{"type":"Feature","properties":{"ABSTRACT_L":"BB--S38","ABSTRACT_N":"BB--S38","LEVEL1_SUR":null,"LEVEL2_BLO":"B","LEVEL3_SUR":"38","Surv_Sect":"38","SHAPE_AREA":648.0579431804613,"owner_count":0.0,"top_owner":"","top_owner_state":"","top_operator":"","max_propensity_score":0.0,"field_name":"Unknown","production_trend":null},"geometry":{"type":"Polygon","coordinates":[[[-101.59834440406364,31.50667308847338],[-101.60587238765419,31.504934053770032],[-101.60829760985091,31.512220407504323],[-101.61037839820477,31.518998487419058],[-101.60262016922037,31.520803156415525],[-101.59384998178022,31.52280870974784],[-101.59172527209716,31.515821013261693],[-101.5906629603748,31.512392930321223],[-101.59063426099809,31.512300779268646],[-101.5894544478399,31.508723762945827],[-101.59834440406364,31.50667308847338]]]}},{"type":"Feature","properties":{"ABSTRACT_L":"BB--S39","ABSTRACT_N":"BB--S39","LEVEL1_SUR":"L&SV","LEVEL2_BLO":"B","LEVEL3_SUR":"39","Surv_Sect":"39","SHAPE_AREA":636.6306585050909,"owner_count":409.0,"top_owner":"BROADMOOR LAND & MINERALS LLC","top_owner_state":"MS","top_operator":"CIVITAS PERMIAN OPER","max_propensity_score":8.0,"field_name":"Unknown","production_trend":null},"geometry":{"type":"Polygon","coordinates":[[[-101.61504483169541,31.503012915873622],[-101.62227469947747,31.501334956426362],[-101.62540692005732,31.511162342079775],[-101.62673997322655,31.51534281726474],[-101.61919296780985,31.517003454031343],[-101.61037839820477,31.518998487419058],[-101.60829760985091,31.512220407504323],[-101.60587238765419,31.504934053770032],[-101.61504483169541,31.503012915873622]]]}},{"type":"Feature","properties":{"ABSTRACT_L":"A-0","ABSTRACT_N":"0","LEVEL1_SUR":"L&SV SE4","LEVEL2_BLO":"B","LEVEL3_SUR":"4","Surv_Sect":"4","SHAPE_AREA":642.6954013725333,"owner_count":1807.0,"top_owner":"CROWDER HELEN ESTATE","top_owner_state":"OK","top_operator":"PIONEER NAT RES USA","max_propensity_score":10.0,"field_name":"Unknown","production_trend":null},"geometry":{"type":"Polygon","coordinates":[[[-101.64900125184309,31.58579845564062],[-101.65717003516683,31.583923803028103],[-101.66549140362979,31.582038695127192],[-101.66763428263778,31.589115357065435],[-101.66973173474014,31.596089634598925],[-101.66362413044592,31.597462054447554],[-101.66136749238362,31.59796875414097],[-101.65822799904323,31.598741330954706],[-101.65772777038065,31.598846006754815],[-101.65336521089948,31.599840570952086],[-101.65115491512604,31.5928459396971],[-101.64900125184309,31.58579845564062]]]}},{"type":"Feature","properties":{"ABSTRACT_L":"BB--S40","ABSTRACT_N":"BB--S40","LEVEL1_SUR":null,"LEVEL2_BLO":"B","LEVEL3_SUR":"40","Surv_Sect":"40","SHAPE_AREA":648.9031529197449,"owner_count":2.0,"top_owner":"APACHE CORP WI SAU","top_owner_state":"TX","top_operator":"APACHE CORPORATION","max_propensity_score":2.0,"field_name":"Unknown","production_trend":null},"geometry":{"type":"Polygon","coordinates":[[[-101.62540692005732,31.511162342079775],[-101.62227469947747,31.501334956426362],[-101.63120995953761,31.499294345235903],[-101.63883448507174,31.497565749643663],[-101.63967404873965,31.500127862532143],[-101.64112067141868,31.50469304640463],[-101.64332786890269,31.51168006477435],[-101.63562001923606,31.513307085406687],[-101.62673997322655,31.51534281726474],[-101.62540692005732,31.511162342079775]]]}},{"type":"Feature","properties":{"ABSTRACT_L":"BB--S41","ABSTRACT_N":"BB--S41","LEVEL1_SUR":null,"LEVEL2_BLO":"B","LEVEL3_SUR":"41","Surv_Sect":"41","SHAPE_AREA":643.0139135681973,"owner_count":0.0,"top_owner":"","top_owner_state":"","top_operator":"","max_propensity_score":0.0,"field_name":"Unknown","production_trend":null},"geometry":{"type":"Polygon","coordinates":[[[-101.64332786890269,31.51168006477435],[-101.64112067141868,31.50469304640463],[-101.63967404873965,31.500127862532143],[-101.63883448507174,31.497565749643663],[-101.63869757014434,31.497169633546786],[-101.65556774073725,31.494414698712095],[-101.65652921207743,31.497461960523975],[-101.6575917223275,31.500829190855217],[-101.65965132122044,31.507941228457888],[-101.65213279868647,31.509651734818515],[-101.64332786890269,31.51168006477435]]]}},{"type":"Feature","properties":{"ABSTRACT_L":"BB--S42","ABSTRACT_N":"BB--S42","LEVEL1_SUR":null,"LEVEL2_BLO":"B","LEVEL3_SUR":"42","Surv_Sect":"42","SHAPE_AREA":661.2371138183611,"owner_count":2.0,"top_owner":"APACHE CORP WI SAU","top_owner_state":"TX","top_operator":"APACHE CORPORATION","max_propensity_score":2.0,"field_name":"Unknown","production_trend":null},"geometry":{"type":"Polygon","coordinates":[[[-101.67312690298343,31.493690101251588],[-101.67426565235334,31.496915295227605],[-101.6753009499385,31.500148139223647],[-101.67657707866482,31.504154899665057],[-101.67615550199693,31.50425372748274],[-101.66782008118798,31.506154941312804],[-101.65965132122044,31.507941228457888],[-101.6575917223275,31.500829190855217],[-101.65652921207743,31.497461960523975],[-101.65556774073725,31.494414698712095],[-101.65536046706187,31.49375774056372],[-101.67182947610004,31.490015184652652],[-101.67312690298343,31.493690101251588]]]}},{"type":"Feature","properties":{"ABSTRACT_L":"A-304","ABSTRACT_N":"304","LEVEL1_SUR":"L&SV","LEVEL2_BLO":"B","LEVEL3_SUR":"43","Surv_Sect":"43","SHAPE_AREA":649.4133623898202,"owner_count":331.0,"top_owner":"LAMARR HEDY M ESTATE","top_owner_state":"FL","top_operator":"PIONEER NATURAL RES","max_propensity_score":9.0,"field_name":"Unknown","production_trend":null},"geometry":{"type":"Polygon","coordinates":[[[-101.6686133663474,31.479607932846484],[-101.66967763190554,31.483162500034776],[-101.67182947610004,31.490015184652652],[-101.65536046706187,31.49375774056372],[-101.65327455381932,31.48689035697161],[-101.65095373741816,31.479532046117],[-101.66739159108566,31.475891845512685],[-101.6686133663474,31.479607932846484]]]}},{"type":"Feature","properties":{"ABSTRACT_L":"A-305","ABSTRACT_N":"305","LEVEL1_SUR":"L&SVRR","LEVEL2_BLO":"B","LEVEL3_SUR":"45","Surv_Sect":"45","SHAPE_AREA":657.0809822278221,"owner_count":570.0,"top_owner":"AKA&E PROPERTIES LLC","top_owner_state":"CO","top_operator":"PIONEER NATURAL RES","max_propensity_score":8.0,"field_name":"Unknown","production_trend":null},"geometry":{"type":"Polygon","coordinates":[[[-101.6364222273612,31.490267312621388],[-101.63869757014434,31.497169633546786],[-101.63883448507174,31.497565749643663],[-101.63120995953761,31.499294345235903],[-101.62227469947747,31.501334956426362],[-101.62190283647571,31.500148833163895],[-101.6177995694131,31.487056914606704],[-101.62672819990642,31.48501538436467],[-101.63415495773751,31.483176939830216],[-101.6364222273612,31.490267312621388]]]}},{"type":"Feature","properties":{"ABSTRACT_L":"A-754","ABSTRACT_N":"754","LEVEL1_SUR":"L&SV","LEVEL2_BLO":"B","LEVEL3_SUR":"46","Surv_Sect":"46","SHAPE_AREA":650.5757495918482,"owner_count":199.0,"top_owner":"AKA&E PROPERTIES LLC","top_owner_state":"CO","top_operator":"PIONEER NATURAL RES","max_propensity_score":8.0,"field_name":"Unknown","production_trend":null},"geometry":{"type":"Polygon","coordinates":[[[-101.6177995694131,31.487056914606704],[-101.62190283647571,31.500148833163895],[-101.62227469947747,31.501334956426362],[-101.61504483169541,31.503012915873622],[-101.60587238765419,31.504934053770032],[-101.60436500292933,31.500149880967705],[-101.60148761642928,31.4907425100237],[-101.60318285594805,31.49035958880614],[-101.61755376609685,31.48711246975661],[-101.6177995694131,31.487056914606704]]]}},{"type":"Feature","properties":{"ABSTRACT_L":"BB--S47","ABSTRACT_N":"BB--S47","LEVEL1_SUR":null,"LEVEL2_BLO":"B","LEVEL3_SUR":"47","Surv_Sect":"47","SHAPE_AREA":647.6060040871178,"owner_count":0.0,"top_owner":"","top_owner_state":"","top_operator":"","max_propensity_score":0.0,"field_name":"Unknown","production_trend":null},"geometry":{"type":"Polygon","coordinates":[[[-101.5894544478399,31.508723762945827],[-101.58843012227763,31.505422349275793],[-101.58729446221398,31.5017409805053],[-101.58509351969929,31.49460447907284],[-101.60148761642928,31.4907425100237],[-101.60436500292933,31.500149880967705],[-101.60587238765419,31.504934053770032],[-101.59834440406364,31.50667308847338],[-101.5894544478399,31.508723762945827]]]}},{"type":"Feature","properties":{"ABSTRACT_L":"A-756","ABSTRACT_N":"756","LEVEL1_SUR":"BLK B,SEC 48,L&SV/CUTBIRTH","LEVEL2_BLO":"B","LEVEL3_SUR":"48","Surv_Sect":"48","SHAPE_AREA":649.3119419794781,"owner_count":4060.0,"top_owner":"CRABTREE ELIZABETH KAYE ESTATE","top_owner_state":"OK","top_operator":"CIVITAS PERMIAN OP","max_propensity_score":9.0,"field_name":"Unknown","production_trend":null},"geometry":{"type":"Polygon","coordinates":[[[-101.56909545604208,31.500168535397155],[-101.56859326096732,31.498463903467222],[-101.57681655316419,31.496530071506402],[-101.58509351969929,31.49460447907284],[-101.58729446221398,31.5017409805053],[-101.58843012227763,31.505422349275793],[-101.5894544478399,31.508723762945827],[-101.58590976310242,31.50956589176051],[-101.58131486515278,31.510626525548247],[-101.57304647663034,31.512540232280806],[-101.57233438569789,31.510332174989014],[-101.57230118845655,31.51022923482504],[-101.5719371012719,31.509100220114703],[-101.57075239588868,31.50542629133868],[-101.56909545604208,31.500168535397155]]]}},{"type":"Feature","properties":{"ABSTRACT_L":"A-285","ABSTRACT_N":"285","LEVEL1_SUR":"BLK B SEC 5 A-285","LEVEL2_BLO":"B","LEVEL3_SUR":"5","Surv_Sect":"5","SHAPE_AREA":652.6290977550289,"owner_count":1299.0,"top_owner":"CRABTREE ELIZABETH KAYE ESTATE","top_owner_state":"OK","top_operator":"PIONEER NATURAL RES","max_propensity_score":9.0,"field_name":"Unknown","production_trend":null},"geometry":{"type":"MultiPolygon","coordinates":[[[[-101.44738333893257,31.19215766172008],[-101.44833013629258,31.19218472577357],[-101.44927174678013,31.192211634592358],[-101.44925431587036,31.19273278751999],[-101.45019574399991,31.19276047077609],[-101.45017384666654,31.193281490046267],[-101.4492368858589,31.19325393911453],[-101.4482952897444,31.19322624601305],[-101.44734669395719,31.19319833927656],[-101.44736493874062,31.192656868117727],[-101.44738333893257,31.19215766172008]]],[[[-101.67804808521392,31.594235822531804],[-101.66973173474014,31.596089634598925],[-101.66763428263778,31.589115357065435],[-101.66549140362979,31.582038695127192],[-101.66968300832251,31.58106666571475],[-101.67378475902893,31.580151511148838],[-101.67782872740132,31.57923392009773],[-101.68199906088644,31.578282873449538],[-101.68417507335535,31.58543212804418],[-101.68621680745224,31.59241533473177],[-101.67804808521392,31.594235822531804]]]]}},{"type":"Feature","properties":{"ABSTRACT_L":"BB--S6","ABSTRACT_N":"BB--S6","LEVEL1_SUR":null,"LEVEL2_BLO":"B","LEVEL3_SUR":"6","Surv_Sect":"6","SHAPE_AREA":642.5045014284112,"owner_count":60.0,"top_owner":"HUGHES MARSHA MOORE LLC","top_owner_state":"OK","top_operator":"ROBERTSON RESOURCES","max_propensity_score":8.0,"field_name":"Unknown","production_trend":null},"geometry":{"type":"Polygon","coordinates":[[[-101.70053387527786,31.581624456794682],[-101.70280351106399,31.588585933658045],[-101.69458705953802,31.590482788805282],[-101.68621680745224,31.59241533473177],[-101.68417507335535,31.58543212804418],[-101.68199906088644,31.578282873449538],[-101.69021560583721,31.57647573861912],[-101.6983654957939,31.574557686531232],[-101.70053387527786,31.581624456794682]]]}},{"type":"Feature","properties":{"ABSTRACT_L":"BB--S7","ABSTRACT_N":"BB--S7","LEVEL1_SUR":null,"LEVEL2_BLO":"B","LEVEL3_SUR":"7","Surv_Sect":"7","SHAPE_AREA":496.7442159970756,"owner_count":0.0,"top_owner":"","top_owner_state":"","top_operator":"","max_propensity_score":0.0,"field_name":"Unknown","production_trend":null},"geometry":{"type":"Polygon","coordinates":[[[-101.69410867790313,31.560564946644423],[-101.69607069999327,31.567005412935774],[-101.69625608891171,31.567624987402766],[-101.6983654957939,31.574557686531232],[-101.69021560583721,31.57647573861912],[-101.68199906088644,31.578282873449538],[-101.67956711929139,31.570407908558558],[-101.6878998936635,31.568716884854872],[-101.68597310529543,31.56238457547666],[-101.69410867790313,31.560564946644423]]]}},{"type":"Feature","properties":{"ABSTRACT_L":"BB--S8","ABSTRACT_N":"BB--S8","LEVEL1_SUR":"BLK B,SEC 8, L&SV RR/PAYTON","LEVEL2_BLO":"B","LEVEL3_SUR":"8","Surv_Sect":"8","SHAPE_AREA":648.9213540890298,"owner_count":1412.0,"top_owner":"A & G REED ENTERPRISES LLC","top_owner_state":"CA","top_operator":"DE CENTRAL OPER LLC","max_propensity_score":9.0,"field_name":"Unknown","production_trend":null},"geometry":{"type":"Polygon","coordinates":[[[-101.67769671997034,31.564235103746704],[-101.67956711929139,31.570407908558558],[-101.68199906088644,31.578282873449538],[-101.67782872740132,31.57923392009773],[-101.67378475902893,31.580151511148838],[-101.66968300832251,31.58106666571475],[-101.66549140362979,31.582038695127192],[-101.66294115121687,31.573916274185972],[-101.66094301056408,31.568004462303048],[-101.6697276474056,31.566013672370495],[-101.67769671997034,31.564235103746704]]]}},{"type":"Feature","properties":{"ABSTRACT_L":"A-287","ABSTRACT_N":"287","LEVEL1_SUR":"L&SVRR","LEVEL2_BLO":"B","LEVEL3_SUR":"9","Surv_Sect":"9","SHAPE_AREA":644.8802863400632,"owner_count":1617.0,"top_owner":"FRANCO-NEVADA TEXAS LP","top_owner_state":"CO","top_operator":"OXY USA WTP LP","max_propensity_score":9.0,"field_name":"Unknown","production_trend":null},"geometry":{"type":"Polygon","coordinates":[[[-101.66549140362979,31.582038695127192],[-101.65717003516683,31.583923803028103],[-101.64900125184309,31.58579845564062],[-101.64684538050113,31.57892102085918],[-101.64637723516893,31.57738210071596],[-101.64457066833533,31.57175199069196],[-101.65215941307338,31.57000396322231],[-101.66094301056408,31.568004462303048],[-101.66294115121687,31.573916274185972],[-101.66549140362979,31.582038695127192]]]}},{"type":"Feature","properties":{"ABSTRACT_L":"BC--S1","ABSTRACT_N":"BC--S1","LEVEL1_SUR":"L&SV","LEVEL2_BLO":"C","LEVEL3_SUR":"1","Surv_Sect":"1","SHAPE_AREA":644.7621125881295,"owner_count":48.0,"top_owner":"COBBLESTONE MINERALS LP","top_owner_state":"LA","top_operator":"PIONEER NAT RES USA","max_propensity_score":8.0,"field_name":"Unknown","production_trend":null},"geometry":{"type":"Polygon","coordinates":[[[-101.7148896308478,31.57093967390083],[-101.71678681164242,31.57718558240989],[-101.71928209883806,31.58490312295896],[-101.71097405598401,31.586843579988393],[-101.70280351106399,31.588585933658045],[-101.70053387527786,31.581624456794682],[-101.6983654957939,31.574557686531232],[-101.70304980755535,31.573518964978458],[-101.7064089812035,31.572779037493145],[-101.7148896308478,31.57093967390083]]]}},{"type":"Feature","properties":{"ABSTRACT_L":"A-797","ABSTRACT_N":"797","LEVEL1_SUR":"L&SV","LEVEL2_BLO":"C","LEVEL3_SUR":"10","Surv_Sect":"10","SHAPE_AREA":1284.3436716666013,"owner_count":733.0,"top_owner":"ALLDALE MINERALS LP","top_owner_state":"OK","top_operator":"XTO ENERGY INC","max_propensity_score":8.0,"field_name":"Unknown","production_trend":null},"geometry":{"type":"Polygon","coordinates":[[[-101.71035435408358,31.55689418507753],[-101.71902947012228,31.55493109529854],[-101.72678493858379,31.553198379537648],[-101.7331936078556,31.55171951828506],[-101.74324580169899,31.549489946333956],[-101.74770011330664,31.563504978025655],[-101.74375066656674,31.564394704466196],[-101.7311171188387,31.56724800229712],[-101.7231410241434,31.569029622407577],[-101.7148896308478,31.57093967390083],[-101.71254717852305,31.56353626681777],[-101.71035435408358,31.55689418507753]]]}},{"type":"Feature","properties":{"ABSTRACT_L":"A-925","ABSTRACT_N":"925","LEVEL1_SUR":"L&SVRR","LEVEL2_BLO":"C","LEVEL3_SUR":"12","Surv_Sect":"12","SHAPE_AREA":231.05628417409966,"owner_count":117.0,"top_owner":"A & G REED ENTERPRISES LLC","top_owner_state":"CA","top_operator":"PIONEER NATURAL RES","max_propensity_score":8.0,"field_name":"Unknown","production_trend":null},"geometry":{"type":"Polygon","coordinates":[[[-101.71035435408358,31.55689418507753],[-101.71254717852305,31.56353626681777],[-101.70416600472004,31.56530165396604],[-101.7009084125642,31.565987322761554],[-101.69981051408185,31.566218392489795],[-101.69779715596816,31.559731726710137],[-101.70222706214618,31.55873086261473],[-101.71035435408358,31.55689418507753]]]}},{"type":"Feature","properties":{"ABSTRACT_L":"A-311","ABSTRACT_N":"311","LEVEL1_SUR":"BLK C,SEC 13, L&SV RR A-311","LEVEL2_BLO":"C","LEVEL3_SUR":"13","Surv_Sect":"13","SHAPE_AREA":639.3014737757663,"owner_count":830.0,"top_owner":"ARETE MINERAL HOLDINGS LLC","top_owner_state":"OK","top_operator":"PIONEER NAT RES","max_propensity_score":9.0,"field_name":"Unknown","production_trend":null},"geometry":{"type":"Polygon","coordinates":[[[-101.68985834674703,31.54635521805012],[-101.69687465713827,31.544802385947037],[-101.69782737978588,31.544594363607576],[-101.70607454471143,31.542728019885033],[-101.70803938661325,31.549377353058887],[-101.70832956850117,31.55028584642141],[-101.71035435408358,31.55689418507753],[-101.70222706214618,31.55873086261473],[-101.69779715596816,31.559731726710137],[-101.69410867790313,31.560564946644423],[-101.69207813950963,31.553912425511598],[-101.69179535075651,31.552987308533577],[-101.68985834674703,31.54635521805012]]]}},{"type":"Feature","properties":{"ABSTRACT_L":"A-922","ABSTRACT_N":"922","LEVEL1_SUR":"BLK C SEC 14 A-922","LEVEL2_BLO":"C","LEVEL3_SUR":"14","Surv_Sect":"14","SHAPE_AREA":642.8372466812809,"owner_count":9.0,"top_owner":"GLOSSOP MARY A ESTATE","top_owner_state":"TX","top_operator":"PIONEER NATURAL RES","max_propensity_score":7.0,"field_name":"Unknown","production_trend":null},"geometry":{"type":"Polygon","coordinates":[[[-101.7245554718639,31.545893751303513],[-101.72476367709224,31.546570193855683],[-101.72678493858379,31.553198379537648],[-101.71902947012228,31.55493109529854],[-101.71035435408358,31.55689418507753],[-101.70832956850117,31.55028584642141],[-101.70803938661325,31.549377353058887],[-101.70607454471143,31.542728019885033],[-101.71414260533227,31.540987714723066],[-101.72245632374226,31.539181056198796],[-101.7245554718639,31.545893751303513]]]}},{"type":"Feature","properties":{"ABSTRACT_L":"A-312","ABSTRACT_N":"312","LEVEL1_SUR":"L&SV","LEVEL2_BLO":"C","LEVEL3_SUR":"15","Surv_Sect":"15","SHAPE_AREA":643.6259296560975,"owner_count":398.0,"top_owner":"GILLS OIL GAS LP","top_owner_state":"LA","top_operator":"XTO ENERGY","max_propensity_score":8.0,"field_name":"Unknown","production_trend":null},"geometry":{"type":"Polygon","coordinates":[[[-101.72245632374226,31.539181056198796],[-101.72795203069924,31.537947385456373],[-101.72915690326059,31.53768258705023],[-101.7332762968792,31.536728506630077],[-101.73891456018356,31.53545066611421],[-101.74081240213823,31.541279941378765],[-101.74110955764769,31.542235837207688],[-101.74214032862213,31.545551470304837],[-101.74324580169899,31.549489946333956],[-101.7331936078556,31.55171951828506],[-101.72678493858379,31.553198379537648],[-101.72476367709224,31.546570193855683],[-101.7245554718639,31.545893751303513],[-101.72245632374226,31.539181056198796]]]}},{"type":"Feature","properties":{"ABSTRACT_L":"A-703","ABSTRACT_N":"703","LEVEL1_SUR":"L&SV","LEVEL2_BLO":"C","LEVEL3_SUR":"16","Surv_Sect":"16","SHAPE_AREA":634.835075591702,"owner_count":7.0,"top_owner":"CIVITAS PERMIAN OPER LLC WI","top_owner_state":"CO","top_operator":"XTO ENERGY","max_propensity_score":6.0,"field_name":"Unknown","production_trend":null},"geometry":{"type":"Polygon","coordinates":[[[-101.7596677291348,31.54576691648725],[-101.75506550901729,31.546792710659602],[-101.7503992668678,31.547803699346776],[-101.74324580169899,31.549489946333956],[-101.74214032862213,31.545551470304837],[-101.74110955764769,31.542235837207688],[-101.74081240213823,31.541279941378765],[-101.73891456018356,31.53545066611421],[-101.74747808749767,31.533512064497423],[-101.7504709434443,31.53280459115897],[-101.75519590217573,31.531763210238466],[-101.75703324978254,31.53760986970266],[-101.75741719242991,31.538851379507662],[-101.7596677291348,31.54576691648725]]]}},{"type":"Feature","properties":{"ABSTRACT_L":"BC--S17","ABSTRACT_N":"BC--S17","LEVEL1_SUR":null,"LEVEL2_BLO":"C","LEVEL3_SUR":"17","Surv_Sect":"17","SHAPE_AREA":652.3734705263453,"owner_count":0.0,"top_owner":"","top_owner_state":"","top_operator":"","max_propensity_score":0.0,"field_name":"Unknown","production_trend":null},"geometry":{"type":"Polygon","coordinates":[[[-101.76806548224468,31.54385865314498],[-101.76779056273347,31.543918811650247],[-101.7596677291348,31.54576691648725],[-101.75741719242991,31.538851379507662],[-101.75703324978254,31.53760986970266],[-101.75519590217573,31.531763210238466],[-101.76366766748187,31.52981760022601],[-101.77186594698797,31.527953739858596],[-101.77414321306414,31.53503935696315],[-101.77571204165612,31.539714780373007],[-101.77571222760737,31.54214303727831],[-101.76806548224468,31.54385865314498]]]}},{"type":"Feature","properties":{"ABSTRACT_L":"A-623","ABSTRACT_N":"623","LEVEL1_SUR":"L&SV","LEVEL2_BLO":"C","LEVEL3_SUR":"18","Surv_Sect":"18","SHAPE_AREA":66.55315023282357,"owner_count":552.0,"top_owner":"MCMAHON LAURENE K LIFE ESTATE","top_owner_state":"IL","top_operator":"XTO ENERGY INC","max_propensity_score":10.0,"field_name":"Unknown","production_trend":null},"geometry":{"type":"Polygon","coordinates":[[[-101.77186594698797,31.527953739858596],[-101.7718015683248,31.527743470896137],[-101.7757472466321,31.52684766587513],[-101.77574997122235,31.528213983089948],[-101.77571203087632,31.534756927999528],[-101.77571204165612,31.539714780373007],[-101.77414321306414,31.53503935696315],[-101.77186594698797,31.527953739858596]]]}},{"type":"Feature","properties":{"ABSTRACT_L":"A-297","ABSTRACT_N":"297","LEVEL1_SUR":"L&SV","LEVEL2_BLO":"C","LEVEL3_SUR":"19","Surv_Sect":"19","SHAPE_AREA":243.043610826428,"owner_count":80.0,"top_owner":"BLACK DOG ENERGY LLC","top_owner_state":"OK","top_operator":"XTO ENERGY INC","max_propensity_score":8.0,"field_name":"Unknown","production_trend":null},"geometry":{"type":"Polygon","coordinates":[[[-101.77572504566815,31.511685797116435],[-101.77573593145277,31.521221937816996],[-101.7757472466321,31.52684766587513],[-101.7718015683248,31.527743470896137],[-101.76941192570155,31.520217240808353],[-101.76738495002647,31.51359731409826],[-101.77572504566815,31.511685797116435]]]}},{"type":"Feature","properties":{"ABSTRACT_L":"BC--S2","ABSTRACT_N":"BC--S2","LEVEL1_SUR":"L&SV","LEVEL2_BLO":"C","LEVEL3_SUR":"2","Surv_Sect":"2","SHAPE_AREA":625.9455384867723,"owner_count":1011.0,"top_owner":"TIMMINS JULES R ESTATE","top_owner_state":"H3","top_operator":"PIONEER NAT RES USA","max_propensity_score":9.0,"field_name":"Unknown","production_trend":null},"geometry":{"type":"Polygon","coordinates":[[[-101.71678681164242,31.57718558240989],[-101.7148896308478,31.57093967390083],[-101.7231410241434,31.569029622407577],[-101.7311171188387,31.56724800229712],[-101.73298053555504,31.573428985819056],[-101.73536223796953,31.5810770420755],[-101.72720227610186,31.582950749463244],[-101.71928209883806,31.58490312295896],[-101.71678681164242,31.57718558240989]]]}},{"type":"Feature","properties":{"ABSTRACT_L":"A-784","ABSTRACT_N":"784","LEVEL1_SUR":"L&SV","LEVEL2_BLO":"C","LEVEL3_SUR":"20","Surv_Sect":"20","SHAPE_AREA":664.6217769171886,"owner_count":1333.0,"top_owner":"FLYING 2M ASSETS LLC","top_owner_state":"CA","top_operator":"XTO ENERGY INC","max_propensity_score":9.0,"field_name":"Unknown","production_trend":null},"geometry":{"type":"Polygon","coordinates":[[[-101.76738495002647,31.51359731409826],[-101.76941192570155,31.520217240808353],[-101.7718015683248,31.527743470896137],[-101.77186594698797,31.527953739858596],[-101.76366766748187,31.52981760022601],[-101.75519590217573,31.531763210238466],[-101.75305240692346,31.524690426409784],[-101.75083960125714,31.517387631544878],[-101.75850504145919,31.515586607699245],[-101.76738495002647,31.51359731409826]]]}},{"type":"Feature","properties":{"ABSTRACT_L":"A-313","ABSTRACT_N":"313","LEVEL1_SUR":"BLK C SEC 21 A-313","LEVEL2_BLO":"C","LEVEL3_SUR":"21","Surv_Sect":"21","SHAPE_AREA":647.1528901138033,"owner_count":416.0,"top_owner":"BLACK DOG ENERGY LLC","top_owner_state":"OK","top_operator":"XTO ENERGY","max_propensity_score":8.0,"field_name":"Unknown","production_trend":null},"geometry":{"type":"Polygon","coordinates":[[[-101.73659483074391,31.528057862659733],[-101.73451081923481,31.521295086033742],[-101.74238165024343,31.519481810748854],[-101.75083960125714,31.517387631544878],[-101.75305240692346,31.524690426409784],[-101.75519590217573,31.531763210238466],[-101.7504709434443,31.53280459115897],[-101.74747808749767,31.533512064497423],[-101.73891456018356,31.53545066611421],[-101.73659483074391,31.528057862659733]]]}},{"type":"Feature","properties":{"ABSTRACT_L":"BC--S22","ABSTRACT_N":"BC--S22","LEVEL1_SUR":null,"LEVEL2_BLO":"C","LEVEL3_SUR":"22","Surv_Sect":"22","SHAPE_AREA":653.4465981837011,"owner_count":0.0,"top_owner":"","top_owner_state":"","top_operator":"","max_propensity_score":0.0,"field_name":"Unknown","production_trend":null},"geometry":{"type":"Polygon","coordinates":[[[-101.73659483074391,31.528057862659733],[-101.73891456018356,31.53545066611421],[-101.7332762968792,31.536728506630077],[-101.72915690326059,31.53768258705023],[-101.72795203069924,31.537947385456373],[-101.72245632374226,31.539181056198796],[-101.72014304959623,31.531806865437467],[-101.71796531685354,31.52491865874429],[-101.72347323371189,31.523684137197932],[-101.72355985915303,31.52366273307435],[-101.72483389121147,31.52339827550296],[-101.72901334259672,31.52244529578872],[-101.73451081923481,31.521295086033742],[-101.73659483074391,31.528057862659733]]]}},{"type":"Feature","properties":{"ABSTRACT_L":"A-314","ABSTRACT_N":"314","LEVEL1_SUR":"BLK C SEC 23 A-314","LEVEL2_BLO":"C","LEVEL3_SUR":"23","Surv_Sect":"23","SHAPE_AREA":643.318344624894,"owner_count":2405.0,"top_owner":"A & G REED ENTERPRISES LLC","top_owner_state":"CA","top_operator":"PIONEER NATURAL RES","max_propensity_score":9.0,"field_name":"Unknown","production_trend":null},"geometry":{"type":"Polygon","coordinates":[[[-101.70388618489892,31.535779289799883],[-101.70162550082459,31.52873371545562],[-101.70991663199509,31.52684713676284],[-101.71796531685354,31.52491865874429],[-101.72014304959623,31.531806865437467],[-101.72245632374226,31.539181056198796],[-101.71414260533227,31.540987714723066],[-101.70607454471143,31.542728019885033],[-101.70414075128078,31.536647907814288],[-101.70388618489892,31.535779289799883]]]}},{"type":"Feature","properties":{"ABSTRACT_L":"A-798","ABSTRACT_N":"798","LEVEL1_SUR":"BLK C SEC 24 A-798","LEVEL2_BLO":"C","LEVEL3_SUR":"24","Surv_Sect":"24","SHAPE_AREA":635.7797886090923,"owner_count":1.0,"top_owner":"PIONEER NATURAL RES INC WI","top_owner_state":"TX","top_operator":"PIONEER NATURAL RES","max_propensity_score":2.0,"field_name":"Unknown","production_trend":null},"geometry":{"type":"Polygon","coordinates":[[[-101.70607454471143,31.542728019885033],[-101.69782737978588,31.544594363607576],[-101.69687465713827,31.544802385947037],[-101.68985834674703,31.54635521805012],[-101.6865360731958,31.535698315763227],[-101.6854571040131,31.53214044438792],[-101.6921971680814,31.5307205681018],[-101.70162550082459,31.52873371545562],[-101.70388618489892,31.535779289799883],[-101.70414075128078,31.536647907814288],[-101.70607454471143,31.542728019885033]]]}},{"type":"Feature","properties":{"ABSTRACT_L":"BC--S25","ABSTRACT_N":"BC--S25","LEVEL1_SUR":null,"LEVEL2_BLO":"C","LEVEL3_SUR":"25","Surv_Sect":"25","SHAPE_AREA":634.4618114045805,"owner_count":1.0,"top_owner":"APACHE CORP WI SAU","top_owner_state":"TX","top_operator":"APACHE CORPORATION","max_propensity_score":2.0,"field_name":"Unknown","production_trend":null},"geometry":{"type":"Polygon","coordinates":[[[-101.69725687142703,31.514453196801583],[-101.69941000560232,31.521492171578224],[-101.70162550082459,31.52873371545562],[-101.6921971680814,31.5307205681018],[-101.6854571040131,31.53214044438792],[-101.68329693153757,31.52518955642257],[-101.68119849128837,31.518106380776295],[-101.68885563375215,31.51635173956605],[-101.69725687142703,31.514453196801583]]]}},{"type":"Feature","properties":{"ABSTRACT_L":"BC--S26","ABSTRACT_N":"BC--S26","LEVEL1_SUR":null,"LEVEL2_BLO":"C","LEVEL3_SUR":"26","Surv_Sect":"26","SHAPE_AREA":650.5323859217835,"owner_count":0.0,"top_owner":"","top_owner_state":"","top_operator":"","max_propensity_score":0.0,"field_name":"Unknown","production_trend":null},"geometry":{"type":"Polygon","coordinates":[[[-101.71579791743157,31.517686907680947],[-101.71796531685354,31.52491865874429],[-101.70991663199509,31.52684713676284],[-101.70162550082459,31.52873371545562],[-101.69941000560232,31.521492171578224],[-101.69725687142703,31.514453196801583],[-101.70519531413552,31.512644718419903],[-101.7134123828041,31.51076569848126],[-101.7136355063544,31.510715396576348],[-101.71428177053944,31.512873654881844],[-101.71579791743157,31.517686907680947]]]}},{"type":"Feature","properties":{"ABSTRACT_L":"BC--S27","ABSTRACT_N":"BC--S27","LEVEL1_SUR":null,"LEVEL2_BLO":"C","LEVEL3_SUR":"27","Surv_Sect":"27","SHAPE_AREA":652.4335443428828,"owner_count":0.0,"top_owner":"","top_owner_state":"","top_operator":"","max_propensity_score":0.0,"field_name":"Unknown","production_trend":null},"geometry":{"type":"Polygon","coordinates":[[[-101.7300805195947,31.507010073445397],[-101.73451081923481,31.521295086033742],[-101.72901334259672,31.52244529578872],[-101.72483389121147,31.52339827550296],[-101.72355985915303,31.52366273307435],[-101.72347323371189,31.523684137197932],[-101.71796531685354,31.52491865874429],[-101.71579791743157,31.517686907680947],[-101.71428177053944,31.512873654881844],[-101.7136355063544,31.510715396576348],[-101.71905869052183,31.509462959942866],[-101.72175661159443,31.508853929051522],[-101.72463758237244,31.508221745703317],[-101.7300805195947,31.507010073445397]]]}},{"type":"Feature","properties":{"ABSTRACT_L":"A-799","ABSTRACT_N":"799","LEVEL1_SUR":"L&SV RR A- 799","LEVEL2_BLO":"C","LEVEL3_SUR":"28","Surv_Sect":"28","SHAPE_AREA":650.912324283901,"owner_count":1189.0,"top_owner":"BLACK DOG ENERGY LLC","top_owner_state":"OK","top_operator":"PIONEER NAT RES USA","max_propensity_score":8.0,"field_name":"Unknown","production_trend":null},"geometry":{"type":"Polygon","coordinates":[[[-101.73831857650157,31.50513690733253],[-101.74503368357466,31.50357920107922],[-101.74642528534088,31.503049999173207],[-101.74656647355407,31.503508648453042],[-101.75041046257118,31.515993900848418],[-101.75083960125714,31.517387631544878],[-101.74238165024343,31.519481810748854],[-101.73451081923481,31.521295086033742],[-101.7300805195947,31.507010073445397],[-101.73406685205846,31.50609721239157],[-101.73831857650157,31.50513690733253]]]}},{"type":"Feature","properties":{"ABSTRACT_L":"BC--S29","ABSTRACT_N":"BC--S29","LEVEL1_SUR":null,"LEVEL2_BLO":"C","LEVEL3_SUR":"29","Surv_Sect":"29","SHAPE_AREA":642.0654201686211,"owner_count":4.0,"top_owner":"CK BIRD MINERALS LP","top_owner_state":"TX","top_operator":"PIONEER NATURAL RES","max_propensity_score":2.0,"field_name":"Unknown","production_trend":null},"geometry":{"type":"Polygon","coordinates":[[[-101.76485012977182,31.506078365374986],[-101.76738495002647,31.51359731409826],[-101.75850504145919,31.515586607699245],[-101.75083960125714,31.517387631544878],[-101.75041046257118,31.515993900848418],[-101.74656647355407,31.503508648453042],[-101.74951683200128,31.502778943864026],[-101.75464585564242,31.501383147885306],[-101.75895807533172,31.50028710487032],[-101.76262748126493,31.49936950054138],[-101.76288534087061,31.500148057268216],[-101.76485012977182,31.506078365374986]]]}},{"type":"Feature","properties":{"ABSTRACT_L":"BC--S3","ABSTRACT_N":"BC--S3","LEVEL1_SUR":"L&SV","LEVEL2_BLO":"C","LEVEL3_SUR":"3","Surv_Sect":"3","SHAPE_AREA":641.6330591987369,"owner_count":114.0,"top_owner":"ZIA LONE STAR LLC","top_owner_state":"FL","top_operator":"PIONEER NAT RES USA","max_propensity_score":8.0,"field_name":"Unknown","production_trend":null},"geometry":{"type":"Polygon","coordinates":[[[-101.74770011330664,31.563504978025655],[-101.74971890892274,31.569545311373503],[-101.75041090005072,31.57167186067279],[-101.75219318182893,31.577147069873387],[-101.75041105545925,31.577563125803103],[-101.73536223796953,31.5810770420755],[-101.73298053555504,31.573428985819056],[-101.7311171188387,31.56724800229712],[-101.74375066656674,31.564394704466196],[-101.74770011330664,31.563504978025655]]]}},{"type":"Feature","properties":{"ABSTRACT_L":"A-699","ABSTRACT_N":"699","LEVEL1_SUR":"BLK C SEC 30 A-699 L&SV","LEVEL2_BLO":"C","LEVEL3_SUR":"30","Surv_Sect":"30","SHAPE_AREA":1020.3438560022698,"owner_count":405.0,"top_owner":"MELCHER MARTIN ESTATE","top_owner_state":"CA","top_operator":"XTO ENERGY INC","max_propensity_score":10.0,"field_name":"Unknown","production_trend":null},"geometry":{"type":"Polygon","coordinates":[[[-101.76043071322137,31.49210455613078],[-101.75832860335424,31.485146699628274],[-101.76659991948621,31.48328214289224],[-101.77037326139612,31.482434004139755],[-101.77496176783251,31.481434638206512],[-101.77556036830691,31.48334815645668],[-101.77556695565289,31.490210010521775],[-101.77557355467697,31.49633013599719],[-101.77557598012822,31.498572920625016],[-101.77571203087632,31.50013198251602],[-101.77572504566815,31.511685797116435],[-101.76738495002647,31.51359731409826],[-101.76485012977182,31.506078365374986],[-101.76288534087061,31.500148057268216],[-101.76262748126493,31.49936950054138],[-101.76043071322137,31.49210455613078]]]}},{"type":"Feature","properties":{"ABSTRACT_L":"BC--S32","ABSTRACT_N":"BC--S32","LEVEL1_SUR":null,"LEVEL2_BLO":"C","LEVEL3_SUR":"32","Surv_Sect":"32","SHAPE_AREA":644.9751477310975,"owner_count":0.0,"top_owner":"","top_owner_state":"","top_operator":"","max_propensity_score":0.0,"field_name":"Unknown","production_trend":null},"geometry":{"type":"Polygon","coordinates":[[[-101.76043071322137,31.49210455613078],[-101.76262748126493,31.49936950054138],[-101.75895807533172,31.50028710487032],[-101.75464585564242,31.501383147885306],[-101.74951683200128,31.502778943864026],[-101.74656647355407,31.503508648453042],[-101.74642528534088,31.503049999173207],[-101.74556803833659,31.500147736340033],[-101.74435498661458,31.496039780923873],[-101.74228818682633,31.48903966270663],[-101.74616559407032,31.488128694499128],[-101.75026190098613,31.487170139157065],[-101.75018917338072,31.486949166386385],[-101.75832860335424,31.485146699628274],[-101.76043071322137,31.49210455613078]]]}},{"type":"Feature","properties":{"ABSTRACT_L":"A-318","ABSTRACT_N":"318","LEVEL1_SUR":"L&SVRR","LEVEL2_BLO":"C","LEVEL3_SUR":"33","Surv_Sect":"33","SHAPE_AREA":643.1392853528738,"owner_count":6.0,"top_owner":"CK BIRD MINERALS LP","top_owner_state":"TX","top_operator":"PIONEER NATURAL RES","max_propensity_score":2.0,"field_name":"Unknown","production_trend":null},"geometry":{"type":"Polygon","coordinates":[[[-101.74556803833659,31.500147736340033],[-101.74642528534088,31.503049999173207],[-101.74503368357466,31.50357920107922],[-101.73831857650157,31.50513690733253],[-101.73406685205846,31.50609721239157],[-101.7300805195947,31.507010073445397],[-101.72818671646553,31.500148552064513],[-101.72596420450257,31.492847034319475],[-101.73393445206368,31.4909883646795],[-101.74228818682633,31.48903966270663],[-101.74435498661458,31.496039780923873],[-101.74556803833659,31.500147736340033]]]}},{"type":"Feature","properties":{"ABSTRACT_L":"A-768","ABSTRACT_N":"768","LEVEL1_SUR":"BLK C,SEC 34, L&SV/INGHAM","LEVEL2_BLO":"C","LEVEL3_SUR":"34","Surv_Sect":"34","SHAPE_AREA":660.8207647211715,"owner_count":47.0,"top_owner":"LEE KIRKWOOD LLC","top_owner_state":"NY","top_operator":"PIONEER NAT RES","max_propensity_score":6.0,"field_name":"Unknown","production_trend":null},"geometry":{"type":"Polygon","coordinates":[[[-101.72463758237244,31.508221745703317],[-101.72175661159443,31.508853929051522],[-101.71905869052183,31.509462959942866],[-101.7136355063544,31.510715396576348],[-101.7134123828041,31.51076569848126],[-101.71108803063399,31.503423639958374],[-101.71004384781236,31.50014799446128],[-101.70897297065375,31.496788177894253],[-101.71343591057972,31.495725202533936],[-101.71734445702472,31.494827427609607],[-101.72596420450257,31.492847034319475],[-101.72818671646553,31.500148552064513],[-101.7300805195947,31.507010073445397],[-101.72463758237244,31.508221745703317]]]}},{"type":"Feature","properties":{"ABSTRACT_L":"A-319","ABSTRACT_N":"319","LEVEL1_SUR":"L&SV","LEVEL2_BLO":"C","LEVEL3_SUR":"35","Surv_Sect":"35","SHAPE_AREA":628.3370838977812,"owner_count":1.0,"top_owner":"PIONEER NATURAL RES INC WI","top_owner_state":"TX","top_operator":"PIONEER NAT RES USA","max_propensity_score":2.0,"field_name":"Unknown","production_trend":null},"geometry":{"type":"Polygon","coordinates":[[[-101.71108803063399,31.503423639958374],[-101.7134123828041,31.51076569848126],[-101.70519531413552,31.512644718419903],[-101.69725687142703,31.514453196801583],[-101.69294602077025,31.500415211632237],[-101.69431530568984,31.500113505777062],[-101.70119258921444,31.49855458604496],[-101.70897297065375,31.496788177894253],[-101.71004384781236,31.50014799446128],[-101.71108803063399,31.503423639958374]]]}},{"type":"Feature","properties":{"ABSTRACT_L":"BC--S36","ABSTRACT_N":"BC--S36","LEVEL1_SUR":null,"LEVEL2_BLO":"C","LEVEL3_SUR":"36","Surv_Sect":"36","SHAPE_AREA":655.8313556334151,"owner_count":2.0,"top_owner":"APACHE CORP WI SAU","top_owner_state":"TX","top_operator":"APACHE CORPORATION","max_propensity_score":2.0,"field_name":"Unknown","production_trend":null},"geometry":{"type":"Polygon","coordinates":[[[-101.69725687142703,31.514453196801583],[-101.68885563375215,31.51635173956605],[-101.68119849128837,31.518106380776295],[-101.68048793108517,31.518337647172938],[-101.67828873938697,31.511209603328282],[-101.67615550199693,31.50425372748274],[-101.67657707866482,31.504154899665057],[-101.68452885147381,31.502343974800617],[-101.69294602077025,31.500415211632237],[-101.69725687142703,31.514453196801583]]]}},{"type":"Feature","properties":{"ABSTRACT_L":"BC--S37","ABSTRACT_N":"BC--S37","LEVEL1_SUR":null,"LEVEL2_BLO":"C","LEVEL3_SUR":"37","Surv_Sect":"37","SHAPE_AREA":649.5631910211054,"owner_count":0.0,"top_owner":"","top_owner_state":"","top_operator":"","max_propensity_score":0.0,"field_name":"Unknown","production_trend":null},"geometry":{"type":"Polygon","coordinates":[[[-101.69072019851545,31.493050480178137],[-101.69294602077025,31.500415211632237],[-101.68452885147381,31.502343974800617],[-101.67657707866482,31.504154899665057],[-101.6753009499385,31.500148139223647],[-101.67426565235334,31.496915295227605],[-101.67312690298343,31.493690101251588],[-101.67182947610004,31.490015184652652],[-101.68013463895528,31.48822740290107],[-101.68839466955232,31.486309891433017],[-101.69072019851545,31.493050480178137]]]}},{"type":"Feature","properties":{"ABSTRACT_L":"BC--S38","ABSTRACT_N":"BC--S38","LEVEL1_SUR":null,"LEVEL2_BLO":"C","LEVEL3_SUR":"38","Surv_Sect":"38","SHAPE_AREA":632.5072076967346,"owner_count":0.0,"top_owner":"","top_owner_state":"","top_operator":"","max_propensity_score":0.0,"field_name":"Unknown","production_trend":null},"geometry":{"type":"Polygon","coordinates":[[[-101.70675778894348,31.48928129106863],[-101.70897297065375,31.496788177894253],[-101.70119258921444,31.49855458604496],[-101.69431530568984,31.500113505777062],[-101.69294602077025,31.500415211632237],[-101.69072019851545,31.493050480178137],[-101.68839466955232,31.486309891433017],[-101.69694404750238,31.484470689416757],[-101.70482877275352,31.482740544311905],[-101.70675778894348,31.48928129106863]]]}},{"type":"Feature","properties":{"ABSTRACT_L":"BC--S39","ABSTRACT_N":"BC--S39","LEVEL1_SUR":null,"LEVEL2_BLO":"C","LEVEL3_SUR":"39","Surv_Sect":"39","SHAPE_AREA":657.3844961835496,"owner_count":0.0,"top_owner":"","top_owner_state":"","top_operator":"","max_propensity_score":0.0,"field_name":"Unknown","production_trend":null},"geometry":{"type":"Polygon","coordinates":[[[-101.72267736320106,31.48213465957547],[-101.72380243302584,31.48580177707396],[-101.72596420450257,31.492847034319475],[-101.71734445702472,31.494827427609607],[-101.71343591057972,31.495725202533936],[-101.70897297065375,31.496788177894253],[-101.70675778894348,31.48928129106863],[-101.70482877275352,31.482740544311905],[-101.71298048718855,31.48094925347909],[-101.72168103363462,31.478891644860248],[-101.72267736320106,31.48213465957547]]]}},{"type":"Feature","properties":{"ABSTRACT_L":"BC--S4","ABSTRACT_N":"BC--S4","LEVEL1_SUR":"L&SV","LEVEL2_BLO":"C","LEVEL3_SUR":"4","Surv_Sect":"4","SHAPE_AREA":620.1914437724813,"owner_count":46.0,"top_owner":"CROWDER HELEN ESTATE","top_owner_state":"OK","top_operator":"PIONEER NAT RES USA","max_propensity_score":10.0,"field_name":"Unknown","production_trend":null},"geometry":{"type":"Polygon","coordinates":[[[-101.76844583702082,31.573436678991595],[-101.75219318182893,31.577147069873387],[-101.75041090005072,31.57167186067279],[-101.74971890892274,31.569545311373503],[-101.74770011330664,31.563504978025655],[-101.7504116456524,31.562880782111133],[-101.75570320776613,31.56169524208671],[-101.7640660119199,31.55980016403427],[-101.76415150817874,31.56007231074796],[-101.76596594066096,31.565847423097953],[-101.76631256998638,31.566908304761654],[-101.76844583702082,31.573436678991595]]]}},{"type":"Feature","properties":{"ABSTRACT_L":"A-769","ABSTRACT_N":"769","LEVEL1_SUR":"L&S2","LEVEL2_BLO":"C","LEVEL3_SUR":"40","Surv_Sect":"40","SHAPE_AREA":632.0849544009795,"owner_count":1.0,"top_owner":"ROCK FISH OPERATING LLC","top_owner_state":"TX","top_operator":"ROCK FISH OPERATING","max_propensity_score":1.0,"field_name":"Unknown","production_trend":null},"geometry":{"type":"Polygon","coordinates":[[[-101.7387060549179,31.47784460752342],[-101.73995155827954,31.481761177345707],[-101.74228818682633,31.48903966270663],[-101.73393445206368,31.4909883646795],[-101.72596420450257,31.492847034319475],[-101.72380243302584,31.48580177707396],[-101.72267736320106,31.48213465957547],[-101.72168103363462,31.478891644860248],[-101.7250763671679,31.478152829038933],[-101.72946241220387,31.477052991895064],[-101.73783794279028,31.47511324699999],[-101.7387060549179,31.47784460752342]]]}},{"type":"Feature","properties":{"ABSTRACT_L":"A-322","ABSTRACT_N":"322","LEVEL1_SUR":"L&SVRR","LEVEL2_BLO":"C","LEVEL3_SUR":"41","Surv_Sect":"41","SHAPE_AREA":622.2493482217391,"owner_count":91.0,"top_owner":"BOYLE IRENE LOUISE LIFE ESTATE","top_owner_state":"NV","top_operator":"PIONEER NATURAL RES","max_propensity_score":8.0,"field_name":"Unknown","production_trend":null},"geometry":{"type":"Polygon","coordinates":[[[-101.75621752021574,31.478198216958784],[-101.75832860335424,31.485146699628274],[-101.75018917338072,31.486949166386385],[-101.75026190098613,31.487170139157065],[-101.74616559407032,31.488128694499128],[-101.74228818682633,31.48903966270663],[-101.73995155827954,31.481761177345707],[-101.7387060549179,31.47784460752342],[-101.73783794279028,31.47511324699999],[-101.74183969124263,31.474250493433747],[-101.74566765521338,31.473442241714565],[-101.75041038531606,31.47229982084946],[-101.75415195650932,31.471398531158226],[-101.75621752021574,31.478198216958784]]]}},{"type":"Feature","properties":{"ABSTRACT_L":"BC--S42","ABSTRACT_N":"BC--S42","LEVEL1_SUR":null,"LEVEL2_BLO":"C","LEVEL3_SUR":"42","Surv_Sect":"42","SHAPE_AREA":635.8564438961946,"owner_count":0.0,"top_owner":"","top_owner_state":"","top_operator":"","max_propensity_score":0.0,"field_name":"Unknown","production_trend":null},"geometry":{"type":"Polygon","coordinates":[[[-101.77282459492321,31.47460206394001],[-101.77496176783251,31.481434638206512],[-101.77037326139612,31.482434004139755],[-101.76659991948621,31.48328214289224],[-101.75832860335424,31.485146699628274],[-101.75621752021574,31.478198216958784],[-101.75415195650932,31.471398531158226],[-101.76201480688496,31.469579966795685],[-101.77063060267388,31.467586631128253],[-101.77282459492321,31.47460206394001]]]}},{"type":"Feature","properties":{"ABSTRACT_L":"BC--S43","ABSTRACT_N":"BC--S43","LEVEL1_SUR":"L&SV SE4","LEVEL2_BLO":"C","LEVEL3_SUR":"43","Surv_Sect":"43","SHAPE_AREA":653.7423831700683,"owner_count":23.0,"top_owner":"DIAMONDBACK E&P LLC  WI","top_owner_state":"OK","top_operator":"DIAMONDBACK E&P LLC","max_propensity_score":6.0,"field_name":"Unknown","production_trend":null},"geometry":{"type":"Polygon","coordinates":[[[-101.76621145831295,31.453315316106984],[-101.77063060267388,31.467586631128253],[-101.76201480688496,31.469579966795685],[-101.75415195650932,31.471398531158226],[-101.75190398449458,31.464046682850174],[-101.75041029907781,31.459160935080195],[-101.74980423719664,31.457178680370188],[-101.75041024967047,31.457036384756552],[-101.75751178053775,31.455364299696782],[-101.76621145831295,31.453315316106984]]]}},{"type":"Feature","properties":{"ABSTRACT_L":"A-734","ABSTRACT_N":"734","LEVEL1_SUR":"L&SVRR","LEVEL2_BLO":"C","LEVEL3_SUR":"44","Surv_Sect":"44","SHAPE_AREA":652.6712353249638,"owner_count":105.0,"top_owner":"WINGERT J PAUL & SIDONIA LLC","top_owner_state":"GA","top_operator":"PIONEER NATURAL RES","max_propensity_score":7.0,"field_name":"Unknown","production_trend":null},"geometry":{"type":"Polygon","coordinates":[[[-101.75190398449458,31.464046682850174],[-101.75415195650932,31.471398531158226],[-101.75041038531606,31.47229982084946],[-101.74566765521338,31.473442241714565],[-101.74183969124263,31.474250493433747],[-101.73783794279028,31.47511324699999],[-101.73566988939476,31.468283554901433],[-101.7333409549184,31.460858320934452],[-101.74098029187492,31.45915070838613],[-101.74980423719664,31.457178680370188],[-101.75041029907781,31.459160935080195],[-101.75190398449458,31.464046682850174]]]}},{"type":"Feature","properties":{"ABSTRACT_L":"A-324","ABSTRACT_N":"324","LEVEL1_SUR":"L&SV","LEVEL2_BLO":"C","LEVEL3_SUR":"45","Surv_Sect":"45","SHAPE_AREA":644.7302935883131,"owner_count":2.0,"top_owner":"APACHE CORP WI","top_owner_state":"TX","top_operator":"APACHE CORPORATION","max_propensity_score":1.0,"field_name":"Unknown","production_trend":null},"geometry":{"type":"Polygon","coordinates":[[[-101.73566988939476,31.468283554901433],[-101.73783794279028,31.47511324699999],[-101.72946241220387,31.477052991895064],[-101.7250763671679,31.478152829038933],[-101.72168103363462,31.478891644860248],[-101.71942355744416,31.471781579781915],[-101.71715212951901,31.464633636230985],[-101.72524816457612,31.462744035257344],[-101.7333409549184,31.460858320934452],[-101.73566988939476,31.468283554901433]]]}},{"type":"Feature","properties":{"ABSTRACT_L":"BC--S46","ABSTRACT_N":"BC--S46","LEVEL1_SUR":null,"LEVEL2_BLO":"C","LEVEL3_SUR":"46","Surv_Sect":"46","SHAPE_AREA":671.1647969779815,"owner_count":0.0,"top_owner":"","top_owner_state":"","top_operator":"","max_propensity_score":0.0,"field_name":"Unknown","production_trend":null},"geometry":{"type":"Polygon","coordinates":[[[-101.70266844037788,31.475592773450888],[-101.70047502574528,31.468334240510146],[-101.70492917296124,31.46732929159726],[-101.71715212951901,31.464633636230985],[-101.71942355744416,31.471781579781915],[-101.72168103363462,31.478891644860248],[-101.71298048718855,31.48094925347909],[-101.70482877275352,31.482740544311905],[-101.70388863819798,31.479630128487],[-101.70266844037788,31.475592773450888]]]}},{"type":"Feature","properties":{"ABSTRACT_L":"A-325","ABSTRACT_N":"325","LEVEL1_SUR":"BLK C SEC 47 A-325","LEVEL2_BLO":"C","LEVEL3_SUR":"47","Surv_Sect":"47","SHAPE_AREA":656.905022373705,"owner_count":256.0,"top_owner":"GILLS OIL GAS LP","top_owner_state":"LA","top_operator":"PIONEER NATURAL RES","max_propensity_score":8.0,"field_name":"Unknown","production_trend":null},"geometry":{"type":"Polygon","coordinates":[[[-101.70047502574528,31.468334240510146],[-101.70266844037788,31.475592773450888],[-101.70388863819798,31.479630128487],[-101.70482877275352,31.482740544311905],[-101.69694404750238,31.484470689416757],[-101.68839466955232,31.486309891433017],[-101.68616922458995,31.479654579539307],[-101.68512913898432,31.475766133053042],[-101.68414865749611,31.47205459667403],[-101.70047502574528,31.468334240510146]]]}},{"type":"Feature","properties":{"ABSTRACT_L":"A-821","ABSTRACT_N":"821","LEVEL1_SUR":"BLK C SEC 48 A-821","LEVEL2_BLO":"C","LEVEL3_SUR":"48","Surv_Sect":"48","SHAPE_AREA":654.4760124348709,"owner_count":199.0,"top_owner":"GILLS OIL GAS LP","top_owner_state":"LA","top_operator":"PIONEER NATURAL RES","max_propensity_score":8.0,"field_name":"Unknown","production_trend":null},"geometry":{"type":"Polygon","coordinates":[[[-101.68414865749611,31.47205459667403],[-101.68512913898432,31.475766133053042],[-101.68616922458995,31.479654579539307],[-101.68839466955232,31.486309891433017],[-101.68013463895528,31.48822740290107],[-101.67182947610004,31.490015184652652],[-101.66967763190554,31.483162500034776],[-101.6686133663474,31.479607932846484],[-101.66739159108566,31.475891845512685],[-101.67189557952854,31.474862098697088],[-101.68414865749611,31.47205459667403]]]}},{"type":"Feature","properties":{"ABSTRACT_L":"BC--S5","ABSTRACT_N":"BC--S5","LEVEL1_SUR":"L&SV","LEVEL2_BLO":"C","LEVEL3_SUR":"5","Surv_Sect":"5","SHAPE_AREA":158.78229192774046,"owner_count":262.0,"top_owner":"DAVISON HOLDINGS LLC","top_owner_state":"CO","top_operator":"PIONEER NAT RES USA","max_propensity_score":8.0,"field_name":"Unknown","production_trend":null},"geometry":{"type":"MultiPolygon","coordinates":[[[[-101.44446593428326,31.192074224099052],[-101.44526285402631,31.192097022505163],[-101.44631781842799,31.192127196496088],[-101.4472235735593,31.192153094050372],[-101.447204178034,31.192679319814197],[-101.44718522088655,31.19319358799941],[-101.44628425467404,31.193167074439163],[-101.44627777063431,31.193166883097],[-101.44522930644203,31.193136021681543],[-101.44442068075251,31.193112213792027],[-101.44444351233378,31.192598114991377],[-101.44446593428326,31.192074224099052]]],[[[-101.76988606549166,31.573093450527153],[-101.76848184509068,31.573428456205477],[-101.76844583702082,31.573436678991595],[-101.76631256998638,31.566908304761654],[-101.77571403501771,31.56479151064391],[-101.77571403591604,31.56831001915835],[-101.77571522887872,31.571735555536772],[-101.76988606549166,31.573093450527153]]]]}},{"type":"Feature","properties":{"ABSTRACT_L":"A-309","ABSTRACT_N":"309","LEVEL1_SUR":"BLK C SEC 9 A-309","LEVEL2_BLO":"C","LEVEL3_SUR":"9","Surv_Sect":"9","SHAPE_AREA":642.8210780981539,"owner_count":782.0,"top_owner":"CROWDER HELEN ESTATE","top_owner_state":"OK","top_operator":"PIONEER NATURAL RES","max_propensity_score":10.0,"field_name":"Unknown","production_trend":null},"geometry":{"type":"Polygon","coordinates":[[[-101.7640660119199,31.55980016403427],[-101.75570320776613,31.56169524208671],[-101.7504116456524,31.562880782111133],[-101.74770011330664,31.563504978025655],[-101.74324580169899,31.549489946333956],[-101.7503992668678,31.547803699346776],[-101.75506550901729,31.546792710659602],[-101.7596677291348,31.54576691648725],[-101.76297738764451,31.556182506586588],[-101.7640660119199,31.55980016403427]]]}},{"type":"Feature","properties":{"ABSTRACT_L":"A-326","ABSTRACT_N":"326","LEVEL1_SUR":"L&SV","LEVEL2_BLO":"D","LEVEL3_SUR":"1","Surv_Sect":"1","SHAPE_AREA":661.4590518942426,"owner_count":27.0,"top_owner":"GILLS OIL GAS LP","top_owner_state":"LA","top_operator":"PIONEER NAT RES USA","max_propensity_score":6.0,"field_name":"Unknown","production_trend":null},"geometry":{"type":"Polygon","coordinates":[[[-101.68174443341914,31.464302263706987],[-101.68324033497971,31.469125918389487],[-101.68414865749611,31.47205459667403],[-101.67189557952854,31.474862098697088],[-101.66739159108566,31.475891845512685],[-101.66425027955516,31.465669352564436],[-101.66296593663388,31.461720582628857],[-101.66320532148741,31.461662703682542],[-101.67131357183574,31.459824263227503],[-101.67910931356809,31.4580636288074],[-101.67957790626131,31.457957782072622],[-101.67976332123091,31.457913113074806],[-101.68174443341914,31.464302263706987]]]}},{"type":"Feature","properties":{"ABSTRACT_L":"A-788","ABSTRACT_N":"788","LEVEL1_SUR":"L&SVRR","LEVEL2_BLO":"D","LEVEL3_SUR":"10","Surv_Sect":"10","SHAPE_AREA":1256.2661785733244,"owner_count":770.0,"top_owner":"AUSTIN ROYALTIES LLC","top_owner_state":"OK","top_operator":"PIONEER NATURAL RES","max_propensity_score":9.0,"field_name":"Unknown","production_trend":null},"geometry":{"type":"MultiPolygon","coordinates":[[[[-101.77009924199679,31.437456102815446],[-101.76205063349512,31.43938733706482],[-101.75983552095515,31.43222229869169],[-101.75770295640326,31.42546737181539],[-101.7656377115275,31.423722816674616],[-101.77417504935781,31.4218534001789],[-101.77550087737723,31.426278846926706],[-101.77549993234953,31.4270999273809],[-101.77549107496084,31.430681022931044],[-101.7754762096395,31.43632045150347],[-101.77009924199679,31.437456102815446]]],[[[-101.69598721146909,31.454194608862217],[-101.69402431352154,31.44747532071672],[-101.69163499968167,31.439799145949316],[-101.69996216587147,31.437999022596312],[-101.70834428649879,31.43624696167228],[-101.71271460383073,31.450477370927583],[-101.70828073967559,31.45144035139388],[-101.70439017660425,31.45231788233115],[-101.69598721146909,31.454194608862217]]]]}},{"type":"Feature","properties":{"ABSTRACT_L":"A-331","ABSTRACT_N":"331","LEVEL1_SUR":"L&SV","LEVEL2_BLO":"D","LEVEL3_SUR":"11","Surv_Sect":"11","SHAPE_AREA":1346.215213105459,"owner_count":4.0,"top_owner":"DLB OIL & GAS INC","top_owner_state":"TX","top_operator":"APACHE CORPORATION","max_propensity_score":3.0,"field_name":"Unknown","production_trend":null},"geometry":{"type":"MultiPolygon","coordinates":[[[[-101.46517172608642,31.232995674943055],[-101.467142354037,31.23295572508245],[-101.46708846320477,31.24250956310568],[-101.4667519399263,31.24293214002946],[-101.46673777259595,31.24845309653131],[-101.46575139636285,31.248466057179986],[-101.46503997108202,31.24846402507081],[-101.46010925682805,31.248449834865067],[-101.45404394431907,31.248472205730756],[-101.45294162882045,31.248473671061028],[-101.44979807419668,31.248475112583552],[-101.44994544461565,31.23879553796937],[-101.45003297825359,31.233047224141224],[-101.46217663782627,31.233006015356036],[-101.46393688662552,31.232999947219003],[-101.46517172608642,31.232995674943055]],[[-101.46018989589616,31.24489353710812],[-101.46021954119884,31.24603641364383],[-101.46161161727551,31.246027341878094],[-101.46162379753244,31.244918848035457],[-101.46018989589616,31.24489353710812]]],[[[-101.77550087737723,31.426278846926706],[-101.77417504935781,31.4218534001789],[-101.77550466197951,31.42152872881311],[-101.77550394422559,31.42361694264497],[-101.77550087737723,31.426278846926706]]],[[[-101.69402431352154,31.44747532071672],[-101.69598721146909,31.454194608862217],[-101.68833309992107,31.455838609943935],[-101.67976332123091,31.457913113074806],[-101.67957790626131,31.457957782072622],[-101.67861872203186,31.45457691558181],[-101.6775991575406,31.451255473890203],[-101.67743954577921,31.45076496830543],[-101.67652225538136,31.447677704928875],[-101.67533257782304,31.443558171031093],[-101.68497466468807,31.441335173562088],[-101.68641916285145,31.441002072331056],[-101.69163499968167,31.439799145949316],[-101.69402431352154,31.44747532071672]]]]}},{"type":"Feature","properties":{"ABSTRACT_L":"BD--S12","ABSTRACT_N":"BD--S12","LEVEL1_SUR":null,"LEVEL2_BLO":"D","LEVEL3_SUR":"12","Surv_Sect":"12","SHAPE_AREA":655.5083259796255,"owner_count":0.0,"top_owner":"","top_owner_state":"","top_operator":"","max_propensity_score":0.0,"field_name":"Unknown","production_trend":null},"geometry":{"type":"Polygon","coordinates":[[[-101.65876208880216,31.447480168004645],[-101.66714580214246,31.44549648739367],[-101.67533257782304,31.443558171031093],[-101.67652225538136,31.447677704928875],[-101.67743954577921,31.45076496830543],[-101.6775991575406,31.451255473890203],[-101.67861872203186,31.45457691558181],[-101.67957790626131,31.457957782072622],[-101.67910931356809,31.4580636288074],[-101.67131357183574,31.459824263227503],[-101.66320532148741,31.461662703682542],[-101.6622265315269,31.458469402378924],[-101.66101819865507,31.454626653020235],[-101.66008200051711,31.451620042738806],[-101.65876208880216,31.447480168004645]]]}},{"type":"Feature","properties":{"ABSTRACT_L":"BD--S2","ABSTRACT_N":"BD--S2","LEVEL1_SUR":null,"LEVEL2_BLO":"D","LEVEL3_SUR":"2","Surv_Sect":"2","SHAPE_AREA":644.6366658629778,"owner_count":1.0,"top_owner":"PIONEER NATURAL RES INC WI","top_owner_state":"TX","top_operator":"PIONEER NAT RES USA","max_propensity_score":1.0,"field_name":"Unknown","production_trend":null},"geometry":{"type":"Polygon","coordinates":[[[-101.67976332123091,31.457913113074806],[-101.68833309992107,31.455838609943935],[-101.69598721146909,31.454194608862217],[-101.6982930565477,31.46144951330382],[-101.70047502574528,31.468334240510146],[-101.68414865749611,31.47205459667403],[-101.68324033497971,31.469125918389487],[-101.68174443341914,31.464302263706987],[-101.67976332123091,31.457913113074806]]]}},{"type":"Feature","properties":{"ABSTRACT_L":"BD--S3","ABSTRACT_N":"BD--S3","LEVEL1_SUR":null,"LEVEL2_BLO":"D","LEVEL3_SUR":"3","Surv_Sect":"3","SHAPE_AREA":658.4134415858524,"owner_count":0.0,"top_owner":"","top_owner_state":"","top_operator":"","max_propensity_score":0.0,"field_name":"Unknown","production_trend":null},"geometry":{"type":"Polygon","coordinates":[[[-101.71715212951901,31.464633636230985],[-101.70492917296124,31.46732929159726],[-101.70047502574528,31.468334240510146],[-101.6982930565477,31.46144951330382],[-101.69598721146909,31.454194608862217],[-101.70439017660425,31.45231788233115],[-101.70828073967559,31.45144035139388],[-101.71271460383073,31.450477370927583],[-101.71715212951901,31.464633636230985]]]}},{"type":"Feature","properties":{"ABSTRACT_L":"BD--S32","ABSTRACT_N":"BD--S32","LEVEL1_SUR":null,"LEVEL2_BLO":"D","LEVEL3_SUR":"32","Surv_Sect":"32","SHAPE_AREA":141.38159922557404,"owner_count":0.0,"top_owner":"","top_owner_state":"","top_operator":"","max_propensity_score":0.0,"field_name":"Unknown","production_trend":null},"geometry":{"type":"Polygon","coordinates":[[[-101.7755109438983,31.406295869457203],[-101.77550594926531,31.417813080701475],[-101.77550466197951,31.42152872881311],[-101.77417504935781,31.4218534001789],[-101.77177279348963,31.41417638370955],[-101.76972116983978,31.40762551352612],[-101.7755109438983,31.406295869457203]]]}},{"type":"Feature","properties":{"ABSTRACT_L":"A-581","ABSTRACT_N":"581","LEVEL1_SUR":"D&W RR","LEVEL2_BLO":"D","LEVEL3_SUR":"4","Surv_Sect":"4","SHAPE_AREA":640.2616271224152,"owner_count":479.0,"top_owner":"HAINES ENERGY PARTNERS LLC","top_owner_state":"CO","top_operator":"PIONEER NAT RES","max_propensity_score":8.0,"field_name":"Unknown","production_trend":null},"geometry":{"type":"Polygon","coordinates":[[[-101.73120541784122,31.453895190078082],[-101.7333409549184,31.460858320934452],[-101.72524816457612,31.462744035257344],[-101.71715212951901,31.464633636230985],[-101.71271460383073,31.450477370927583],[-101.7166009484135,31.449602593878808],[-101.72111299384616,31.448570351559034],[-101.72909338967506,31.446789774497397],[-101.73120541784122,31.453895190078082]]]}},{"type":"Feature","properties":{"ABSTRACT_L":"A-328","ABSTRACT_N":"328","LEVEL1_SUR":"BLK D SEC 5 A-328","LEVEL2_BLO":"D","LEVEL3_SUR":"5","Surv_Sect":"5","SHAPE_AREA":650.9185694354459,"owner_count":2739.0,"top_owner":"CLARK SALLY PAGE LIFE ESTATE","top_owner_state":"MI","top_operator":"PIONEER NATURAL RES","max_propensity_score":10.0,"field_name":"Unknown","production_trend":null},"geometry":{"type":"MultiPolygon","coordinates":[[[[-101.44328786116178,31.19204051137252],[-101.44430616890997,31.192069652583054],[-101.444283571789,31.192597623185335],[-101.44426174991412,31.193107533207286],[-101.44326366953118,31.19307813873017],[-101.44240882282534,31.193052956081175],[-101.44147394071928,31.193025410462045],[-101.44149506190823,31.192514628578007],[-101.44151676071391,31.19198980816532],[-101.44244860202276,31.192016488809372],[-101.44328786116178,31.19204051137252]]],[[[-101.74098029187492,31.45915070838613],[-101.7333409549184,31.460858320934452],[-101.73120541784122,31.453895190078082],[-101.72909338967506,31.446789774497397],[-101.74550263200075,31.443124421157247],[-101.74766358601056,31.45018533398227],[-101.74980423719664,31.457178680370188],[-101.74098029187492,31.45915070838613]]]]}},{"type":"Feature","properties":{"ABSTRACT_L":"A-732","ABSTRACT_N":"732","LEVEL1_SUR":"L&SVRR","LEVEL2_BLO":"D","LEVEL3_SUR":"6","Surv_Sect":"6","SHAPE_AREA":643.2942630478559,"owner_count":137.0,"top_owner":"CHAMBERS ENERGY LLC","top_owner_state":"CO","top_operator":"PIONEER NATURAL RES","max_propensity_score":8.0,"field_name":"Unknown","production_trend":null},"geometry":{"type":"Polygon","coordinates":[[[-101.76412785913057,31.446341270695694],[-101.76502214726727,31.449227873700533],[-101.76621145831295,31.453315316106984],[-101.75751178053775,31.455364299696782],[-101.75041024967047,31.457036384756552],[-101.74980423719664,31.457178680370188],[-101.74766358601056,31.45018533398227],[-101.74550263200075,31.443124421157247],[-101.75041591624327,31.44198249798223],[-101.75317108335565,31.441367230600655],[-101.76205063349512,31.43938733706482],[-101.76412785913057,31.446341270695694]]]}},{"type":"Feature","properties":{"ABSTRACT_L":"A-329","ABSTRACT_N":"329","LEVEL1_SUR":"L&SV","LEVEL2_BLO":"D","LEVEL3_SUR":"7","Surv_Sect":"7","SHAPE_AREA":750.6835474267388,"owner_count":2185.0,"top_owner":"POWELL EARL J ESTATE","top_owner_state":"WA","top_operator":"PIONEER NAT RES","max_propensity_score":10.0,"field_name":"Unknown","production_trend":null},"geometry":{"type":"MultiPolygon","coordinates":[[[[-101.75983552095515,31.43222229869169],[-101.76205063349512,31.43938733706482],[-101.75317108335565,31.441367230600655],[-101.75041591624327,31.44198249798223],[-101.74550263200075,31.443124421157247],[-101.74328263711719,31.435939925130125],[-101.74115974921756,31.429068485306043],[-101.74884026135345,31.427397116854742],[-101.75041020116144,31.427055417675277],[-101.75770295640326,31.42546737181539],[-101.75983552095515,31.43222229869169]]],[[[-101.77555592344288,31.47934605116391],[-101.77555826984239,31.481297057222143],[-101.77496176783251,31.481434638206512],[-101.77282459492321,31.47460206394001],[-101.77063060267388,31.467586631128253],[-101.77554317365406,31.46643065265561],[-101.77555592344288,31.47934605116391]]]]}},{"type":"Feature","properties":{"ABSTRACT_L":"A-833","ABSTRACT_N":"833","LEVEL1_SUR":"BLK D SEC 8 A-833 D&W","LEVEL2_BLO":"D","LEVEL3_SUR":"8","Surv_Sect":"8","SHAPE_AREA":920.7897772253166,"owner_count":173.0,"top_owner":"CAPROCK ENERGY LLC","top_owner_state":"NV","top_operator":"PIONEER NATURAL RES","max_propensity_score":9.0,"field_name":"Unknown","production_trend":null},"geometry":{"type":"MultiPolygon","coordinates":[[[[-101.74328263711719,31.435939925130125],[-101.74550263200075,31.443124421157247],[-101.72909338967506,31.446789774497397],[-101.72799730039966,31.44307463009476],[-101.7249169530359,31.43263209099232],[-101.74115974921756,31.429068485306043],[-101.74328263711719,31.435939925130125]]],[[[-101.77544620680733,31.455774909599533],[-101.7755360347425,31.458792941205438],[-101.77554317365406,31.46643065265561],[-101.77063060267388,31.467586631128253],[-101.76621145831295,31.453315316106984],[-101.77401546364759,31.45157425263395],[-101.77543834565029,31.4512567513769],[-101.7754290660534,31.45519897688518],[-101.77544620680733,31.455774909599533]]]]}},{"type":"Feature","properties":{"ABSTRACT_L":"A-330","ABSTRACT_N":"330","LEVEL1_SUR":"L&SVRR","LEVEL2_BLO":"D","LEVEL3_SUR":"9","Surv_Sect":"9","SHAPE_AREA":1090.8984924538138,"owner_count":639.0,"top_owner":"CAPROCK ENERGY LLC","top_owner_state":"NV","top_operator":"PIONEER NATURAL RES","max_propensity_score":10.0,"field_name":"Unknown","production_trend":null},"geometry":{"type":"MultiPolygon","coordinates":[[[[-101.71642787000772,31.434454417994644],[-101.7249169530359,31.43263209099232],[-101.72799730039966,31.44307463009476],[-101.72909338967506,31.446789774497397],[-101.72111299384616,31.448570351559034],[-101.7166009484135,31.449602593878808],[-101.71271460383073,31.450477370927583],[-101.70834428649879,31.43624696167228],[-101.71642787000772,31.434454417994644]]],[[[-101.77401546364759,31.45157425263395],[-101.76621145831295,31.453315316106984],[-101.76502214726727,31.449227873700533],[-101.76412785913057,31.446341270695694],[-101.76205063349512,31.43938733706482],[-101.77009924199679,31.437456102815446],[-101.7754762096395,31.43632045150347],[-101.77545096159014,31.44590494179931],[-101.77543834565029,31.4512567513769],[-101.77401546364759,31.45157425263395]]]]}},{"type":"Feature","properties":{"ABSTRACT_L":"BE--S1","ABSTRACT_N":"BE--S1","LEVEL1_SUR":null,"LEVEL2_BLO":"E","LEVEL3_SUR":"1","Surv_Sect":"1","SHAPE_AREA":648.6733795973367,"owner_count":0.0,"top_owner":"","top_owner_state":"","top_operator":"","max_propensity_score":0.0,"field_name":"Unknown","production_trend":null},"geometry":{"type":"Polygon","coordinates":[[[-101.57681655316419,31.496530071506402],[-101.56859326096732,31.498463903467222],[-101.56669148259506,31.4921792346324],[-101.56427294027081,31.484326698609156],[-101.58073471427768,31.480499854525654],[-101.58126183221167,31.48220581285072],[-101.5831795377139,31.48841164896038],[-101.58509351969929,31.49460447907284],[-101.57681655316419,31.496530071506402]]]}},{"type":"Feature","properties":{"ABSTRACT_L":"BE--S10","ABSTRACT_N":"BE--S10","LEVEL1_SUR":"L&SV RR","LEVEL2_BLO":"E","LEVEL3_SUR":"10","Surv_Sect":"10","SHAPE_AREA":651.9758003879627,"owner_count":300.0,"top_owner":"BROADMOOR LAND & MINERALS LLC","top_owner_state":"MS","top_operator":"CIVITAS PERMIAN OPER","max_propensity_score":8.0,"field_name":"Unknown","production_trend":null},"geometry":{"type":"Polygon","coordinates":[[[-101.59290617131853,31.46237421723489],[-101.60116027303471,31.46055291978615],[-101.60926502085175,31.45872856777986],[-101.60934936906366,31.459008218836008],[-101.6114461312599,31.465954672064477],[-101.61355138073893,31.47292800556878],[-101.60541044608732,31.474960520000927],[-101.59872571824049,31.476471881530593],[-101.5972615065482,31.476802875411387],[-101.59515713382487,31.469760716685144],[-101.59290617131853,31.46237421723489]]]}},{"type":"Feature","properties":{"ABSTRACT_L":"A-337","ABSTRACT_N":"337","LEVEL1_SUR":"L&SVRR","LEVEL2_BLO":"E","LEVEL3_SUR":"11","Surv_Sect":"11","SHAPE_AREA":665.2025602664066,"owner_count":54.0,"top_owner":"AR MIDLAND LP","top_owner_state":"OK","top_operator":"DIAMONDBACK E&P LLC","max_propensity_score":7.0,"field_name":"Unknown","production_trend":null},"geometry":{"type":"Polygon","coordinates":[[[-101.59515713382487,31.469760716685144],[-101.5972615065482,31.476802875411387],[-101.58912412114026,31.478657807095974],[-101.5824410488885,31.48012524726079],[-101.58073471427768,31.480499854525654],[-101.57626909018565,31.46611967629746],[-101.584602549074,31.46427053863273],[-101.59290617131853,31.46237421723489],[-101.59515713382487,31.469760716685144]]]}},{"type":"Feature","properties":{"ABSTRACT_L":"A-105","ABSTRACT_N":"105","LEVEL1_SUR":"BLK E SEC 12 A-105","LEVEL2_BLO":"E","LEVEL3_SUR":"12","Surv_Sect":"12","SHAPE_AREA":663.7137644090253,"owner_count":205.0,"top_owner":"BLYTHE JERRE F LIFE ESTATE","top_owner_state":"OK","top_operator":"PIONEER NATURAL RES","max_propensity_score":7.0,"field_name":"Unknown","production_trend":null},"geometry":{"type":"Polygon","coordinates":[[[-101.5785076523478,31.473328924701924],[-101.58073471427768,31.480499854525654],[-101.56427294027081,31.484326698609156],[-101.56203598339806,31.476960489601403],[-101.55977970735681,31.4697605159441],[-101.57626909018565,31.46611967629746],[-101.5785076523478,31.473328924701924]]]}},{"type":"Feature","properties":{"ABSTRACT_L":"A-175","ABSTRACT_N":"175","LEVEL1_SUR":"GC&SFRR","LEVEL2_BLO":"E","LEVEL3_SUR":"13","Surv_Sect":"13","SHAPE_AREA":656.3460615371707,"owner_count":736.0,"top_owner":"SANDY CREEK MINERALS LLC","top_owner_state":"CO","top_operator":"PERMIAN RESOURCES OP","max_propensity_score":9.0,"field_name":"Unknown","production_trend":null},"geometry":{"type":"Polygon","coordinates":[[[-101.59016178129463,31.453511200801934],[-101.5908367924671,31.455681370928932],[-101.59290617131853,31.46237421723489],[-101.584602549074,31.46427053863273],[-101.57626909018565,31.46611967629746],[-101.57415279412355,31.459557618224736],[-101.57173718569699,31.452073342264782],[-101.5800808745998,31.450209501513438],[-101.58853797940053,31.448290175034177],[-101.59012564746065,31.453395030407577],[-101.59016178129463,31.453511200801934]]]}},{"type":"Feature","properties":{"ABSTRACT_L":"A-429","ABSTRACT_N":"429","LEVEL1_SUR":"HE&WT","LEVEL2_BLO":"E","LEVEL3_SUR":"14","Surv_Sect":"14","SHAPE_AREA":646.1538015827967,"owner_count":717.0,"top_owner":"NIENABER JAMES H","top_owner_state":"CO","top_operator":"CONOCOPHILLIPS COMP","max_propensity_score":6.0,"field_name":"Unknown","production_trend":null},"geometry":{"type":"Polygon","coordinates":[[[-101.60926502085175,31.45872856777986],[-101.60116027303471,31.46055291978615],[-101.59290617131853,31.46237421723489],[-101.5908367924671,31.455681370928932],[-101.59016178129463,31.453511200801934],[-101.59012564746065,31.453395030407577],[-101.58853797940053,31.448290175034177],[-101.59677244394459,31.446407304180056],[-101.59715053047464,31.446320838264818],[-101.60501472652656,31.444553014160004],[-101.60926502085175,31.45872856777986]]]}},{"type":"Feature","properties":{"ABSTRACT_L":"A-202","ABSTRACT_N":"202","LEVEL1_SUR":"BLK E SEC 15","LEVEL2_BLO":"E","LEVEL3_SUR":"15","Surv_Sect":"15","SHAPE_AREA":650.4896565767926,"owner_count":5.0,"top_owner":"APACHE CORP WI SAU","top_owner_state":"TX","top_operator":"APACHE CORPORATION","max_propensity_score":2.0,"field_name":"Unknown","production_trend":null},"geometry":{"type":"Polygon","coordinates":[[[-101.62455045548563,31.45145290093131],[-101.62584526916986,31.45511680197501],[-101.61830251278447,31.456942428183957],[-101.60934936906366,31.459008218836008],[-101.60926502085175,31.45872856777986],[-101.60501472652656,31.444553014160004],[-101.61396087237132,31.442650566160836],[-101.62136710279984,31.441070572092087],[-101.62455045548563,31.45145290093131]]]}},{"type":"Feature","properties":{"ABSTRACT_L":"BE--S16","ABSTRACT_N":"BE--S16","LEVEL1_SUR":null,"LEVEL2_BLO":"E","LEVEL3_SUR":"16","Surv_Sect":"16","SHAPE_AREA":646.638421502715,"owner_count":1.0,"top_owner":"BCP RESOURCES LLC","top_owner_state":"TX","top_operator":"BCP RESOURCES","max_propensity_score":2.0,"field_name":"Unknown","production_trend":null},"geometry":{"type":"Polygon","coordinates":[[[-101.62136710279984,31.441070572092087],[-101.62540710421194,31.44015799199434],[-101.6304833850678,31.438990858218745],[-101.63785503395115,31.437295572456943],[-101.64006312615717,31.444298781146394],[-101.64116562670876,31.447891533618048],[-101.64221749551596,31.451327193205532],[-101.63285167383846,31.453482825490443],[-101.62932692271714,31.454304893741565],[-101.62847769048183,31.454502941198978],[-101.62584526916986,31.45511680197501],[-101.62455045548563,31.45145290093131],[-101.62136710279984,31.441070572092087]]]}},{"type":"Feature","properties":{"ABSTRACT_L":"BE--S17","ABSTRACT_N":"BE--S17","LEVEL1_SUR":null,"LEVEL2_BLO":"E","LEVEL3_SUR":"17","Surv_Sect":"17","SHAPE_AREA":653.8481852980319,"owner_count":89.0,"top_owner":"BASHAM CHARLENE ANNE","top_owner_state":"NM","top_operator":"APACHE CORPORATION","max_propensity_score":5.0,"field_name":"Unknown","production_trend":null},"geometry":{"type":"Polygon","coordinates":[[[-101.64679299165209,31.43519220356335],[-101.6546233266077,31.433402647401365],[-101.65678367335639,31.44052215489917],[-101.65876208880216,31.447480168004645],[-101.65102880243994,31.449278815623668],[-101.65038677650638,31.449428091476786],[-101.64221749551596,31.451327193205532],[-101.64116562670876,31.447891533618048],[-101.64006312615717,31.444298781146394],[-101.63785503395115,31.437295572456943],[-101.6418928569487,31.436345228881134],[-101.64619968944123,31.435331164491025],[-101.64622315253813,31.435326211568388],[-101.64676972169296,31.43519754202752],[-101.64679299165209,31.43519220356335]]]}},{"type":"Feature","properties":{"ABSTRACT_L":"A-6","ABSTRACT_N":"6","LEVEL1_SUR":"HE&WT","LEVEL2_BLO":"E","LEVEL3_SUR":"18","Surv_Sect":"18","SHAPE_AREA":659.7715693711704,"owner_count":69.0,"top_owner":"DRAGGING S LTD","top_owner_state":"MT","top_operator":"APACHE CORPORATION","max_propensity_score":6.0,"field_name":"Unknown","production_trend":null},"geometry":{"type":"Polygon","coordinates":[[[-101.63559905345564,31.430341447453788],[-101.63334275854979,31.423151594530612],[-101.64187133331448,31.421259712638747],[-101.64243855563603,31.421127229196728],[-101.64634673916166,31.420281903572477],[-101.65019254187735,31.41938368495532],[-101.65236077763083,31.42639146045524],[-101.6546233266077,31.433402647401365],[-101.64679299165209,31.43519220356335],[-101.64676972169296,31.43519754202752],[-101.64622315253813,31.435326211568388],[-101.64619968944123,31.435331164491025],[-101.63785503395115,31.437295572456943],[-101.63614127925608,31.43201298263643],[-101.63559905345564,31.430341447453788]]]}},{"type":"Feature","properties":{"ABSTRACT_L":"BE--S19","ABSTRACT_N":"BE--S19","LEVEL1_SUR":null,"LEVEL2_BLO":"E","LEVEL3_SUR":"19","Surv_Sect":"19","SHAPE_AREA":651.1814447211596,"owner_count":1.0,"top_owner":"DIAMONDBACK E&P LLC  WI","top_owner_state":"OK","top_operator":"DIAMONDBACK E&P LLC","max_propensity_score":6.0,"field_name":"Unknown","production_trend":null},"geometry":{"type":"Polygon","coordinates":[[[-101.62540710421194,31.44015799199434],[-101.62136710279984,31.441070572092087],[-101.61927131886894,31.434190460102407],[-101.61699896028917,31.42672789286314],[-101.62625790221078,31.424698431244227],[-101.63007799065146,31.423867710167027],[-101.63334275854979,31.423151594530612],[-101.63559905345564,31.430341447453788],[-101.63614127925608,31.43201298263643],[-101.63785503395115,31.437295572456943],[-101.6304833850678,31.438990858218745],[-101.62540710421194,31.44015799199434]]]}},{"type":"Feature","properties":{"ABSTRACT_L":"A-104","ABSTRACT_N":"104","LEVEL1_SUR":"L&SV","LEVEL2_BLO":"E","LEVEL3_SUR":"2","Surv_Sect":"2","SHAPE_AREA":642.6555082313529,"owner_count":143.0,"top_owner":"AR MIDLAND LP","top_owner_state":"OK","top_operator":"CONOCOPHILLIPS COMP","max_propensity_score":7.0,"field_name":"Unknown","production_trend":null},"geometry":{"type":"Polygon","coordinates":[[[-101.58073471427768,31.480499854525654],[-101.5824410488885,31.48012524726079],[-101.58912412114026,31.478657807095974],[-101.5972615065482,31.476802875411387],[-101.59741780262785,31.477310110097637],[-101.5977691175658,31.478450217423347],[-101.59836653316233,31.480388917905113],[-101.59914708110935,31.48300774380643],[-101.5993926023546,31.483831459578532],[-101.59948412271575,31.48412861618146],[-101.59985397977947,31.48532948245255],[-101.60023152282875,31.486557321247147],[-101.60046305820336,31.487328806812542],[-101.60148761642928,31.4907425100237],[-101.58509351969929,31.49460447907284],[-101.5831795377139,31.48841164896038],[-101.58126183221167,31.48220581285072],[-101.58073471427768,31.480499854525654]]]}},{"type":"Feature","properties":{"ABSTRACT_L":"BE--S20","ABSTRACT_N":"BE--S20","LEVEL1_SUR":null,"LEVEL2_BLO":"E","LEVEL3_SUR":"20","Surv_Sect":"20","SHAPE_AREA":644.6705052979962,"owner_count":1.0,"top_owner":"DIAMONDBACK E&P LLC  WI","top_owner_state":"OK","top_operator":"DIAMONDBACK E&P LLC","max_propensity_score":6.0,"field_name":"Unknown","production_trend":null},"geometry":{"type":"Polygon","coordinates":[[[-101.60397836803106,31.441207249567235],[-101.6029927886036,31.43802552326943],[-101.6006546778366,31.430576780221454],[-101.60938829036998,31.428507261314795],[-101.61699896028917,31.42672789286314],[-101.61927131886894,31.434190460102407],[-101.62136710279984,31.441070572092087],[-101.61396087237132,31.442650566160836],[-101.60501472652656,31.444553014160004],[-101.60397836803106,31.441207249567235]]]}},{"type":"Feature","properties":{"ABSTRACT_L":"BE--S21","ABSTRACT_N":"BE--S21","LEVEL1_SUR":null,"LEVEL2_BLO":"E","LEVEL3_SUR":"21","Surv_Sect":"21","SHAPE_AREA":638.9736543306244,"owner_count":1.0,"top_owner":"PIONEER NATURAL RES INC WI","top_owner_state":"TX","top_operator":"PIONEER NAT RES USA","max_propensity_score":2.0,"field_name":"Unknown","production_trend":null},"geometry":{"type":"Polygon","coordinates":[[[-101.59484809001093,31.431959518751505],[-101.59655601014825,31.431562970927544],[-101.5967078407026,31.431527717296376],[-101.59702009779033,31.43144420171093],[-101.5982567805942,31.431144963171572],[-101.6006546778366,31.430576780221454],[-101.6029927886036,31.43802552326943],[-101.60501472652656,31.444553014160004],[-101.59715053047464,31.446320838264818],[-101.59677244394459,31.446407304180056],[-101.58853797940053,31.448290175034177],[-101.58647175004248,31.44165100086425],[-101.58629338055967,31.44107947255081],[-101.58457367183088,31.435592863459235],[-101.58420895133396,31.434429150338776],[-101.5865292844415,31.433890624042835],[-101.58687465882045,31.43381046161921],[-101.59161945953987,31.432709076554474],[-101.5922733917442,31.432557267639986],[-101.59243659317345,31.43251937918343],[-101.59429144894513,31.43208875457811],[-101.59484809001093,31.431959518751505]]]}},{"type":"Feature","properties":{"ABSTRACT_L":"A-333","ABSTRACT_N":"333","LEVEL1_SUR":"A 333 L&SV RR","LEVEL2_BLO":"E","LEVEL3_SUR":"3","Surv_Sect":"3","SHAPE_AREA":628.8061208411331,"owner_count":123.0,"top_owner":"BROADMOOR LAND & MINERALS LLC","top_owner_state":"MS","top_operator":"PIONEER NATURAL RES","max_propensity_score":8.0,"field_name":"Unknown","production_trend":null},"geometry":{"type":"Polygon","coordinates":[[[-101.61663913291558,31.483871188836055],[-101.6171043506383,31.48552157712454],[-101.61737159404542,31.48646629457013],[-101.61755376609685,31.48711246975661],[-101.60318285594805,31.49035958880614],[-101.60148761642928,31.4907425100237],[-101.60046305820336,31.487328806812542],[-101.60023152282875,31.486557321247147],[-101.59985397977947,31.48532948245255],[-101.59948412271575,31.48412861618146],[-101.5993926023546,31.483831459578532],[-101.59914708110935,31.48300774380643],[-101.59836653316233,31.480388917905113],[-101.5977691175658,31.478450217423347],[-101.59741780262785,31.477310110097637],[-101.5988859139068,31.47696000694052],[-101.59872571824049,31.476471881530593],[-101.60541044608732,31.474960520000927],[-101.61355138073893,31.47292800556878],[-101.61565366577754,31.48020488281152],[-101.61663913291558,31.483871188836055]]]}},{"type":"Feature","properties":{"ABSTRACT_L":"BE--S4","ABSTRACT_N":"BE--S4","LEVEL1_SUR":null,"LEVEL2_BLO":"E","LEVEL3_SUR":"4","Surv_Sect":"4","SHAPE_AREA":638.9767304990604,"owner_count":2.0,"top_owner":"APACHE CORP WI SAU","top_owner_state":"TX","top_operator":"APACHE CORPORATION","max_propensity_score":2.0,"field_name":"Unknown","production_trend":null},"geometry":{"type":"Polygon","coordinates":[[[-101.63415495773751,31.483176939830216],[-101.62672819990642,31.48501538436467],[-101.6177995694131,31.487056914606704],[-101.61755376609685,31.48711246975661],[-101.61737159404542,31.48646629457013],[-101.6171043506383,31.48552157712454],[-101.61663913291558,31.483871188836055],[-101.61565366577754,31.48020488281152],[-101.61355138073893,31.47292800556878],[-101.62215579846645,31.471053391399014],[-101.62535935066975,31.470386613002727],[-101.62976893066785,31.469391703295255],[-101.63202696650872,31.47647462428446],[-101.63415495773751,31.483176939830216]]]}},{"type":"Feature","properties":{"ABSTRACT_L":"BE--S5","ABSTRACT_N":"BE--S5","LEVEL1_SUR":null,"LEVEL2_BLO":"E","LEVEL3_SUR":"5","Surv_Sect":"5","SHAPE_AREA":655.2241954860322,"owner_count":0.0,"top_owner":"","top_owner_state":"","top_operator":"","max_propensity_score":0.0,"field_name":"Unknown","production_trend":null},"geometry":{"type":"MultiPolygon","coordinates":[[[[-101.4415435673403,31.19134147542323],[-101.4424594779259,31.19136878023708],[-101.44329085165337,31.191393560662867],[-101.44433377324034,31.191424638582863],[-101.44431389981132,31.19188899798865],[-101.44431204568856,31.191932326413404],[-101.44326319611902,31.191902311430024],[-101.44243613789818,31.19187863847781],[-101.44152243896481,31.191852477269077],[-101.4415435673403,31.19134147542323]]],[[[-101.64087562538221,31.46681689525553],[-101.64660047011029,31.465540551527],[-101.6488105296268,31.472639987440978],[-101.65095373741816,31.479532046117],[-101.63415495773751,31.483176939830216],[-101.63202696650872,31.47647462428446],[-101.62976893066785,31.469391703295255],[-101.63016182412872,31.46929047570701],[-101.64087562538221,31.46681689525553]]]]}},{"type":"Feature","properties":{"ABSTRACT_L":"A-820","ABSTRACT_N":"820","LEVEL1_SUR":"BLK E SEC 6 A-820","LEVEL2_BLO":"E","LEVEL3_SUR":"6","Surv_Sect":"6","SHAPE_AREA":645.6644657175682,"owner_count":507.0,"top_owner":"SANDY CREEK MINERALS LLC","top_owner_state":"CO","top_operator":"PIONEER NATURAL RES","max_propensity_score":9.0,"field_name":"Unknown","production_trend":null},"geometry":{"type":"Polygon","coordinates":[[[-101.66296593663388,31.461720582628857],[-101.66425027955516,31.465669352564436],[-101.66739159108566,31.475891845512685],[-101.65095373741816,31.479532046117],[-101.6488105296268,31.472639987440978],[-101.64660047011029,31.465540551527],[-101.65491984161838,31.463564223856743],[-101.65536270566355,31.463461005408753],[-101.66296593663388,31.461720582628857]]]}},{"type":"Feature","properties":{"ABSTRACT_L":"BE--S7","ABSTRACT_N":"BE--S7","LEVEL1_SUR":null,"LEVEL2_BLO":"E","LEVEL3_SUR":"7","Surv_Sect":"7","SHAPE_AREA":657.5490981834514,"owner_count":1.0,"top_owner":"APACHE CORP WI SAU","top_owner_state":"TX","top_operator":"APACHE CORPORATION","max_propensity_score":2.0,"field_name":"Unknown","production_trend":null},"geometry":{"type":"Polygon","coordinates":[[[-101.66008200051711,31.451620042738806],[-101.66101819865507,31.454626653020235],[-101.6622265315269,31.458469402378924],[-101.66320532148741,31.461662703682542],[-101.66296593663388,31.461720582628857],[-101.65536270566355,31.463461005408753],[-101.65491984161838,31.463564223856743],[-101.64660047011029,31.465540551527],[-101.64446246176779,31.458691595645146],[-101.64439323489704,31.45846981310484],[-101.64221749551596,31.451327193205532],[-101.65038677650638,31.449428091476786],[-101.65102880243994,31.449278815623668],[-101.65876208880216,31.447480168004645],[-101.66008200051711,31.451620042738806]]]}},{"type":"Feature","properties":{"ABSTRACT_L":"A-807","ABSTRACT_N":"807","LEVEL1_SUR":"L&SV RR","LEVEL2_BLO":"E","LEVEL3_SUR":"8","Surv_Sect":"8","SHAPE_AREA":648.4486556992458,"owner_count":1648.0,"top_owner":"SANDY CREEK MINERALS LLC","top_owner_state":"CO","top_operator":"CIVITAS PERMIAN OPER","max_propensity_score":9.0,"field_name":"Unknown","production_trend":null},"geometry":{"type":"Polygon","coordinates":[[[-101.62584526916986,31.45511680197501],[-101.62847769048183,31.454502941198978],[-101.62932692271714,31.454304893741565],[-101.63285167383846,31.453482825490443],[-101.64221749551596,31.451327193205532],[-101.64439323489704,31.45846981310484],[-101.64660047011029,31.465540551527],[-101.64087562538221,31.46681689525553],[-101.63016182412872,31.46929047570701],[-101.62638733956176,31.45694463740436],[-101.62584526916986,31.45511680197501]]]}},{"type":"Feature","properties":{"ABSTRACT_L":"BE--S9","ABSTRACT_N":"BE--S9","LEVEL1_SUR":null,"LEVEL2_BLO":"E","LEVEL3_SUR":"9","Surv_Sect":"9","SHAPE_AREA":646.6274426788215,"owner_count":1.0,"top_owner":"APACHE CORP WI SAU","top_owner_state":"TX","top_operator":"APACHE CORPORATION","max_propensity_score":2.0,"field_name":"Unknown","production_trend":null},"geometry":{"type":"Polygon","coordinates":[[[-101.61830251278447,31.456942428183957],[-101.62584526916986,31.45511680197501],[-101.62638733956176,31.45694463740436],[-101.63016182412872,31.46929047570701],[-101.62976893066785,31.469391703295255],[-101.62535935066975,31.470386613002727],[-101.62215579846645,31.471053391399014],[-101.61355138073893,31.47292800556878],[-101.6114461312599,31.465954672064477],[-101.60934936906366,31.459008218836008],[-101.61830251278447,31.456942428183957]]]}},{"type":"Feature","properties":{"ABSTRACT_L":"A-77","ABSTRACT_N":"77","LEVEL1_SUR":"C&M","LEVEL2_BLO":"F","LEVEL3_SUR":"11","Surv_Sect":"11","SHAPE_AREA":633.0005396756716,"owner_count":2.0,"top_owner":"APA DEEPWATER LLC","top_owner_state":"TX","top_operator":"APACHE CORPORATION","max_propensity_score":1.0,"field_name":"Unknown","production_trend":null},"geometry":{"type":"Polygon","coordinates":[[[-101.49267964027268,31.480148065619787],[-101.49228011724502,31.478844976335917],[-101.49003508182294,31.471520980224657],[-101.49734737182894,31.469603042866723],[-101.50037151789357,31.46889592550662],[-101.5060972061397,31.46735253295755],[-101.51054445968417,31.4815760823835],[-101.50040370273356,31.48386135630412],[-101.49421141156256,31.485273348634294],[-101.49267964027268,31.480148065619787]]]}},{"type":"Feature","properties":{"ABSTRACT_L":"BF--S12","ABSTRACT_N":"BF--S12","LEVEL1_SUR":null,"LEVEL2_BLO":"F","LEVEL3_SUR":"12","Surv_Sect":"12","SHAPE_AREA":642.8736629286423,"owner_count":0.0,"top_owner":"","top_owner_state":"","top_operator":"","max_propensity_score":0.0,"field_name":"Unknown","production_trend":null},"geometry":{"type":"Polygon","coordinates":[[[-101.52695269589674,31.477597527769422],[-101.51054445968417,31.4815760823835],[-101.5060972061397,31.46735253295755],[-101.51469186007839,31.46544349032442],[-101.51921007064885,31.464442857974863],[-101.52240798772036,31.463717058333625],[-101.52695269589674,31.477597527769422]]]}},{"type":"Feature","properties":{"ABSTRACT_L":"A-78","ABSTRACT_N":"78","LEVEL1_SUR":"BLK F, SEC 13, C&M RR A-78","LEVEL2_BLO":"F","LEVEL3_SUR":"13","Surv_Sect":"13","SHAPE_AREA":642.4697241150898,"owner_count":198.0,"top_owner":"FRIEND DEBRA LYNN LIFE ESTATE","top_owner_state":"TX","top_operator":"DE CENTRAL OPER LLC","max_propensity_score":7.0,"field_name":"Unknown","production_trend":null},"geometry":{"type":"Polygon","coordinates":[[[-101.54345894459503,31.473647999892062],[-101.52695269589674,31.477597527769422],[-101.52240798772036,31.463717058333625],[-101.53109132154728,31.46175061897956],[-101.5391229420086,31.459871900603225],[-101.54345894459503,31.473647999892062]]]}},{"type":"Feature","properties":{"ABSTRACT_L":"BF--S14","ABSTRACT_N":"BF--S14","LEVEL1_SUR":null,"LEVEL2_BLO":"F","LEVEL3_SUR":"14","Surv_Sect":"14","SHAPE_AREA":627.2008637526632,"owner_count":13.0,"top_owner":"FRIEND DEBRA LYNN LIFE ESTATE","top_owner_state":"TX","top_operator":"PIONEER NAT RES USA","max_propensity_score":7.0,"field_name":"Unknown","production_trend":null},"geometry":{"type":"Polygon","coordinates":[[[-101.54345894459503,31.473647999892062],[-101.5391229420086,31.459871900603225],[-101.54759491033401,31.45796212000568],[-101.555585768841,31.456107207337347],[-101.55764677629229,31.462832554871852],[-101.55977970735681,31.4697605159441],[-101.54345894459503,31.473647999892062]]]}},{"type":"Feature","properties":{"ABSTRACT_L":"A-85","ABSTRACT_N":"85","LEVEL1_SUR":"C&M RR","LEVEL2_BLO":"F","LEVEL3_SUR":"15","Surv_Sect":"15","SHAPE_AREA":630.9561844501866,"owner_count":1.0,"top_owner":"CLEAR WATER INC","top_owner_state":"TX","top_operator":"CLEAR WATER INC","max_propensity_score":1.0,"field_name":"Unknown","production_trend":null},"geometry":{"type":"Polygon","coordinates":[[[-101.57415279412355,31.459557618224736],[-101.57626909018565,31.46611967629746],[-101.55977970735681,31.4697605159441],[-101.55764677629229,31.462832554871852],[-101.555585768841,31.456107207337347],[-101.56344806765105,31.454207381028194],[-101.57173718569699,31.452073342264782],[-101.57415279412355,31.459557618224736]]]}},{"type":"Feature","properties":{"ABSTRACT_L":"BF--S16","ABSTRACT_N":"BF--S16","LEVEL1_SUR":null,"LEVEL2_BLO":"F","LEVEL3_SUR":"16","Surv_Sect":"16","SHAPE_AREA":629.1208661653861,"owner_count":0.0,"top_owner":"","top_owner_state":"","top_operator":"","max_propensity_score":0.0,"field_name":"Unknown","production_trend":null},"geometry":{"type":"Polygon","coordinates":[[[-101.56952383924488,31.44524402346411],[-101.57173718569699,31.452073342264782],[-101.56344806765105,31.454207381028194],[-101.555585768841,31.456107207337347],[-101.55337498348574,31.448954423163496],[-101.55113482142406,31.442054758586604],[-101.55930164911544,31.440201883868724],[-101.56728641704481,31.43833923867425],[-101.56952383924488,31.44524402346411]]]}},{"type":"Feature","properties":{"ABSTRACT_L":"A-79","ABSTRACT_N":"79","LEVEL1_SUR":"BLK F SEC 17 A-79","LEVEL2_BLO":"F","LEVEL3_SUR":"17","Surv_Sect":"17","SHAPE_AREA":646.2930552708661,"owner_count":8.0,"top_owner":"CIVITAS PERMIAN OPER LLC WI","top_owner_state":"CO","top_operator":"CIVITAS PERMIAN OPER","max_propensity_score":5.0,"field_name":"Unknown","production_trend":null},"geometry":{"type":"Polygon","coordinates":[[[-101.55113482142406,31.442054758586604],[-101.55337498348574,31.448954423163496],[-101.555585768841,31.456107207337347],[-101.54759491033401,31.45796212000568],[-101.5391229420086,31.459871900603225],[-101.53463200968005,31.445969120946888],[-101.55113482142406,31.442054758586604]]]}},{"type":"Feature","properties":{"ABSTRACT_L":"A-855","ABSTRACT_N":"855","LEVEL1_SUR":"C&M RR","LEVEL2_BLO":"F","LEVEL3_SUR":"18","Surv_Sect":"18","SHAPE_AREA":644.0352007726098,"owner_count":16.0,"top_owner":"FRIEND DEBRA LYNN LIFE ESTATE","top_owner_state":"TX","top_operator":"PRIME OPERATING CO","max_propensity_score":7.0,"field_name":"Unknown","production_trend":null},"geometry":{"type":"Polygon","coordinates":[[[-101.51799500759891,31.45015159859353],[-101.5224769971988,31.44904608178119],[-101.52676411077253,31.44794094890077],[-101.53463200968005,31.445969120946888],[-101.5391229420086,31.459871900603225],[-101.53109132154728,31.46175061897956],[-101.52240798772036,31.463717058333625],[-101.51999653310367,31.456398612783108],[-101.51799500759891,31.45015159859353]]]}},{"type":"Feature","properties":{"ABSTRACT_L":"A-80","ABSTRACT_N":"80","LEVEL1_SUR":"C&M RR","LEVEL2_BLO":"F","LEVEL3_SUR":"19","Surv_Sect":"19","SHAPE_AREA":612.0394374108143,"owner_count":146.0,"top_owner":"FRIEND DEBRA LYNN LIFE ESTATE","top_owner_state":"TX","top_operator":"DE CENTRAL OPER LLC","max_propensity_score":7.0,"field_name":"Unknown","production_trend":null},"geometry":{"type":"Polygon","coordinates":[[[-101.52240798772036,31.463717058333625],[-101.51921007064885,31.464442857974863],[-101.51469186007839,31.46544349032442],[-101.5060972061397,31.46735253295755],[-101.50375111653635,31.45998325540305],[-101.50181971531929,31.453915545757937],[-101.50740721572525,31.452638260616485],[-101.51559955018082,31.450722649316933],[-101.51799500759891,31.45015159859353],[-101.51999653310367,31.456398612783108],[-101.52240798772036,31.463717058333625]]]}},{"type":"Feature","properties":{"ABSTRACT_L":"A-364","ABSTRACT_N":"364","LEVEL1_SUR":"C&MRR","LEVEL2_BLO":"F","LEVEL3_SUR":"20","Surv_Sect":"20","SHAPE_AREA":612.786783690003,"owner_count":2.0,"top_owner":"PERMIAN RESOURCES OPER LLC WI","top_owner_state":"TX","top_operator":"PERMIAN RESOURCES OP","max_propensity_score":1.0,"field_name":"Unknown","production_trend":null},"geometry":{"type":"Polygon","coordinates":[[[-101.49003508182294,31.471520980224657],[-101.48923195292463,31.468568153871075],[-101.48578909222458,31.457658160758506],[-101.50181971531929,31.453915545757937],[-101.50375111653635,31.45998325540305],[-101.5060972061397,31.46735253295755],[-101.50037151789357,31.46889592550662],[-101.49734737182894,31.469603042866723],[-101.49003508182294,31.471520980224657]]]}},{"type":"Feature","properties":{"ABSTRACT_L":"BF--S21","ABSTRACT_N":"BF--S21","LEVEL1_SUR":null,"LEVEL2_BLO":"F","LEVEL3_SUR":"21","Surv_Sect":"21","SHAPE_AREA":688.440959913497,"owner_count":0.0,"top_owner":"","top_owner_state":"","top_operator":"","max_propensity_score":0.0,"field_name":"Unknown","production_trend":null},"geometry":{"type":"Polygon","coordinates":[[[-101.49678360802123,31.438602773303842],[-101.50040371800493,31.449583430472416],[-101.50147447568763,31.452830836966097],[-101.50181971531929,31.453915545757937],[-101.48578909222458,31.457658160758506],[-101.48537080339064,31.456332450706732],[-101.48255363455736,31.447089610674634],[-101.48175004661995,31.44442164961406],[-101.48100668623076,31.441953831773326],[-101.49678360802123,31.438602773303842]]]}},{"type":"Feature","properties":{"ABSTRACT_L":"A-363","ABSTRACT_N":"363","LEVEL1_SUR":"BLK F,SEC 22, C&M RR/MCELROY","LEVEL2_BLO":"F","LEVEL3_SUR":"22","Surv_Sect":"22","SHAPE_AREA":692.2292168137594,"owner_count":183.0,"top_owner":"LYRA PROPERTIES LLC","top_owner_state":"GA","top_operator":"DE CENTRAL OPER LLC","max_propensity_score":8.0,"field_name":"Unknown","production_trend":null},"geometry":{"type":"Polygon","coordinates":[[[-101.50147447568763,31.452830836966097],[-101.50040371800493,31.449583430472416],[-101.49678360802123,31.438602773303842],[-101.50040359493573,31.437814729429878],[-101.5131516949305,31.435037499108972],[-101.51772354749983,31.449304263201064],[-101.51799500759891,31.45015159859353],[-101.51559955018082,31.450722649316933],[-101.50740721572525,31.452638260616485],[-101.50181971531929,31.453915545757937],[-101.50147447568763,31.452830836966097]]]}},{"type":"Feature","properties":{"ABSTRACT_L":"A-82","ABSTRACT_N":"82","LEVEL1_SUR":"C&M RR","LEVEL2_BLO":"F","LEVEL3_SUR":"23","Surv_Sect":"23","SHAPE_AREA":698.8517950381331,"owner_count":244.0,"top_owner":"PARKS JAMES L LLC","top_owner_state":"WA","top_operator":"DE CENTRAL OPER LLC","max_propensity_score":8.0,"field_name":"Unknown","production_trend":null},"geometry":{"type":"Polygon","coordinates":[[[-101.5322440720592,31.437979685899005],[-101.53463200968005,31.445969120946888],[-101.52676411077253,31.44794094890077],[-101.5224769971988,31.44904608178119],[-101.51799500759891,31.45015159859353],[-101.51772354749983,31.449304263201064],[-101.5131516949305,31.435037499108972],[-101.52250974528248,31.433076486881536],[-101.53027985538482,31.43140887061855],[-101.5322440720592,31.437979685899005]]]}},{"type":"Feature","properties":{"ABSTRACT_L":"A-243","ABSTRACT_N":"243","LEVEL1_SUR":"BLK F,SEC 24,C&M/KING,A-243","LEVEL2_BLO":"F","LEVEL3_SUR":"24","Surv_Sect":"24","SHAPE_AREA":653.5400321805756,"owner_count":189.0,"top_owner":"LYRA PROPERTIES LLC","top_owner_state":"GA","top_operator":"CIVITAS PERMIAN OP","max_propensity_score":7.0,"field_name":"Unknown","production_trend":null},"geometry":{"type":"Polygon","coordinates":[[[-101.5322440720592,31.437979685899005],[-101.53027985538482,31.43140887061855],[-101.53853562527247,31.42970194157266],[-101.5465972737188,31.42800087299116],[-101.55113482142406,31.442054758586604],[-101.53463200968005,31.445969120946888],[-101.5322440720592,31.437979685899005]]]}},{"type":"Feature","properties":{"ABSTRACT_L":"BF--S25","ABSTRACT_N":"BF--S25","LEVEL1_SUR":null,"LEVEL2_BLO":"F","LEVEL3_SUR":"25","Surv_Sect":"25","SHAPE_AREA":637.7618546166544,"owner_count":100.0,"top_owner":"MARBERRY LIVING TRUST","top_owner_state":"CO","top_operator":"PRIME OPERATING COMP","max_propensity_score":8.0,"field_name":"Unknown","production_trend":null},"geometry":{"type":"Polygon","coordinates":[[[-101.56728641704481,31.43833923867425],[-101.55930164911544,31.440201883868724],[-101.55113482142406,31.442054758586604],[-101.5465972737188,31.42800087299116],[-101.55473177014478,31.426083032550768],[-101.56276111247855,31.424232168624837],[-101.56728641704481,31.43833923867425]]]}},{"type":"Feature","properties":{"ABSTRACT_L":"BF--S26","ABSTRACT_N":"BF--S26","LEVEL1_SUR":"C&M RR","LEVEL2_BLO":"F","LEVEL3_SUR":"26","Surv_Sect":"26","SHAPE_AREA":648.1890938913654,"owner_count":1603.0,"top_owner":"FLYING 2M ASSETS LLC","top_owner_state":"CA","top_operator":"CIVITAS PERMIAN OPER","max_propensity_score":10.0,"field_name":"Unknown","production_trend":null},"geometry":{"type":"Polygon","coordinates":[[[-101.56276111247855,31.424232168624837],[-101.55473177014478,31.426083032550768],[-101.5465972737188,31.42800087299116],[-101.54420845035908,31.420616711265417],[-101.54199412025172,31.41366904172678],[-101.55026939795408,31.411834438264997],[-101.55837804984932,31.41001900339444],[-101.56276111247855,31.424232168624837]]]}},{"type":"Feature","properties":{"ABSTRACT_L":"BF--S27","ABSTRACT_N":"BF--S27","LEVEL1_SUR":null,"LEVEL2_BLO":"F","LEVEL3_SUR":"27","Surv_Sect":"27","SHAPE_AREA":647.7805852307127,"owner_count":0.0,"top_owner":"","top_owner_state":"","top_operator":"","max_propensity_score":0.0,"field_name":"Unknown","production_trend":null},"geometry":{"type":"Polygon","coordinates":[[[-101.54420845035908,31.420616711265417],[-101.5465972737188,31.42800087299116],[-101.53853562527247,31.42970194157266],[-101.53027985538482,31.43140887061855],[-101.52576348366576,31.417134313688084],[-101.53445656511181,31.415253259474607],[-101.54199412025172,31.41366904172678],[-101.54420845035908,31.420616711265417]]]}},{"type":"Feature","properties":{"ABSTRACT_L":"A-381","ABSTRACT_N":"381","LEVEL1_SUR":"C&M RR","LEVEL2_BLO":"F","LEVEL3_SUR":"28","Surv_Sect":"28","SHAPE_AREA":678.0957014379328,"owner_count":15.0,"top_owner":"FRIEND DEBRA LYNN LIFE ESTATE","top_owner_state":"TX","top_operator":"PRIME OPERATING CO","max_propensity_score":7.0,"field_name":"Unknown","production_trend":null},"geometry":{"type":"Polygon","coordinates":[[[-101.51233688613688,31.432484977484823],[-101.50863432248819,31.420884063490394],[-101.52576348366576,31.417134313688084],[-101.53027985538482,31.43140887061855],[-101.52250974528248,31.433076486881536],[-101.5131516949305,31.435037499108972],[-101.51233688613688,31.432484977484823]]]}},{"type":"Feature","properties":{"ABSTRACT_L":"BF--S29","ABSTRACT_N":"BF--S29","LEVEL1_SUR":null,"LEVEL2_BLO":"F","LEVEL3_SUR":"29","Surv_Sect":"29","SHAPE_AREA":641.3853327950031,"owner_count":1.0,"top_owner":"DE CENTRAL OPERATING LLC WI","top_owner_state":"TX","top_operator":"DE CENTRAL OPER LLC","max_propensity_score":2.0,"field_name":"Unknown","production_trend":null},"geometry":{"type":"Polygon","coordinates":[[[-101.50863432248819,31.420884063490394],[-101.51233688613688,31.432484977484823],[-101.5131516949305,31.435037499108972],[-101.50040359493573,31.437814729429878],[-101.49678360802123,31.438602773303842],[-101.49244842020676,31.42443778961041],[-101.50040375483584,31.42269131651619],[-101.50863432248819,31.420884063490394]]]}},{"type":"Feature","properties":{"ABSTRACT_L":"BF--S3","ABSTRACT_N":"BF--S3","LEVEL1_SUR":"L&SV W2","LEVEL2_BLO":"F","LEVEL3_SUR":"3","Surv_Sect":"3","SHAPE_AREA":641.3756880591985,"owner_count":75.0,"top_owner":"AR MIDLAND LP","top_owner_state":"OK","top_operator":"DIAMONDBACK E&P LLC","max_propensity_score":7.0,"field_name":"Unknown","production_trend":null},"geometry":{"type":"Polygon","coordinates":[[[-101.53150410460685,31.49193954638919],[-101.53396394517968,31.49965051686155],[-101.53592738391302,31.505888572305594],[-101.52760726680326,31.507780630537127],[-101.5195385001066,31.509783449731597],[-101.51730060449441,31.502762293594497],[-101.51646806834697,31.50013493674116],[-101.51508936998151,31.495703462637213],[-101.5232130291319,31.493842713419212],[-101.53150410460685,31.49193954638919]]]}},{"type":"Feature","properties":{"ABSTRACT_L":"BF--S30","ABSTRACT_N":"BF--S30","LEVEL1_SUR":null,"LEVEL2_BLO":"F","LEVEL3_SUR":"30","Surv_Sect":"30","SHAPE_AREA":617.6765717239047,"owner_count":1.0,"top_owner":"DE CENTRAL OPERATING LLC WI","top_owner_state":"TX","top_operator":"DE CENTRAL OPER LLC","max_propensity_score":2.0,"field_name":"Unknown","production_trend":null},"geometry":{"type":"Polygon","coordinates":[[[-101.49244842020676,31.42443778961041],[-101.49678360802123,31.438602773303842],[-101.48100668623076,31.441953831773326],[-101.478734809148,31.434546546082107],[-101.47669714082609,31.427902019838413],[-101.49244842020676,31.42443778961041]]]}},{"type":"Feature","properties":{"ABSTRACT_L":"BF--S4","ABSTRACT_N":"BF--S4","LEVEL1_SUR":"L&SV","LEVEL2_BLO":"F","LEVEL3_SUR":"4","Surv_Sect":"4","SHAPE_AREA":639.1680314147027,"owner_count":2.0,"top_owner":"DIAMONDBACK E&P LLC  WI","top_owner_state":"OK","top_operator":"DIAMONDBACK E&P LLC","max_propensity_score":6.0,"field_name":"Unknown","production_trend":null},"geometry":{"type":"Polygon","coordinates":[[[-101.54795496408302,31.488136962335254],[-101.5503318937484,31.49591882388839],[-101.55165045619377,31.500198965355327],[-101.55226129262068,31.502164578433792],[-101.5487587972605,31.502991032147406],[-101.54398699228534,31.50402149565512],[-101.53592738391302,31.505888572305594],[-101.53396394517968,31.49965051686155],[-101.53150410460685,31.49193954638919],[-101.53972865444511,31.490027030408022],[-101.54795496408302,31.488136962335254]]]}},{"type":"Feature","properties":{"ABSTRACT_L":"A-339","ABSTRACT_N":"339","LEVEL1_SUR":"BLK F SEC 5 A-339","LEVEL2_BLO":"F","LEVEL3_SUR":"5","Surv_Sect":"5","SHAPE_AREA":707.5311678513427,"owner_count":923.0,"top_owner":"ABRAMS LIVING TRUST","top_owner_state":"CA","top_operator":"DIAMONDBACK E&P LLC","max_propensity_score":9.0,"field_name":"Unknown","production_trend":null},"geometry":{"type":"MultiPolygon","coordinates":[[[[-101.44447181106186,31.191936897167572],[-101.44447460572069,31.191871604829633],[-101.44448276871168,31.191680840072316],[-101.44449352963048,31.191429398401873],[-101.44518921552921,31.191450122131528],[-101.4458826403684,31.1914707759271],[-101.44647348478863,31.19148837126373],[-101.44724722799735,31.191511409569156],[-101.44723229081082,31.191916623089238],[-101.44722995698771,31.19197994508545],[-101.44722863736256,31.192015745716677],[-101.44711443274385,31.192012480565683],[-101.44645588499557,31.19199364965597],[-101.44586031992853,31.191976617688592],[-101.4451706428607,31.19195688998814],[-101.44469553827999,31.191943298374785],[-101.44453961859445,31.19193883750957],[-101.44447181106186,31.191936897167572]]],[[[-101.43796283680373,31.200715147305804],[-101.437954611829,31.20071499132451],[-101.43804062731407,31.19868100737401],[-101.44993525951696,31.199014900856103],[-101.4498885354441,31.199980156539812],[-101.44636724912482,31.19982010831828],[-101.44626530111985,31.201476898701376],[-101.44350691354718,31.201485074977175],[-101.4401591826391,31.201485200990643],[-101.44016444047847,31.20075685117431],[-101.43796283680373,31.200715147305804]]],[[[-101.56040188231924,31.50032028756779],[-101.55226129262068,31.502164578433792],[-101.55165045619377,31.500198965355327],[-101.5503318937484,31.49591882388839],[-101.54795496408302,31.488136962335254],[-101.5563056670316,31.486198387927935],[-101.56154083381008,31.48496859326041],[-101.56284370897566,31.48466249781161],[-101.56427294027081,31.484326698609156],[-101.56669148259506,31.4921792346324],[-101.56859326096732,31.498463903467222],[-101.56040188231924,31.50032028756779]]]]}},{"type":"Feature","properties":{"ABSTRACT_L":"BF--S6","ABSTRACT_N":"BF--S6","LEVEL1_SUR":null,"LEVEL2_BLO":"F","LEVEL3_SUR":"6","Surv_Sect":"6","SHAPE_AREA":662.5321353544754,"owner_count":0.0,"top_owner":"","top_owner_state":"","top_operator":"","max_propensity_score":0.0,"field_name":"Unknown","production_trend":null},"geometry":{"type":"Polygon","coordinates":[[[-101.56203598339806,31.476960489601403],[-101.56427294027081,31.484326698609156],[-101.56284370897566,31.48466249781161],[-101.56154083381008,31.48496859326041],[-101.5563056670316,31.486198387927935],[-101.54795496408302,31.488136962335254],[-101.54593516055718,31.481516966219043],[-101.54345894459503,31.473647999892062],[-101.55977970735681,31.4697605159441],[-101.56203598339806,31.476960489601403]]]}},{"type":"Feature","properties":{"ABSTRACT_L":"A-340","ABSTRACT_N":"340","LEVEL1_SUR":"BLK F SEC 7 A-340","LEVEL2_BLO":"F","LEVEL3_SUR":"7","Surv_Sect":"7","SHAPE_AREA":665.7193105779106,"owner_count":1029.0,"top_owner":"DM MINERALS LLC","top_owner_state":"WA","top_operator":"DIAMONDBACK E&P LLC","max_propensity_score":9.0,"field_name":"Unknown","production_trend":null},"geometry":{"type":"Polygon","coordinates":[[[-101.54593516055718,31.481516966219043],[-101.54795496408302,31.488136962335254],[-101.53972865444511,31.490027030408022],[-101.53150410460685,31.49193954638919],[-101.52931594961024,31.485173068222057],[-101.5281007922372,31.48143540659657],[-101.52695269589674,31.477597527769422],[-101.54345894459503,31.473647999892062],[-101.54593516055718,31.481516966219043]]]}},{"type":"Feature","properties":{"ABSTRACT_L":"A-26","ABSTRACT_N":"26","LEVEL1_SUR":"BLK F SEC 8 A-26","LEVEL2_BLO":"F","LEVEL3_SUR":"8","Surv_Sect":"8","SHAPE_AREA":652.6951204659237,"owner_count":262.0,"top_owner":"FRIEND DEBRA LYNN LIFE ESTATE","top_owner_state":"TX","top_operator":"DIAMONDBACK E&P LLC","max_propensity_score":7.0,"field_name":"Unknown","production_trend":null},"geometry":{"type":"Polygon","coordinates":[[[-101.52931594961024,31.485173068222057],[-101.53150410460685,31.49193954638919],[-101.5232130291319,31.493842713419212],[-101.51508936998151,31.495703462637213],[-101.51279465682589,31.488555106449457],[-101.51054445968417,31.4815760823835],[-101.52695269589674,31.477597527769422],[-101.5281007922372,31.48143540659657],[-101.52931594961024,31.485173068222057]]]}},{"type":"Feature","properties":{"ABSTRACT_L":"BG--S1","ABSTRACT_N":"BG--S1","LEVEL1_SUR":null,"LEVEL2_BLO":"G","LEVEL3_SUR":"1","Surv_Sect":"1","SHAPE_AREA":666.1109324718913,"owner_count":0.0,"top_owner":"","top_owner_state":"","top_operator":"","max_propensity_score":0.0,"field_name":"Unknown","production_trend":null},"geometry":{"type":"Polygon","coordinates":[[[-101.57655995030159,31.4361854354894],[-101.56728641704481,31.43833923867425],[-101.56276111247855,31.424232168624837],[-101.57965500128992,31.42033586856756],[-101.58021607733829,31.422153934756427],[-101.58176963996033,31.426993961346973],[-101.58308954718369,31.4310172989106],[-101.58365096369354,31.432728485622626],[-101.58372766814071,31.432962275589247],[-101.58410704015992,31.434118548314334],[-101.58420895133396,31.434429150338776],[-101.58258186969077,31.4348027868853],[-101.57655995030159,31.4361854354894]]]}},{"type":"Feature","properties":{"ABSTRACT_L":"BG--S2","ABSTRACT_N":"BG--S2","LEVEL1_SUR":"C&M","LEVEL2_BLO":"G","LEVEL3_SUR":"2","Surv_Sect":"2","SHAPE_AREA":628.6650062609009,"owner_count":46.0,"top_owner":"APOGEE ASSETS LLC","top_owner_state":"FL","top_operator":"DIAMONDBACK E&P LLC","max_propensity_score":7.0,"field_name":"Unknown","production_trend":null},"geometry":{"type":"Polygon","coordinates":[[[-101.6006546778366,31.430576780221454],[-101.5982567805942,31.431144963171572],[-101.59702009779033,31.43144420171093],[-101.5967078407026,31.431527717296376],[-101.59655601014825,31.431562970927544],[-101.59484809001093,31.431959518751505],[-101.59429144894513,31.43208875457811],[-101.59243659317345,31.43251937918343],[-101.5922733917442,31.432557267639986],[-101.59161945953987,31.432709076554474],[-101.58687465882045,31.43381046161921],[-101.5865292844415,31.433890624042835],[-101.58420895133396,31.434429150338776],[-101.58410704015992,31.434118548314334],[-101.58372766814071,31.432962275589247],[-101.58365096369354,31.432728485622626],[-101.58308954718369,31.4310172989106],[-101.58176963996033,31.426993961346973],[-101.58021607733829,31.422153934756427],[-101.58544280803795,31.420959250321186],[-101.58483248814234,31.419121598072206],[-101.59636056728513,31.416468577424233],[-101.59848464994411,31.42339804906069],[-101.6006546778366,31.430576780221454]]]}},{"type":"Feature","properties":{"ABSTRACT_L":"A-88","ABSTRACT_N":"88","LEVEL1_SUR":"C&M RR","LEVEL2_BLO":"G","LEVEL3_SUR":"3","Surv_Sect":"3","SHAPE_AREA":640.2110492060679,"owner_count":1.0,"top_owner":"DIAMONDBACK E&P LLC  WI","top_owner_state":"OK","top_operator":"DIAMONDBACK E&P LLC","max_propensity_score":6.0,"field_name":"Unknown","production_trend":null},"geometry":{"type":"Polygon","coordinates":[[[-101.61266257412211,31.41271850544343],[-101.6137261964865,31.416113781250903],[-101.61590008533808,31.423163286999888],[-101.61699896028917,31.42672789286314],[-101.60938829036998,31.428507261314795],[-101.6006546778366,31.430576780221454],[-101.59848464994411,31.42339804906069],[-101.59636056728513,31.416468577424233],[-101.61266257412211,31.41271850544343]]]}},{"type":"Feature","properties":{"ABSTRACT_L":"BG--S4","ABSTRACT_N":"BG--S4","LEVEL1_SUR":"C&M","LEVEL2_BLO":"G","LEVEL3_SUR":"4","Surv_Sect":"4","SHAPE_AREA":637.0894914751622,"owner_count":33.0,"top_owner":"LYRA PROPERTIES LLC","top_owner_state":"GA","top_operator":"CIVITAS PERMIAN OPER","max_propensity_score":8.0,"field_name":"Unknown","production_trend":null},"geometry":{"type":"Polygon","coordinates":[[[-101.62540699821074,31.409843171484912],[-101.6289707245373,31.40903914357832],[-101.63007842094447,31.41270224088134],[-101.63116396040517,31.416360722681844],[-101.63212535808348,31.41954875971318],[-101.63334275854979,31.423151594530612],[-101.63007799065146,31.423867710167027],[-101.62625790221078,31.424698431244227],[-101.61699896028917,31.42672789286314],[-101.61590008533808,31.423163286999888],[-101.6137261964865,31.416113781250903],[-101.61266257412211,31.41271850544343],[-101.6218226681248,31.410651857693118],[-101.62540699821074,31.409843171484912]]]}},{"type":"Feature","properties":{"ABSTRACT_L":"BG--S5","ABSTRACT_N":"BG--S5","LEVEL1_SUR":null,"LEVEL2_BLO":"G","LEVEL3_SUR":"5","Surv_Sect":"5","SHAPE_AREA":677.0397871846789,"owner_count":0.0,"top_owner":"","top_owner_state":"","top_operator":"","max_propensity_score":0.0,"field_name":"Unknown","production_trend":null},"geometry":{"type":"Polygon","coordinates":[[[-101.6289707245373,31.40903914357832],[-101.6376577657114,31.406986703019715],[-101.6461406611439,31.405117334812186],[-101.64724000771051,31.40908758572008],[-101.64833800590587,31.412663705779405],[-101.65036680695762,31.4193425545917],[-101.65019254187735,31.41938368495532],[-101.64634673916166,31.420281903572477],[-101.64243855563603,31.421127229196728],[-101.64187133331448,31.421259712638747],[-101.63334275854979,31.423151594530612],[-101.63212535808348,31.41954875971318],[-101.63116396040517,31.416360722681844],[-101.63007842094447,31.41270224088134],[-101.6289707245373,31.40903914357832]]]}},{"type":"Feature","properties":{"ABSTRACT_L":"BG--S6","ABSTRACT_N":"BG--S6","LEVEL1_SUR":null,"LEVEL2_BLO":"G","LEVEL3_SUR":"6","Surv_Sect":"6","SHAPE_AREA":668.5508048006651,"owner_count":0.0,"top_owner":"","top_owner_state":"","top_operator":"","max_propensity_score":0.0,"field_name":"Unknown","production_trend":null},"geometry":{"type":"Polygon","coordinates":[[[-101.64187769248838,31.391203655155792],[-101.64389182584816,31.3977353290297],[-101.6461406611439,31.405117334812186],[-101.6376577657114,31.406986703019715],[-101.6289707245373,31.40903914357832],[-101.62664556208681,31.40144672863027],[-101.6246090750495,31.394999062759936],[-101.64187769248838,31.391203655155792]]]}},{"type":"Feature","properties":{"ABSTRACT_L":"BG--S7","ABSTRACT_N":"BG--S7","LEVEL1_SUR":null,"LEVEL2_BLO":"G","LEVEL3_SUR":"7","Surv_Sect":"7","SHAPE_AREA":638.447855363821,"owner_count":28.0,"top_owner":"DIAMONDBACK E&P LLC  WI","top_owner_state":"OK","top_operator":"DIAMONDBACK E&P LLC","max_propensity_score":6.0,"field_name":"Unknown","production_trend":null},"geometry":{"type":"Polygon","coordinates":[[[-101.62664556208681,31.40144672863027],[-101.6289707245373,31.40903914357832],[-101.62540699821074,31.409843171484912],[-101.6218226681248,31.410651857693118],[-101.61266257412211,31.41271850544343],[-101.61026965174973,31.405026972696927],[-101.6082773267901,31.39866763074392],[-101.6173635756832,31.3966801117276],[-101.6246090750495,31.394999062759936],[-101.62664556208681,31.40144672863027]]]}},{"type":"Feature","properties":{"ABSTRACT_L":"BG--S8","ABSTRACT_N":"BG--S8","LEVEL1_SUR":null,"LEVEL2_BLO":"G","LEVEL3_SUR":"8","Surv_Sect":"8","SHAPE_AREA":638.7171522884382,"owner_count":1.0,"top_owner":"DIAMONDBACK E&P LLC  WI","top_owner_state":"OK","top_operator":"DIAMONDBACK E&P LLC","max_propensity_score":6.0,"field_name":"Unknown","production_trend":null},"geometry":{"type":"Polygon","coordinates":[[[-101.61266257412211,31.41271850544343],[-101.59636056728513,31.416468577424233],[-101.5920597579966,31.402360468316733],[-101.6082773267901,31.39866763074392],[-101.61026965174973,31.405026972696927],[-101.61266257412211,31.41271850544343]]]}},{"type":"Feature","properties":{"ABSTRACT_L":"BG--S9","ABSTRACT_N":"BG--S9","LEVEL1_SUR":null,"LEVEL2_BLO":"G","LEVEL3_SUR":"9","Surv_Sect":"9","SHAPE_AREA":656.6780622509553,"owner_count":2.0,"top_owner":"BCP RESOURCES LLC","top_owner_state":"TX","top_operator":"BCP RESOURCES LLC","max_propensity_score":2.0,"field_name":"Unknown","production_trend":null},"geometry":{"type":"Polygon","coordinates":[[[-101.57646835448196,31.40591182855582],[-101.5920597579966,31.402360468316733],[-101.59636056728513,31.416468577424233],[-101.58483248814234,31.419121598072206],[-101.5805824893629,31.42012195631457],[-101.57965500128992,31.42033586856756],[-101.57542387431796,31.406149659986536],[-101.57646835448196,31.40591182855582]]]}},{"type":"Feature","properties":{"ABSTRACT_L":"BH--S1","ABSTRACT_N":"BH--S1","LEVEL1_SUR":null,"LEVEL2_BLO":"H","LEVEL3_SUR":"1","Surv_Sect":"1","SHAPE_AREA":642.9616468649954,"owner_count":587.0,"top_owner":"FLYING 2M ASSETS LLC","top_owner_state":"CA","top_operator":"APACHE CORPORATION","max_propensity_score":9.0,"field_name":"Unknown","production_trend":null},"geometry":{"type":"Polygon","coordinates":[[[-101.65876208880216,31.447480168004645],[-101.65678367335639,31.44052215489917],[-101.6546233266077,31.433402647401365],[-101.65464630551268,31.433396500193595],[-101.66247271393217,31.4315532448113],[-101.67106444295631,31.42968827844183],[-101.67325270664907,31.436799942073574],[-101.67533257782304,31.443558171031093],[-101.66714580214246,31.44549648739367],[-101.65876208880216,31.447480168004645]]]}},{"type":"Feature","properties":{"ABSTRACT_L":"BH--S10","ABSTRACT_N":"BH--S10","LEVEL1_SUR":null,"LEVEL2_BLO":"H","LEVEL3_SUR":"10","Surv_Sect":"10","SHAPE_AREA":500.37085922757564,"owner_count":0.0,"top_owner":"","top_owner_state":"","top_operator":"","max_propensity_score":0.0,"field_name":"Unknown","production_trend":null},"geometry":{"type":"Polygon","coordinates":[[[-101.71857429107287,31.412437070239214],[-101.7184481406575,31.41205258911001],[-101.7182224515188,31.411260399056065],[-101.7161046094561,31.404452943978754],[-101.72019694402171,31.403469213862877],[-101.72805292228543,31.401699366466747],[-101.73266247714724,31.40072890603299],[-101.73680327672075,31.414793525343484],[-101.73172239199904,31.415967451386],[-101.73131338366028,31.414584991453385],[-101.72964578620113,31.41328236382989],[-101.72805058307243,31.41234324221707],[-101.71857429107287,31.412437070239214]]]}},{"type":"Feature","properties":{"ABSTRACT_L":"A-346","ABSTRACT_N":"346","LEVEL1_SUR":"BLK H SEC 11 A-346","LEVEL2_BLO":"H","LEVEL3_SUR":"11","Surv_Sect":"11","SHAPE_AREA":642.0281995755402,"owner_count":105.0,"top_owner":"CIVITAS PERMIAN OPER LLC WI","top_owner_state":"CO","top_operator":"CIVITAS PERMIAN OPER","max_propensity_score":6.0,"field_name":"Unknown","production_trend":null},"geometry":{"type":"Polygon","coordinates":[[[-101.72844483568433,31.386721127954644],[-101.73049126347857,31.393699335546263],[-101.73266247714724,31.40072890603299],[-101.72805292228543,31.401699366466747],[-101.72019694402171,31.403469213862877],[-101.7161046094561,31.404452943978754],[-101.71398556365094,31.397429822647734],[-101.71194438650951,31.3904182742251],[-101.72017148486825,31.38857516124303],[-101.72844483568433,31.386721127954644]]]}},{"type":"Feature","properties":{"ABSTRACT_L":"BH--S12","ABSTRACT_N":"BH--S12","LEVEL1_SUR":null,"LEVEL2_BLO":"H","LEVEL3_SUR":"12","Surv_Sect":"12","SHAPE_AREA":637.6889289358945,"owner_count":0.0,"top_owner":"","top_owner_state":"","top_operator":"","max_propensity_score":0.0,"field_name":"Unknown","production_trend":null},"geometry":{"type":"Polygon","coordinates":[[[-101.73049126347857,31.393699335546263],[-101.72844483568433,31.386721127954644],[-101.73607652977442,31.385022457998282],[-101.74487041207684,31.383079181492946],[-101.74894633981211,31.396981846446593],[-101.74897654117196,31.39708035492732],[-101.74081076810272,31.398889938170342],[-101.73266247714724,31.40072890603299],[-101.73049126347857,31.393699335546263]]]}},{"type":"Feature","properties":{"ABSTRACT_L":"BH--S13","ABSTRACT_N":"BH--S13","LEVEL1_SUR":null,"LEVEL2_BLO":"H","LEVEL3_SUR":"13","Surv_Sect":"13","SHAPE_AREA":644.478881010382,"owner_count":0.0,"top_owner":"","top_owner_state":"","top_operator":"","max_propensity_score":0.0,"field_name":"Unknown","production_trend":null},"geometry":{"type":"Polygon","coordinates":[[[-101.74444494121218,31.413151349522156],[-101.73680327672075,31.414793525343484],[-101.73266247714724,31.40072890603299],[-101.74081076810272,31.398889938170342],[-101.74897654117196,31.39708035492732],[-101.7504101930766,31.401756389955878],[-101.75333669945638,31.41130000499931],[-101.74444494121218,31.413151349522156]]]}},{"type":"Feature","properties":{"ABSTRACT_L":"A-790","ABSTRACT_N":"790","LEVEL1_SUR":"L&SVRR","LEVEL2_BLO":"H","LEVEL3_SUR":"14","Surv_Sect":"14","SHAPE_AREA":654.2072468344272,"owner_count":234.0,"top_owner":"AUSTIN ROYALTIES LLC","top_owner_state":"OK","top_operator":"PIONEER NAT RES","max_propensity_score":9.0,"field_name":"Unknown","production_trend":null},"geometry":{"type":"Polygon","coordinates":[[[-101.73882637616538,31.42152801205909],[-101.73680327672075,31.414793525343484],[-101.74444494121218,31.413151349522156],[-101.75333669945638,31.41130000499931],[-101.75770295640326,31.42546737181539],[-101.75041020116144,31.427055417675277],[-101.74884026135345,31.427397116854742],[-101.74115974921756,31.429068485306043],[-101.73882637616538,31.42152801205909]]]}},{"type":"Feature","properties":{"ABSTRACT_L":"A-348","ABSTRACT_N":"348","LEVEL1_SUR":"BLK H SEC 15 A-348 L&SV RR CO","LEVEL2_BLO":"H","LEVEL3_SUR":"15","Surv_Sect":"15","SHAPE_AREA":649.4486386294165,"owner_count":3482.0,"top_owner":"BROADMOOR LAND & MINERALS LLC","top_owner_state":"MS","top_operator":"PIONEER NATURAL RES","max_propensity_score":10.0,"field_name":"Unknown","production_trend":null},"geometry":{"type":"Polygon","coordinates":[[[-101.76972116983978,31.40762551352612],[-101.77177279348963,31.41417638370955],[-101.77417504935781,31.4218534001789],[-101.7656377115275,31.423722816674616],[-101.75770295640326,31.42546737181539],[-101.75333669945638,31.41130000499931],[-101.76972116983978,31.40762551352612]]]}},{"type":"Feature","properties":{"ABSTRACT_L":"BH--S16","ABSTRACT_N":"BH--S16","LEVEL1_SUR":null,"LEVEL2_BLO":"H","LEVEL3_SUR":"16","Surv_Sect":"16","SHAPE_AREA":649.2396079108041,"owner_count":0.0,"top_owner":"","top_owner_state":"","top_operator":"","max_propensity_score":0.0,"field_name":"Unknown","production_trend":null},"geometry":{"type":"Polygon","coordinates":[[[-101.76753688568373,31.400499121746698],[-101.76972116983978,31.40762551352612],[-101.75333669945638,31.41130000499931],[-101.7504101930766,31.401756389955878],[-101.74897654117196,31.39708035492732],[-101.75044254230829,31.39676084033492],[-101.76528491975922,31.393361560091126],[-101.76753688568373,31.400499121746698]]]}},{"type":"Feature","properties":{"ABSTRACT_L":"BH--S2","ABSTRACT_N":"BH--S2","LEVEL1_SUR":null,"LEVEL2_BLO":"H","LEVEL3_SUR":"2","Surv_Sect":"2","SHAPE_AREA":1298.153473186774,"owner_count":2.0,"top_owner":"DIAMONDBACK E&P LLC  WI","top_owner_state":"OK","top_operator":"APACHE CORPORATION","max_propensity_score":6.0,"field_name":"Unknown","production_trend":null},"geometry":{"type":"MultiPolygon","coordinates":[[[[-101.67106444295631,31.42968827844183],[-101.66247271393217,31.4315532448113],[-101.65464630551268,31.433396500193595],[-101.6546233266077,31.433402647401365],[-101.65236077763083,31.42639146045524],[-101.65019254187735,31.41938368495532],[-101.65036680695762,31.4193425545917],[-101.65818888549745,31.41746027667978],[-101.66667273943239,31.415555530919736],[-101.66862773220542,31.421847003842206],[-101.6688344111961,31.422512070275115],[-101.66987859671268,31.425871964262107],[-101.67106444295631,31.42968827844183]]],[[[-101.58647175004248,31.44165100086425],[-101.58853797940053,31.448290175034177],[-101.5800808745998,31.450209501513438],[-101.57173718569699,31.452073342264782],[-101.56952383924488,31.44524402346411],[-101.56728641704481,31.43833923867425],[-101.57655995030159,31.4361854354894],[-101.58258186969077,31.4348027868853],[-101.58420895133396,31.434429150338776],[-101.58457367183088,31.435592863459235],[-101.58629338055967,31.44107947255081],[-101.58647175004248,31.44165100086425]]]]}},{"type":"Feature","properties":{"ABSTRACT_L":"BH--S4","ABSTRACT_N":"BH--S4","LEVEL1_SUR":null,"LEVEL2_BLO":"H","LEVEL3_SUR":"4","Surv_Sect":"4","SHAPE_AREA":646.2280128843096,"owner_count":0.0,"top_owner":"","top_owner_state":"","top_operator":"","max_propensity_score":0.0,"field_name":"Unknown","production_trend":null},"geometry":{"type":"Polygon","coordinates":[[[-101.67891345658164,31.39780821798267],[-101.68099927460275,31.404586367966516],[-101.68313569652048,31.411877034709335],[-101.67516284025179,31.41365879166859],[-101.66667273943239,31.415555530919736],[-101.66232952427254,31.401575352468555],[-101.67069413134506,31.399677267115198],[-101.67891345658164,31.39780821798267]]]}},{"type":"Feature","properties":{"ABSTRACT_L":"A-806","ABSTRACT_N":"806","LEVEL1_SUR":"BLK H SEC 6 A-806","LEVEL2_BLO":"H","LEVEL3_SUR":"6","Surv_Sect":"6","SHAPE_AREA":629.3773493172972,"owner_count":1111.0,"top_owner":"RETTIG JO MAE K LIFE ESTATE","top_owner_state":"FL","top_operator":"APACHE CORP","max_propensity_score":9.0,"field_name":"Unknown","production_trend":null},"geometry":{"type":"Polygon","coordinates":[[[-101.68957388802579,31.43311341623761],[-101.69163499968167,31.439799145949316],[-101.68641916285145,31.441002072331056],[-101.68497466468807,31.441335173562088],[-101.67533257782304,31.443558171031093],[-101.67106444295631,31.42968827844183],[-101.67957076824807,31.427765656402826],[-101.68716067001621,31.426042606513803],[-101.68719280904213,31.426148569790126],[-101.68744416035358,31.4260904573013],[-101.68957388802579,31.43311341623761]]]}},{"type":"Feature","properties":{"ABSTRACT_L":"BH--S7","ABSTRACT_N":"BH--S7","LEVEL1_SUR":null,"LEVEL2_BLO":"H","LEVEL3_SUR":"7","Surv_Sect":"7","SHAPE_AREA":647.6939052305579,"owner_count":0.0,"top_owner":"","top_owner_state":"","top_operator":"","max_propensity_score":0.0,"field_name":"Unknown","production_trend":null},"geometry":{"type":"Polygon","coordinates":[[[-101.70383071572677,31.42218835097772],[-101.70408228532881,31.422130150944678],[-101.70834428649879,31.43624696167228],[-101.69996216587147,31.437999022596312],[-101.69163499968167,31.439799145949316],[-101.68957388802579,31.43311341623761],[-101.68744416035358,31.4260904573013],[-101.68741232495822,31.425985467471914],[-101.70383071572677,31.42218835097772]]]}},{"type":"Feature","properties":{"ABSTRACT_L":"BH--S8","ABSTRACT_N":"BH--S8","LEVEL1_SUR":"L&SV/RINGO","LEVEL2_BLO":"H","LEVEL3_SUR":"8","Surv_Sect":"8","SHAPE_AREA":647.8633237044533,"owner_count":1474.0,"top_owner":"JONES HAZEL R LIFE ESTATE","top_owner_state":"NM","top_operator":"CIVITAS PERMIAN OPER","max_propensity_score":10.0,"field_name":"Unknown","production_trend":null},"geometry":{"type":"Polygon","coordinates":[[[-101.72260555906378,31.425132227292124],[-101.7249169530359,31.43263209099232],[-101.71642787000772,31.434454417994644],[-101.70834428649879,31.43624696167228],[-101.70408228532881,31.422130150944678],[-101.71228339362973,31.420369209161844],[-101.72054125928697,31.418432927531683],[-101.72260555906378,31.425132227292124]]]}},{"type":"Feature","properties":{"ABSTRACT_L":"BH--S9","ABSTRACT_N":"BH--S9","LEVEL1_SUR":null,"LEVEL2_BLO":"H","LEVEL3_SUR":"9","Surv_Sect":"9","SHAPE_AREA":641.7680072226236,"owner_count":16.0,"top_owner":"CIVITAS PERMIAN OPER LLC WI","top_owner_state":"CO","top_operator":"CIVITAS PERMIAN OPER","max_propensity_score":5.0,"field_name":"Unknown","production_trend":null},"geometry":{"type":"Polygon","coordinates":[[[-101.73882637616538,31.42152801205909],[-101.74115974921756,31.429068485306043],[-101.7249169530359,31.43263209099232],[-101.72260555906378,31.425132227292124],[-101.72054125928697,31.418432927531683],[-101.72841337398813,31.416737720800313],[-101.73172239199904,31.415967451386],[-101.73680327672075,31.414793525343484],[-101.73882637616538,31.42152801205909]]]}},{"type":"Feature","properties":{"ABSTRACT_L":"BI--S1","ABSTRACT_N":"BI--S1","LEVEL1_SUR":null,"LEVEL2_BLO":"I","LEVEL3_SUR":"1","Surv_Sect":"1","SHAPE_AREA":296.943966448231,"owner_count":1.0,"top_owner":"DIGITAL OPERATING CO LLC WI","top_owner_state":"TX","top_operator":"ENDEAVOR ENERGY RES","max_propensity_score":2.0,"field_name":"Unknown","production_trend":null},"geometry":{"type":"Polygon","coordinates":[[[-101.45510002083508,31.083433388472816],[-101.45509334365755,31.083947943209296],[-101.45505230142888,31.08597766516538],[-101.44620696542361,31.08594656651841],[-101.43794722677904,31.085925743559066],[-101.43798814414193,31.07934094911997],[-101.44699399202044,31.079320987941234],[-101.45376508210207,31.079305946080467],[-101.45514640714141,31.079303176365173],[-101.45510002083508,31.083433388472816]]]}},{"type":"Feature","properties":{"ABSTRACT_L":"BK--S21","ABSTRACT_N":"BK--S21","LEVEL1_SUR":null,"LEVEL2_BLO":"K","LEVEL3_SUR":"21","Surv_Sect":"21","SHAPE_AREA":604.5556159855503,"owner_count":0.0,"top_owner":"","top_owner_state":"","top_operator":"","max_propensity_score":0.0,"field_name":"Unknown","production_trend":null},"geometry":{"type":"Polygon","coordinates":[[[-101.65398713882519,31.373980253976306],[-101.65532876821044,31.378335056605426],[-101.65564593369285,31.379412574430393],[-101.65580410994639,31.37994994096387],[-101.65798562459644,31.387360400761555],[-101.65795776244958,31.387366794847967],[-101.6579636823473,31.387386168053],[-101.64991777777465,31.389238064816354],[-101.64187769248838,31.391203655155792],[-101.63956192551747,31.384090107449673],[-101.63931206451107,31.383369254056337],[-101.63749975564618,31.37814030408725],[-101.64587507243353,31.3760093675291],[-101.64923523872008,31.37515426019063],[-101.65398713882519,31.373980253976306]],[[-101.6475311579823,31.38142900254865],[-101.64762088081457,31.38172260567962],[-101.64587507243353,31.3760093675291],[-101.6475311579823,31.38142900254865]]]}},{"type":"Feature","properties":{"ABSTRACT_L":"A-4","ABSTRACT_N":"4","LEVEL1_SUR":"BLK K SEC 22 A-4","LEVEL2_BLO":"K","LEVEL3_SUR":"22","Surv_Sect":"22","SHAPE_AREA":632.6629573940921,"owner_count":199.0,"top_owner":"REKDAHL RAMONA LIFE ESTATE","top_owner_state":"GU","top_operator":"CIVITAS PERMIAN OPER","max_propensity_score":10.0,"field_name":"Unknown","production_trend":null},"geometry":{"type":"Polygon","coordinates":[[[-101.6579636823473,31.387386168053],[-101.65997690122212,31.393974514589495],[-101.662295756601,31.401561738145855],[-101.66232344357637,31.401555456970847],[-101.66232952427254,31.401575352468555],[-101.6461406611439,31.405117334812186],[-101.64389182584816,31.3977353290297],[-101.64187769248838,31.391203655155792],[-101.64991777777465,31.389238064816354],[-101.6579636823473,31.387386168053]]]}},{"type":"Feature","properties":{"ABSTRACT_L":"BL--S10","ABSTRACT_N":"BL--S10","LEVEL1_SUR":null,"LEVEL2_BLO":"L","LEVEL3_SUR":"10","Surv_Sect":"10","SHAPE_AREA":563.3796596177536,"owner_count":24.0,"top_owner":"FRIEND DEBRA LYNN LIFE ESTATE","top_owner_state":"TX","top_operator":"PRIME OPERATING CO","max_propensity_score":6.0,"field_name":"Unknown","production_trend":null},"geometry":{"type":"Polygon","coordinates":[[[-101.54625740152095,31.397618284399755],[-101.53750950577455,31.39953371106321],[-101.53366281193013,31.387231617878374],[-101.55029651629587,31.383766484133947],[-101.55404632234534,31.3959123867326],[-101.54625740152095,31.397618284399755]]]}},{"type":"Feature","properties":{"ABSTRACT_L":"BL--S11","ABSTRACT_N":"BL--S11","LEVEL1_SUR":null,"LEVEL2_BLO":"L","LEVEL3_SUR":"11","Surv_Sect":"11","SHAPE_AREA":580.8479580719146,"owner_count":0.0,"top_owner":"","top_owner_state":"","top_operator":"","max_propensity_score":0.0,"field_name":"Unknown","production_trend":null},"geometry":{"type":"Polygon","coordinates":[[[-101.55308252436859,31.38322620912879],[-101.55998742210501,31.382933879912375],[-101.57025488462983,31.38258240264458],[-101.57100859720434,31.38502858536963],[-101.57316065429957,31.391955938791842],[-101.5706531679824,31.392478312028064],[-101.56963939403144,31.39266445029391],[-101.56875707953917,31.392864472162398],[-101.56752944097357,31.393124591128643],[-101.56397956666868,31.3938715131904],[-101.56311359522637,31.394055671867672],[-101.55404632234534,31.3959123867326],[-101.55029651629587,31.383766484133947],[-101.55308252436859,31.38322620912879]]]}},{"type":"Feature","properties":{"ABSTRACT_L":"BL--S12","ABSTRACT_N":"BL--S12","LEVEL1_SUR":"L&SV","LEVEL2_BLO":"L","LEVEL3_SUR":"12","Surv_Sect":"12","SHAPE_AREA":856.242109207606,"owner_count":1.0,"top_owner":"DE CENTRAL OPERATING LLC WI","top_owner_state":"TX","top_operator":"DE CENTRAL OPER LLC","max_propensity_score":2.0,"field_name":"Unknown","production_trend":null},"geometry":{"type":"MultiPolygon","coordinates":[[[[-101.55308252436859,31.38322620912879],[-101.55250805264271,31.380026556386753],[-101.56337928005647,31.37792280608748],[-101.56375887845114,31.376192592573023],[-101.56834842064505,31.37629325345307],[-101.5687355289555,31.377534039036444],[-101.57025488462983,31.38258240264458],[-101.55998742210501,31.382933879912375],[-101.55308252436859,31.38322620912879]]],[[[-101.57410730703083,31.40645400019683],[-101.57318503996628,31.40666835993653],[-101.57222159592575,31.406892281487213],[-101.56451027337222,31.408592549922414],[-101.55837804984932,31.41001900339444],[-101.55404632234534,31.3959123867326],[-101.56311359522637,31.394055671867672],[-101.56397956666868,31.3938715131904],[-101.56752944097357,31.393124591128643],[-101.56875707953917,31.392864472162398],[-101.56963939403144,31.39266445029391],[-101.5706531679824,31.392478312028064],[-101.57239862602049,31.397913388869206],[-101.57507000996125,31.40623023477526],[-101.57410730703083,31.40645400019683]]]]}},{"type":"Feature","properties":{"ABSTRACT_L":"BL--S13","ABSTRACT_N":"BL--S13","LEVEL1_SUR":null,"LEVEL2_BLO":"L","LEVEL3_SUR":"13","Surv_Sect":"13","SHAPE_AREA":564.9750822276974,"owner_count":1.0,"top_owner":"DIAMONDBACK E&P LLC  WI","top_owner_state":"OK","top_operator":"DIAMONDBACK E&P LLC","max_propensity_score":6.0,"field_name":"Unknown","production_trend":null},"geometry":{"type":"Polygon","coordinates":[[[-101.57100859720434,31.38502858536963],[-101.57025488462983,31.38258240264458],[-101.60445585763885,31.38150461748309],[-101.6055436581591,31.384558166197273],[-101.60389690161456,31.38492998372223],[-101.59185783738197,31.387718034890263],[-101.58769919726691,31.38872320478653],[-101.57939699076728,31.39062543627199],[-101.57316065429957,31.391955938791842],[-101.57100859720434,31.38502858536963]]]}},{"type":"Feature","properties":{"ABSTRACT_L":"A-431","ABSTRACT_N":"431","LEVEL1_SUR":"TC RR","LEVEL2_BLO":"L","LEVEL3_SUR":"14","Surv_Sect":"14","SHAPE_AREA":649.7015582163642,"owner_count":500.0,"top_owner":"APOGEE ASSETS LLC","top_owner_state":"FL","top_operator":"CIVITAS PERMIAN OPER","max_propensity_score":7.0,"field_name":"Unknown","production_trend":null},"geometry":{"type":"Polygon","coordinates":[[[-101.57316065429957,31.391955938791842],[-101.57939699076728,31.39062543627199],[-101.58769919726691,31.38872320478653],[-101.58953051538154,31.39435360860745],[-101.5920597579966,31.402360468316733],[-101.57646835448196,31.40591182855582],[-101.57542387431796,31.406149659986536],[-101.57507000996125,31.40623023477526],[-101.57239862602049,31.397913388869206],[-101.5706531679824,31.392478312028064],[-101.57316065429957,31.391955938791842]]]}},{"type":"Feature","properties":{"ABSTRACT_L":"A-112","ABSTRACT_N":"112","LEVEL1_SUR":"A 112 D&P RR SEC 15","LEVEL2_BLO":"L","LEVEL3_SUR":"15","Surv_Sect":"15","SHAPE_AREA":844.2176263381442,"owner_count":55.0,"top_owner":"MIRAMAR PROPERTIES LLC","top_owner_state":"NV","top_operator":"PERMIAN RESOURCES OP","max_propensity_score":7.0,"field_name":"Unknown","production_trend":null},"geometry":{"type":"Polygon","coordinates":[[[-101.60445585763885,31.38150461748309],[-101.60418234039778,31.380736796021296],[-101.60289708299155,31.376831262123908],[-101.60723707140289,31.376808601140457],[-101.60724136984153,31.375015381161322],[-101.60725214872662,31.373599927259374],[-101.6072862478765,31.36988587156054],[-101.60726977367248,31.365965095103586],[-101.61324706206341,31.364535649707324],[-101.6141416673054,31.3643331467069],[-101.62103198897805,31.362739401885104],[-101.62459974604529,31.375152533762318],[-101.62540684190388,31.378065270083674],[-101.62600004530006,31.38020631555666],[-101.62540675207235,31.380342358518227],[-101.6236739441101,31.380740290853087],[-101.62046516191523,31.381477106160734],[-101.6055436581591,31.384558166197273],[-101.60445585763885,31.38150461748309]]]}},{"type":"Feature","properties":{"ABSTRACT_L":"BL--S16","ABSTRACT_N":"BL--S16","LEVEL1_SUR":null,"LEVEL2_BLO":"L","LEVEL3_SUR":"16","Surv_Sect":"16","SHAPE_AREA":620.8200853847881,"owner_count":0.0,"top_owner":"","top_owner_state":"","top_operator":"","max_propensity_score":0.0,"field_name":"Unknown","production_trend":null},"geometry":{"type":"Polygon","coordinates":[[[-101.58953051538154,31.39435360860745],[-101.58769919726691,31.38872320478653],[-101.59185783738197,31.387718034890263],[-101.60389690161456,31.38492998372223],[-101.6082773267901,31.39866763074392],[-101.5920597579966,31.402360468316733],[-101.58953051538154,31.39435360860745]]]}},{"type":"Feature","properties":{"ABSTRACT_L":"BL--S17","ABSTRACT_N":"BL--S17","LEVEL1_SUR":null,"LEVEL2_BLO":"L","LEVEL3_SUR":"17","Surv_Sect":"17","SHAPE_AREA":625.7469015463661,"owner_count":2.0,"top_owner":"DIAMONDBACK E&P LLC  WI","top_owner_state":"OK","top_operator":"DIAMONDBACK E&P LLC","max_propensity_score":5.0,"field_name":"Unknown","production_trend":null},"geometry":{"type":"Polygon","coordinates":[[[-101.62046516191523,31.381477106160734],[-101.62135838195505,31.384376564094318],[-101.62227391794318,31.387348242947155],[-101.6246090750495,31.394999062759936],[-101.6173635756832,31.3966801117276],[-101.6082773267901,31.39866763074392],[-101.60389690161456,31.38492998372223],[-101.6055436581591,31.384558166197273],[-101.62046516191523,31.381477106160734]]]}},{"type":"Feature","properties":{"ABSTRACT_L":"A-984","ABSTRACT_N":"984","LEVEL1_SUR":"D&P RR","LEVEL2_BLO":"L","LEVEL3_SUR":"18","Surv_Sect":"18","SHAPE_AREA":641.7393805606464,"owner_count":152.0,"top_owner":"APOGEE ASSETS LLC","top_owner_state":"FL","top_operator":"PERMIAN RESOURCES OP","max_propensity_score":7.0,"field_name":"Unknown","production_trend":null},"geometry":{"type":"Polygon","coordinates":[[[-101.62046516191523,31.381477106160734],[-101.62540675207235,31.380342358518227],[-101.62600004530006,31.38020631555666],[-101.62836773399609,31.3797426180892],[-101.62903729419142,31.379611062299862],[-101.6374377440438,31.377960219617073],[-101.63749975564618,31.37814030408725],[-101.63931206451107,31.383369254056337],[-101.63956192551747,31.384090107449673],[-101.64187769248838,31.391203655155792],[-101.6246090750495,31.394999062759936],[-101.62227391794318,31.387348242947155],[-101.62135838195505,31.384376564094318],[-101.62046516191523,31.381477106160734]]]}},{"type":"Feature","properties":{"ABSTRACT_L":"A-19","ABSTRACT_N":"19","LEVEL1_SUR":"BARTON JR/B&B","LEVEL2_BLO":"L","LEVEL3_SUR":"2","Surv_Sect":"2","SHAPE_AREA":1497.3312018716617,"owner_count":297.0,"top_owner":"APOGEE ASSETS LLC","top_owner_state":"FL","top_operator":"PERMIAN RESOURCES OP","max_propensity_score":8.0,"field_name":"Unknown","production_trend":null},"geometry":{"type":"Polygon","coordinates":[[[-101.5737346166807,31.358598335262222],[-101.58173021559743,31.358798939018033],[-101.58286783937832,31.35879811362483],[-101.59984437589075,31.35886734230707],[-101.6142059202044,31.35917434260833],[-101.61778985413329,31.359142708536243],[-101.62540705031303,31.359250952724768],[-101.63211814281513,31.35937228717034],[-101.63474751344836,31.367821959524473],[-101.63677140161381,31.37593929401751],[-101.6374377440438,31.377960219617073],[-101.62903729419142,31.379611062299862],[-101.62836773399609,31.3797426180892],[-101.62600004530006,31.38020631555666],[-101.62540684190388,31.378065270083674],[-101.62459974604529,31.375152533762318],[-101.62103198897805,31.362739401885104],[-101.6141416673054,31.3643331467069],[-101.61324706206341,31.364535649707324],[-101.60726977367248,31.365965095103586],[-101.6072619628211,31.362519893816142],[-101.59063170169784,31.362536630378106],[-101.59045452787268,31.362535922378363],[-101.58167185654501,31.362500517017338],[-101.57379468073553,31.362506345935646],[-101.56953815479724,31.36250848374249],[-101.55667228387208,31.36251408714356],[-101.54198747721018,31.36253409906818],[-101.54105075804935,31.36253612718438],[-101.53942658065947,31.362560930182372],[-101.5393697586245,31.359729592902603],[-101.53934508190363,31.35849988691261],[-101.54378049026278,31.358473330027117],[-101.54881614750488,31.358359933882618],[-101.56545313700961,31.358390030187742],[-101.5737346166807,31.358598335262222]]]}},{"type":"Feature","properties":{"ABSTRACT_L":"A-854","ABSTRACT_N":"854","LEVEL1_SUR":"STIDHAM","LEVEL2_BLO":"L","LEVEL3_SUR":"20","Surv_Sect":"20","SHAPE_AREA":484.1215174217586,"owner_count":809.0,"top_owner":"APOGEE ASSETS LLC","top_owner_state":"FL","top_operator":"CIVITAS PERMIAN OPER","max_propensity_score":8.0,"field_name":"Unknown","production_trend":null},"geometry":{"type":"Polygon","coordinates":[[[-101.57358984149457,31.376405766677372],[-101.59060784513885,31.376832079689276],[-101.59899549579505,31.37681826313958],[-101.60289708299155,31.376831262123908],[-101.60418234039778,31.380736796021296],[-101.60445585763885,31.38150461748309],[-101.57025488462983,31.38258240264458],[-101.5687355289555,31.377534039036444],[-101.56834842064505,31.37629325345307],[-101.57358984149457,31.376405766677372]]]}},{"type":"Feature","properties":{"ABSTRACT_L":"BL--S5","ABSTRACT_N":"BL--S5","LEVEL1_SUR":null,"LEVEL2_BLO":"L","LEVEL3_SUR":"5","Surv_Sect":"5","SHAPE_AREA":658.7363535340021,"owner_count":21.0,"top_owner":"TURNER PHILIP W ESTATE","top_owner_state":"NM","top_operator":"DE CENTRAL OPER LLC","max_propensity_score":9.0,"field_name":"Unknown","production_trend":null},"geometry":{"type":"Polygon","coordinates":[[[-101.52115230375159,31.403071077283446],[-101.52576348366576,31.417134313688084],[-101.50863432248819,31.420884063490394],[-101.50679552769547,31.41474887333571],[-101.50474403430134,31.40680886740236],[-101.52115230375159,31.403071077283446]]]}},{"type":"Feature","properties":{"ABSTRACT_L":"BL--S6","ABSTRACT_N":"BL--S6","LEVEL1_SUR":null,"LEVEL2_BLO":"L","LEVEL3_SUR":"6","Surv_Sect":"6","SHAPE_AREA":565.7407338009803,"owner_count":1.0,"top_owner":"DIAMONDBACK E&P LLC  WI","top_owner_state":"OK","top_operator":"DIAMONDBACK E&P LLC","max_propensity_score":6.0,"field_name":"Unknown","production_trend":null},"geometry":{"type":"Polygon","coordinates":[[[-101.52033733146457,31.400562228617904],[-101.52115230375159,31.403071077283446],[-101.50474403430134,31.40680886740236],[-101.50393367306671,31.40376778394493],[-101.50382353242635,31.403292125276263],[-101.50282071253196,31.400234122110213],[-101.50105758014067,31.394354077124593],[-101.50439493371057,31.393551497685177],[-101.51109179959353,31.39190327564443],[-101.51290826945481,31.39145613882088],[-101.51332314828396,31.39137636112011],[-101.5147024287577,31.391107161106973],[-101.51472793462356,31.391101882246623],[-101.51710570062046,31.39061228506289],[-101.52033733146457,31.400562228617904]]]}},{"type":"Feature","properties":{"ABSTRACT_L":"BL--S7","ABSTRACT_N":"BL--S7","LEVEL1_SUR":null,"LEVEL2_BLO":"L","LEVEL3_SUR":"7","Surv_Sect":"7","SHAPE_AREA":566.6076707265321,"owner_count":0.0,"top_owner":"","top_owner_state":"","top_operator":"","max_propensity_score":0.0,"field_name":"Unknown","production_trend":null},"geometry":{"type":"Polygon","coordinates":[[[-101.52902086920906,31.388137397173075],[-101.53366281193013,31.387231617878374],[-101.53750950577455,31.39953371106321],[-101.52115230375159,31.403071077283446],[-101.52033733146457,31.400562228617904],[-101.51710570062046,31.39061228506289],[-101.52145405234711,31.389744850250235],[-101.52527481632086,31.388958229394785],[-101.52902086920906,31.388137397173075]]]}},{"type":"Feature","properties":{"ABSTRACT_L":"A-382","ABSTRACT_N":"382","LEVEL1_SUR":"BLK L SEC 8 A-382","LEVEL2_BLO":"L","LEVEL3_SUR":"8","Surv_Sect":"8","SHAPE_AREA":639.5022037266137,"owner_count":39.0,"top_owner":"FRIEND DEBRA LYNN LIFE ESTATE","top_owner_state":"TX","top_operator":"PIONEER NATURAL RES","max_propensity_score":5.0,"field_name":"Unknown","production_trend":null},"geometry":{"type":"Polygon","coordinates":[[[-101.53750950577455,31.39953371106321],[-101.54199412025172,31.41366904172678],[-101.53445656511181,31.415253259474607],[-101.52576348366576,31.417134313688084],[-101.52115230375159,31.403071077283446],[-101.53750950577455,31.39953371106321]]]}},{"type":"Feature","properties":{"ABSTRACT_L":"A-464","ABSTRACT_N":"464","LEVEL1_SUR":"TCRR","LEVEL2_BLO":"L","LEVEL3_SUR":"9","Surv_Sect":"9","SHAPE_AREA":647.5634183551625,"owner_count":51.0,"top_owner":"BLACK GOLD ENERGY LLC","top_owner_state":"LA","top_operator":"CIVITAS PERMIAN OPER","max_propensity_score":8.0,"field_name":"Unknown","production_trend":null},"geometry":{"type":"Polygon","coordinates":[[[-101.55026939795408,31.411834438264997],[-101.54199412025172,31.41366904172678],[-101.53750950577455,31.39953371106321],[-101.54625740152095,31.397618284399755],[-101.55404632234534,31.3959123867326],[-101.55837804984932,31.41001900339444],[-101.55026939795408,31.411834438264997]]]}},{"type":"Feature","properties":{"ABSTRACT_L":"A-468","ABSTRACT_N":"468","LEVEL1_SUR":"TC SEC 1","LEVEL2_BLO":"M","LEVEL3_SUR":"1","Surv_Sect":"1","SHAPE_AREA":659.0754290951743,"owner_count":89.0,"top_owner":"CRIM ELENA U 1984 TRUST","top_owner_state":"WI","top_operator":"PIONEER NATURAL RES","max_propensity_score":6.0,"field_name":"Unknown","production_trend":null},"geometry":{"type":"MultiPolygon","coordinates":[[[[-101.6746886321897,31.383548314325928],[-101.67468870674989,31.38354855819763],[-101.67466091646826,31.38355467646244],[-101.6746886321897,31.383548314325928]]],[[[-101.67891345658164,31.39780821798267],[-101.67069413134506,31.399677267115198],[-101.66232952427254,31.401575352468555],[-101.66232344357637,31.401555456970847],[-101.66001066440208,31.39398813001259],[-101.65799140345865,31.387380020897087],[-101.66352288941508,31.386110762610326],[-101.66676032068099,31.385367912284174],[-101.67466091646826,31.38355467646244],[-101.6766780510994,31.390219212594136],[-101.67887968980843,31.397794608481043],[-101.6789076884992,31.39778837076016],[-101.67891345658164,31.39780821798267]]]]}},{"type":"Feature","properties":{"ABSTRACT_L":"A-467","ABSTRACT_N":"467","LEVEL1_SUR":"TC RR","LEVEL2_BLO":"M","LEVEL3_SUR":"3","Surv_Sect":"3","SHAPE_AREA":647.1702182406098,"owner_count":157.0,"top_owner":"J TOLBERT LLC","top_owner_state":"OK","top_operator":"APACHE CORPORATION","max_propensity_score":8.0,"field_name":"Unknown","production_trend":null},"geometry":{"type":"Polygon","coordinates":[[[-101.67891345658164,31.39780821798267],[-101.69538645234304,31.394116256445507],[-101.69978916741573,31.408151948899064],[-101.68313569652048,31.411877034709335],[-101.68099927460275,31.404586367966516],[-101.67891345658164,31.39780821798267]]]}},{"type":"Feature","properties":{"ABSTRACT_L":"BM--S4","ABSTRACT_N":"BM--S4","LEVEL1_SUR":null,"LEVEL2_BLO":"M","LEVEL3_SUR":"4","Surv_Sect":"4","SHAPE_AREA":652.0690096817136,"owner_count":0.0,"top_owner":"","top_owner_state":"","top_operator":"","max_propensity_score":0.0,"field_name":"Unknown","production_trend":null},"geometry":{"type":"Polygon","coordinates":[[[-101.69978916741573,31.408151948899064],[-101.70195820895806,31.415185127999596],[-101.70408228532881,31.422130150944678],[-101.70383071572677,31.42218835097772],[-101.68741232495822,31.425985467471914],[-101.68534056736792,31.419154239191254],[-101.6831680466505,31.411983815149554],[-101.68313569652048,31.411877034709335],[-101.69978916741573,31.408151948899064]]]}},{"type":"Feature","properties":{"ABSTRACT_L":"BM--S5","ABSTRACT_N":"BM--S5","LEVEL1_SUR":"TC RR","LEVEL2_BLO":"M","LEVEL3_SUR":"5","Surv_Sect":"5","SHAPE_AREA":640.3575909384215,"owner_count":167.0,"top_owner":"HARTGROVE RANDY CRAIG","top_owner_state":"LA","top_operator":"CIVITAS PERMIAN OPER","max_propensity_score":6.0,"field_name":"Unknown","production_trend":null},"geometry":{"type":"Polygon","coordinates":[[[-101.7184481406575,31.41205258911001],[-101.71857429107287,31.412437070239214],[-101.72054125928697,31.418432927531683],[-101.71228339362973,31.420369209161844],[-101.70408228532881,31.422130150944678],[-101.70195820895806,31.415185127999596],[-101.69978916741573,31.408151948899064],[-101.71198999038323,31.405340254901592],[-101.7161046094561,31.404452943978754],[-101.7182224515188,31.411260399056065],[-101.7184481406575,31.41205258911001]]]}},{"type":"Feature","properties":{"ABSTRACT_L":"A-465","ABSTRACT_N":"465","LEVEL1_SUR":"TCRR","LEVEL2_BLO":"M","LEVEL3_SUR":"7","Surv_Sect":"7","SHAPE_AREA":653.0905577489042,"owner_count":21.0,"top_owner":"CIVITAS PERMIAN OPER LLC WI","top_owner_state":"CO","top_operator":"CIVITAS PERMIAN OPER","max_propensity_score":6.0,"field_name":"Unknown","production_trend":null},"geometry":{"type":"Polygon","coordinates":[[[-101.70786476130854,31.376215281315343],[-101.70976855100871,31.38325443621826],[-101.71069769467674,31.386515650538872],[-101.71194438650951,31.3904182742251],[-101.70782096754013,31.39129612402109],[-101.70599531240505,31.391709127145017],[-101.70321099765665,31.392334388395952],[-101.69538645234304,31.394116256445507],[-101.6910890880936,31.379936545145757],[-101.69308106540521,31.37949480265014],[-101.6991049422234,31.378158734330118],[-101.70786476130854,31.376215281315343]]]}},{"type":"Feature","properties":{"ABSTRACT_L":"BM--S8","ABSTRACT_N":"BM--S8","LEVEL1_SUR":null,"LEVEL2_BLO":"M","LEVEL3_SUR":"8","Surv_Sect":"8","SHAPE_AREA":656.4994118079169,"owner_count":0.0,"top_owner":"","top_owner_state":"","top_operator":"","max_propensity_score":0.0,"field_name":"Unknown","production_trend":null},"geometry":{"type":"Polygon","coordinates":[[[-101.73607652977442,31.385022457998282],[-101.72844483568433,31.386721127954644],[-101.72017148486825,31.38857516124303],[-101.71194438650951,31.3904182742251],[-101.71069769467674,31.386515650538872],[-101.70976855100871,31.38325443621826],[-101.71718766148176,31.3816034083181],[-101.73378531825178,31.377916846978973],[-101.74280226930723,31.375869475082553],[-101.7437528494729,31.379267090784847],[-101.74487041207684,31.383079181492946],[-101.73607652977442,31.385022457998282]]]}},{"type":"Feature","properties":{"ABSTRACT_L":"BO--S1","ABSTRACT_N":"BO--S1","LEVEL1_SUR":null,"LEVEL2_BLO":"O","LEVEL3_SUR":"1","Surv_Sect":"1","SHAPE_AREA":649.0754458172788,"owner_count":1.0,"top_owner":"DIAMONDBACK E&P LLC  WI","top_owner_state":"OK","top_operator":"DIAMONDBACK E&P LLC","max_propensity_score":6.0,"field_name":"Unknown","production_trend":null},"geometry":{"type":"Polygon","coordinates":[[[-101.49421141156256,31.485273348634294],[-101.50040370273356,31.48386135630412],[-101.51054445968417,31.4815760823835],[-101.51279465682589,31.488555106449457],[-101.51508936998151,31.495703462637213],[-101.50681541549756,31.497584329524575],[-101.50359205184898,31.498300222386554],[-101.50040939266258,31.499027579834433],[-101.49851785598287,31.499474674668342],[-101.49613687850885,31.491511027256237],[-101.49485679000877,31.487380843365337],[-101.49421141156256,31.485273348634294]]]}},{"type":"Feature","properties":{"ABSTRACT_L":"A-470","ABSTRACT_N":"470","LEVEL1_SUR":"TCRR","LEVEL2_BLO":"O","LEVEL3_SUR":"11","Surv_Sect":"11","SHAPE_AREA":529.6938702630216,"owner_count":1.0,"top_owner":"WTG EXPLORATION","top_owner_state":"TX","top_operator":"WTG EXPLORATION","max_propensity_score":1.0,"field_name":"Unknown","production_trend":null},"geometry":{"type":"Polygon","coordinates":[[[-101.47386516685859,31.609747483139955],[-101.47814907254845,31.60972650346668],[-101.47793447580685,31.612864021787875],[-101.47786375234284,31.619209416761603],[-101.47780321128259,31.6246425775057],[-101.4770738161028,31.62480223998321],[-101.46817979230748,31.626792699378495],[-101.46526943853482,31.62741695211476],[-101.46538773497966,31.62078434511795],[-101.46545334613137,31.61710607024045],[-101.4655880709661,31.60958098673775],[-101.46985482152895,31.609639074722427],[-101.47340937246321,31.60974198862798],[-101.47386516685859,31.609747483139955]]]}},{"type":"Feature","properties":{"ABSTRACT_L":"BO--S12","ABSTRACT_N":"BO--S12","LEVEL1_SUR":null,"LEVEL2_BLO":"O","LEVEL3_SUR":"12","Surv_Sect":"12","SHAPE_AREA":680.6080375855928,"owner_count":1.0,"top_owner":"DIAMONDBACK E&P LLC  WI","top_owner_state":"OK","top_operator":"DIAMONDBACK E&P LLC","max_propensity_score":6.0,"field_name":"Unknown","production_trend":null},"geometry":{"type":"Polygon","coordinates":[[[-101.46121870584834,31.60953776269882],[-101.4655880709661,31.60958098673775],[-101.46545334613137,31.61710607024045],[-101.46538773497966,31.62078434511795],[-101.46526943853482,31.62741695211476],[-101.46094758531243,31.628409111477968],[-101.46065789480296,31.62847503696497],[-101.45812129678238,31.628457639647305],[-101.45115347924681,31.628387796401853],[-101.45141112505345,31.620603486633243],[-101.45178585098601,31.609443209708935],[-101.45228829399578,31.609444479678213],[-101.46121870584834,31.60953776269882]]]}},{"type":"Feature","properties":{"ABSTRACT_L":"A-469","ABSTRACT_N":"469","LEVEL1_SUR":"TCRR","LEVEL2_BLO":"O","LEVEL3_SUR":"13","Surv_Sect":"13","SHAPE_AREA":557.6190533836341,"owner_count":259.0,"top_owner":"AVM MARITAL TRUST","top_owner_state":"OK","top_operator":"CRESCENT ENERGY OP","max_propensity_score":7.0,"field_name":"Unknown","production_trend":null},"geometry":{"type":"Polygon","coordinates":[[[-101.44432311293286,31.60934440222156],[-101.45178585098601,31.609443209708935],[-101.45141112505345,31.620603486633243],[-101.45115347924681,31.628387796401853],[-101.43979444237924,31.628099452285205],[-101.44042561127428,31.60931183282461],[-101.44432311293286,31.60934440222156]]]}},{"type":"Feature","properties":{"ABSTRACT_L":"A-736","ABSTRACT_N":"736","LEVEL1_SUR":"TCRR","LEVEL2_BLO":"O","LEVEL3_SUR":"14","Surv_Sect":"14","SHAPE_AREA":631.091087170812,"owner_count":480.0,"top_owner":"DAVIS STEVEN PAUL LLC","top_owner_state":"FL","top_operator":"CRESCENT ENERGY OP","max_propensity_score":7.0,"field_name":"Unknown","production_trend":null},"geometry":{"type":"Polygon","coordinates":[[[-101.42728771071816,31.628039150760134],[-101.42723109260075,31.624111396342528],[-101.42722546196053,31.616853768429902],[-101.4271431107035,31.60916423682297],[-101.43901675646472,31.60929144366636],[-101.44042561127428,31.60931183282461],[-101.43979444237924,31.628099452285205],[-101.43901880282696,31.628088572512212],[-101.43748349846307,31.628073472847618],[-101.42728771071816,31.628039150760134]]]}},{"type":"Feature","properties":{"ABSTRACT_L":"A-44","ABSTRACT_N":"44","LEVEL1_SUR":"BOHANNON","LEVEL2_BLO":"O","LEVEL3_SUR":"15","Surv_Sect":"15","SHAPE_AREA":95.49983394412067,"owner_count":416.0,"top_owner":"TRI STATE MINERALS LLC","top_owner_state":"OK","top_operator":"CRESCENT ENERGY OP","max_propensity_score":8.0,"field_name":"Unknown","production_trend":null},"geometry":{"type":"Polygon","coordinates":[[[-101.40228756132682,31.642077729937686],[-101.4087150673718,31.64054827297138],[-101.4104866385369,31.64582150501536],[-101.403936442387,31.647327009538675],[-101.40330491147093,31.645329000274558],[-101.40228756132682,31.642077729937686]]]}},{"type":"Feature","properties":{"ABSTRACT_L":"BO--S18","ABSTRACT_N":"BO--S18","LEVEL1_SUR":null,"LEVEL2_BLO":"O","LEVEL3_SUR":"18","Surv_Sect":"18","SHAPE_AREA":555.519421169799,"owner_count":1.0,"top_owner":"DIAMONDBACK E&P LLC  WI","top_owner_state":"OK","top_operator":"DIAMONDBACK E&P LLC","max_propensity_score":6.0,"field_name":"Unknown","production_trend":null},"geometry":{"type":"MultiPolygon","coordinates":[[[[-101.47793447580685,31.612864021787875],[-101.48062845327534,31.61288812889395],[-101.49133408884289,31.61298336919135],[-101.49150859197673,31.612984913751845],[-101.49883830301101,31.612628959580793],[-101.49886144451108,31.612702535687497],[-101.49933826397567,31.61421841805986],[-101.50095170200633,31.619304421102623],[-101.49356915476197,31.621036874936],[-101.48448626556804,31.62305694576766],[-101.47780321128259,31.6246425775057],[-101.47786375234284,31.619209416761603],[-101.47793447580685,31.612864021787875]]],[[[-101.45812129678238,31.628457639647305],[-101.46065789480296,31.62847503696497],[-101.45173517612251,31.63050519325242],[-101.45115319448087,31.630635519122503],[-101.45115347924681,31.628387796401853],[-101.45812129678238,31.628457639647305]]]]}},{"type":"Feature","properties":{"ABSTRACT_L":"BO--S2","ABSTRACT_N":"BO--S2","LEVEL1_SUR":null,"LEVEL2_BLO":"O","LEVEL3_SUR":"2","Surv_Sect":"2","SHAPE_AREA":648.3188586285208,"owner_count":229.0,"top_owner":"AR MIDLAND LP","top_owner_state":"OK","top_operator":"DIAMONDBACK E&P LLC","max_propensity_score":7.0,"field_name":"Unknown","production_trend":null},"geometry":{"type":"Polygon","coordinates":[[[-101.51646806834697,31.50013493674116],[-101.51730060449441,31.502762293594497],[-101.5195385001066,31.509783449731597],[-101.51140014002658,31.51167091600156],[-101.50819033824388,31.512404992271332],[-101.50308178451309,31.513586499836478],[-101.50191101379656,31.509872282502613],[-101.50190280948306,31.509850696003756],[-101.50082936943093,31.5062931214202],[-101.50082438108618,31.506271490439154],[-101.50032008395365,31.504897610743946],[-101.49982419774715,31.50324958024804],[-101.49876291279912,31.500083012984046],[-101.49851785598287,31.499474674668342],[-101.50040939266258,31.499027579834433],[-101.50359205184898,31.498300222386554],[-101.50681541549756,31.497584329524575],[-101.51508936998151,31.495703462637213],[-101.51646806834697,31.50013493674116]]]}},{"type":"Feature","properties":{"ABSTRACT_L":"BO--S5","ABSTRACT_N":"BO--S5","LEVEL1_SUR":null,"LEVEL2_BLO":"O","LEVEL3_SUR":"5","Surv_Sect":"5","SHAPE_AREA":1739.7429142232083,"owner_count":15.0,"top_owner":"DAVIS MICHAEL K ESTATE","top_owner_state":"TX","top_operator":"WTG EXPLORATION","max_propensity_score":6.0,"field_name":"Unknown","production_trend":null},"geometry":{"type":"MultiPolygon","coordinates":[[[[-101.34896800912888,31.160952051531805],[-101.34310932081335,31.16090748207766],[-101.33452830240235,31.160841721723834],[-101.31915286915341,31.160705900739462],[-101.31917490123405,31.14656909867298],[-101.31952694829896,31.146555186866525],[-101.32887830889702,31.14645064566873],[-101.33718940153145,31.146425209978872],[-101.34516253088798,31.14639200687537],[-101.34930215277016,31.146361969769718],[-101.34921595852033,31.15046693189687],[-101.34917555140055,31.152085359971295],[-101.34908323962364,31.156348303594882],[-101.34896800912888,31.160952051531805]]],[[[-101.50191101379656,31.509872282502613],[-101.50308178451309,31.513586499836478],[-101.48721749706966,31.517354209851007],[-101.4900825640739,31.526695984342403],[-101.49031693003995,31.527486195028636],[-101.47937923538,31.527531755026477],[-101.47940590456415,31.525988087223322],[-101.4794123329083,31.525491636175285],[-101.47943941980908,31.523885822120626],[-101.47945022654194,31.52324522610093],[-101.47946357101549,31.522454203825067],[-101.47963666020107,31.510166883413515],[-101.48565288966122,31.510092823539363],[-101.48731683906199,31.51004020608527],[-101.49024309032022,31.51001235873909],[-101.49582829732728,31.50990759930887],[-101.50041048321732,31.509850458587504],[-101.50190280948306,31.509850696003756],[-101.50191101379656,31.509872282502613]]]]}},{"type":"Feature","properties":{"ABSTRACT_L":"A-813","ABSTRACT_N":"813","LEVEL1_SUR":"BLK O SEC 6 A-813","LEVEL2_BLO":"O","LEVEL3_SUR":"6","Surv_Sect":"6","SHAPE_AREA":631.3033719919415,"owner_count":512.0,"top_owner":"LYRA PROPERTIES LLC","top_owner_state":"GA","top_operator":"DIAMONDBACK E&P LLC","max_propensity_score":8.0,"field_name":"Unknown","production_trend":null},"geometry":{"type":"Polygon","coordinates":[[[-101.47935601572652,31.52964409350501],[-101.4793631726044,31.52899302848269],[-101.4793785427789,31.527594796243907],[-101.47937923538,31.527531755026477],[-101.49031693003995,31.527486195028636],[-101.49130499241085,31.531055007734423],[-101.49353005469091,31.538555143334715],[-101.4954980335097,31.545174675424015],[-101.48735768006807,31.54537048489929],[-101.47914757244463,31.545365530144494],[-101.4792952473925,31.53692832049514],[-101.47929946228781,31.536197182518407],[-101.4793083367445,31.534657758037447],[-101.47935601572652,31.52964409350501]]]}},{"type":"Feature","properties":{"ABSTRACT_L":"BO--S7","ABSTRACT_N":"BO--S7","LEVEL1_SUR":null,"LEVEL2_BLO":"O","LEVEL3_SUR":"7","Surv_Sect":"7","SHAPE_AREA":611.2502463872305,"owner_count":0.0,"top_owner":"","top_owner_state":"","top_operator":"","max_propensity_score":0.0,"field_name":"Unknown","production_trend":null},"geometry":{"type":"Polygon","coordinates":[[[-101.4789948274053,31.551629880947537],[-101.47914757244463,31.545365530144494],[-101.48735768006807,31.54537048489929],[-101.4954980335097,31.545174675424015],[-101.49777104067311,31.552348400320444],[-101.49958928111383,31.55799429758801],[-101.48923704727059,31.558011994353343],[-101.48083402823653,31.55797251094313],[-101.48015102834621,31.55796927685604],[-101.47895017305083,31.557963582566142],[-101.4789948274053,31.551629880947537]]]}},{"type":"Feature","properties":{"ABSTRACT_L":"BO--S8","ABSTRACT_N":"BO--S8","LEVEL1_SUR":null,"LEVEL2_BLO":"O","LEVEL3_SUR":"8","Surv_Sect":"8","SHAPE_AREA":588.165441985312,"owner_count":0.0,"top_owner":"","top_owner_state":"","top_operator":"","max_propensity_score":0.0,"field_name":"Unknown","production_trend":null},"geometry":{"type":"Polygon","coordinates":[[[-101.47895017305083,31.557963582566142],[-101.48015102834621,31.55796927685604],[-101.48083402823653,31.55797251094313],[-101.48923704727059,31.558011994353343],[-101.49958928111383,31.55799429758801],[-101.50001916989304,31.55934185391338],[-101.4836548936372,31.5633271733218],[-101.4878671793444,31.577073575881915],[-101.48941224839541,31.582047321214645],[-101.4786681775101,31.58199618837062],[-101.4786710925432,31.580627635696974],[-101.4786984516335,31.573109430065575],[-101.4786874373898,31.566126193521022],[-101.47884730876427,31.56190798040174],[-101.47887579524024,31.561156360564407],[-101.47887976309886,31.560986055754],[-101.47895017305083,31.557963582566142]]]}},{"type":"Feature","properties":{"ABSTRACT_L":"A-378","ABSTRACT_N":"378","LEVEL1_SUR":"TCRR","LEVEL2_BLO":"O","LEVEL3_SUR":"9","Surv_Sect":"9","SHAPE_AREA":702.1972614725564,"owner_count":116.0,"top_owner":"AVM MARITAL TRUST","top_owner_state":"OK","top_operator":"PIONEER NAT RES","max_propensity_score":7.0,"field_name":"Unknown","production_trend":null},"geometry":{"type":"Polygon","coordinates":[[[-101.49005197284521,31.584087579685438],[-101.49237603755442,31.591542323445616],[-101.49316907118556,31.594151683236014],[-101.49543634260588,31.60161086652756],[-101.48539936712173,31.601413139186068],[-101.48076366320032,31.60132154962687],[-101.47835349227617,31.601273864229526],[-101.47848456995087,31.595142303427856],[-101.47847047089247,31.59388032006066],[-101.47856926131922,31.58729774822293],[-101.4786681775101,31.58199618837062],[-101.48941224839541,31.582047321214645],[-101.49005197284521,31.584087579685438]]]}},{"type":"Feature","properties":{"ABSTRACT_L":"A-184","ABSTRACT_N":"184","LEVEL1_SUR":"BLK Y SEC 1 A-839","LEVEL2_BLO":"Y","LEVEL3_SUR":"1","Surv_Sect":"1","SHAPE_AREA":319.04503563069795,"owner_count":1006.0,"top_owner":"HALL MARY H LIFE ESTATE","top_owner_state":"NC","top_operator":"PIONEER NATURAL RES","max_propensity_score":9.0,"field_name":"Unknown","production_trend":null},"geometry":{"type":"Polygon","coordinates":[[[-101.77551873588507,31.390966745927802],[-101.77551798399519,31.392682065627145],[-101.77551096366123,31.406251987012194],[-101.7755109438983,31.406295869457203],[-101.76972116983978,31.40762551352612],[-101.76753688568373,31.400499121746698],[-101.76528491975922,31.393361560091126],[-101.77551873588507,31.390966745927802]]]}},{"type":"Feature","properties":{"ABSTRACT_L":"A-851","ABSTRACT_N":"851","LEVEL1_SUR":"BLK Y SEC 42 A-851","LEVEL2_BLO":"Y","LEVEL3_SUR":"42","Surv_Sect":"42","SHAPE_AREA":479.2387766350268,"owner_count":551.0,"top_owner":"MOON ROYALTY LLC","top_owner_state":"OK","top_operator":"PIONEER NATURAL RES","max_propensity_score":8.0,"field_name":"Unknown","production_trend":null},"geometry":{"type":"Polygon","coordinates":[[[-101.76122570607814,31.379280765092922],[-101.76931520139996,31.377404056987547],[-101.77552081907821,31.375981817783654],[-101.77552400091093,31.37911297897112],[-101.775522040787,31.383494560543706],[-101.77551873588507,31.390966745927802],[-101.76528491975922,31.393361560091126],[-101.76526038856545,31.39328869222375],[-101.76332803423588,31.386459340182263],[-101.76122570607814,31.379280765092922]]]}},{"type":"Feature","properties":{"ABSTRACT_L":"A-360","ABSTRACT_N":"360","LEVEL1_SUR":"MK&TE RR","LEVEL2_BLO":"Y","LEVEL3_SUR":"43","Surv_Sect":"43","SHAPE_AREA":638.6841279432758,"owner_count":1538.0,"top_owner":"APOGEE ASSETS LLC","top_owner_state":"FL","top_operator":"CIVITAS PERMIAN OPER","max_propensity_score":7.0,"field_name":"Unknown","production_trend":null},"geometry":{"type":"Polygon","coordinates":[[[-101.74897654117196,31.39708035492732],[-101.74894633981211,31.396981846446593],[-101.74487041207684,31.383079181492946],[-101.75041016702545,31.38178361771227],[-101.76122570607814,31.379280765092922],[-101.76332803423588,31.386459340182263],[-101.76526038856545,31.39328869222375],[-101.76528491975922,31.393361560091126],[-101.75044254230829,31.39676084033492],[-101.74897654117196,31.39708035492732]]]}},{"type":"Feature","properties":{"ABSTRACT_L":"A-778","ABSTRACT_N":"778","LEVEL1_SUR":"MK&TE RR","LEVEL2_BLO":"Y","LEVEL3_SUR":"44","Surv_Sect":"44","SHAPE_AREA":642.7029363210048,"owner_count":147.0,"top_owner":"APOGEE ASSETS LLC","top_owner_state":"FL","top_operator":"BCP RESOURCES","max_propensity_score":7.0,"field_name":"Unknown","production_trend":null},"geometry":{"type":"Polygon","coordinates":[[[-101.75673452222132,31.365022217984727],[-101.7576916511054,31.36806115991909],[-101.75886248829727,31.371778331910573],[-101.76122570607814,31.379280765092922],[-101.75041016702545,31.38178361771227],[-101.74487041207684,31.383079181492946],[-101.7437528494729,31.379267090784847],[-101.74280226930723,31.375869475082553],[-101.74068446497378,31.368903900082735],[-101.74838777275833,31.36704124834369],[-101.75041013199116,31.36655215701536],[-101.75279865800852,31.36597438927364],[-101.75673452222132,31.365022217984727]]]}},{"type":"Feature","properties":{"ABSTRACT_L":"A-849","ABSTRACT_N":"849","LEVEL1_SUR":"BLK Y SEC 45 A-849 MK&TE RR CO","LEVEL2_BLO":"Y","LEVEL3_SUR":"45","Surv_Sect":"45","SHAPE_AREA":636.973397045358,"owner_count":351.0,"top_owner":"APOGEE ASSETS LLC","top_owner_state":"FL","top_operator":"PIONEER NATURAL RES","max_propensity_score":7.0,"field_name":"Unknown","production_trend":null},"geometry":{"type":"Polygon","coordinates":[[[-101.76452294088747,31.363198456649684],[-101.77321072676493,31.361137956224148],[-101.7743649720735,31.364888674116077],[-101.77554759336526,31.368780325224023],[-101.7755199899332,31.370011988346114],[-101.77551998903489,31.37516401286128],[-101.77552081907821,31.375981817783654],[-101.76931520139996,31.377404056987547],[-101.76122570607814,31.379280765092922],[-101.75886248829727,31.371778331910573],[-101.7576916511054,31.36806115991909],[-101.75673452222132,31.365022217984727],[-101.76336406745855,31.363469856786267],[-101.76452294088747,31.363198456649684]]]}},{"type":"Feature","properties":{"ABSTRACT_L":"BY--S46","ABSTRACT_N":"BY--S46","LEVEL1_SUR":"MK&T","LEVEL2_BLO":"Y","LEVEL3_SUR":"46","Surv_Sect":"46","SHAPE_AREA":25.515896950189227,"owner_count":1.0,"top_owner":"BCP RESOURCES LLC","top_owner_state":"TX","top_operator":"BCP RESOURCES","max_propensity_score":2.0,"field_name":"Unknown","production_trend":null},"geometry":{"type":"Polygon","coordinates":[[[-101.77330638925784,31.361448824360924],[-101.77321072676493,31.361137956224148],[-101.77540136829825,31.360598098793652],[-101.77557898858612,31.36301392604712],[-101.77566907613439,31.363360069534636],[-101.77564149066863,31.364590830305165],[-101.77554759336526,31.368780325224023],[-101.7743649720735,31.364888674116077],[-101.7735699495723,31.362305288317263],[-101.77330638925784,31.361448824360924]]]}},{"type":"Feature","properties":{"ABSTRACT_L":"A-472","ABSTRACT_N":"472","LEVEL1_SUR":"TC RR","LEVEL2_BLO":"Y","LEVEL3_SUR":"49","Surv_Sect":"49","SHAPE_AREA":641.2391138023663,"owner_count":9.0,"top_owner":"WOODS PATRICIA MORROW TRUST","top_owner_state":"CO","top_operator":"BCP RESOURCES","max_propensity_score":6.0,"field_name":"Unknown","production_trend":null},"geometry":{"type":"Polygon","coordinates":[[[-101.7525205234269,31.351311120644052],[-101.75656210677221,31.364461323563823],[-101.75673452222132,31.365022217984727],[-101.75279865800852,31.36597438927364],[-101.75041013199116,31.36655215701536],[-101.74838777275833,31.36704124834369],[-101.74068446497378,31.368903900082735],[-101.73618160211994,31.35461467214999],[-101.73659904563922,31.35451710412901],[-101.74847973868386,31.351815616643574],[-101.75040997029441,31.351307509644613],[-101.75239838129433,31.350839800037342],[-101.7525205234269,31.351311120644052]]]}},{"type":"Feature","properties":{"ABSTRACT_L":"A-777","ABSTRACT_N":"777","LEVEL1_SUR":"TC RR","LEVEL2_BLO":"Y","LEVEL3_SUR":"50","Surv_Sect":"50","SHAPE_AREA":793.1043190725854,"owner_count":80.0,"top_owner":"APOGEE ASSETS LLC","top_owner_state":"FL","top_operator":"MULLOY OPERATING INC","max_propensity_score":7.0,"field_name":"Unknown","production_trend":null},"geometry":{"type":"Polygon","coordinates":[[[-101.77533697346543,31.34789597302191],[-101.77531407540883,31.350801999803373],[-101.77531204791123,31.351665176666323],[-101.77530802974697,31.353377398951746],[-101.77530605255504,31.354219967740338],[-101.77531608044855,31.35551495264781],[-101.7753640495864,31.357403945059072],[-101.77539296455876,31.359120951523686],[-101.77539797805636,31.36055198580377],[-101.77540136829825,31.360598098793652],[-101.77321072676493,31.361137956224148],[-101.76452294088747,31.363198456649684],[-101.76336406745855,31.363469856786267],[-101.75838185189103,31.36463651790424],[-101.75732115623782,31.364884867274682],[-101.75673452222132,31.365022217984727],[-101.75656210677221,31.364461323563823],[-101.7525205234269,31.351311120644052],[-101.76645358931631,31.34805732144833],[-101.76907679840504,31.347423838193443],[-101.77530939788114,31.345943829457845],[-101.77533697346543,31.34789597302191]]]}}]}