{"type":"FeatureCollection","name":"upton_parcels_enriched","crs":{"type":"name","properties":{"name":"urn:ogc:def:crs:OGC:1.3:CRS84"}},"features":[{"type":"Feature","properties":{"ABSTRACT_L":"A-221","ABSTRACT_N":"221","LEVEL1_SUR":"GC&SF","LEVEL2_BLO":"1","LEVEL3_SUR":"1","Surv_Sect":"1","SHAPE_AREA":1235.2300102882052,"owner_count":158.0,"top_owner":"MK WATSON LLC","top_owner_state":"AZ","top_operator":"COG OPERATING LLC","max_propensity_score":8.0,"field_name":"Unknown","production_trend":null},"geometry":{"type":"MultiPolygon","coordinates":[[[[-102.06484858253171,31.119845365567194],[-102.0817652660934,31.12000110236249],[-102.08135241655849,31.133342485377305],[-102.06450164328751,31.13331215886575],[-102.06451062105047,31.132172304830764],[-102.06484858253171,31.119845365567194]]],[[[-101.94513531484574,31.442003955288808],[-101.94513535796489,31.442004089411324],[-101.9469292953839,31.4476007393256],[-101.94734649815467,31.448902218872377],[-101.94840383770196,31.45220049888753],[-101.94857770662522,31.452742842027227],[-101.9372962213161,31.455405368277866],[-101.93730162647917,31.455296824974386],[-101.9373280064058,31.454767117748844],[-101.93750646572016,31.451183424994074],[-101.93788092485308,31.443661977783634],[-101.93995508453845,31.443202842774237],[-101.94510114383066,31.442011909137157],[-101.94513531484574,31.442003955288808]]],[[[-101.93746009019361,31.446501670602757],[-101.93700212636682,31.455439819035472],[-101.92695998826473,31.457860613392764],[-101.92570137578814,31.454020538787013],[-101.92431936982581,31.449670730999074],[-101.92431903205927,31.449669674966437],[-101.92350668554784,31.447144371061228],[-101.92370124357038,31.44709952600547],[-101.92463100977092,31.446872135277744],[-101.93759740397299,31.443688771153294],[-101.93746009019361,31.446501670602757]]]]}},{"type":"Feature","properties":{"ABSTRACT_L":"B1--S10","ABSTRACT_N":"B1--S10","LEVEL1_SUR":null,"LEVEL2_BLO":"1","LEVEL3_SUR":"10","Surv_Sect":"10","SHAPE_AREA":716.4419193434225,"owner_count":0.0,"top_owner":"","top_owner_state":"","top_operator":"","max_propensity_score":0.0,"field_name":"Unknown","production_trend":"stable"},"geometry":{"type":"Polygon","coordinates":[[[-102.06297835299225,31.264763885230717],[-102.06303589906935,31.261344338687184],[-102.06297865123291,31.250315920396293],[-102.06298265771909,31.249297214580203],[-102.06470937151043,31.249253861754028],[-102.08062571991785,31.249070513254424],[-102.08038405783505,31.26495991822357],[-102.06297835299225,31.264763885230717]]]}},{"type":"Feature","properties":{"ABSTRACT_L":"B1--S11","ABSTRACT_N":"B1--S11","LEVEL1_SUR":null,"LEVEL2_BLO":"1","LEVEL3_SUR":"11","Surv_Sect":"11","SHAPE_AREA":776.2642151927259,"owner_count":0.0,"top_owner":"","top_owner_state":"","top_operator":"","max_propensity_score":0.0,"field_name":"Unknown","production_trend":null},"geometry":{"type":"Polygon","coordinates":[[[-102.08038405783505,31.26495991822357],[-102.08062571991785,31.249070513254424],[-102.0992685405525,31.249092748807218],[-102.09883935874741,31.265271409571533],[-102.08038405783505,31.26495991822357]]]}},{"type":"Feature","properties":{"ABSTRACT_L":"B1--S12","ABSTRACT_N":"B1--S12","LEVEL1_SUR":null,"LEVEL2_BLO":"1","LEVEL3_SUR":"12","Surv_Sect":"12","SHAPE_AREA":693.5010110509362,"owner_count":0.0,"top_owner":"","top_owner_state":"","top_operator":"","max_propensity_score":0.0,"field_name":"Unknown","production_trend":null},"geometry":{"type":"Polygon","coordinates":[[[-102.08094888704467,31.234891789889716],[-102.09975450127342,31.234889966412542],[-102.0992685405525,31.249092748807218],[-102.08062571991785,31.249070513254424],[-102.08094888704467,31.234891789889716]]]}},{"type":"Feature","properties":{"ABSTRACT_L":"B1--S13","ABSTRACT_N":"B1--S13","LEVEL1_SUR":null,"LEVEL2_BLO":"1","LEVEL3_SUR":"13","Surv_Sect":"13","SHAPE_AREA":719.0002872036666,"owner_count":0.0,"top_owner":"","top_owner_state":"","top_operator":"","max_propensity_score":0.0,"field_name":"Unknown","production_trend":null},"geometry":{"type":"Polygon","coordinates":[[[-102.08094888704467,31.234891789889716],[-102.08134251353081,31.220406498967233],[-102.10005636664994,31.22000232474371],[-102.09975450127342,31.234889966412542],[-102.08094888704467,31.234891789889716]]]}},{"type":"Feature","properties":{"ABSTRACT_L":"A-884","ABSTRACT_N":"884","LEVEL1_SUR":"A 884 MK&TE RR","LEVEL2_BLO":"1","LEVEL3_SUR":"14","Surv_Sect":"14","SHAPE_AREA":722.7399956652545,"owner_count":1.0,"top_owner":"BLACK ARROW OPERATING LLC","top_owner_state":"TX","top_operator":"BLACK ARROW OPERATIN","max_propensity_score":3.0,"field_name":"Unknown","production_trend":null},"geometry":{"type":"Polygon","coordinates":[[[-102.08082245635495,31.205580012555266],[-102.10043141148441,31.20593397835379],[-102.10005636664994,31.22000232474371],[-102.08134251353081,31.220406498967233],[-102.08082245635495,31.205580012555266]]]}},{"type":"Feature","properties":{"ABSTRACT_L":"B1--S15","ABSTRACT_N":"B1--S15","LEVEL1_SUR":null,"LEVEL2_BLO":"1","LEVEL3_SUR":"15","Surv_Sect":"15","SHAPE_AREA":723.9769562426036,"owner_count":0.0,"top_owner":"","top_owner_state":"","top_operator":"","max_propensity_score":0.0,"field_name":"Unknown","production_trend":null},"geometry":{"type":"Polygon","coordinates":[[[-102.08082245635495,31.205580012555266],[-102.08196683456843,31.191198526924897],[-102.10040394818955,31.19117456101394],[-102.10043141148441,31.20593397835379],[-102.08082245635495,31.205580012555266]]]}},{"type":"Feature","properties":{"ABSTRACT_L":"B1--S16","ABSTRACT_N":"B1--S16","LEVEL1_SUR":null,"LEVEL2_BLO":"1","LEVEL3_SUR":"16","Surv_Sect":"16","SHAPE_AREA":703.5219422699545,"owner_count":0.0,"top_owner":"","top_owner_state":"","top_operator":"","max_propensity_score":0.0,"field_name":"Unknown","production_trend":null},"geometry":{"type":"Polygon","coordinates":[[[-102.08196683456843,31.191198526924897],[-102.0821166475067,31.176379120912745],[-102.09905337517733,31.17645714005977],[-102.1001680946134,31.176462198071047],[-102.10040394818955,31.19117456101394],[-102.08196683456843,31.191198526924897]]]}},{"type":"Feature","properties":{"ABSTRACT_L":"B1--S17","ABSTRACT_N":"B1--S17","LEVEL1_SUR":null,"LEVEL2_BLO":"1","LEVEL3_SUR":"17","Surv_Sect":"17","SHAPE_AREA":711.5649107432065,"owner_count":0.0,"top_owner":"","top_owner_state":"","top_operator":"","max_propensity_score":0.0,"field_name":"Unknown","production_trend":null},"geometry":{"type":"Polygon","coordinates":[[[-102.08109687280964,31.16176922775821],[-102.08601346734397,31.161757671164946],[-102.09047417226151,31.161700518509512],[-102.09272533239721,31.161741593092565],[-102.09792244923521,31.161775975381346],[-102.09958817999521,31.16179264073234],[-102.10011879057902,31.161797945509733],[-102.1001159150718,31.164976067197674],[-102.10011511197794,31.165863404668457],[-102.10004832852476,31.167634334412302],[-102.1000669038882,31.169003613711222],[-102.1001680946134,31.176462198071047],[-102.09905337517733,31.17645714005977],[-102.0821166475067,31.176379120912745],[-102.08110444650579,31.163949452177924],[-102.08109687280964,31.16176922775821]]]}},{"type":"Feature","properties":{"ABSTRACT_L":"B1--S18","ABSTRACT_N":"B1--S18","LEVEL1_SUR":null,"LEVEL2_BLO":"1","LEVEL3_SUR":"18","Surv_Sect":"18","SHAPE_AREA":656.6010566069137,"owner_count":0.0,"top_owner":"","top_owner_state":"","top_operator":"","max_propensity_score":0.0,"field_name":"Unknown","production_trend":null},"geometry":{"type":"MultiPolygon","coordinates":[[[[-102.08716752400633,31.151673904953746],[-102.0823266610437,31.151103848986853],[-102.08236112401126,31.14764658129248],[-102.09618565904131,31.147756747328977],[-102.0999736102527,31.14775786210464],[-102.10003218040922,31.15319270875281],[-102.09787025801553,31.152942147367146],[-102.09393120119022,31.15248173603843],[-102.09174853759494,31.152237292218096],[-102.08716752400633,31.151673904953746]]],[[[-102.0808901614796,31.151526212395666],[-102.08378615478414,31.151895220798394],[-102.08575541280389,31.152126344162642],[-102.08865144293932,31.152495243369636],[-102.09035017241295,31.152663283788126],[-102.09254232491259,31.15293901694082],[-102.0976148049965,31.153511629542887],[-102.0978150259986,31.153534226592466],[-102.09928186795804,31.153703489807686],[-102.10003600633402,31.153790506001208],[-102.10011879057902,31.161797945509733],[-102.09958817999521,31.16179264073234],[-102.09792244923521,31.161775975381346],[-102.09272533239721,31.161741593092565],[-102.09047417226151,31.161700518509512],[-102.08601346734397,31.161757671164946],[-102.08109687280964,31.16176922775821],[-102.0808901614796,31.151526212395666]]]]}},{"type":"Feature","properties":{"ABSTRACT_L":"B1--S19","ABSTRACT_N":"B1--S19","LEVEL1_SUR":null,"LEVEL2_BLO":"1","LEVEL3_SUR":"19","Surv_Sect":"19","SHAPE_AREA":583.8656382109299,"owner_count":0.0,"top_owner":"","top_owner_state":"","top_operator":"","max_propensity_score":0.0,"field_name":"Unknown","production_trend":null},"geometry":{"type":"MultiPolygon","coordinates":[[[[-102.11388947789601,31.15486411812325],[-102.11307567880876,31.154759363918732],[-102.11063984840683,31.15447480612732],[-102.10876062942633,31.154232764435477],[-102.10726703204446,31.15406930860682],[-102.10504405834743,31.15378494093404],[-102.1033290531975,31.153575910500955],[-102.10003218040922,31.15319270875281],[-102.0999736102527,31.14775786210464],[-102.11395272198696,31.147804032255706],[-102.11402496270547,31.14780426751166],[-102.11695757313761,31.147813759244375],[-102.11685831199365,31.15520868726048],[-102.11500102717743,31.155007190662122],[-102.11388947789601,31.15486411812325]]],[[[-102.10847368237177,31.161864631479],[-102.10681114691924,31.161854455476178],[-102.10514861056839,31.16184425871745],[-102.1034860760142,31.161834041202827],[-102.10182354056168,31.161823800626134],[-102.10011879057902,31.161797945509733],[-102.10003600633402,31.153790506001208],[-102.10208159869504,31.154082200704227],[-102.10372165650251,31.1543160432125],[-102.10536172239483,31.154549864387462],[-102.10700179637199,31.154783664997982],[-102.10864187753566,31.155017445044194],[-102.1102819676825,31.155251203757494],[-102.11192206501583,31.155484941906774],[-102.11356217133236,31.15571865949219],[-102.11520228393705,31.15595235651384],[-102.11684240642325,31.156186031434448],[-102.11677320740027,31.161908997547176],[-102.11512382957171,31.161905119475808],[-102.1134612932209,31.16189502957133],[-102.11179875507344,31.161884918142203],[-102.1101362196209,31.161874785188548],[-102.10847368237177,31.161864631479]]]]}},{"type":"Feature","properties":{"ABSTRACT_L":"B1--S2","ABSTRACT_N":"B1--S2","LEVEL1_SUR":null,"LEVEL2_BLO":"1","LEVEL3_SUR":"2","Surv_Sect":"2","SHAPE_AREA":628.0666023022463,"owner_count":0.0,"top_owner":"","top_owner_state":"","top_operator":"","max_propensity_score":0.0,"field_name":"Unknown","production_trend":null},"geometry":{"type":"Polygon","coordinates":[[[-102.06435057180956,31.147614231998006],[-102.06437921189743,31.146699670429538],[-102.06450164328751,31.13331215886575],[-102.08135241655849,31.133342485377305],[-102.08114450507927,31.147635909417],[-102.06435057180956,31.147614231998006]]]}},{"type":"Feature","properties":{"ABSTRACT_L":"B1--S20","ABSTRACT_N":"B1--S20","LEVEL1_SUR":null,"LEVEL2_BLO":"1","LEVEL3_SUR":"20","Surv_Sect":"20","SHAPE_AREA":632.6638710386915,"owner_count":0.0,"top_owner":"","top_owner_state":"","top_operator":"","max_propensity_score":0.0,"field_name":"Unknown","production_trend":null},"geometry":{"type":"Polygon","coordinates":[[[-102.1101362196209,31.161874785188548],[-102.11179875507344,31.161884918142203],[-102.1134612932209,31.16189502957133],[-102.11512382957171,31.161905119475808],[-102.11677320740027,31.161908997547176],[-102.11675106033525,31.16552457393779],[-102.11673502091587,31.168142292022345],[-102.11674397172936,31.168800975808928],[-102.11684625480592,31.176328164139825],[-102.1001680946134,31.176462198071047],[-102.1000669038882,31.169003613711222],[-102.10004832852476,31.167634334412302],[-102.10011511197794,31.165863404668457],[-102.1001159150718,31.164976067197674],[-102.10011879057902,31.161797945509733],[-102.10182354056168,31.161823800626134],[-102.1034860760142,31.161834041202827],[-102.10514861056839,31.16184425871745],[-102.10681114691924,31.161854455476178],[-102.10847368237177,31.161864631479],[-102.1101362196209,31.161874785188548]]]}},{"type":"Feature","properties":{"ABSTRACT_L":"B1--S21","ABSTRACT_N":"B1--S21","LEVEL1_SUR":null,"LEVEL2_BLO":"1","LEVEL3_SUR":"21","Surv_Sect":"21","SHAPE_AREA":645.1320622060222,"owner_count":0.0,"top_owner":"","top_owner_state":"","top_operator":"","max_propensity_score":0.0,"field_name":"Unknown","production_trend":null},"geometry":{"type":"Polygon","coordinates":[[[-102.11684625480592,31.176328164139825],[-102.11712557606202,31.19119911402699],[-102.10040394818955,31.19117456101394],[-102.1001680946134,31.176462198071047],[-102.11684625480592,31.176328164139825]]]}},{"type":"Feature","properties":{"ABSTRACT_L":"B1--S22","ABSTRACT_N":"B1--S22","LEVEL1_SUR":null,"LEVEL2_BLO":"1","LEVEL3_SUR":"22","Surv_Sect":"22","SHAPE_AREA":642.0785582314438,"owner_count":0.0,"top_owner":"","top_owner_state":"","top_operator":"","max_propensity_score":0.0,"field_name":"Unknown","production_trend":null},"geometry":{"type":"Polygon","coordinates":[[[-102.10043141148441,31.20593397835379],[-102.10040394818955,31.19117456101394],[-102.11712557606202,31.19119911402699],[-102.11678017742855,31.20617991630137],[-102.10043141148441,31.20593397835379]]]}},{"type":"Feature","properties":{"ABSTRACT_L":"B1--S23","ABSTRACT_N":"B1--S23","LEVEL1_SUR":null,"LEVEL2_BLO":"1","LEVEL3_SUR":"23","Surv_Sect":"23","SHAPE_AREA":585.3676203465403,"owner_count":4.0,"top_owner":"BROWN DRAKE ROYALTIES","top_owner_state":"TX","top_operator":"BARNETT ENERGY, INC.","max_propensity_score":3.0,"field_name":"Unknown","production_trend":null},"geometry":{"type":"Polygon","coordinates":[[[-102.11678017742855,31.20617991630137],[-102.11601367643766,31.219869067697186],[-102.10005636664994,31.22000232474371],[-102.10043141148441,31.20593397835379],[-102.11678017742855,31.20617991630137]]]}},{"type":"Feature","properties":{"ABSTRACT_L":"B1--S24","ABSTRACT_N":"B1--S24","LEVEL1_SUR":null,"LEVEL2_BLO":"1","LEVEL3_SUR":"24","Surv_Sect":"24","SHAPE_AREA":630.8810897759789,"owner_count":0.0,"top_owner":"","top_owner_state":"","top_operator":"","max_propensity_score":0.0,"field_name":"Unknown","production_trend":null},"geometry":{"type":"Polygon","coordinates":[[[-102.11601367643766,31.219869067697186],[-102.11611649221518,31.23489444061403],[-102.09975450127342,31.234889966412542],[-102.10005636664994,31.22000232474371],[-102.11601367643766,31.219869067697186]]]}},{"type":"Feature","properties":{"ABSTRACT_L":"B1--S25","ABSTRACT_N":"B1--S25","LEVEL1_SUR":null,"LEVEL2_BLO":"1","LEVEL3_SUR":"25","Surv_Sect":"25","SHAPE_AREA":614.3378801968242,"owner_count":0.0,"top_owner":"","top_owner_state":"","top_operator":"","max_propensity_score":0.0,"field_name":"Unknown","production_trend":null},"geometry":{"type":"Polygon","coordinates":[[[-102.11611649221518,31.23489444061403],[-102.11586346644405,31.24925653050694],[-102.0992685405525,31.249092748807218],[-102.09975450127342,31.234889966412542],[-102.11611649221518,31.23489444061403]]]}},{"type":"Feature","properties":{"ABSTRACT_L":"B1--S26","ABSTRACT_N":"B1--S26","LEVEL1_SUR":null,"LEVEL2_BLO":"1","LEVEL3_SUR":"26","Surv_Sect":"26","SHAPE_AREA":700.473095673954,"owner_count":0.0,"top_owner":"","top_owner_state":"","top_operator":"","max_propensity_score":0.0,"field_name":"Unknown","production_trend":null},"geometry":{"type":"Polygon","coordinates":[[[-102.0992685405525,31.249092748807218],[-102.11586346644405,31.24925653050694],[-102.11540337989824,31.26544955663983],[-102.09883935874741,31.265271409571533],[-102.0992685405525,31.249092748807218]]]}},{"type":"Feature","properties":{"ABSTRACT_L":"B1--S27","ABSTRACT_N":"B1--S27","LEVEL1_SUR":null,"LEVEL2_BLO":"1","LEVEL3_SUR":"27","Surv_Sect":"27","SHAPE_AREA":682.7751134381084,"owner_count":0.0,"top_owner":"","top_owner_state":"","top_operator":"","max_propensity_score":0.0,"field_name":"Unknown","production_trend":null},"geometry":{"type":"MultiPolygon","coordinates":[[[[-102.12516967142771,31.249280847258667],[-102.13226311655914,31.2492989287252],[-102.13217148390859,31.260681883125425],[-102.1321533056005,31.26051309076751],[-102.13203898240418,31.26001743328779],[-102.13192311230894,31.259715375928575],[-102.13163249563644,31.2591441208538],[-102.13125699894935,31.258438159944475],[-102.13062993445683,31.2575116314644],[-102.12984473952488,31.256426552189982],[-102.12936101560902,31.255672366966586],[-102.12871975234512,31.25463047562579],[-102.12817900966321,31.253884302654335],[-102.12711914674829,31.252278597130616],[-102.12661880489797,31.25149438116649],[-102.12614094877753,31.250780799271944],[-102.12557849561183,31.24994080164788],[-102.12516967142771,31.249280847258667]]],[[[-102.13159729694864,31.260086104158653],[-102.13170048013713,31.260552377797058],[-102.1317738105121,31.260885855385006],[-102.13183625600075,31.26218544502476],[-102.13181346664031,31.263961894749347],[-102.13180271829793,31.265467957508317],[-102.11540337989824,31.26544955663983],[-102.11586346644405,31.24925653050694],[-102.12471476007627,31.249279673775664],[-102.12527344031777,31.250085871588965],[-102.12583875910921,31.250930152442997],[-102.12631481859908,31.251641056075655],[-102.12681463673161,31.252424452943348],[-102.12787926341248,31.25403738390911],[-102.12841728689402,31.254779808116034],[-102.12905420590518,31.25581464664718],[-102.12954380031142,31.256577989030383],[-102.1303311107759,31.257665998475183],[-102.13090144845484,31.258592776546763],[-102.13123540075497,31.259286555793615],[-102.13145194324748,31.259788076962597],[-102.13159729694864,31.260086104158653]]]]}},{"type":"Feature","properties":{"ABSTRACT_L":"B1--S28","ABSTRACT_N":"B1--S28","LEVEL1_SUR":null,"LEVEL2_BLO":"1","LEVEL3_SUR":"28","Surv_Sect":"28","SHAPE_AREA":608.9502570192694,"owner_count":0.0,"top_owner":"","top_owner_state":"","top_operator":"","max_propensity_score":0.0,"field_name":"Unknown","production_trend":null},"geometry":{"type":"MultiPolygon","coordinates":[[[[-102.11586346644405,31.24925653050694],[-102.11611649221518,31.23489444061403],[-102.12128296033232,31.234915095675866],[-102.12428128073086,31.234926986678737],[-102.12797696328447,31.23494154990994],[-102.12720469331279,31.236449021151206],[-102.12647440251268,31.23793879178158],[-102.1255969541943,31.23962832045035],[-102.12480176550478,31.241153706226296],[-102.12393731850351,31.243110051228875],[-102.12365318856567,31.244015552628095],[-102.12357797262692,31.244441910716027],[-102.12352546070868,31.245406867747278],[-102.12353792932483,31.2458949724907],[-102.12357983034293,31.246567046675757],[-102.12372466481789,31.247178204983634],[-102.1238864720618,31.24761686290249],[-102.1241137934394,31.248203516914238],[-102.1244628015037,31.24887962965406],[-102.12459207895455,31.24910263895331],[-102.12471476007627,31.249279673775664],[-102.11586346644405,31.24925653050694]]],[[[-102.12752401026033,31.236569390856257],[-102.12840856874418,31.234953595298112],[-102.13307460428116,31.2349757420023],[-102.13226311655914,31.2492989287252],[-102.12516967142771,31.249280847258667],[-102.12497414681792,31.248965212830544],[-102.12487720512404,31.248777824909357],[-102.12450177131903,31.248078655434757],[-102.1243164659439,31.247529601958806],[-102.12417627845394,31.247134772080184],[-102.12404964294834,31.246522998316255],[-102.12396872809742,31.245915310261573],[-102.12394482931761,31.245419847246442],[-102.12399493105596,31.24447068095076],[-102.12406291735329,31.244095693355558],[-102.12431261396797,31.243218882697025],[-102.12514312800769,31.241284037706542],[-102.12591540965747,31.239750170771526],[-102.12681663368646,31.238060036732886],[-102.12752401026033,31.236569390856257]]]]}},{"type":"Feature","properties":{"ABSTRACT_L":"B1--S29","ABSTRACT_N":"B1--S29","LEVEL1_SUR":null,"LEVEL2_BLO":"1","LEVEL3_SUR":"29","Surv_Sect":"29","SHAPE_AREA":661.3014340643646,"owner_count":0.0,"top_owner":"","top_owner_state":"","top_operator":"","max_propensity_score":0.0,"field_name":"Unknown","production_trend":null},"geometry":{"type":"MultiPolygon","coordinates":[[[[-102.12538332673489,31.220139172277577],[-102.13390055038766,31.22031811740458],[-102.13390195804773,31.22066298610095],[-102.13389298297972,31.221780917775448],[-102.13385694885874,31.222228329035467],[-102.133798720062,31.222562310697512],[-102.13372727614916,31.22298995862051],[-102.13365482522487,31.22328874569884],[-102.13360845239328,31.223417449433036],[-102.13352949497137,31.223687331084314],[-102.13341133237552,31.224004988126865],[-102.13327490253839,31.22427981677757],[-102.13279573128435,31.22527661424332],[-102.13210173511668,31.226658229126787],[-102.13150586372409,31.22786311482405],[-102.13128146815936,31.228305889120385],[-102.13075695983127,31.22939046268152],[-102.13020225463492,31.230539542853695],[-102.12952968508338,31.231836401622946],[-102.12907026778247,31.232792925193117],[-102.12869322150152,31.233543653823897],[-102.12831976938004,31.234330989892076],[-102.12797696328447,31.23494154990994],[-102.12428128073086,31.234926986678737],[-102.12128296033232,31.234915095675866],[-102.11611649221518,31.23489444061403],[-102.11601367643766,31.219869067697186],[-102.12494803997913,31.220113150250477],[-102.12538332673489,31.220139172277577]]],[[[-102.13266582411448,31.226170738617522],[-102.13320100532647,31.225111750844306],[-102.13356555963507,31.22439394508937],[-102.13322253435058,31.227859302443893],[-102.13307460428116,31.2349757420023],[-102.12840856874418,31.234953595298112],[-102.12919663379348,31.23312165707507],[-102.12980882757476,31.231898851952852],[-102.13050937874908,31.230520089740654],[-102.13144219473001,31.228599159407917],[-102.13180285574016,31.22786245651054],[-102.13225888100258,31.226954586416646],[-102.13266582411448,31.226170738617522]]]]}},{"type":"Feature","properties":{"ABSTRACT_L":"B1--S3","ABSTRACT_N":"B1--S3","LEVEL1_SUR":null,"LEVEL2_BLO":"1","LEVEL3_SUR":"3","Surv_Sect":"3","SHAPE_AREA":702.836705870419,"owner_count":0.0,"top_owner":"","top_owner_state":"","top_operator":"","max_propensity_score":0.0,"field_name":"Unknown","production_trend":null},"geometry":{"type":"MultiPolygon","coordinates":[[[[-102.08114450507927,31.147635909417],[-102.08236112401126,31.14764658129248],[-102.0823266610437,31.151103848986853],[-102.07917801117563,31.1507443650756],[-102.07611501926316,31.150381530954],[-102.07404231934012,31.15015079080621],[-102.0733162955376,31.15006475224988],[-102.07258325679103,31.15004803255859],[-102.0715297467618,31.15008383443586],[-102.07071692324494,31.150224356423717],[-102.06951235880575,31.150524680219092],[-102.06863615555235,31.15083283622222],[-102.0673460364638,31.151473820778396],[-102.06558838918562,31.152447899281178],[-102.06403536914601,31.153279784610223],[-102.06435057180956,31.147614231998006],[-102.08114450507927,31.147635909417]]],[[[-102.06768474624167,31.152092430400927],[-102.06893504211537,31.15148115648295],[-102.06977995974236,31.15116665243911],[-102.07087946531078,31.150870636645518],[-102.07166931621086,31.15074320497669],[-102.07258152663579,31.15066039663332],[-102.07329205000809,31.15067138183352],[-102.07400977966557,31.150718802150386],[-102.07607766192376,31.15094740830626],[-102.079123777187,31.15131224832026],[-102.0808901614796,31.151526212395666],[-102.08109687280964,31.16176922775821],[-102.06417995927922,31.161735681809763],[-102.06421151799347,31.161289475749992],[-102.06428574219213,31.15399250103664],[-102.06449461217377,31.15388566252627],[-102.0659973624901,31.153063296016217],[-102.06768474624167,31.152092430400927]]],[[[-101.9860064279597,31.43215401091491],[-101.98866742378253,31.431501850214946],[-101.98887460403314,31.431451071090446],[-101.98928821354278,31.431349695952875],[-101.99290302795787,31.442333458487834],[-101.98961265178573,31.443108486824514],[-101.98960903157513,31.44310933370245],[-101.98786909009122,31.43781977955998],[-101.9878400134221,31.43773129762348],[-101.9860064279597,31.43215401091491]]]]}},{"type":"Feature","properties":{"ABSTRACT_L":"B1--S30","ABSTRACT_N":"B1--S30","LEVEL1_SUR":null,"LEVEL2_BLO":"1","LEVEL3_SUR":"30","Surv_Sect":"30","SHAPE_AREA":649.967800763612,"owner_count":44.0,"top_owner":"MONTEZUMA HOTEL LLC","top_owner_state":"IL","top_operator":"BARNETT ENERGY, INC.","max_propensity_score":8.0,"field_name":"Unknown","production_trend":null},"geometry":{"type":"Polygon","coordinates":[[[-102.1251167085552,31.205954509126997],[-102.1254226522831,31.205948108099395],[-102.13407821559132,31.205760070132662],[-102.13405754715325,31.207837293702447],[-102.13404755339572,31.208496221455796],[-102.13404710783134,31.20912477168677],[-102.1340378363193,31.20972621568718],[-102.1340268984324,31.210862460776262],[-102.13400947021755,31.212197154196957],[-102.13399710850094,31.21337761858508],[-102.13397039529933,31.214485025846376],[-102.13395248738414,31.215425594610373],[-102.13394266520483,31.216460676849078],[-102.13393365689917,31.2175543893885],[-102.13391734888349,31.21846401915257],[-102.13390055038766,31.22031811740458],[-102.12538332673489,31.220139172277577],[-102.12494803997913,31.220113150250477],[-102.11601367643766,31.219869067697186],[-102.11678017742855,31.20617991630137],[-102.1251167085552,31.205954509126997]]]}},{"type":"Feature","properties":{"ABSTRACT_L":"B1--S31","ABSTRACT_N":"B1--S31","LEVEL1_SUR":null,"LEVEL2_BLO":"1","LEVEL3_SUR":"31","Surv_Sect":"31","SHAPE_AREA":665.8796736363216,"owner_count":6.0,"top_owner":"HNL ROYALTY","top_owner_state":"TX","top_operator":"XOG OPERATING LLC","max_propensity_score":3.0,"field_name":"Unknown","production_trend":null},"geometry":{"type":"Polygon","coordinates":[[[-102.11712557606202,31.19119911402699],[-102.12542211688718,31.191100954191878],[-102.12571533777569,31.1911002625787],[-102.13424430330755,31.19109816161159],[-102.13422063988635,31.19320952087582],[-102.13420867792003,31.195176250725588],[-102.13416184155774,31.196767235644746],[-102.13414234092956,31.197856128292482],[-102.13411060794213,31.19905330214632],[-102.13408915527484,31.202250969363167],[-102.1341041346822,31.203473854512055],[-102.13407821559132,31.205760070132662],[-102.1254226522831,31.205948108099395],[-102.1251167085552,31.205954509126997],[-102.11678017742855,31.20617991630137],[-102.11712557606202,31.19119911402699]]]}},{"type":"Feature","properties":{"ABSTRACT_L":"B1--S32","ABSTRACT_N":"B1--S32","LEVEL1_SUR":null,"LEVEL2_BLO":"1","LEVEL3_SUR":"32","Surv_Sect":"32","SHAPE_AREA":671.6156757604133,"owner_count":0.0,"top_owner":"","top_owner_state":"","top_operator":"","max_propensity_score":0.0,"field_name":"Unknown","production_trend":null},"geometry":{"type":"Polygon","coordinates":[[[-102.1345006267941,31.17626267273342],[-102.13445130389512,31.180387941104126],[-102.13431682160551,31.18115452500777],[-102.1343291168468,31.181561596612866],[-102.13430830647492,31.18259846195908],[-102.13431523248576,31.18471387720774],[-102.13429650979862,31.186074304664206],[-102.13430288334557,31.187376553316888],[-102.1342830081199,31.189015909689566],[-102.13425086729734,31.190277492938307],[-102.13424430330755,31.19109816161159],[-102.12571533777569,31.1911002625787],[-102.12542211688718,31.191100954191878],[-102.11712557606202,31.19119911402699],[-102.11684625480592,31.176328164139825],[-102.1256655154134,31.176332766390637],[-102.1345006267941,31.17626267273342]]]}},{"type":"Feature","properties":{"ABSTRACT_L":"B1--S33","ABSTRACT_N":"B1--S33","LEVEL1_SUR":null,"LEVEL2_BLO":"1","LEVEL3_SUR":"33","Surv_Sect":"33","SHAPE_AREA":666.618875147691,"owner_count":0.0,"top_owner":"","top_owner_state":"","top_operator":"","max_propensity_score":0.0,"field_name":"Unknown","production_trend":null},"geometry":{"type":"Polygon","coordinates":[[[-102.12978006711263,31.161994228214198],[-102.13177001602833,31.162007151518665],[-102.13466253734427,31.162025882312623],[-102.1345587846239,31.168142682494175],[-102.1345572323351,31.1683594610058],[-102.1345006267941,31.17626267273342],[-102.1256655154134,31.176332766390637],[-102.11684625480592,31.176328164139825],[-102.11674397172936,31.168800975808928],[-102.11673502091587,31.168142292022345],[-102.11675106033525,31.16552457393779],[-102.11677320740027,31.161908997547176],[-102.12547810079401,31.16196618389946],[-102.12630630526515,31.161971593978418],[-102.12753844528862,31.16197963299544],[-102.12851633064567,31.1619860047115],[-102.12978006711263,31.161994228214198]]]}},{"type":"Feature","properties":{"ABSTRACT_L":"B1--S34","ABSTRACT_N":"B1--S34","LEVEL1_SUR":null,"LEVEL2_BLO":"1","LEVEL3_SUR":"34","Surv_Sect":"34","SHAPE_AREA":615.9348150400907,"owner_count":0.0,"top_owner":"","top_owner_state":"","top_operator":"","max_propensity_score":0.0,"field_name":"Unknown","production_trend":null},"geometry":{"type":"MultiPolygon","coordinates":[[[[-102.13475371185403,31.157333133470715],[-102.13356678673377,31.157185753381313],[-102.13093120245368,31.156877284401123],[-102.12847403796209,31.156574601486252],[-102.12594382606484,31.156270915934165],[-102.12390609755582,31.15603393793142],[-102.12037852213122,31.15561318745368],[-102.11685831199365,31.15520868726048],[-102.11695757313761,31.147813759244375],[-102.12542194530896,31.147830310960373],[-102.12669557851541,31.147832751163886],[-102.13492756640424,31.147935739380372],[-102.13476112834502,31.15733405441299],[-102.13475930835824,31.157333829174153],[-102.13475371185403,31.157333133470715]]],[[[-102.12547810079401,31.16196618389946],[-102.11677320740027,31.161908997547176],[-102.11684240642325,31.156186031434448],[-102.12028915862508,31.15658557293244],[-102.12375702033778,31.156982310703395],[-102.1258573075232,31.15722827591003],[-102.12636134324597,31.157293256200877],[-102.1275942207863,31.15745218786171],[-102.1282589722999,31.157537877626627],[-102.12987517444672,31.157730176372727],[-102.13069124806825,31.157827266908278],[-102.13173995929724,31.15794260003425],[-102.13346044776368,31.15813179537843],[-102.13473320062116,31.158270439737727],[-102.13466253734427,31.162025882312623],[-102.13177001602833,31.162007151518665],[-102.12978006711263,31.161994228214198],[-102.12851633064567,31.1619860047115],[-102.12753844528862,31.16197963299544],[-102.12630630526515,31.161971593978418],[-102.12547810079401,31.16196618389946]]]]}},{"type":"Feature","properties":{"ABSTRACT_L":"B1--S35","ABSTRACT_N":"B1--S35","LEVEL1_SUR":null,"LEVEL2_BLO":"1","LEVEL3_SUR":"35","Surv_Sect":"35","SHAPE_AREA":614.4849124542319,"owner_count":0.0,"top_owner":"","top_owner_state":"","top_operator":"","max_propensity_score":0.0,"field_name":"Unknown","production_trend":null},"geometry":{"type":"Polygon","coordinates":[[[-102.1344860570185,31.190280401581095],[-102.13451818436633,31.189019176480915],[-102.1345380551004,31.18737987549607],[-102.13457188655234,31.186083472098716],[-102.13459504422204,31.18471139030644],[-102.13461774734422,31.18260485995515],[-102.1346190040873,31.181592739243925],[-102.13465474715414,31.18118199953334],[-102.13475771654358,31.180672381868487],[-102.13501348217632,31.179767392717324],[-102.13526641901424,31.179138550616965],[-102.13547604178412,31.1787718325606],[-102.13619613490913,31.17757613219783],[-102.1370283620361,31.176342668761272],[-102.15122443757272,31.176788675563934],[-102.15107233752377,31.183769139721914],[-102.1510620122879,31.184144099196107],[-102.15087024802587,31.19110671609768],[-102.14210337716575,31.191102433475514],[-102.13447951818155,31.191098224625264],[-102.1344860570185,31.190280401581095]]]}},{"type":"Feature","properties":{"ABSTRACT_L":"A-841","ABSTRACT_N":"841","LEVEL1_SUR":"A 841 MK&TE RR","LEVEL2_BLO":"1","LEVEL3_SUR":"36","Surv_Sect":"36","SHAPE_AREA":632.7562251744201,"owner_count":2021.0,"top_owner":"A & G REED ENTERPRISES LLC","top_owner_state":"CA","top_operator":"PIONEER NATURAL RES","max_propensity_score":9.0,"field_name":"Unknown","production_trend":null},"geometry":{"type":"Polygon","coordinates":[[[-102.13445584757382,31.1932111061715],[-102.13447951818155,31.191098224625264],[-102.14210337716575,31.191102433475514],[-102.15087024802587,31.19110671609768],[-102.1509379756084,31.205825984461757],[-102.13431348616085,31.20575832215914],[-102.13433933697978,31.20347792911747],[-102.13438163415493,31.20224330488699],[-102.13440248674763,31.199067494391215],[-102.13441621839506,31.197865953108074],[-102.1344426872549,31.19675495794034],[-102.13444389638728,31.195176846255713],[-102.13445584757382,31.1932111061715]]]}},{"type":"Feature","properties":{"ABSTRACT_L":"B1--S37","ABSTRACT_N":"B1--S37","LEVEL1_SUR":null,"LEVEL2_BLO":"1","LEVEL3_SUR":"37","Surv_Sect":"37","SHAPE_AREA":631.9606330221278,"owner_count":0.0,"top_owner":"","top_owner_state":"","top_operator":"","max_propensity_score":0.0,"field_name":"Unknown","production_trend":null},"geometry":{"type":"Polygon","coordinates":[[[-102.1341445130559,31.220319660762023],[-102.1341708669314,31.21851903410918],[-102.13418956985561,31.217559028814975],[-102.13419727380749,31.216542921376845],[-102.13420451961856,31.215379319137348],[-102.13421067038333,31.21442080390419],[-102.13423236918902,31.213378810184448],[-102.13422198286769,31.212202280980694],[-102.13424098942248,31.21085745300619],[-102.13427307904105,31.209728392303084],[-102.1342823613329,31.209126172320765],[-102.13428280510063,31.20849760135452],[-102.13429278538344,31.207839474971788],[-102.13431348616085,31.20575832215914],[-102.1509379756084,31.205825984461757],[-102.15083543471535,31.220329170578008],[-102.1341445130559,31.220319660762023]]]}},{"type":"Feature","properties":{"ABSTRACT_L":"B1--S38","ABSTRACT_N":"B1--S38","LEVEL1_SUR":null,"LEVEL2_BLO":"1","LEVEL3_SUR":"38","Surv_Sect":"38","SHAPE_AREA":662.9710039105497,"owner_count":0.0,"top_owner":"","top_owner_state":"","top_operator":"","max_propensity_score":0.0,"field_name":"Unknown","production_trend":null},"geometry":{"type":"Polygon","coordinates":[[[-102.13307460428116,31.2349757420023],[-102.13322253435058,31.227859302443893],[-102.13356555963507,31.22439394508937],[-102.13362005323684,31.22428664905491],[-102.13378587864504,31.223851448748018],[-102.13385297291528,31.223624793130902],[-102.13392924706943,31.223399726369255],[-102.13398393830055,31.223122461505355],[-102.13403386846068,31.222870374386652],[-102.13411316903901,31.222195745564147],[-102.13414052453604,31.22147246489297],[-102.1341372061594,31.220666511457466],[-102.1341445130559,31.220319660762023],[-102.15083543471535,31.220329170578008],[-102.150770203551,31.234940778734668],[-102.13307460428116,31.2349757420023]]]}},{"type":"Feature","properties":{"ABSTRACT_L":"B1--S39","ABSTRACT_N":"B1--S39","LEVEL1_SUR":null,"LEVEL2_BLO":"1","LEVEL3_SUR":"39","Surv_Sect":"39","SHAPE_AREA":677.8613615648907,"owner_count":0.0,"top_owner":"","top_owner_state":"","top_operator":"","max_propensity_score":0.0,"field_name":"Unknown","production_trend":null},"geometry":{"type":"Polygon","coordinates":[[[-102.13226311655914,31.2492989287252],[-102.13307460428116,31.2349757420023],[-102.150770203551,31.234940778734668],[-102.1506052063895,31.249442570432524],[-102.13226311655914,31.2492989287252]]]}},{"type":"Feature","properties":{"ABSTRACT_L":"A-770","ABSTRACT_N":"770","LEVEL1_SUR":"GC&SF RR","LEVEL2_BLO":"1","LEVEL3_SUR":"4","Surv_Sect":"4","SHAPE_AREA":1352.119074194488,"owner_count":130.0,"top_owner":"AUSTIN ROYALTIES LLC","top_owner_state":"OK","top_operator":"PIONEER NATURAL RES","max_propensity_score":9.0,"field_name":"Unknown","production_trend":null},"geometry":{"type":"MultiPolygon","coordinates":[[[[-102.0821166475067,31.176379120912745],[-102.06376937260052,31.176428298399728],[-102.06375441295609,31.175509475647708],[-102.06417995927922,31.161735681809763],[-102.08109687280964,31.16176922775821],[-102.08110444650579,31.163949452177924],[-102.0821166475067,31.176379120912745]]],[[[-101.9975363594286,31.429501740672126],[-102.0054649700763,31.427724794168505],[-102.01176201918248,31.426313105259432],[-102.01525547479595,31.43700243978417],[-102.0129587323461,31.437506470934988],[-101.99290302795787,31.442333458487834],[-101.98928821354278,31.431349695952875],[-101.9975363594286,31.429501740672126]]]]}},{"type":"Feature","properties":{"ABSTRACT_L":"B1--S40","ABSTRACT_N":"B1--S40","LEVEL1_SUR":null,"LEVEL2_BLO":"1","LEVEL3_SUR":"40","Surv_Sect":"40","SHAPE_AREA":779.8980541885651,"owner_count":0.0,"top_owner":"","top_owner_state":"","top_operator":"","max_propensity_score":0.0,"field_name":"Unknown","production_trend":null},"geometry":{"type":"Polygon","coordinates":[[[-102.1321514011721,31.265468630916775],[-102.13216213064985,31.263964463263807],[-102.13218491641702,31.26218784695732],[-102.13219256557167,31.26087763356663],[-102.13217148390859,31.260681883125425],[-102.13226311655914,31.2492989287252],[-102.1506052063895,31.249442570432524],[-102.15056444353685,31.265790496569227],[-102.1321514011721,31.265468630916775]]]}},{"type":"Feature","properties":{"ABSTRACT_L":"B1--S5","ABSTRACT_N":"B1--S5","LEVEL1_SUR":null,"LEVEL2_BLO":"1","LEVEL3_SUR":"5","Surv_Sect":"5","SHAPE_AREA":1349.9839435704903,"owner_count":0.0,"top_owner":"","top_owner_state":"","top_operator":"","max_propensity_score":0.0,"field_name":"Unknown","production_trend":null},"geometry":{"type":"MultiPolygon","coordinates":[[[[-102.08196683456843,31.191198526924897],[-102.06351363032397,31.191207648524045],[-102.06351092729327,31.19029270932731],[-102.06376937260052,31.176428298399728],[-102.0821166475067,31.176379120912745],[-102.08196683456843,31.191198526924897]]],[[[-102.01525547479595,31.43700243978417],[-102.01176201918248,31.426313105259432],[-102.02166468575189,31.42391218535734],[-102.02624139012205,31.437926040703196],[-102.02846178565422,31.444468022608895],[-102.02288766655273,31.44586987596157],[-102.01624465916264,31.447540167062506],[-102.0129587323461,31.437506470934988],[-102.01525547479595,31.43700243978417]]]]}},{"type":"Feature","properties":{"ABSTRACT_L":"A-857","ABSTRACT_N":"857","LEVEL1_SUR":"MKTERR","LEVEL2_BLO":"1","LEVEL3_SUR":"6","Surv_Sect":"6","SHAPE_AREA":1356.3909733585735,"owner_count":1.0,"top_owner":"APACHE CORP","top_owner_state":"TX","top_operator":"APACHE CORPORATION","max_propensity_score":1.0,"field_name":"Unknown","production_trend":null},"geometry":{"type":"MultiPolygon","coordinates":[[[[-102.06368734833022,31.20525461784869],[-102.0632909774909,31.20525348069945],[-102.06342057025041,31.194797773286616],[-102.06351363032397,31.191207648524045],[-102.08196683456843,31.191198526924897],[-102.08082245635495,31.205580012555266],[-102.06481671120375,31.20528644649804],[-102.06368734833022,31.20525461784869]]],[[[-102.02846178565422,31.444468022608895],[-102.0291388135445,31.446462571541314],[-102.03088698000317,31.451824841145623],[-102.03492059259698,31.46469976945575],[-102.02290030405214,31.467540731600522],[-102.01861534553679,31.454672617884395],[-102.01692935776714,31.44959808006392],[-102.01624465916264,31.447540167062506],[-102.02288766655273,31.44586987596157],[-102.02846178565422,31.444468022608895]]]]}},{"type":"Feature","properties":{"ABSTRACT_L":"A-224","ABSTRACT_N":"224","LEVEL1_SUR":"GC&SF","LEVEL2_BLO":"1","LEVEL3_SUR":"7","Surv_Sect":"7","SHAPE_AREA":1265.5202111993774,"owner_count":1456.0,"top_owner":"MA MAR ROYALTY LLC","top_owner_state":"OK","top_operator":"PIONEER NATURAL RES","max_propensity_score":10.0,"field_name":"Unknown","production_trend":null},"geometry":{"type":"MultiPolygon","coordinates":[[[[-102.06481671120375,31.20528644649804],[-102.08082245635495,31.205580012555266],[-102.08134251353081,31.220406498967233],[-102.06445044021463,31.220140641120224],[-102.06481671120375,31.20528644649804]]],[[[-102.02290030405214,31.467540731600522],[-102.03492059259698,31.46469976945575],[-102.03534156200374,31.466043287485647],[-102.03990642747681,31.479858767333916],[-102.04101858312104,31.483224125594223],[-102.02893486273734,31.486201754729663],[-102.02508407616848,31.474221610319514],[-102.02290030405214,31.467540731600522]]]]}},{"type":"Feature","properties":{"ABSTRACT_L":"B1--S8","ABSTRACT_N":"B1--S8","LEVEL1_SUR":null,"LEVEL2_BLO":"1","LEVEL3_SUR":"8","Surv_Sect":"8","SHAPE_AREA":1293.0335054632774,"owner_count":0.0,"top_owner":"","top_owner_state":"","top_operator":"","max_propensity_score":0.0,"field_name":"Unknown","production_trend":null},"geometry":{"type":"MultiPolygon","coordinates":[[[[-102.06523333456116,31.234071267702664],[-102.06524455362074,31.233423867103806],[-102.0640941126774,31.233377568949255],[-102.06445044021463,31.220140641120224],[-102.08134251353081,31.220406498967233],[-102.08094888704467,31.234891789889716],[-102.06519690518144,31.23488551679023],[-102.06523333456116,31.234071267702664]]],[[[-102.04101858312104,31.483224125594223],[-102.04454225177246,31.49388522432966],[-102.0473796605474,31.502468393905694],[-102.0353181968232,31.50539216304074],[-102.02893486273734,31.486201754729663],[-102.04101858312104,31.483224125594223]]]]}},{"type":"Feature","properties":{"ABSTRACT_L":"B1--S9","ABSTRACT_N":"B1--S9","LEVEL1_SUR":null,"LEVEL2_BLO":"1","LEVEL3_SUR":"9","Surv_Sect":"9","SHAPE_AREA":589.0068714143563,"owner_count":0.0,"top_owner":"","top_owner_state":"","top_operator":"","max_propensity_score":0.0,"field_name":"Unknown","production_trend":null},"geometry":{"type":"Polygon","coordinates":[[[-102.06470937151043,31.249253861754028],[-102.06478162480538,31.248337250094888],[-102.06519690518144,31.23488551679023],[-102.08094888704467,31.234891789889716],[-102.08062571991785,31.249070513254424],[-102.06470937151043,31.249253861754028]]]}},{"type":"Feature","properties":{"ABSTRACT_L":"A-326","ABSTRACT_N":"326","LEVEL1_SUR":"BLK 2 SEC 1 A-326","LEVEL2_BLO":"2","LEVEL3_SUR":"1","Surv_Sect":"1","SHAPE_AREA":748.7137197165445,"owner_count":4.0,"top_owner":"CIVITAS MID BASIN ENERGY LLC","top_owner_state":"CO","top_operator":"PETROPLEX ENERGY INC","max_propensity_score":6.0,"field_name":"Unknown","production_trend":null},"geometry":{"type":"MultiPolygon","coordinates":[[[[-101.97814235946854,31.263502035085573],[-101.99500581335808,31.263583000090335],[-101.99497995894589,31.26483724427079],[-101.97817757342767,31.26482365545682],[-101.97814235946854,31.263502035085573]]],[[[-102.06297835299225,31.264763885230717],[-102.08038405783505,31.26495991822357],[-102.0803135077459,31.280142889481105],[-102.06290628564857,31.280060311855145],[-102.06297835299225,31.264763885230717]]]]}},{"type":"Feature","properties":{"ABSTRACT_L":"A-15955","ABSTRACT_N":"15955","LEVEL1_SUR":"GC&SF","LEVEL2_BLO":"2","LEVEL3_SUR":"10","Surv_Sect":"10","SHAPE_AREA":1312.4725443943662,"owner_count":48.0,"top_owner":"LANE PATRICIA H LIVING TRUST","top_owner_state":"AZ","top_operator":"SAXUM OPCO LLC","max_propensity_score":7.0,"field_name":"Unknown","production_trend":null},"geometry":{"type":"MultiPolygon","coordinates":[[[[-102.06375441295609,31.175509475647708],[-102.06376937260052,31.176428298399728],[-102.06351092729327,31.19029270932731],[-102.04700064605767,31.19011604352731],[-102.04722856122167,31.17550480725848],[-102.06375441295609,31.175509475647708]]],[[[-102.04722076564164,31.279371809254926],[-102.0472212570201,31.279906597204384],[-102.0472225568823,31.28132246950152],[-102.04722575039315,31.284807278611698],[-102.04637930922343,31.284256071982846],[-102.04519806235405,31.283472689856662],[-102.04464047446393,31.283054394004502],[-102.04422354208606,31.282700533650917],[-102.04324402628679,31.281923192079265],[-102.04220781960655,31.28109060919987],[-102.04113413611098,31.280180451682256],[-102.0401550317401,31.279392826173442],[-102.04610426215142,31.2793751566074],[-102.04722076564164,31.279371809254926]]],[[[-102.04303158011199,31.282119425106636],[-102.04400795899429,31.282894276903825],[-102.04442799325483,31.283250770542782],[-102.0449999083754,31.283679816483914],[-102.04722610163442,31.285190781710387],[-102.04722761799061,31.286849945060073],[-102.04723393674033,31.293793285952653],[-102.04310748146528,31.293795178913378],[-102.02897066958458,31.293905339028615],[-102.02912717676831,31.279424850190143],[-102.0397021577677,31.27939564148043],[-102.04091787928274,31.28037361586766],[-102.04199937812128,31.281260526315336],[-102.04303158011199,31.282119425106636]]]]}},{"type":"Feature","properties":{"ABSTRACT_L":"A-331","ABSTRACT_N":"331","LEVEL1_SUR":"MK & TE","LEVEL2_BLO":"2","LEVEL3_SUR":"11","Surv_Sect":"11","SHAPE_AREA":552.3782775595816,"owner_count":48.0,"top_owner":"LANE JOHN","top_owner_state":"CO","top_operator":"BCP RESOURCES","max_propensity_score":7.0,"field_name":"Unknown","production_trend":null},"geometry":{"type":"MultiPolygon","coordinates":[[[[-102.05727994927624,31.291601980348794],[-102.05616252411455,31.290943879484445],[-102.05521961376476,31.29028866423751],[-102.05383164658221,31.289287494184414],[-102.05250014300684,31.288412660955196],[-102.05092372095578,31.287306985619345],[-102.05024373491325,31.286842715044685],[-102.04902911203781,31.28601339374718],[-102.04722575039315,31.284807278611698],[-102.0472225568823,31.28132246950152],[-102.0472212570201,31.279906597204384],[-102.06290628564857,31.280060311855145],[-102.06313557074338,31.292039361686193],[-102.06316842392995,31.293756053879505],[-102.06299135969924,31.293756478375716],[-102.06244829577064,31.293567908212818],[-102.0609197754838,31.29301315645474],[-102.05963238907033,31.292540441602835],[-102.05844664523464,31.292105468367144],[-102.05811962074198,31.29198550109983],[-102.05767142968716,31.291799790692068],[-102.05727994927624,31.291601980348794]]],[[[-102.04963387226013,31.286858934598524],[-102.05067368028634,31.287573455070948],[-102.05225297514967,31.28868114777767],[-102.0535822715644,31.289554533782166],[-102.05510911828986,31.290656190981625],[-102.05523330947959,31.290741482946427],[-102.05593777551192,31.29122529314782],[-102.05706655987038,31.29189008509645],[-102.05748400877954,31.2921010176035],[-102.05752602657866,31.29211842762626],[-102.05795513741683,31.292296232289356],[-102.05947621965313,31.29285422306646],[-102.06076430765083,31.293327196570537],[-102.06195395197147,31.29375896087264],[-102.05530871226792,31.29377466569597],[-102.04723393674033,31.293793285952653],[-102.04722761799061,31.286849945060073],[-102.04722610163442,31.285190781710387],[-102.04820703138196,31.28589904895324],[-102.04963387226013,31.286858934598524]]]]}},{"type":"Feature","properties":{"ABSTRACT_L":"A-702","ABSTRACT_N":"702","LEVEL1_SUR":"BLK 2 SEC 12 A-702","LEVEL2_BLO":"2","LEVEL3_SUR":"12","Surv_Sect":"12","SHAPE_AREA":617.2257516286003,"owner_count":19.0,"top_owner":"SMAC OIL LP","top_owner_state":"AZ","top_operator":"OXY USA WTP LP","max_propensity_score":8.0,"field_name":"Unknown","production_trend":null},"geometry":{"type":"Polygon","coordinates":[[[-102.06290628564857,31.280060311855145],[-102.0803135077459,31.280142889481105],[-102.08045852817212,31.291733128792472],[-102.08046278079667,31.292073036435408],[-102.08048309979009,31.293697599272367],[-102.0705689383783,31.293737884978672],[-102.06316842392995,31.293756053879505],[-102.06313557074338,31.292039361686193],[-102.06290628564857,31.280060311855145]]]}},{"type":"Feature","properties":{"ABSTRACT_L":"A-332","ABSTRACT_N":"332","LEVEL1_SUR":"BLK 2 SEC 13 A-332","LEVEL2_BLO":"2","LEVEL3_SUR":"13","Surv_Sect":"13","SHAPE_AREA":624.659692186472,"owner_count":80.0,"top_owner":"MEKUSUKEY OIL CO LLC","top_owner_state":"OK","top_operator":"PETROPLEX ENERGY INC","max_propensity_score":8.0,"field_name":"Unknown","production_trend":null},"geometry":{"type":"Polygon","coordinates":[[[-102.0803135077459,31.280142889481105],[-102.09691197120304,31.28017747517433],[-102.09836289950724,31.28018039563764],[-102.0979528158851,31.291748444759577],[-102.09788570993673,31.293640829566378],[-102.08665333103265,31.293679653739108],[-102.08048309979009,31.293697599272367],[-102.08046278079667,31.292073036435408],[-102.08045852817212,31.291733128792472],[-102.0803135077459,31.280142889481105]]]}},{"type":"Feature","properties":{"ABSTRACT_L":"B2--S14","ABSTRACT_N":"B2--S14","LEVEL1_SUR":null,"LEVEL2_BLO":"2","LEVEL3_SUR":"14","Surv_Sect":"14","SHAPE_AREA":716.6504719459901,"owner_count":3.0,"top_owner":"EOG RESOURCES INC","top_owner_state":"TX","top_operator":"EOG RESOURCES, INC.","max_propensity_score":2.0,"field_name":"Unknown","production_trend":null},"geometry":{"type":"Polygon","coordinates":[[[-102.09691197120304,31.28017747517433],[-102.0803135077459,31.280142889481105],[-102.08038405783505,31.26495991822357],[-102.09883935874741,31.265271409571533],[-102.09836289950724,31.28018039563764],[-102.09691197120304,31.28017747517433]]]}},{"type":"Feature","properties":{"ABSTRACT_L":"B2--S15","ABSTRACT_N":"B2--S15","LEVEL1_SUR":null,"LEVEL2_BLO":"2","LEVEL3_SUR":"15","Surv_Sect":"15","SHAPE_AREA":1260.8514916767479,"owner_count":0.0,"top_owner":"","top_owner_state":"","top_operator":"","max_propensity_score":0.0,"field_name":"Unknown","production_trend":null},"geometry":{"type":"MultiPolygon","coordinates":[[[[-102.14285577281005,31.166391165530637],[-102.14246432114521,31.167403834583304],[-102.142282371876,31.16781975094677],[-102.14183477460759,31.168589156816072],[-102.14144485816357,31.169190667067948],[-102.14099122870802,31.169866592423734],[-102.14043624683055,31.170693688490765],[-102.14001627904534,31.171348832721154],[-102.13971812011769,31.17177402509834],[-102.139389653829,31.172271400550123],[-102.1390271979849,31.172824531262936],[-102.13874768448932,31.173286327152287],[-102.13799606409108,31.174399249505523],[-102.13669726548025,31.176331886367784],[-102.1345006267941,31.17626267273342],[-102.1345572323351,31.1683594610058],[-102.1345587846239,31.168142682494175],[-102.13466253734427,31.162025882312623],[-102.14447057897489,31.162149634446653],[-102.14401622008734,31.163360053088255],[-102.14357603661496,31.16446343751261],[-102.14318506105722,31.165534565066473],[-102.14285577281005,31.166391165530637]]],[[[-102.14379946199917,31.164526531894754],[-102.14423939753652,31.163423763920864],[-102.14471708746865,31.162152735358383],[-102.15117566084943,31.162233804869057],[-102.15122443757272,31.176788675563934],[-102.1370283620361,31.176342668761272],[-102.13820095363772,31.174498532665996],[-102.13895378047336,31.17338382217201],[-102.13923257621506,31.172923211180855],[-102.13957802695082,31.17242689138003],[-102.13996300805067,31.1718477822242],[-102.140222046246,31.171446722499432],[-102.14064108427489,31.17079302626502],[-102.14119490552903,31.169967657409735],[-102.14164992018675,31.169289667450006],[-102.14210202789619,31.168623095419537],[-102.14251610273313,31.16790449742902],[-102.14268560853904,31.16747230295133],[-102.14311239813053,31.166404388781213],[-102.14340936229884,31.16559527048977],[-102.14379946199917,31.164526531894754]]],[[[-102.09836289950724,31.28018039563764],[-102.09883935874741,31.265271409571533],[-102.11540337989824,31.26544955663983],[-102.11510462538759,31.28023813158147],[-102.09836289950724,31.28018039563764]]]]}},{"type":"Feature","properties":{"ABSTRACT_L":"B2--S16","ABSTRACT_N":"B2--S16","LEVEL1_SUR":null,"LEVEL2_BLO":"2","LEVEL3_SUR":"16","Surv_Sect":"16","SHAPE_AREA":588.825093489066,"owner_count":1.0,"top_owner":"EOG RESOURCES INC","top_owner_state":"TX","top_operator":"EOG RESOURCES, INC.","max_propensity_score":2.0,"field_name":"Unknown","production_trend":null},"geometry":{"type":"Polygon","coordinates":[[[-102.10277551850594,31.293584905749658],[-102.09788570993673,31.293640829566378],[-102.0979528158851,31.291748444759577],[-102.09836289950724,31.28018039563764],[-102.11510462538759,31.28023813158147],[-102.114882976871,31.293575504637577],[-102.10277551850594,31.293584905749658]]]}},{"type":"Feature","properties":{"ABSTRACT_L":"B2--S17","ABSTRACT_N":"B2--S17","LEVEL1_SUR":null,"LEVEL2_BLO":"2","LEVEL3_SUR":"17","Surv_Sect":"17","SHAPE_AREA":636.9301803836661,"owner_count":0.0,"top_owner":"","top_owner_state":"","top_operator":"","max_propensity_score":0.0,"field_name":"Unknown","production_trend":null},"geometry":{"type":"Polygon","coordinates":[[[-102.13170135240127,31.280271486562036],[-102.11510462538759,31.28023813158147],[-102.11540337989824,31.26544955663983],[-102.13180271829793,31.265467957508317],[-102.13180129895979,31.265666733344997],[-102.13181120827568,31.26719335623693],[-102.13178324372088,31.26876791833524],[-102.13176884732015,31.27054086576295],[-102.13175246294767,31.27191928553518],[-102.13174205955836,31.27356211810478],[-102.13173540483876,31.275637905658392],[-102.13171714208902,31.2774504431272],[-102.13170287863893,31.278846978238057],[-102.13170255704208,31.280155511045688],[-102.13170135240127,31.280271486562036]]]}},{"type":"Feature","properties":{"ABSTRACT_L":"B2--S18","ABSTRACT_N":"B2--S18","LEVEL1_SUR":null,"LEVEL2_BLO":"2","LEVEL3_SUR":"18","Surv_Sect":"18","SHAPE_AREA":703.0073225266532,"owner_count":0.0,"top_owner":"","top_owner_state":"","top_operator":"","max_propensity_score":0.0,"field_name":"Unknown","production_trend":null},"geometry":{"type":"Polygon","coordinates":[[[-102.13205009456425,31.280272290379592],[-102.1320512920185,31.280156876078554],[-102.1320516082255,31.278848322560762],[-102.13206585550591,31.277453053501077],[-102.13208411915394,31.275639613182854],[-102.13209076758537,31.27356334426336],[-102.13210115929657,31.27192162886701],[-102.13211753558421,31.270543438705236],[-102.13213191851021,31.268771246100446],[-102.13215991001448,31.267194805152016],[-102.13214998722384,31.265666816273146],[-102.1321514011721,31.265468630916775],[-102.15056444353685,31.265790496569227],[-102.15028690543657,31.28039043383062],[-102.13205009456425,31.280272290379592]]]}},{"type":"Feature","properties":{"ABSTRACT_L":"B2--S19","ABSTRACT_N":"B2--S19","LEVEL1_SUR":null,"LEVEL2_BLO":"2","LEVEL3_SUR":"19","Surv_Sect":"19","SHAPE_AREA":642.415681568377,"owner_count":0.0,"top_owner":"","top_owner_state":"","top_operator":"","max_propensity_score":0.0,"field_name":"Unknown","production_trend":null},"geometry":{"type":"Polygon","coordinates":[[[-102.15028690543657,31.28039043383062],[-102.15056444353685,31.265790496569227],[-102.16729772525352,31.2658615274538],[-102.16727159865181,31.280469717595338],[-102.15028690543657,31.28039043383062]]]}},{"type":"Feature","properties":{"ABSTRACT_L":"A-569","ABSTRACT_N":"569","LEVEL1_SUR":"BLK 2 SEC 2 A-569","LEVEL2_BLO":"2","LEVEL3_SUR":"2","Surv_Sect":"2","SHAPE_AREA":711.3699192675615,"owner_count":245.0,"top_owner":"BROADMOOR LAND & MINERALS LLC","top_owner_state":"MS","top_operator":"CRESCENT ENERGY OP","max_propensity_score":10.0,"field_name":"Unknown","production_trend":null},"geometry":{"type":"MultiPolygon","coordinates":[[[[-102.01410113785923,31.26344748708104],[-102.01200593154506,31.263438113679285],[-102.01208532824313,31.250378522856387],[-102.014316256522,31.250370517460443],[-102.01410113785923,31.26344748708104]]],[[[-102.04655343236989,31.264735591878363],[-102.06297835299225,31.264763885230717],[-102.06290628564857,31.280060311855145],[-102.0472212570201,31.279906597204384],[-102.04722076564164,31.279371809254926],[-102.04655343236989,31.264735591878363]]]]}},{"type":"Feature","properties":{"ABSTRACT_L":"A-1112","ABSTRACT_N":"1112","LEVEL1_SUR":"MK&T","LEVEL2_BLO":"2","LEVEL3_SUR":"20","Surv_Sect":"20","SHAPE_AREA":647.2490453979983,"owner_count":1.0,"top_owner":"CONTANGO RESOURCES LLC","top_owner_state":"OK","top_operator":"CONTANGO RES LLC","max_propensity_score":6.0,"field_name":"Unknown","production_trend":null},"geometry":{"type":"Polygon","coordinates":[[[-102.16727159865181,31.280469717595338],[-102.16729772525352,31.2658615274538],[-102.18417427657991,31.265891524330208],[-102.18424036383873,31.28060206843709],[-102.16727159865181,31.280469717595338]]]}},{"type":"Feature","properties":{"ABSTRACT_L":"B2--S21","ABSTRACT_N":"B2--S21","LEVEL1_SUR":null,"LEVEL2_BLO":"2","LEVEL3_SUR":"21","Surv_Sect":"21","SHAPE_AREA":716.2647458513699,"owner_count":0.0,"top_owner":"","top_owner_state":"","top_operator":"","max_propensity_score":0.0,"field_name":"Unknown","production_trend":null},"geometry":{"type":"Polygon","coordinates":[[[-102.16729772525352,31.2658615274538],[-102.1674873712881,31.249603218152316],[-102.18447537120188,31.249730992109864],[-102.18417427657991,31.265891524330208],[-102.16729772525352,31.2658615274538]]]}},{"type":"Feature","properties":{"ABSTRACT_L":"B2--S22","ABSTRACT_N":"B2--S22","LEVEL1_SUR":null,"LEVEL2_BLO":"2","LEVEL3_SUR":"22","Surv_Sect":"22","SHAPE_AREA":715.0909527362845,"owner_count":0.0,"top_owner":"","top_owner_state":"","top_operator":"","max_propensity_score":0.0,"field_name":"Unknown","production_trend":null},"geometry":{"type":"Polygon","coordinates":[[[-102.15056444353685,31.265790496569227],[-102.1506052063895,31.249442570432524],[-102.1674873712881,31.249603218152316],[-102.16729772525352,31.2658615274538],[-102.15056444353685,31.265790496569227]]]}},{"type":"Feature","properties":{"ABSTRACT_L":"B2--S23","ABSTRACT_N":"B2--S23","LEVEL1_SUR":null,"LEVEL2_BLO":"2","LEVEL3_SUR":"23","Surv_Sect":"23","SHAPE_AREA":638.162898686827,"owner_count":0.0,"top_owner":"","top_owner_state":"","top_operator":"","max_propensity_score":0.0,"field_name":"Unknown","production_trend":null},"geometry":{"type":"Polygon","coordinates":[[[-102.1506052063895,31.249442570432524],[-102.150770203551,31.234940778734668],[-102.16763433926185,31.23512573388169],[-102.1674873712881,31.249603218152316],[-102.1506052063895,31.249442570432524]]]}},{"type":"Feature","properties":{"ABSTRACT_L":"B2--S24","ABSTRACT_N":"B2--S24","LEVEL1_SUR":null,"LEVEL2_BLO":"2","LEVEL3_SUR":"24","Surv_Sect":"24","SHAPE_AREA":642.6001057190841,"owner_count":7.0,"top_owner":"GLASS LYNDA BALLENGER ESTATE","top_owner_state":"TX","top_operator":"WALSH & WATTS, INC.","max_propensity_score":7.0,"field_name":"Unknown","production_trend":null},"geometry":{"type":"Polygon","coordinates":[[[-102.18463575192114,31.235235331128177],[-102.18447537120188,31.249730992109864],[-102.1674873712881,31.249603218152316],[-102.16763433926185,31.23512573388169],[-102.18463575192114,31.235235331128177]]]}},{"type":"Feature","properties":{"ABSTRACT_L":"B2--S25","ABSTRACT_N":"B2--S25","LEVEL1_SUR":null,"LEVEL2_BLO":"2","LEVEL3_SUR":"25","Surv_Sect":"25","SHAPE_AREA":644.8389324059003,"owner_count":0.0,"top_owner":"","top_owner_state":"","top_operator":"","max_propensity_score":0.0,"field_name":"Unknown","production_trend":null},"geometry":{"type":"Polygon","coordinates":[[[-102.18468031195249,31.22075189433885],[-102.18463575192114,31.235235331128177],[-102.16763433926185,31.23512573388169],[-102.16769233090332,31.22053826567777],[-102.18468031195249,31.22075189433885]]]}},{"type":"Feature","properties":{"ABSTRACT_L":"B2--S26","ABSTRACT_N":"B2--S26","LEVEL1_SUR":null,"LEVEL2_BLO":"2","LEVEL3_SUR":"26","Surv_Sect":"26","SHAPE_AREA":642.5795609681343,"owner_count":10.0,"top_owner":"MAP 2009-OK","top_owner_state":"OK","top_operator":"CIVITAS PERMIAN OPER","max_propensity_score":6.0,"field_name":"Unknown","production_trend":null},"geometry":{"type":"Polygon","coordinates":[[[-102.150770203551,31.234940778734668],[-102.15083543471535,31.220329170578008],[-102.16769233090332,31.22053826567777],[-102.16763433926185,31.23512573388169],[-102.150770203551,31.234940778734668]]]}},{"type":"Feature","properties":{"ABSTRACT_L":"B2--S27","ABSTRACT_N":"B2--S27","LEVEL1_SUR":null,"LEVEL2_BLO":"2","LEVEL3_SUR":"27","Surv_Sect":"27","SHAPE_AREA":643.037202363536,"owner_count":0.0,"top_owner":"","top_owner_state":"","top_operator":"","max_propensity_score":0.0,"field_name":"Unknown","production_trend":null},"geometry":{"type":"Polygon","coordinates":[[[-102.1509379756084,31.205825984461757],[-102.15950331033285,31.20584374846854],[-102.1678414817832,31.205860493654278],[-102.16769233090332,31.22053826567777],[-102.15083543471535,31.220329170578008],[-102.1509379756084,31.205825984461757]]]}},{"type":"Feature","properties":{"ABSTRACT_L":"B2--S28","ABSTRACT_N":"B2--S28","LEVEL1_SUR":null,"LEVEL2_BLO":"2","LEVEL3_SUR":"28","Surv_Sect":"28","SHAPE_AREA":651.084648044141,"owner_count":0.0,"top_owner":"","top_owner_state":"","top_operator":"","max_propensity_score":0.0,"field_name":"Unknown","production_trend":null},"geometry":{"type":"Polygon","coordinates":[[[-102.184844727904,31.20608617688579],[-102.18472946866316,31.21635268883192],[-102.18471684463847,31.217482473255522],[-102.18468031195249,31.22075189433885],[-102.16769233090332,31.22053826567777],[-102.1678414817832,31.205860493654278],[-102.18011767609799,31.20602365879137],[-102.184844727904,31.20608617688579]]]}},{"type":"Feature","properties":{"ABSTRACT_L":"A-327","ABSTRACT_N":"327","LEVEL1_SUR":"BLK 2 SEC 3 A-327","LEVEL2_BLO":"2","LEVEL3_SUR":"3","Surv_Sect":"3","SHAPE_AREA":1222.3282980608496,"owner_count":523.0,"top_owner":"BMB MINERALS LLC","top_owner_state":"CA","top_operator":"PERMIAN RES OPER","max_propensity_score":10.0,"field_name":"Unknown","production_trend":null},"geometry":{"type":"MultiPolygon","coordinates":[[[[-102.02642189040873,31.26469815099192],[-102.02522810215967,31.263226182559436],[-102.0242751531366,31.26203102090333],[-102.02275977969393,31.26014511482481],[-102.02170833668816,31.25882124884204],[-102.02104612471186,31.25799765708686],[-102.0203328830375,31.257117252631144],[-102.01999747277168,31.256718582516957],[-102.01989034328415,31.256582218771634],[-102.01892961844398,31.255372831429693],[-102.01794703399969,31.254135080611196],[-102.0166765080658,31.25255716259922],[-102.01498527862648,31.250448143814772],[-102.01492949504396,31.250376227372143],[-102.02901497269777,31.250295684946245],[-102.02898892245284,31.255911964455247],[-102.02897433471094,31.26478271239529],[-102.02687899544611,31.26476876651847],[-102.02647912477043,31.264771068563427],[-102.02642189040873,31.26469815099192]]],[[[-102.02401812447258,31.262182831924754],[-102.02497145168637,31.263378470810142],[-102.02610262107193,31.264773236232855],[-102.01203412876352,31.26485314126868],[-102.01200593154506,31.263438113679285],[-102.01410113785923,31.26344748708104],[-102.014316256522,31.250370517460443],[-102.01455095666134,31.25037139218666],[-102.01472707855932,31.25059845133759],[-102.01641983693125,31.252709383588638],[-102.01768993975864,31.254286781461143],[-102.01867193760306,31.255523798448174],[-102.01963225999798,31.256732684704374],[-102.01974174396985,31.256872044673806],[-102.02007846128444,31.25727226994826],[-102.02078979763205,31.258150326212704],[-102.02145118405662,31.25897289531892],[-102.02250259472304,31.260296725387224],[-102.02401812447258,31.262182831924754]]],[[[-102.02930537467292,31.268233593966563],[-102.02900672706177,31.26788472268426],[-102.02897433471094,31.26478271239529],[-102.0374468770598,31.264701912742023],[-102.04655343236989,31.264735591878363],[-102.04722076564164,31.279371809254926],[-102.04610426215142,31.2793751566074],[-102.0401550317401,31.279392826173442],[-102.03819176548329,31.27781344717046],[-102.03691182790017,31.276779368111253],[-102.03667702086132,31.27659034402586],[-102.03612015701331,31.276132403141716],[-102.03585644218863,31.275870031961496],[-102.03535363715778,31.27525256251109],[-102.03479321508294,31.27463027503822],[-102.03383353857673,31.273500660439137],[-102.03286879197903,31.27238887978476],[-102.03196995926531,31.27132278206736],[-102.03111295390785,31.270333210433076],[-102.02997755435561,31.26898899947594],[-102.02930537467292,31.268233593966563]]],[[[-102.0397021577677,31.27939564148043],[-102.02912717676831,31.279424850190143],[-102.02901150879403,31.26834261837722],[-102.02905577327965,31.26839432718525],[-102.02972734659953,31.26914905418649],[-102.03086154779916,31.270491852389586],[-102.03171846781667,31.271481327151918],[-102.03261738227708,31.27254752749803],[-102.0335824639464,31.273659696318948],[-102.03454378077633,31.274791246119257],[-102.03510228674466,31.275411407332776],[-102.03560990405046,31.27603478986481],[-102.03589369442514,31.27631713479596],[-102.03646246364559,31.276784866058374],[-102.03669827589924,31.27697470127724],[-102.03797824941499,31.278008811208245],[-102.0397021577677,31.27939564148043]]]]}},{"type":"Feature","properties":{"ABSTRACT_L":"A-546","ABSTRACT_N":"546","LEVEL1_SUR":"MK&T","LEVEL2_BLO":"2","LEVEL3_SUR":"4","Surv_Sect":"4","SHAPE_AREA":1296.6522715376686,"owner_count":108.0,"top_owner":"LANE PATRICIA H LIVING TRUST","top_owner_state":"AZ","top_operator":"SAXUM OPCO LLC","max_propensity_score":7.0,"field_name":"Unknown","production_trend":null},"geometry":{"type":"MultiPolygon","coordinates":[[[[-102.04618128280556,31.250303999843684],[-102.04655343236989,31.264735591878363],[-102.0374468770598,31.264701912742023],[-102.02897433471094,31.26478271239529],[-102.02898892245284,31.255911964455247],[-102.02901497269777,31.250295684946245],[-102.04618128280556,31.250303999843684]]],[[[-102.02897433471094,31.26478271239529],[-102.02900672706177,31.26788472268426],[-102.02865514981576,31.26747401688685],[-102.02847936119275,31.267251918647485],[-102.02833379818412,31.26706112172109],[-102.02802822995201,31.26671361593813],[-102.02727993871024,31.265791326617208],[-102.02687517940278,31.265270921982857],[-102.02647912477043,31.264771068563427],[-102.02687899544611,31.26476876651847],[-102.02897433471094,31.26478271239529]]],[[[-102.02702264414488,31.265942831359926],[-102.02777571891554,31.266871020842636],[-102.02807860208326,31.26721547234487],[-102.02821990348419,31.267400685235366],[-102.02840041994052,31.267628757664266],[-102.02901150879403,31.26834261837722],[-102.02912717676831,31.279424850190143],[-102.01218887884257,31.279390753272075],[-102.01213070304644,31.275274477108383],[-102.01203412876352,31.26485314126868],[-102.02610262107193,31.264773236232855],[-102.02616458416526,31.264849635989695],[-102.02687358219819,31.265752924030757],[-102.02702264414488,31.265942831359926]]]]}},{"type":"Feature","properties":{"ABSTRACT_L":"B2--S5","ABSTRACT_N":"B2--S5","LEVEL1_SUR":"BLK 2.5 SEC 5","LEVEL2_BLO":"2","LEVEL3_SUR":"5","Surv_Sect":"5","SHAPE_AREA":1277.0608977120778,"owner_count":927.0,"top_owner":"BROADMOOR LAND & MINERALS LLC","top_owner_state":"MS","top_operator":"CIVITAS","max_propensity_score":10.0,"field_name":"Unknown","production_trend":null},"geometry":{"type":"MultiPolygon","coordinates":[[[[-102.04618128280556,31.250303999843684],[-102.06297865123291,31.250315920396293],[-102.06303589906935,31.261344338687184],[-102.06297835299225,31.264763885230717],[-102.04655343236989,31.264735591878363],[-102.04618128280556,31.250303999843684]]],[[[-101.99497995894589,31.26483724427079],[-102.00041974487812,31.264842633877812],[-102.01203412876352,31.26485314126868],[-102.01213070304644,31.275274477108383],[-102.01218887884257,31.279390753272075],[-102.00041966402974,31.27937154668738],[-101.99491746404988,31.2794011523267],[-101.99496892224431,31.275333110512488],[-101.99497995894589,31.26483724427079]]]]}},{"type":"Feature","properties":{"ABSTRACT_L":"B2--S50","ABSTRACT_N":"B2--S50","LEVEL1_SUR":null,"LEVEL2_BLO":"2","LEVEL3_SUR":"50","Surv_Sect":"50","SHAPE_AREA":635.5386312340707,"owner_count":0.0,"top_owner":"","top_owner_state":"","top_operator":"","max_propensity_score":0.0,"field_name":"Unknown","production_trend":null},"geometry":{"type":"Polygon","coordinates":[[[-102.0632909774909,31.20525348069945],[-102.06301378703861,31.21984166432617],[-102.04661815778273,31.2198578784941],[-102.0468486457217,31.204800313327127],[-102.0632909774909,31.20525348069945]]]}},{"type":"Feature","properties":{"ABSTRACT_L":"A-1423","ABSTRACT_N":"1423","LEVEL1_SUR":"MK&TE","LEVEL2_BLO":"2","LEVEL3_SUR":"6","Surv_Sect":"6","SHAPE_AREA":1350.9200659726287,"owner_count":2.0,"top_owner":"PETX OPERATING LLC","top_owner_state":"TX","top_operator":"PETX OPERATING LLC","max_propensity_score":3.0,"field_name":"Unknown","production_trend":null},"geometry":{"type":"MultiPolygon","coordinates":[[[[-102.04612887149862,31.24817539984469],[-102.06478162480538,31.248337250094888],[-102.06470937151043,31.249253861754028],[-102.06298265771909,31.249297214580203],[-102.06297865123291,31.250315920396293],[-102.04618128280556,31.250303999843684],[-102.04612887149862,31.24817539984469]]],[[[-101.99497995894589,31.26483724427079],[-101.99496892224431,31.275333110512488],[-101.99491746404988,31.2794011523267],[-101.97797118728778,31.279336407924614],[-101.97799476177578,31.27832843754677],[-101.97806944231861,31.275457155881664],[-101.97817757342767,31.26482365545682],[-101.99497995894589,31.26483724427079]]],[[[-101.97462689423229,31.31465398244727],[-101.9755105328413,31.31738366946573],[-101.97678203793886,31.321311289673094],[-101.97893744934336,31.327968574356998],[-101.9786483059079,31.328037670726594],[-101.97822411334592,31.328139036941142],[-101.97370397229591,31.329219086795597],[-101.96244116026662,31.331823808126224],[-101.95827287134712,31.31834481379299],[-101.97462689423229,31.31465398244727]]]]}},{"type":"Feature","properties":{"ABSTRACT_L":"A-329","ABSTRACT_N":"329","LEVEL1_SUR":"MK&TE","LEVEL2_BLO":"2","LEVEL3_SUR":"7","Surv_Sect":"7","SHAPE_AREA":645.8530722228286,"owner_count":803.0,"top_owner":"BROADMOOR LAND & MINERALS LLC","top_owner_state":"MS","top_operator":"SAXUM OPCO LLC","max_propensity_score":9.0,"field_name":"Unknown","production_trend":null},"geometry":{"type":"Polygon","coordinates":[[[-101.9948646260432,31.28653958897257],[-101.9948097731153,31.29394231926255],[-101.9875292071136,31.293909246229905],[-101.98629858344628,31.293924883477434],[-101.97779216293313,31.29412432858518],[-101.9778664877431,31.292986406836786],[-101.97797118728778,31.279336407924614],[-101.99491746404988,31.2794011523267],[-101.9948646260432,31.28653958897257]]]}},{"type":"Feature","properties":{"ABSTRACT_L":"A-1424","ABSTRACT_N":"1424","LEVEL1_SUR":"MK&TE","LEVEL2_BLO":"2","LEVEL3_SUR":"8","Surv_Sect":"8","SHAPE_AREA":659.8929572859658,"owner_count":657.0,"top_owner":"BROADMOOR LAND & MINERALS LLC","top_owner_state":"MS","top_operator":"SAXUM OPCO LLC","max_propensity_score":8.0,"field_name":"Unknown","production_trend":null},"geometry":{"type":"Polygon","coordinates":[[[-102.01218887884257,31.279390753272075],[-102.01228452606412,31.29394354976179],[-101.9948097731153,31.29394231926255],[-101.9948646260432,31.28653958897257],[-101.99491746404988,31.2794011523267],[-102.00041966402974,31.27937154668738],[-102.01218887884257,31.279390753272075]]]}},{"type":"Feature","properties":{"ABSTRACT_L":"A-330","ABSTRACT_N":"330","LEVEL1_SUR":"MK&TE","LEVEL2_BLO":"2","LEVEL3_SUR":"9","Surv_Sect":"9","SHAPE_AREA":637.0934469988242,"owner_count":2.0,"top_owner":"SAXUM OPCO LLC","top_owner_state":"TX","top_operator":"SAXUM OPCO LLC","max_propensity_score":2.0,"field_name":"Unknown","production_trend":null},"geometry":{"type":"Polygon","coordinates":[[[-102.02912717676831,31.279424850190143],[-102.02897066958458,31.293905339028615],[-102.01421231695205,31.293958284279405],[-102.01228452606412,31.29394354976179],[-102.01218887884257,31.279390753272075],[-102.02912717676831,31.279424850190143]]]}},{"type":"Feature","properties":{"ABSTRACT_L":"A-333","ABSTRACT_N":"333","LEVEL1_SUR":"BLK 3 SEC 1, 3, 7 A-333/4","LEVEL2_BLO":"3","LEVEL3_SUR":"1","Surv_Sect":"1","SHAPE_AREA":1883.8161549904635,"owner_count":15.0,"top_owner":"MEKUSUKEY OIL CO LLC","top_owner_state":"OK","top_operator":"TRES ROUGHNECKAS WTX","max_propensity_score":8.0,"field_name":"Unknown","production_trend":null},"geometry":{"type":"MultiPolygon","coordinates":[[[[-102.15087024802587,31.19110671609768],[-102.15554751340221,31.191118861591544],[-102.15934103237173,31.19112858643858],[-102.16813605014465,31.19124626584556],[-102.1678414817832,31.205860493654278],[-102.15950331033285,31.20584374846854],[-102.1509379756084,31.205825984461757],[-102.15087024802587,31.19110671609768]]],[[[-102.25236113178299,31.2065254120486],[-102.25236449687202,31.221468919592994],[-102.23537634334632,31.221267514069677],[-102.23549395617322,31.20667378256435],[-102.25236113178299,31.2065254120486]]],[[[-102.13155856339024,31.293261858374706],[-102.131560830738,31.29347373659864],[-102.114882976871,31.293575504637577],[-102.11510462538759,31.28023813158147],[-102.13170135240127,31.280271486562036],[-102.13168626070448,31.281725957533684],[-102.13167671610461,31.28305896342273],[-102.13166369232961,31.284506458307032],[-102.13164467050348,31.285781290874425],[-102.1316107761695,31.287085051531623],[-102.1315950781099,31.288530876347558],[-102.13159078955273,31.289970160063962],[-102.13157438631563,31.29125447439616],[-102.13157298674042,31.292133418820097],[-102.13155856339024,31.293261858374706]]]]}},{"type":"Feature","properties":{"ABSTRACT_L":"B3--S10","ABSTRACT_N":"B3--S10","LEVEL1_SUR":"UL","LEVEL2_BLO":"3","LEVEL3_SUR":"10","Surv_Sect":"10","SHAPE_AREA":1336.0510226566596,"owner_count":2.0,"top_owner":"COMPTROLLER OF PUBLIC ACCTS","top_owner_state":"TX","top_operator":"PIONEER NATURAL RES","max_propensity_score":1.0,"field_name":"Unknown","production_trend":null},"geometry":{"type":"MultiPolygon","coordinates":[[[[-102.26913107733965,31.235772627396848],[-102.2853224521578,31.235863410935114],[-102.28587308259604,31.250289440516994],[-102.26903820052243,31.250244054539536],[-102.26913107733965,31.235772627396848]]],[[[-102.18447537120188,31.249730992109864],[-102.20152462992986,31.249820416728014],[-102.20108389309527,31.26585960859325],[-102.18417427657991,31.265891524330208],[-102.18447537120188,31.249730992109864]]]]}},{"type":"Feature","properties":{"ABSTRACT_L":"B3--S11","ABSTRACT_N":"B3--S11","LEVEL1_SUR":null,"LEVEL2_BLO":"3","LEVEL3_SUR":"11","Surv_Sect":"11","SHAPE_AREA":1359.7535935419912,"owner_count":0.0,"top_owner":"","top_owner_state":"","top_operator":"","max_propensity_score":0.0,"field_name":"Unknown","production_trend":null},"geometry":{"type":"MultiPolygon","coordinates":[[[[-102.2853224521578,31.235863410935114],[-102.2923257010448,31.23583850390368],[-102.30292457094255,31.23596345069401],[-102.30285088573305,31.25038066628102],[-102.28587308259604,31.250289440516994],[-102.2853224521578,31.235863410935114]]],[[[-102.20108389309527,31.26585960859325],[-102.20152462992986,31.249820416728014],[-102.21843899224487,31.249954440987352],[-102.21834113876098,31.254602106281002],[-102.21818237950082,31.265879267889943],[-102.21117891411983,31.265812752755018],[-102.20108389309527,31.26585960859325]]]]}},{"type":"Feature","properties":{"ABSTRACT_L":"B3--S12","ABSTRACT_N":"B3--S12","LEVEL1_SUR":"BLK 3 SEC 12 A-U12","LEVEL2_BLO":"3","LEVEL3_SUR":"12","Surv_Sect":"12","SHAPE_AREA":1319.3107233568214,"owner_count":11.0,"top_owner":"CHEVRON ADVANTAGE","top_owner_state":"TX","top_operator":"PIONEER NATURAL RES","max_propensity_score":1.0,"field_name":"Unknown","production_trend":null},"geometry":{"type":"MultiPolygon","coordinates":[[[[-102.21843899224487,31.249954440987352],[-102.20152462992986,31.249820416728014],[-102.20151737872888,31.235370870807042],[-102.21861522463563,31.235540396329075],[-102.21843899224487,31.249954440987352]]],[[[-102.26903820052243,31.250244054539536],[-102.28587308259604,31.250289440516994],[-102.28578080585343,31.265647841089272],[-102.26890682191213,31.265749992370875],[-102.26903820052243,31.250244054539536]]]]}},{"type":"Feature","properties":{"ABSTRACT_L":"A-339","ABSTRACT_N":"339","LEVEL1_SUR":"BLK 3 SEC 13 A-339","LEVEL2_BLO":"3","LEVEL3_SUR":"13","Surv_Sect":"13","SHAPE_AREA":1067.695559733832,"owner_count":40.0,"top_owner":"MEKUSUKEY OIL CO LLC","top_owner_state":"OK","top_operator":"TRES ROUGHNECKAS WTX","max_propensity_score":8.0,"field_name":"Unknown","production_trend":null},"geometry":{"type":"MultiPolygon","coordinates":[[[[-102.20150449329446,31.222566944500755],[-102.20150283410612,31.220917274670303],[-102.2162488654462,31.22103149461879],[-102.21858536733053,31.221049437836385],[-102.21861522463563,31.235540396329075],[-102.20151737872888,31.235370870807042],[-102.20150962357305,31.22766518964105],[-102.20222892887554,31.227664651927647],[-102.20222794072875,31.2266904346565],[-102.20309957155735,31.2266897778712],[-102.20310045909285,31.227556692072813],[-102.20272535047796,31.2275569755249],[-102.20272640689676,31.228593947480057],[-102.2108610479515,31.228587571797885],[-102.21085883180768,31.22658051638947],[-102.21159715713969,31.226579911839043],[-102.21159938945317,31.22858696649212],[-102.21618525574092,31.22858312111054],[-102.21617839979868,31.22267203006401],[-102.20150449329446,31.222566944500755]]],[[[-102.1869200634841,31.2805857226668],[-102.18424036383873,31.28060206843709],[-102.18417427657991,31.265891524330208],[-102.20108389309527,31.26585960859325],[-102.20080672150763,31.28055745478804],[-102.19478559083927,31.28056336785777],[-102.1869200634841,31.2805857226668]]]]}},{"type":"Feature","properties":{"ABSTRACT_L":"B3--S14","ABSTRACT_N":"B3--S14","LEVEL1_SUR":"BLK 3 SEC 14 A-U14","LEVEL2_BLO":"3","LEVEL3_SUR":"14","Surv_Sect":"14","SHAPE_AREA":1308.772780669835,"owner_count":92.0,"top_owner":"FRANCO-NEVADA TEXAS LP","top_owner_state":"CO","top_operator":"FIREBIRD ENERGY II","max_propensity_score":7.0,"field_name":"Unknown","production_trend":null},"geometry":{"type":"MultiPolygon","coordinates":[[[[-102.21881642300475,31.20646954033598],[-102.21858536733053,31.221049437836385],[-102.2162488654462,31.22103149461879],[-102.20150283410612,31.220917274670303],[-102.20151359412661,31.219935025967754],[-102.20152421041664,31.2189660198423],[-102.20162119433134,31.21011236638993],[-102.20166334508109,31.20626393540696],[-102.21881642300475,31.20646954033598]]],[[[-102.21117891411983,31.265812752755018],[-102.21818237950082,31.265879267889943],[-102.21780638963864,31.28063398532858],[-102.21093889775062,31.280560912651783],[-102.20080672150763,31.28055745478804],[-102.20108389309527,31.26585960859325],[-102.21117891411983,31.265812752755018]]]]}},{"type":"Feature","properties":{"ABSTRACT_L":"B3--S15","ABSTRACT_N":"B3--S15","LEVEL1_SUR":"UL","LEVEL2_BLO":"3","LEVEL3_SUR":"15","Surv_Sect":"15","SHAPE_AREA":1293.0924609103376,"owner_count":6.0,"top_owner":"COMPTROLLER OF PUBLIC ACCTS","top_owner_state":"TX","top_operator":"PIONEER NATURAL RES","max_propensity_score":1.0,"field_name":"Unknown","production_trend":null},"geometry":{"type":"MultiPolygon","coordinates":[[[[-102.23549395617322,31.20667378256435],[-102.23537634334632,31.221267514069677],[-102.21858536733053,31.221049437836385],[-102.21881642300475,31.20646954033598],[-102.22731276172549,31.206554335969496],[-102.23549395617322,31.20667378256435]]],[[[-102.21818237950082,31.265879267889943],[-102.23492678146238,31.265774985190994],[-102.23486273337926,31.275516559248263],[-102.23482562397488,31.28077328927063],[-102.21780638963864,31.28063398532858],[-102.21818237950082,31.265879267889943]]]]}},{"type":"Feature","properties":{"ABSTRACT_L":"B3--S16","ABSTRACT_N":"B3--S16","LEVEL1_SUR":"UL","LEVEL2_BLO":"3","LEVEL3_SUR":"16","Surv_Sect":"16","SHAPE_AREA":1258.0788789756307,"owner_count":76.0,"top_owner":"APOGEE ASSETS LLC","top_owner_state":"FL","top_operator":"CIVITAS PERMIAN OP","max_propensity_score":7.0,"field_name":"Unknown","production_trend":null},"geometry":{"type":"MultiPolygon","coordinates":[[[[-102.23530857803455,31.235703898133156],[-102.21861522463563,31.235540396329075],[-102.21858536733053,31.221049437836385],[-102.23537634334632,31.221267514069677],[-102.23530857803455,31.235703898133156]]],[[[-102.25203358626744,31.265849244902647],[-102.25372827601726,31.265863089263462],[-102.25367565899612,31.276344374371405],[-102.24520652126216,31.278356209359554],[-102.23835912828034,31.279950657623203],[-102.23482562397488,31.28077328927063],[-102.23486273337926,31.275516559248263],[-102.23492678146238,31.265774985190994],[-102.25203358626744,31.265849244902647]]]]}},{"type":"Feature","properties":{"ABSTRACT_L":"B3--S17","ABSTRACT_N":"B3--S17","LEVEL1_SUR":"UL","LEVEL2_BLO":"3","LEVEL3_SUR":"17","Surv_Sect":"17","SHAPE_AREA":668.7024756629978,"owner_count":2.0,"top_owner":"COMPTROLLER OF PUBLIC ACCTS","top_owner_state":"TX","top_operator":"PIONEER NAT RESOURCE","max_propensity_score":1.0,"field_name":"Unknown","production_trend":null},"geometry":{"type":"Polygon","coordinates":[[[-102.20168406023153,31.203044416394295],[-102.2017589949976,31.19138467038714],[-102.21891073083823,31.191488946068745],[-102.21881642300475,31.20646954033598],[-102.20166334508109,31.20626393540696],[-102.20168406023153,31.203044416394295]]]}},{"type":"Feature","properties":{"ABSTRACT_L":"A-986","ABSTRACT_N":"986","LEVEL1_SUR":"MK&T","LEVEL2_BLO":"3","LEVEL3_SUR":"18","Surv_Sect":"18","SHAPE_AREA":653.5061066365934,"owner_count":1.0,"top_owner":"XOG OPERATING LLC","top_owner_state":"TX","top_operator":"XOG OPERATING LLC","max_propensity_score":4.0,"field_name":"Unknown","production_trend":null},"geometry":{"type":"Polygon","coordinates":[[[-102.21891073083823,31.191488946068745],[-102.23552443511248,31.191573573774463],[-102.2355291368947,31.1989391762877],[-102.23549365613589,31.20270091566954],[-102.23549395617322,31.20667378256435],[-102.22731276172549,31.206554335969496],[-102.21881642300475,31.20646954033598],[-102.21891073083823,31.191488946068745]]]}},{"type":"Feature","properties":{"ABSTRACT_L":"A-855","ABSTRACT_N":"855","LEVEL1_SUR":"MK&TE","LEVEL2_BLO":"3","LEVEL3_SUR":"2","Surv_Sect":"2","SHAPE_AREA":1960.7739788706099,"owner_count":2.0,"top_owner":"SUMMIT PETROLEUM LLC","top_owner_state":"TX","top_operator":"SAXUM OPCO LLC","max_propensity_score":2.0,"field_name":"Unknown","production_trend":null},"geometry":{"type":"MultiPolygon","coordinates":[[[[-102.16821855411528,31.17659771747152],[-102.16813605014465,31.19124626584556],[-102.15934103237173,31.19112858643858],[-102.15554751340221,31.191118861591544],[-102.15087024802587,31.19110671609768],[-102.1510620122879,31.184144099196107],[-102.15107233752377,31.183769139721914],[-102.15122443757272,31.176788675563934],[-102.16821855411528,31.17659771747152]]],[[[-102.23537634334632,31.221267514069677],[-102.25236449687202,31.221468919592994],[-102.25200020846475,31.235941831134383],[-102.25092678997218,31.235926594438183],[-102.23530857803455,31.235703898133156],[-102.23537634334632,31.221267514069677]]],[[[-102.13431708481187,31.29345680045184],[-102.13190960703695,31.293471584941322],[-102.13190736394368,31.29326212550937],[-102.13192176303937,31.29213526652358],[-102.13192315902134,31.29125632134915],[-102.13193955597022,31.28997218437048],[-102.13194384003582,31.288532655799305],[-102.13195950126448,31.2870897904115],[-102.13199337763216,31.285786552616138],[-102.13201242730607,31.284509533711585],[-102.132025453776,31.283061040849688],[-102.13203499298601,31.281728213101612],[-102.13205009456425,31.280272290379592],[-102.15028690543657,31.28039043383062],[-102.14966288533456,31.294884645186873],[-102.13517168448101,31.29507651345373],[-102.1343105801109,31.295087863386684],[-102.13431708481187,31.29345680045184]]]]}},{"type":"Feature","properties":{"ABSTRACT_L":"B3--S218","ABSTRACT_N":"B3--S218","LEVEL1_SUR":null,"LEVEL2_BLO":"3","LEVEL3_SUR":"218","Surv_Sect":"218","SHAPE_AREA":219.73375067893127,"owner_count":0.0,"top_owner":"","top_owner_state":"","top_operator":"","max_propensity_score":0.0,"field_name":"Unknown","production_trend":null},"geometry":{"type":"Polygon","coordinates":[[[-102.20150962357305,31.22766518964105],[-102.20150449329446,31.222566944500755],[-102.21617839979868,31.22267203006401],[-102.21618525574092,31.22858312111054],[-102.21159938945317,31.22858696649212],[-102.21159715713969,31.226579911839043],[-102.21085883180768,31.22658051638947],[-102.2108610479515,31.228587571797885],[-102.20272640689676,31.228593947480057],[-102.20272535047796,31.2275569755249],[-102.20310045909285,31.227556692072813],[-102.20309957155735,31.2266897778712],[-102.20222794072875,31.2266904346565],[-102.20222892887554,31.227664651927647],[-102.20150962357305,31.22766518964105]]]}},{"type":"Feature","properties":{"ABSTRACT_L":"B3--S3","ABSTRACT_N":"B3--S3","LEVEL1_SUR":null,"LEVEL2_BLO":"3","LEVEL3_SUR":"3","Surv_Sect":"3","SHAPE_AREA":1275.8057825354867,"owner_count":0.0,"top_owner":"","top_owner_state":"","top_operator":"","max_propensity_score":0.0,"field_name":"Unknown","production_trend":null},"geometry":{"type":"MultiPolygon","coordinates":[[[[-102.18500886537777,31.195010610216723],[-102.18499402520928,31.19597843562062],[-102.184844727904,31.20608617688579],[-102.18011767609799,31.20602365879137],[-102.1678414817832,31.205860493654278],[-102.16813605014465,31.19124626584556],[-102.18506108803851,31.191437418012423],[-102.18500886537777,31.195010610216723]]],[[[-102.23530857803455,31.235703898133156],[-102.25092678997218,31.235926594438183],[-102.25200020846475,31.235941831134383],[-102.25202743370606,31.250149732919446],[-102.2349622586279,31.250176941649993],[-102.23499646557559,31.249594323365557],[-102.23522570395801,31.24568958925249],[-102.23536822077952,31.24012564951328],[-102.23530857803455,31.235703898133156]]]]}},{"type":"Feature","properties":{"ABSTRACT_L":"B3--S4","ABSTRACT_N":"B3--S4","LEVEL1_SUR":"UL","LEVEL2_BLO":"3","LEVEL3_SUR":"4","Surv_Sect":"4","SHAPE_AREA":1275.8181053192282,"owner_count":68.0,"top_owner":"VIRANI FAMILY TRUST","top_owner_state":"CA","top_operator":"CIVITAS PERMIAN OPER","max_propensity_score":6.0,"field_name":"Unknown","production_trend":null},"geometry":{"type":"MultiPolygon","coordinates":[[[[-102.1850970350229,31.176843247464912],[-102.18506108803851,31.191437418012423],[-102.16813605014465,31.19124626584556],[-102.16821855411528,31.17659771747152],[-102.1850970350229,31.176843247464912]]],[[[-102.21861522463563,31.235540396329075],[-102.23530857803455,31.235703898133156],[-102.23536822077952,31.24012564951328],[-102.23522570395801,31.24568958925249],[-102.23499646557559,31.249594323365557],[-102.2349622586279,31.250176941649993],[-102.21843899224487,31.249954440987352],[-102.21861522463563,31.235540396329075]]]]}},{"type":"Feature","properties":{"ABSTRACT_L":"B3--S5","ABSTRACT_N":"B3--S5","LEVEL1_SUR":null,"LEVEL2_BLO":"3","LEVEL3_SUR":"5","Surv_Sect":"5","SHAPE_AREA":1316.1420540932193,"owner_count":0.0,"top_owner":"","top_owner_state":"","top_operator":"","max_propensity_score":0.0,"field_name":"Unknown","production_trend":null},"geometry":{"type":"MultiPolygon","coordinates":[[[[-102.20192825107185,31.177132091269684],[-102.2017589949976,31.19138467038714],[-102.18546933909747,31.191436154670185],[-102.18506108803851,31.191437418012423],[-102.1850970350229,31.176843247464912],[-102.20192825107185,31.177132091269684]]],[[[-102.21834113876098,31.254602106281002],[-102.21843899224487,31.249954440987352],[-102.2349622586279,31.250176941649993],[-102.23492678146238,31.265774985190994],[-102.21818237950082,31.265879267889943],[-102.21834113876098,31.254602106281002]]]]}},{"type":"Feature","properties":{"ABSTRACT_L":"B3--S6","ABSTRACT_N":"B3--S6","LEVEL1_SUR":"BLK 3 SEC 6 A-U6","LEVEL2_BLO":"3","LEVEL3_SUR":"6","Surv_Sect":"6","SHAPE_AREA":1343.7732027581856,"owner_count":1318.0,"top_owner":"DRIFTWOOD LLC","top_owner_state":"OK","top_operator":"CIVITAS RESOURCES","max_propensity_score":10.0,"field_name":"Unknown","production_trend":null},"geometry":{"type":"MultiPolygon","coordinates":[[[[-102.20168406023153,31.203044416394295],[-102.20166334508109,31.20626393540696],[-102.1996645279969,31.206242924490873],[-102.184844727904,31.20608617688579],[-102.18500886537777,31.195010610216723],[-102.18506108803851,31.191437418012423],[-102.18546933909747,31.191436154670185],[-102.2017589949976,31.19138467038714],[-102.20168406023153,31.203044416394295]]],[[[-102.25202743370606,31.250149732919446],[-102.25203358626744,31.265849244902647],[-102.23492678146238,31.265774985190994],[-102.2349622586279,31.250176941649993],[-102.25202743370606,31.250149732919446]]]]}},{"type":"Feature","properties":{"ABSTRACT_L":"B3--S7","ABSTRACT_N":"B3--S7","LEVEL1_SUR":"UL","LEVEL2_BLO":"3","LEVEL3_SUR":"7","Surv_Sect":"7","SHAPE_AREA":1334.1538614910091,"owner_count":514.0,"top_owner":"BROADMOOR LAND & MINERALS LLC","top_owner_state":"MS","top_operator":"PIONEER NAT RES USA","max_propensity_score":9.0,"field_name":"Unknown","production_trend":null},"geometry":{"type":"MultiPolygon","coordinates":[[[[-102.20162119433134,31.21011236638993],[-102.20152421041664,31.2189660198423],[-102.20151359412661,31.219935025967754],[-102.20150283410612,31.220917274670303],[-102.18468031195249,31.22075189433885],[-102.18471684463847,31.217482473255522],[-102.18472946866316,31.21635268883192],[-102.184844727904,31.20608617688579],[-102.1996645279969,31.206242924490873],[-102.20166334508109,31.20626393540696],[-102.20162119433134,31.21011236638993]]],[[[-102.25202743370606,31.250149732919446],[-102.26903820052243,31.250244054539536],[-102.26890682191213,31.265749992370875],[-102.25372827601726,31.265863089263462],[-102.25203358626744,31.265849244902647],[-102.25202743370606,31.250149732919446]]]]}},{"type":"Feature","properties":{"ABSTRACT_L":"B3--S8","ABSTRACT_N":"B3--S8","LEVEL1_SUR":null,"LEVEL2_BLO":"3","LEVEL3_SUR":"8","Surv_Sect":"8","SHAPE_AREA":1275.3433783044538,"owner_count":0.0,"top_owner":"","top_owner_state":"","top_operator":"","max_propensity_score":0.0,"field_name":"Unknown","production_trend":null},"geometry":{"type":"MultiPolygon","coordinates":[[[[-102.18468031195249,31.22075189433885],[-102.20150283410612,31.220917274670303],[-102.20150449329446,31.222566944500755],[-102.20150962357305,31.22766518964105],[-102.20151737872888,31.235370870807042],[-102.19914968374465,31.235351993995184],[-102.18582850980258,31.235244979237617],[-102.18463575192114,31.235235331128177],[-102.18468031195249,31.22075189433885]]],[[[-102.2521070918139,31.235940782685073],[-102.25228785081536,31.23593900915435],[-102.25247015851238,31.23593722026167],[-102.26913107733965,31.235772627396848],[-102.26903820052243,31.250244054539536],[-102.25202743370606,31.250149732919446],[-102.25200020846475,31.235941831134383],[-102.2521070918139,31.235940782685073]]]]}},{"type":"Feature","properties":{"ABSTRACT_L":"B3--S9","ABSTRACT_N":"B3--S9","LEVEL1_SUR":"UL","LEVEL2_BLO":"3","LEVEL3_SUR":"9","Surv_Sect":"9","SHAPE_AREA":1263.4085279793903,"owner_count":60.0,"top_owner":"VIRANI FAMILY TRUST","top_owner_state":"CA","top_operator":"CIVITAS PERMIAN OPER","max_propensity_score":6.0,"field_name":"Unknown","production_trend":null},"geometry":{"type":"MultiPolygon","coordinates":[[[[-102.25236449687202,31.221468919592994],[-102.26435309195534,31.221495827763707],[-102.26467246280176,31.221497147552128],[-102.26455765361689,31.221593777066314],[-102.26443748328637,31.221685465351218],[-102.26431223927116,31.221771993481404],[-102.26418222071018,31.22185315405459],[-102.26404773842059,31.221928752727724],[-102.26390911489753,31.221998608985356],[-102.26376668251766,31.222062555370886],[-102.26362077994582,31.22212043825498],[-102.26347175842335,31.22217212090797],[-102.26333816726249,31.22221817258084],[-102.26320710665581,31.22226931282703],[-102.26307883891133,31.22232543946696],[-102.26295362094726,31.222386440333857],[-102.2628317033935,31.22245219327374],[-102.26271332879527,31.222522566913906],[-102.26259873610438,31.2225974198946],[-102.26248815349288,31.222676603173877],[-102.26227240421278,31.22283546425506],[-102.26205350723593,31.2229911116887],[-102.26183152454607,31.22314349863063],[-102.26160652351686,31.22329258130928],[-102.26145995349678,31.22339242696419],[-102.26131865029922,31.223497732081874],[-102.26118288791034,31.223608289999625],[-102.26105293402807,31.223723886372962],[-102.26092903748577,31.22384429610274],[-102.26081144172689,31.22396928410377],[-102.2607003767201,31.22409860837781],[-102.26059605536615,31.22423201617259],[-102.26049868337923,31.2243692485911],[-102.26040844940557,31.22451003828745],[-102.26032552861665,31.224654110234944],[-102.26025008360752,31.224801186335487],[-102.26018226080356,31.22495097850608],[-102.26009965622161,31.225136543939595],[-102.26001003759391,31.225319690006586],[-102.2599134992436,31.22550022160353],[-102.25981014627354,31.22567794439634],[-102.25970008648154,31.22585266866121],[-102.25958343844528,31.226024207748154],[-102.25946032882717,31.226192378849046],[-102.25933088608632,31.226357001461363],[-102.25919525125816,31.226517899692425],[-102.25910259003662,31.22662978608494],[-102.25901648472,31.22674547555215],[-102.25893714731075,31.226864684625866],[-102.2588647700483,31.22698712062109],[-102.25879953259575,31.2271124854765],[-102.25874159305654,31.22724047037807],[-102.25869109426286,31.227370761904048],[-102.25864815928384,31.22750304125709],[-102.25861289412074,31.227636984264343],[-102.2585853850118,31.227772262914044],[-102.25856569933066,31.22790854535519],[-102.25854465449851,31.228066120962687],[-102.25851793321206,31.228223060273056],[-102.25845269486119,31.228583446039913],[-102.25839289491103,31.22894452868226],[-102.2583489062082,31.22920469589577],[-102.25829923745782,31.22946410653601],[-102.25824390572791,31.229722669968],[-102.25818293257798,31.229980294789662],[-102.25811633777101,31.230236891136165],[-102.25802046597065,31.230575722944856],[-102.25791697016844,31.230912896670013],[-102.25780589168694,31.231248283283165],[-102.25775105403042,31.231396383026695],[-102.25768899571564,31.231542363266055],[-102.25761982633708,31.23168596438344],[-102.25754367076054,31.23182693137115],[-102.25746066373335,31.23196501306332],[-102.25737095347752,31.232099962904275],[-102.2572746980965,31.232231542020557],[-102.25717207096517,31.232359515380324],[-102.25706325264493,31.232483654865828],[-102.25694843896845,31.232603740809214],[-102.25682783115842,31.232719558920298],[-102.2567016475054,31.23283090259042],[-102.25657010989329,31.232937573660678],[-102.25643345278237,31.23303938318981],[-102.25629192051441,31.233136149149612],[-102.25614576461768,31.233227699497554],[-102.25599524470532,31.23331387140806],[-102.25584062847526,31.233394511272838],[-102.2555710746012,31.233524364169586],[-102.2552975501736,31.233647935256936],[-102.2550202528218,31.23376513392228],[-102.25473938287013,31.233875875696995],[-102.25445514513446,31.233980079952303],[-102.25428945267693,31.23404217015789],[-102.25412701032408,31.234110306113624],[-102.2539681136217,31.234184360300297],[-102.25381305721714,31.2342641982851],[-102.25366212497804,31.234349672576613],[-102.25351559448383,31.234440626465805],[-102.2533737343308,31.234536893257754],[-102.25323680503035,31.23463829396768],[-102.25310506080574,31.234744645770245],[-102.25297873971047,31.234855749709862],[-102.25285807800152,31.23497140452696],[-102.25272295072155,31.2351119833302],[-102.2525941619542,31.235256887865226],[-102.25247189675245,31.235405908421075],[-102.25235633567767,31.235558826838396],[-102.25224764581651,31.235715419582277],[-102.2521459834758,31.23587546158245],[-102.2521070918139,31.235940782685073],[-102.25200020846475,31.235941831134383],[-102.25236449687202,31.221468919592994]]],[[[-102.25265858193985,31.235662396325573],[-102.25276116774867,31.23552945400452],[-102.25286916500876,31.235399716774175],[-102.25298244076946,31.235273345948706],[-102.25310085040199,31.23515049977044],[-102.25321235737991,31.235043620738644],[-102.25332909255275,31.234940946181116],[-102.25345084122321,31.23484266506501],[-102.25357738060907,31.234748956372343],[-102.25370847625007,31.234659996012876],[-102.253843888296,31.23457594222981],[-102.25398336881186,31.234496953266092],[-102.25412665998113,31.234423174306723],[-102.2542735003941,31.234354738246548],[-102.25442361696292,31.23429177337117],[-102.25457673749804,31.23423439413983],[-102.25482043965485,31.234145604584203],[-102.25506176217446,31.234052140995427],[-102.25530058378432,31.233954047910007],[-102.25553678231354,31.233851374472696],[-102.25577024187947,31.23374417443639],[-102.25600084300616,31.233632500785593],[-102.25616699719775,31.23354584218129],[-102.25632875054276,31.233453239056054],[-102.25648581468197,31.23335485576921],[-102.25663791023936,31.233250868201353],[-102.25678476502537,31.233141461450323],[-102.2569261194269,31.23302682906317],[-102.25706172011905,31.23290717610872],[-102.25719132814991,31.232782714569133],[-102.25731470995758,31.232653666412524],[-102.25743164994631,31.232520262056823],[-102.25754193521543,31.232382738065716],[-102.25764537352545,31.23224133945295],[-102.25774177892511,31.232096318146542],[-102.2578309807345,31.231947931452428],[-102.25791281815519,31.231796443590888],[-102.25798714925338,31.23164212569672],[-102.25805383838343,31.231485250442656],[-102.2581127678661,31.23132609818423],[-102.25822554326517,31.23098558761876],[-102.25833061830565,31.23064326455727],[-102.25842795435993,31.2302992549552],[-102.25849585621562,31.230037618225662],[-102.25855802681981,31.229774931485807],[-102.25861444461292,31.22951128844082],[-102.25866508713705,31.229246780492566],[-102.25870994001919,31.22898150211623],[-102.2587691551661,31.228623945443108],[-102.2588337548148,31.228267078758417],[-102.25886191250738,31.228101699764625],[-102.25888408742018,31.227935649877885],[-102.25890182285885,31.227812872511844],[-102.25892660468257,31.22769099988087],[-102.25895837539923,31.22757033003569],[-102.25899705505873,31.22745115872387],[-102.25904255023629,31.227333778621908],[-102.25909474774419,31.22721847703032],[-102.25915352002167,31.227105535873967],[-102.25921872423655,31.226995231701544],[-102.25929020048876,31.22688783568563],[-102.25936777270849,31.226783610550072],[-102.2594512504529,31.226682811337852],[-102.25959302257102,31.226514634196057],[-102.25972831963261,31.226342562887393],[-102.2598569997038,31.22616678328874],[-102.25997892354573,31.22598748435056],[-102.26009396269934,31.22580485425631],[-102.26020199140046,31.225619091944896],[-102.26030289646137,31.22543039251559],[-102.26039656918594,31.22523895951903],[-102.26048290986117,31.22504499881172],[-102.26054561316631,31.224906511392806],[-102.26061536465318,31.22477053496956],[-102.26069202777784,31.224637334577096],[-102.26077545162333,31.2245071698747],[-102.26086547539121,31.22438029360892],[-102.26096192301169,31.224256953150093],[-102.26106460673688,31.22413738895582],[-102.2611733289374,31.22402183226601],[-102.26128787491591,31.22391050971215],[-102.26140802278852,31.223803637171674],[-102.26153353809497,31.22370142284021],[-102.2616641773918,31.22360406492717],[-102.26179968735408,31.22351175396018],[-102.26202904700907,31.223359781670183],[-102.26225533083249,31.22320444212287],[-102.26247847055244,31.223045777552763],[-102.26269839879525,31.222883837875987],[-102.26281250998916,31.222802657446387],[-102.26293130230401,31.22272659470986],[-102.26305446222779,31.222655850179702],[-102.2631816681636,31.222590607468444],[-102.2633125895314,31.22253103712866],[-102.26344688137817,31.222477295116548],[-102.26358419425925,31.222429523559953],[-102.26373145598208,31.222378812058793],[-102.26387597963995,31.222322582511016],[-102.26401748406013,31.222260943223784],[-102.26415569525649,31.222194011722173],[-102.26429034553107,31.222121920126423],[-102.26442117437242,31.222044807470393],[-102.26454792935394,31.221962821237845],[-102.26467036254063,31.221876123508125],[-102.2647882385739,31.22178487866521],[-102.26490133017998,31.221689265689008],[-102.26500941547495,31.221589469705176],[-102.26509967639808,31.221498912135385],[-102.26928145531822,31.221516111635058],[-102.26913107733965,31.235772627396848],[-102.25247015851238,31.23593722026167],[-102.25256153963467,31.235798373974475],[-102.25265858193985,31.235662396325573]]],[[[-102.18463575192114,31.235235331128177],[-102.18582850980258,31.235244979237617],[-102.19914968374465,31.235351993995184],[-102.20151737872888,31.235370870807042],[-102.20152462992986,31.249820416728014],[-102.18447537120188,31.249730992109864],[-102.18463575192114,31.235235331128177]]]]}},{"type":"Feature","properties":{"ABSTRACT_L":"B35--S22","ABSTRACT_N":"B35--S22","LEVEL1_SUR":null,"LEVEL2_BLO":"35","LEVEL3_SUR":"22","Surv_Sect":"22","SHAPE_AREA":179.72284847110342,"owner_count":0.0,"top_owner":"","top_owner_state":"","top_operator":"","max_propensity_score":0.0,"field_name":"Unknown","production_trend":null},"geometry":{"type":"Polygon","coordinates":[[[-102.30688496724743,31.212614389586204],[-102.29866985510954,31.20664297933792],[-102.30732182695327,31.197927065036474],[-102.30784520699736,31.213306582795546],[-102.30688496724743,31.212614389586204]]]}},{"type":"Feature","properties":{"ABSTRACT_L":"B35--S23","ABSTRACT_N":"B35--S23","LEVEL1_SUR":null,"LEVEL2_BLO":"35","LEVEL3_SUR":"23","Surv_Sect":"23","SHAPE_AREA":621.8773371029016,"owner_count":0.0,"top_owner":"","top_owner_state":"","top_operator":"","max_propensity_score":0.0,"field_name":"Unknown","production_trend":null},"geometry":{"type":"Polygon","coordinates":[[[-102.28512869812742,31.196934685761743],[-102.29510868359164,31.18686651866106],[-102.2956512507519,31.18718569803921],[-102.2956790634914,31.18720222366491],[-102.29730484167912,31.188226577047686],[-102.29866507247897,31.189073561508952],[-102.299214585413,31.189415723077953],[-102.30078829634853,31.190395011257564],[-102.30161652507418,31.19090350227365],[-102.3016165897529,31.190903527632823],[-102.30161658868438,31.1909035287148],[-102.30161665263495,31.19090355529742],[-102.3023519461529,31.191354958002158],[-102.30252902475664,31.19146710578091],[-102.30406485194003,31.192439753321807],[-102.30552494036516,31.193358142808382],[-102.30578225918504,31.193561326771547],[-102.30645221374078,31.194090334122915],[-102.30699947729333,31.19454200517808],[-102.30732182695327,31.197927065036474],[-102.29866985510954,31.20664297933792],[-102.29519658014894,31.20415664851479],[-102.28847469708366,31.19934418434406],[-102.28512869812742,31.196934685761743]]]}},{"type":"Feature","properties":{"ABSTRACT_L":"B35--S24","ABSTRACT_N":"B35--S24","LEVEL1_SUR":null,"LEVEL2_BLO":"35","LEVEL3_SUR":"24","Surv_Sect":"24","SHAPE_AREA":227.37651984619842,"owner_count":0.0,"top_owner":"","top_owner_state":"","top_operator":"","max_propensity_score":0.0,"field_name":"Unknown","production_trend":null},"geometry":{"type":"Polygon","coordinates":[[[-102.30400086045076,31.17790915480252],[-102.30526423040509,31.1766549933342],[-102.30584965259429,31.182684782225888],[-102.30691970689611,31.19370429705932],[-102.29938169002214,31.18838558360646],[-102.29598133580473,31.185986009367586],[-102.29843180515252,31.183503308002226],[-102.29883414529692,31.183095659130682],[-102.30121178103808,31.180686543822627],[-102.30163773339972,31.18025493336039],[-102.30400086045076,31.17790915480252]]]}},{"type":"Feature","properties":{"ABSTRACT_L":"A-1098","ABSTRACT_N":"1098","LEVEL1_SUR":"H&TC","LEVEL2_BLO":"35","LEVEL3_SUR":"34","Surv_Sect":"34","SHAPE_AREA":236.4171398498596,"owner_count":1.0,"top_owner":"SILVER CROSS ENERGY PARTNERS","top_owner_state":"TX","top_operator":"SILVER CROSS ENERGY","max_propensity_score":1.0,"field_name":"Unknown","production_trend":null},"geometry":{"type":"Polygon","coordinates":[[[-102.30413426206707,31.172770797134444],[-102.30355636057344,31.172356667242326],[-102.30079123922941,31.170375073027834],[-102.30020346435248,31.169953832050094],[-102.29744455485863,31.167976525038384],[-102.29386961845563,31.16541416490105],[-102.30333146554544,31.155848287695367],[-102.3049434518986,31.173350660026305],[-102.30413426206707,31.172770797134444]]]}},{"type":"Feature","properties":{"ABSTRACT_L":"B35--S35","ABSTRACT_N":"B35--S35","LEVEL1_SUR":null,"LEVEL2_BLO":"35","LEVEL3_SUR":"35","Surv_Sect":"35","SHAPE_AREA":643.3994731704266,"owner_count":0.0,"top_owner":"","top_owner_state":"","top_operator":"","max_propensity_score":0.0,"field_name":"Unknown","production_trend":null},"geometry":{"type":"Polygon","coordinates":[[[-102.30079123922941,31.170375073027834],[-102.30355636057344,31.172356667242326],[-102.30413426206707,31.172770797134444],[-102.3049434518986,31.173350660026305],[-102.30526423040509,31.1766549933342],[-102.30400086045076,31.17790915480252],[-102.30163773339972,31.18025493336039],[-102.30121178103808,31.180686543822627],[-102.29883414529692,31.183095659130682],[-102.29843180515252,31.183503308002226],[-102.29598133580473,31.185986009367586],[-102.29285422124896,31.183770579925717],[-102.29266011148574,31.183633056501552],[-102.2895933771918,31.181358925634527],[-102.28938867539306,31.18120712308906],[-102.28646309158309,31.17903748850059],[-102.28611740908197,31.178781116754646],[-102.2829794204197,31.17645376215971],[-102.29084090715271,31.168484793650997],[-102.29117247083252,31.168148657174783],[-102.29386961845563,31.16541416490105],[-102.29744455485863,31.167976525038384],[-102.30020346435248,31.169953832050094],[-102.30079123922941,31.170375073027834]]]}},{"type":"Feature","properties":{"ABSTRACT_L":"B35--S36","ABSTRACT_N":"B35--S36","LEVEL1_SUR":null,"LEVEL2_BLO":"35","LEVEL3_SUR":"36","Surv_Sect":"36","SHAPE_AREA":636.7612196359488,"owner_count":0.0,"top_owner":"","top_owner_state":"","top_operator":"","max_propensity_score":0.0,"field_name":"Unknown","production_trend":null},"geometry":{"type":"MultiPolygon","coordinates":[[[[-102.2829794204197,31.17645376215971],[-102.28611740908197,31.178781116754646],[-102.28646309158309,31.17903748850059],[-102.28938867539306,31.18120712308906],[-102.2895933771918,31.181358925634527],[-102.29266011148574,31.183633056501552],[-102.29285422124896,31.183770579925717],[-102.29598133580473,31.185986009367586],[-102.29527287586265,31.186700849774855],[-102.29435520817236,31.18612975037651],[-102.29302195827208,31.185351729894986],[-102.29176275111077,31.184561036402396],[-102.29090483935319,31.184022313997293],[-102.2891099398385,31.18290046688552],[-102.28827713150153,31.182378142376376],[-102.28731074458011,31.181772026284946],[-102.28570882474803,31.18076790949933],[-102.28476884110947,31.180178332238903],[-102.28389900241986,31.17963274016885],[-102.28227742385607,31.178657636130545],[-102.28134907429875,31.17807573445217],[-102.2829794204197,31.17645376215971]]],[[[-102.28290266566687,31.179239798615875],[-102.28461696024942,31.180335687645044],[-102.28516177050294,31.180683956136278],[-102.28814746687678,31.18251222461463],[-102.28869127640706,31.182845208339167],[-102.29151192711039,31.18461027188927],[-102.29163842427545,31.184689603787472],[-102.29388618608442,31.186099236333717],[-102.29487931854678,31.18673158725569],[-102.29510868359164,31.18686651866106],[-102.28512869812742,31.196934685761743],[-102.28203384476848,31.1946202621704],[-102.27871242910832,31.1922672419261],[-102.27530427122603,31.189874278104188],[-102.271901060366,31.18747363959387],[-102.28122500078833,31.178199167415585],[-102.28144630974172,31.17833454060898],[-102.28290266566687,31.179239798615875]]]]}},{"type":"Feature","properties":{"ABSTRACT_L":"B35--S37","ABSTRACT_N":"B35--S37","LEVEL1_SUR":null,"LEVEL2_BLO":"35","LEVEL3_SUR":"37","Surv_Sect":"37","SHAPE_AREA":606.6638638177038,"owner_count":1.0,"top_owner":"XOG OPERATING LLC","top_owner_state":"TX","top_operator":"XOG OPERATING LLC","max_propensity_score":2.0,"field_name":"Unknown","production_trend":null},"geometry":{"type":"MultiPolygon","coordinates":[[[[-102.28134907429875,31.17807573445217],[-102.28106106902877,31.17789520686297],[-102.27955941735205,31.176918467082466],[-102.27845745219639,31.176252678893444],[-102.27672006282619,31.175163111900897],[-102.27654448979887,31.175043833817327],[-102.27479560558629,31.173909925538933],[-102.27356705163741,31.173166491003716],[-102.27211737827967,31.17227240666313],[-102.2703533888956,31.17114480863201],[-102.26827067365546,31.169899181621837],[-102.26815972183641,31.169830699635387],[-102.27050151300112,31.167420171498907],[-102.2829794204197,31.17645376215971],[-102.28134907429875,31.17807573445217]]],[[[-102.27535128994633,31.174558560593898],[-102.27718318477936,31.175699033268632],[-102.2790128706551,31.17680732504044],[-102.28057562124586,31.177801938995117],[-102.28122500078833,31.178199167415585],[-102.271901060366,31.18747363959387],[-102.27005650827061,31.186130027036352],[-102.2596000375151,31.178640314321985],[-102.26227173406957,31.17589085629144],[-102.26487590606081,31.173210683454617],[-102.26796445234814,31.1700317312038],[-102.26879014872303,31.170524431029147],[-102.27000445269654,31.17124710896412],[-102.27221859325938,31.17259339228348],[-102.27356619464464,31.173445135141055],[-102.27535128994633,31.174558560593898]]]]}},{"type":"Feature","properties":{"ABSTRACT_L":"B35--S38","ABSTRACT_N":"B35--S38","LEVEL1_SUR":null,"LEVEL2_BLO":"35","LEVEL3_SUR":"38","Surv_Sect":"38","SHAPE_AREA":621.849216449729,"owner_count":0.0,"top_owner":"","top_owner_state":"","top_operator":"","max_propensity_score":0.0,"field_name":"Unknown","production_trend":null},"geometry":{"type":"Polygon","coordinates":[[[-102.27050151300112,31.167420171498907],[-102.28143120546855,31.156210575839175],[-102.29386961845563,31.16541416490105],[-102.29117247083252,31.168148657174783],[-102.29084090715271,31.168484793650997],[-102.2829794204197,31.17645376215971],[-102.27050151300112,31.167420171498907]]]}},{"type":"Feature","properties":{"ABSTRACT_L":"B35--S39","ABSTRACT_N":"B35--S39","LEVEL1_SUR":null,"LEVEL2_BLO":"35","LEVEL3_SUR":"39","Surv_Sect":"39","SHAPE_AREA":622.5046704511341,"owner_count":0.0,"top_owner":"","top_owner_state":"","top_operator":"","max_propensity_score":0.0,"field_name":"Unknown","production_trend":null},"geometry":{"type":"Polygon","coordinates":[[[-102.28143120546855,31.156210575839175],[-102.29238699579159,31.14506689394375],[-102.30305224130736,31.152791095723064],[-102.30333146554544,31.155848287695367],[-102.29386961845563,31.16541416490105],[-102.28143120546855,31.156210575839175]]]}},{"type":"Feature","properties":{"ABSTRACT_L":"B35--S40","ABSTRACT_N":"B35--S40","LEVEL1_SUR":"H&TC","LEVEL2_BLO":"35","LEVEL3_SUR":"40","Surv_Sect":"40","SHAPE_AREA":228.04768988642175,"owner_count":1.0,"top_owner":"OLSEN ENERGY","top_owner_state":"TX","top_operator":"OLSEN ENERGY","max_propensity_score":2.0,"field_name":"Unknown","production_trend":null},"geometry":{"type":"MultiPolygon","coordinates":[[[[-102.23466292021229,31.13192989247382],[-102.2361043865616,31.131494591971485],[-102.23766301298689,31.13104178671757],[-102.23848304728052,31.130793826585453],[-102.23929211404285,31.1305598706965],[-102.2402866397922,31.130269561558624],[-102.24014728144724,31.130408728798407],[-102.2398434981676,31.13049842002051],[-102.2393722976651,31.130638868763494],[-102.23756843116726,31.131358253730802],[-102.23531952849785,31.132200097290756],[-102.23514753705356,31.13226878793838],[-102.23510001348009,31.132235555272114],[-102.2348530504388,31.13206285348607],[-102.23481374106028,31.132035362409724],[-102.23470563240912,31.131959761908664],[-102.23466846191928,31.13193376792684],[-102.23466455245116,31.1319310335794],[-102.23466292021229,31.13192989247382]]],[[[-102.30157299900372,31.135535097996573],[-102.30207272730472,31.142064998747536],[-102.30305224130736,31.152791095723064],[-102.29238699579159,31.14506689394375],[-102.30157299900372,31.135535097996573]]]]}},{"type":"Feature","properties":{"ABSTRACT_L":"A-736","ABSTRACT_N":"736","LEVEL1_SUR":"H&TC","LEVEL2_BLO":"35","LEVEL3_SUR":"46","Surv_Sect":"46","SHAPE_AREA":259.47865209581636,"owner_count":214.0,"top_owner":"FINK FAMILY INVESTMENTS LLC","top_owner_state":"FL","top_operator":"OCCIDENTAL PERMIAN L","max_propensity_score":10.0,"field_name":"Unknown","production_trend":null},"geometry":{"type":"Polygon","coordinates":[[[-102.30107708674608,31.113252786489117],[-102.30100647467316,31.12652006553645],[-102.30131676984028,31.13218661167414],[-102.29048756651382,31.12415085022822],[-102.29737115082183,31.117067085522663],[-102.29872756737498,31.1156710545069],[-102.30107708674608,31.113252786489117]]]}},{"type":"Feature","properties":{"ABSTRACT_L":"B35--S47","ABSTRACT_N":"B35--S47","LEVEL1_SUR":null,"LEVEL2_BLO":"35","LEVEL3_SUR":"47","Surv_Sect":"47","SHAPE_AREA":651.7507253874724,"owner_count":0.0,"top_owner":"","top_owner_state":"","top_operator":"","max_propensity_score":0.0,"field_name":"Unknown","production_trend":null},"geometry":{"type":"Polygon","coordinates":[[[-102.30157299900372,31.135535097996573],[-102.29238699579159,31.14506689394375],[-102.27935844266344,31.135555318017527],[-102.29048756651382,31.12415085022822],[-102.30131676984028,31.13218661167414],[-102.30157299900372,31.135535097996573]]]}},{"type":"Feature","properties":{"ABSTRACT_L":"B35--S48","ABSTRACT_N":"B35--S48","LEVEL1_SUR":null,"LEVEL2_BLO":"35","LEVEL3_SUR":"48","Surv_Sect":"48","SHAPE_AREA":652.589594589769,"owner_count":0.0,"top_owner":"","top_owner_state":"","top_operator":"","max_propensity_score":0.0,"field_name":"Unknown","production_trend":null},"geometry":{"type":"Polygon","coordinates":[[[-102.26836771326573,31.146734842370947],[-102.27935844266344,31.135555318017527],[-102.29238699579159,31.14506689394375],[-102.28143120546855,31.156210575839175],[-102.26836771326573,31.146734842370947]]]}},{"type":"Feature","properties":{"ABSTRACT_L":"B35--S49","ABSTRACT_N":"B35--S49","LEVEL1_SUR":null,"LEVEL2_BLO":"35","LEVEL3_SUR":"49","Surv_Sect":"49","SHAPE_AREA":655.0499919891861,"owner_count":0.0,"top_owner":"","top_owner_state":"","top_operator":"","max_propensity_score":0.0,"field_name":"Unknown","production_trend":null},"geometry":{"type":"Polygon","coordinates":[[[-102.26863452009162,31.16607847658536],[-102.26659078364997,31.164609695548528],[-102.26517089842706,31.16358921679356],[-102.26439431474542,31.163031067202077],[-102.26354970434222,31.16242401093072],[-102.26286225060477,31.161929899926246],[-102.26240354027797,31.161600194953238],[-102.26135150618074,31.160829992058876],[-102.260818137769,31.16043949923728],[-102.25984941253292,31.159730259758238],[-102.25912370224243,31.159198929532312],[-102.25840077583102,31.158669626522645],[-102.25738919197272,31.15792896279553],[-102.26836771326573,31.146734842370947],[-102.28143120546855,31.156210575839175],[-102.27050151300112,31.167420171498907],[-102.26863452009162,31.16607847658536]]]}},{"type":"Feature","properties":{"ABSTRACT_L":"B35--S50","ABSTRACT_N":"B35--S50","LEVEL1_SUR":null,"LEVEL2_BLO":"35","LEVEL3_SUR":"50","Surv_Sect":"50","SHAPE_AREA":657.5985726450621,"owner_count":0.0,"top_owner":"","top_owner_state":"","top_operator":"","max_propensity_score":0.0,"field_name":"Unknown","production_trend":null},"geometry":{"type":"Polygon","coordinates":[[[-102.26354970434222,31.16242401093072],[-102.26439431474542,31.163031067202077],[-102.26517089842706,31.16358921679356],[-102.26659078364997,31.164609695548528],[-102.26863452009162,31.16607847658536],[-102.27050151300112,31.167420171498907],[-102.26815972183641,31.169830699635387],[-102.26796445234814,31.1700317312038],[-102.26487590606081,31.173210683454617],[-102.26227173406957,31.17589085629144],[-102.2596000375151,31.178640314321985],[-102.25311459103257,31.173941052240338],[-102.25262210764438,31.17358417290418],[-102.25128978390715,31.17261868106308],[-102.24986189289841,31.171575049436758],[-102.24632040167175,31.16904866974776],[-102.24896105514497,31.166396207168933],[-102.25158772364586,31.163757584215663],[-102.25204749218805,31.1632957026671],[-102.25406413094915,31.1612697139822],[-102.25423120321895,31.16110186101321],[-102.25738919197272,31.15792896279553],[-102.25840077583102,31.158669626522645],[-102.25912370224243,31.159198929532312],[-102.25984941253292,31.159730259758238],[-102.260818137769,31.16043949923728],[-102.26135150618074,31.160829992058876],[-102.26240354027797,31.161600194953238],[-102.26286225060477,31.161929899926246],[-102.26354970434222,31.16242401093072]],[[-102.25526953890642,31.161751126476588],[-102.25607048220361,31.162251939112263],[-102.25684881760009,31.16273860675683],[-102.25860054857378,31.163833870392686],[-102.2600702444809,31.164752754910673],[-102.26086416564753,31.165249116460565],[-102.26169153288882,31.16576637847978],[-102.26253671012894,31.166294762497436],[-102.26410142264027,31.167272954680467],[-102.26253671192558,31.16629476096015],[-102.26169153648209,31.165766375405134],[-102.26086416834247,31.165249112617214],[-102.26007024807416,31.1647527510673],[-102.25860055126873,31.163833865780646],[-102.25684882119334,31.162738604450787],[-102.25607048400025,31.16225193757492],[-102.25526954070304,31.161751124170515],[-102.25423120321895,31.16110186101321],[-102.25526953890642,31.161751126476588]]]}},{"type":"Feature","properties":{"ABSTRACT_L":"B35--S51","ABSTRACT_N":"B35--S51","LEVEL1_SUR":null,"LEVEL2_BLO":"35","LEVEL3_SUR":"51","Surv_Sect":"51","SHAPE_AREA":638.8784808810824,"owner_count":0.0,"top_owner":"","top_owner_state":"","top_operator":"","max_propensity_score":0.0,"field_name":"Unknown","production_trend":null},"geometry":{"type":"MultiPolygon","coordinates":[[[[-102.24213048401516,31.153581738497504],[-102.24046987634722,31.152580447140092],[-102.24142371649906,31.151607640023315],[-102.24206861704154,31.150949899169337],[-102.24444376894095,31.148527353998514],[-102.25738919197272,31.15792896279553],[-102.25423120321895,31.16110186101321],[-102.25340109431941,31.160563111232484],[-102.25190309339601,31.159638765876117],[-102.25040012209416,31.15876339445004],[-102.24905514738279,31.157903701612195],[-102.2466906423161,31.15638575972888],[-102.24495942257528,31.1553133802371],[-102.24331322029127,31.154295019227746],[-102.24213048401516,31.153581738497504]]],[[[-102.25158772364586,31.163757584215663],[-102.24896105514497,31.166396207168933],[-102.24632040167175,31.16904866974776],[-102.243108328948,31.166750508611507],[-102.2412898890813,31.165449377554996],[-102.23339233319297,31.15979782582187],[-102.24035784295657,31.152694706528386],[-102.24058156029325,31.152833787815275],[-102.24228353178674,31.15391439112331],[-102.24401144842226,31.155009818256335],[-102.24561167762499,31.15598940383252],[-102.24787024706515,31.157382549928478],[-102.24965192787043,31.158490396449633],[-102.25154251053928,31.159675674153846],[-102.25319100083235,31.160716889387523],[-102.25406413094915,31.1612697139822],[-102.25204749218805,31.1632957026671],[-102.25158772364586,31.163757584215663]]]]}},{"type":"Feature","properties":{"ABSTRACT_L":"B35--S52","ABSTRACT_N":"B35--S52","LEVEL1_SUR":null,"LEVEL2_BLO":"35","LEVEL3_SUR":"52","Surv_Sect":"52","SHAPE_AREA":646.9531329474214,"owner_count":0.0,"top_owner":"","top_owner_state":"","top_operator":"","max_propensity_score":0.0,"field_name":"Unknown","production_trend":null},"geometry":{"type":"Polygon","coordinates":[[[-102.26836771326573,31.146734842370947],[-102.25738919197272,31.15792896279553],[-102.24444376894095,31.148527353998514],[-102.24485977785072,31.148099498702067],[-102.24493505846814,31.14802207355392],[-102.24714512786612,31.14574897901211],[-102.24727392202335,31.14561650694072],[-102.24990502640509,31.142910157126725],[-102.25005202042999,31.142758954179406],[-102.25259669699993,31.140141278414447],[-102.25372803886202,31.138977418149704],[-102.25527563217898,31.13738528088397],[-102.26836771326573,31.146734842370947]]]}},{"type":"Feature","properties":{"ABSTRACT_L":"B35--S53","ABSTRACT_N":"B35--S53","LEVEL1_SUR":null,"LEVEL2_BLO":"35","LEVEL3_SUR":"53","Surv_Sect":"53","SHAPE_AREA":654.9293332846014,"owner_count":0.0,"top_owner":"","top_owner_state":"","top_operator":"","max_propensity_score":0.0,"field_name":"Unknown","production_trend":null},"geometry":{"type":"Polygon","coordinates":[[[-102.26631123871333,31.126074430409123],[-102.27935844266344,31.135555318017527],[-102.26836771326573,31.146734842370947],[-102.25527563217898,31.13738528088397],[-102.26631123871333,31.126074430409123]]]}},{"type":"Feature","properties":{"ABSTRACT_L":"B35--S54","ABSTRACT_N":"B35--S54","LEVEL1_SUR":null,"LEVEL2_BLO":"35","LEVEL3_SUR":"54","Surv_Sect":"54","SHAPE_AREA":663.5619750436988,"owner_count":0.0,"top_owner":"","top_owner_state":"","top_operator":"","max_propensity_score":0.0,"field_name":"Unknown","production_trend":null},"geometry":{"type":"Polygon","coordinates":[[[-102.27732502067788,31.114710248639064],[-102.28180893896067,31.117926607202243],[-102.2819600436763,31.11803051845556],[-102.28212211232997,31.11815123720121],[-102.28228978377606,31.118271501284934],[-102.29048756651382,31.12415085022822],[-102.27935844266344,31.135555318017527],[-102.26631123871333,31.126074430409123],[-102.27046953746859,31.121784290409135],[-102.27093783281946,31.121301113844154],[-102.27117967007374,31.12105158789348],[-102.27732502067788,31.114710248639064]]]}},{"type":"Feature","properties":{"ABSTRACT_L":"A-268","ABSTRACT_N":"268","LEVEL1_SUR":"H&TC","LEVEL2_BLO":"35","LEVEL3_SUR":"55","Surv_Sect":"55","SHAPE_AREA":642.8114515397818,"owner_count":101.0,"top_owner":"FITZWELL LLC","top_owner_state":"VA","top_operator":"OCCIDENTAL PERMIAN L","max_propensity_score":9.0,"field_name":"Unknown","production_trend":null},"geometry":{"type":"MultiPolygon","coordinates":[[[[-102.29598169423252,31.109129503004592],[-102.29570063293968,31.10931122218788],[-102.29490746815452,31.109818803153882],[-102.29449913265393,31.11006625048669],[-102.29330241589705,31.11082614970864],[-102.29218569321789,31.111537388550058],[-102.29107399571444,31.1122485805318],[-102.28991368318444,31.112993834146764],[-102.28786346449971,31.11430587237459],[-102.28603295127559,31.115449542611493],[-102.28396817359503,31.11675369092844],[-102.2827710427148,31.117486928818725],[-102.28231220123398,31.117727007082376],[-102.28188514484286,31.117899317367105],[-102.28180893896067,31.117926607202243],[-102.27732502067788,31.114710248639064],[-102.28836375873932,31.103561281370602],[-102.29598169423252,31.109129503004592]]],[[[-102.2819600436763,31.11803051845556],[-102.28250926914944,31.117780004131316],[-102.28301294195283,31.117511296359883],[-102.28358694206318,31.117175462871774],[-102.2848266252401,31.116397996735063],[-102.28777302301522,31.11453118158015],[-102.2897338719056,31.113335803615396],[-102.29079171450945,31.11262548193462],[-102.29158620610629,31.11209162122221],[-102.29344681199412,31.110926603897383],[-102.29485699900523,31.110038232345754],[-102.29613226804382,31.1092395522598],[-102.29928229143596,31.111541698610793],[-102.29946291030024,31.11167369451031],[-102.30107890044464,31.112854640597025],[-102.30107708674608,31.113252786489117],[-102.29872756737498,31.1156710545069],[-102.29737115082183,31.117067085522663],[-102.29048756651382,31.12415085022822],[-102.28228978377606,31.118271501284934],[-102.28212211232997,31.11815123720121],[-102.2819600436763,31.11803051845556]]]]}},{"type":"Feature","properties":{"ABSTRACT_L":"B35--S56","ABSTRACT_N":"B35--S56","LEVEL1_SUR":null,"LEVEL2_BLO":"35","LEVEL3_SUR":"56","Surv_Sect":"56","SHAPE_AREA":360.45613284899576,"owner_count":0.0,"top_owner":"","top_owner_state":"","top_operator":"","max_propensity_score":0.0,"field_name":"Unknown","production_trend":null},"geometry":{"type":"MultiPolygon","coordinates":[[[[-102.30103972222014,31.106435775359202],[-102.29974371916649,31.106990185487213],[-102.29898032904141,31.107321967036885],[-102.29831164470349,31.107657713091424],[-102.29762121215252,31.10809139623646],[-102.29664589957045,31.108711819372726],[-102.29598169423252,31.109129503004592],[-102.28836375873932,31.103561281370602],[-102.2911212947091,31.100763641873357],[-102.2938786680838,31.097965941504896],[-102.29665013872028,31.09515371323115],[-102.29943587011188,31.09232678730562],[-102.30116652121913,31.09358600825644],[-102.30103972222014,31.106435775359202]]],[[[-102.29751344216619,31.108349236713206],[-102.29778617607634,31.108168990883325],[-102.29806548385775,31.107992718821883],[-102.29822517826412,31.107902967102895],[-102.29869600327083,31.107657856919783],[-102.29940468869006,31.107303818442958],[-102.3003774204123,31.106855547994954],[-102.30110753424432,31.106566145463237],[-102.30108806505716,31.110842958608853],[-102.30038216711027,31.111119036389013],[-102.29928229143596,31.111541698610793],[-102.29613226804382,31.1092395522598],[-102.29644116453404,31.10904609071573],[-102.29751344216619,31.108349236713206]]],[[[-102.30107890044464,31.112854640597025],[-102.29946291030024,31.11167369451031],[-102.30108708769012,31.1110573200869],[-102.30107890044464,31.112854640597025]]]]}},{"type":"Feature","properties":{"ABSTRACT_L":"B35--S57","ABSTRACT_N":"B35--S57","LEVEL1_SUR":null,"LEVEL2_BLO":"35","LEVEL3_SUR":"57","Surv_Sect":"57","SHAPE_AREA":96.32543133577096,"owner_count":0.0,"top_owner":"","top_owner_state":"","top_operator":"","max_propensity_score":0.0,"field_name":"Unknown","production_trend":null},"geometry":{"type":"Polygon","coordinates":[[[-102.29943587011188,31.09232678730562],[-102.29301517958494,31.087500192438178],[-102.2911895379246,31.086127663834652],[-102.30119983254649,31.086258786501663],[-102.30116652121913,31.09358600825644],[-102.29943587011188,31.09232678730562]]]}},{"type":"Feature","properties":{"ABSTRACT_L":"A-270","ABSTRACT_N":"270","LEVEL1_SUR":"H&TC","LEVEL2_BLO":"35","LEVEL3_SUR":"59","Surv_Sect":"59","SHAPE_AREA":625.148848071005,"owner_count":31.0,"top_owner":"ANDERSON MARY K","top_owner_state":"OK","top_operator":"OCCIDENTAL PERMIAN L","max_propensity_score":5.0,"field_name":"Unknown","production_trend":null},"geometry":{"type":"Polygon","coordinates":[[[-102.29943587011188,31.09232678730562],[-102.29665013872028,31.09515371323115],[-102.2938786680838,31.097965941504896],[-102.2911212947091,31.100763641873357],[-102.28836375873932,31.103561281370602],[-102.2850832173229,31.101159192458475],[-102.27537764651676,31.094051347828493],[-102.27816609980367,31.09122643304843],[-102.28095439049552,31.088401457354763],[-102.28325282716798,31.086072606600492],[-102.28458324468018,31.08608186986869],[-102.2911895379246,31.086127663834652],[-102.29301517958494,31.087500192438178],[-102.29943587011188,31.09232678730562]]]}},{"type":"Feature","properties":{"ABSTRACT_L":"B35--S60","ABSTRACT_N":"B35--S60","LEVEL1_SUR":null,"LEVEL2_BLO":"35","LEVEL3_SUR":"60","Surv_Sect":"60","SHAPE_AREA":656.8689233886118,"owner_count":0.0,"top_owner":"","top_owner_state":"","top_operator":"","max_propensity_score":0.0,"field_name":"Unknown","production_trend":null},"geometry":{"type":"Polygon","coordinates":[[[-102.27732502067788,31.114710248639064],[-102.26419586522105,31.105286328633163],[-102.27537764651676,31.094051347828493],[-102.2850832173229,31.101159192458475],[-102.28836375873932,31.103561281370602],[-102.27732502067788,31.114710248639064]]]}},{"type":"Feature","properties":{"ABSTRACT_L":"B35--S61","ABSTRACT_N":"B35--S61","LEVEL1_SUR":null,"LEVEL2_BLO":"35","LEVEL3_SUR":"61","Surv_Sect":"61","SHAPE_AREA":660.9516622654435,"owner_count":0.0,"top_owner":"","top_owner_state":"","top_operator":"","max_propensity_score":0.0,"field_name":"Unknown","production_trend":null},"geometry":{"type":"Polygon","coordinates":[[[-102.26419586522105,31.105286328633163],[-102.27732502067788,31.114710248639064],[-102.27117967007374,31.12105158789348],[-102.27093783281946,31.121301113844154],[-102.27046953746859,31.121784290409135],[-102.26631123871333,31.126074430409123],[-102.26329159410659,31.123859337981333],[-102.26297654056341,31.123628218006075],[-102.26279886188505,31.12349787364033],[-102.25316768056756,31.116431610252157],[-102.26419586522105,31.105286328633163]]]}},{"type":"Feature","properties":{"ABSTRACT_L":"B35--S62","ABSTRACT_N":"B35--S62","LEVEL1_SUR":null,"LEVEL2_BLO":"35","LEVEL3_SUR":"62","Surv_Sect":"62","SHAPE_AREA":629.8426179109903,"owner_count":0.0,"top_owner":"","top_owner_state":"","top_operator":"","max_propensity_score":0.0,"field_name":"Unknown","production_trend":null},"geometry":{"type":"MultiPolygon","coordinates":[[[[-102.25358910362354,31.126197525853776],[-102.2514969614628,31.12682341729224],[-102.25062822859931,31.127077508101266],[-102.24847262495533,31.127707959898466],[-102.24546319239673,31.128580240781613],[-102.24392492449071,31.129022805974888],[-102.24253762565475,31.128021575154698],[-102.24795974531858,31.122023664146802],[-102.25316768056756,31.116431610252157],[-102.26279886188505,31.12349787364033],[-102.26146388811773,31.123892930399787],[-102.25773784879574,31.124991948759952],[-102.2542803293869,31.125990726953457],[-102.25358910362354,31.126197525853776]]],[[[-102.24573698721723,31.130356695378417],[-102.24444621325684,31.129405454099984],[-102.24452851510654,31.129380783566944],[-102.24684943571226,31.128724939358687],[-102.2491747077572,31.128038599397374],[-102.25117489028061,31.127450179695874],[-102.2529609377965,31.12696784171616],[-102.25568360745515,31.12616649112917],[-102.25800584948264,31.125467625783465],[-102.26039865597235,31.124776414501582],[-102.2628558285488,31.12398488096186],[-102.26329159410659,31.123859337981333],[-102.26631123871333,31.126074430409123],[-102.25527563217898,31.13738528088397],[-102.25406288857913,31.136491761618274],[-102.2520867386845,31.135035721239845],[-102.250544927823,31.13389965333334],[-102.25043399307195,31.133817911386043],[-102.24894555830802,31.132721130589477],[-102.24881334875607,31.132623706767358],[-102.24573698721723,31.130356695378417]]]]}},{"type":"Feature","properties":{"ABSTRACT_L":"B35--S63","ABSTRACT_N":"B35--S63","LEVEL1_SUR":null,"LEVEL2_BLO":"35","LEVEL3_SUR":"63","Surv_Sect":"63","SHAPE_AREA":592.1226926395212,"owner_count":0.0,"top_owner":"","top_owner_state":"","top_operator":"","max_propensity_score":0.0,"field_name":"Unknown","production_trend":null},"geometry":{"type":"MultiPolygon","coordinates":[[[[-102.24881334875607,31.132623706767358],[-102.24894555830802,31.132721130589477],[-102.25043399307195,31.133817911386043],[-102.250544927823,31.13389965333334],[-102.2520867386845,31.135035721239845],[-102.25406288857913,31.136491761618274],[-102.25527563217898,31.13738528088397],[-102.25372803886202,31.138977418149704],[-102.25259669699993,31.140141278414447],[-102.25005202042999,31.142758954179406],[-102.24990502640509,31.142910157126725],[-102.24727392202335,31.14561650694072],[-102.24714512786612,31.14574897901211],[-102.24493505846814,31.14802207355392],[-102.24365331616963,31.14789180114803],[-102.24362374542712,31.14792310015414],[-102.24117887258353,31.14612146499917],[-102.23797286528456,31.14375878006873],[-102.2348604085393,31.14145876695283],[-102.23762854373112,31.138633595805743],[-102.2343186498628,31.13622885362594],[-102.2369925445948,31.13355897440474],[-102.23906907673084,31.131485435402183],[-102.2398012746543,31.130754258034873],[-102.24444621325684,31.129405454099984],[-102.24573698721723,31.130356695378417],[-102.24881334875607,31.132623706767358]],[[-102.24226960879814,31.13209161945337],[-102.24224038570362,31.13201914626959],[-102.241925553146,31.132139267440778],[-102.24195350871764,31.132208081162414],[-102.2419832339704,31.132281250089143],[-102.24230154210986,31.132170816168458],[-102.24226960879814,31.13209161945337]],[[-102.24131547489722,31.13214934897859],[-102.24128337360054,31.132061871552196],[-102.24096971603932,31.132176729294986],[-102.24099969551528,31.132256940166243],[-102.24131547489722,31.13214934897859]],[[-102.2414626746363,31.132554677276833],[-102.24114571576641,31.132677394456817],[-102.24117159173817,31.13273873914648],[-102.24149162194801,31.13261608817412],[-102.2414626746363,31.132554677276833]]],[[[-102.24369720965103,31.147977234317448],[-102.24485977785072,31.148099498702067],[-102.24444376894095,31.148527353998514],[-102.24369720965103,31.147977234317448]]],[[[-102.24253762565475,31.128021575154698],[-102.24392492449071,31.129022805974888],[-102.24062111221689,31.12993554412479],[-102.2409024663605,31.129654568990404],[-102.24253762565475,31.128021575154698]]]]}},{"type":"Feature","properties":{"ABSTRACT_L":"B35--S64","ABSTRACT_N":"B35--S64","LEVEL1_SUR":null,"LEVEL2_BLO":"35","LEVEL3_SUR":"64","Surv_Sect":"64","SHAPE_AREA":646.3588585368559,"owner_count":0.0,"top_owner":"","top_owner_state":"","top_operator":"","max_propensity_score":0.0,"field_name":"Unknown","production_trend":null},"geometry":{"type":"MultiPolygon","coordinates":[[[[-102.227938051147,31.143382452100827],[-102.22765103402384,31.142974398373862],[-102.2281922851522,31.142395011561675],[-102.22834944541115,31.14222677610458],[-102.22838472854056,31.142193454664728],[-102.22880204809232,31.141746465395947],[-102.2298754144826,31.14067099628223],[-102.22991227954522,31.140634058306958],[-102.23074359398387,31.13979913413166],[-102.230833837839,31.139708931175097],[-102.23153896862463,31.1390041152658],[-102.2348604085393,31.14145876695283],[-102.23797286528456,31.14375878006873],[-102.24117887258353,31.14612146499917],[-102.24362374542712,31.14792310015414],[-102.24369720965103,31.147977234317448],[-102.24444376894095,31.148527353998514],[-102.24206861704154,31.150949899169337],[-102.24142371649906,31.151607640023315],[-102.24046987634722,31.152580447140092],[-102.23966501909032,31.152070145899383],[-102.23958640392654,31.152021192550052],[-102.2371319873814,31.150492797792616],[-102.23607696369092,31.149835858742822],[-102.23594455830626,31.149753308690624],[-102.23543081538853,31.149435549977127],[-102.23509895975626,31.149205457161884],[-102.23435751547358,31.14873806540485],[-102.23430133124245,31.148703585360593],[-102.23290460279092,31.147803050484814],[-102.23249166162786,31.14752040152955],[-102.23238441715598,31.147446994495613],[-102.23186907074546,31.147120676512067],[-102.2311555218473,31.146604747331292],[-102.2306303550541,31.146188552561682],[-102.2304664682103,31.14605867204326],[-102.23039617054776,31.146002208782335],[-102.23013494046313,31.145792393128918],[-102.22991324703078,31.1455756906148],[-102.22970022862914,31.145367466264727],[-102.22956881678118,31.14523629298511],[-102.22924684531199,31.144899405152152],[-102.22881205801953,31.144444468863732],[-102.2283955685111,31.144008673002062],[-102.227938051147,31.143382452100827]]],[[[-102.23698699300634,31.150574134053503],[-102.24035784295657,31.152694706528386],[-102.23339233319297,31.15979782582187],[-102.23273358691702,31.15928907781524],[-102.22815458465635,31.155917447059462],[-102.22717788238053,31.155197325898403],[-102.22708243727992,31.155127025951135],[-102.22676930702974,31.154896390374557],[-102.2262943416879,31.154547200649013],[-102.22629431563674,31.154547182198844],[-102.22599575336554,31.154326619778814],[-102.22331656845485,31.152353148762632],[-102.22101591384194,31.150616461201402],[-102.22030839713092,31.150082359892977],[-102.22379611879792,31.14683434518941],[-102.22479302687941,31.145905893411136],[-102.22603664737223,31.1446336504035],[-102.22745585167216,31.143181726120876],[-102.22754596437325,31.143330683361725],[-102.22767004057863,31.143552713720275],[-102.22783523896274,31.143831670989567],[-102.22789420347966,31.14392769015731],[-102.22801149740462,31.144086891795883],[-102.22815322370869,31.144261162415326],[-102.22860506911007,31.14472920438252],[-102.2286920323178,31.144816956131766],[-102.22948103610656,31.145551476359028],[-102.22995804601402,31.146053643930546],[-102.23071964400009,31.146671094178515],[-102.23147522507041,31.14720529081933],[-102.23235019224197,31.147740840632533],[-102.2338301990119,31.148662838018442],[-102.23423988108712,31.14890934760047],[-102.23698699300634,31.150574134053503]]]]}},{"type":"Feature","properties":{"ABSTRACT_L":"B35--S65","ABSTRACT_N":"B35--S65","LEVEL1_SUR":null,"LEVEL2_BLO":"35","LEVEL3_SUR":"65","Surv_Sect":"65","SHAPE_AREA":328.3365000465111,"owner_count":0.0,"top_owner":"","top_owner_state":"","top_operator":"","max_propensity_score":0.0,"field_name":"Unknown","production_trend":null},"geometry":{"type":"MultiPolygon","coordinates":[[[[-102.22442821924591,31.135845829348494],[-102.22415903368112,31.13515782546205],[-102.22482242694204,31.134964106876236],[-102.2255657972127,31.134747028221323],[-102.2263595647674,31.135278375556037],[-102.22583209918541,31.135433401921222],[-102.22508921131006,31.135651737709182],[-102.2244282488903,31.13584590547029],[-102.22442821924591,31.135845829348494]]],[[[-102.22617863598435,31.140873643592677],[-102.22618020354452,31.14087755558585],[-102.22618124918351,31.140880164350072],[-102.22635856045092,31.141322240055075],[-102.22429342793583,31.143317155503517],[-102.22514880195274,31.14397298185016],[-102.2252337286797,31.144033812567578],[-102.22559631657614,31.144295800918364],[-102.22566860580369,31.144352988672495],[-102.22722174172597,31.142844285872716],[-102.22745585167216,31.143181726120876],[-102.22603664737223,31.1446336504035],[-102.22479302687941,31.145905893411136],[-102.22379611879792,31.14683434518941],[-102.22030839713092,31.150082359892977],[-102.21663066830658,31.14737227119544],[-102.21472883154384,31.145970720779868],[-102.21398129219197,31.145404303985863],[-102.21349917087053,31.14503887691096],[-102.21346445727302,31.145012687385986],[-102.21238562732918,31.144195218291333],[-102.21029275663476,31.142609312530503],[-102.2118063648879,31.142322062641163],[-102.2131701431348,31.142086439858556],[-102.21373274362419,31.14192956065679],[-102.21397813461373,31.141838949156128],[-102.21422813845224,31.141746633776165],[-102.21460601657314,31.141545791310726],[-102.21488022911025,31.141342704878337],[-102.21496685904299,31.141263167526503],[-102.21502602118929,31.141204547821964],[-102.21524313590862,31.14098942637419],[-102.21573727668853,31.14040462073694],[-102.21626163769292,31.139876326874813],[-102.21683269941398,31.139300971589595],[-102.21691798636537,31.139212229800194],[-102.2169879471597,31.13913943451398],[-102.21698860292985,31.139138751747915],[-102.21698925870001,31.139138068981886],[-102.21716840342893,31.138951665213366],[-102.21738546514766,31.138748297196024],[-102.21775863609645,31.139031063029766],[-102.21729249490562,31.13949892782922],[-102.21729194783164,31.139499476807945],[-102.21765871828403,31.13977928100022],[-102.21837554962626,31.139109509673958],[-102.22139632700856,31.14139702809469],[-102.22124509473217,31.14155112951355],[-102.22108852286974,31.14171067190302],[-102.22093921747962,31.141862809147366],[-102.22078960935725,31.14201525369056],[-102.22063813004415,31.14216960475181],[-102.22048419383874,31.142326458953125],[-102.22033446983373,31.14247901961662],[-102.22016135010543,31.142655418298702],[-102.22001362395358,31.142600204703022],[-102.21949992774825,31.14315683620505],[-102.22063345790636,31.14397442496555],[-102.22173989038394,31.142868666891577],[-102.22212971160653,31.143147301719488],[-102.22236887008461,31.14290376106264],[-102.22252359770579,31.142746197397603],[-102.2226141344117,31.14265400053527],[-102.22270492264587,31.14256154601761],[-102.22282294420621,31.14244136116076],[-102.22293135648798,31.14234316924228],[-102.22122289646319,31.141114806752167],[-102.22207984343015,31.140863850538317],[-102.22244477503118,31.14114314863641],[-102.22263532477093,31.141252987774],[-102.22389969994008,31.140902922028218],[-102.2238877056344,31.140869536307175],[-102.22371214877673,31.14038085494982],[-102.2241347935415,31.140256580776526],[-102.22574163524303,31.13978408647179],[-102.22597855691606,31.14037480009373],[-102.22617863598435,31.140873643592677]]],[[[-102.22834944541115,31.14222677610458],[-102.2281922851522,31.142395011561675],[-102.22765103402384,31.142974398373862],[-102.22749793774322,31.142758242223067],[-102.2273510416347,31.142538927131085],[-102.22721043373318,31.14231658378131],[-102.22707619937859,31.142091345164616],[-102.22697562579599,31.141913108631048],[-102.22687904252992,31.141733247931004],[-102.22678648641124,31.141551827639454],[-102.22793446686902,31.141231094382697],[-102.22824728001389,31.14114082820361],[-102.2298754144826,31.14067099628223],[-102.22880204809232,31.141746465395947],[-102.22838472854056,31.142193454664728],[-102.22834944541115,31.14222677610458]]],[[[-102.22388242713379,31.136002422585737],[-102.22254792228705,31.13638431286779],[-102.22200198464785,31.136540536912047],[-102.22108915169044,31.13680174554117],[-102.22078166914847,31.136005275227276],[-102.22154464874343,31.135779346519108],[-102.2222348926482,31.135574949818366],[-102.22386371342978,31.135092603168548],[-102.22408376923336,31.135655043248622],[-102.22418572352653,31.13591562688855],[-102.22388242713379,31.136002422585737]]],[[[-102.21869852271698,31.13748026549663],[-102.21847983325095,31.137565988693392],[-102.2181659097884,31.136776234986417],[-102.21844262503188,31.136697866377823],[-102.22058514291712,31.136063468327457],[-102.22089129415583,31.136856497328953],[-102.219270880707,31.137301769636345],[-102.21869852271698,31.13748026549663]]],[[[-102.22085320199453,31.140136600593802],[-102.2180528639964,31.138127753630524],[-102.21820712449363,31.138031522527378],[-102.21836568792105,31.13794061512367],[-102.218528307242,31.137855171372962],[-102.21869472553827,31.137775325846004],[-102.2188646858917,31.13770120234868],[-102.21903791970605,31.13763291853496],[-102.219214158385,31.137570579755895],[-102.21939312434917,31.137514283672687],[-102.22017203915898,31.13729259824969],[-102.22107841053457,31.137034629569705],[-102.22131116402468,31.137669662380496],[-102.22207643881524,31.13975753873715],[-102.22107232983842,31.14006869681918],[-102.22085320199453,31.140136600593802]]],[[[-102.21738251058869,31.138324175313464],[-102.21719291575809,31.13852362292357],[-102.21691405264274,31.138816974643824],[-102.21604067369259,31.13972641695242],[-102.2158918983085,31.139878664253818],[-102.21493964278484,31.140853126385284],[-102.21469080585787,31.141045971044548],[-102.2143752950722,31.141290485240628],[-102.2140585356283,31.1414959752461],[-102.21374327726923,31.141650018070774],[-102.21344420924652,31.14176258607215],[-102.21300484952926,31.141886267788557],[-102.21260840772302,31.141960823957096],[-102.21177755052683,31.14211707341371],[-102.21098747774289,31.14227096222718],[-102.21060123540839,31.142345811026917],[-102.21059766011355,31.142346126257333],[-102.21007003283479,31.142392628882277],[-102.210012786795,31.142397674872804],[-102.20985895569247,31.142411232078683],[-102.209819942758,31.142253035596074],[-102.20979182189635,31.14223194358311],[-102.20785582220336,31.140770012620436],[-102.20786275629904,31.140767835956684],[-102.20812035090171,31.14068699489122],[-102.20933941235296,31.140304406884738],[-102.2096878472921,31.14019027787963],[-102.21044663175472,31.139950287208524],[-102.21179556623986,31.13952362879242],[-102.21189376467684,31.139492568441167],[-102.21321354433942,31.13907511147396],[-102.21415895290401,31.13878840601255],[-102.21444116673536,31.13871552659265],[-102.21446338386896,31.138765210332178],[-102.21459631207313,31.139062478755324],[-102.21479651780386,31.13909533381572],[-102.21496510014167,31.1390424017251],[-102.21520041203371,31.13896851910929],[-102.21544595663515,31.138891421737558],[-102.21568126673057,31.138817537466334],[-102.21592793602275,31.138740087054124],[-102.21617796052253,31.138661581669105],[-102.21642801197174,31.138583066992485],[-102.21637099679899,31.138452989985698],[-102.21626591097872,31.13821437276568],[-102.21649773471252,31.138142162606684],[-102.21667212465863,31.138085919147244],[-102.21698781420903,31.137984103553553],[-102.2182172718631,31.13768722619197],[-102.2181448514815,31.137722471445635],[-102.21806381805298,31.13777883660555],[-102.21783531000091,31.13793778099367],[-102.21743550490223,31.138268427894523],[-102.21738251058869,31.138324175313464]]],[[[-102.22342215733165,31.14085351620069],[-102.22344739639789,31.140845981306146],[-102.22349806856643,31.140830853850193],[-102.22358725959604,31.140804226446374],[-102.22361723907203,31.140795276063333],[-102.22346810436181,31.140438423349217],[-102.22364859027543,31.14038261950783],[-102.22383479216921,31.14082816204701],[-102.22320308518331,31.141023474814972],[-102.2231617240527,31.140931267051247],[-102.22330348359442,31.14088894557447],[-102.22342215733165,31.14085351620069]]],[[[-102.21288618926674,31.13520851142058],[-102.21279845171127,31.135001974370446],[-102.2135189930956,31.13426680496326],[-102.21399621051388,31.134130022425886],[-102.21427326082896,31.133755708505856],[-102.21401987034183,31.13383323603617],[-102.2139989270193,31.133777119200683],[-102.21507169243665,31.132682528622627],[-102.2153290741386,31.133369437825632],[-102.21535103076076,31.133425946286113],[-102.21573066418972,31.13440294294919],[-102.21425783226397,31.134858651730475],[-102.21288618926674,31.13520851142058]]],[[[-102.2160432258063,31.137521839592086],[-102.21629168454254,31.13814614006809],[-102.21428490389336,31.138737484382094],[-102.2142789354866,31.13872080113738],[-102.21403214222693,31.13811398436781],[-102.2160432258063,31.137521839592086]]]]}},{"type":"Feature","properties":{"ABSTRACT_L":"B35--S66","ABSTRACT_N":"B35--S66","LEVEL1_SUR":null,"LEVEL2_BLO":"35","LEVEL3_SUR":"66","Surv_Sect":"66","SHAPE_AREA":396.0461423962046,"owner_count":0.0,"top_owner":"","top_owner_state":"","top_operator":"","max_propensity_score":0.0,"field_name":"Unknown","production_trend":null},"geometry":{"type":"MultiPolygon","coordinates":[[[[-102.2385810346134,31.13053421697611],[-102.23758084947774,31.13082771259374],[-102.23621455145646,31.131227760043746],[-102.23447368470781,31.13173851102668],[-102.23395455279667,31.1318908134425],[-102.23325127703212,31.132096915896753],[-102.23317980706811,31.131939145886577],[-102.23311904322567,31.131812438490556],[-102.2330525310637,31.13168788626718],[-102.23298037299018,31.13156568069143],[-102.23290268309115,31.13144601323921],[-102.23285744123851,31.13138412868412],[-102.23280763863916,31.131324892331904],[-102.23275348370225,31.131268554094383],[-102.2326885696432,31.131209712907676],[-102.23261891247944,31.13115503475484],[-102.23254486974047,31.131104799539433],[-102.23246682590519,31.131059267941254],[-102.23238518162229,31.131018674495675],[-102.23230036089652,31.130983229900515],[-102.23221279941083,31.13095311486407],[-102.23212294991612,31.130928487794524],[-102.23203127684137,31.130909474034638],[-102.23197262853142,31.130900397379374],[-102.23191356070822,31.13089362218315],[-102.2317818398398,31.130884578591097],[-102.23164972281432,31.13088239477993],[-102.23151769562041,31.13088707536384],[-102.23140964805465,31.130896040522998],[-102.2313022517675,31.13090960629359],[-102.2311957699653,31.130927739608868],[-102.23111889124496,31.130943801377217],[-102.2310427392617,31.13096224610953],[-102.23088833413571,31.130572189278066],[-102.23085650682519,31.130491783206658],[-102.2302838559844,31.129045110503473],[-102.22918343323607,31.126265009696322],[-102.22821298233634,31.12655428527172],[-102.22695369432665,31.12692964496741],[-102.22658503381889,31.126000260856827],[-102.22439726060627,31.12659935379773],[-102.22378891341101,31.125144841828075],[-102.22346459733895,31.12436940038912],[-102.22371228442235,31.12411788233107],[-102.22385700031967,31.123970928161313],[-102.22580005897417,31.121997755110886],[-102.22928494106657,31.118458599380723],[-102.23526000702546,31.12277052592207],[-102.23574329705505,31.123119266679513],[-102.23591097568766,31.123240261947885],[-102.23599481455483,31.1233007599087],[-102.23607865342196,31.12336125706192],[-102.24253762565475,31.128021575154698],[-102.2409024663605,31.129654568990404],[-102.24062111221689,31.12993554412479],[-102.23918550557818,31.130356835327618],[-102.2385810346134,31.13053421697611]]],[[[-102.23755421712453,31.1316000070276],[-102.23965828891222,31.130794490956813],[-102.2398012746543,31.130754258034873],[-102.23906907673084,31.131485435402183],[-102.2369925445948,31.13355897440474],[-102.2343186498628,31.13622885362594],[-102.23201680408384,31.138527052922374],[-102.23124341750628,31.137469499440666],[-102.2310157089548,31.13715811677045],[-102.2309922045354,31.13712510033943],[-102.23097443675738,31.137079549333006],[-102.22996874584736,31.134501269191738],[-102.23031216279733,31.13438724777204],[-102.23063004783029,31.1342817020213],[-102.23075262205249,31.134241004612605],[-102.23151592504098,31.133965069446795],[-102.231585221082,31.134142720390905],[-102.2326045807574,31.133753357904194],[-102.23252547780842,31.133578741180823],[-102.23312280087849,31.133346321557273],[-102.2339201940337,31.133036047219644],[-102.2341489149865,31.13294388859093],[-102.23417319465202,31.132997484596377],[-102.23545440335124,31.132483379378897],[-102.23579525201781,31.13234660657279],[-102.235770971454,31.13229300943063],[-102.23667258175858,31.13194263148713],[-102.23755421712453,31.1316000070276]]],[[[-102.23335278755752,31.132320998702763],[-102.2333820609577,31.13231235586247],[-102.23466292021229,31.13192989247382],[-102.23466455245116,31.1319310335794],[-102.23466846191928,31.13193376792684],[-102.23470563240912,31.131959761908664],[-102.23481374106028,31.132035362409724],[-102.2348530504388,31.13206285348607],[-102.23510001348009,31.132235555272114],[-102.23514753705356,31.13226878793838],[-102.23401693001338,31.132720327823737],[-102.2337725352555,31.132662196493893],[-102.23344486936574,31.132524268237418],[-102.23335278755752,31.132320998702763]]],[[[-102.22887025807017,31.131755447712106],[-102.22902201945426,31.131712067153835],[-102.22917436923485,31.13210274367579],[-102.22902260246087,31.132146115597116],[-102.22887025807017,31.131755447712106]]],[[[-102.22920958499064,31.132193055366184],[-102.22933183581934,31.132506547376174],[-102.22918049305017,31.132551004078827],[-102.22905824311978,31.132237511446878],[-102.22920958499064,31.132193055366184]]],[[[-102.23101891414373,31.13386063124501],[-102.23006298451054,31.13418913169237],[-102.22973228501006,31.134287042170836],[-102.2294040846227,31.133445433200528],[-102.23078879990393,31.133077946982628],[-102.23324583503812,31.132352575051687],[-102.23350503942177,31.132924760664224],[-102.23258620481994,31.133291707688127],[-102.23101891414373,31.13386063124501]]],[[[-102.2299680963654,31.137701290771304],[-102.22988219855962,31.13749902651107],[-102.22992373216678,31.13748273902895],[-102.22997984093942,31.137463958019993],[-102.23008323702862,31.137429350083835],[-102.2301654436569,31.13761082362679],[-102.2299680963654,31.137701290771304]]]]}},{"type":"Feature","properties":{"ABSTRACT_L":"B35--S67","ABSTRACT_N":"B35--S67","LEVEL1_SUR":null,"LEVEL2_BLO":"35","LEVEL3_SUR":"67","Surv_Sect":"67","SHAPE_AREA":658.6740279656384,"owner_count":0.0,"top_owner":"","top_owner_state":"","top_operator":"","max_propensity_score":0.0,"field_name":"Unknown","production_trend":null},"geometry":{"type":"Polygon","coordinates":[[[-102.24045219840075,31.107052976615233],[-102.25316768056756,31.116431610252157],[-102.24795974531858,31.122023664146802],[-102.24253762565475,31.128021575154698],[-102.23607865342196,31.12336125706192],[-102.23599481455483,31.1233007599087],[-102.23591097568766,31.123240261947885],[-102.23574329705505,31.123119266679513],[-102.23526000702546,31.12277052592207],[-102.22928494106657,31.118458599380723],[-102.24045219840075,31.107052976615233]]]}},{"type":"Feature","properties":{"ABSTRACT_L":"B35--S68","ABSTRACT_N":"B35--S68","LEVEL1_SUR":null,"LEVEL2_BLO":"35","LEVEL3_SUR":"68","Surv_Sect":"68","SHAPE_AREA":641.2851378892548,"owner_count":0.0,"top_owner":"","top_owner_state":"","top_operator":"","max_propensity_score":0.0,"field_name":"Unknown","production_trend":null},"geometry":{"type":"Polygon","coordinates":[[[-102.24045219840075,31.107052976615233],[-102.25134435835727,31.095899605627963],[-102.26419586522105,31.105286328633163],[-102.25316768056756,31.116431610252157],[-102.24045219840075,31.107052976615233]]]}},{"type":"Feature","properties":{"ABSTRACT_L":"B35--S69","ABSTRACT_N":"B35--S69","LEVEL1_SUR":null,"LEVEL2_BLO":"35","LEVEL3_SUR":"69","Surv_Sect":"69","SHAPE_AREA":647.5313729154029,"owner_count":0.0,"top_owner":"","top_owner_state":"","top_operator":"","max_propensity_score":0.0,"field_name":"Unknown","production_trend":null},"geometry":{"type":"Polygon","coordinates":[[[-102.26131774569573,31.08584191392687],[-102.26414776582746,31.085871900951943],[-102.27537764651676,31.094051347828493],[-102.26419586522105,31.105286328633163],[-102.25134435835727,31.095899605627963],[-102.26131774569573,31.08584191392687]]]}},{"type":"Feature","properties":{"ABSTRACT_L":"B35--S70","ABSTRACT_N":"B35--S70","LEVEL1_SUR":null,"LEVEL2_BLO":"35","LEVEL3_SUR":"70","Surv_Sect":"70","SHAPE_AREA":201.30102280176996,"owner_count":0.0,"top_owner":"","top_owner_state":"","top_operator":"","max_propensity_score":0.0,"field_name":"Unknown","production_trend":null},"geometry":{"type":"Polygon","coordinates":[[[-102.27816609980367,31.09122643304843],[-102.27537764651676,31.094051347828493],[-102.26414776582746,31.085871900951943],[-102.28325282716798,31.086072606600492],[-102.28095439049552,31.088401457354763],[-102.27816609980367,31.09122643304843]]]}},{"type":"Feature","properties":{"ABSTRACT_L":"B35--S72","ABSTRACT_N":"B35--S72","LEVEL1_SUR":null,"LEVEL2_BLO":"35","LEVEL3_SUR":"72","Surv_Sect":"72","SHAPE_AREA":316.25012371797993,"owner_count":0.0,"top_owner":"","top_owner_state":"","top_operator":"","max_propensity_score":0.0,"field_name":"Unknown","production_trend":null},"geometry":{"type":"Polygon","coordinates":[[[-102.23934026104713,31.085606923303388],[-102.26131774569573,31.08584191392687],[-102.25134435835727,31.095899605627963],[-102.23851022850438,31.08644258810843],[-102.23934026104713,31.085606923303388]]]}},{"type":"Feature","properties":{"ABSTRACT_L":"B35--S73","ABSTRACT_N":"B35--S73","LEVEL1_SUR":null,"LEVEL2_BLO":"35","LEVEL3_SUR":"73","Surv_Sect":"73","SHAPE_AREA":649.5544516964302,"owner_count":0.0,"top_owner":"","top_owner_state":"","top_operator":"","max_propensity_score":0.0,"field_name":"Unknown","production_trend":null},"geometry":{"type":"Polygon","coordinates":[[[-102.23851022850438,31.08644258810843],[-102.25134435835727,31.095899605627963],[-102.24045219840075,31.107052976615233],[-102.22739641374307,31.097665622082626],[-102.23851022850438,31.08644258810843]]]}},{"type":"Feature","properties":{"ABSTRACT_L":"B35--S74","ABSTRACT_N":"B35--S74","LEVEL1_SUR":null,"LEVEL2_BLO":"35","LEVEL3_SUR":"74","Surv_Sect":"74","SHAPE_AREA":650.5630074548319,"owner_count":0.0,"top_owner":"","top_owner_state":"","top_operator":"","max_propensity_score":0.0,"field_name":"Unknown","production_trend":null},"geometry":{"type":"MultiPolygon","coordinates":[[[[-102.21779484179567,31.107497425058195],[-102.21787095515137,31.108048824755546],[-102.21702606447383,31.10814055223645],[-102.21711322171765,31.108052530436467],[-102.21777780614462,31.107381338357897],[-102.21779484179567,31.107497425058195]]],[[[-102.21804620568352,31.1099869937905],[-102.21831837185843,31.109963507264272],[-102.21818734898096,31.109113915939048],[-102.21817423986603,31.109028915394042],[-102.21818352485279,31.108995899942336],[-102.21818727621742,31.108962085358044],[-102.21818541850142,31.108928155392885],[-102.21807257033879,31.108110680687975],[-102.21798514629533,31.10747736365348],[-102.21794611000468,31.107211358702155],[-102.21871104523204,31.106438798101742],[-102.21896243606935,31.106410523533913],[-102.21917019124174,31.10638715534059],[-102.21965315158963,31.106332832845023],[-102.21970334585444,31.10632718730943],[-102.21993470426092,31.106301164001017],[-102.21988081163208,31.105893949135975],[-102.21986636492568,31.105784787449135],[-102.21981305440515,31.105381973008555],[-102.21974969892311,31.105389763771353],[-102.21982332753873,31.10531539653424],[-102.22739641374307,31.097665622082626],[-102.24045219840075,31.107052976615233],[-102.22928494106657,31.118458599380723],[-102.22306628164701,31.113771362005192],[-102.22232056138358,31.113209231348144],[-102.22151493157553,31.112601929918846],[-102.22141526708802,31.112526800003284],[-102.22075775240233,31.112028132006888],[-102.22075730324468,31.112024791034766],[-102.22071642540769,31.11171999374582],[-102.2206803787103,31.111451218827746],[-102.22063962214584,31.111147311862073],[-102.22059736988645,31.110832254135484],[-102.21933557108555,31.110959019541767],[-102.21832284816348,31.110195551150497],[-102.21804398594645,31.10998718453152],[-102.21804620568352,31.1099869937905]]],[[[-102.21794861810095,31.108611429754752],[-102.2179949711696,31.108958466623815],[-102.21798573469187,31.108989640803312],[-102.2179654246816,31.10901233460276],[-102.2179416570558,31.10902476212069],[-102.21792150514904,31.109029645293397],[-102.2174047986892,31.10909174670656],[-102.21693380659585,31.1091483526904],[-102.21641626200783,31.1087564087453],[-102.21641632129663,31.108756344907782],[-102.21641918512577,31.10875345375976],[-102.21684159273529,31.108326855791354],[-102.21729245987135,31.108277908322236],[-102.21745097658638,31.10826069825068],[-102.21745791607195,31.108259944502414],[-102.21746832395283,31.108258815418257],[-102.21789356934033,31.108212646016305],[-102.21794861810095,31.108611429754752]]]]}},{"type":"Feature","properties":{"ABSTRACT_L":"B35--S75","ABSTRACT_N":"B35--S75","LEVEL1_SUR":null,"LEVEL2_BLO":"35","LEVEL3_SUR":"75","Surv_Sect":"75","SHAPE_AREA":469.7618320606104,"owner_count":0.0,"top_owner":"","top_owner_state":"","top_operator":"","max_propensity_score":0.0,"field_name":"Unknown","production_trend":null},"geometry":{"type":"MultiPolygon","coordinates":[[[[-102.2184530284212,31.11095211217323],[-102.21845160908303,31.110943860401356],[-102.21845018884657,31.110935607859595],[-102.21832284816348,31.110195551150497],[-102.21933557108555,31.110959019541767],[-102.21921947910644,31.110976785959032],[-102.21846891243204,31.111044420602465],[-102.2184530284212,31.11095211217323]]],[[[-102.22075820155996,31.112031473747948],[-102.22075775240233,31.112028132006888],[-102.22141526708802,31.112526800003284],[-102.22083186610821,31.112580719794334],[-102.22079601434523,31.112313400139367],[-102.22075820155996,31.112031473747948]]],[[[-102.22232056138358,31.113209231348144],[-102.22306628164701,31.113771362005192],[-102.22928494106657,31.118458599380723],[-102.22580005897417,31.121997755110886],[-102.22385700031967,31.123970928161313],[-102.22371228442235,31.12411788233107],[-102.22346459733895,31.12436940038912],[-102.22301704588462,31.12354181010164],[-102.22292657206079,31.12339055935937],[-102.22255226474313,31.12276480446262],[-102.22239321712377,31.12277580673649],[-102.22191239386794,31.122809071169954],[-102.22181004072279,31.122816151472644],[-102.22134847644833,31.122853530878782],[-102.22112978608399,31.122578900677077],[-102.2206415238793,31.121898683801657],[-102.2204732766131,31.121679105150864],[-102.22028769276025,31.12143689515204],[-102.22007326310529,31.12115703762334],[-102.2196671500367,31.120627004680188],[-102.21942210669519,31.120307185032093],[-102.21980328073487,31.12019001120052],[-102.22001399136454,31.120458608337742],[-102.22041226932721,31.120966296578533],[-102.22063803122947,31.121254072557957],[-102.22084078997224,31.121512527877975],[-102.22102126780105,31.121742577913835],[-102.2210644237656,31.12172820259063],[-102.22061932291537,31.121160841227958],[-102.21976686932145,31.120074209183045],[-102.21979633136782,31.120065884376707],[-102.21973363614751,31.11967634184056],[-102.21970256791342,31.119483301466467],[-102.21964344259803,31.119115935740595],[-102.21925288835017,31.116689171980063],[-102.21921776601918,31.116471507782585],[-102.21905054822231,31.115155245733625],[-102.2189951464238,31.114719134573416],[-102.21918334527246,31.114703389226346],[-102.2192989988737,31.11469758575821],[-102.21932892355244,31.114642462791444],[-102.2197487880314,31.11465328604247],[-102.21983782095754,31.114563522931178],[-102.2200174040643,31.114542474751737],[-102.22003229723339,31.114636467818872],[-102.22109042819645,31.114547929066987],[-102.22104951263019,31.114231162957523],[-102.22101009545383,31.11392601051347],[-102.22096770754885,31.11359785214101],[-102.22094783591645,31.11344400833422],[-102.22094126384182,31.113393133089108],[-102.22093051819441,31.11330993604589],[-102.22089147202226,31.11300765089356],[-102.22084838522798,31.112674085684137],[-102.22110181164773,31.11264665205618],[-102.22151493157553,31.112601929918846],[-102.22232056138358,31.113209231348144]]],[[[-102.21703781264111,31.11606722515667],[-102.21699900811579,31.115782746603454],[-102.2169904570526,31.115720061997205],[-102.2169516372559,31.115498937828608],[-102.21757131400352,31.11545040320382],[-102.21825514303882,31.11539683958542],[-102.21893911849952,31.115343261324377],[-102.21903074486187,31.115911121213102],[-102.21912237212254,31.11647898001181],[-102.21864420967658,31.116516438051313],[-102.21843838947531,31.116532559939024],[-102.21775417057118,31.11658380342111],[-102.21711439132415,31.1166362643024],[-102.21710687871342,31.11657354103759],[-102.21707661806477,31.11635170439552],[-102.21703781264111,31.11606722515667]]],[[[-102.219320998615,31.117709933308305],[-102.21863699800149,31.117763450247267],[-102.21795278538555,31.117814838415935],[-102.21727127939356,31.117870294847556],[-102.21725526782195,31.117760846230656],[-102.21725148860955,31.11772807145342],[-102.21723290605958,31.117585757097594],[-102.21720502055652,31.11736265310787],[-102.21715586115093,31.116982508160184],[-102.21714057451975,31.116854870222088],[-102.21778968995751,31.1168039545066],[-102.2184735243827,31.116750312438587],[-102.21915749535182,31.11669665572812],[-102.21923924653427,31.11720329510133],[-102.219320998615,31.117709933308305]]],[[[-102.21934296242372,31.117846048908966],[-102.21943459597257,31.11841390920547],[-102.219587535048,31.119361681561028],[-102.2196701953255,31.11987392452264],[-102.21970532214806,31.12009160014326],[-102.219336726319,31.12019574973391],[-102.21931095006026,31.120203031718553],[-102.21878422469004,31.120353039400758],[-102.21870098679581,31.120375378266775],[-102.2185762134978,31.12041063225955],[-102.21855420477331,31.12041685142491],[-102.2175705782833,31.1206947685662],[-102.21760136444641,31.120410486143367],[-102.21760050206373,31.12022029422649],[-102.21756853102276,31.119985585526194],[-102.21755597167677,31.11989339422567],[-102.21750208982773,31.11959027717445],[-102.21748285510087,31.119482069464414],[-102.21746089668206,31.119355321591975],[-102.21744473419346,31.119212082980358],[-102.21741362912844,31.118936401723612],[-102.21740986428908,31.118903385103213],[-102.2173724970682,31.118575669990484],[-102.21737169038107,31.118568594754734],[-102.21737047945207,31.118557979592993],[-102.21736537702127,31.11851322025026],[-102.2173614406037,31.118486332795847],[-102.21731137928954,31.118144320358343],[-102.21731124364395,31.118143393652097],[-102.21731115381239,31.118142776104246],[-102.21729121660297,31.118006571719132],[-102.21770460063549,31.117974232310274],[-102.21770735037857,31.117974017744693],[-102.21771147454403,31.11797369474273],[-102.21797508875743,31.117953071067348],[-102.21865896091185,31.11789956654019],[-102.21934296242372,31.117846048908966]]],[[[-102.21853055662346,31.11281764256888],[-102.21853579380158,31.112843531038017],[-102.21859918162296,31.113246514556213],[-102.21883217137,31.114679377047832],[-102.2189210264297,31.115203209086886],[-102.2182370563589,31.115256817420853],[-102.21801447539106,31.11527426156084],[-102.2175532336118,31.115310410343106],[-102.2169316533341,31.115359121157294],[-102.21685122896334,31.114901002256662],[-102.21684392386345,31.11483519922742],[-102.21680245224005,31.114478444973678],[-102.2167605548152,31.114118021620225],[-102.216733389761,31.113884336864132],[-102.21671766924354,31.11375767534511],[-102.21670292249983,31.113638861424636],[-102.21667752173686,31.113434200142848],[-102.21662281972594,31.112993449600495],[-102.21661110030476,31.11289901729235],[-102.21653640808383,31.112492248343795],[-102.21645831753618,31.112071178545513],[-102.21635892703482,31.11153524813259],[-102.21624198794439,31.1104780705962],[-102.21619129780954,31.110130202483486],[-102.21610550600496,31.109541437161482],[-102.21608002349531,31.109417527918062],[-102.217124368912,31.109292018738],[-102.21794802880612,31.109193025692402],[-102.21799326526889,31.10918422384437],[-102.21803616790852,31.109169069804423],[-102.21807554286407,31.109147984280096],[-102.21811028969925,31.109121555647327],[-102.21813607314455,31.10909470091244],[-102.21815811420836,31.109063078367942],[-102.21817423986603,31.109028915394042],[-102.21818734898096,31.109113915939048],[-102.21831837185843,31.109963507264272],[-102.21804620568352,31.1099869937905],[-102.21804398594645,31.10998718453152],[-102.218044722565,31.10999146928174],[-102.21806810122025,31.110127340603736],[-102.21837670755465,31.111920837059177],[-102.21853055662346,31.11281764256888]]],[[[-102.21715103270627,31.122881808239434],[-102.21610763411387,31.123458076727545],[-102.21647307236472,31.123957062256167],[-102.21590378032477,31.12457858210505],[-102.2161885336934,31.125339510946723],[-102.21397614304875,31.125991936570404],[-102.20766506764772,31.121310258322932],[-102.20806413792448,31.120972652594478],[-102.20863783709922,31.12048740089434],[-102.20914635451693,31.12005727656467],[-102.20959954828957,31.119690926653043],[-102.21055123068808,31.118913381145422],[-102.2106328219704,31.118845992819626],[-102.21099075569535,31.118550366791766],[-102.2121427372494,31.117609840062965],[-102.21232567556376,31.117459372763562],[-102.21254414584087,31.117279680263355],[-102.21290462539133,31.116992359052333],[-102.21309880971472,31.116850024366883],[-102.21328380786602,31.116714519511515],[-102.21328883573666,31.1167109302972],[-102.21343345371761,31.116607597472953],[-102.21344160143724,31.116601683376135],[-102.2135116349951,31.116550854429015],[-102.2135634084982,31.11651327796723],[-102.21357723626538,31.116532969081003],[-102.21362135252896,31.116595946932616],[-102.21396206465162,31.11708276587671],[-102.2139629216444,31.117083989450286],[-102.21396420623525,31.11708582519507],[-102.21413346410614,31.117327662538617],[-102.2146654401292,31.118087745886246],[-102.2147678139356,31.11823526826579],[-102.214767926225,31.11823542976629],[-102.21479035715765,31.118267048486473],[-102.21525247569262,31.118930350881964],[-102.21527907031661,31.118968523165123],[-102.21559213229482,31.119381360548225],[-102.21578071202916,31.119626570430366],[-102.21598339351682,31.11989011428427],[-102.21602364792302,31.119938349790814],[-102.21602807032914,31.119943647681687],[-102.21603101770161,31.11994718063414],[-102.21617893070302,31.120124412556077],[-102.2162266132783,31.12018154720913],[-102.21641090625211,31.120405398224488],[-102.21648900308796,31.12050808554157],[-102.21655019273186,31.12058854083234],[-102.21675998348668,31.12086438647635],[-102.21727604675277,31.121542926604455],[-102.21744622629515,31.12176668135698],[-102.21744629366879,31.121766771332528],[-102.21744636194076,31.121766861308014],[-102.21776495843942,31.122199971676366],[-102.21794424959371,31.122443704686287],[-102.21715103270627,31.122881808239434]]],[[[-102.21946318395818,31.124509103048084],[-102.21739187911878,31.125079831044573],[-102.21923457080321,31.124151394681736],[-102.21946318395818,31.124509103048084]]],[[[-102.21641528823406,31.108757430914928],[-102.21641626200783,31.1087564087453],[-102.21693380659585,31.1091483526904],[-102.21604513562461,31.10925515161066],[-102.2160250106673,31.10916655707776],[-102.21641528823406,31.108757430914928]]],[[[-102.2158752956454,31.114650342007582],[-102.21498356591064,31.114785224549202],[-102.21492990684378,31.115645992022134],[-102.21536528432937,31.115658911646165],[-102.21536594279448,31.115357601468258],[-102.21599313574607,31.115216997825463],[-102.2159785138682,31.115020469081227],[-102.21589284153954,31.115025624967533],[-102.21588799602691,31.114773248465127],[-102.21620513815313,31.114790616555226],[-102.21637748353363,31.114885440749184],[-102.21650052487979,31.115157001531987],[-102.2161660515568,31.11586843172567],[-102.21601997111856,31.116114990398803],[-102.21598311324244,31.11615944786021],[-102.2158394717302,31.116386014701956],[-102.21518256610227,31.11678170324215],[-102.21520590882494,31.1169401552341],[-102.21437635059264,31.11700638132523],[-102.21378881556592,31.11620252328812],[-102.21396924758064,31.116115047309826],[-102.21401540481656,31.115866125286935],[-102.21405482378954,31.115697792020946],[-102.21407986342977,31.115574257659894],[-102.2140649010904,31.115532940814496],[-102.21403441316797,31.115463921961986],[-102.213948375225,31.115287102020833],[-102.21386526938313,31.11511591984201],[-102.21324106512648,31.115444832041334],[-102.21272452934653,31.11472957250737],[-102.21187816004203,31.11351381774004],[-102.21191896960708,31.113471037960178],[-102.21581415361223,31.109387617546087],[-102.21591494638375,31.11009493313564],[-102.21623679747869,31.112443809087925],[-102.21647725312404,31.114051733525358],[-102.2164894351776,31.114139659780673],[-102.21621540679514,31.11416015969318],[-102.21623520925725,31.114483502447122],[-102.21624849623863,31.11470045596008],[-102.2158752956454,31.114650342007582]]],[[[-102.21353869853968,31.116479950571023],[-102.21353787837782,31.11648054428864],[-102.21313948902404,31.1167692490534],[-102.21285905834854,31.116969781750395],[-102.21257557789265,31.117203579652962],[-102.21223419742344,31.11748222834735],[-102.21180676014662,31.117831113893747],[-102.21178562638126,31.117848363759204],[-102.21161587803023,31.11798714931027],[-102.21029386785078,31.11700638593961],[-102.21022443077425,31.117063155628248],[-102.21154644185201,31.1180439207195],[-102.21116998396758,31.118351708530703],[-102.21079019243513,31.11866232928068],[-102.21040705737319,31.11898026954476],[-102.2101401921568,31.11919436809213],[-102.2099039136775,31.119383927606364],[-102.20955063951394,31.119675668162905],[-102.20936859412497,31.119826423413826],[-102.20923932925054,31.11992989039121],[-102.20913221144112,31.120016482307857],[-102.20900398412083,31.12012527002982],[-102.20888657071991,31.120224290896118],[-102.20874572386653,31.12034174076825],[-102.20861492287295,31.120453635776204],[-102.20848102808154,31.120565977459425],[-102.20834765251637,31.1206809798544],[-102.20818517602754,31.120817964042146],[-102.20802836700989,31.120951394353526],[-102.20789704409512,31.121060629346683],[-102.20778838747161,31.12115564799262],[-102.20763154162302,31.12128539496676],[-102.20757620629982,31.121244333616918],[-102.20727474336857,31.121536485265164],[-102.2054626474044,31.12023099610311],[-102.20577661398609,31.119909220998725],[-102.20607865363574,31.119592661195636],[-102.20623736708183,31.119426316355913],[-102.20799666366686,31.117582376330205],[-102.2084147638546,31.117144147566233],[-102.20883613031671,31.116702489067404],[-102.20921003159586,31.116310577078682],[-102.20943680050956,31.116072883187297],[-102.20976280900763,31.115731171988596],[-102.21067195887238,31.114778199020968],[-102.21069354359203,31.11475557427867],[-102.21162425931182,31.11377997115642],[-102.21228161948727,31.11469316816973],[-102.21278443709451,31.115407167467392],[-102.21280469140923,31.115435927717154],[-102.21353869853968,31.116479950571023]]],[[[-102.2160692625765,31.117566215399005],[-102.21568463271794,31.117609422466053],[-102.21563962263062,31.117614479003606],[-102.21547883587286,31.117632540261422],[-102.21483275853737,31.117705112875527],[-102.2144957771181,31.117243860618874],[-102.21444341252356,31.1171721843746],[-102.2155554388104,31.117057497656713],[-102.21598566445785,31.11701312521258],[-102.21647829516978,31.116957005350045],[-102.21688802665233,31.11691371415839],[-102.2169390177228,31.117187562471187],[-102.21695288771079,31.117262055763334],[-102.21699025942324,31.11746275122819],[-102.21655980290876,31.117511109479274],[-102.2160692625765,31.117566215399005]]]]}},{"type":"Feature","properties":{"ABSTRACT_L":"B35--S76","ABSTRACT_N":"B35--S76","LEVEL1_SUR":null,"LEVEL2_BLO":"35","LEVEL3_SUR":"76","Surv_Sect":"76","SHAPE_AREA":388.739749027304,"owner_count":0.0,"top_owner":"","top_owner_state":"","top_operator":"","max_propensity_score":0.0,"field_name":"Unknown","production_trend":null},"geometry":{"type":"MultiPolygon","coordinates":[[[[-102.21344160143724,31.116601683376135],[-102.2135116349951,31.116550854429015],[-102.2135634084982,31.11651327796723],[-102.21357723626538,31.116532969081003],[-102.21362135252896,31.116595946932616],[-102.21396206465162,31.11708276587671],[-102.2139629216444,31.117083989450286],[-102.21378589244799,31.117180066456925],[-102.21354181749035,31.11731486695996],[-102.21347877731696,31.11734968372702],[-102.21342260296731,31.11727581497861],[-102.21321792811801,31.117006666646525],[-102.21309880971472,31.116850024366883],[-102.21328380786602,31.116714519511515],[-102.21328883573666,31.1167109302972],[-102.21343345371761,31.116607597472953],[-102.21344160143724,31.116601683376135]]],[[[-102.21163113771195,31.126697702739552],[-102.21065805564673,31.12699055121086],[-102.21082567319392,31.127383415688826],[-102.21107124743976,31.128008644910107],[-102.21143021961718,31.128922565486295],[-102.2115135212918,31.12913464307066],[-102.21197042330992,31.130277327979186],[-102.21219735841196,31.13084486936087],[-102.21410880714822,31.130283178169613],[-102.21438103530687,31.130962706708765],[-102.21488383764274,31.132214751689364],[-102.21507169243665,31.132682528622627],[-102.2139989270193,31.133777119200683],[-102.21401987034183,31.13383323603617],[-102.21427326082896,31.133755708505856],[-102.21399621051388,31.134130022425886],[-102.2135189930956,31.13426680496326],[-102.21279845171127,31.135001974370446],[-102.21288618926674,31.13520851142058],[-102.21194354212336,31.135509296453115],[-102.21164907437323,31.134774439313468],[-102.21258763238545,31.134505845793125],[-102.21219454488848,31.133500078507165],[-102.21203027715899,31.13308444674597],[-102.21103112957749,31.130556320453316],[-102.21101265302872,31.130509565960335],[-102.21013127188603,31.128270968200827],[-102.20973020285776,31.127252261365907],[-102.20746957447896,31.12150995472517],[-102.20766506764772,31.121310258322932],[-102.21397614304875,31.125991936570404],[-102.21310430470932,31.126254336952595],[-102.21246231201343,31.126447553492092],[-102.21206381126855,31.12656748716543],[-102.21163113771195,31.126697702739552]]],[[[-102.21703683437578,31.124566424234995],[-102.21713884346617,31.124707951435315],[-102.21733765501159,31.124996306656413],[-102.21739187911878,31.125079831044573],[-102.21946318395818,31.124509103048084],[-102.21966509289469,31.124825023563883],[-102.21978646427274,31.125047439447375],[-102.22002725049813,31.125529328871036],[-102.22055887887315,31.12682910390279],[-102.22089115940855,31.127641474441372],[-102.21983055089194,31.12794473264204],[-102.21751481087045,31.128606830862044],[-102.21681285113777,31.128813445660573],[-102.21611088781182,31.129020057702267],[-102.2157861342602,31.128243043865016],[-102.21578613605683,31.12814314474405],[-102.2158183595244,31.1278798552712],[-102.21572602618792,31.12753917010312],[-102.21591896724296,31.127267024185578],[-102.21593071810518,31.127284872906706],[-102.21595464473278,31.127307615391555],[-102.21599478415462,31.12732925054494],[-102.21604091084782,31.127338507482346],[-102.21605580491524,31.127339137273953],[-102.21608376138518,31.12734032072847],[-102.21612297284734,31.127351084858223],[-102.21614898176978,31.12736556160337],[-102.21616952444369,31.127376501825758],[-102.21606158737072,31.12708898048984],[-102.21592136933802,31.126726004330983],[-102.21662889503222,31.126516231387324],[-102.2161885336934,31.125339510946723],[-102.21590378032477,31.12457858210505],[-102.21647307236472,31.123957062256167],[-102.21668877493241,31.12425158791909],[-102.2165504604298,31.124322965058546],[-102.21658378613023,31.12437999029281],[-102.21673938242226,31.124666799286636],[-102.21703683437578,31.124566424234995]],[[-102.22059389250799,31.12737378887837],[-102.22064284260614,31.127501762552782],[-102.22076771651545,31.12746434499097],[-102.22071524232645,31.127336212087986],[-102.22059389250799,31.12737378887837]],[[-102.21577320750328,31.1275384564946],[-102.21589373805821,31.1278612146207],[-102.21615567332032,31.1277923462248],[-102.21605112199767,31.127525573091624],[-102.21602818621183,31.127505262157932],[-102.21599913289892,31.127491950431303],[-102.2159667414464,31.1274869105685],[-102.21593410924538,31.127490625487205],[-102.21577320750328,31.1275384564946]]],[[[-102.21038950878412,31.12944234800392],[-102.20963190919937,31.129658512973606],[-102.21007710616935,31.13078240231968],[-102.20923334108085,31.131028464721886],[-102.2085854266906,31.13121740697044],[-102.2078675506077,31.13142674660076],[-102.20712589252598,31.13164301623841],[-102.20618325795901,31.129337296575226],[-102.20544010687729,31.129580030830056],[-102.20475320201044,31.12977169268716],[-102.20386071858915,31.127506347181583],[-102.20458048921897,31.12729668131308],[-102.20531293417915,31.12708331927113],[-102.2060493811339,31.12686878559264],[-102.20677243420778,31.12665814939811],[-102.20743473421898,31.126465205507618],[-102.20825036946266,31.126227587032893],[-102.20904371391089,31.125996455139287],[-102.20992511391822,31.128253296528023],[-102.21038950878412,31.12944234800392]]],[[[-102.21532133155917,31.129304022127037],[-102.21516389012751,31.12889868147748],[-102.21500676400454,31.128496528002067],[-102.2149754289708,31.12841774653789],[-102.21487774616682,31.12816846614722],[-102.21498752119282,31.128137638920144],[-102.21507194037167,31.12811393311482],[-102.21515267825447,31.128091260030597],[-102.2152661336782,31.128059400051136],[-102.21534625621503,31.12803689997222],[-102.21553983327729,31.12798253911377],[-102.21598410138927,31.129109277325608],[-102.21572170529139,31.129190096732028],[-102.21552151752697,31.129247059831084],[-102.21532133155917,31.129304022127037]]],[[[-102.21373407672408,31.129203882669465],[-102.21370418438468,31.129126901932317],[-102.21362954426604,31.12893467819828],[-102.21406706603024,31.12880546765499],[-102.21414066859472,31.129003988687554],[-102.21417049266215,31.129084434468027],[-102.21422585583312,31.129233758345396],[-102.21434369503544,31.129551594753302],[-102.21391872992231,31.12967942323302],[-102.21384359483194,31.129485927991485],[-102.21379682584332,31.129365479728417],[-102.2137718410003,31.129301136987642],[-102.21373407672408,31.129203882669465]]],[[[-102.20341758055781,31.126391276183842],[-102.20498906546807,31.12587323331964],[-102.2045439035324,31.12478312246291],[-102.20295581955232,31.125242472499774],[-102.20255280297651,31.124219436736666],[-102.20227965045143,31.12349296198963],[-102.20350890239126,31.122226089060927],[-102.20407339922424,31.121651007383072],[-102.2054626474044,31.12023099610311],[-102.20727474336857,31.121536485265164],[-102.20731268012133,31.121563816350783],[-102.20828982885983,31.124066038480578],[-102.20899769501551,31.125878620850784],[-102.20737028548723,31.126359447930827],[-102.20612685633559,31.126726175044794],[-102.20542527120038,31.12693061080584],[-102.20382094657826,31.127405392250168],[-102.20341758055781,31.126391276183842]]],[[[-102.20365987685119,31.127564850778572],[-102.20387099711262,31.128102185558852],[-102.20413542609798,31.128775195827384],[-102.20432047275831,31.129246161684847],[-102.20454931318703,31.12982858161724],[-102.20456330624421,31.12986810979931],[-102.20501261300662,31.131013189600157],[-102.20545040696034,31.132128897550313],[-102.2052648060395,31.13218225564579],[-102.20469606197186,31.132345759974534],[-102.20443439081443,31.132427822298542],[-102.20396134517233,31.13256574915741],[-102.20319314097566,31.132789729356926],[-102.202459344051,31.13300367371743],[-102.2016929445697,31.13322711770854],[-102.20096759360533,31.133438588982624],[-102.20022409218065,31.133655345376727],[-102.19948126449243,31.13387190058648],[-102.19869211787152,31.134101953719675],[-102.19696506451699,31.132867155408853],[-102.19623362746657,31.132344179811593],[-102.1957859807908,31.132024108228855],[-102.19478502939222,31.131299624828326],[-102.19618990646168,31.129774510913037],[-102.1970622370779,31.132098136969887],[-102.19785981887931,31.131861300773977],[-102.19859637093697,31.131642581786544],[-102.19931953608916,31.1314278325892],[-102.19926913811787,31.13130170712925],[-102.19838936855278,31.129099957506106],[-102.19916220266644,31.128874875897047],[-102.19995214429636,31.128644805473424],[-102.2007993023217,31.130874831411088],[-102.20083806821945,31.130976876862007],[-102.20160274563034,31.130749782753693],[-102.20233783073913,31.130531471054095],[-102.20230841630347,31.130453805489868],[-102.20145726526671,31.12820642401674],[-102.20218959703915,31.12799311631069],[-102.20291948719066,31.127780515579992],[-102.20365987685119,31.127564850778572]]],[[[-102.20145180261147,31.136077379366462],[-102.20141384429914,31.136047797261202],[-102.20079991676936,31.135608898707094],[-102.20075151733846,31.135574300858714],[-102.20106805759343,31.13528362491786],[-102.20174901112152,31.135777541123318],[-102.20402209015016,31.137426212225225],[-102.20469151649651,31.137252597983785],[-102.20504647679789,31.13751489878773],[-102.20515434470056,31.137616280460648],[-102.20547552295736,31.13782787342931],[-102.20652812119658,31.137545386960987],[-102.20705997864202,31.138871691437288],[-102.2070992395115,31.138897555114433],[-102.20721803452132,31.13898017074709],[-102.2073816204295,31.139080340634745],[-102.20773097614179,31.139346211670862],[-102.20701731944581,31.139593212184696],[-102.2064823250834,31.13974413723366],[-102.20455053040425,31.138294158718637],[-102.20388824027452,31.137823467682107],[-102.20387334980036,31.137815284371342],[-102.20196264397083,31.13644258185671],[-102.20145180261147,31.136077379366462]]],[[[-102.20821824660642,31.139669556255928],[-102.20743929137242,31.140446918594893],[-102.20743225397047,31.140453939915993],[-102.20704747409326,31.14017352492314],[-102.20694610011176,31.140097485731236],[-102.20687850368327,31.14004678239486],[-102.20821824660642,31.139669556255928]]],[[[-102.2036204569799,31.127464517241428],[-102.20248044368039,31.127800702650145],[-102.20124154473268,31.128166033127407],[-102.20004268549386,31.128519543179653],[-102.19897906312947,31.12883316421178],[-102.19730367009029,31.129327149376927],[-102.19723904079719,31.129349222376966],[-102.1971721926653,31.12936569503717],[-102.19710378056654,31.129376406647825],[-102.1970344728474,31.12938125340135],[-102.1969649468377,31.129380186854146],[-102.19689588346033,31.129373219309404],[-102.19682795914673,31.129360415358413],[-102.19676183595531,31.129341902646228],[-102.19669816246966,31.129317862644104],[-102.19663756122229,31.129288529880817],[-102.19687108546691,31.129035009411712],[-102.19843673492109,31.12743081151013],[-102.19927015590908,31.126576840299933],[-102.2006829704924,31.125129139736238],[-102.20212078608839,31.123655756889953],[-102.20212218476527,31.123654323462418],[-102.20266716929196,31.12503815998561],[-102.20285867214423,31.125525593881783],[-102.20305017769145,31.126013027580907],[-102.2036204569799,31.127464517241428]]]]}},{"type":"Feature","properties":{"ABSTRACT_L":"B35--S76T","ABSTRACT_N":"B35--S76T","LEVEL1_SUR":null,"LEVEL2_BLO":"35","LEVEL3_SUR":"76T","Surv_Sect":"76T","SHAPE_AREA":5.200333080519661,"owner_count":0.0,"top_owner":"","top_owner_state":"","top_operator":"","max_propensity_score":0.0,"field_name":"Unknown","production_trend":null},"geometry":{"type":"Polygon","coordinates":[[[-102.20295581955232,31.125242472499774],[-102.2045439035324,31.12478312246291],[-102.20498906546807,31.12587323331964],[-102.20341758055781,31.126391276183842],[-102.20295581955232,31.125242472499774]]]}},{"type":"Feature","properties":{"ABSTRACT_L":"B35--S77","ABSTRACT_N":"B35--S77","LEVEL1_SUR":null,"LEVEL2_BLO":"35","LEVEL3_SUR":"77","Surv_Sect":"77","SHAPE_AREA":657.934520796586,"owner_count":0.0,"top_owner":"","top_owner_state":"","top_operator":"","max_propensity_score":0.0,"field_name":"Unknown","production_trend":null},"geometry":{"type":"Polygon","coordinates":[[[-102.19191667635067,31.129232613362497],[-102.18161121059778,31.12180499553728],[-102.19281916880087,31.1105686851322],[-102.19910235510558,31.115098411070633],[-102.20273026066931,31.1177135024895],[-102.20514437070598,31.119453533462252],[-102.20577661398609,31.119909220998725],[-102.2054626474044,31.12023099610311],[-102.20407339922424,31.121651007383072],[-102.20350890239126,31.122226089060927],[-102.20227965045143,31.12349296198963],[-102.20212218476527,31.123654323462418],[-102.2006829704924,31.125129139736238],[-102.19927015590908,31.126576840299933],[-102.19843673492109,31.12743081151013],[-102.19687108546691,31.129035009411712],[-102.19663756122229,31.129288529880817],[-102.19658093232508,31.12935000671617],[-102.19618990646168,31.129774510913037],[-102.19478502939222,31.131299624828326],[-102.19412569112652,31.13082450223565],[-102.19193295023038,31.12924434078551],[-102.19192644013951,31.1292396493551],[-102.19191667635067,31.129232613362497]]]}},{"type":"Feature","properties":{"ABSTRACT_L":"B35--S78","ABSTRACT_N":"B35--S78","LEVEL1_SUR":null,"LEVEL2_BLO":"35","LEVEL3_SUR":"78","Surv_Sect":"78","SHAPE_AREA":577.880749676873,"owner_count":0.0,"top_owner":"","top_owner_state":"","top_operator":"","max_propensity_score":0.0,"field_name":"Unknown","production_trend":null},"geometry":{"type":"MultiPolygon","coordinates":[[[[-102.21137221180604,31.106099375822776],[-102.21141632986625,31.10639028807255],[-102.21146132827548,31.106687005696664],[-102.21150582542477,31.106980424315864],[-102.21155050762698,31.107275059575212],[-102.21159519072755,31.10756969392033],[-102.2116383287258,31.10785414093845],[-102.2114477116124,31.107875552862907],[-102.21099221994928,31.107926717951663],[-102.21047277003456,31.10798506671661],[-102.2102857354025,31.108006074047623],[-102.20986463933329,31.10805337186749],[-102.20977550489754,31.1080633836658],[-102.20932688624465,31.10811377106077],[-102.20916208671251,31.108132279453653],[-102.20798799133112,31.108264140880536],[-102.20756699048331,31.107677677546903],[-102.20739921752758,31.107443963862632],[-102.20704904165342,31.10695615252157],[-102.20648664238666,31.106160104685152],[-102.20592425300136,31.10536405325183],[-102.20479691852374,31.103802980104167],[-102.20312468575773,31.10148723998505],[-102.20259902668776,31.10080612893243],[-102.20244899995048,31.100590062855893],[-102.20262705592125,31.100405529422567],[-102.20359371413389,31.0994036898064],[-102.20359373389682,31.09940366980714],[-102.20463525411195,31.100163607436805],[-102.20584158913059,31.10104374259055],[-102.20584761772446,31.101048141584396],[-102.20585364811497,31.10105254057799],[-102.20592797741652,31.101106772253107],[-102.2064508328445,31.10148825300271],[-102.2095372788707,31.103740046838638],[-102.20963904272105,31.103814287627703],[-102.21015215502143,31.104188621968742],[-102.2102271077538,31.1042433025828],[-102.21038540168665,31.104358782404407],[-102.21047753649545,31.104425997184695],[-102.2105268216652,31.104461952423],[-102.2109961599601,31.104804344893193],[-102.21119817220288,31.104951715623802],[-102.21200788126063,31.105542403060287],[-102.21250816202553,31.10590655858148],[-102.21232905053428,31.105993864754524],[-102.21188248093854,31.1060431095234],[-102.21182042531872,31.10604995187147],[-102.21137221180604,31.106099375822776]],[[-102.20802321786667,31.107106734919054],[-102.20819052369843,31.107340700941634],[-102.2089657904499,31.106921715744352],[-102.2088164922463,31.10600095938711],[-102.20767401935953,31.10661839882749],[-102.20802321786667,31.107106734919054]]],[[[-102.2133174497734,31.106490988466135],[-102.21332084450687,31.10649352049222],[-102.21372521753874,31.106795173383055],[-102.21388222777905,31.10690970636431],[-102.21444290407712,31.107318698198142],[-102.21446091889182,31.10752758138023],[-102.21397207188389,31.107587233307445],[-102.21348322487594,31.10764688365893],[-102.21344149813099,31.10736301364267],[-102.2133980412308,31.107067361083242],[-102.21336263233725,31.106826468259012],[-102.21334805178186,31.106727264205027],[-102.2133174497734,31.106490988466135]]],[[[-102.21641528823406,31.108757430914928],[-102.2160250106673,31.10916655707776],[-102.2159425965282,31.108614130163318],[-102.21591592914068,31.108427344927886],[-102.21595669289162,31.10842291935638],[-102.21641626200783,31.1087564087453],[-102.21641528823406,31.108757430914928]]],[[[-102.2091457580356,31.1082449210672],[-102.20939073759672,31.110004994970232],[-102.2093217703391,31.11001297532556],[-102.20806097585469,31.108361937359145],[-102.2091457580356,31.1082449210672]]],[[[-102.21191896960708,31.113471037960178],[-102.21175864458338,31.109819741478187],[-102.21580993422535,31.109358004045834],[-102.21581415361223,31.109387617546087],[-102.21191896960708,31.113471037960178]]],[[[-102.21153100520216,31.113015144161007],[-102.21038289898027,31.111430593735214],[-102.20938187032657,31.110090569940226],[-102.21161896374322,31.109835659148636],[-102.21168163291237,31.113231516520916],[-102.21153100520216,31.113015144161007]]],[[[-102.21133846749069,31.113382948038595],[-102.21162425931182,31.11377997115642],[-102.21069354359203,31.11475557427867],[-102.21067195887238,31.114778199020968],[-102.20976280900763,31.115731171988596],[-102.20943680050956,31.116072883187297],[-102.20921003159586,31.116310577078682],[-102.20883613031671,31.116702489067404],[-102.2084147638546,31.117144147566233],[-102.20799666366686,31.117582376330205],[-102.20623736708183,31.119426316355913],[-102.20607865363574,31.119592661195636],[-102.20577661398609,31.119909220998725],[-102.20514437070598,31.119453533462252],[-102.20273026066931,31.1177135024895],[-102.19910235510558,31.115098411070633],[-102.19281916880087,31.1105686851322],[-102.19740721979142,31.105814824327542],[-102.1975548022128,31.105661897044513],[-102.19790089075242,31.105303275423644],[-102.19840094334522,31.104785100535565],[-102.2001533830897,31.10296909095248],[-102.2021543938598,31.100895384308384],[-102.20220852454219,31.100839284916834],[-102.20237116901595,31.10105151832543],[-102.20344495222452,31.10255758055926],[-102.20414834746504,31.10346895412879],[-102.20450847038434,31.103935549791515],[-102.20479554230474,31.104307491557933],[-102.20510638544417,31.10473903943441],[-102.20543674178823,31.10519767117212],[-102.20578522254145,31.1056814596533],[-102.2061306723789,31.106161034585018],[-102.20706371473528,31.107479561847732],[-102.20560947074938,31.108058140489412],[-102.20533992046859,31.108167846415423],[-102.20417681597469,31.108641215003345],[-102.20419201636761,31.108672862300512],[-102.20419414806979,31.10867199549374],[-102.20483186029335,31.108412516108995],[-102.20527437130063,31.108233845579743],[-102.20555521520116,31.108120448665392],[-102.20621685315402,31.107856040699904],[-102.20708650409571,31.107511764848915],[-102.20761325192383,31.108256116537817],[-102.20875943305607,31.109780975601932],[-102.2097862586298,31.111215903922183],[-102.2109957242772,31.112906413662586],[-102.21107486136215,31.113016740796773],[-102.21130988938656,31.113343246096974],[-102.21133846749069,31.113382948038595]]]]}},{"type":"Feature","properties":{"ABSTRACT_L":"B35--S79","ABSTRACT_N":"B35--S79","LEVEL1_SUR":null,"LEVEL2_BLO":"35","LEVEL3_SUR":"79","Surv_Sect":"79","SHAPE_AREA":613.1686887155997,"owner_count":0.0,"top_owner":"","top_owner_state":"","top_operator":"","max_propensity_score":0.0,"field_name":"Unknown","production_trend":null},"geometry":{"type":"MultiPolygon","coordinates":[[[[-102.21477146199396,31.099391276413428],[-102.21473090216057,31.09905405425716],[-102.21462680358881,31.098188564933757],[-102.21460668491973,31.098054340338233],[-102.21460275119708,31.098027384783375],[-102.21460282036736,31.098027376322054],[-102.21452484839733,31.0975083471339],[-102.2143439618351,31.096333425544945],[-102.2142260256147,31.095534520963884],[-102.21413400489195,31.094843495574633],[-102.21397665419015,31.09374350124236],[-102.21364331004948,31.091745043461565],[-102.2134567093037,31.090664248938147],[-102.21327055142737,31.08945918758564],[-102.21325764263673,31.089378357430935],[-102.21443987495799,31.088160904913114],[-102.22739641374307,31.097665622082626],[-102.21982332753873,31.10531539653424],[-102.21974969892311,31.105389763771353],[-102.21952304140052,31.105415792713597],[-102.21904900940822,31.105470228030256],[-102.218599013638,31.10552190128697],[-102.21834395138613,31.10555118986282],[-102.21767488256924,31.105628015125824],[-102.21773294517764,31.106019127458758],[-102.2177491229376,31.10612809966576],[-102.21780952386068,31.10653495202854],[-102.2185142315398,31.106458897413948],[-102.21871104523204,31.106438798101742],[-102.21794611000468,31.107211358702155],[-102.21786735200878,31.10729090383496],[-102.21777780614462,31.107381338357897],[-102.21711322171765,31.108052530436467],[-102.21702606447383,31.10814055223645],[-102.21645798785445,31.108202224286707],[-102.21589255318034,31.108263606334578],[-102.21582878357495,31.107816927142256],[-102.21582279540526,31.107774987767165],[-102.21577335123372,31.10743280752231],[-102.2156359350464,31.106481810255563],[-102.21554582953182,31.10584637873034],[-102.21549490314005,31.105487241704253],[-102.21545356895886,31.105056966336726],[-102.21543346556113,31.104847675449875],[-102.21542679018025,31.104792453695843],[-102.21539585759176,31.104536562614186],[-102.21537174231796,31.10433706125271],[-102.21529661171917,31.103715515006606],[-102.21528594692012,31.103629229732825],[-102.21527717936293,31.103558294687446],[-102.21522883383099,31.10316714529823],[-102.2152031743532,31.102959540890563],[-102.21517211330563,31.10278189387251],[-102.21508840110093,31.10230313412753],[-102.21507932901488,31.102251245287444],[-102.21503939440892,31.10197201038424],[-102.21502107776027,31.101794008463887],[-102.21500797762849,31.101666693162],[-102.21498657706348,31.10145870549648],[-102.21497810774699,31.10137640179005],[-102.21496947314047,31.101292485795675],[-102.21495074596174,31.101105598470877],[-102.21493299884499,31.10092850334044],[-102.21490493098395,31.100648402283394],[-102.21488739317464,31.10047337466309],[-102.21485010949709,31.1001013094239],[-102.21484160604462,31.100024539687414],[-102.21477146199396,31.099391276413428]],[[-102.21748665587283,31.104592812115584],[-102.21749645379764,31.104662256525206],[-102.21969822994889,31.104447851381003],[-102.21944370488956,31.102682682516512],[-102.21724522375875,31.102881681236624],[-102.21731544686114,31.103379387349992],[-102.21732506152962,31.103447531211486],[-102.21742068719163,31.104125269764197],[-102.21748665587283,31.104592812115584]]],[[[-102.21684159273529,31.108326855791354],[-102.21641918512577,31.10875345375976],[-102.21641632129663,31.108756344907782],[-102.21641626200783,31.1087564087453],[-102.21595669289162,31.10842291935638],[-102.21684159273529,31.108326855791354]]],[[[-102.21384899460512,31.095583060384303],[-102.21414060930591,31.097727274782233],[-102.21420951817304,31.098195339387818],[-102.214406145914,31.09953091814525],[-102.2144714552318,31.10006404336084],[-102.21453666393828,31.10059634408599],[-102.21461344564054,31.101223115840757],[-102.21469926169964,31.10183199764933],[-102.21475858913594,31.10225292671396],[-102.21485578415474,31.1029425321479],[-102.21505057034936,31.104402793103752],[-102.21508745248,31.104679288803826],[-102.21520575611133,31.10547038263009],[-102.21522971148501,31.10563057717185],[-102.21539223738117,31.10671737379049],[-102.21551598659975,31.10744307627798],[-102.21551794492709,31.107454562577086],[-102.21472475678571,31.107524297165863],[-102.21472412796501,31.10752383799117],[-102.21444290407712,31.107318698198142],[-102.21388222777905,31.10690970636431],[-102.21372521753874,31.106795173383055],[-102.21332084450687,31.10649352049222],[-102.2133174497734,31.106490988466135],[-102.2133164032361,31.106484570718074],[-102.21329566832271,31.106357454760175],[-102.21326895961269,31.106189166165635],[-102.21326895332449,31.10618913078482],[-102.2132689012222,31.106188820818325],[-102.21326852213313,31.106186527219876],[-102.21326817538345,31.106184278232003],[-102.21325331904526,31.106091662033094],[-102.21322119708734,31.10589548205211],[-102.21320867367396,31.105835527555087],[-102.21250880162599,31.105906493203715],[-102.21250816202553,31.10590655858148],[-102.21200788126063,31.105542403060287],[-102.21119817220288,31.104951715623802],[-102.2109961599601,31.104804344893193],[-102.2105268216652,31.104461952423],[-102.21047753649545,31.104425997184695],[-102.21038540168665,31.104358782404407],[-102.2102271077538,31.1042433025828],[-102.21015215502143,31.104188621968742],[-102.20963904272105,31.103814287627703],[-102.2095372788707,31.103740046838638],[-102.2064508328445,31.10148825300271],[-102.20592797741652,31.101106772253107],[-102.20585364811497,31.10105254057799],[-102.20584761772446,31.101048141584396],[-102.20584158913059,31.10104374259055],[-102.20463525411195,31.100163607436805],[-102.20359373389682,31.09940366980714],[-102.20355098217412,31.099372511710733],[-102.20383247735326,31.099082720233085],[-102.21293564781134,31.089709938178267],[-102.21300344186922,31.090082619537746],[-102.2132766950056,31.091630278337053],[-102.21354441002825,31.093535630077046],[-102.21384899460512,31.095583060384303]]]]}},{"type":"Feature","properties":{"ABSTRACT_L":"B35--S80","ABSTRACT_N":"B35--S80","LEVEL1_SUR":null,"LEVEL2_BLO":"35","LEVEL3_SUR":"80","Surv_Sect":"80","SHAPE_AREA":431.9418848070196,"owner_count":0.0,"top_owner":"","top_owner_state":"","top_operator":"","max_propensity_score":0.0,"field_name":"Unknown","production_trend":null},"geometry":{"type":"Polygon","coordinates":[[[-102.21723520215345,31.085366791527573],[-102.23733437422166,31.085585289412155],[-102.23851022850438,31.08644258810843],[-102.22739641374307,31.097665622082626],[-102.21443987495799,31.088160904913114],[-102.21723520215345,31.085366791527573]]]}},{"type":"Feature","properties":{"ABSTRACT_L":"B35-T5S-S36","ABSTRACT_N":"B35-T5S-S36","LEVEL1_SUR":null,"LEVEL2_BLO":"35 T5S","LEVEL3_SUR":"36","Surv_Sect":"36","SHAPE_AREA":152.08133542647994,"owner_count":0.0,"top_owner":"","top_owner_state":"","top_operator":"","max_propensity_score":0.0,"field_name":"Unknown","production_trend":null},"geometry":{"type":"Polygon","coordinates":[[[-101.82694270988284,31.59000799172944],[-101.82757481482241,31.592104451630686],[-101.82757484536513,31.592104552634993],[-101.82819168163981,31.594147146558598],[-101.82865736738479,31.5957562207899],[-101.8290907173728,31.597272358407473],[-101.82927231360412,31.597878771042183],[-101.82227170666235,31.599414355702848],[-101.81994778658189,31.591651469146562],[-101.82694270988284,31.59000799172944]]]}},{"type":"Feature","properties":{"ABSTRACT_L":"B35SEC--S63","ABSTRACT_N":"B35SEC--S63","LEVEL1_SUR":null,"LEVEL2_BLO":"35SEC","LEVEL3_SUR":"63","Surv_Sect":"63","SHAPE_AREA":41.86738515816229,"owner_count":0.0,"top_owner":"","top_owner_state":"","top_operator":"","max_propensity_score":0.0,"field_name":"Unknown","production_trend":null},"geometry":{"type":"Polygon","coordinates":[[[-102.23153896862463,31.1390041152658],[-102.23201680408384,31.138527052922374],[-102.2343186498628,31.13622885362594],[-102.23762854373112,31.138633595805743],[-102.2348604085393,31.14145876695283],[-102.23153896862463,31.1390041152658]]]}},{"type":"Feature","properties":{"ABSTRACT_L":"B36--S12","ABSTRACT_N":"B36--S12","LEVEL1_SUR":null,"LEVEL2_BLO":"36","LEVEL3_SUR":"12","Surv_Sect":"12","SHAPE_AREA":139.65958182326764,"owner_count":0.0,"top_owner":"","top_owner_state":"","top_operator":"","max_propensity_score":0.0,"field_name":"Unknown","production_trend":null},"geometry":{"type":"Polygon","coordinates":[[[-102.15738270505234,31.0846976193979],[-102.1733399986704,31.084878738327127],[-102.16680381803559,31.09150060237989],[-102.15738270505234,31.0846976193979]]]}},{"type":"Feature","properties":{"ABSTRACT_L":"B36--S13","ABSTRACT_N":"B36--S13","LEVEL1_SUR":null,"LEVEL2_BLO":"36","LEVEL3_SUR":"13","Surv_Sect":"13","SHAPE_AREA":651.6280569589583,"owner_count":0.0,"top_owner":"","top_owner_state":"","top_operator":"","max_propensity_score":0.0,"field_name":"Unknown","production_trend":null},"geometry":{"type":"Polygon","coordinates":[[[-102.14503573606959,31.09518884428093],[-102.14225355751495,31.093215536855325],[-102.15078344112501,31.084622140445816],[-102.15738270505234,31.0846976193979],[-102.16680381803559,31.09150060237989],[-102.15556883491548,31.102813543891685],[-102.14503573606959,31.09518884428093]]]}},{"type":"Feature","properties":{"ABSTRACT_L":"B36--S14","ABSTRACT_N":"B36--S14","LEVEL1_SUR":null,"LEVEL2_BLO":"36","LEVEL3_SUR":"14","Surv_Sect":"14","SHAPE_AREA":234.93949183991143,"owner_count":0.0,"top_owner":"","top_owner_state":"","top_operator":"","max_propensity_score":0.0,"field_name":"Unknown","production_trend":null},"geometry":{"type":"Polygon","coordinates":[[[-102.1301032836468,31.084383427123537],[-102.15078344112501,31.084622140445816],[-102.14225355751495,31.093215536855325],[-102.1301032836468,31.084383427123537]]]}},{"type":"Feature","properties":{"ABSTRACT_L":"B36--S3","ABSTRACT_N":"B36--S3","LEVEL1_SUR":null,"LEVEL2_BLO":"36","LEVEL3_SUR":"3","Surv_Sect":"3","SHAPE_AREA":511.78031260405385,"owner_count":0.0,"top_owner":"","top_owner_state":"","top_operator":"","max_propensity_score":0.0,"field_name":"Unknown","production_trend":null},"geometry":{"type":"MultiPolygon","coordinates":[[[[-102.2130833973194,31.088287180538966],[-102.2128624180477,31.087038593441466],[-102.21443987495799,31.088160904913114],[-102.21325764263673,31.089378357430935],[-102.2130833973194,31.088287180538966]]],[[[-102.19286102939479,31.08786225310095],[-102.19365386090499,31.088938541470064],[-102.19489154622872,31.090643854728707],[-102.19674058361232,31.093251160174162],[-102.19808852995067,31.09509456734486],[-102.19847294780682,31.095675733754362],[-102.19036511248015,31.089772309164044],[-102.19260300270248,31.087507020736073],[-102.19286102939479,31.08786225310095]]],[[[-102.20355098217412,31.099372511710733],[-102.1994774080249,31.0964070121269],[-102.19916188286619,31.095955741013903],[-102.19818880888582,31.094633729098014],[-102.19714550192158,31.093216048408397],[-102.19623120291362,31.09196897459999],[-102.1950682565232,31.090349131720114],[-102.1940708013677,31.08903370688658],[-102.19279654922201,31.087311097781438],[-102.19496001222642,31.085120986961414],[-102.21040742747908,31.085291856244652],[-102.21243654563614,31.086735590758437],[-102.21261883536684,31.087968308200736],[-102.21293564781134,31.089709938178267],[-102.20383247735326,31.099082720233085],[-102.20355098217412,31.099372511710733]]]]}},{"type":"Feature","properties":{"ABSTRACT_L":"B36--S4","ABSTRACT_N":"B36--S4","LEVEL1_SUR":null,"LEVEL2_BLO":"36","LEVEL3_SUR":"4","Surv_Sect":"4","SHAPE_AREA":652.2786141959236,"owner_count":0.0,"top_owner":"","top_owner_state":"","top_operator":"","max_propensity_score":0.0,"field_name":"Unknown","production_trend":null},"geometry":{"type":"MultiPolygon","coordinates":[[[[-102.20262705592125,31.100405529422567],[-102.20244899995048,31.100590062855893],[-102.20131247660585,31.098953225212234],[-102.20026151060549,31.097528432182663],[-102.1994774080249,31.0964070121269],[-102.20355098217412,31.099372511710733],[-102.20359371413389,31.0994036898064],[-102.20262705592125,31.100405529422567]]],[[[-102.19036511248015,31.089772309164044],[-102.19847294780682,31.095675733754362],[-102.19899926085031,31.096471406397068],[-102.20018197377023,31.098119551934293],[-102.20120491053709,31.09952965665457],[-102.20220852454219,31.100839284916834],[-102.2021543938598,31.100895384308384],[-102.2001533830897,31.10296909095248],[-102.19840094334522,31.104785100535565],[-102.19790089075242,31.105303275423644],[-102.1975548022128,31.105661897044513],[-102.19740721979142,31.105814824327542],[-102.19281916880087,31.1105686851322],[-102.17954404789016,31.10089672423831],[-102.19036511248015,31.089772309164044]]]]}},{"type":"Feature","properties":{"ABSTRACT_L":"B36--S5","ABSTRACT_N":"B36--S5","LEVEL1_SUR":null,"LEVEL2_BLO":"36","LEVEL3_SUR":"5","Surv_Sect":"5","SHAPE_AREA":671.3243462748846,"owner_count":0.0,"top_owner":"","top_owner_state":"","top_operator":"","max_propensity_score":0.0,"field_name":"Unknown","production_trend":null},"geometry":{"type":"Polygon","coordinates":[[[-102.19281916880087,31.1105686851322],[-102.18161121059778,31.12180499553728],[-102.16841413082737,31.112249073523973],[-102.17954404789016,31.10089672423831],[-102.19281916880087,31.1105686851322]]]}},{"type":"Feature","properties":{"ABSTRACT_L":"B36--S6","ABSTRACT_N":"B36--S6","LEVEL1_SUR":null,"LEVEL2_BLO":"36","LEVEL3_SUR":"6","Surv_Sect":"6","SHAPE_AREA":654.1333548399218,"owner_count":0.0,"top_owner":"","top_owner_state":"","top_operator":"","max_propensity_score":0.0,"field_name":"Unknown","production_trend":null},"geometry":{"type":"Polygon","coordinates":[[[-102.15556883491548,31.102813543891685],[-102.16680381803559,31.09150060237989],[-102.17954404789016,31.10089672423831],[-102.16841413082737,31.112249073523973],[-102.15556883491548,31.102813543891685]]]}},{"type":"Feature","properties":{"ABSTRACT_L":"B36--S7","ABSTRACT_N":"B36--S7","LEVEL1_SUR":null,"LEVEL2_BLO":"36","LEVEL3_SUR":"7","Surv_Sect":"7","SHAPE_AREA":571.8761148771972,"owner_count":0.0,"top_owner":"","top_owner_state":"","top_operator":"","max_propensity_score":0.0,"field_name":"Unknown","production_trend":null},"geometry":{"type":"Polygon","coordinates":[[[-102.16680381803559,31.09150060237989],[-102.1733399986704,31.084878738327127],[-102.18384770214321,31.084996926614473],[-102.19036511248015,31.089772309164044],[-102.17954404789016,31.10089672423831],[-102.16680381803559,31.09150060237989]]]}},{"type":"Feature","properties":{"ABSTRACT_L":"B36--S8","ABSTRACT_N":"B36--S8","LEVEL1_SUR":null,"LEVEL2_BLO":"36","LEVEL3_SUR":"8","Surv_Sect":"8","SHAPE_AREA":66.24834989667443,"owner_count":0.0,"top_owner":"","top_owner_state":"","top_operator":"","max_propensity_score":0.0,"field_name":"Unknown","production_trend":null},"geometry":{"type":"MultiPolygon","coordinates":[[[[-102.19196056803546,31.086187347665224],[-102.1911454394416,31.08507850827371],[-102.19496001222642,31.085120986961414],[-102.19279654922201,31.087311097781438],[-102.19267118662918,31.087141621488108],[-102.19196056803546,31.086187347665224]]],[[[-102.19076653903792,31.085074282406413],[-102.19169011584613,31.08625020485863],[-102.19260300270248,31.087507020736073],[-102.19036511248015,31.089772309164044],[-102.18384770214321,31.084996926614473],[-102.19076653903792,31.085074282406413]]]]}},{"type":"Feature","properties":{"ABSTRACT_L":"A-977","ABSTRACT_N":"977","LEVEL1_SUR":null,"LEVEL2_BLO":"37 T5S","LEVEL3_SUR":"16","Surv_Sect":"16","SHAPE_AREA":228.3256848848136,"owner_count":2778.0,"top_owner":"A & G REED ENTERPRISES LLC","top_owner_state":"CA","top_operator":"PIONEER NATURAL RES.","max_propensity_score":9.0,"field_name":"Unknown","production_trend":null},"geometry":{"type":"Polygon","coordinates":[[[-101.78828035462654,31.644875502087004],[-101.78839568932588,31.644849263496415],[-101.79073823148217,31.64431631413312],[-101.79149152454345,31.6468736480435],[-101.79177075776468,31.647821573808375],[-101.79180800730626,31.64794802502079],[-101.7922324684645,31.64918314351581],[-101.79293836371646,31.65123712462308],[-101.7929487689024,31.65126739978009],[-101.77587480740243,31.651381402393124],[-101.77574519128672,31.651381270100533],[-101.77574534849188,31.650969092204452],[-101.77574662050634,31.647606310020418],[-101.77706096805642,31.647312252537827],[-101.77828394795895,31.6470462468139],[-101.77980119259234,31.646717142807788],[-101.78171348754164,31.646294611845015],[-101.78514102028798,31.645554649218052],[-101.78758467501602,31.645026010201207],[-101.78828035462654,31.644875502087004]]]}},{"type":"Feature","properties":{"ABSTRACT_L":"A-388","ABSTRACT_N":"388","LEVEL1_SUR":null,"LEVEL2_BLO":"37 T5S","LEVEL3_SUR":"17","Surv_Sect":"17","SHAPE_AREA":401.7126566650601,"owner_count":2339.0,"top_owner":"A & G REED ENTERPRISES LLC","top_owner_state":"CA","top_operator":"PIONEER NAT RES USA","max_propensity_score":9.0,"field_name":"Unknown","production_trend":null},"geometry":{"type":"Polygon","coordinates":[[[-101.80622102328905,31.640817178227863],[-101.80637427138494,31.640779325245887],[-101.8065228221902,31.640743933324753],[-101.80665841210256,31.640716990731075],[-101.8068163053868,31.64067900310622],[-101.80691215023772,31.640650417735202],[-101.80803282191087,31.644297194490886],[-101.80853472503314,31.64579444229897],[-101.80923304748724,31.64787755251305],[-101.81041799272064,31.65141208508645],[-101.8018760977369,31.651402631141327],[-101.80182119989325,31.651401801445356],[-101.7929487689024,31.65126739978009],[-101.79293836371646,31.65123712462308],[-101.7922324684645,31.64918314351581],[-101.79180800730626,31.64794802502079],[-101.79177075776468,31.647821573808375],[-101.79149152454345,31.6468736480435],[-101.79073823148217,31.64431631413312],[-101.79145766793872,31.64415283383822],[-101.79264481045129,31.64388306487434],[-101.79417691052457,31.643534889522886],[-101.79436580197431,31.643492449076618],[-101.79522966596895,31.643298347741375],[-101.79888778996052,31.642465880706364],[-101.79889392904717,31.64246447582347],[-101.7988980217716,31.6424635382151],[-101.80134068386126,31.641904264630444],[-101.80141695981203,31.64188612722813],[-101.8018656179908,31.641779442582603],[-101.802637496297,31.641595895423837],[-101.80377702630288,31.64134246390952],[-101.80404182269919,31.64128357204696],[-101.8040746192919,31.64127634258162],[-101.80561978715758,31.640935698992397],[-101.80565443338149,31.640928060341192],[-101.80622102328905,31.640817178227863]]]}},{"type":"Feature","properties":{"ABSTRACT_L":"A-613","ABSTRACT_N":"613","LEVEL1_SUR":null,"LEVEL2_BLO":"37 T5S","LEVEL3_SUR":"18","Surv_Sect":"18","SHAPE_AREA":596.1383582643512,"owner_count":1847.0,"top_owner":"SALINE DONALD W ESTATE","top_owner_state":"MN","top_operator":"PIONEER NATURAL RES.","max_propensity_score":10.0,"field_name":"Unknown","production_trend":null},"geometry":{"type":"Polygon","coordinates":[[[-101.8167931692054,31.638267986567843],[-101.81903438499089,31.637749303705654],[-101.82122847605491,31.637259969185855],[-101.82318936536949,31.63681830159811],[-101.82369234018189,31.636698288015353],[-101.8258952473121,31.643902459150002],[-101.82813366125224,31.650938394070895],[-101.82730710249471,31.651139256981036],[-101.82592215185487,31.651422874955493],[-101.82410354939309,31.65142170726385],[-101.81980057965629,31.65141883965168],[-101.81041799272064,31.65141208508645],[-101.80923304748724,31.64787755251305],[-101.80853472503314,31.64579444229897],[-101.80803282191087,31.644297194490886],[-101.80691215023772,31.640650417735202],[-101.8069460328936,31.64064031262816],[-101.80703802936186,31.640606031122715],[-101.80708774212968,31.640579979464476],[-101.80711989463032,31.640561787504037],[-101.80716518139876,31.640537296761835],[-101.80723826204206,31.64050113154954],[-101.80730074346333,31.640472655488352],[-101.80735156654883,31.64044754295099],[-101.80746029413926,31.640403017050428],[-101.80763625883205,31.640351582802115],[-101.80785806814707,31.640298976869985],[-101.81452932395956,31.63877729925998],[-101.81551617270652,31.638555287329392],[-101.8167931692054,31.638267986567843]]]}},{"type":"Feature","properties":{"ABSTRACT_L":"A-390","ABSTRACT_N":"390","LEVEL1_SUR":null,"LEVEL2_BLO":"37 T5S","LEVEL3_SUR":"19","Surv_Sect":"19","SHAPE_AREA":630.9346758249683,"owner_count":1.0,"top_owner":"CIVITAS PERMIAN OPERATING LLC","top_owner_state":"CO","top_operator":"CIVITAS PERMIAN OP","max_propensity_score":6.0,"field_name":"Unknown","production_trend":null},"geometry":{"type":"Polygon","coordinates":[[[-101.82311059210222,31.636569675421054],[-101.821152174053,31.63701078663937],[-101.8196303165706,31.637350202551445],[-101.81895709843543,31.637500341206298],[-101.81671557183284,31.63801909658406],[-101.8155710193462,31.638276599798715],[-101.81445225210146,31.63852829056534],[-101.8137584346985,31.638686565569483],[-101.81297704952165,31.638864810760236],[-101.80777906940267,31.64005040894528],[-101.80760436953778,31.64009184220493],[-101.80754729148295,31.640105380512402],[-101.80746350292144,31.640129870603555],[-101.80633117111591,31.63629654218868],[-101.8061668126566,31.63574012637732],[-101.80326293124556,31.625907884336616],[-101.81138359900606,31.624142305272077],[-101.81537715392471,31.62327381689336],[-101.81932771727053,31.62241453481724],[-101.82151805427496,31.62957882720888],[-101.82256666129936,31.633013793828667],[-101.82337682310802,31.635667867925132],[-101.82361534647721,31.636449237042495],[-101.82311059210222,31.636569675421054]]]}},{"type":"Feature","properties":{"ABSTRACT_L":"A-597","ABSTRACT_N":"597","LEVEL1_SUR":null,"LEVEL2_BLO":"37 T5S","LEVEL3_SUR":"20","Surv_Sect":"20","SHAPE_AREA":663.5202163547979,"owner_count":1476.0,"top_owner":"A & G REED ENTERPRISES LLC","top_owner_state":"CA","top_operator":"PIONEER NATURAL RES.","max_propensity_score":9.0,"field_name":"Unknown","production_trend":null},"geometry":{"type":"Polygon","coordinates":[[[-101.80326293124556,31.625907884336616],[-101.8061668126566,31.63574012637732],[-101.80633117111591,31.63629654218868],[-101.80746350292144,31.640129870603555],[-101.80734622875941,31.64016414922534],[-101.8072110637502,31.640219502354807],[-101.80715462349922,31.640247389606454],[-101.80709205494136,31.64027590703521],[-101.80700930393402,31.640316856848447],[-101.80695639046884,31.64034547061912],[-101.80692600944593,31.64036266151503],[-101.80689860543987,31.64037702269437],[-101.80683620217204,31.640400276053015],[-101.80672590612312,31.64043317107558],[-101.80658355638825,31.640467418994078],[-101.80644833837844,31.64049428824057],[-101.80629212224883,31.64053150656606],[-101.80614563217883,31.64056769012141],[-101.80558328142108,31.64067774274061],[-101.80396637858837,31.641034201438742],[-101.8025592970532,31.641347136712046],[-101.80070662418763,31.641787679983327],[-101.79898902649978,31.64217682999115],[-101.79866360460159,31.642250557101423],[-101.79515273155306,31.64304931138591],[-101.7941000237194,31.64328584309429],[-101.79070100080523,31.644058244899092],[-101.78989918344723,31.641089145656903],[-101.78886779443187,31.637590243175755],[-101.78788851129625,31.63403908907022],[-101.78666285980407,31.629592871100087],[-101.7941728339698,31.628009958006544],[-101.79457917880373,31.627915963794678],[-101.80326293124556,31.625907884336616]]]}},{"type":"Feature","properties":{"ABSTRACT_L":"B37-T5S-S21","ABSTRACT_N":"B37-T5S-S21","LEVEL1_SUR":null,"LEVEL2_BLO":"37 T5S","LEVEL3_SUR":"21","Surv_Sect":"21","SHAPE_AREA":514.9893307318255,"owner_count":0.0,"top_owner":"","top_owner_state":"","top_operator":"","max_propensity_score":0.0,"field_name":"Unknown","production_trend":null},"geometry":{"type":"Polygon","coordinates":[[[-101.77575250267482,31.632059744340005],[-101.78666285980407,31.629592871100087],[-101.78788851129625,31.63403908907022],[-101.78886779443187,31.637590243175755],[-101.78989918344723,31.641089145656903],[-101.79070100080523,31.644058244899092],[-101.78820474881898,31.64462616481983],[-101.78506727129809,31.645304909985953],[-101.78163899923828,31.6460450336668],[-101.77972653899899,31.646467600941808],[-101.77820994384753,31.64679656435544],[-101.77820984593116,31.646796585768023],[-101.77820974801479,31.64679660718061],[-101.77698577367724,31.647062828508627],[-101.77574672291428,31.647340041306062],[-101.77575250267482,31.632059744340005]]]}},{"type":"Feature","properties":{"ABSTRACT_L":"A-612","ABSTRACT_N":"612","LEVEL1_SUR":"T&P","LEVEL2_BLO":"37 T5S","LEVEL3_SUR":"28","Surv_Sect":"28","SHAPE_AREA":339.91049972297066,"owner_count":52.0,"top_owner":"COBBLESTONE MINERALS LP","top_owner_state":"LA","top_operator":"PIONEER NATURAL RES","max_propensity_score":8.0,"field_name":"Unknown","production_trend":null},"geometry":{"type":"Polygon","coordinates":[[[-101.77575408550635,31.627872333700033],[-101.77571845922049,31.625145409506924],[-101.7757121278944,31.62465875396487],[-101.775681437851,31.62230022743211],[-101.77567889921202,31.617206056735117],[-101.78229498678799,31.615713725051133],[-101.7845099897335,31.622544406176427],[-101.78666285980407,31.629592871100087],[-101.77575250267482,31.632059744340005],[-101.77575408550635,31.627872333700033]]]}},{"type":"Feature","properties":{"ABSTRACT_L":"A-393","ABSTRACT_N":"393","LEVEL1_SUR":null,"LEVEL2_BLO":"37 T5S","LEVEL3_SUR":"29","Surv_Sect":"29","SHAPE_AREA":655.1818951569958,"owner_count":273.0,"top_owner":"SINGER FAMILY LLC","top_owner_state":"NM","top_operator":"PIONEER NATURAL RES","max_propensity_score":8.0,"field_name":"Unknown","production_trend":null},"geometry":{"type":"Polygon","coordinates":[[[-101.79880214547964,31.61172043262167],[-101.80101339616222,31.618933637799362],[-101.80326293124556,31.625907884336616],[-101.79457917880373,31.627915963794678],[-101.7941728339698,31.628009958006544],[-101.78666285980407,31.629592871100087],[-101.7845099897335,31.622544406176427],[-101.78229498678799,31.615713725051133],[-101.78214899438463,31.615399668504395],[-101.79028833362831,31.613594997082952],[-101.79880214547964,31.61172043262167]]]}},{"type":"Feature","properties":{"ABSTRACT_L":"A-574","ABSTRACT_N":"574","LEVEL1_SUR":"A-574","LEVEL2_BLO":"37 T5S","LEVEL3_SUR":"30","Surv_Sect":"30","SHAPE_AREA":637.4892611970378,"owner_count":99.0,"top_owner":"SINGER FAMILY LLC","top_owner_state":"NM","top_operator":"CIVITAS PERMIAN","max_propensity_score":8.0,"field_name":"Unknown","production_trend":null},"geometry":{"type":"Polygon","coordinates":[[[-101.80101339616222,31.618933637799362],[-101.79880214547964,31.61172043262167],[-101.79885532664278,31.611706871057642],[-101.80694070588396,31.609942063015094],[-101.81501652884718,31.608178751621193],[-101.81932771727053,31.62241453481724],[-101.81537715392471,31.62327381689336],[-101.81138359900606,31.624142305272077],[-101.80326293124556,31.625907884336616],[-101.80101339616222,31.618933637799362]]]}},{"type":"Feature","properties":{"ABSTRACT_L":"A-394","ABSTRACT_N":"394","LEVEL1_SUR":null,"LEVEL2_BLO":"37 T5S","LEVEL3_SUR":"31","Surv_Sect":"31","SHAPE_AREA":628.8619074079169,"owner_count":34.0,"top_owner":"SINGER FAMILY LLC","top_owner_state":"NM","top_operator":"PIONEER NATURAL RES","max_propensity_score":8.0,"field_name":"Unknown","production_trend":null},"geometry":{"type":"Polygon","coordinates":[[[-101.80694070588396,31.609942063015094],[-101.79885532664278,31.611706871057642],[-101.79680433091532,31.604843812092263],[-101.79458638059737,31.59757187418658],[-101.80253693888409,31.595711593161354],[-101.81031605819041,31.59389086256675],[-101.81263391464269,31.601259974442318],[-101.81501652884718,31.608178751621193],[-101.80694070588396,31.609942063015094]]]}},{"type":"Feature","properties":{"ABSTRACT_L":"A-567","ABSTRACT_N":"567","LEVEL1_SUR":"T&P","LEVEL2_BLO":"37 T5S","LEVEL3_SUR":"32","Surv_Sect":"32","SHAPE_AREA":647.6194133298671,"owner_count":224.0,"top_owner":"SINGER FAMILY LLC","top_owner_state":"NM","top_operator":"PIONEER NATURAL RES","max_propensity_score":8.0,"field_name":"Unknown","production_trend":null},"geometry":{"type":"Polygon","coordinates":[[[-101.78026321141435,31.60877444072057],[-101.77811018234196,31.601362766010812],[-101.78546995370063,31.599685034804665],[-101.79418195815813,31.597667118674202],[-101.79458638059737,31.59757187418658],[-101.79680433091532,31.604843812092263],[-101.79885532664278,31.611706871057642],[-101.79880214547964,31.61172043262167],[-101.79028833362831,31.613594997082952],[-101.78214899438463,31.615399668504395],[-101.78026321141435,31.60877444072057]]]}},{"type":"Feature","properties":{"ABSTRACT_L":"A-395","ABSTRACT_N":"395","LEVEL1_SUR":null,"LEVEL2_BLO":"37 T5S","LEVEL3_SUR":"33","Surv_Sect":"33","SHAPE_AREA":179.33815529166196,"owner_count":404.0,"top_owner":"MCNAMARA DOROTHY M ESTATE","top_owner_state":"NJ","top_operator":"PIONEER NATURAL RES","max_propensity_score":9.0,"field_name":"Unknown","production_trend":null},"geometry":{"type":"Polygon","coordinates":[[[-101.77567128868495,31.601931072821582],[-101.77811018234196,31.601362766010812],[-101.78026321141435,31.60877444072057],[-101.78214899438463,31.615399668504395],[-101.78229498678799,31.615713725051133],[-101.77567889921202,31.617206056735117],[-101.77567128868495,31.601931072821582]]]}},{"type":"Feature","properties":{"ABSTRACT_L":"B37-T5S-S40","ABSTRACT_N":"B37-T5S-S40","LEVEL1_SUR":null,"LEVEL2_BLO":"37 T5S","LEVEL3_SUR":"40","Surv_Sect":"40","SHAPE_AREA":21.52927532671311,"owner_count":0.0,"top_owner":"","top_owner_state":"","top_operator":"","max_propensity_score":0.0,"field_name":"Unknown","production_trend":null},"geometry":{"type":"Polygon","coordinates":[[[-101.77578238423443,31.59511519306732],[-101.77811018234196,31.601362766010812],[-101.77567128868495,31.601931072821582],[-101.77578238423443,31.59511519306732]]]}},{"type":"Feature","properties":{"ABSTRACT_L":"A-397","ABSTRACT_N":"397","LEVEL1_SUR":"T&P","LEVEL2_BLO":"37 T5S","LEVEL3_SUR":"41","Surv_Sect":"41","SHAPE_AREA":620.946457172504,"owner_count":204.0,"top_owner":"KRP LEGACY NBR LLC","top_owner_state":"LA","top_operator":"PIONEER NATURAL RES","max_propensity_score":8.0,"field_name":"Unknown","production_trend":null},"geometry":{"type":"Polygon","coordinates":[[[-101.79085219265743,31.586997633908158],[-101.79418195815813,31.597667118674202],[-101.78546995370063,31.599685034804665],[-101.77811018234196,31.601362766010812],[-101.77578238423443,31.59511519306732],[-101.77566366468312,31.586623608994476],[-101.78170489874921,31.58531983757409],[-101.7897877806739,31.583574939583208],[-101.79085219265743,31.586997633908158]]]}},{"type":"Feature","properties":{"ABSTRACT_L":"A-638","ABSTRACT_N":"638","LEVEL1_SUR":"T&P/DAVIDSON J BLK37 SEC42","LEVEL2_BLO":"37 T5S","LEVEL3_SUR":"42","Surv_Sect":"42","SHAPE_AREA":652.7933460604595,"owner_count":363.0,"top_owner":"KRP LEGACY ISLES LLC","top_owner_state":"LA","top_operator":"DIAMONDBACK E&P LLC","max_propensity_score":8.0,"field_name":"Unknown","production_trend":null},"geometry":{"type":"Polygon","coordinates":[[[-101.80868854445755,31.586844159265528],[-101.81079267912735,31.59378022281616],[-101.81031605819041,31.59389086256675],[-101.80253693888409,31.595711593161354],[-101.79458638059737,31.59757187418658],[-101.79418195815813,31.597667118674202],[-101.79085219265743,31.586997633908158],[-101.7897877806739,31.583574939583208],[-101.79811383295275,31.581669158514796],[-101.80637037449323,31.579777627120492],[-101.80751803335414,31.582982381453306],[-101.80868854445755,31.586844159265528]]]}},{"type":"Feature","properties":{"ABSTRACT_L":"A-398","ABSTRACT_N":"398","LEVEL1_SUR":"T&P","LEVEL2_BLO":"37 T5S","LEVEL3_SUR":"43","Surv_Sect":"43","SHAPE_AREA":662.6165877993077,"owner_count":198.0,"top_owner":"DAVISON HOLDINGS LLC","top_owner_state":"CO","top_operator":"PIONEER NATURAL RES.","max_propensity_score":8.0,"field_name":"Unknown","production_trend":null},"geometry":{"type":"Polygon","coordinates":[[[-101.8015151941816,31.56562221236542],[-101.80403743712397,31.572715823212356],[-101.80637037449323,31.579777627120492],[-101.79811383295275,31.581669158514796],[-101.7897877806739,31.583574939583208],[-101.78739188757288,31.576569270476302],[-101.7849002403508,31.56930172917902],[-101.7928615478782,31.56753894505812],[-101.8015151941816,31.56562221236542]]]}},{"type":"Feature","properties":{"ABSTRACT_L":"A-563","ABSTRACT_N":"563","LEVEL1_SUR":"T&P","LEVEL2_BLO":"37 T5S","LEVEL3_SUR":"44","Surv_Sect":"44","SHAPE_AREA":462.6582392398185,"owner_count":360.0,"top_owner":"DAVISON HOLDINGS LLC","top_owner_state":"CO","top_operator":"PIONEER NATURAL RES","max_propensity_score":8.0,"field_name":"Unknown","production_trend":null},"geometry":{"type":"Polygon","coordinates":[[[-101.77565616734374,31.571562748207533],[-101.7768933361362,31.57126019301991],[-101.7849002403508,31.56930172917902],[-101.78739188757288,31.576569270476302],[-101.7897877806739,31.583574939583208],[-101.78170489874921,31.58531983757409],[-101.77566366468312,31.586623608994476],[-101.77565616734374,31.571562748207533]]]}},{"type":"Feature","properties":{"ABSTRACT_L":"A-776","ABSTRACT_N":"776","LEVEL1_SUR":null,"LEVEL2_BLO":"37 T5S","LEVEL3_SUR":"7","Surv_Sect":"7","SHAPE_AREA":1.440428682047881,"owner_count":2.0,"top_owner":"CHEVRON USA INC-RI/ORRI","top_owner_state":"TX","top_operator":"PIONEER NATURAL RES.","max_propensity_score":3.0,"field_name":"Unknown","production_trend":null},"geometry":{"type":"Polygon","coordinates":[[[-101.82592215185487,31.651422874955493],[-101.82730710249471,31.651139256981036],[-101.82813366125224,31.650938394070895],[-101.82829375091735,31.651424361525635],[-101.82592215185487,31.651422874955493]]]}},{"type":"Feature","properties":{"ABSTRACT_L":"B38--S14","ABSTRACT_N":"B38--S14","LEVEL1_SUR":null,"LEVEL2_BLO":"38","LEVEL3_SUR":"14","Surv_Sect":"14","SHAPE_AREA":3.47296163923213,"owner_count":0.0,"top_owner":"","top_owner_state":"","top_operator":"","max_propensity_score":0.0,"field_name":"Unknown","production_trend":null},"geometry":{"type":"Polygon","coordinates":[[[-101.83998101691836,31.632951220065003],[-101.84063634420633,31.63280799442634],[-101.84102868340668,31.632717180721514],[-101.84139531821349,31.633907968710396],[-101.84035006909161,31.634149905841024],[-101.83998101691836,31.632951220065003]]]}},{"type":"Feature","properties":{"ABSTRACT_L":"A-565","ABSTRACT_N":"565","LEVEL1_SUR":null,"LEVEL2_BLO":"38 T5S","LEVEL3_SUR":"10","Surv_Sect":"10","SHAPE_AREA":485.2208437509128,"owner_count":63.0,"top_owner":"CAPROCK ENERGY LLC","top_owner_state":"NV","top_operator":"PIONEER NATURAL RES.","max_propensity_score":10.0,"field_name":"Unknown","production_trend":null},"geometry":{"type":"Polygon","coordinates":[[[-101.87541592747976,31.65140192762034],[-101.8738646609516,31.65139817754749],[-101.8693067762866,31.65144323729321],[-101.86418925826763,31.65144158784308],[-101.86369673445522,31.649896311680408],[-101.86316821604771,31.64820599321981],[-101.86276182180643,31.64693396412268],[-101.86225156165706,31.645269886866107],[-101.86146168380752,31.64289493570559],[-101.87541601641297,31.639517754053152],[-101.87778287416737,31.638945073411584],[-101.88211190313227,31.65141795336831],[-101.87541592747976,31.65140192762034]]]}},{"type":"Feature","properties":{"ABSTRACT_L":"A-123","ABSTRACT_N":"123","LEVEL1_SUR":null,"LEVEL2_BLO":"38 T5S","LEVEL3_SUR":"11","Surv_Sect":"11","SHAPE_AREA":304.33863943537676,"owner_count":5195.0,"top_owner":"KRP LEGACY ISLES LLC","top_owner_state":"LA","top_operator":"PIONEER NATURAL RES","max_propensity_score":10.0,"field_name":"Unknown","production_trend":null},"geometry":{"type":"Polygon","coordinates":[[[-101.86113749170295,31.642974566240582],[-101.86192621791228,31.645345974590533],[-101.86243602710739,31.647008600551647],[-101.86284263155446,31.64828130158314],[-101.86337111582597,31.649971533027],[-101.86383962138262,31.651441467021048],[-101.85442987478268,31.651437891300635],[-101.84554231077256,31.65143387511485],[-101.8442057901063,31.647086842633176],[-101.85257174285515,31.64505471123359],[-101.86113749170295,31.642974566240582]]]}},{"type":"Feature","properties":{"ABSTRACT_L":"A-966","ABSTRACT_N":"966","LEVEL1_SUR":null,"LEVEL2_BLO":"38 T5S","LEVEL3_SUR":"12","Surv_Sect":"12","SHAPE_AREA":108.36420239319624,"owner_count":1114.0,"top_owner":"DIXIE CHICKEN MINERALS LLC","top_owner_state":"FL","top_operator":"PIONEER NAT RES USA","max_propensity_score":10.0,"field_name":"Unknown","production_trend":null},"geometry":{"type":"Polygon","coordinates":[[[-101.82829375091735,31.651424361525635],[-101.82813366125224,31.650938394070895],[-101.8442057901063,31.647086842633176],[-101.84554231077256,31.65143387511485],[-101.82829375091735,31.651424361525635]]]}},{"type":"Feature","properties":{"ABSTRACT_L":"A-403","ABSTRACT_N":"403","LEVEL1_SUR":"T&P","LEVEL2_BLO":"38 T5S","LEVEL3_SUR":"13","Surv_Sect":"13","SHAPE_AREA":638.4811694780734,"owner_count":580.0,"top_owner":"DIXIE CHICKEN MINERALS LLC","top_owner_state":"FL","top_operator":"PIONEER NATURAL RES","max_propensity_score":10.0,"field_name":"Unknown","production_trend":null},"geometry":{"type":"Polygon","coordinates":[[[-101.83663564857949,31.633698877110643],[-101.83681058110803,31.63365813930401],[-101.83821932452646,31.63333623023108],[-101.83986116099821,31.63297741535724],[-101.8442057901063,31.647086842633176],[-101.82813366125224,31.650938394070895],[-101.8258952473121,31.643902459150002],[-101.82369234018189,31.636698288015353],[-101.82520294446871,31.63633783256979],[-101.82767720030692,31.635774275067337],[-101.83013302181718,31.63520357752178],[-101.83161611969,31.634860665373047],[-101.83256377044953,31.634641546639575],[-101.83397198206534,31.63431711547764],[-101.83461039317817,31.63417002950813],[-101.83479666334391,31.63412711364697],[-101.83614933571896,31.633812124952836],[-101.83663564857949,31.633698877110643]]]}},{"type":"Feature","properties":{"ABSTRACT_L":"A-740","ABSTRACT_N":"740","LEVEL1_SUR":"T&P","LEVEL2_BLO":"38 T5S","LEVEL3_SUR":"14","Surv_Sect":"14","SHAPE_AREA":641.7375045798883,"owner_count":541.0,"top_owner":"DIXIE CHICKEN MINERALS LLC","top_owner_state":"FL","top_operator":"PIONEER NATURAL RES.","max_propensity_score":10.0,"field_name":"Unknown","production_trend":null},"geometry":{"type":"Polygon","coordinates":[[[-101.84267260576651,31.632342679375135],[-101.84309256097532,31.632239440157964],[-101.84355779217276,31.632131744014902],[-101.84387713067984,31.63205781996276],[-101.8471094271756,31.631306643598677],[-101.84972941221075,31.630694935543175],[-101.8512546518502,31.630338423447178],[-101.85230825530421,31.63009137623618],[-101.85254980958916,31.63004495767226],[-101.85310119012068,31.629946525427723],[-101.85323792628333,31.6299295276491],[-101.8534731986495,31.629914732702986],[-101.85364669836515,31.629913508140522],[-101.8539481837543,31.62993201348738],[-101.85425640111816,31.629974496836326],[-101.85463669391055,31.63004374458463],[-101.85483481195656,31.630095357394865],[-101.85501132282506,31.630150243061774],[-101.85545223483112,31.63031300910904],[-101.85586653963679,31.6305310083291],[-101.85636592657796,31.63087408023503],[-101.85677165516762,31.631258744867576],[-101.85704774877692,31.63161591503977],[-101.85716259569105,31.63178536185257],[-101.85728772382362,31.63202882121403],[-101.857462547656,31.632449989023364],[-101.85812474256433,31.634330313508478],[-101.85859676322868,31.635736349668655],[-101.85902626213905,31.636954583419445],[-101.85963216681503,31.63863981860634],[-101.86014495931519,31.64016940179726],[-101.86113710273241,31.642973467271787],[-101.86113749170295,31.642974566240582],[-101.85257174285515,31.64505471123359],[-101.8442057901063,31.647086842633176],[-101.83986116099821,31.63297741535724],[-101.83998101691836,31.632951220065003],[-101.84035006909161,31.634149905841024],[-101.84139531821349,31.633907968710396],[-101.84102868340668,31.632717180721514],[-101.84143188952702,31.632623850567573],[-101.84205229301168,31.6324862690351],[-101.84267260576651,31.632342679375135]]]}},{"type":"Feature","properties":{"ABSTRACT_L":"B38-T5S-S15","ABSTRACT_N":"B38-T5S-S15","LEVEL1_SUR":null,"LEVEL2_BLO":"38 T5S","LEVEL3_SUR":"15","Surv_Sect":"15","SHAPE_AREA":637.2354008709857,"owner_count":0.0,"top_owner":"","top_owner_state":"","top_operator":"","max_propensity_score":0.0,"field_name":"Unknown","production_trend":null},"geometry":{"type":"Polygon","coordinates":[[[-101.8604684543271,31.640087830882532],[-101.85995544802792,31.638557626095107],[-101.85934886153063,31.636870510265187],[-101.858920270817,31.635654861290718],[-101.85844825733918,31.63424886672951],[-101.85778306295612,31.632360036958673],[-101.85760136970674,31.631922328711994],[-101.85747960845987,31.631685423147935],[-101.85741166528166,31.63149186239951],[-101.85719274494862,31.63100887928063],[-101.85712601988594,31.630869191979038],[-101.85687175354141,31.630135530756867],[-101.85671401476742,31.629697330935993],[-101.8565923217925,31.629253006195565],[-101.85658639830153,31.629226123757853],[-101.85658694986711,31.629193292080675],[-101.85658877075217,31.629159898970236],[-101.85659529701272,31.629131996920755],[-101.85660740809938,31.629104232541355],[-101.85664129524685,31.629062374467196],[-101.85667728984195,31.62904086985039],[-101.85672355757066,31.62902608700101],[-101.85797009040165,31.62872104363797],[-101.86470461186465,31.627189838747462],[-101.86640430972217,31.626773710755696],[-101.86748005844457,31.626542698646713],[-101.8696067596926,31.62605107623474],[-101.8714937185576,31.625615569541374],[-101.8731550601491,31.625218707999693],[-101.87541589244546,31.63192686125414],[-101.87778287416737,31.638945073411584],[-101.87541601641297,31.639517754053152],[-101.86146168380752,31.64289493570559],[-101.8604684543271,31.640087830882532]]]}},{"type":"Feature","properties":{"ABSTRACT_L":"B38-T5S-S16","ABSTRACT_N":"B38-T5S-S16","LEVEL1_SUR":null,"LEVEL2_BLO":"38 T5S","LEVEL3_SUR":"16","Surv_Sect":"16","SHAPE_AREA":664.4276883526663,"owner_count":0.0,"top_owner":"","top_owner_state":"","top_operator":"","max_propensity_score":0.0,"field_name":"Unknown","production_trend":null},"geometry":{"type":"Polygon","coordinates":[[[-101.87541589244546,31.63192686125414],[-101.8731550601491,31.625218707999693],[-101.87483982620995,31.624816224932093],[-101.8796072222537,31.62370393724065],[-101.88097734080988,31.623392279696326],[-101.88378834001381,31.622744173079663],[-101.88553395076548,31.62233481630451],[-101.889330338954,31.62145203645439],[-101.89053601730417,31.621170292974753],[-101.89175575788178,31.625143582130548],[-101.89270140899146,31.628223676194967],[-101.89481414862337,31.63510445550498],[-101.87778287416737,31.638945073411584],[-101.87541589244546,31.63192686125414]]]}},{"type":"Feature","properties":{"ABSTRACT_L":"B38-T5S-S17","ABSTRACT_N":"B38-T5S-S17","LEVEL1_SUR":null,"LEVEL2_BLO":"38 T5S","LEVEL3_SUR":"17","Surv_Sect":"17","SHAPE_AREA":626.0801310562639,"owner_count":0.0,"top_owner":"","top_owner_state":"","top_operator":"","max_propensity_score":0.0,"field_name":"Unknown","production_trend":null},"geometry":{"type":"Polygon","coordinates":[[[-101.89270140899146,31.628223676194967],[-101.89175575788178,31.625143582130548],[-101.89053601730417,31.621170292974753],[-101.8915780540506,31.62092677765876],[-101.89507447051123,31.620097138836638],[-101.9009955620946,31.61868205695118],[-101.90435217105261,31.617925068193173],[-101.90586049721188,31.617563478984163],[-101.9058942046963,31.617564458917073],[-101.90599372006348,31.61757944630587],[-101.90607765505035,31.61759509998524],[-101.9061507087442,31.617603624098322],[-101.90623606845914,31.617615339684637],[-101.9063294761807,31.61762242717377],[-101.90641051769404,31.617628251689514],[-101.90649763361536,31.617627776640372],[-101.90873555168547,31.624492192445572],[-101.91101069683923,31.631469865774054],[-101.89481414862337,31.63510445550498],[-101.89270140899146,31.628223676194967]]]}},{"type":"Feature","properties":{"ABSTRACT_L":"A-1410","ABSTRACT_N":"1410","LEVEL1_SUR":null,"LEVEL2_BLO":"38 T5S","LEVEL3_SUR":"18","Surv_Sect":"18","SHAPE_AREA":665.7710502655874,"owner_count":7.0,"top_owner":"PIONEER NAT RES USA WI","top_owner_state":"TX","top_operator":"PIONEER NATURAL RES","max_propensity_score":3.0,"field_name":"Unknown","production_trend":null},"geometry":{"type":"Polygon","coordinates":[[[-101.90873555168547,31.624492192445572],[-101.90649763361536,31.617627776640372],[-101.90641410376865,31.61737154579453],[-101.92351706827588,31.61343152093242],[-101.92719371552862,31.625142417933436],[-101.92788834950015,31.62735479374832],[-101.91101069683923,31.631469865774054],[-101.90873555168547,31.624492192445572]]]}},{"type":"Feature","properties":{"ABSTRACT_L":"A-406","ABSTRACT_N":"406","LEVEL1_SUR":null,"LEVEL2_BLO":"38 T5S","LEVEL3_SUR":"19","Surv_Sect":"19","SHAPE_AREA":680.4226625683033,"owner_count":2855.0,"top_owner":"JUBILEE ROYALTY HOLDINGS LLC","top_owner_state":"NY","top_operator":"PIONEER NATURAL RES","max_propensity_score":10.0,"field_name":"Unknown","production_trend":null},"geometry":{"type":"Polygon","coordinates":[[[-101.9018948349828,31.603188117077202],[-101.9191440937273,31.599195336366588],[-101.92351706827588,31.61343152093242],[-101.90641410376865,31.61737154579453],[-101.9018948349828,31.603188117077202]]]}},{"type":"Feature","properties":{"ABSTRACT_L":"A-737","ABSTRACT_N":"737","LEVEL1_SUR":null,"LEVEL2_BLO":"38 T5S","LEVEL3_SUR":"20","Surv_Sect":"20","SHAPE_AREA":620.233360250175,"owner_count":223.0,"top_owner":"SINGER FAMILY LLC","top_owner_state":"NM","top_operator":"PIONEER NATURAL RES","max_propensity_score":8.0,"field_name":"Unknown","production_trend":null},"geometry":{"type":"Polygon","coordinates":[[[-101.88600812109831,31.606926749173613],[-101.89742511008149,31.604289534043055],[-101.9018948349828,31.603188117077202],[-101.90641410376865,31.61737154579453],[-101.90637104841541,31.617363723908714],[-101.90629325161686,31.617333685566226],[-101.90620303111793,31.61728826505256],[-101.90615306951676,31.617269961439877],[-101.90609915353174,31.61726463337204],[-101.90605201713214,31.617267511217214],[-101.90600377041487,31.617274903193795],[-101.90427475603806,31.617677819726687],[-101.90091720923887,31.618435020096957],[-101.89499427431257,31.619850544823574],[-101.89149924664734,31.620679856915913],[-101.89045983208322,31.62092275939026],[-101.88600812109831,31.606926749173613]]]}},{"type":"Feature","properties":{"ABSTRACT_L":"A-407","ABSTRACT_N":"407","LEVEL1_SUR":null,"LEVEL2_BLO":"38 T5S","LEVEL3_SUR":"21","Surv_Sect":"21","SHAPE_AREA":672.3998051582339,"owner_count":148.0,"top_owner":"SINGER FAMILY LLC","top_owner_state":"NM","top_operator":"PIONEER NATURAL RES","max_propensity_score":8.0,"field_name":"Unknown","production_trend":null},"geometry":{"type":"Polygon","coordinates":[[[-101.87096813045454,31.618095072360806],[-101.86882819073418,31.611015536212772],[-101.87611508806202,31.609351559194263],[-101.88600812109831,31.606926749173613],[-101.89045983208322,31.62092275939026],[-101.88925171301045,31.62120507350337],[-101.88545519726117,31.62208788246925],[-101.8837098937333,31.622497167661972],[-101.88090000305046,31.623145019747813],[-101.87952944791303,31.623456776795795],[-101.8747602606286,31.624569482027105],[-101.87308094374828,31.624970664278223],[-101.87096813045454,31.618095072360806]]]}},{"type":"Feature","properties":{"ABSTRACT_L":"A-738","ABSTRACT_N":"738","LEVEL1_SUR":null,"LEVEL2_BLO":"38 T5S","LEVEL3_SUR":"22","Surv_Sect":"22","SHAPE_AREA":635.8918949140955,"owner_count":207.0,"top_owner":"SINGER FAMILY LLC","top_owner_state":"NM","top_operator":"PIONEER NATURAL RES","max_propensity_score":8.0,"field_name":"Unknown","production_trend":null},"geometry":{"type":"Polygon","coordinates":[[[-101.85262255156762,31.614719662406802],[-101.8603382264587,31.612977592580755],[-101.86250527913096,31.61250279925042],[-101.86882819073418,31.611015536212772],[-101.87096813045454,31.618095072360806],[-101.87308094374828,31.624970664278223],[-101.87141454643834,31.625368733907266],[-101.86952879670574,31.625803962564895],[-101.86740463409669,31.62629499807208],[-101.86632673301085,31.626526472031607],[-101.86462504269005,31.626943088369156],[-101.85789054458323,31.628474288907128],[-101.85653504161674,31.62880599765458],[-101.85594852078793,31.626694593364643],[-101.85262255156762,31.614719662406802]]]}},{"type":"Feature","properties":{"ABSTRACT_L":"A-408","ABSTRACT_N":"408","LEVEL1_SUR":"T&P","LEVEL2_BLO":"38 T5S","LEVEL3_SUR":"23","Surv_Sect":"23","SHAPE_AREA":637.4421444440559,"owner_count":213.0,"top_owner":"SINGER FAMILY LLC","top_owner_state":"NM","top_operator":"PIONEER NATURAL RES","max_propensity_score":8.0,"field_name":"Unknown","production_trend":null},"geometry":{"type":"Polygon","coordinates":[[[-101.83760146237574,31.624963116105498],[-101.83729505960873,31.623883604833498],[-101.83811068856421,31.623684801121936],[-101.83789160743272,31.622947299894836],[-101.83764775974885,31.623006737289273],[-101.83691731803177,31.62053038262706],[-101.83634747083296,31.620669278430324],[-101.83631032190272,31.62054333018015],[-101.83571583840724,31.618573720901246],[-101.84396151212943,31.61666169378491],[-101.85262255156762,31.614719662406802],[-101.85594852078793,31.626694593364643],[-101.85653504161674,31.62880599765458],[-101.85089078924436,31.630156438520913],[-101.84965011253072,31.630446435262876],[-101.8491860698044,31.630554782730282],[-101.84703033949798,31.63105809294174],[-101.84379835741258,31.63180919788667],[-101.84150570050063,31.63233990984055],[-101.84121611329743,31.632406941578655],[-101.84090594569109,31.632478736004366],[-101.8405597709132,31.632558864199325],[-101.8405308415678,31.632565186463403],[-101.84027158687849,31.631691168767794],[-101.84016670228085,31.631337570789047],[-101.84024175652284,31.63132139166684],[-101.84014240105579,31.630965756977158],[-101.83935916714609,31.628159057723227],[-101.83861133674004,31.628333152929],[-101.83839607075357,31.627611844605994],[-101.83837924620661,31.627558399264448],[-101.83914200481605,31.62738082922392],[-101.83841455538717,31.62477382948768],[-101.83760146237574,31.624963116105498]],[[-101.84081347581069,31.632176440614053],[-101.84112431356026,31.632106837265848],[-101.84141452509257,31.6320418513012],[-101.84081347581069,31.632176440614053]]]}},{"type":"Feature","properties":{"ABSTRACT_L":"A-575","ABSTRACT_N":"575","LEVEL1_SUR":null,"LEVEL2_BLO":"38 T5S","LEVEL3_SUR":"24","Surv_Sect":"24","SHAPE_AREA":646.752648122927,"owner_count":34.0,"top_owner":"SINGER FAMILY LLC","top_owner_state":"NM","top_operator":"PIONEER NATURAL RES","max_propensity_score":8.0,"field_name":"Unknown","production_trend":null},"geometry":{"type":"MultiPolygon","coordinates":[[[[-101.83821610676112,31.62703980277322],[-101.83797523519578,31.626274096324316],[-101.83781600521841,31.625767911714032],[-101.83780814675632,31.625742931359753],[-101.8377345540733,31.625457622623074],[-101.83766215704792,31.625176951440523],[-101.83760146237574,31.624963116105498],[-101.83841455538717,31.62477382948768],[-101.83855223927246,31.62526726689982],[-101.83863850718413,31.625576433738985],[-101.83878084793585,31.626086551002516],[-101.83899616961787,31.62685820378696],[-101.83914200481605,31.62738082922392],[-101.83837924620661,31.627558399264448],[-101.83821610676112,31.62703980277322]]],[[[-101.84024175652284,31.63132139166684],[-101.84016670228085,31.631337570789047],[-101.84027158687849,31.631691168767794],[-101.8405308415678,31.632565186463403],[-101.84027891443625,31.63261942054942],[-101.84024740063776,31.63262134032598],[-101.84021224237418,31.632622928921908],[-101.84014551371826,31.632622126593038],[-101.8400836512362,31.63261847366364],[-101.84002816050447,31.632609680933534],[-101.83997882952065,31.632602101256815],[-101.83993714499653,31.632588351522852],[-101.83989932053316,31.632570458585786],[-101.83985969943926,31.632532385793947],[-101.83983143933872,31.632488235470383],[-101.83980809751439,31.632445267588096],[-101.83978436402457,31.632376586854033],[-101.83963065958453,31.63183692551042],[-101.83952767043213,31.631475322289916],[-101.83942649318169,31.631120079798894],[-101.8394029258802,31.631037332999135],[-101.83924485832281,31.630486319352826],[-101.83923615634265,31.630456711278462],[-101.83907502014024,31.629904993568676],[-101.83887694880663,31.629226432004124],[-101.8388269485779,31.629055608334347],[-101.83861133674004,31.628333152929],[-101.83935916714609,31.628159057723227],[-101.83960943688592,31.629055909697247],[-101.84014240105579,31.630965756977158],[-101.84024175652284,31.63132139166684]]],[[[-101.8390008372641,31.630722897548356],[-101.83937275326643,31.63203205502544],[-101.83949072721607,31.63244732121744],[-101.83951655557713,31.632542640163265],[-101.83953173890205,31.632616824644344],[-101.8395314658142,31.632659562227296],[-101.83951651964452,31.632728935706787],[-101.83949761549768,31.632751908748133],[-101.83946399514986,31.63277720080872],[-101.8394333590054,31.632790056405362],[-101.83939927153362,31.63279843686438],[-101.83935947436991,31.632808233824285],[-101.83930912379823,31.632819841182105],[-101.83830826492613,31.633049178748713],[-101.83814322195055,31.633086996634812],[-101.83673220220118,31.633409425899863],[-101.8347179861964,31.633878470332583],[-101.83248548856072,31.63439281215519],[-101.8324853529151,31.634392843513506],[-101.83248521816782,31.63439287487182],[-101.83005428717746,31.634954948557617],[-101.82759901184289,31.635525519902668],[-101.82512377055284,31.6360893007111],[-101.82476276638624,31.63617544417987],[-101.82361534647721,31.636449237042495],[-101.82337682310802,31.635667867925132],[-101.82256666129936,31.633013793828667],[-101.82151805427496,31.62957882720888],[-101.81932771727053,31.62241453481724],[-101.83540097710353,31.61864728695406],[-101.83599410144798,31.620612419719023],[-101.83643129263214,31.622094658288056],[-101.83649472716593,31.622308215659086],[-101.83688429596194,31.623619713658236],[-101.83734418577667,31.62524000773869],[-101.83749104235935,31.625809353631094],[-101.83750106845622,31.625841227309202],[-101.83808136216346,31.62768594199727],[-101.83853758775017,31.62921577264816],[-101.83888959618751,31.630360993227683],[-101.8390008372641,31.630722897548356]]],[[[-101.83789160743272,31.622947299894836],[-101.83811068856421,31.623684801121936],[-101.83729505960873,31.623883604833498],[-101.8372010410328,31.623552358909095],[-101.83708006850674,31.623145107714617],[-101.83674767119035,31.622026090007765],[-101.83634747083296,31.620669278430324],[-101.83691731803177,31.62053038262706],[-101.83764775974885,31.623006737289273],[-101.83789160743272,31.622947299894836]]]]}},{"type":"Feature","properties":{"ABSTRACT_L":"A-409","ABSTRACT_N":"409","LEVEL1_SUR":null,"LEVEL2_BLO":"38 T5S","LEVEL3_SUR":"25","Surv_Sect":"25","SHAPE_AREA":638.8385522196477,"owner_count":26.0,"top_owner":"SINGER FAMILY LLC","top_owner_state":"NM","top_operator":"PIONEER NATURAL RES.","max_propensity_score":8.0,"field_name":"Unknown","production_trend":null},"geometry":{"type":"Polygon","coordinates":[[[-101.82301584319595,31.606336855878265],[-101.83118027328382,31.60437354176739],[-101.83192850793174,31.60685599005439],[-101.83255393120221,31.60895185806405],[-101.83298694252537,31.610448602234857],[-101.83332649761792,31.61163597174696],[-101.83382665261865,31.61328341202045],[-101.83425958848332,31.614788320985244],[-101.8347405734359,31.616352009266045],[-101.83519533926027,31.617928047759158],[-101.83540097710353,31.61864728695406],[-101.81932771727053,31.62241453481724],[-101.81501652884718,31.608178751621193],[-101.82301584319595,31.606336855878265]]]}},{"type":"Feature","properties":{"ABSTRACT_L":"B38-T5S-S26","ABSTRACT_N":"B38-T5S-S26","LEVEL1_SUR":null,"LEVEL2_BLO":"38 T5S","LEVEL3_SUR":"26","Surv_Sect":"26","SHAPE_AREA":668.6128091958501,"owner_count":0.0,"top_owner":"","top_owner_state":"","top_operator":"","max_propensity_score":0.0,"field_name":"Unknown","production_trend":null},"geometry":{"type":"Polygon","coordinates":[[[-101.85262255156762,31.614719662406802],[-101.84396151212943,31.61666169378491],[-101.83571583840724,31.618573720901246],[-101.83551226579083,31.61786140260967],[-101.83505680826369,31.61628298694295],[-101.83457584666729,31.61471939159742],[-101.83414303027857,31.613214916044228],[-101.83364292558349,31.6115676619895],[-101.83330381246205,31.610381849215376],[-101.83287040318524,31.608883746779167],[-101.83224458016446,31.60678656515226],[-101.83149479771932,31.60429855820934],[-101.84823756474707,31.600367021427118],[-101.85262255156762,31.614719662406802]]]}},{"type":"Feature","properties":{"ABSTRACT_L":"A-410","ABSTRACT_N":"410","LEVEL1_SUR":null,"LEVEL2_BLO":"38 T5S","LEVEL3_SUR":"27","Surv_Sect":"27","SHAPE_AREA":646.157039465875,"owner_count":1871.0,"top_owner":"FORTSON BEULAH T ESTATE","top_owner_state":"LA","top_operator":"DIAMONDBACK E&P","max_propensity_score":10.0,"field_name":"Unknown","production_trend":null},"geometry":{"type":"Polygon","coordinates":[[[-101.85636821728194,31.598488415470904],[-101.86432494609635,31.596666933454756],[-101.86882819073418,31.611015536212772],[-101.86250527913096,31.61250279925042],[-101.8603382264587,31.612977592580755],[-101.85262255156762,31.614719662406802],[-101.84823756474707,31.600367021427118],[-101.85636821728194,31.598488415470904]]]}},{"type":"Feature","properties":{"ABSTRACT_L":"B38-T5S-S28","ABSTRACT_N":"B38-T5S-S28","LEVEL1_SUR":null,"LEVEL2_BLO":"38 T5S","LEVEL3_SUR":"28","Surv_Sect":"28","SHAPE_AREA":687.0604937138056,"owner_count":0.0,"top_owner":"","top_owner_state":"","top_operator":"","max_propensity_score":0.0,"field_name":"Unknown","production_trend":null},"geometry":{"type":"Polygon","coordinates":[[[-101.86432494609635,31.596666933454756],[-101.86472285305481,31.596575688900497],[-101.88154707571927,31.592716366644755],[-101.88600812109831,31.606926749173613],[-101.87611508806202,31.609351559194263],[-101.86882819073418,31.611015536212772],[-101.86432494609635,31.596666933454756]]]}},{"type":"Feature","properties":{"ABSTRACT_L":"B38-T5S-S29","ABSTRACT_N":"B38-T5S-S29","LEVEL1_SUR":null,"LEVEL2_BLO":"38 T5S","LEVEL3_SUR":"29","Surv_Sect":"29","SHAPE_AREA":633.7444636592816,"owner_count":0.0,"top_owner":"","top_owner_state":"","top_operator":"","max_propensity_score":0.0,"field_name":"Unknown","production_trend":null},"geometry":{"type":"Polygon","coordinates":[[[-101.88154707571927,31.592716366644755],[-101.8977280579279,31.589040870852674],[-101.9018948349828,31.603188117077202],[-101.89742511008149,31.604289534043055],[-101.88600812109831,31.606926749173613],[-101.88154707571927,31.592716366644755]]]}},{"type":"Feature","properties":{"ABSTRACT_L":"A-1411","ABSTRACT_N":"1411","LEVEL1_SUR":null,"LEVEL2_BLO":"38 T5S","LEVEL3_SUR":"30","Surv_Sect":"30","SHAPE_AREA":674.3565020325634,"owner_count":267.0,"top_owner":"MEKUSUKEY OIL CO LLC","top_owner_state":"OK","top_operator":"PIONEER NATURAL RES","max_propensity_score":8.0,"field_name":"Unknown","production_trend":null},"geometry":{"type":"Polygon","coordinates":[[[-101.8977280579279,31.589040870852674],[-101.9147975305464,31.585087434691843],[-101.9191440937273,31.599195336366588],[-101.9018948349828,31.603188117077202],[-101.8977280579279,31.589040870852674]]]}},{"type":"Feature","properties":{"ABSTRACT_L":"B38-T5S-S31","ABSTRACT_N":"B38-T5S-S31","LEVEL1_SUR":null,"LEVEL2_BLO":"38 T5S","LEVEL3_SUR":"31","Surv_Sect":"31","SHAPE_AREA":681.8799360450467,"owner_count":0.0,"top_owner":"","top_owner_state":"","top_operator":"","max_propensity_score":0.0,"field_name":"Unknown","production_trend":null},"geometry":{"type":"Polygon","coordinates":[[[-101.89323314606266,31.574791631016357],[-101.91041806297494,31.57078302336237],[-101.9147975305464,31.585087434691843],[-101.8977280579279,31.589040870852674],[-101.89323314606266,31.574791631016357]]]}},{"type":"Feature","properties":{"ABSTRACT_L":"A-413","ABSTRACT_N":"413","LEVEL1_SUR":"T&P RR","LEVEL2_BLO":"38 T5S","LEVEL3_SUR":"33","Surv_Sect":"33","SHAPE_AREA":665.5791388435459,"owner_count":761.0,"top_owner":"SINGER FAMILY LLC","top_owner_state":"NM","top_operator":"PIONEER NAT RES USA","max_propensity_score":8.0,"field_name":"Unknown","production_trend":null},"geometry":{"type":"Polygon","coordinates":[[[-101.86253196178984,31.589686108439732],[-101.86025374978769,31.582341681379155],[-101.86377062358228,31.581576745243776],[-101.8642822150349,31.581465462582475],[-101.86859034289807,31.580528258882918],[-101.87722950027427,31.578648360538512],[-101.87936444625997,31.585605147651325],[-101.88154707571927,31.592716366644755],[-101.86472285305481,31.596575688900497],[-101.86253196178984,31.589686108439732]]]}},{"type":"Feature","properties":{"ABSTRACT_L":"A-755","ABSTRACT_N":"755","LEVEL1_SUR":"A-755","LEVEL2_BLO":"38 T5S","LEVEL3_SUR":"34","Surv_Sect":"34","SHAPE_AREA":650.179366054453,"owner_count":72.0,"top_owner":"SINGER FAMILY LLC","top_owner_state":"NM","top_operator":"PIONEER NAT RES USA","max_propensity_score":8.0,"field_name":"Unknown","production_trend":null},"geometry":{"type":"Polygon","coordinates":[[[-101.84391055788987,31.586135841447074],[-101.86025374978769,31.582341681379155],[-101.86253196178984,31.589686108439732],[-101.86472285305481,31.596575688900497],[-101.86432494609635,31.596666933454756],[-101.85636821728194,31.598488415470904],[-101.84823756474707,31.600367021427118],[-101.84606208587742,31.593212525086187],[-101.84391055788987,31.586135841447074]]]}},{"type":"Feature","properties":{"ABSTRACT_L":"B38-T5S-S35","ABSTRACT_N":"B38-T5S-S35","LEVEL1_SUR":null,"LEVEL2_BLO":"38 T5S","LEVEL3_SUR":"35","Surv_Sect":"35","SHAPE_AREA":663.3822374288216,"owner_count":0.0,"top_owner":"","top_owner_state":"","top_operator":"","max_propensity_score":0.0,"field_name":"Unknown","production_trend":null},"geometry":{"type":"Polygon","coordinates":[[[-101.83139370940208,31.60394086238729],[-101.83099604948029,31.602572494331483],[-101.83059936692554,31.601275247546372],[-101.83024656707245,31.600000841398266],[-101.82985617721627,31.59870367662097],[-101.82940722708504,31.597204504083834],[-101.82897418342256,31.59568946259368],[-101.82850798204461,31.59407862349701],[-101.82789072625668,31.5920346622162],[-101.8272576026276,31.589934849925015],[-101.84391055788987,31.586135841447074],[-101.84606208587742,31.593212525086187],[-101.84823756474707,31.600367021427118],[-101.83149479771932,31.60429855820934],[-101.83139370940208,31.60394086238729]]]}},{"type":"Feature","properties":{"ABSTRACT_L":"B38-T5S-S36","ABSTRACT_N":"B38-T5S-S36","LEVEL1_SUR":null,"LEVEL2_BLO":"38 T5S","LEVEL3_SUR":"36","Surv_Sect":"36","SHAPE_AREA":506.3963518510218,"owner_count":0.0,"top_owner":"","top_owner_state":"","top_operator":"","max_propensity_score":0.0,"field_name":"Unknown","production_trend":null},"geometry":{"type":"Polygon","coordinates":[[[-101.81031605819041,31.59389086256675],[-101.81079267912735,31.59378022281616],[-101.81878506566862,31.591924611749572],[-101.81994778658189,31.591651469146562],[-101.82227170666235,31.599414355702848],[-101.82927231360412,31.597878771042183],[-101.82954015708586,31.598773177176128],[-101.82992979774708,31.600067871947143],[-101.830282739534,31.60134280357253],[-101.83067987663627,31.602641554363625],[-101.83107679814287,31.604007393559215],[-101.83118027328382,31.60437354176739],[-101.82301584319595,31.606336855878265],[-101.81501652884718,31.608178751621193],[-101.81263391464269,31.601259974442318],[-101.81031605819041,31.59389086256675]]]}},{"type":"Feature","properties":{"ABSTRACT_L":"A-415","ABSTRACT_N":"415","LEVEL1_SUR":"SEC 37","LEVEL2_BLO":"38 T5S","LEVEL3_SUR":"37","Surv_Sect":"37","SHAPE_AREA":637.1696786917821,"owner_count":1251.0,"top_owner":"SINGER FAMILY LLC","top_owner_state":"NM","top_operator":"PIONEER NAT RES","max_propensity_score":8.0,"field_name":"Unknown","production_trend":null},"geometry":{"type":"Polygon","coordinates":[[[-101.82291258814224,31.575928183455417],[-101.82495974267354,31.58296043764619],[-101.82694270988284,31.59000799172944],[-101.81994778658189,31.591651469146562],[-101.81878506566862,31.591924611749572],[-101.81079267912735,31.59378022281616],[-101.80868854445755,31.586844159265528],[-101.80751803335414,31.582982381453306],[-101.80637037449323,31.579777627120492],[-101.82291258814224,31.575928183455417]]]}},{"type":"Feature","properties":{"ABSTRACT_L":"B38-T5S-S38","ABSTRACT_N":"B38-T5S-S38","LEVEL1_SUR":null,"LEVEL2_BLO":"38 T5S","LEVEL3_SUR":"38","Surv_Sect":"38","SHAPE_AREA":647.5812518586953,"owner_count":0.0,"top_owner":"","top_owner_state":"","top_operator":"","max_propensity_score":0.0,"field_name":"Unknown","production_trend":null},"geometry":{"type":"Polygon","coordinates":[[[-101.8269370109707,31.58888128324695],[-101.82610977757837,31.586126108445516],[-101.82539687636552,31.58369136299314],[-101.82505242994625,31.58250583579573],[-101.82462703184514,31.581155514844856],[-101.82417008401293,31.579589926909826],[-101.82375251472952,31.578139926447143],[-101.82324665722336,31.576362708779435],[-101.82310185508777,31.575884394301585],[-101.83954763728595,31.572078289227537],[-101.84391055788987,31.586135841447074],[-101.8272576026276,31.589934849925015],[-101.8269370109707,31.58888128324695]]]}},{"type":"Feature","properties":{"ABSTRACT_L":"A-416","ABSTRACT_N":"416","LEVEL1_SUR":null,"LEVEL2_BLO":"38 T5S","LEVEL3_SUR":"39","Surv_Sect":"39","SHAPE_AREA":643.042152561409,"owner_count":69.0,"top_owner":"SINGER FAMILY LLC","top_owner_state":"NM","top_operator":"PIONEER NATURAL RES","max_propensity_score":8.0,"field_name":"Unknown","production_trend":null},"geometry":{"type":"Polygon","coordinates":[[[-101.83954763728595,31.572078289227537],[-101.85602574805459,31.56825956073247],[-101.85819331096997,31.575479484663678],[-101.85859669226176,31.576823010772394],[-101.86025374978769,31.582341681379155],[-101.84391055788987,31.586135841447074],[-101.83954763728595,31.572078289227537]]]}},{"type":"Feature","properties":{"ABSTRACT_L":"A-882","ABSTRACT_N":"882","LEVEL1_SUR":null,"LEVEL2_BLO":"38 T5S","LEVEL3_SUR":"4","Surv_Sect":"4","SHAPE_AREA":18.78275144119731,"owner_count":119.0,"top_owner":"CAPROCK ENERGY LLC","top_owner_state":"NV","top_operator":"XTO ENERGY INC","max_propensity_score":10.0,"field_name":"Unknown","production_trend":null},"geometry":{"type":"Polygon","coordinates":[[[-101.90000300545232,31.651459081801107],[-101.89155826416486,31.651597836598633],[-101.89945751607245,31.649756339218133],[-101.90000300545232,31.651459081801107]]]}},{"type":"Feature","properties":{"ABSTRACT_L":"A-759","ABSTRACT_N":"759","LEVEL1_SUR":null,"LEVEL2_BLO":"38 T5S","LEVEL3_SUR":"40","Surv_Sect":"40","SHAPE_AREA":657.316144104223,"owner_count":173.0,"top_owner":"SINGER FAMILY LLC","top_owner_state":"NM","top_operator":"EXTEX OPERATING CO","max_propensity_score":8.0,"field_name":"Unknown","production_trend":null},"geometry":{"type":"Polygon","coordinates":[[[-101.85819331096997,31.575479484663678],[-101.85602574805459,31.56825956073247],[-101.86429379072565,31.566289033987683],[-101.87226484946548,31.56438869062638],[-101.8747605660558,31.571558066543982],[-101.87722950027427,31.578648360538512],[-101.86859034289807,31.580528258882918],[-101.8642822150349,31.581465462582475],[-101.86377062358228,31.581576745243776],[-101.86025374978769,31.582341681379155],[-101.85859669226176,31.576823010772394],[-101.85819331096997,31.575479484663678]]]}},{"type":"Feature","properties":{"ABSTRACT_L":"A-417","ABSTRACT_N":"417","LEVEL1_SUR":null,"LEVEL2_BLO":"38 T5S","LEVEL3_SUR":"41","Surv_Sect":"41","SHAPE_AREA":647.0934529293809,"owner_count":295.0,"top_owner":"ALLDALE MINERALS II LP","top_owner_state":"OK","top_operator":"PIONEER NATURAL RES.","max_propensity_score":10.0,"field_name":"Unknown","production_trend":null},"geometry":{"type":"Polygon","coordinates":[[[-101.8747605660558,31.571558066543982],[-101.87226484946548,31.56438869062638],[-101.88066238608138,31.562557674603045],[-101.88897198302085,31.560744472734225],[-101.89113292355594,31.567868598469563],[-101.89221769495705,31.571444479687205],[-101.89323314606266,31.574791631016357],[-101.87722950027427,31.578648360538512],[-101.8747605660558,31.571558066543982]]]}},{"type":"Feature","properties":{"ABSTRACT_L":"A-1183","ABSTRACT_N":"1183","LEVEL1_SUR":"T&P RR","LEVEL2_BLO":"38 T5S","LEVEL3_SUR":"42","Surv_Sect":"42","SHAPE_AREA":671.5394214162584,"owner_count":206.0,"top_owner":"GALL ROBERT E ESTATE","top_owner_state":"NY","top_operator":"FIREBIRD ENERGY II","max_propensity_score":9.0,"field_name":"Unknown","production_trend":null},"geometry":{"type":"Polygon","coordinates":[[[-101.89221769495705,31.571444479687205],[-101.89113292355594,31.567868598469563],[-101.88897198302085,31.560744472734225],[-101.89768378086588,31.55865138965241],[-101.90594566558565,31.556665751509478],[-101.91041806297494,31.57078302336237],[-101.89323314606266,31.574791631016357],[-101.89221769495705,31.571444479687205]]]}},{"type":"Feature","properties":{"ABSTRACT_L":"A-418","ABSTRACT_N":"418","LEVEL1_SUR":null,"LEVEL2_BLO":"38 T5S","LEVEL3_SUR":"43","Surv_Sect":"43","SHAPE_AREA":671.1034468506841,"owner_count":572.0,"top_owner":"GALL ROBERT E ESTATE","top_owner_state":"NY","top_operator":"APACHE CORPORATION","max_propensity_score":9.0,"field_name":"Unknown","production_trend":null},"geometry":{"type":"Polygon","coordinates":[[[-101.88449810251304,31.546581286789497],[-101.8868780639925,31.546019567749347],[-101.8881372073734,31.545737662731113],[-101.88974099570129,31.54536483271221],[-101.89156132652167,31.544932954234508],[-101.89288690480944,31.544627140127545],[-101.89504112864114,31.544111591305445],[-101.89717067485367,31.543609507759097],[-101.89874786316769,31.54323470474729],[-101.90027281893948,31.542865760809253],[-101.90111247333724,31.542672525351705],[-101.90152116187573,31.542576727037797],[-101.90374226707699,31.549649906053666],[-101.90594566558565,31.556665751509478],[-101.89768378086588,31.55865138965241],[-101.88897198302085,31.560744472734225],[-101.88675083919206,31.553713364511676],[-101.8856631913854,31.550270052057616],[-101.88449810251304,31.546581286789497]]]}},{"type":"Feature","properties":{"ABSTRACT_L":"A-756","ABSTRACT_N":"756","LEVEL1_SUR":null,"LEVEL2_BLO":"38 T5S","LEVEL3_SUR":"44","Surv_Sect":"44","SHAPE_AREA":648.7287355055338,"owner_count":378.0,"top_owner":"MOORE CEIL W ESTATE","top_owner_state":"TX","top_operator":"PIONEER NATURAL RES.","max_propensity_score":8.0,"field_name":"Unknown","production_trend":null},"geometry":{"type":"Polygon","coordinates":[[[-101.88283065058097,31.54696652848121],[-101.88449810251304,31.546581286789497],[-101.8856631913854,31.550270052057616],[-101.88675083919206,31.553713364511676],[-101.88897198302085,31.560744472734225],[-101.88066238608138,31.562557674603045],[-101.87226484946548,31.56438869062638],[-101.87023974947272,31.55757683237668],[-101.86809392578725,31.55035793917595],[-101.87631070968986,31.548472632630833],[-101.88283065058097,31.54696652848121]]]}},{"type":"Feature","properties":{"ABSTRACT_L":"A-419","ABSTRACT_N":"419","LEVEL1_SUR":"A-419","LEVEL2_BLO":"38 T5S","LEVEL3_SUR":"45","Surv_Sect":"45","SHAPE_AREA":640.5579728921691,"owner_count":475.0,"top_owner":"MOORE CEIL W ESTATE","top_owner_state":"TX","top_operator":"PIONEER NAT RES USA","max_propensity_score":8.0,"field_name":"Unknown","production_trend":null},"geometry":{"type":"Polygon","coordinates":[[[-101.85373587232678,31.560787427778337],[-101.85168726611798,31.55410168467459],[-101.85957210186189,31.552305443687004],[-101.86145021232133,31.551873765741888],[-101.86520221834493,31.551016953662128],[-101.8672621891404,31.550551694589174],[-101.86809392578725,31.55035793917595],[-101.87023974947272,31.55757683237668],[-101.87226484946548,31.56438869062638],[-101.86429379072565,31.566289033987683],[-101.85602574805459,31.56825956073247],[-101.85373587232678,31.560787427778337]]]}},{"type":"Feature","properties":{"ABSTRACT_L":"A-757","ABSTRACT_N":"757","LEVEL1_SUR":"T&P","LEVEL2_BLO":"38 T5S","LEVEL3_SUR":"46","Surv_Sect":"46","SHAPE_AREA":647.7211653654307,"owner_count":48.0,"top_owner":"SINGER FAMILY LLC","top_owner_state":"NM","top_operator":"PIONEER NATURAL RES","max_propensity_score":8.0,"field_name":"Unknown","production_trend":null},"geometry":{"type":"Polygon","coordinates":[[[-101.83740194205956,31.56492777161439],[-101.83529751992889,31.55791385874696],[-101.83958047879442,31.55692501833434],[-101.84485964595385,31.555700096598997],[-101.85054924079019,31.554369744965072],[-101.85168726611798,31.55410168467459],[-101.85373587232678,31.560787427778337],[-101.85602574805459,31.56825956073247],[-101.83954763728595,31.572078289227537],[-101.83740194205956,31.56492777161439]]]}},{"type":"Feature","properties":{"ABSTRACT_L":"A-420","ABSTRACT_N":"420","LEVEL1_SUR":null,"LEVEL2_BLO":"38 T5S","LEVEL3_SUR":"47","Surv_Sect":"47","SHAPE_AREA":644.6523855835161,"owner_count":72.0,"top_owner":"SINGER FAMILY LLC","top_owner_state":"NM","top_operator":"PIONEER NATURAL RES","max_propensity_score":8.0,"field_name":"Unknown","production_trend":null},"geometry":{"type":"MultiPolygon","coordinates":[[[[-101.82078575574019,31.56137129308411],[-101.82048778006886,31.56159209369645],[-101.82017766097152,31.561890022597716],[-101.81992310986104,31.562234163359733],[-101.81963625443461,31.562823012474023],[-101.81952264270402,31.563223640963948],[-101.81946413542956,31.563544136852826],[-101.81945776727251,31.56358428841107],[-101.81944078911364,31.563602532155336],[-101.81942494462865,31.56358747025506],[-101.81936412958224,31.563313971349032],[-101.81912958844471,31.562421326738118],[-101.81904021236215,31.562092862686182],[-101.81897156490477,31.561893976055128],[-101.81893951571037,31.56182272730176],[-101.81890832261044,31.561772690181243],[-101.81888492868381,31.561735162514612],[-101.81888075151774,31.561706910359433],[-101.81889338991547,31.561667641303856],[-101.81892753757437,31.561630667004025],[-101.81902089049869,31.561609464469583],[-101.8192486466609,31.561557737154292],[-101.82112749194225,31.561100299083936],[-101.82128301008086,31.56107660109812],[-101.82131068088655,31.56108192702193],[-101.82129473489196,31.5611068382267],[-101.82078575574019,31.56137129308411]]],[[[-101.82099593726215,31.568710356960956],[-101.82082085022337,31.56811924275271],[-101.8206825438056,31.56764528311916],[-101.82037032624379,31.56657995448262],[-101.82022061391683,31.56606842512878],[-101.81982031294815,31.56475232248954],[-101.81971584337217,31.564394899646167],[-101.81969790491425,31.56428726815854],[-101.81969030337032,31.564002483731777],[-101.81968890110016,31.56366241080081],[-101.81972332005027,31.563411935943485],[-101.81978375780427,31.563158414034625],[-101.81983280581879,31.562985920707554],[-101.8199570976198,31.562700849099617],[-101.82012685315739,31.562393039581124],[-101.82024806283866,31.56222904876023],[-101.82034373251811,31.56210772275418],[-101.82049149190762,31.56194233145689],[-101.82071450586342,31.561743679492892],[-101.82108932881403,31.56144102202663],[-101.82137405253827,31.561259740598665],[-101.82190474486877,31.561025712408835],[-101.82206965309707,31.560973066242056],[-101.8261721332355,31.560032384250274],[-101.83529751992889,31.55791385874696],[-101.83740194205956,31.56492777161439],[-101.83954763728595,31.572078289227537],[-101.82310185508777,31.575884394301585],[-101.82204988387261,31.572295606653107],[-101.82150331202283,31.57042325866417],[-101.82099593726215,31.568710356960956]]]]}},{"type":"Feature","properties":{"ABSTRACT_L":"A-561","ABSTRACT_N":"561","LEVEL1_SUR":null,"LEVEL2_BLO":"38 T5S","LEVEL3_SUR":"48","Surv_Sect":"48","SHAPE_AREA":668.4735980576212,"owner_count":208.0,"top_owner":"DAVISON HOLDINGS LLC","top_owner_state":"CO","top_operator":"PIONEER NATURAL RES","max_propensity_score":8.0,"field_name":"Unknown","production_trend":null},"geometry":{"type":"Polygon","coordinates":[[[-101.81868810690676,31.561581966995025],[-101.82222138843002,31.573581199849613],[-101.82155728460174,31.573724550286155],[-101.82171841002435,31.57427168062404],[-101.82238251744592,31.574128329498087],[-101.82291258814224,31.575928183455417],[-101.80637037449323,31.579777627120492],[-101.80403743712397,31.572715823212356],[-101.8015151941816,31.56562221236542],[-101.81777737960034,31.561809908597844],[-101.81868810690676,31.561581966995025]]]}},{"type":"Feature","properties":{"ABSTRACT_L":"A-179","ABSTRACT_N":"179","LEVEL1_SUR":"TPRR","LEVEL2_BLO":"38 T5S","LEVEL3_SUR":"5","Surv_Sect":"5","SHAPE_AREA":166.23946627201818,"owner_count":1842.0,"top_owner":"CAPROCK ENERGY LLC","top_owner_state":"NV","top_operator":"SEM OPERATING CO LLC","max_propensity_score":10.0,"field_name":"Unknown","production_trend":null},"geometry":{"type":"Polygon","coordinates":[[[-101.90000300545232,31.651459081801107],[-101.89945751607245,31.649756339218133],[-101.9147229048008,31.64618403055643],[-101.91531290480468,31.646052248231197],[-101.91552839806491,31.646000897405756],[-101.91557830217391,31.64598909668412],[-101.91563497598686,31.645985785354423],[-101.91568027712833,31.645989259574034],[-101.91572539231852,31.646003283398148],[-101.91575646504421,31.64602053595678],[-101.91577644357612,31.646041087604164],[-101.91578978176146,31.646064153714285],[-101.91581820805031,31.64613173687926],[-101.91594228156072,31.646490172161176],[-101.91762421882675,31.65151584671654],[-101.90000300545232,31.651459081801107]]]}},{"type":"Feature","properties":{"ABSTRACT_L":"B38-T5S-S6","ABSTRACT_N":"B38-T5S-S6","LEVEL1_SUR":null,"LEVEL2_BLO":"38 T5S","LEVEL3_SUR":"6","Surv_Sect":"6","SHAPE_AREA":354.97814870532056,"owner_count":0.0,"top_owner":"","top_owner_state":"","top_operator":"","max_propensity_score":0.0,"field_name":"Unknown","production_trend":null},"geometry":{"type":"Polygon","coordinates":[[[-101.92649084400591,31.643328394525465],[-101.93253166394865,31.641894382209184],[-101.9356721005201,31.651533731420013],[-101.91781730361222,31.651502898121763],[-101.91599124782854,31.645820091770958],[-101.92634449137815,31.643363133120157],[-101.92649084400591,31.643328394525465]]]}},{"type":"Feature","properties":{"ABSTRACT_L":"A-400","ABSTRACT_N":"400","LEVEL1_SUR":null,"LEVEL2_BLO":"38 T5S","LEVEL3_SUR":"7","Surv_Sect":"7","SHAPE_AREA":681.554392582478,"owner_count":540.0,"top_owner":"DRIEVER PATRICIA N ESTATE","top_owner_state":"IL","top_operator":"PIONEER NATURAL RES","max_propensity_score":10.0,"field_name":"Unknown","production_trend":null},"geometry":{"type":"Polygon","coordinates":[[[-101.93253166394865,31.641894382209184],[-101.92649084400591,31.643328394525465],[-101.92634449137815,31.643363133120157],[-101.91599124782854,31.645820091770958],[-101.9159786148207,31.645783312995416],[-101.91595840093018,31.645765762907732],[-101.91592968897707,31.645753694496165],[-101.91588419020624,31.645746194659324],[-101.91581939113154,31.64574391801859],[-101.91578550757734,31.645745477330138],[-101.91578540786435,31.6457451821392],[-101.91333288406949,31.638508759033854],[-101.91101069683923,31.631469865774054],[-101.92788834950015,31.62735479374832],[-101.93253166394865,31.641894382209184]]]}},{"type":"Feature","properties":{"ABSTRACT_L":"B38-T5S-S8","ABSTRACT_N":"B38-T5S-S8","LEVEL1_SUR":"T&P","LEVEL2_BLO":"38 T5S","LEVEL3_SUR":"8","Surv_Sect":"8","SHAPE_AREA":651.3890509831966,"owner_count":126.0,"top_owner":"CAPROCK ENERGY LLC","top_owner_state":"NV","top_operator":"PIONEER NATURAL RES.","max_propensity_score":10.0,"field_name":"Unknown","production_trend":null},"geometry":{"type":"Polygon","coordinates":[[[-101.91101069683923,31.631469865774054],[-101.91333288406949,31.638508759033854],[-101.91578540786435,31.6457451821392],[-101.91578550757734,31.645745477330138],[-101.9157468836134,31.645750178971596],[-101.91566627868124,31.64576368663021],[-101.9150586474433,31.645894436198006],[-101.91438222681413,31.646053748652506],[-101.91312916412937,31.64633611344281],[-101.91127157388595,31.646767167952103],[-101.90898059772192,31.647305364611057],[-101.90750123684067,31.64762830741745],[-101.90552240637324,31.648110112197692],[-101.90379657742243,31.648521724642904],[-101.90199242256536,31.64894043107472],[-101.90091849652468,31.649196273671162],[-101.89941321655253,31.649526934266213],[-101.89709749270075,31.642246649116355],[-101.89481414862337,31.63510445550498],[-101.91101069683923,31.631469865774054]]]}},{"type":"Feature","properties":{"ABSTRACT_L":"A-401","ABSTRACT_N":"401","LEVEL1_SUR":"T&P","LEVEL2_BLO":"38 T5S","LEVEL3_SUR":"9","Surv_Sect":"9","SHAPE_AREA":656.6147747222248,"owner_count":300.0,"top_owner":"CAPROCK ENERGY LLC","top_owner_state":"NV","top_operator":"PIONEER NATURAL RES.","max_propensity_score":10.0,"field_name":"Unknown","production_trend":null},"geometry":{"type":"Polygon","coordinates":[[[-101.88211190313227,31.65141795336831],[-101.87778287416737,31.638945073411584],[-101.89481414862337,31.63510445550498],[-101.89709749270075,31.642246649116355],[-101.89941321655253,31.649526934266213],[-101.89719157505706,31.65005789304705],[-101.89527374468902,31.650520804695002],[-101.89377572759595,31.650870801400504],[-101.89215363519585,31.65124836186076],[-101.89138305495524,31.65143957363276],[-101.88211190313227,31.65141795336831]]]}},{"type":"Feature","properties":{"ABSTRACT_L":"A-1427","ABSTRACT_N":"1427","LEVEL1_SUR":null,"LEVEL2_BLO":"39 T4S","LEVEL3_SUR":"42","Surv_Sect":"42","SHAPE_AREA":149.93228593774668,"owner_count":229.0,"top_owner":"ALE OIL & GAS LLC","top_owner_state":"FL","top_operator":"PIONEER NATURAL RES","max_propensity_score":5.0,"field_name":"Unknown","production_trend":null},"geometry":{"type":"Polygon","coordinates":[[[-102.0253505434312,31.651664273286805],[-102.02493233185237,31.650487420007373],[-102.0416820150095,31.646440665359854],[-102.04330855317194,31.651674950716526],[-102.0253505434312,31.651664273286805]]]}},{"type":"Feature","properties":{"ABSTRACT_L":"B39-T4S-S43","ABSTRACT_N":"B39-T4S-S43","LEVEL1_SUR":null,"LEVEL2_BLO":"39 T4S","LEVEL3_SUR":"43","Surv_Sect":"43","SHAPE_AREA":663.7851806503285,"owner_count":0.0,"top_owner":"","top_owner_state":"","top_operator":"","max_propensity_score":0.0,"field_name":"Unknown","production_trend":null},"geometry":{"type":"Polygon","coordinates":[[[-102.01997974990944,31.636496070766594],[-102.03686354165701,31.63241843655321],[-102.0416820150095,31.646440665359854],[-102.02493233185237,31.650487420007373],[-102.01997974990944,31.636496070766594]]]}},{"type":"Feature","properties":{"ABSTRACT_L":"A-1492","ABSTRACT_N":"1492","LEVEL1_SUR":null,"LEVEL2_BLO":"39 T4S","LEVEL3_SUR":"44","Surv_Sect":"44","SHAPE_AREA":607.710734032875,"owner_count":78.0,"top_owner":"LYRA PROPERTIES LLC","top_owner_state":"GA","top_operator":"PIONEER NATURAL RES","max_propensity_score":8.0,"field_name":"Unknown","production_trend":null},"geometry":{"type":"Polygon","coordinates":[[[-102.003585475313,31.64035542891901],[-102.01997974990944,31.636496070766594],[-102.02493233185237,31.650487420007373],[-102.01996988910255,31.6516632998306],[-102.00722998982802,31.651646771720493],[-102.003585475313,31.64035542891901]]]}},{"type":"Feature","properties":{"ABSTRACT_L":"A-240","ABSTRACT_N":"240","LEVEL1_SUR":null,"LEVEL2_BLO":"39 T4S","LEVEL3_SUR":"45","Surv_Sect":"45","SHAPE_AREA":427.545577728797,"owner_count":192.0,"top_owner":"LYRA PROPERTIES LLC","top_owner_state":"GA","top_operator":"PIONEER NATURAL RES","max_propensity_score":8.0,"field_name":"Unknown","production_trend":null},"geometry":{"type":"Polygon","coordinates":[[[-101.9897075462191,31.651624246105534],[-101.98729411980035,31.64412645738744],[-102.003585475313,31.64035542891901],[-102.00722998982802,31.651646771720493],[-101.9897075462191,31.651624246105534]]]}},{"type":"Feature","properties":{"ABSTRACT_L":"B39-T4S-S46","ABSTRACT_N":"B39-T4S-S46","LEVEL1_SUR":null,"LEVEL2_BLO":"39 T4S","LEVEL3_SUR":"46","Surv_Sect":"46","SHAPE_AREA":249.3154658988651,"owner_count":1.0,"top_owner":"DIAMONDBACK E & P LLC","top_owner_state":"OK","top_operator":"DIAMONDBACK E&P LLC","max_propensity_score":6.0,"field_name":"Unknown","production_trend":null},"geometry":{"type":"Polygon","coordinates":[[[-101.98818101749723,31.647735893082334],[-101.98846464707346,31.648602366670993],[-101.9886438951086,31.64914995182067],[-101.98945492828308,31.65162749835285],[-101.98679041645424,31.651623407235213],[-101.9784585574654,31.651610259069997],[-101.97192449865129,31.651599575515302],[-101.97191667163021,31.651575516674864],[-101.97077354207497,31.648061129330458],[-101.98702770463991,31.644212406810478],[-101.98818101749723,31.647735893082334]]]}},{"type":"Feature","properties":{"ABSTRACT_L":"B39-T4S-S47","ABSTRACT_N":"B39-T4S-S47","LEVEL1_SUR":null,"LEVEL2_BLO":"39 T4S","LEVEL3_SUR":"47","Surv_Sect":"47","SHAPE_AREA":74.1676090940357,"owner_count":0.0,"top_owner":"","top_owner_state":"","top_operator":"","max_propensity_score":0.0,"field_name":"Unknown","production_trend":null},"geometry":{"type":"Polygon","coordinates":[[[-101.97077354207497,31.648061129330458],[-101.97191667163021,31.651575516674864],[-101.97192449865129,31.651599575515302],[-101.96262217708458,31.65158364462087],[-101.95578464490961,31.65157151043607],[-101.96212562881972,31.650086702643765],[-101.97077354207497,31.648061129330458]]]}},{"type":"Feature","properties":{"ABSTRACT_L":"A-389","ABSTRACT_N":"389","LEVEL1_SUR":null,"LEVEL2_BLO":"39 T5S","LEVEL3_SUR":"1","Surv_Sect":"1","SHAPE_AREA":528.0274080781593,"owner_count":1180.0,"top_owner":"A & G REED ENTERPRISES LLC","top_owner_state":"CA","top_operator":"PIONEER NATURAL RES.","max_propensity_score":9.0,"field_name":"Unknown","production_trend":null},"geometry":{"type":"Polygon","coordinates":[[[-101.953296723001,31.65156700561571],[-101.9356721005201,31.651533731420013],[-101.93253166394865,31.641894382209184],[-101.94894996039409,31.638150176731653],[-101.953296723001,31.65156700561571]]]}},{"type":"Feature","properties":{"ABSTRACT_L":"A-1413","ABSTRACT_N":"1413","LEVEL1_SUR":null,"LEVEL2_BLO":"39 T5S","LEVEL3_SUR":"10","Surv_Sect":"10","SHAPE_AREA":657.907432791782,"owner_count":108.0,"top_owner":"MEKUSUKEY OIL CO LLC","top_owner_state":"OK","top_operator":"PIONEER NATURAL RES","max_propensity_score":8.0,"field_name":"Unknown","production_trend":null},"geometry":{"type":"Polygon","coordinates":[[[-101.96115843341455,31.61978759120208],[-101.96816592684128,31.618230648006392],[-101.9778517230331,31.616077926228122],[-101.97847973524823,31.617987543437497],[-101.97936770014364,31.62079492435536],[-101.98027101545063,31.623526898351418],[-101.98251131585285,31.63016343556484],[-101.96602224833269,31.634066915458387],[-101.96115843341455,31.61978759120208]]]}},{"type":"Feature","properties":{"ABSTRACT_L":"B39-T5S-S11","ABSTRACT_N":"B39-T5S-S11","LEVEL1_SUR":null,"LEVEL2_BLO":"39 T5S","LEVEL3_SUR":"11","Surv_Sect":"11","SHAPE_AREA":678.3746913384681,"owner_count":0.0,"top_owner":"","top_owner_state":"","top_operator":"","max_propensity_score":0.0,"field_name":"Unknown","production_trend":null},"geometry":{"type":"Polygon","coordinates":[[[-101.9445675337721,31.623594618753383],[-101.96115843341455,31.61978759120208],[-101.96602224833269,31.634066915458387],[-101.9661388927757,31.63439710594799],[-101.9493355963658,31.63806600599822],[-101.9445675337721,31.623594618753383]]]}},{"type":"Feature","properties":{"ABSTRACT_L":"A-1373","ABSTRACT_N":"1373","LEVEL1_SUR":"BLK 39  SEC 12 A-1373","LEVEL2_BLO":"39 T5S","LEVEL3_SUR":"12","Surv_Sect":"12","SHAPE_AREA":677.5416807417294,"owner_count":194.0,"top_owner":"COYLE MARY KATHERINE MONROE","top_owner_state":"ID","top_operator":"PIONEER NATURAL RES","max_propensity_score":6.0,"field_name":"Unknown","production_trend":null},"geometry":{"type":"Polygon","coordinates":[[[-101.9445675337721,31.623594618753383],[-101.9493355963658,31.63806600599822],[-101.94894996039409,31.638150176731653],[-101.93253166394865,31.641894382209184],[-101.92788834950015,31.62735479374832],[-101.93770411484559,31.625142815688044],[-101.9445675337721,31.623594618753383]]]}},{"type":"Feature","properties":{"ABSTRACT_L":"A-429","ABSTRACT_N":"429","LEVEL1_SUR":"SEC 13","LEVEL2_BLO":"39 T5S","LEVEL3_SUR":"13","Surv_Sect":"13","SHAPE_AREA":669.9628777613011,"owner_count":950.0,"top_owner":"COTTON FAMILY LIVING TRUST","top_owner_state":"CO","top_operator":"PIONEER NAT RES","max_propensity_score":9.0,"field_name":"Unknown","production_trend":null},"geometry":{"type":"Polygon","coordinates":[[[-101.92719371552862,31.625142417933436],[-101.92351706827588,31.61343152093242],[-101.94057477745572,31.608994933956183],[-101.94269280996127,31.616742247162716],[-101.9445675337721,31.623594618753383],[-101.93770411484559,31.625142815688044],[-101.92788834950015,31.62735479374832],[-101.92719371552862,31.625142417933436]]]}},{"type":"Feature","properties":{"ABSTRACT_L":"A-1414","ABSTRACT_N":"1414","LEVEL1_SUR":null,"LEVEL2_BLO":"39 T5S","LEVEL3_SUR":"14","Surv_Sect":"14","SHAPE_AREA":653.9486815479594,"owner_count":84.0,"top_owner":"MEKUSUKEY OIL CO LLC","top_owner_state":"OK","top_operator":"PIONEER NATURAL RES","max_propensity_score":8.0,"field_name":"Unknown","production_trend":null},"geometry":{"type":"Polygon","coordinates":[[[-101.94269280996127,31.616742247162716],[-101.94057477745572,31.608994933956183],[-101.95630119416428,31.60530056038902],[-101.95885214277155,31.612935879489573],[-101.96115843341455,31.61978759120208],[-101.9445675337721,31.623594618753383],[-101.94269280996127,31.616742247162716]]]}},{"type":"Feature","properties":{"ABSTRACT_L":"A-430","ABSTRACT_N":"430","LEVEL1_SUR":null,"LEVEL2_BLO":"39 T5S","LEVEL3_SUR":"15","Surv_Sect":"15","SHAPE_AREA":676.2771863724847,"owner_count":891.0,"top_owner":"MEKUSUKEY OIL CO LLC","top_owner_state":"OK","top_operator":"PIONEER NATURAL RES","max_propensity_score":8.0,"field_name":"Unknown","production_trend":null},"geometry":{"type":"Polygon","coordinates":[[[-101.95885214277155,31.612935879489573],[-101.95630119416428,31.60530056038902],[-101.97321947403226,31.60169068695116],[-101.97333657661606,31.60206279753037],[-101.97420313914984,31.60474396686526],[-101.97475177083658,31.606443195576123],[-101.97536104958476,31.608337180010288],[-101.97540517123826,31.608474329805077],[-101.97560607316335,31.609090319769923],[-101.97663761848558,31.612253024823794],[-101.9776582852097,31.615489718821113],[-101.9778517230331,31.616077926228122],[-101.96816592684128,31.618230648006392],[-101.96115843341455,31.61978759120208],[-101.95885214277155,31.612935879489573]]]}},{"type":"Feature","properties":{"ABSTRACT_L":"A-1404","ABSTRACT_N":"1404","LEVEL1_SUR":null,"LEVEL2_BLO":"39 T5S","LEVEL3_SUR":"16","Surv_Sect":"16","SHAPE_AREA":640.5823383668695,"owner_count":1.0,"top_owner":"PIONEER NAT RES USA WI","top_owner_state":"TX","top_operator":"PIONEER NATURAL RES","max_propensity_score":1.0,"field_name":"Unknown","production_trend":null},"geometry":{"type":"Polygon","coordinates":[[[-101.97513279485759,31.606353252798336],[-101.97458409130564,31.604653825820268],[-101.97371786114851,31.60197371738322],[-101.9900042283164,31.598150376593875],[-101.99221998225349,31.605239443055883],[-101.99440812826695,31.612239239951858],[-101.97994241800791,31.61559550186051],[-101.97823403074666,31.615991751144353],[-101.97804287644071,31.616034839078704],[-101.97579684119371,31.6090461162456],[-101.97598760922408,31.609001912700247],[-101.97578606590187,31.60838396438639],[-101.97513279485759,31.606353252798336]]]}},{"type":"Feature","properties":{"ABSTRACT_L":"A-431","ABSTRACT_N":"431","LEVEL1_SUR":null,"LEVEL2_BLO":"39 T5S","LEVEL3_SUR":"17","Surv_Sect":"17","SHAPE_AREA":662.6867443792463,"owner_count":948.0,"top_owner":"GALL ROBERT E ESTATE","top_owner_state":"NY","top_operator":"PIONEER NATURAL RES","max_propensity_score":9.0,"field_name":"Unknown","production_trend":null},"geometry":{"type":"Polygon","coordinates":[[[-102.00042026230773,31.595765506700644],[-102.00685045072215,31.59429296133559],[-102.00912153369423,31.601319390490744],[-102.01137578762776,31.60829280475688],[-101.99440812826695,31.612239239951858],[-101.99221998225349,31.605239443055883],[-101.9900042283164,31.598150376593875],[-102.00042026230773,31.595765506700644]]]}},{"type":"Feature","properties":{"ABSTRACT_L":"A-1405","ABSTRACT_N":"1405","LEVEL1_SUR":null,"LEVEL2_BLO":"39 T5S","LEVEL3_SUR":"18","Surv_Sect":"18","SHAPE_AREA":642.6119897208581,"owner_count":711.0,"top_owner":"BJ ENERGY ENTERPRISES LP","top_owner_state":"CO","top_operator":"PIONEER NATURAL RES","max_propensity_score":8.0,"field_name":"Unknown","production_trend":null},"geometry":{"type":"Polygon","coordinates":[[[-102.00912153369423,31.601319390490744],[-102.00685045072215,31.59429296133559],[-102.02336329574958,31.59041046307471],[-102.02765239909164,31.604494421804272],[-102.01137578762776,31.60829280475688],[-102.00912153369423,31.601319390490744]]]}},{"type":"Feature","properties":{"ABSTRACT_L":"A-432","ABSTRACT_N":"432","LEVEL1_SUR":null,"LEVEL2_BLO":"39 T5S","LEVEL3_SUR":"19","Surv_Sect":"19","SHAPE_AREA":649.0470226492276,"owner_count":1515.0,"top_owner":"GALL ROBERT E ESTATE","top_owner_state":"NY","top_operator":"PIONEER NATURAL RES","max_propensity_score":10.0,"field_name":"Unknown","production_trend":null},"geometry":{"type":"Polygon","coordinates":[[[-102.00238800217465,31.580142078278225],[-102.01878488997025,31.576338273848524],[-102.02336329574958,31.59041046307471],[-102.00685045072215,31.59429296133559],[-102.00238800217465,31.580142078278225]]]}},{"type":"Feature","properties":{"ABSTRACT_L":"B39-T5S-S2","ABSTRACT_N":"B39-T5S-S2","LEVEL1_SUR":null,"LEVEL2_BLO":"39 T5S","LEVEL3_SUR":"2","Surv_Sect":"2","SHAPE_AREA":663.7670529957155,"owner_count":0.0,"top_owner":"","top_owner_state":"","top_operator":"","max_propensity_score":0.0,"field_name":"Unknown","production_trend":null},"geometry":{"type":"Polygon","coordinates":[[[-101.953296723001,31.65156700561571],[-101.94894996039409,31.638150176731653],[-101.9493355963658,31.63806600599822],[-101.9661388927757,31.63439710594799],[-101.97077354207497,31.648061129330458],[-101.96212562881972,31.650086702643765],[-101.95578464490961,31.65157151043607],[-101.953296723001,31.65156700561571]]]}},{"type":"Feature","properties":{"ABSTRACT_L":"A-1406","ABSTRACT_N":"1406","LEVEL1_SUR":null,"LEVEL2_BLO":"39 T5S","LEVEL3_SUR":"20","Surv_Sect":"20","SHAPE_AREA":668.4788334157823,"owner_count":1116.0,"top_owner":"BIG SURPRISE LLC","top_owner_state":"NM","top_operator":"PIONEER NATURAL RES","max_propensity_score":8.0,"field_name":"Unknown","production_trend":null},"geometry":{"type":"Polygon","coordinates":[[[-101.98548056407384,31.583899791732964],[-102.00042026320604,31.58054537894333],[-102.00238800217465,31.580142078278225],[-102.00685045072215,31.59429296133559],[-102.00042026230773,31.595765506700644],[-101.9900042283164,31.598150376593875],[-101.98548056407384,31.583899791732964]]]}},{"type":"Feature","properties":{"ABSTRACT_L":"B39-T5S-S21","ABSTRACT_N":"B39-T5S-S21","LEVEL1_SUR":null,"LEVEL2_BLO":"39 T5S","LEVEL3_SUR":"21","Surv_Sect":"21","SHAPE_AREA":651.5315178427174,"owner_count":1.0,"top_owner":"CIVITAS RESOURCES INC","top_owner_state":"CO","top_operator":"CIVITAS PERMIAN OPER","max_propensity_score":4.0,"field_name":"Unknown","production_trend":null},"geometry":{"type":"Polygon","coordinates":[[[-101.97277567933246,31.59897976418077],[-101.97199571708701,31.59651100407746],[-101.97096681191341,31.593267518202875],[-101.96990188339859,31.589950992625],[-101.96908862240221,31.587601473415017],[-101.98548056407384,31.583899791732964],[-101.9900042283164,31.598150376593875],[-101.97371786114851,31.60197371738322],[-101.97277567933246,31.59897976418077]]]}},{"type":"Feature","properties":{"ABSTRACT_L":"A-1401","ABSTRACT_N":"1401","LEVEL1_SUR":"BLK 39  SEC 22 A-1401","LEVEL2_BLO":"39 T5S","LEVEL3_SUR":"22","Surv_Sect":"22","SHAPE_AREA":632.5487490086467,"owner_count":1451.0,"top_owner":"GALL ROBERT E ESTATE","top_owner_state":"NY","top_operator":"PIONEER NATURAL RES","max_propensity_score":10.0,"field_name":"Unknown","production_trend":null},"geometry":{"type":"Polygon","coordinates":[[[-101.95231982579077,31.59192239041561],[-101.96877856079706,31.58789641673237],[-101.96952187088058,31.590043873546524],[-101.97058558666977,31.593356661004343],[-101.9716142645696,31.59659947274092],[-101.97239411093237,31.599067900729555],[-101.97321947403226,31.60169068695116],[-101.95630119416428,31.60530056038902],[-101.95231982579077,31.59192239041561]]]}},{"type":"Feature","properties":{"ABSTRACT_L":"A-434","ABSTRACT_N":"434","LEVEL1_SUR":null,"LEVEL2_BLO":"39 T5S","LEVEL3_SUR":"23","Surv_Sect":"23","SHAPE_AREA":597.1402569455746,"owner_count":649.0,"top_owner":"GALL ROBERT E ESTATE","top_owner_state":"NY","top_operator":"PIONEER NATURAL RES","max_propensity_score":10.0,"field_name":"Unknown","production_trend":null},"geometry":{"type":"Polygon","coordinates":[[[-101.93618722774168,31.595431757357886],[-101.95231982579077,31.59192239041561],[-101.95630119416428,31.60530056038902],[-101.94057477745572,31.608994933956183],[-101.93618722774168,31.595431757357886]]]}},{"type":"Feature","properties":{"ABSTRACT_L":"A-1415","ABSTRACT_N":"1415","LEVEL1_SUR":null,"LEVEL2_BLO":"39 T5S","LEVEL3_SUR":"24","Surv_Sect":"24","SHAPE_AREA":662.9884736581756,"owner_count":4.0,"top_owner":"PIONEER NAT RES USA WI","top_owner_state":"TX","top_operator":"PIONEER NATURAL RES","max_propensity_score":2.0,"field_name":"Unknown","production_trend":null},"geometry":{"type":"Polygon","coordinates":[[[-101.9191440937273,31.599195336366588],[-101.93534495924645,31.595613977753196],[-101.93618722774168,31.595431757357886],[-101.94057477745572,31.608994933956183],[-101.92351706827588,31.61343152093242],[-101.9191440937273,31.599195336366588]]]}},{"type":"Feature","properties":{"ABSTRACT_L":"B39-T5S-S25","ABSTRACT_N":"B39-T5S-S25","LEVEL1_SUR":null,"LEVEL2_BLO":"39 T5S","LEVEL3_SUR":"25","Surv_Sect":"25","SHAPE_AREA":638.8930871005533,"owner_count":0.0,"top_owner":"","top_owner_state":"","top_operator":"","max_propensity_score":0.0,"field_name":"Unknown","production_trend":null},"geometry":{"type":"Polygon","coordinates":[[[-101.9147975305464,31.585087434691843],[-101.93094160187832,31.581314175161587],[-101.93313812558011,31.58850013563262],[-101.93534495924645,31.595613977753196],[-101.9191440937273,31.599195336366588],[-101.9147975305464,31.585087434691843]]]}},{"type":"Feature","properties":{"ABSTRACT_L":"A-1402","ABSTRACT_N":"1402","LEVEL1_SUR":null,"LEVEL2_BLO":"39 T5S","LEVEL3_SUR":"26","Surv_Sect":"26","SHAPE_AREA":677.021914242485,"owner_count":324.0,"top_owner":"FRANCO-NEVADA TEXAS LP","top_owner_state":"CO","top_operator":"PIONEER NATURAL RES","max_propensity_score":7.0,"field_name":"Unknown","production_trend":null},"geometry":{"type":"Polygon","coordinates":[[[-101.93313812558011,31.58850013563262],[-101.93094160187832,31.581314175161587],[-101.93185765260108,31.581087350325692],[-101.94743077000979,31.577372356851228],[-101.94998351704425,31.58453727394804],[-101.95231982579077,31.59192239041561],[-101.93618722774168,31.595431757357886],[-101.93534495924645,31.595613977753196],[-101.93313812558011,31.58850013563262]]]}},{"type":"Feature","properties":{"ABSTRACT_L":"A-436","ABSTRACT_N":"436","LEVEL1_SUR":null,"LEVEL2_BLO":"39 T5S","LEVEL3_SUR":"27","Surv_Sect":"27","SHAPE_AREA":668.7055692825935,"owner_count":68.0,"top_owner":"CLARK SUSAN L REV TRUST","top_owner_state":"NM","top_operator":"APACHE CORPORATION","max_propensity_score":7.0,"field_name":"Unknown","production_trend":null},"geometry":{"type":"Polygon","coordinates":[[[-101.94998351704425,31.58453727394804],[-101.94743077000979,31.577372356851228],[-101.94787101636423,31.57727269416855],[-101.96416181042983,31.573583522645166],[-101.96498740619337,31.576018875773354],[-101.96565269040796,31.578162136182602],[-101.9662845294462,31.58024669615229],[-101.96697284646466,31.58231075015402],[-101.96697286443097,31.582310803722535],[-101.96697288149896,31.582310857291056],[-101.96779794905314,31.58478179890794],[-101.96877856079706,31.58789641673237],[-101.95231982579077,31.59192239041561],[-101.94998351704425,31.58453727394804]]]}},{"type":"Feature","properties":{"ABSTRACT_L":"A-1416","ABSTRACT_N":"1416","LEVEL1_SUR":null,"LEVEL2_BLO":"39 T5S","LEVEL3_SUR":"28","Surv_Sect":"28","SHAPE_AREA":641.4146172202784,"owner_count":71.0,"top_owner":"FRANCO-NEVADA TEXAS LP","top_owner_state":"CO","top_operator":"PIONEER NATURAL RES","max_propensity_score":7.0,"field_name":"Unknown","production_trend":null},"geometry":{"type":"Polygon","coordinates":[[[-101.96817880688582,31.58469158038528],[-101.96735281227029,31.582217890604223],[-101.96666580050392,31.580157772688725],[-101.96603486337422,31.578076216826275],[-101.96536811939731,31.575928283711985],[-101.96490369309036,31.574558343948222],[-101.9661793537944,31.57426871649853],[-101.96587616609783,31.573291965044294],[-101.98116103209814,31.569820570718157],[-101.98548056407384,31.583899791732964],[-101.96908862240221,31.587601473415017],[-101.96817880688582,31.58469158038528]]]}},{"type":"Feature","properties":{"ABSTRACT_L":"A-437","ABSTRACT_N":"437","LEVEL1_SUR":null,"LEVEL2_BLO":"39 T5S","LEVEL3_SUR":"29","Surv_Sect":"29","SHAPE_AREA":666.2388070506985,"owner_count":1293.0,"top_owner":"AR MIDLAND LP","top_owner_state":"OK","top_operator":"PIONEER NATURAL RES","max_propensity_score":8.0,"field_name":"Unknown","production_trend":null},"geometry":{"type":"Polygon","coordinates":[[[-101.98116103209814,31.569820570718157],[-101.99799406723554,31.565821953652023],[-102.00238800217465,31.580142078278225],[-102.00042026320604,31.58054537894333],[-101.98548056407384,31.583899791732964],[-101.98116103209814,31.569820570718157]]]}},{"type":"Feature","properties":{"ABSTRACT_L":"A-424","ABSTRACT_N":"424","LEVEL1_SUR":null,"LEVEL2_BLO":"39 T5S","LEVEL3_SUR":"3","Surv_Sect":"3","SHAPE_AREA":643.245019180734,"owner_count":314.0,"top_owner":"MEKUSUKEY OIL CO LLC","top_owner_state":"OK","top_operator":"PIONEER NATURAL RES","max_propensity_score":8.0,"field_name":"Unknown","production_trend":null},"geometry":{"type":"Polygon","coordinates":[[[-101.9661388927757,31.63439710594799],[-101.96602224833269,31.634066915458387],[-101.98251131585285,31.63016343556484],[-101.98702770463991,31.644212406810478],[-101.97077354207497,31.648061129330458],[-101.9661388927757,31.63439710594799]]]}},{"type":"Feature","properties":{"ABSTRACT_L":"B39-T5S-S30","ABSTRACT_N":"B39-T5S-S30","LEVEL1_SUR":null,"LEVEL2_BLO":"39 T5S","LEVEL3_SUR":"30","Surv_Sect":"30","SHAPE_AREA":651.9290693276582,"owner_count":0.0,"top_owner":"","top_owner_state":"","top_operator":"","max_propensity_score":0.0,"field_name":"Unknown","production_trend":null},"geometry":{"type":"Polygon","coordinates":[[[-101.99799406723554,31.565821953652023],[-102.01420169886539,31.56210640468297],[-102.01892093532845,31.57630670312465],[-102.01878488997025,31.576338273848524],[-102.00238800217465,31.580142078278225],[-101.99799406723554,31.565821953652023]]]}},{"type":"Feature","properties":{"ABSTRACT_L":"A-438","ABSTRACT_N":"438","LEVEL1_SUR":null,"LEVEL2_BLO":"39 T5S","LEVEL3_SUR":"31","Surv_Sect":"31","SHAPE_AREA":637.7031426427652,"owner_count":242.0,"top_owner":"SAND AND SLUDGE LLC","top_owner_state":"GA","top_operator":"PIONEER NATURAL RES","max_propensity_score":7.0,"field_name":"Unknown","production_trend":null},"geometry":{"type":"Polygon","coordinates":[[[-101.99333324462215,31.551851452524694],[-102.0095729425144,31.54801798129331],[-102.01420169886539,31.56210640468297],[-101.99799406723554,31.565821953652023],[-101.99333324462215,31.551851452524694]]]}},{"type":"Feature","properties":{"ABSTRACT_L":"B39-T5S-S32","ABSTRACT_N":"B39-T5S-S32","LEVEL1_SUR":null,"LEVEL2_BLO":"39 T5S","LEVEL3_SUR":"32","Surv_Sect":"32","SHAPE_AREA":663.9967059808945,"owner_count":0.0,"top_owner":"","top_owner_state":"","top_operator":"","max_propensity_score":0.0,"field_name":"Unknown","production_trend":null},"geometry":{"type":"Polygon","coordinates":[[[-101.97644227443715,31.55569634726303],[-101.99333324462215,31.551851452524694],[-101.99799406723554,31.565821953652023],[-101.98116103209814,31.569820570718157],[-101.97644227443715,31.55569634726303]]]}},{"type":"Feature","properties":{"ABSTRACT_L":"A-439","ABSTRACT_N":"439","LEVEL1_SUR":null,"LEVEL2_BLO":"39 T5S","LEVEL3_SUR":"33","Surv_Sect":"33","SHAPE_AREA":656.4790143942313,"owner_count":517.0,"top_owner":"GALL ROBERT E ESTATE","top_owner_state":"NY","top_operator":"APACHE CORPORATION","max_propensity_score":10.0,"field_name":"Unknown","production_trend":null},"geometry":{"type":"Polygon","coordinates":[[[-101.96434447475801,31.572908740823763],[-101.9637211059346,31.571026264930058],[-101.96309556318819,31.569066648880984],[-101.96241755254097,31.566975568834067],[-101.96177901835891,31.564978734715368],[-101.96107052068757,31.562797280426828],[-101.96046677106997,31.56089498446442],[-101.95995746582975,31.559292450023033],[-101.97644227443715,31.55569634726303],[-101.98116103209814,31.569820570718157],[-101.96587616609783,31.573291965044294],[-101.96457456653994,31.573587480198885],[-101.96434447475801,31.572908740823763]]]}},{"type":"Feature","properties":{"ABSTRACT_L":"A-1245","ABSTRACT_N":"1245","LEVEL1_SUR":null,"LEVEL2_BLO":"39 T5S","LEVEL3_SUR":"34","Surv_Sect":"34","SHAPE_AREA":639.5237244554088,"owner_count":382.0,"top_owner":"LANE JOHN","top_owner_state":"CO","top_operator":"APACHE CORPORATION","max_propensity_score":8.0,"field_name":"Unknown","production_trend":null},"geometry":{"type":"Polygon","coordinates":[[[-101.95957565218959,31.55937931518307],[-101.96008556019937,31.560983749484254],[-101.96068958919304,31.562886948367574],[-101.96139817849253,31.565068713609918],[-101.96203668123353,31.567065474620804],[-101.9627146586431,31.56915648070659],[-101.96301213574942,31.570088399087478],[-101.9633404771723,31.571116988804107],[-101.96396468412388,31.57300201604378],[-101.96416181042983,31.573583522645166],[-101.94787101636423,31.57727269416855],[-101.94677536816165,31.57376532503562],[-101.94346653700032,31.563171505808707],[-101.95957565218959,31.55937931518307]]]}},{"type":"Feature","properties":{"ABSTRACT_L":"A-440","ABSTRACT_N":"440","LEVEL1_SUR":null,"LEVEL2_BLO":"39 T5S","LEVEL3_SUR":"35","Surv_Sect":"35","SHAPE_AREA":633.8821156264478,"owner_count":252.0,"top_owner":"FRANCO-NEVADA TEXAS LP","top_owner_state":"CO","top_operator":"PIONEER NATURAL RES","max_propensity_score":7.0,"field_name":"Unknown","production_trend":null},"geometry":{"type":"Polygon","coordinates":[[[-101.92738484647835,31.56689456446044],[-101.94346653700032,31.563171505808707],[-101.94677536816165,31.57376532503562],[-101.94787101636423,31.57727269416855],[-101.94743077000979,31.577372356851228],[-101.93185765260108,31.581087350325692],[-101.92738484647835,31.56689456446044]]]}},{"type":"Feature","properties":{"ABSTRACT_L":"A-1185","ABSTRACT_N":"1185","LEVEL1_SUR":null,"LEVEL2_BLO":"39 T5S","LEVEL3_SUR":"36","Surv_Sect":"36","SHAPE_AREA":675.7825735593354,"owner_count":990.0,"top_owner":"GALL ROBERT E ESTATE","top_owner_state":"NY","top_operator":"APACHE CORPORATION","max_propensity_score":9.0,"field_name":"Unknown","production_trend":null},"geometry":{"type":"Polygon","coordinates":[[[-101.91041806297494,31.57078302336237],[-101.91782691378914,31.56909335504908],[-101.92651843036998,31.567110522389864],[-101.92738484647835,31.56689456446044],[-101.93185765260108,31.581087350325692],[-101.93094160187832,31.581314175161587],[-101.9147975305464,31.585087434691843],[-101.91041806297494,31.57078302336237]]]}},{"type":"Feature","properties":{"ABSTRACT_L":"A-441","ABSTRACT_N":"441","LEVEL1_SUR":"T&P RR","LEVEL2_BLO":"39 T5S","LEVEL3_SUR":"37","Surv_Sect":"37","SHAPE_AREA":637.1077682911817,"owner_count":1966.0,"top_owner":"DIXIE CHICKEN MINERALS LLC","top_owner_state":"FL","top_operator":"PIONEER NAT RES USA","max_propensity_score":10.0,"field_name":"Unknown","production_trend":null},"geometry":{"type":"Polygon","coordinates":[[[-101.92208591009447,31.552912256833682],[-101.92432080443533,31.559996941728667],[-101.92544759273724,31.56364492942444],[-101.92651843036998,31.567110522389864],[-101.91782691378914,31.56909335504908],[-101.91041806297494,31.57078302336237],[-101.90594566558565,31.556665751509478],[-101.9135172884344,31.55490523017556],[-101.92208591009447,31.552912256833682]]]}},{"type":"Feature","properties":{"ABSTRACT_L":"B39-T5S-S38","ABSTRACT_N":"B39-T5S-S38","LEVEL1_SUR":null,"LEVEL2_BLO":"39 T5S","LEVEL3_SUR":"38","Surv_Sect":"38","SHAPE_AREA":672.8265027956371,"owner_count":9.0,"top_owner":"MISHELL GROUP LLC","top_owner_state":"TX","top_operator":"APACHE CORPORATION","max_propensity_score":3.0,"field_name":"Unknown","production_trend":null},"geometry":{"type":"Polygon","coordinates":[[[-101.92208591009447,31.552912256833682],[-101.92290649685201,31.552692492077263],[-101.93889228952244,31.548843109215433],[-101.94346653700032,31.563171505808707],[-101.92738484647835,31.56689456446044],[-101.92651843036998,31.567110522389864],[-101.92544759273724,31.56364492942444],[-101.92432080443533,31.559996941728667],[-101.92208591009447,31.552912256833682]]]}},{"type":"Feature","properties":{"ABSTRACT_L":"B39-T5S-S39","ABSTRACT_N":"B39-T5S-S39","LEVEL1_SUR":null,"LEVEL2_BLO":"39 T5S","LEVEL3_SUR":"39","Surv_Sect":"39","SHAPE_AREA":645.5384454880488,"owner_count":0.0,"top_owner":"","top_owner_state":"","top_operator":"","max_propensity_score":0.0,"field_name":"Unknown","production_trend":null},"geometry":{"type":"Polygon","coordinates":[[[-101.93889228952244,31.548843109215433],[-101.95503140574725,31.54510109499059],[-101.95575266578382,31.5473203051753],[-101.95658903324595,31.54995600608658],[-101.95772922171693,31.553401388564108],[-101.95830192376172,31.55525389853395],[-101.95957565218959,31.55937931518307],[-101.94346653700032,31.563171505808707],[-101.93889228952244,31.548843109215433]]]}},{"type":"Feature","properties":{"ABSTRACT_L":"A-1494","ABSTRACT_N":"1494","LEVEL1_SUR":null,"LEVEL2_BLO":"39 T5S","LEVEL3_SUR":"4","Surv_Sect":"4","SHAPE_AREA":638.4071499765338,"owner_count":1.0,"top_owner":"PIONEER NAT RES USA WI","top_owner_state":"TX","top_operator":"PIONEER NATURAL RES","max_propensity_score":1.0,"field_name":"Unknown","production_trend":null},"geometry":{"type":"Polygon","coordinates":[[[-101.98273293382671,31.630103044357902],[-101.99909876955788,31.626373121429634],[-102.003585475313,31.64035542891901],[-101.98729411980035,31.64412645738744],[-101.98273293382671,31.630103044357902]]]}},{"type":"Feature","properties":{"ABSTRACT_L":"B39-T5S-S40","ABSTRACT_N":"B39-T5S-S40","LEVEL1_SUR":null,"LEVEL2_BLO":"39 T5S","LEVEL3_SUR":"40","Surv_Sect":"40","SHAPE_AREA":650.9077529549564,"owner_count":56.0,"top_owner":"GALL ROBERT E ESTATE","top_owner_state":"NY","top_operator":"APACHE CORPORATION","max_propensity_score":9.0,"field_name":"Unknown","production_trend":null},"geometry":{"type":"Polygon","coordinates":[[[-101.95958408198021,31.558376860505685],[-101.95937136810747,31.55773144829047],[-101.95910597612813,31.55694288294112],[-101.95839632322335,31.55471860133895],[-101.9579241381673,31.553311498695464],[-101.95738953636867,31.5515893361267],[-101.95705793046807,31.550544183254882],[-101.95657912752331,31.549107741227253],[-101.95596398996284,31.54716505573826],[-101.95555172343454,31.5459027841866],[-101.95534565619658,31.54525295792266],[-101.97179955377504,31.5414923511003],[-101.97644227443715,31.55569634726303],[-101.95995746582975,31.559292450023033],[-101.95958408198021,31.558376860505685]]]}},{"type":"Feature","properties":{"ABSTRACT_L":"B39-T5S-S41","ABSTRACT_N":"B39-T5S-S41","LEVEL1_SUR":null,"LEVEL2_BLO":"39 T5S","LEVEL3_SUR":"41","Surv_Sect":"41","SHAPE_AREA":668.7588273669646,"owner_count":198.0,"top_owner":"GALL ROBERT E ESTATE","top_owner_state":"NY","top_operator":"APACHE CORPORATION","max_propensity_score":10.0,"field_name":"Unknown","production_trend":null},"geometry":{"type":"Polygon","coordinates":[[[-101.97179955377504,31.5414923511003],[-101.98006830970846,31.539536390571346],[-101.98838660952639,31.537568073873743],[-101.99084801676108,31.544675872719647],[-101.99333324462215,31.551851452524694],[-101.97644227443715,31.55569634726303],[-101.97179955377504,31.5414923511003]]]}},{"type":"Feature","properties":{"ABSTRACT_L":"A-1264","ABSTRACT_N":"1264","LEVEL1_SUR":null,"LEVEL2_BLO":"39 T5S","LEVEL3_SUR":"42","Surv_Sect":"42","SHAPE_AREA":660.1854837450652,"owner_count":160.0,"top_owner":"GALL ROBERT E ESTATE","top_owner_state":"NY","top_operator":"APACHE CORPORATION","max_propensity_score":10.0,"field_name":"Unknown","production_trend":null},"geometry":{"type":"Polygon","coordinates":[[[-101.99084801676108,31.544675872719647],[-101.98838660952639,31.537568073873743],[-102.00042025242627,31.534711914376082],[-102.0049621839101,31.53363354023784],[-102.0095729425144,31.54801798129331],[-101.99333324462215,31.551851452524694],[-101.99084801676108,31.544675872719647]]]}},{"type":"Feature","properties":{"ABSTRACT_L":"A-444","ABSTRACT_N":"444","LEVEL1_SUR":"T&P RR","LEVEL2_BLO":"39 T5S","LEVEL3_SUR":"43","Surv_Sect":"43","SHAPE_AREA":643.9923729034804,"owner_count":138.0,"top_owner":"GALL ROBERT E ESTATE","top_owner_state":"NY","top_operator":"APACHE CORPORATION","max_propensity_score":9.0,"field_name":"Unknown","production_trend":null},"geometry":{"type":"Polygon","coordinates":[[[-101.98386146486025,31.52346302176683],[-101.99079193403959,31.521886290879685],[-101.99324465905705,31.521328173975927],[-102.00004342084267,31.51968779999524],[-102.0049621839101,31.53363354023784],[-102.00042025242627,31.534711914376082],[-101.98838660952639,31.537568073873743],[-101.98386146486025,31.52346302176683]]]}},{"type":"Feature","properties":{"ABSTRACT_L":"B39-T5S-S44","ABSTRACT_N":"B39-T5S-S44","LEVEL1_SUR":null,"LEVEL2_BLO":"39 T5S","LEVEL3_SUR":"44","Surv_Sect":"44","SHAPE_AREA":659.5255404255678,"owner_count":12.0,"top_owner":"MEKUSUKEY OIL CO LLC","top_owner_state":"OK","top_operator":"PRIME OPERATING COMP","max_propensity_score":8.0,"field_name":"Unknown","production_trend":null},"geometry":{"type":"Polygon","coordinates":[[[-101.96718046688977,31.527238270148178],[-101.98386146486025,31.52346302176683],[-101.98838660952639,31.537568073873743],[-101.98006830970846,31.539536390571346],[-101.97179955377504,31.5414923511003],[-101.96718046688977,31.527238270148178]]]}},{"type":"Feature","properties":{"ABSTRACT_L":"A-445","ABSTRACT_N":"445","LEVEL1_SUR":"BLK 39 SEC 45  A-445","LEVEL2_BLO":"39 T5S","LEVEL3_SUR":"45","Surv_Sect":"45","SHAPE_AREA":654.7903926823507,"owner_count":187.0,"top_owner":"PALMER JOHN S ESTATE","top_owner_state":"NY","top_operator":"APACHE CORP","max_propensity_score":9.0,"field_name":"Unknown","production_trend":null},"geometry":{"type":"Polygon","coordinates":[[[-101.95492145644806,31.543966263798087],[-101.95461299743738,31.543006099933056],[-101.95435120860064,31.542195715506836],[-101.9540876617609,31.5413530823072],[-101.95382796420216,31.5405606155842],[-101.9534891493214,31.539496973608184],[-101.95322265690584,31.538670178220766],[-101.95294064250048,31.537806501255144],[-101.95268100512885,31.536995377257707],[-101.95168354188853,31.533877324285015],[-101.95076686054841,31.5309991119342],[-101.96718046688977,31.527238270148178],[-101.97179955377504,31.5414923511003],[-101.95534565619658,31.54525295792266],[-101.9552337862993,31.544900176290774],[-101.95492145644806,31.543966263798087]]]}},{"type":"Feature","properties":{"ABSTRACT_L":"A-1390","ABSTRACT_N":"1390","LEVEL1_SUR":null,"LEVEL2_BLO":"39 T5S","LEVEL3_SUR":"46","Surv_Sect":"46","SHAPE_AREA":636.3536056824715,"owner_count":51.0,"top_owner":"LINDLEY RIATA JANE ANNE TRUST","top_owner_state":"NM","top_operator":"FLAT TOP OPERATING","max_propensity_score":8.0,"field_name":"Unknown","production_trend":null},"geometry":{"type":"Polygon","coordinates":[[[-101.93528186158089,31.534545547308603],[-101.93735567451657,31.5340556368488],[-101.93955099896745,31.533548501723327],[-101.94432950806957,31.532389786534186],[-101.94656862449227,31.531853640756502],[-101.94904043870952,31.531246444911478],[-101.95007182413164,31.53099406912846],[-101.95021810669081,31.53096749447198],[-101.95028623312531,31.53097562605581],[-101.95034901278727,31.53099230269159],[-101.95038402462545,31.53100614935061],[-101.95041643404429,31.531022102408212],[-101.95047316804435,31.531068994504498],[-101.95052385278933,31.531146100489643],[-101.95056391944765,31.53123813111852],[-101.95061003985263,31.531382055036488],[-101.95125034461411,31.533417386905946],[-101.95187892007293,31.535403649886078],[-101.9524608325443,31.53716413639783],[-101.95355084651342,31.540492997895107],[-101.95449191082528,31.54342202414107],[-101.95460262638741,31.54376660816062],[-101.95503140574725,31.54510109499059],[-101.93889228952244,31.548843109215433],[-101.93439565109523,31.534762185751052],[-101.93528186158089,31.534545547308603]]]}},{"type":"Feature","properties":{"ABSTRACT_L":"B39-T5S-S47","ABSTRACT_N":"B39-T5S-S47","LEVEL1_SUR":null,"LEVEL2_BLO":"39 T5S","LEVEL3_SUR":"47","Surv_Sect":"47","SHAPE_AREA":632.8881681748893,"owner_count":0.0,"top_owner":"","top_owner_state":"","top_operator":"","max_propensity_score":0.0,"field_name":"Unknown","production_trend":null},"geometry":{"type":"Polygon","coordinates":[[[-101.91829647396794,31.5386197703722],[-101.92012181918423,31.538182605424414],[-101.92258103363132,31.537608188375984],[-101.92799226301896,31.536300309215463],[-101.93047974834634,31.53571337527484],[-101.93286123426684,31.535137263960245],[-101.93439565109523,31.534762185751052],[-101.93889228952244,31.548843109215433],[-101.92290649685201,31.552692492077263],[-101.91829647396794,31.5386197703722]]]}},{"type":"Feature","properties":{"ABSTRACT_L":"B39-T5S-S48","ABSTRACT_N":"B39-T5S-S48","LEVEL1_SUR":null,"LEVEL2_BLO":"39 T5S","LEVEL3_SUR":"48","Surv_Sect":"48","SHAPE_AREA":664.8415526477531,"owner_count":1.0,"top_owner":"BUSTAMANTE RESOURCES LLC","top_owner_state":"TX","top_operator":"BUSTAMANTE RESOURCES","max_propensity_score":3.0,"field_name":"Unknown","production_trend":null},"geometry":{"type":"Polygon","coordinates":[[[-101.90374226707699,31.549649906053666],[-101.90152116187573,31.542576727037797],[-101.90238302532227,31.54237469891978],[-101.9040456137754,31.541980712016834],[-101.90565844723987,31.54159975623857],[-101.90703338795248,31.541290480646012],[-101.90885320493652,31.54086268925451],[-101.91073159477203,31.540417589326292],[-101.91276702628889,31.539931930499932],[-101.91452904476922,31.539514526117774],[-101.91642903010417,31.539067739992355],[-101.91818031820843,31.53864758851936],[-101.91829647396794,31.5386197703722],[-101.92290649685201,31.552692492077263],[-101.92208591009447,31.552912256833682],[-101.9135172884344,31.55490523017556],[-101.90594566558565,31.556665751509478],[-101.90374226707699,31.549649906053666]]]}},{"type":"Feature","properties":{"ABSTRACT_L":"A-425","ABSTRACT_N":"425","LEVEL1_SUR":null,"LEVEL2_BLO":"39 T5S","LEVEL3_SUR":"5","Surv_Sect":"5","SHAPE_AREA":641.1991203058503,"owner_count":2.0,"top_owner":"PIONEER NAT RES USA WI","top_owner_state":"TX","top_operator":"PIONEER NATURAL RES","max_propensity_score":1.0,"field_name":"Unknown","production_trend":null},"geometry":{"type":"Polygon","coordinates":[[[-101.99909876955788,31.626373121429634],[-102.01550364157971,31.622506193122998],[-102.01997974990944,31.636496070766594],[-102.003585475313,31.64035542891901],[-101.99909876955788,31.626373121429634]]]}},{"type":"Feature","properties":{"ABSTRACT_L":"B39-T5S-S6","ABSTRACT_N":"B39-T5S-S6","LEVEL1_SUR":null,"LEVEL2_BLO":"39 T5S","LEVEL3_SUR":"6","Surv_Sect":"6","SHAPE_AREA":661.7182018682315,"owner_count":0.0,"top_owner":"","top_owner_state":"","top_operator":"","max_propensity_score":0.0,"field_name":"Unknown","production_trend":null},"geometry":{"type":"Polygon","coordinates":[[[-102.01550364157971,31.622506193122998],[-102.0323555835589,31.618403716077996],[-102.03686354165701,31.63241843655321],[-102.01997974990944,31.636496070766594],[-102.01550364157971,31.622506193122998]]]}},{"type":"Feature","properties":{"ABSTRACT_L":"B39-T5S-S7","ABSTRACT_N":"B39-T5S-S7","LEVEL1_SUR":null,"LEVEL2_BLO":"39 T5S","LEVEL3_SUR":"7","Surv_Sect":"7","SHAPE_AREA":653.2079308140912,"owner_count":0.0,"top_owner":"","top_owner_state":"","top_operator":"","max_propensity_score":0.0,"field_name":"Unknown","production_trend":null},"geometry":{"type":"Polygon","coordinates":[[[-102.01137578762776,31.60829280475688],[-102.02765239909164,31.604494421804272],[-102.02777116355874,31.604466698274408],[-102.0323555835589,31.618403716077996],[-102.01550364157971,31.622506193122998],[-102.01137578762776,31.60829280475688]]]}},{"type":"Feature","properties":{"ABSTRACT_L":"A-1493","ABSTRACT_N":"1493","LEVEL1_SUR":null,"LEVEL2_BLO":"39 T5S","LEVEL3_SUR":"8","Surv_Sect":"8","SHAPE_AREA":659.6281747002477,"owner_count":2.0,"top_owner":"PIONEER NAT RES USA WI","top_owner_state":"TX","top_operator":"PIONEER NATURAL RES","max_propensity_score":3.0,"field_name":"Unknown","production_trend":null},"geometry":{"type":"Polygon","coordinates":[[[-101.99440812826695,31.612239239951858],[-102.01137578762776,31.60829280475688],[-102.01550364157971,31.622506193122998],[-101.99909876955788,31.626373121429634],[-101.99440812826695,31.612239239951858]]]}},{"type":"Feature","properties":{"ABSTRACT_L":"A-427","ABSTRACT_N":"427","LEVEL1_SUR":null,"LEVEL2_BLO":"39 T5S","LEVEL3_SUR":"9","Surv_Sect":"9","SHAPE_AREA":641.2598426432556,"owner_count":1147.0,"top_owner":"MEKUSUKEY OIL CO LLC","top_owner_state":"OK","top_operator":"PIONEER NATURAL RES","max_propensity_score":8.0,"field_name":"Unknown","production_trend":null},"geometry":{"type":"Polygon","coordinates":[[[-101.98065168284049,31.623435638813007],[-101.97974869541858,31.620704687169496],[-101.97886078981196,31.617897534551034],[-101.97823403074666,31.615991751144353],[-101.97994241800791,31.61559550186051],[-101.99440812826695,31.612239239951858],[-101.99909876955788,31.626373121429634],[-101.98273293382671,31.630103044357902],[-101.98065168284049,31.623435638813007]]]}},{"type":"Feature","properties":{"ABSTRACT_L":"A-593","ABSTRACT_N":"593","LEVEL1_SUR":"GC&SF","LEVEL2_BLO":"4","LEVEL3_SUR":"14","Surv_Sect":"14","SHAPE_AREA":947.390041417882,"owner_count":106.0,"top_owner":"JONES ROBERT B FAMILY CO LLC","top_owner_state":"PA","top_operator":"PIONEER NATURAL RES","max_propensity_score":7.0,"field_name":"Unknown","production_trend":null},"geometry":{"type":"Polygon","coordinates":[[[-101.84569392213801,31.344157125810653],[-101.84590469564975,31.344810148844363],[-101.84716773053249,31.34872311007137],[-101.84801854200606,31.35134794638667],[-101.85035939622793,31.358587998646804],[-101.84262239892529,31.36032859119428],[-101.8406252392328,31.36077780461584],[-101.83823386375934,31.361324599194234],[-101.8361188451016,31.36180816030483],[-101.83527132146195,31.36200192033514],[-101.83085965288083,31.362992528147455],[-101.82889011728165,31.363434717945513],[-101.82657169848399,31.363990141743063],[-101.82545471798835,31.360459988346197],[-101.82434035877672,31.35693784295],[-101.82265041931814,31.351754467779905],[-101.82207698604473,31.349987014534253],[-101.82479500871841,31.349191078001734],[-101.83057093614514,31.347807427016363],[-101.83162459888796,31.347554820685783],[-101.83189161322471,31.347490805145345],[-101.8326284850826,31.34731413884446],[-101.83800103570907,31.34602591357241],[-101.83815632298065,31.345988674527536],[-101.83816624307633,31.34598629621193],[-101.83822127387063,31.34597332441696],[-101.84472799695065,31.34439191817447],[-101.84539135338063,31.344230673172074],[-101.84569392213801,31.344157125810653]]]}},{"type":"Feature","properties":{"ABSTRACT_L":"B4--S17","ABSTRACT_N":"B4--S17","LEVEL1_SUR":null,"LEVEL2_BLO":"4","LEVEL3_SUR":"17","Surv_Sect":"17","SHAPE_AREA":648.5726850954022,"owner_count":0.0,"top_owner":"","top_owner_state":"","top_operator":"","max_propensity_score":0.0,"field_name":"Unknown","production_trend":null},"geometry":{"type":"Polygon","coordinates":[[[-102.14966288533456,31.294884645186873],[-102.15028690543657,31.28039043383062],[-102.16727159865181,31.280469717595338],[-102.1672098502558,31.288655644387408],[-102.16719124165469,31.29112093023188],[-102.1671633606432,31.294813049700256],[-102.14966288533456,31.294884645186873]]]}},{"type":"Feature","properties":{"ABSTRACT_L":"A-824","ABSTRACT_N":"824","LEVEL1_SUR":"GC&SF","LEVEL2_BLO":"4","LEVEL3_SUR":"18","Surv_Sect":"18","SHAPE_AREA":625.9363708882319,"owner_count":216.0,"top_owner":"GOODMAN ENERGY LLC","top_owner_state":"OK","top_operator":"SAMSON LONE STAR LP","max_propensity_score":8.0,"field_name":"Unknown","production_trend":null},"geometry":{"type":"Polygon","coordinates":[[[-102.16719124165469,31.29112093023188],[-102.1672098502558,31.288655644387408],[-102.16727159865181,31.280469717595338],[-102.18424036383873,31.28060206843709],[-102.1869200634841,31.2805857226668],[-102.18704414687598,31.29055209457798],[-102.17143621346182,31.29389756684473],[-102.1671633606432,31.294813049700256],[-102.16719124165469,31.29112093023188]]]}},{"type":"Feature","properties":{"ABSTRACT_L":"B40--S2","ABSTRACT_N":"B40--S2","LEVEL1_SUR":null,"LEVEL2_BLO":"40","LEVEL3_SUR":"2","Surv_Sect":"2","SHAPE_AREA":643.9907348650859,"owner_count":49.0,"top_owner":"DIAMONDBACK E & P LLC","top_owner_state":"OK","top_operator":"OVINTIV USA INC","max_propensity_score":5.0,"field_name":"Unknown","production_trend":null},"geometry":{"type":"Polygon","coordinates":[[[-102.04834405410719,31.61453756125157],[-102.04872402260776,31.614444564761243],[-102.06486674646676,31.610469020975966],[-102.06949924609755,31.624442458226152],[-102.05321974205843,31.62843569967077],[-102.04834405410719,31.61453756125157]]]}},{"type":"Feature","properties":{"ABSTRACT_L":"B40-T4S-S31","ABSTRACT_N":"B40-T4S-S31","LEVEL1_SUR":null,"LEVEL2_BLO":"40 T4S","LEVEL3_SUR":"31","Surv_Sect":"31","SHAPE_AREA":589.0399437456202,"owner_count":123.0,"top_owner":"AUSTIN ROYALTIES LLC","top_owner_state":"OK","top_operator":"PIONEER NAT RESOURCE","max_propensity_score":9.0,"field_name":"Unknown","production_trend":null},"geometry":{"type":"Polygon","coordinates":[[[-102.13205969485969,31.651685799436503],[-102.13053535353552,31.647028694670457],[-102.12842563224301,31.64068307940985],[-102.14469811594816,31.636788918101082],[-102.149483408229,31.650705278641162],[-102.14558621379423,31.651675810233083],[-102.13205969485969,31.651685799436503]]]}},{"type":"Feature","properties":{"ABSTRACT_L":"A-1374","ABSTRACT_N":"1374","LEVEL1_SUR":null,"LEVEL2_BLO":"40 T4S","LEVEL3_SUR":"32","Surv_Sect":"32","SHAPE_AREA":413.10363179972205,"owner_count":349.0,"top_owner":"MOORE CEIL W ESTATE","top_owner_state":"TX","top_operator":"COG OPERATING LLC","max_propensity_score":8.0,"field_name":"Unknown","production_trend":null},"geometry":{"type":"Polygon","coordinates":[[[-102.11405956042033,31.651694084135237],[-102.11163898880183,31.644791338970876],[-102.12818286523242,31.64074132540991],[-102.12974310503196,31.645531086662036],[-102.13150979295516,31.650837818306822],[-102.13180287101153,31.65168597531622],[-102.11405956042033,31.651694084135237]]]}},{"type":"Feature","properties":{"ABSTRACT_L":"B40-T4S-S33","ABSTRACT_N":"B40-T4S-S33","LEVEL1_SUR":null,"LEVEL2_BLO":"40 T4S","LEVEL3_SUR":"33","Surv_Sect":"33","SHAPE_AREA":224.37733658422113,"owner_count":0.0,"top_owner":"","top_owner_state":"","top_operator":"","max_propensity_score":0.0,"field_name":"Unknown","production_trend":null},"geometry":{"type":"Polygon","coordinates":[[[-102.0960274711097,31.651692251927585],[-102.09513606027684,31.64899833236762],[-102.11163898880183,31.644791338970876],[-102.11405956042033,31.651694084135237],[-102.0960274711097,31.651692251927585]]]}},{"type":"Feature","properties":{"ABSTRACT_L":"A-1602","ABSTRACT_N":"1602","LEVEL1_SUR":"BLK 40  SEC 34","LEVEL2_BLO":"40 T4S","LEVEL3_SUR":"34","Surv_Sect":"34","SHAPE_AREA":42.97831210676976,"owner_count":174.0,"top_owner":"ALLDALE MINERALS II LP","top_owner_state":"OK","top_operator":"OVINITV USA INC","max_propensity_score":7.0,"field_name":"Unknown","production_trend":null},"geometry":{"type":"Polygon","coordinates":[[[-102.08374882169923,31.651689573203274],[-102.09513606027684,31.64899833236762],[-102.0960274711097,31.651692251927585],[-102.08374882169923,31.651689573203274]]]}},{"type":"Feature","properties":{"ABSTRACT_L":"A-1356","ABSTRACT_N":"1356","LEVEL1_SUR":"T&PRR","LEVEL2_BLO":"40 T4S","LEVEL3_SUR":"37","Surv_Sect":"37","SHAPE_AREA":331.2987032442741,"owner_count":112.0,"top_owner":"GALL ROBERT E ESTATE","top_owner_state":"NY","top_operator":"APACHE CORPORATION","max_propensity_score":9.0,"field_name":"Unknown","production_trend":null},"geometry":{"type":"Polygon","coordinates":[[[-102.04330855317194,31.651674950716526],[-102.0416820150095,31.646440665359854],[-102.05783033716935,31.642291951142145],[-102.06074309663033,31.651681432266734],[-102.04330855317194,31.651674950716526]]]}},{"type":"Feature","properties":{"ABSTRACT_L":"A-1518","ABSTRACT_N":"1518","LEVEL1_SUR":null,"LEVEL2_BLO":"40 T4S","LEVEL3_SUR":"38","Surv_Sect":"38","SHAPE_AREA":526.6134042811018,"owner_count":16.0,"top_owner":"OVINTIV USA INC","top_owner_state":"CO","top_operator":"OVINTIV USA INC","max_propensity_score":3.0,"field_name":"Unknown","production_trend":null},"geometry":{"type":"Polygon","coordinates":[[[-102.06074309663033,31.651681432266734],[-102.05783033716935,31.642291951142145],[-102.07413795488358,31.638142323705964],[-102.07846649336832,31.65168806369661],[-102.06074309663033,31.651681432266734]]]}},{"type":"Feature","properties":{"ABSTRACT_L":"A-447","ABSTRACT_N":"447","LEVEL1_SUR":null,"LEVEL2_BLO":"40 T4S","LEVEL3_SUR":"39","Surv_Sect":"39","SHAPE_AREA":654.1650228320292,"owner_count":2.0,"top_owner":"OVINTIV USA INC","top_owner_state":"CO","top_operator":"OVINTIV USA INC","max_propensity_score":3.0,"field_name":"Unknown","production_trend":null},"geometry":{"type":"Polygon","coordinates":[[[-102.07846649336832,31.65168806369661],[-102.07413795488358,31.638142323705964],[-102.08204128963412,31.636326791618362],[-102.0901758327725,31.63443892108521],[-102.09513606027684,31.64899833236762],[-102.08374882169923,31.651689573203274],[-102.07846649336832,31.65168806369661]]]}},{"type":"Feature","properties":{"ABSTRACT_L":"A-1375","ABSTRACT_N":"1375","LEVEL1_SUR":null,"LEVEL2_BLO":"40 T4S","LEVEL3_SUR":"40","Surv_Sect":"40","SHAPE_AREA":668.8472223631974,"owner_count":178.0,"top_owner":"MOORE CEIL W ESTATE","top_owner_state":"TX","top_operator":"COG OPERATING LLC","max_propensity_score":8.0,"field_name":"Unknown","production_trend":null},"geometry":{"type":"Polygon","coordinates":[[[-102.0901758327725,31.63443892108521],[-102.10666489310616,31.6305796531812],[-102.11163898880183,31.644791338970876],[-102.09513606027684,31.64899833236762],[-102.0901758327725,31.63443892108521]]]}},{"type":"Feature","properties":{"ABSTRACT_L":"B40-T4S-S41","ABSTRACT_N":"B40-T4S-S41","LEVEL1_SUR":null,"LEVEL2_BLO":"40 T4S","LEVEL3_SUR":"41","Surv_Sect":"41","SHAPE_AREA":665.6632646244599,"owner_count":0.0,"top_owner":"","top_owner_state":"","top_operator":"","max_propensity_score":0.0,"field_name":"Unknown","production_trend":null},"geometry":{"type":"Polygon","coordinates":[[[-102.10666489310616,31.6305796531812],[-102.12350482371167,31.626595506644506],[-102.12578917120722,31.63348483420507],[-102.12818286523242,31.64074132540991],[-102.11163898880183,31.644791338970876],[-102.10666489310616,31.6305796531812]]]}},{"type":"Feature","properties":{"ABSTRACT_L":"A-765","ABSTRACT_N":"765","LEVEL1_SUR":null,"LEVEL2_BLO":"40 T4S","LEVEL3_SUR":"42","Surv_Sect":"42","SHAPE_AREA":649.1052361686998,"owner_count":1347.0,"top_owner":"DIXIE CHICKEN MINERALS LLC","top_owner_state":"FL","top_operator":"COG OPERATING LLCORP","max_propensity_score":10.0,"field_name":"Unknown","production_trend":null},"geometry":{"type":"Polygon","coordinates":[[[-102.14232004362576,31.6293715982987],[-102.14469811594816,31.636788918101082],[-102.12842563224301,31.64068307940985],[-102.12601996637001,31.633390351435356],[-102.12381478021392,31.626521194212394],[-102.13143467313613,31.62466399440882],[-102.14013073788726,31.62254359917096],[-102.14232004362576,31.6293715982987]]]}},{"type":"Feature","properties":{"ABSTRACT_L":"B40-T4S-S43","ABSTRACT_N":"B40-T4S-S43","LEVEL1_SUR":null,"LEVEL2_BLO":"40 T4S","LEVEL3_SUR":"43","Surv_Sect":"43","SHAPE_AREA":651.6270712214113,"owner_count":0.0,"top_owner":"","top_owner_state":"","top_operator":"","max_propensity_score":0.0,"field_name":"Unknown","production_trend":null},"geometry":{"type":"Polygon","coordinates":[[[-102.11891749855987,31.61256265565917],[-102.13562266210984,31.608543653227283],[-102.137886474118,31.615572763260115],[-102.14013073788726,31.62254359917096],[-102.13143467313613,31.62466399440882],[-102.12381478021392,31.626521194212394],[-102.12367739816258,31.62655466399516],[-102.11891749855987,31.61256265565917]]]}},{"type":"Feature","properties":{"ABSTRACT_L":"A-1398","ABSTRACT_N":"1398","LEVEL1_SUR":null,"LEVEL2_BLO":"40 T4S","LEVEL3_SUR":"44","Surv_Sect":"44","SHAPE_AREA":661.6839391937169,"owner_count":67.0,"top_owner":"LINDER R LLC","top_owner_state":"AR","top_operator":"COG OPERATING  LLC","max_propensity_score":7.0,"field_name":"Unknown","production_trend":null},"geometry":{"type":"Polygon","coordinates":[[[-102.10445348432009,31.62370646072658],[-102.10441258851677,31.623569562852936],[-102.10230817267433,31.616524526983067],[-102.11063607099108,31.61453681843672],[-102.11891749855987,31.61256265565917],[-102.12367739816258,31.62655466399516],[-102.12350482371167,31.626595506644506],[-102.10666489310616,31.6305796531812],[-102.10445348432009,31.62370646072658]]]}},{"type":"Feature","properties":{"ABSTRACT_L":"A-450","ABSTRACT_N":"450","LEVEL1_SUR":"BLK 40  SEC 45 A-450","LEVEL2_BLO":"40 T4S","LEVEL3_SUR":"45","Surv_Sect":"45","SHAPE_AREA":640.9652152916739,"owner_count":4110.0,"top_owner":"ADELANTE OIL & GAS LLC","top_owner_state":"CO","top_operator":"COG OPERATING LLC","max_propensity_score":10.0,"field_name":"Unknown","production_trend":null},"geometry":{"type":"Polygon","coordinates":[[[-102.10230817267433,31.616524526983067],[-102.10441258851677,31.623569562852936],[-102.10445348432009,31.62370646072658],[-102.10666489310616,31.6305796531812],[-102.0901758327725,31.63443892108521],[-102.08806145551186,31.62743449419197],[-102.08594738906831,31.62043001493333],[-102.10230817267433,31.616524526983067]]]}},{"type":"Feature","properties":{"ABSTRACT_L":"A-1295","ABSTRACT_N":"1295","LEVEL1_SUR":null,"LEVEL2_BLO":"40 T4S","LEVEL3_SUR":"46","Surv_Sect":"46","SHAPE_AREA":629.2067280758387,"owner_count":48.0,"top_owner":"MAVEN ROYALTY 2 LP","top_owner_state":"LA","top_operator":"EXTEX OPERATING CO","max_propensity_score":7.0,"field_name":"Unknown","production_trend":null},"geometry":{"type":"Polygon","coordinates":[[[-102.08594738906831,31.62043001493333],[-102.08806145551186,31.62743449419197],[-102.0901758327725,31.63443892108521],[-102.08204128963412,31.636326791618362],[-102.07413795488358,31.638142323705964],[-102.06949924609755,31.624442458226152],[-102.0777462879539,31.62244988705209],[-102.08594738906831,31.62043001493333]]]}},{"type":"Feature","properties":{"ABSTRACT_L":"A-451","ABSTRACT_N":"451","LEVEL1_SUR":null,"LEVEL2_BLO":"40 T4S","LEVEL3_SUR":"47","Surv_Sect":"47","SHAPE_AREA":632.4641853675784,"owner_count":81.0,"top_owner":"OVINTIV USA INC","top_owner_state":"CO","top_operator":"OVINTIV USA INC","max_propensity_score":4.0,"field_name":"Unknown","production_trend":null},"geometry":{"type":"Polygon","coordinates":[[[-102.05321974205843,31.62843569967077],[-102.06949924609755,31.624442458226152],[-102.07413795488358,31.638142323705964],[-102.05783033716935,31.642291951142145],[-102.05321974205843,31.62843569967077]]]}},{"type":"Feature","properties":{"ABSTRACT_L":"A-1519","ABSTRACT_N":"1519","LEVEL1_SUR":null,"LEVEL2_BLO":"40 T4S","LEVEL3_SUR":"48","Surv_Sect":"48","SHAPE_AREA":638.6479837504897,"owner_count":33.0,"top_owner":"OVINTIV USA INC","top_owner_state":"CO","top_operator":"OVINTIV USA INC","max_propensity_score":3.0,"field_name":"Unknown","production_trend":null},"geometry":{"type":"Polygon","coordinates":[[[-102.03686354165701,31.63241843655321],[-102.05321974205843,31.62843569967077],[-102.05783033716935,31.642291951142145],[-102.0416820150095,31.646440665359854],[-102.03686354165701,31.63241843655321]]]}},{"type":"Feature","properties":{"ABSTRACT_L":"A-452","ABSTRACT_N":"452","LEVEL1_SUR":null,"LEVEL2_BLO":"40 T5S","LEVEL3_SUR":"1","Surv_Sect":"1","SHAPE_AREA":634.6051024669468,"owner_count":22.0,"top_owner":"DIAMONDBACK E & P LLC","top_owner_state":"OK","top_operator":"DIAMONDBACK E&P LLC","max_propensity_score":5.0,"field_name":"Unknown","production_trend":null},"geometry":{"type":"Polygon","coordinates":[[[-102.0323555835589,31.618403716077996],[-102.04834405410719,31.61453756125157],[-102.05321974205843,31.62843569967077],[-102.03686354165701,31.63241843655321],[-102.0323555835589,31.618403716077996]]]}},{"type":"Feature","properties":{"ABSTRACT_L":"A-1516","ABSTRACT_N":"1516","LEVEL1_SUR":null,"LEVEL2_BLO":"40 T5S","LEVEL3_SUR":"10","Surv_Sect":"10","SHAPE_AREA":649.1258186464642,"owner_count":10.0,"top_owner":"BEARD MINDY WINDHAM FAMILY LP","top_owner_state":"TX","top_operator":"PIONEER NATURAL RES","max_propensity_score":4.0,"field_name":"Unknown","production_trend":null},"geometry":{"type":"Polygon","coordinates":[[[-102.07734368639976,31.59249455012604],[-102.08182840597979,31.606374168201032],[-102.06486674646676,31.610469020975966],[-102.06093936145191,31.596449610113226],[-102.07734368639976,31.59249455012604]]]}},{"type":"Feature","properties":{"ABSTRACT_L":"B40-T5S-S11","ABSTRACT_N":"B40-T5S-S11","LEVEL1_SUR":null,"LEVEL2_BLO":"40 T5S","LEVEL3_SUR":"11","Surv_Sect":"11","SHAPE_AREA":635.4295905057882,"owner_count":0.0,"top_owner":"","top_owner_state":"","top_operator":"","max_propensity_score":0.0,"field_name":"Unknown","production_trend":null},"geometry":{"type":"Polygon","coordinates":[[[-102.04466621299346,31.600213447155255],[-102.06093936145191,31.596449610113226],[-102.06486674646676,31.610469020975966],[-102.04872402260776,31.614444564761243],[-102.04466621299346,31.600213447155255]]]}},{"type":"Feature","properties":{"ABSTRACT_L":"B40-T5S-S12","ABSTRACT_N":"B40-T5S-S12","LEVEL1_SUR":null,"LEVEL2_BLO":"40 T5S","LEVEL3_SUR":"12","Surv_Sect":"12","SHAPE_AREA":654.3267371107098,"owner_count":1.0,"top_owner":"DIAMONDBACK E & P LLC","top_owner_state":"OK","top_operator":"DIAMONDBACK E&P LLC","max_propensity_score":6.0,"field_name":"Unknown","production_trend":null},"geometry":{"type":"Polygon","coordinates":[[[-102.02777116355874,31.604466698274408],[-102.0440248697795,31.60041335073827],[-102.04466621299346,31.600213447155255],[-102.04872402260776,31.614444564761243],[-102.04834405410719,31.61453756125157],[-102.0323555835589,31.618403716077996],[-102.02777116355874,31.604466698274408]]]}},{"type":"Feature","properties":{"ABSTRACT_L":"B40-T5S-S13","ABSTRACT_N":"B40-T5S-S13","LEVEL1_SUR":null,"LEVEL2_BLO":"40 T5S","LEVEL3_SUR":"13","Surv_Sect":"13","SHAPE_AREA":641.7326234979631,"owner_count":0.0,"top_owner":"","top_owner_state":"","top_operator":"","max_propensity_score":0.0,"field_name":"Unknown","production_trend":null},"geometry":{"type":"Polygon","coordinates":[[[-102.02336329574958,31.59041046307471],[-102.03954834732644,31.58636631256659],[-102.0440248697795,31.60041335073827],[-102.02777116355874,31.604466698274408],[-102.02765239909164,31.604494421804272],[-102.02336329574958,31.59041046307471]]]}},{"type":"Feature","properties":{"ABSTRACT_L":"B40-T5S-S14","ABSTRACT_N":"B40-T5S-S14","LEVEL1_SUR":null,"LEVEL2_BLO":"40 T5S","LEVEL3_SUR":"14","Surv_Sect":"14","SHAPE_AREA":663.8790191426225,"owner_count":1.0,"top_owner":"PIONEER NAT RES USA WI","top_owner_state":"TX","top_operator":"PIONEER NATURAL RES","max_propensity_score":2.0,"field_name":"Unknown","production_trend":null},"geometry":{"type":"Polygon","coordinates":[[[-102.03954834732644,31.58636631256659],[-102.03976137471125,31.586313068522273],[-102.05621753065434,31.582252547170693],[-102.06093936145191,31.596449610113226],[-102.04466621299346,31.600213447155255],[-102.0440248697795,31.60041335073827],[-102.03954834732644,31.58636631256659]]]}},{"type":"Feature","properties":{"ABSTRACT_L":"A-459","ABSTRACT_N":"459","LEVEL1_SUR":null,"LEVEL2_BLO":"40 T5S","LEVEL3_SUR":"15","Surv_Sect":"15","SHAPE_AREA":652.6872761399618,"owner_count":771.0,"top_owner":"BROADMOOR LAND & MINERALS LLC","top_owner_state":"MS","top_operator":"PIONEER NATURAL RES","max_propensity_score":9.0,"field_name":"Unknown","production_trend":null},"geometry":{"type":"Polygon","coordinates":[[[-102.07734368639976,31.59249455012604],[-102.06093936145191,31.596449610113226],[-102.05621753065434,31.582252547170693],[-102.07253030649491,31.578308699181466],[-102.07493682127587,31.58540166846694],[-102.07734368639976,31.59249455012604]]]}},{"type":"Feature","properties":{"ABSTRACT_L":"A-1509","ABSTRACT_N":"1509","LEVEL1_SUR":"BLK 40  SEC 16 A-1509","LEVEL2_BLO":"40 T5S","LEVEL3_SUR":"16","Surv_Sect":"16","SHAPE_AREA":648.902967747205,"owner_count":1391.0,"top_owner":"LAKEWIND LLC","top_owner_state":"OK","top_operator":"COG OPERATING LLC","max_propensity_score":9.0,"field_name":"Unknown","production_trend":null},"geometry":{"type":"Polygon","coordinates":[[[-102.09148826870765,31.582414846744967],[-102.09364506082277,31.588650470176308],[-102.08540255725521,31.59059108943998],[-102.07734368639976,31.59249455012604],[-102.07493682127587,31.58540166846694],[-102.07253030649491,31.578308699181466],[-102.08059284966329,31.57637737218393],[-102.08872993323729,31.57443880725079],[-102.09148826870765,31.582414846744967]]]}},{"type":"Feature","properties":{"ABSTRACT_L":"A-460","ABSTRACT_N":"460","LEVEL1_SUR":"BLK 40  SEC 17 A-460","LEVEL2_BLO":"40 T5S","LEVEL3_SUR":"17","Surv_Sect":"17","SHAPE_AREA":652.2045877104,"owner_count":1353.0,"top_owner":"ADELANTE OIL & GAS LLC","top_owner_state":"CO","top_operator":"COG OPERATING","max_propensity_score":10.0,"field_name":"Unknown","production_trend":null},"geometry":{"type":"Polygon","coordinates":[[[-102.1051307313993,31.570453924426563],[-102.10978721514986,31.58474568396054],[-102.09364506082277,31.588650470176308],[-102.09148826870765,31.582414846744967],[-102.08872993323729,31.57443880725079],[-102.1051307313993,31.570453924426563]]]}},{"type":"Feature","properties":{"ABSTRACT_L":"B40-T5S-S18","ABSTRACT_N":"B40-T5S-S18","LEVEL1_SUR":null,"LEVEL2_BLO":"40 T5S","LEVEL3_SUR":"18","Surv_Sect":"18","SHAPE_AREA":658.5156131161275,"owner_count":0.0,"top_owner":"","top_owner_state":"","top_operator":"","max_propensity_score":0.0,"field_name":"Unknown","production_trend":null},"geometry":{"type":"Polygon","coordinates":[[[-102.1051307313993,31.570453924426563],[-102.10538957286359,31.57039865762361],[-102.12161670781657,31.56643737452975],[-102.12173873047318,31.56681304184614],[-102.12625516597264,31.58058046009619],[-102.1254236278535,31.580790752355696],[-102.1100444486298,31.5846796104213],[-102.10978721514986,31.58474568396054],[-102.1051307313993,31.570453924426563]]]}},{"type":"Feature","properties":{"ABSTRACT_L":"B40-T5S-S19","ABSTRACT_N":"B40-T5S-S19","LEVEL1_SUR":null,"LEVEL2_BLO":"40 T5S","LEVEL3_SUR":"19","Surv_Sect":"19","SHAPE_AREA":645.5278307538837,"owner_count":77.0,"top_owner":"ALLDALE MINERALS LP","top_owner_state":"OK","top_operator":"OVINTIV","max_propensity_score":7.0,"field_name":"Unknown","production_trend":null},"geometry":{"type":"Polygon","coordinates":[[[-102.100765789586,31.556188232369905],[-102.11691684531925,31.55226151713106],[-102.12161670781657,31.56643737452975],[-102.10538957286359,31.57039865762361],[-102.100765789586,31.556188232369905]]]}},{"type":"Feature","properties":{"ABSTRACT_L":"B40-T5S-S20","ABSTRACT_N":"B40-T5S-S20","LEVEL1_SUR":null,"LEVEL2_BLO":"40 T5S","LEVEL3_SUR":"20","Surv_Sect":"20","SHAPE_AREA":661.3487184339527,"owner_count":1.0,"top_owner":"OVINTIV USA INC","top_owner_state":"CO","top_operator":"OVINTIV USA INC","max_propensity_score":4.0,"field_name":"Unknown","production_trend":null},"geometry":{"type":"Polygon","coordinates":[[[-102.10043293502714,31.556271282980077],[-102.100765789586,31.556188232369905],[-102.10538957286359,31.57039865762361],[-102.1051307313993,31.570453924426563],[-102.08872993323729,31.57443880725079],[-102.08415504795555,31.560338118017988],[-102.10043293502714,31.556271282980077]]]}},{"type":"Feature","properties":{"ABSTRACT_L":"A-462","ABSTRACT_N":"462","LEVEL1_SUR":"T&P RR","LEVEL2_BLO":"40 T5S","LEVEL3_SUR":"21","Surv_Sect":"21","SHAPE_AREA":643.0487021839795,"owner_count":59.0,"top_owner":"NEAL ROBERT L MGMT TR","top_owner_state":"LA","top_operator":"COG OPERATING LLC","max_propensity_score":6.0,"field_name":"Unknown","production_trend":null},"geometry":{"type":"Polygon","coordinates":[[[-102.0678744174291,31.56413651697007],[-102.08415504795555,31.560338118017988],[-102.08872993323729,31.57443880725079],[-102.08059284966329,31.57637737218393],[-102.07253030649491,31.578308699181466],[-102.0678744174291,31.56413651697007]]]}},{"type":"Feature","properties":{"ABSTRACT_L":"A-1408","ABSTRACT_N":"1408","LEVEL1_SUR":null,"LEVEL2_BLO":"40 T5S","LEVEL3_SUR":"22","Surv_Sect":"22","SHAPE_AREA":647.2996207468788,"owner_count":384.0,"top_owner":"BROADMOOR LAND & MINERALS LLC","top_owner_state":"MS","top_operator":"PIONEER NATURAL RES","max_propensity_score":9.0,"field_name":"Unknown","production_trend":null},"geometry":{"type":"Polygon","coordinates":[[[-102.05159669834246,31.56814789172888],[-102.06755992892622,31.564209866546072],[-102.0678744174291,31.56413651697007],[-102.07253030649491,31.578308699181466],[-102.05621753065434,31.582252547170693],[-102.05159669834246,31.56814789172888]]]}},{"type":"Feature","properties":{"ABSTRACT_L":"A-463","ABSTRACT_N":"463","LEVEL1_SUR":"SEC 23","LEVEL2_BLO":"40 T5S","LEVEL3_SUR":"23","Surv_Sect":"23","SHAPE_AREA":655.2682375722244,"owner_count":2674.0,"top_owner":"ANASTAPLO GEORGE","top_owner_state":"MA","top_operator":"PIONEER NAT RES","max_propensity_score":8.0,"field_name":"Unknown","production_trend":null},"geometry":{"type":"Polygon","coordinates":[[[-102.03504796022955,31.572168755686434],[-102.05159669834246,31.56814789172888],[-102.05621753065434,31.582252547170693],[-102.03976137471125,31.586313068522273],[-102.03504796022955,31.572168755686434]]]}},{"type":"Feature","properties":{"ABSTRACT_L":"B40-T5S-S24","ABSTRACT_N":"B40-T5S-S24","LEVEL1_SUR":null,"LEVEL2_BLO":"40 T5S","LEVEL3_SUR":"24","Surv_Sect":"24","SHAPE_AREA":649.0650919755985,"owner_count":0.0,"top_owner":"","top_owner_state":"","top_operator":"","max_propensity_score":0.0,"field_name":"Unknown","production_trend":null},"geometry":{"type":"Polygon","coordinates":[[[-102.01878488997025,31.576338273848524],[-102.01892093532845,31.57630670312465],[-102.03504796022955,31.572168755686434],[-102.03976137471125,31.586313068522273],[-102.03954834732644,31.58636631256659],[-102.02336329574958,31.59041046307471],[-102.01878488997025,31.576338273848524]]]}},{"type":"Feature","properties":{"ABSTRACT_L":"A-464","ABSTRACT_N":"464","LEVEL1_SUR":"T&P RR","LEVEL2_BLO":"40 T5S","LEVEL3_SUR":"25","Surv_Sect":"25","SHAPE_AREA":641.7676553960772,"owner_count":1760.0,"top_owner":"ANASTAPLO GEORGE","top_owner_state":"MA","top_operator":"PIONEER NAT RES USA","max_propensity_score":8.0,"field_name":"Unknown","production_trend":null},"geometry":{"type":"Polygon","coordinates":[[[-102.01420169886539,31.56210640468297],[-102.03045459929736,31.558202538831633],[-102.03504796022955,31.572168755686434],[-102.01892093532845,31.57630670312465],[-102.01420169886539,31.56210640468297]]]}},{"type":"Feature","properties":{"ABSTRACT_L":"A-1511","ABSTRACT_N":"1511","LEVEL1_SUR":null,"LEVEL2_BLO":"40 T5S","LEVEL3_SUR":"26","Surv_Sect":"26","SHAPE_AREA":648.0905520732192,"owner_count":1661.0,"top_owner":"ANASTAPLO GEORGE","top_owner_state":"MA","top_operator":"PIONEER NAT RES","max_propensity_score":8.0,"field_name":"Unknown","production_trend":null},"geometry":{"type":"Polygon","coordinates":[[[-102.03045459929736,31.558202538831633],[-102.04702591386999,31.554234120007138],[-102.05159669834246,31.56814789172888],[-102.03504796022955,31.572168755686434],[-102.03045459929736,31.558202538831633]]]}},{"type":"Feature","properties":{"ABSTRACT_L":"B40-T5S-S27","ABSTRACT_N":"B40-T5S-S27","LEVEL1_SUR":null,"LEVEL2_BLO":"40 T5S","LEVEL3_SUR":"27","Surv_Sect":"27","SHAPE_AREA":634.6502354167928,"owner_count":2.0,"top_owner":"OVINTIV USA INC","top_owner_state":"CO","top_operator":"OVINTIV USA INC","max_propensity_score":3.0,"field_name":"Unknown","production_trend":null},"geometry":{"type":"Polygon","coordinates":[[[-102.04702591386999,31.554234120007138],[-102.06320248894383,31.55025263783456],[-102.0678744174291,31.56413651697007],[-102.06755992892622,31.564209866546072],[-102.05159669834246,31.56814789172888],[-102.04702591386999,31.554234120007138]]]}},{"type":"Feature","properties":{"ABSTRACT_L":"B40-T5S-S28","ABSTRACT_N":"B40-T5S-S28","LEVEL1_SUR":null,"LEVEL2_BLO":"40 T5S","LEVEL3_SUR":"28","Surv_Sect":"28","SHAPE_AREA":639.1264005792335,"owner_count":4.0,"top_owner":"OVINTIV USA INC","top_owner_state":"CO","top_operator":"OVINTIV USA INC","max_propensity_score":5.0,"field_name":"Unknown","production_trend":null},"geometry":{"type":"Polygon","coordinates":[[[-102.06320248894383,31.55025263783456],[-102.07964085465105,31.546348829454217],[-102.08415504795555,31.560338118017988],[-102.0678744174291,31.56413651697007],[-102.06320248894383,31.55025263783456]]]}},{"type":"Feature","properties":{"ABSTRACT_L":"A-466","ABSTRACT_N":"466","LEVEL1_SUR":null,"LEVEL2_BLO":"40 T5S","LEVEL3_SUR":"29","Surv_Sect":"29","SHAPE_AREA":639.9367248765553,"owner_count":340.0,"top_owner":"SMISER OIL AND GAS LLC","top_owner_state":"SC","top_operator":"OVINTIV USA INC","max_propensity_score":8.0,"field_name":"Unknown","production_trend":null},"geometry":{"type":"Polygon","coordinates":[[[-102.07964085465105,31.546348829454217],[-102.09591045925572,31.5422866465712],[-102.10043293502714,31.556271282980077],[-102.08415504795555,31.560338118017988],[-102.07964085465105,31.546348829454217]]]}},{"type":"Feature","properties":{"ABSTRACT_L":"B40-T5S-S3","ABSTRACT_N":"B40-T5S-S3","LEVEL1_SUR":null,"LEVEL2_BLO":"40 T5S","LEVEL3_SUR":"3","Surv_Sect":"3","SHAPE_AREA":655.1589103562168,"owner_count":0.0,"top_owner":"","top_owner_state":"","top_operator":"","max_propensity_score":0.0,"field_name":"Unknown","production_trend":null},"geometry":{"type":"Polygon","coordinates":[[[-102.06486674646676,31.610469020975966],[-102.08182840597979,31.606374168201032],[-102.08594738906831,31.62043001493333],[-102.0777462879539,31.62244988705209],[-102.06949924609755,31.624442458226152],[-102.06486674646676,31.610469020975966]]]}},{"type":"Feature","properties":{"ABSTRACT_L":"A-870","ABSTRACT_N":"870","LEVEL1_SUR":null,"LEVEL2_BLO":"40 T5S","LEVEL3_SUR":"30","Surv_Sect":"30","SHAPE_AREA":649.0328601900359,"owner_count":212.0,"top_owner":"TRI-STATE MINERALS LLC","top_owner_state":"OK","top_operator":"COG OPERATING LLC","max_propensity_score":8.0,"field_name":"Unknown","production_trend":null},"geometry":{"type":"Polygon","coordinates":[[[-102.09591045925572,31.5422866465712],[-102.096261475953,31.54219921962966],[-102.10848373092652,31.539169482342626],[-102.1123968893222,31.538199167460334],[-102.11296723508599,31.53997382326885],[-102.11691684531925,31.55226151713106],[-102.100765789586,31.556188232369905],[-102.10043293502714,31.556271282980077],[-102.09591045925572,31.5422866465712]]]}},{"type":"Feature","properties":{"ABSTRACT_L":"A-467","ABSTRACT_N":"467","LEVEL1_SUR":null,"LEVEL2_BLO":"40 T5S","LEVEL3_SUR":"31","Surv_Sect":"31","SHAPE_AREA":653.1620623386398,"owner_count":103.0,"top_owner":"WESTERVELT LP","top_owner_state":"OK","top_operator":"COG OPERATING LLC","max_propensity_score":8.0,"field_name":"Unknown","production_trend":null},"geometry":{"type":"Polygon","coordinates":[[[-102.0914250291083,31.52781177470781],[-102.10580309523664,31.524458053165553],[-102.1060123182562,31.524409238040672],[-102.10782285923662,31.52398678693757],[-102.1123968893222,31.538199167460334],[-102.10848373092652,31.539169482342626],[-102.096261475953,31.54219921962966],[-102.0914250291083,31.52781177470781]]]}},{"type":"Feature","properties":{"ABSTRACT_L":"A-1278","ABSTRACT_N":"1278","LEVEL1_SUR":null,"LEVEL2_BLO":"40 T5S","LEVEL3_SUR":"32","Surv_Sect":"32","SHAPE_AREA":680.0080121235933,"owner_count":298.0,"top_owner":"TRI-STATE MINERALS LLC","top_owner_state":"OK","top_operator":"OVINTIV USA INC","max_propensity_score":8.0,"field_name":"Unknown","production_trend":null},"geometry":{"type":"Polygon","coordinates":[[[-102.07480347805003,31.531598352433715],[-102.08726804638493,31.528758412475888],[-102.0914250291083,31.52781177470781],[-102.096261475953,31.54219921962966],[-102.09591045925572,31.5422866465712],[-102.07964085465105,31.546348829454217],[-102.07480347805003,31.531598352433715]]]}},{"type":"Feature","properties":{"ABSTRACT_L":"A-468","ABSTRACT_N":"468","LEVEL1_SUR":"BLK 40  SEC 33 A-468","LEVEL2_BLO":"40 T5S","LEVEL3_SUR":"33","Surv_Sect":"33","SHAPE_AREA":680.6594661591631,"owner_count":1700.0,"top_owner":"CAPROCK ENERGY LLC","top_owner_state":"NV","top_operator":"DIAMONDBACK E&P","max_propensity_score":9.0,"field_name":"Unknown","production_trend":null},"geometry":{"type":"Polygon","coordinates":[[[-102.05837230515331,31.535447158675428],[-102.07480347805003,31.531598352433715],[-102.07964085465105,31.546348829454217],[-102.06320248894383,31.55025263783456],[-102.05837230515331,31.535447158675428]]]}},{"type":"Feature","properties":{"ABSTRACT_L":"A-873","ABSTRACT_N":"873","LEVEL1_SUR":"BLK 40  SEC 34 A-873","LEVEL2_BLO":"40 T5S","LEVEL3_SUR":"34","Surv_Sect":"34","SHAPE_AREA":658.3997000373031,"owner_count":682.0,"top_owner":"ARETE MINERAL HOLDINGS LLC","top_owner_state":"OK","top_operator":"OVINTIV USA INC","max_propensity_score":8.0,"field_name":"Unknown","production_trend":null},"geometry":{"type":"Polygon","coordinates":[[[-102.04233342654115,31.540199639500855],[-102.05837230515331,31.535447158675428],[-102.06320248894383,31.55025263783456],[-102.04702591386999,31.554234120007138],[-102.04233342654115,31.540199639500855]]]}},{"type":"Feature","properties":{"ABSTRACT_L":"A-469","ABSTRACT_N":"469","LEVEL1_SUR":null,"LEVEL2_BLO":"40 T5S","LEVEL3_SUR":"35","Surv_Sect":"35","SHAPE_AREA":648.2414581043611,"owner_count":952.0,"top_owner":"WALKER J EWING INV CO LLC","top_owner_state":"NJ","top_operator":"OVINTIV USA INC","max_propensity_score":8.0,"field_name":"Unknown","production_trend":null},"geometry":{"type":"Polygon","coordinates":[[[-102.02600936696227,31.544133394201666],[-102.04233342654115,31.540199639500855],[-102.04702591386999,31.554234120007138],[-102.03045459929736,31.558202538831633],[-102.02600936696227,31.544133394201666]]]}},{"type":"Feature","properties":{"ABSTRACT_L":"B40-T5S-S36","ABSTRACT_N":"B40-T5S-S36","LEVEL1_SUR":null,"LEVEL2_BLO":"40 T5S","LEVEL3_SUR":"36","Surv_Sect":"36","SHAPE_AREA":644.5967994093177,"owner_count":0.0,"top_owner":"","top_owner_state":"","top_operator":"","max_propensity_score":0.0,"field_name":"Unknown","production_trend":null},"geometry":{"type":"Polygon","coordinates":[[[-102.0095729425144,31.54801798129331],[-102.02600936696227,31.544133394201666],[-102.03045459929736,31.558202538831633],[-102.01420169886539,31.56210640468297],[-102.0095729425144,31.54801798129331]]]}},{"type":"Feature","properties":{"ABSTRACT_L":"B40-T5S-S37","ABSTRACT_N":"B40-T5S-S37","LEVEL1_SUR":null,"LEVEL2_BLO":"40 T5S","LEVEL3_SUR":"37","Surv_Sect":"37","SHAPE_AREA":661.2946796149198,"owner_count":0.0,"top_owner":"","top_owner_state":"","top_operator":"","max_propensity_score":0.0,"field_name":"Unknown","production_trend":null},"geometry":{"type":"Polygon","coordinates":[[[-102.0049621839101,31.53363354023784],[-102.02125732851661,31.52969538675008],[-102.02600936696227,31.544133394201666],[-102.0095729425144,31.54801798129331],[-102.0049621839101,31.53363354023784]]]}},{"type":"Feature","properties":{"ABSTRACT_L":"A-1281","ABSTRACT_N":"1281","LEVEL1_SUR":null,"LEVEL2_BLO":"40 T5S","LEVEL3_SUR":"38","Surv_Sect":"38","SHAPE_AREA":665.2109007953422,"owner_count":12.0,"top_owner":"MAVEN ROYALTY 2 LP","top_owner_state":"LA","top_operator":"APACHE CORPORATION","max_propensity_score":6.0,"field_name":"Unknown","production_trend":null},"geometry":{"type":"Polygon","coordinates":[[[-102.02125732851661,31.52969538675008],[-102.03744703606161,31.525573586945445],[-102.04233342654115,31.540199639500855],[-102.02600936696227,31.544133394201666],[-102.02125732851661,31.52969538675008]]]}},{"type":"Feature","properties":{"ABSTRACT_L":"A-471","ABSTRACT_N":"471","LEVEL1_SUR":null,"LEVEL2_BLO":"40 T5S","LEVEL3_SUR":"39","Surv_Sect":"39","SHAPE_AREA":652.5268137410784,"owner_count":138.0,"top_owner":"NEAL ROBERT L MGMT TR","top_owner_state":"LA","top_operator":"OVINTIV USA INC","max_propensity_score":4.0,"field_name":"Unknown","production_trend":null},"geometry":{"type":"Polygon","coordinates":[[[-102.03744703606161,31.525573586945445],[-102.05370490058382,31.52159711865118],[-102.05837230515331,31.535447158675428],[-102.04233342654115,31.540199639500855],[-102.03744703606161,31.525573586945445]]]}},{"type":"Feature","properties":{"ABSTRACT_L":"B40-T5S-S4","ABSTRACT_N":"B40-T5S-S4","LEVEL1_SUR":null,"LEVEL2_BLO":"40 T5S","LEVEL3_SUR":"4","Surv_Sect":"4","SHAPE_AREA":639.1797174458193,"owner_count":2.0,"top_owner":"COG OPERATING","top_owner_state":"TX","top_operator":"COG OPERTING","max_propensity_score":2.0,"field_name":"Unknown","production_trend":null},"geometry":{"type":"Polygon","coordinates":[[[-102.08182840597979,31.606374168201032],[-102.0979203148381,31.602355118206052],[-102.10230817267433,31.616524526983067],[-102.08594738906831,31.62043001493333],[-102.08182840597979,31.606374168201032]]]}},{"type":"Feature","properties":{"ABSTRACT_L":"A-1580","ABSTRACT_N":"1580","LEVEL1_SUR":null,"LEVEL2_BLO":"40 T5S","LEVEL3_SUR":"40","Surv_Sect":"40","SHAPE_AREA":639.7225640534651,"owner_count":637.0,"top_owner":"BROADMOOR LAND & MINERALS LLC","top_owner_state":"MS","top_operator":"OVINTIV USA INC","max_propensity_score":8.0,"field_name":"Unknown","production_trend":null},"geometry":{"type":"Polygon","coordinates":[[[-102.05370490058382,31.52159711865118],[-102.07026110279843,31.517778935489684],[-102.07261011372307,31.52492587197229],[-102.07480347805003,31.531598352433715],[-102.05837230515331,31.535447158675428],[-102.05370490058382,31.52159711865118]]]}},{"type":"Feature","properties":{"ABSTRACT_L":"A-472","ABSTRACT_N":"472","LEVEL1_SUR":"SEC 41","LEVEL2_BLO":"40 T5S","LEVEL3_SUR":"41","Surv_Sect":"41","SHAPE_AREA":651.2753532587313,"owner_count":2506.0,"top_owner":"BURLINGTON WILLIAM III ESTATE","top_owner_state":"FL","top_operator":"OVINTIV USA INC","max_propensity_score":9.0,"field_name":"Unknown","production_trend":null},"geometry":{"type":"Polygon","coordinates":[[[-102.07026110279843,31.517778935489684],[-102.07038581231606,31.51775016537015],[-102.0789033746337,31.515754890134843],[-102.08717932427591,31.51381557643496],[-102.08811635694877,31.516859520976105],[-102.08883902374707,31.519206876161267],[-102.08916393360555,31.520347850368765],[-102.08933718897946,31.520921819938653],[-102.08949776642976,31.521453782310882],[-102.09023221642964,31.523916176205955],[-102.09070528003804,31.52551685781259],[-102.0914250291083,31.52781177470781],[-102.08726804638493,31.528758412475888],[-102.07480347805003,31.531598352433715],[-102.07261011372307,31.52492587197229],[-102.07026110279843,31.517778935489684]]]}},{"type":"Feature","properties":{"ABSTRACT_L":"A-1384","ABSTRACT_N":"1384","LEVEL1_SUR":"BLK40 SEC 42 A-1384","LEVEL2_BLO":"40 T5S","LEVEL3_SUR":"42","Surv_Sect":"42","SHAPE_AREA":635.5238414677526,"owner_count":107.0,"top_owner":"AR MIDLAND LP","top_owner_state":"OK","top_operator":"COG OPERATING LLC","max_propensity_score":7.0,"field_name":"Unknown","production_trend":null},"geometry":{"type":"Polygon","coordinates":[[[-102.09070528003804,31.52551685781259],[-102.09023221642964,31.523916176205955],[-102.08949776642976,31.521453782310882],[-102.08933718897946,31.520921819938653],[-102.08916393360555,31.520347850368765],[-102.08883902374707,31.519206876161267],[-102.08811635694877,31.516859520976105],[-102.08717932427591,31.51381557643496],[-102.10324456484838,31.51004919342179],[-102.10649365534837,31.519602950182477],[-102.10782285923662,31.52398678693757],[-102.1060123182562,31.524409238040672],[-102.10580309523664,31.524458053165553],[-102.0914250291083,31.52781177470781],[-102.09070528003804,31.52551685781259]]]}},{"type":"Feature","properties":{"ABSTRACT_L":"A-473","ABSTRACT_N":"473","LEVEL1_SUR":null,"LEVEL2_BLO":"40 T5S","LEVEL3_SUR":"43","Surv_Sect":"43","SHAPE_AREA":635.5844349175445,"owner_count":260.0,"top_owner":"SINGER FAMILY LLC","top_owner_state":"NM","top_operator":"COG OPERATING LLC","max_propensity_score":8.0,"field_name":"Unknown","production_trend":null},"geometry":{"type":"Polygon","coordinates":[[[-102.09865829970863,31.496007649153405],[-102.09881518059153,31.496474295989476],[-102.0997677226778,31.499416446821776],[-102.10133121707361,31.504170186374704],[-102.10324456484838,31.51004919342179],[-102.08717932427591,31.51381557643496],[-102.08696480568773,31.513118690874695],[-102.08560257883133,31.509272145190867],[-102.08430830054303,31.505628701146552],[-102.08297376335693,31.501832994911464],[-102.08231728353044,31.499952251018637],[-102.09865829970863,31.496007649153405]]]}},{"type":"Feature","properties":{"ABSTRACT_L":"A-1385","ABSTRACT_N":"1385","LEVEL1_SUR":"T&P RR","LEVEL2_BLO":"40 T5S","LEVEL3_SUR":"44","Surv_Sect":"44","SHAPE_AREA":652.8670228227151,"owner_count":13.0,"top_owner":"NEAL ROBERT L MGMT TR","top_owner_state":"LA","top_operator":"COG OPERATING LLC","max_propensity_score":5.0,"field_name":"Unknown","production_trend":null},"geometry":{"type":"Polygon","coordinates":[[[-102.07450577277162,31.50183702137736],[-102.08231728353044,31.499952251018637],[-102.08297376335693,31.501832994911464],[-102.08430830054303,31.505628701146552],[-102.08560257883133,31.509272145190867],[-102.08696480568773,31.513118690874695],[-102.08717932427591,31.51381557643496],[-102.0789033746337,31.515754890134843],[-102.07038581231606,31.51775016537015],[-102.07026110279843,31.517778935489684],[-102.06571893326102,31.503956444108965],[-102.07450577277162,31.50183702137736]]]}},{"type":"Feature","properties":{"ABSTRACT_L":"A-474","ABSTRACT_N":"474","LEVEL1_SUR":"T&P RR","LEVEL2_BLO":"40 T5S","LEVEL3_SUR":"45","Surv_Sect":"45","SHAPE_AREA":637.5128427277822,"owner_count":205.0,"top_owner":"DOORNBOS MINERAL PARTNERS LLC","top_owner_state":"OK","top_operator":"COG OPERATING LLC","max_propensity_score":8.0,"field_name":"Unknown","production_trend":null},"geometry":{"type":"Polygon","coordinates":[[[-102.0578461331453,31.505854791891228],[-102.06571893326102,31.503956444108965],[-102.07026110279843,31.517778935489684],[-102.05370490058382,31.52159711865118],[-102.05143789955642,31.51474209247201],[-102.04918921338101,31.507941549359366],[-102.0578461331453,31.505854791891228]]]}},{"type":"Feature","properties":{"ABSTRACT_L":"A-1280","ABSTRACT_N":"1280","LEVEL1_SUR":null,"LEVEL2_BLO":"40 T5S","LEVEL3_SUR":"46","Surv_Sect":"46","SHAPE_AREA":620.5538312850163,"owner_count":2.0,"top_owner":"OVINTIV USA INC","top_owner_state":"CO","top_operator":"OVINTIV USA INC","max_propensity_score":4.0,"field_name":"Unknown","production_trend":null},"geometry":{"type":"Polygon","coordinates":[[[-102.04918921338101,31.507941549359366],[-102.05143789955642,31.51474209247201],[-102.05370490058382,31.52159711865118],[-102.03744703606161,31.525573586945445],[-102.0331726129879,31.511849615587824],[-102.03710612361465,31.51086436843695],[-102.04918921338101,31.507941549359366]]]}},{"type":"Feature","properties":{"ABSTRACT_L":"A-475","ABSTRACT_N":"475","LEVEL1_SUR":null,"LEVEL2_BLO":"40 T5S","LEVEL3_SUR":"47","Surv_Sect":"47","SHAPE_AREA":629.9903431514992,"owner_count":88.0,"top_owner":"BELLATORUM LAND & MINERALS LP","top_owner_state":"CA","top_operator":"APACHE CORP","max_propensity_score":7.0,"field_name":"Unknown","production_trend":null},"geometry":{"type":"Polygon","coordinates":[[[-102.01675770858097,31.515926213295735],[-102.0331726129879,31.511849615587824],[-102.03744703606161,31.525573586945445],[-102.02125732851661,31.52969538675008],[-102.01675770858097,31.515926213295735]]]}},{"type":"Feature","properties":{"ABSTRACT_L":"A-1282","ABSTRACT_N":"1282","LEVEL1_SUR":"T&P RR","LEVEL2_BLO":"40 T5S","LEVEL3_SUR":"48","Surv_Sect":"48","SHAPE_AREA":642.3485086987913,"owner_count":35.0,"top_owner":"GALL ROBERT E ESTATE","top_owner_state":"NY","top_operator":"APACHE CORPORATION","max_propensity_score":9.0,"field_name":"Unknown","production_trend":null},"geometry":{"type":"Polygon","coordinates":[[[-102.01675770858097,31.515926213295735],[-102.02125732851661,31.52969538675008],[-102.0049621839101,31.53363354023784],[-102.00004342084267,31.51968779999524],[-102.01675770858097,31.515926213295735]]]}},{"type":"Feature","properties":{"ABSTRACT_L":"A-454","ABSTRACT_N":"454","LEVEL1_SUR":"BLK 40  SEC 5 A-454","LEVEL2_BLO":"40 T5S","LEVEL3_SUR":"5","Surv_Sect":"5","SHAPE_AREA":650.6688489816046,"owner_count":2643.0,"top_owner":"ADELANTE OIL & GAS LLC","top_owner_state":"CO","top_operator":"COG OPERATING LLC","max_propensity_score":10.0,"field_name":"Unknown","production_trend":null},"geometry":{"type":"Polygon","coordinates":[[[-102.0979203148381,31.602355118206052],[-102.09817880685773,31.602283259223675],[-102.1142197659681,31.598484838479997],[-102.11656847505881,31.60552376179754],[-102.11891749855987,31.61256265565917],[-102.11063607099108,31.61453681843672],[-102.10230817267433,31.616524526983067],[-102.0979203148381,31.602355118206052]]]}},{"type":"Feature","properties":{"ABSTRACT_L":"B40-T5S-S6","ABSTRACT_N":"B40-T5S-S6","LEVEL1_SUR":null,"LEVEL2_BLO":"40 T5S","LEVEL3_SUR":"6","Surv_Sect":"6","SHAPE_AREA":662.5528545501503,"owner_count":0.0,"top_owner":"","top_owner_state":"","top_operator":"","max_propensity_score":0.0,"field_name":"Unknown","production_trend":null},"geometry":{"type":"Polygon","coordinates":[[[-102.11656847505881,31.60552376179754],[-102.1142197659681,31.598484838479997],[-102.11459878764434,31.598401644135215],[-102.13069552045575,31.594348378481452],[-102.1307941132531,31.594323545023762],[-102.13321811553767,31.60146274569654],[-102.13562266210984,31.608543653227283],[-102.11891749855987,31.61256265565917],[-102.11656847505881,31.60552376179754]]]}},{"type":"Feature","properties":{"ABSTRACT_L":"A-455","ABSTRACT_N":"455","LEVEL1_SUR":"BLK 40  SEC 7 A-455","LEVEL2_BLO":"40 T5S","LEVEL3_SUR":"7","Surv_Sect":"7","SHAPE_AREA":629.6589439601989,"owner_count":6475.0,"top_owner":"ADELANTE OIL & GAS LLC","top_owner_state":"CO","top_operator":"COG OPERATING","max_propensity_score":10.0,"field_name":"Unknown","production_trend":null},"geometry":{"type":"Polygon","coordinates":[[[-102.1100444486298,31.5846796104213],[-102.1254236278535,31.580790752355696],[-102.12625516597264,31.58058046009619],[-102.12872776441914,31.58781882198933],[-102.12968217320456,31.590635233621963],[-102.13093246368834,31.59429022204057],[-102.1307941132531,31.594323545023762],[-102.13069552045575,31.594348378481452],[-102.11459878764434,31.598401644135215],[-102.1100444486298,31.5846796104213]]]}},{"type":"Feature","properties":{"ABSTRACT_L":"A-1435","ABSTRACT_N":"1435","LEVEL1_SUR":"BLK 40  SEC 8 A-1435","LEVEL2_BLO":"40 T5S","LEVEL3_SUR":"8","Surv_Sect":"8","SHAPE_AREA":629.8081858809063,"owner_count":175.0,"top_owner":"DEVISE FAMILY LLC","top_owner_state":"MD","top_operator":"COG OPERATING","max_propensity_score":8.0,"field_name":"Unknown","production_trend":null},"geometry":{"type":"Polygon","coordinates":[[[-102.1100444486298,31.5846796104213],[-102.11459878764434,31.598401644135215],[-102.1142197659681,31.598484838479997],[-102.09817880685773,31.602283259223675],[-102.09364506082277,31.588650470176308],[-102.10978721514986,31.58474568396054],[-102.1100444486298,31.5846796104213]]]}},{"type":"Feature","properties":{"ABSTRACT_L":"B40-T5S-S9","ABSTRACT_N":"B40-T5S-S9","LEVEL1_SUR":null,"LEVEL2_BLO":"40 T5S","LEVEL3_SUR":"9","Surv_Sect":"9","SHAPE_AREA":630.7177990070539,"owner_count":0.0,"top_owner":"","top_owner_state":"","top_operator":"","max_propensity_score":0.0,"field_name":"Unknown","production_trend":null},"geometry":{"type":"Polygon","coordinates":[[[-102.08540255725521,31.59059108943998],[-102.09364506082277,31.588650470176308],[-102.09817880685773,31.602283259223675],[-102.0979203148381,31.602355118206052],[-102.08182840597979,31.606374168201032],[-102.07734368639976,31.59249455012604],[-102.08540255725521,31.59059108943998]]]}},{"type":"Feature","properties":{"ABSTRACT_L":"B41--S48","ABSTRACT_N":"B41--S48","LEVEL1_SUR":null,"LEVEL2_BLO":"41","LEVEL3_SUR":"48","Surv_Sect":"48","SHAPE_AREA":642.8915086335711,"owner_count":1.0,"top_owner":"COG OPERATING LLC WI","top_owner_state":"TX","top_operator":"ENDEAVOR ENERGY RES","max_propensity_score":3.0,"field_name":"Unknown","production_trend":null},"geometry":{"type":"Polygon","coordinates":[[[-102.10133121707361,31.504170186374704],[-102.0997677226778,31.499416446821776],[-102.09881518059153,31.496474295989476],[-102.09865829970863,31.496007649153405],[-102.11489236696066,31.49208641714567],[-102.11513098285633,31.49282482189862],[-102.11558054204531,31.494185884792696],[-102.11620720139763,31.496135119128606],[-102.11688903168142,31.498187589605507],[-102.11760403495204,31.50032882623382],[-102.11820028004377,31.502156882449636],[-102.11884525604472,31.50411339293083],[-102.11951922786642,31.506118041526573],[-102.11955364591822,31.506223222613535],[-102.10324456484838,31.51004919342179],[-102.10133121707361,31.504170186374704]]]}},{"type":"Feature","properties":{"ABSTRACT_L":"B41-T4S-S19","ABSTRACT_N":"B41-T4S-S19","LEVEL1_SUR":null,"LEVEL2_BLO":"41 T4S","LEVEL3_SUR":"19","Surv_Sect":"19","SHAPE_AREA":405.18495303653776,"owner_count":635.0,"top_owner":"BROADMOOR LAND & MINERALS LLC","top_owner_state":"MS","top_operator":"SM ENERGY COMPANY","max_propensity_score":9.0,"field_name":"Unknown","production_trend":null},"geometry":{"type":"Polygon","coordinates":[[[-102.25042666641248,31.65137117915974],[-102.24780688888815,31.651373172724718],[-102.24357119667793,31.651446337372334],[-102.23872181139821,31.65146671652822],[-102.2364931325008,31.644461165503895],[-102.25283350099366,31.640681805278163],[-102.25641437166743,31.651366858621643],[-102.25042666641248,31.65137117915974]]]}},{"type":"Feature","properties":{"ABSTRACT_L":"B41-T4S-S20","ABSTRACT_N":"B41-T4S-S20","LEVEL1_SUR":null,"LEVEL2_BLO":"41 T4S","LEVEL3_SUR":"20","Surv_Sect":"20","SHAPE_AREA":238.05507392686758,"owner_count":0.0,"top_owner":"","top_owner_state":"","top_operator":"","max_propensity_score":0.0,"field_name":"Unknown","production_trend":null},"geometry":{"type":"Polygon","coordinates":[[[-102.21976938460423,31.648332482910092],[-102.22197556519534,31.647821924052977],[-102.22291988230684,31.647603374229735],[-102.2364931325008,31.644461165503895],[-102.23872181139821,31.65146671652822],[-102.22086968608,31.65154373057979],[-102.21976938460423,31.648332482910092]]]}},{"type":"Feature","properties":{"ABSTRACT_L":"B41-T4S-S21","ABSTRACT_N":"B41-T4S-S21","LEVEL1_SUR":null,"LEVEL2_BLO":"41 T4S","LEVEL3_SUR":"21","Surv_Sect":"21","SHAPE_AREA":63.515080313685104,"owner_count":0.0,"top_owner":"","top_owner_state":"","top_operator":"","max_propensity_score":0.0,"field_name":"Unknown","production_trend":null},"geometry":{"type":"MultiPolygon","coordinates":[[[[-102.21976938460423,31.648332482910092],[-102.22086968608,31.65154373057979],[-102.20637336932091,31.651598028537105],[-102.21976938460423,31.648332482910092]]],[[[-102.27466584035024,31.65066111018118],[-102.27490335670798,31.651351564680006],[-102.27161834976631,31.651354465176276],[-102.27466584035024,31.65066111018118]]]]}},{"type":"Feature","properties":{"ABSTRACT_L":"A-779","ABSTRACT_N":"779","LEVEL1_SUR":null,"LEVEL2_BLO":"41 T4S","LEVEL3_SUR":"25","Surv_Sect":"25","SHAPE_AREA":139.61277724158958,"owner_count":124.0,"top_owner":"BIG SURPRISE LLC","top_owner_state":"NM","top_operator":"COG OPERATING LLC","max_propensity_score":8.0,"field_name":"Unknown","production_trend":null},"geometry":{"type":"Polygon","coordinates":[[[-102.14979776378121,31.651672413460147],[-102.149483408229,31.650705278641162],[-102.16601857549291,31.64660356578539],[-102.16763164072273,31.65165788273407],[-102.14979776378121,31.651672413460147]]]}},{"type":"Feature","properties":{"ABSTRACT_L":"A-1419","ABSTRACT_N":"1419","LEVEL1_SUR":null,"LEVEL2_BLO":"41 T4S","LEVEL3_SUR":"26","Surv_Sect":"26","SHAPE_AREA":335.61565465483216,"owner_count":182.0,"top_owner":"MA MAR ROYALTY LLC","top_owner_state":"OK","top_operator":"COG OPERATING LLC","max_propensity_score":9.0,"field_name":"Unknown","production_trend":null},"geometry":{"type":"Polygon","coordinates":[[[-102.16763164072273,31.65165788273407],[-102.16601857549291,31.64660356578539],[-102.18259642710585,31.64233294060041],[-102.18563651467353,31.651638142904932],[-102.16763164072273,31.65165788273407]]]}},{"type":"Feature","properties":{"ABSTRACT_L":"B41-T4S-S27","ABSTRACT_N":"B41-T4S-S27","LEVEL1_SUR":null,"LEVEL2_BLO":"41 T4S","LEVEL3_SUR":"27","Surv_Sect":"27","SHAPE_AREA":504.122273117393,"owner_count":1.0,"top_owner":"DIAMONDBACK E & P LLC","top_owner_state":"OK","top_operator":"DIAMONDBACK E&P LLC","max_propensity_score":5.0,"field_name":"Unknown","production_trend":null},"geometry":{"type":"Polygon","coordinates":[[[-102.19840668268156,31.63831194065221],[-102.19966791913711,31.64210033663763],[-102.1999116626164,31.64284184482056],[-102.201003245044,31.646162473307783],[-102.20234630903877,31.6502804135705],[-102.2025577688634,31.65085976905708],[-102.202811385726,31.651461274949938],[-102.20287985711356,31.651611728049144],[-102.20015245602832,31.65162235883846],[-102.18563651467353,31.651638142904932],[-102.18259642710585,31.64233294060041],[-102.18787490435915,31.640990725100497],[-102.19840668268156,31.63831194065221]]]}},{"type":"Feature","properties":{"ABSTRACT_L":"B41-T4S-S28","ABSTRACT_N":"B41-T4S-S28","LEVEL1_SUR":null,"LEVEL2_BLO":"41 T4S","LEVEL3_SUR":"28","Surv_Sect":"28","SHAPE_AREA":651.2422522128526,"owner_count":0.0,"top_owner":"","top_owner_state":"","top_operator":"","max_propensity_score":0.0,"field_name":"Unknown","production_trend":null},"geometry":{"type":"Polygon","coordinates":[[[-102.203118782928,31.651610794356518],[-102.20302025031776,31.651394288299706],[-102.20276922778972,31.65079894241034],[-102.20256022934898,31.650226332020043],[-102.20121800977056,31.646111010891136],[-102.19988251138712,31.642048378693467],[-102.1986235216181,31.638266759056204],[-102.19869071649968,31.638250961247373],[-102.21544295177053,31.634321693793364],[-102.21976938460423,31.648332482910092],[-102.20637336932091,31.651598028537105],[-102.203118782928,31.651610794356518]]]}},{"type":"Feature","properties":{"ABSTRACT_L":"B41-T4S-S29","ABSTRACT_N":"B41-T4S-S29","LEVEL1_SUR":null,"LEVEL2_BLO":"41 T4S","LEVEL3_SUR":"29","Surv_Sect":"29","SHAPE_AREA":642.3906618219067,"owner_count":1.0,"top_owner":"DIAMONDBACK E & P LLC","top_owner_state":"OK","top_operator":"DIAMONDBACK E&P LLC","max_propensity_score":5.0,"field_name":"Unknown","production_trend":null},"geometry":{"type":"Polygon","coordinates":[[[-102.21544295177053,31.634321693793364],[-102.23159258726733,31.630544779018575],[-102.2364931325008,31.644461165503895],[-102.22291988230684,31.647603374229735],[-102.22197556519534,31.647821924052977],[-102.21976938460423,31.648332482910092],[-102.21544295177053,31.634321693793364]]]}},{"type":"Feature","properties":{"ABSTRACT_L":"A-785","ABSTRACT_N":"785","LEVEL1_SUR":null,"LEVEL2_BLO":"41 T4S","LEVEL3_SUR":"30","Surv_Sect":"30","SHAPE_AREA":649.5335241870031,"owner_count":500.0,"top_owner":"BROADMOOR LAND & MINERALS LLC","top_owner_state":"MS","top_operator":"SM ENERGY","max_propensity_score":9.0,"field_name":"Unknown","production_trend":null},"geometry":{"type":"Polygon","coordinates":[[[-102.23159258726733,31.630544779018575],[-102.24808432817376,31.626463309519018],[-102.25283350099366,31.640681805278163],[-102.2364931325008,31.644461165503895],[-102.23159258726733,31.630544779018575]]]}},{"type":"Feature","properties":{"ABSTRACT_L":"A-477","ABSTRACT_N":"477","LEVEL1_SUR":null,"LEVEL2_BLO":"41 T4S","LEVEL3_SUR":"31","Surv_Sect":"31","SHAPE_AREA":652.5650735734955,"owner_count":690.0,"top_owner":"BROADMOOR LAND & MINERALS LLC","top_owner_state":"MS","top_operator":"SM ENERGY","max_propensity_score":9.0,"field_name":"Unknown","production_trend":null},"geometry":{"type":"Polygon","coordinates":[[[-102.2269703365156,31.616353321215215],[-102.24341794588709,31.612429086047687],[-102.24808432817376,31.626463309519018],[-102.23159258726733,31.630544779018575],[-102.2269703365156,31.616353321215215]]]}},{"type":"Feature","properties":{"ABSTRACT_L":"A-1317","ABSTRACT_N":"1317","LEVEL1_SUR":"T&P JONES O P BLK41 SEC32","LEVEL2_BLO":"41 T4S","LEVEL3_SUR":"32","Surv_Sect":"32","SHAPE_AREA":637.5992780337001,"owner_count":113.0,"top_owner":"LAMBERT SUSAN K FAMILY TRUST","top_owner_state":"NE","top_operator":"SM ENERGY COMPANY","max_propensity_score":5.0,"field_name":"Unknown","production_trend":null},"geometry":{"type":"Polygon","coordinates":[[[-102.2108112911662,31.620382050936122],[-102.2269703365156,31.616353321215215],[-102.23159258726733,31.630544779018575],[-102.21544295177053,31.634321693793364],[-102.2108112911662,31.620382050936122]]]}},{"type":"Feature","properties":{"ABSTRACT_L":"A-478","ABSTRACT_N":"478","LEVEL1_SUR":"BLK 41 SEC 33  A-478","LEVEL2_BLO":"41 T4S","LEVEL3_SUR":"33","Surv_Sect":"33","SHAPE_AREA":652.087918057594,"owner_count":206.0,"top_owner":"VICKSBURG ROYALTY LLC","top_owner_state":"NM","top_operator":"DISCOVERY OPERATING","max_propensity_score":9.0,"field_name":"Unknown","production_trend":null},"geometry":{"type":"Polygon","coordinates":[[[-102.1970859292452,31.633524823305535],[-102.19580974751828,31.629613702498457],[-102.19411829260183,31.624438442404205],[-102.2108112911662,31.620382050936122],[-102.21544295177053,31.634321693793364],[-102.19869071649968,31.638250961247373],[-102.1986235216181,31.638266759056204],[-102.1970859292452,31.633524823305535]]]}},{"type":"Feature","properties":{"ABSTRACT_L":"A-764","ABSTRACT_N":"764","LEVEL1_SUR":null,"LEVEL2_BLO":"41 T4S","LEVEL3_SUR":"34","Surv_Sect":"34","SHAPE_AREA":622.7440501844446,"owner_count":1297.0,"top_owner":"BROADMOOR LAND & MINERALS LLC","top_owner_state":"MS","top_operator":"DISCOVERY OPERATING","max_propensity_score":10.0,"field_name":"Unknown","production_trend":null},"geometry":{"type":"Polygon","coordinates":[[[-102.17998927360621,31.63497105132946],[-102.17772325174245,31.628571551671367],[-102.1939061689222,31.624497830656274],[-102.19559498279173,31.629665047076017],[-102.19687109265342,31.63357597604308],[-102.19840668268156,31.63831194065221],[-102.18787490435915,31.640990725100497],[-102.18259642710585,31.64233294060041],[-102.17998927360621,31.63497105132946]]]}},{"type":"Feature","properties":{"ABSTRACT_L":"A-479","ABSTRACT_N":"479","LEVEL1_SUR":"BLK 41 SEC 35  A-479","LEVEL2_BLO":"41 T4S","LEVEL3_SUR":"35","Surv_Sect":"35","SHAPE_AREA":646.4590175407895,"owner_count":1651.0,"top_owner":"BROADMOOR LAND & MINERALS LLC","top_owner_state":"MS","top_operator":"COG OPERATING","max_propensity_score":10.0,"field_name":"Unknown","production_trend":null},"geometry":{"type":"Polygon","coordinates":[[[-102.16129888358402,31.632644766185663],[-102.17772325174245,31.628571551671367],[-102.17998927360621,31.63497105132946],[-102.18259642710585,31.64233294060041],[-102.16601857549291,31.64660356578539],[-102.16129888358402,31.632644766185663]]]}},{"type":"Feature","properties":{"ABSTRACT_L":"B41-T4S-S36","ABSTRACT_N":"B41-T4S-S36","LEVEL1_SUR":null,"LEVEL2_BLO":"41 T4S","LEVEL3_SUR":"36","Surv_Sect":"36","SHAPE_AREA":651.0927340156856,"owner_count":1039.0,"top_owner":"ADELANTE OIL & GAS LLC","top_owner_state":"CO","top_operator":"COG OPERATING LLCORP","max_propensity_score":8.0,"field_name":"Unknown","production_trend":null},"geometry":{"type":"Polygon","coordinates":[[[-102.16129888358402,31.632644766185663],[-102.16601857549291,31.64660356578539],[-102.149483408229,31.650705278641162],[-102.14469811594816,31.636788918101082],[-102.16129888358402,31.632644766185663]]]}},{"type":"Feature","properties":{"ABSTRACT_L":"B41-T4S-S37","ABSTRACT_N":"B41-T4S-S37","LEVEL1_SUR":null,"LEVEL2_BLO":"41 T4S","LEVEL3_SUR":"37","Surv_Sect":"37","SHAPE_AREA":655.5173429353944,"owner_count":417.0,"top_owner":"DIXIE CHICKEN MINERALS LLC","top_owner_state":"FL","top_operator":"COG OPERATING LLCORP","max_propensity_score":9.0,"field_name":"Unknown","production_trend":null},"geometry":{"type":"Polygon","coordinates":[[[-102.14232004362576,31.6293715982987],[-102.14013073788726,31.62254359917096],[-102.1564954740805,31.61859221549915],[-102.16129888358402,31.632644766185663],[-102.14469811594816,31.636788918101082],[-102.14232004362576,31.6293715982987]]]}},{"type":"Feature","properties":{"ABSTRACT_L":"A-763","ABSTRACT_N":"763","LEVEL1_SUR":null,"LEVEL2_BLO":"41 T4S","LEVEL3_SUR":"38","Surv_Sect":"38","SHAPE_AREA":648.1411338672262,"owner_count":128.0,"top_owner":"T4F MINERALS LLC","top_owner_state":"TN","top_operator":"COG OPERATING LLC","max_propensity_score":8.0,"field_name":"Unknown","production_trend":null},"geometry":{"type":"Polygon","coordinates":[[[-102.1564954740805,31.61859221549915],[-102.16467319743796,31.61658011220018],[-102.17282652884052,31.614573389248427],[-102.17520749912804,31.621379971908233],[-102.17772325174245,31.628571551671367],[-102.16129888358402,31.632644766185663],[-102.1564954740805,31.61859221549915]]]}},{"type":"Feature","properties":{"ABSTRACT_L":"B41-T4S-S39","ABSTRACT_N":"B41-T4S-S39","LEVEL1_SUR":null,"LEVEL2_BLO":"41 T4S","LEVEL3_SUR":"39","Surv_Sect":"39","SHAPE_AREA":643.1294306959443,"owner_count":5.0,"top_owner":"TEXAS PACIFIC RESOURCES LLC","top_owner_state":"TX","top_operator":"COG OPERATING LLC","max_propensity_score":3.0,"field_name":"Unknown","production_trend":null},"geometry":{"type":"Polygon","coordinates":[[[-102.17520749912804,31.621379971908233],[-102.17282652884052,31.614573389248427],[-102.1892921108059,31.610541373207504],[-102.19112361577008,31.616126141064317],[-102.19287305064994,31.621353004581703],[-102.1939061689222,31.624497830656274],[-102.17772325174245,31.628571551671367],[-102.17520749912804,31.621379971908233]]]}},{"type":"Feature","properties":{"ABSTRACT_L":"A-1195","ABSTRACT_N":"1195","LEVEL1_SUR":null,"LEVEL2_BLO":"41 T4S","LEVEL3_SUR":"40","Surv_Sect":"40","SHAPE_AREA":660.0571768877207,"owner_count":539.0,"top_owner":"MA MAR ROYALTY LLC","top_owner_state":"OK","top_operator":"SM ENERGY COMPANY","max_propensity_score":10.0,"field_name":"Unknown","production_trend":null},"geometry":{"type":"Polygon","coordinates":[[[-102.18948937455406,31.610441651905507],[-102.20626245073952,31.606289403334536],[-102.2108112911662,31.620382050936122],[-102.19411829260183,31.624438442404205],[-102.19308755306842,31.621300918775653],[-102.19133811908688,31.616074096702064],[-102.18948937455406,31.610441651905507]]]}},{"type":"Feature","properties":{"ABSTRACT_L":"A-482","ABSTRACT_N":"482","LEVEL1_SUR":null,"LEVEL2_BLO":"41 T4S","LEVEL3_SUR":"41","Surv_Sect":"41","SHAPE_AREA":647.3445077186988,"owner_count":429.0,"top_owner":"MA MAR ROYALTY LLC","top_owner_state":"OK","top_operator":"SM ENERGY COMPANY","max_propensity_score":10.0,"field_name":"Unknown","production_trend":null},"geometry":{"type":"Polygon","coordinates":[[[-102.20626245073952,31.606289403334536],[-102.22216192249768,31.602392982230974],[-102.22290860395846,31.602225147522343],[-102.2269703365156,31.616353321215215],[-102.2108112911662,31.620382050936122],[-102.20626245073952,31.606289403334536]]]}},{"type":"Feature","properties":{"ABSTRACT_L":"B41-T4S-S42","ABSTRACT_N":"B41-T4S-S42","LEVEL1_SUR":null,"LEVEL2_BLO":"41 T4S","LEVEL3_SUR":"42","Surv_Sect":"42","SHAPE_AREA":643.2925930922528,"owner_count":0.0,"top_owner":"","top_owner_state":"","top_operator":"","max_propensity_score":0.0,"field_name":"Unknown","production_trend":null},"geometry":{"type":"MultiPolygon","coordinates":[[[[-102.23888734126066,31.598804366140662],[-102.23858598433061,31.598549622929536],[-102.23841689983456,31.598453319636512],[-102.23914586472132,31.598276836410868],[-102.23958370718407,31.599587393720878],[-102.23919557209925,31.599143334568033],[-102.23888734126066,31.598804366140662]]],[[[-102.23822049218084,31.59850154972145],[-102.23845969647302,31.59866753569973],[-102.2387466965282,31.598909135980698],[-102.23906428062553,31.59921599017375],[-102.23967068835807,31.59992056121944],[-102.24341794588709,31.612429086047687],[-102.2269703365156,31.616353321215215],[-102.22290860395846,31.602225147522343],[-102.23822049218084,31.59850154972145]]]]}},{"type":"Feature","properties":{"ABSTRACT_L":"A-483","ABSTRACT_N":"483","LEVEL1_SUR":null,"LEVEL2_BLO":"41 T4S","LEVEL3_SUR":"43","Surv_Sect":"43","SHAPE_AREA":621.5009072117342,"owner_count":1.0,"top_owner":"SM ENERGY COMPANY","top_owner_state":"CO","top_operator":"SM ENERGY COMPANY","max_propensity_score":4.0,"field_name":"Unknown","production_trend":null},"geometry":{"type":"MultiPolygon","coordinates":[[[[-102.2376450053587,31.59808486116267],[-102.23747818731213,31.598007890074456],[-102.23520524572574,31.59648877576074],[-102.23513261154513,31.596448098179806],[-102.23505690692286,31.596392315011595],[-102.23499552503951,31.59632781828805],[-102.23495469211827,31.596281812898443],[-102.23489569436366,31.596223432710463],[-102.23408998101229,31.59543188896486],[-102.2321478278596,31.59358608434111],[-102.23009715732228,31.59165133523869],[-102.2282275161793,31.58987878432278],[-102.2271259534689,31.588808024245886],[-102.22525742354196,31.587069047078177],[-102.23423529698424,31.58533209977748],[-102.23453477194376,31.585267241090428],[-102.23914586472132,31.598276836410868],[-102.23841689983456,31.598453319636512],[-102.23803195915892,31.598293414556462],[-102.2376450053587,31.59808486116267]]],[[[-102.22509916644005,31.58709789301553],[-102.22702226093567,31.588887912266554],[-102.22812339514968,31.589958255920813],[-102.22999372440214,31.591731463385738],[-102.23204433565067,31.593666158027265],[-102.23398554826724,31.595511071952885],[-102.2347903426421,31.59630171367924],[-102.23484628073483,31.59635706612268],[-102.23488586589615,31.596401664366276],[-102.23495653456291,31.596475920505487],[-102.23504854720082,31.59654371950412],[-102.23512397963356,31.59658596406508],[-102.23740161132405,31.59810821384675],[-102.2375746528989,31.59818805716585],[-102.23796470049696,31.598398278317468],[-102.23822049218084,31.59850154972145],[-102.22290860395846,31.602225147522343],[-102.22216192249768,31.602392982230974],[-102.21803461202646,31.588655515222495],[-102.22509916644005,31.58709789301553]]]]}},{"type":"Feature","properties":{"ABSTRACT_L":"B41-T4S-S44","ABSTRACT_N":"B41-T4S-S44","LEVEL1_SUR":null,"LEVEL2_BLO":"41 T4S","LEVEL3_SUR":"44","Surv_Sect":"44","SHAPE_AREA":629.6067887645827,"owner_count":0.0,"top_owner":"","top_owner_state":"","top_operator":"","max_propensity_score":0.0,"field_name":"Unknown","production_trend":null},"geometry":{"type":"Polygon","coordinates":[[[-102.20141708991224,31.592331002496195],[-102.21803461202646,31.588655515222495],[-102.22216192249768,31.602392982230974],[-102.20626245073952,31.606289403334536],[-102.20141708991224,31.592331002496195]]]}},{"type":"Feature","properties":{"ABSTRACT_L":"B41-T4S-S45","ABSTRACT_N":"B41-T4S-S45","LEVEL1_SUR":null,"LEVEL2_BLO":"41 T4S","LEVEL3_SUR":"45","Surv_Sect":"45","SHAPE_AREA":661.4399983170605,"owner_count":0.0,"top_owner":"","top_owner_state":"","top_operator":"","max_propensity_score":0.0,"field_name":"Unknown","production_trend":null},"geometry":{"type":"Polygon","coordinates":[[[-102.18713164368297,31.60339174945153],[-102.18541361480378,31.59835267947094],[-102.18474488375344,31.596307880020497],[-102.20141708991224,31.592331002496195],[-102.20626245073952,31.606289403334536],[-102.18948937455406,31.610441651905507],[-102.18713164368297,31.60339174945153]]]}},{"type":"Feature","properties":{"ABSTRACT_L":"A-1421","ABSTRACT_N":"1421","LEVEL1_SUR":"SEC 46","LEVEL2_BLO":"41 T4S","LEVEL3_SUR":"46","Surv_Sect":"46","SHAPE_AREA":653.1376267062286,"owner_count":199.0,"top_owner":"BROADMOOR LAND & MINERALS LLC","top_owner_state":"MS","top_operator":"SM ENERGY CO","max_propensity_score":10.0,"field_name":"Unknown","production_trend":null},"geometry":{"type":"Polygon","coordinates":[[[-102.16821130381263,31.600416932245828],[-102.18453081072965,31.59636109998942],[-102.1851992839635,31.598405124722657],[-102.18691746196302,31.603444669282396],[-102.1892921108059,31.610541373207504],[-102.17282652884052,31.614573389248427],[-102.17051876136719,31.607495175039155],[-102.16821130381263,31.600416932245828]]]}},{"type":"Feature","properties":{"ABSTRACT_L":"B41-T4S-S47","ABSTRACT_N":"B41-T4S-S47","LEVEL1_SUR":null,"LEVEL2_BLO":"41 T4S","LEVEL3_SUR":"47","Surv_Sect":"47","SHAPE_AREA":649.494240359551,"owner_count":2.0,"top_owner":"COMPTROLLER OF PUBLIC ACCTS","top_owner_state":"TX","top_operator":"ZARVPMA EMERGU LLC","max_propensity_score":1.0,"field_name":"Unknown","production_trend":null},"geometry":{"type":"Polygon","coordinates":[[[-102.1518526402307,31.60446595308397],[-102.16821130381263,31.600416932245828],[-102.17051876136719,31.607495175039155],[-102.17282652884052,31.614573389248427],[-102.16467319743796,31.61658011220018],[-102.1564954740805,31.61859221549915],[-102.1518526402307,31.60446595308397]]]}},{"type":"Feature","properties":{"ABSTRACT_L":"A-1432","ABSTRACT_N":"1432","LEVEL1_SUR":null,"LEVEL2_BLO":"41 T4S","LEVEL3_SUR":"48","Surv_Sect":"48","SHAPE_AREA":39.22073126322484,"owner_count":254.0,"top_owner":"ADELANTE OIL & GAS LLC","top_owner_state":"CO","top_operator":"COG OPERATING LLC","max_propensity_score":8.0,"field_name":"Unknown","production_trend":null},"geometry":{"type":"Polygon","coordinates":[[[-102.14438405953494,31.61068993096553],[-102.14652685050801,31.610154079948234],[-102.14866961902322,31.609618192949885],[-102.14922335853066,31.611239738346637],[-102.14977711780104,31.61286128074402],[-102.14763428191218,31.613397185794064],[-102.14549142446377,31.613933055628625],[-102.14493773166873,31.612311495180276],[-102.14466089335606,31.61150071392607],[-102.14438405953494,31.61068993096553]]]}},{"type":"Feature","properties":{"ABSTRACT_L":"A-486","ABSTRACT_N":"486","LEVEL1_SUR":"BLK 41  SEC 1 A-486","LEVEL2_BLO":"41 T5S","LEVEL3_SUR":"1","Surv_Sect":"1","SHAPE_AREA":653.7375902179621,"owner_count":4205.0,"top_owner":"ADELANTE OIL & GAS LLC","top_owner_state":"CO","top_operator":"COG OPERATING","max_propensity_score":10.0,"field_name":"Unknown","production_trend":null},"geometry":{"type":"Polygon","coordinates":[[[-102.13321811553767,31.60146274569654],[-102.1307941132531,31.594323545023762],[-102.13093246368834,31.59429022204057],[-102.14740199554603,31.59033905323088],[-102.1518526402307,31.60446595308397],[-102.13562266210984,31.608543653227283],[-102.13321811553767,31.60146274569654]]]}},{"type":"Feature","properties":{"ABSTRACT_L":"B41-T5S-S10","ABSTRACT_N":"B41-T5S-S10","LEVEL1_SUR":null,"LEVEL2_BLO":"41 T5S","LEVEL3_SUR":"10","Surv_Sect":"10","SHAPE_AREA":631.9548891979966,"owner_count":0.0,"top_owner":"","top_owner_state":"","top_operator":"","max_propensity_score":0.0,"field_name":"Unknown","production_trend":null},"geometry":{"type":"Polygon","coordinates":[[[-102.15909372078411,31.57257743907615],[-102.17542028306939,31.56874828823549],[-102.17609666147771,31.570905610107655],[-102.17868526386843,31.578763768435525],[-102.18001491511768,31.582588635685834],[-102.16357239470229,31.586359696376455],[-102.15909372078411,31.57257743907615]]]}},{"type":"Feature","properties":{"ABSTRACT_L":"A-491","ABSTRACT_N":"491","LEVEL1_SUR":"T&P RR","LEVEL2_BLO":"41 T5S","LEVEL3_SUR":"11","Surv_Sect":"11","SHAPE_AREA":628.7222110224172,"owner_count":2321.0,"top_owner":"ADELANTE OIL & GAS LLC","top_owner_state":"CO","top_operator":"COG OPERATING LLC","max_propensity_score":10.0,"field_name":"Unknown","production_trend":null},"geometry":{"type":"Polygon","coordinates":[[[-102.1427610185139,31.57662131931391],[-102.15909372078411,31.57257743907615],[-102.16357239470229,31.586359696376455],[-102.14740199554603,31.59033905323088],[-102.1427610185139,31.57662131931391]]]}},{"type":"Feature","properties":{"ABSTRACT_L":"A-1581","ABSTRACT_N":"1581","LEVEL1_SUR":"BLK 41  SEC 12 A-1581","LEVEL2_BLO":"41 T5S","LEVEL3_SUR":"12","Surv_Sect":"12","SHAPE_AREA":635.9146491722495,"owner_count":86.0,"top_owner":"CAPROCK ENERGY LLC","top_owner_state":"NV","top_operator":"DIAMONDBACK E&P LLC","max_propensity_score":10.0,"field_name":"Unknown","production_trend":null},"geometry":{"type":"Polygon","coordinates":[[[-102.12968217320456,31.590635233621963],[-102.12872776441914,31.58781882198933],[-102.12625516597264,31.58058046009619],[-102.14249312113323,31.576685875597587],[-102.1427610185139,31.57662131931391],[-102.14740199554603,31.59033905323088],[-102.13093246368834,31.59429022204057],[-102.12968217320456,31.590635233621963]]]}},{"type":"Feature","properties":{"ABSTRACT_L":"B41-T5S-S13","ABSTRACT_N":"B41-T5S-S13","LEVEL1_SUR":null,"LEVEL2_BLO":"41 T5S","LEVEL3_SUR":"13","Surv_Sect":"13","SHAPE_AREA":652.4515133458918,"owner_count":1.0,"top_owner":"DIAMONDBACK E & P LLC","top_owner_state":"OK","top_operator":"DIAMONDBACK E&P LLC","max_propensity_score":5.0,"field_name":"Unknown","production_trend":null},"geometry":{"type":"Polygon","coordinates":[[[-102.12173873047318,31.56681304184614],[-102.12161670781657,31.56643737452975],[-102.1254236341417,31.56545744651141],[-102.1380648543806,31.56236750566123],[-102.1403044424188,31.56965480429171],[-102.14249312113323,31.576685875597587],[-102.12625516597264,31.58058046009619],[-102.12173873047318,31.56681304184614]]]}},{"type":"Feature","properties":{"ABSTRACT_L":"B41-T5S-S14","ABSTRACT_N":"B41-T5S-S14","LEVEL1_SUR":null,"LEVEL2_BLO":"41 T5S","LEVEL3_SUR":"14","Surv_Sect":"14","SHAPE_AREA":660.9749238326724,"owner_count":1.0,"top_owner":"PIONEER NAT RES USA WI","top_owner_state":"TX","top_operator":"PIONEER NATURAL RES.","max_propensity_score":2.0,"field_name":"Unknown","production_trend":null},"geometry":{"type":"Polygon","coordinates":[[[-102.15431938615313,31.558254502238984],[-102.15666451905068,31.565360600024274],[-102.15909372078411,31.57257743907615],[-102.1427610185139,31.57662131931391],[-102.14249312113323,31.576685875597587],[-102.1403044424188,31.56965480429171],[-102.1380648543806,31.56236750566123],[-102.15431938615313,31.558254502238984]]]}},{"type":"Feature","properties":{"ABSTRACT_L":"A-493","ABSTRACT_N":"493","LEVEL1_SUR":"T&P RR","LEVEL2_BLO":"41 T5S","LEVEL3_SUR":"15","Surv_Sect":"15","SHAPE_AREA":866.7802338018205,"owner_count":6.0,"top_owner":"TEXAS PACIFIC RESOURCES LLC","top_owner_state":"TX","top_operator":"EXTEX OPERATING CO","max_propensity_score":3.0,"field_name":"Unknown","production_trend":null},"geometry":{"type":"MultiPolygon","coordinates":[[[[-102.2053373521852,31.560812348247023],[-102.20479547403276,31.56005620267659],[-102.204331586715,31.559367726991773],[-102.20377839338326,31.558490336978316],[-102.20355676912119,31.558186543725892],[-102.20270893107121,31.55691251892518],[-102.20252723961848,31.55663610312282],[-102.20196764489201,31.55580703145549],[-102.20120663440412,31.5547060204921],[-102.2007176760051,31.55394068155841],[-102.20026391090394,31.5533148906376],[-102.19978168358132,31.552603100637167],[-102.19913268133126,31.551652579272403],[-102.198306473815,31.550404476307857],[-102.19794336848896,31.54996987366443],[-102.19782817572343,31.549787667383722],[-102.19766980363715,31.54940571841949],[-102.19709416050816,31.548509540950263],[-102.1967265761821,31.547984164821155],[-102.19665020590821,31.547870567627903],[-102.2036507203235,31.54626176919324],[-102.20881974055438,31.56091209435221],[-102.20584868582134,31.561608196144572],[-102.20573388741622,31.561419390039458],[-102.2053373521852,31.560812348247023]]],[[[-102.15431938615313,31.558254502238984],[-102.17064494232525,31.554257938382943],[-102.17092882253147,31.555078450349686],[-102.17128652179612,31.55618975796959],[-102.17176026902246,31.557576869119114],[-102.17200560611306,31.558348588196825],[-102.17227150474221,31.559205473791252],[-102.17257495384855,31.56015867228343],[-102.17302183785465,31.561505519166246],[-102.1733292539213,31.562451453209196],[-102.17457467373961,31.566246432794347],[-102.17542028306939,31.56874828823549],[-102.15909372078411,31.57257743907615],[-102.15666451905068,31.565360600024274],[-102.15431938615313,31.558254502238984]]]]}},{"type":"Feature","properties":{"ABSTRACT_L":"A-908","ABSTRACT_N":"908","LEVEL1_SUR":null,"LEVEL2_BLO":"41 T5S","LEVEL3_SUR":"16","Surv_Sect":"16","SHAPE_AREA":669.911003729904,"owner_count":71.0,"top_owner":"WARREN JOAN LIVING TRUST","top_owner_state":"KS","top_operator":"WINN OPERATING","max_propensity_score":8.0,"field_name":"Unknown","production_trend":null},"geometry":{"type":"Polygon","coordinates":[[[-102.19205146047423,31.564839748201376],[-102.17568692101202,31.56869550177183],[-102.1748376887767,31.566182210649142],[-102.17359263816596,31.562388391136103],[-102.17328511430148,31.561442131143288],[-102.1728384225349,31.56009587962837],[-102.17253558697787,31.559144613267875],[-102.17226969733187,31.558287766152862],[-102.17202346641756,31.557513243427714],[-102.17154959342706,31.556125776915103],[-102.17119166419369,31.555013764283494],[-102.17090075197545,31.554169859736625],[-102.18727830712781,31.550199378524365],[-102.19140377515437,31.56285342661488],[-102.19182073178676,31.564132157938353],[-102.19205146047423,31.564839748201376]]]}},{"type":"Feature","properties":{"ABSTRACT_L":"A-494","ABSTRACT_N":"494","LEVEL1_SUR":"T&P RR","LEVEL2_BLO":"41 T5S","LEVEL3_SUR":"17","Surv_Sect":"17","SHAPE_AREA":471.5510560080701,"owner_count":586.0,"top_owner":"AKA & E PROPERTIES LLC","top_owner_state":"CO","top_operator":"FIREBIRD ENERGY II","max_propensity_score":8.0,"field_name":"Unknown","production_trend":null},"geometry":{"type":"Polygon","coordinates":[[[-102.19965881920328,31.552664378802397],[-102.20014199335019,31.553377567673145],[-102.20059481611861,31.554002059890767],[-102.2010830477806,31.554766264629286],[-102.20184490627811,31.55586850424526],[-102.20240372665678,31.55669643021592],[-102.20258520431048,31.55697251974822],[-102.20343464944652,31.558248964120672],[-102.20365540952928,31.55855157376927],[-102.20420741708485,31.559427083255557],[-102.20467326901816,31.560118476385444],[-102.20521465130055,31.56087393102368],[-102.20560874221569,31.561477234027805],[-102.20570835909248,31.561641071552835],[-102.19205146047423,31.564839748201376],[-102.19182073178676,31.564132157938353],[-102.19140377515437,31.56285342661488],[-102.18727830712781,31.550199378524365],[-102.19648177718234,31.547925642613173],[-102.19657033759462,31.548052570954415],[-102.19697085146403,31.548570191763087],[-102.19753967458341,31.549455756814485],[-102.19769788676956,31.54983731974624],[-102.19782256754111,31.550034532606283],[-102.1981864795543,31.550470103338867],[-102.19900946032205,31.551713331387024],[-102.19965881920328,31.552664378802397]]]}},{"type":"Feature","properties":{"ABSTRACT_L":"A-1473","ABSTRACT_N":"1473","LEVEL1_SUR":"A 1473 T&PRR","LEVEL2_BLO":"41 T5S","LEVEL3_SUR":"18","Surv_Sect":"18","SHAPE_AREA":673.3333995177682,"owner_count":8.0,"top_owner":"LAMBERT SUSAN K FAMILY TRUST","top_owner_state":"NE","top_operator":"WINN OPERATING LLC","max_propensity_score":6.0,"field_name":"Unknown","production_trend":null},"geometry":{"type":"Polygon","coordinates":[[[-102.2036507203235,31.54626176919324],[-102.22011532402352,31.5423242976652],[-102.22491319900656,31.55709999763932],[-102.20881974055438,31.56091209435221],[-102.2036507203235,31.54626176919324]]]}},{"type":"Feature","properties":{"ABSTRACT_L":"A-495","ABSTRACT_N":"495","LEVEL1_SUR":"A 495 T&P RR","LEVEL2_BLO":"41 T5S","LEVEL3_SUR":"19","Surv_Sect":"19","SHAPE_AREA":650.6031093874115,"owner_count":3.0,"top_owner":"COG OPERATING LLC WI","top_owner_state":"TX","top_operator":"WINN OPERATING LLC","max_propensity_score":3.0,"field_name":"Unknown","production_trend":null},"geometry":{"type":"Polygon","coordinates":[[[-102.1990724214437,31.532169206247087],[-102.21548777141501,31.528208649930285],[-102.22011532402352,31.5423242976652],[-102.2036507203235,31.54626176919324],[-102.1990724214437,31.532169206247087]]]}},{"type":"Feature","properties":{"ABSTRACT_L":"A-1474","ABSTRACT_N":"1474","LEVEL1_SUR":null,"LEVEL2_BLO":"41 T5S","LEVEL3_SUR":"20","Surv_Sect":"20","SHAPE_AREA":643.180884959973,"owner_count":3.0,"top_owner":"WINN OPERATING LLC","top_owner_state":"TX","top_operator":"EXTEX OPERATING CO","max_propensity_score":2.0,"field_name":"Unknown","production_trend":null},"geometry":{"type":"MultiPolygon","coordinates":[[[[-102.19402004565585,31.54390241216644],[-102.19354063455164,31.543237960015908],[-102.19271238246978,31.542312990625],[-102.19240055387846,31.54203782849193],[-102.19208143635694,31.541750395317898],[-102.1915265802436,31.541222715724462],[-102.19066330644209,31.54041855858656],[-102.18947311325081,31.539323830166282],[-102.18894029550633,31.538820854949282],[-102.18795382495011,31.53794394165861],[-102.18670497805898,31.536770848734967],[-102.18529542436015,31.535510535263242],[-102.18529422600757,31.535509446510865],[-102.19867300172227,31.53226763920987],[-102.1990724214437,31.532169206247087],[-102.2036507203235,31.54626176919324],[-102.19665020590821,31.547870567627903],[-102.19505709585411,31.545500828846528],[-102.19402004565585,31.54390241216644]]],[[[-102.19602251079839,31.547267404766686],[-102.19648177718234,31.547925642613173],[-102.18727830712781,31.550199378524365],[-102.18249672578742,31.536206734680146],[-102.18511913447722,31.53555093011116],[-102.18518040946107,31.5356074058447],[-102.18657214597457,31.53686729078309],[-102.18784918199931,31.53802635772212],[-102.18896961382225,31.539022055467427],[-102.18951306492475,31.53949716118406],[-102.19055907761461,31.54050136215974],[-102.19142142794801,31.541304660345503],[-102.19197708176533,31.54183309818214],[-102.19229802646015,31.542122179426315],[-102.19260460260199,31.542392705650098],[-102.19342345920428,31.543307182678912],[-102.19389737082231,31.54396401452607],[-102.1949333448389,31.545560775762613],[-102.19602251079839,31.547267404766686]]]]}},{"type":"Feature","properties":{"ABSTRACT_L":"A-496","ABSTRACT_N":"496","LEVEL1_SUR":null,"LEVEL2_BLO":"41 T5S","LEVEL3_SUR":"21","Surv_Sect":"21","SHAPE_AREA":644.0335534645504,"owner_count":3.0,"top_owner":"PIONEER NAT RES USA WI","top_owner_state":"TX","top_operator":"EXTEX OPERATING CO","max_propensity_score":2.0,"field_name":"Unknown","production_trend":null},"geometry":{"type":"Polygon","coordinates":[[[-102.16801926017456,31.54539684339405],[-102.16765117369027,31.54433528224047],[-102.16714491284054,31.54278595278631],[-102.16660426088849,31.541175441332808],[-102.16624021322968,31.54005655144103],[-102.18249672578742,31.536206734680146],[-102.18727830712781,31.550199378524365],[-102.17090075197545,31.554169859736625],[-102.17039471031467,31.552503551569647],[-102.1700351308761,31.551451324070058],[-102.16963884447841,31.550266892725244],[-102.16929000350075,31.549253893631754],[-102.16903898366766,31.548462220489043],[-102.16871641302217,31.5474878452667],[-102.16834706170995,31.546363478438867],[-102.16801926017456,31.54539684339405]]]}},{"type":"Feature","properties":{"ABSTRACT_L":"B41-T5S-S22","ABSTRACT_N":"B41-T5S-S22","LEVEL1_SUR":null,"LEVEL2_BLO":"41 T5S","LEVEL3_SUR":"22","Surv_Sect":"22","SHAPE_AREA":645.0146544466434,"owner_count":0.0,"top_owner":"","top_owner_state":"","top_operator":"","max_propensity_score":0.0,"field_name":"Unknown","production_trend":null},"geometry":{"type":"Polygon","coordinates":[[[-102.14969799059755,31.544238033333432],[-102.15879088163385,31.541981191279678],[-102.16600021931839,31.54019130659922],[-102.16634117218953,31.54123922286331],[-102.16688186097251,31.542849858007298],[-102.16738843892755,31.544400169399992],[-102.16775690270427,31.54546282763865],[-102.16808415177574,31.546427841311466],[-102.16845326233945,31.547551488512532],[-102.16877549162514,31.54852483877532],[-102.16902688515741,31.54931770102883],[-102.16937626063265,31.550332261104874],[-102.16977246528364,31.55151645737167],[-102.17013109610127,31.552565919119164],[-102.17064494232525,31.554257938382943],[-102.15431938615313,31.558254502238984],[-102.14969799059755,31.544238033333432]]]}},{"type":"Feature","properties":{"ABSTRACT_L":"B41-T5S-S23","ABSTRACT_N":"B41-T5S-S23","LEVEL1_SUR":null,"LEVEL2_BLO":"41 T5S","LEVEL3_SUR":"23","Surv_Sect":"23","SHAPE_AREA":641.2609580409434,"owner_count":0.0,"top_owner":"","top_owner_state":"","top_operator":"","max_propensity_score":0.0,"field_name":"Unknown","production_trend":null},"geometry":{"type":"Polygon","coordinates":[[[-102.13352693207786,31.548279362848916],[-102.14969799059755,31.544238033333432],[-102.15431938615313,31.558254502238984],[-102.1380648543806,31.56236750566123],[-102.13352693207786,31.548279362848916]]]}},{"type":"Feature","properties":{"ABSTRACT_L":"A-871","ABSTRACT_N":"871","LEVEL1_SUR":null,"LEVEL2_BLO":"41 T5S","LEVEL3_SUR":"24","Surv_Sect":"24","SHAPE_AREA":655.3303125157718,"owner_count":373.0,"top_owner":"BACON ROYALTIES LLC","top_owner_state":"OK","top_operator":"FOURPOINT ENERGY LLC","max_propensity_score":8.0,"field_name":"Unknown","production_trend":null},"geometry":{"type":"Polygon","coordinates":[[[-102.11691684531925,31.55226151713106],[-102.13312429548941,31.548370247412578],[-102.13352693207786,31.548279362848916],[-102.1380648543806,31.56236750566123],[-102.1254236341417,31.56545744651141],[-102.12161670781657,31.56643737452975],[-102.11691684531925,31.55226151713106]]]}},{"type":"Feature","properties":{"ABSTRACT_L":"A-498","ABSTRACT_N":"498","LEVEL1_SUR":null,"LEVEL2_BLO":"41 T5S","LEVEL3_SUR":"25","Surv_Sect":"25","SHAPE_AREA":644.3855744408745,"owner_count":336.0,"top_owner":"BROADMOOR LAND & MINERALS LLC","top_owner_state":"MS","top_operator":"COG OPERATING","max_propensity_score":9.0,"field_name":"Unknown","production_trend":null},"geometry":{"type":"Polygon","coordinates":[[[-102.11296723508599,31.53997382326885],[-102.1123968893222,31.538199167460334],[-102.12864058651408,31.534116179141908],[-102.13312429548941,31.548370247412578],[-102.11691684531925,31.55226151713106],[-102.11296723508599,31.53997382326885]]]}},{"type":"Feature","properties":{"ABSTRACT_L":"B41-T5S-S26","ABSTRACT_N":"B41-T5S-S26","LEVEL1_SUR":null,"LEVEL2_BLO":"41 T5S","LEVEL3_SUR":"26","Surv_Sect":"26","SHAPE_AREA":660.3836836629689,"owner_count":1.0,"top_owner":"PIONEER NAT RES USA WI","top_owner_state":"TX","top_operator":"PIONEER NATURAL RES","max_propensity_score":2.0,"field_name":"Unknown","production_trend":null},"geometry":{"type":"Polygon","coordinates":[[[-102.12864058651408,31.534116179141908],[-102.12887425359084,31.534044261428964],[-102.14522936523414,31.530101770766816],[-102.14969799059755,31.544238033333432],[-102.13352693207786,31.548279362848916],[-102.13312429548941,31.548370247412578],[-102.12864058651408,31.534116179141908]]]}},{"type":"Feature","properties":{"ABSTRACT_L":"A-499","ABSTRACT_N":"499","LEVEL1_SUR":"T&P","LEVEL2_BLO":"41 T5S","LEVEL3_SUR":"27","Surv_Sect":"27","SHAPE_AREA":641.4445570306548,"owner_count":2.0,"top_owner":"COG OPERATING LLC WI","top_owner_state":"TX","top_operator":"COG OPERATING LLC","max_propensity_score":2.0,"field_name":"Unknown","production_trend":null},"geometry":{"type":"Polygon","coordinates":[[[-102.16134820917794,31.526176055331618],[-102.16193908863248,31.527915951266976],[-102.16254347785059,31.529753410433745],[-102.16314959632561,31.531533688377447],[-102.16360285118368,31.5329133653564],[-102.16419778563342,31.534679999565377],[-102.16476583709998,31.536425721317848],[-102.16531497813145,31.538144098985743],[-102.16600021931839,31.54019130659922],[-102.15879088163385,31.541981191279678],[-102.14969799059755,31.544238033333432],[-102.14522936523414,31.530101770766816],[-102.15420455990024,31.527916168728897],[-102.16134820917794,31.526176055331618]]]}},{"type":"Feature","properties":{"ABSTRACT_L":"B41-T5S-S28","ABSTRACT_N":"B41-T5S-S28","LEVEL1_SUR":"T&P RR/DAVIES","LEVEL2_BLO":"41 T5S","LEVEL3_SUR":"28","Surv_Sect":"28","SHAPE_AREA":636.1815638013936,"owner_count":2.0,"top_owner":"WTG EXPL INC/DIV WEST TX GAS","top_owner_state":"TX","top_operator":"WTG EXPLORATION","max_propensity_score":1.0,"field_name":"Unknown","production_trend":null},"geometry":{"type":"MultiPolygon","coordinates":[[[[-102.18003488107318,31.531150067500583],[-102.17896822509809,31.530279370790222],[-102.17738305165952,31.52904201196339],[-102.17573800820222,31.52777264070267],[-102.17450778698019,31.52674843697599],[-102.17325940002648,31.52573841097317],[-102.17210334281599,31.524746264726808],[-102.17102471229815,31.523839122448308],[-102.17099300805681,31.523812301483414],[-102.17798497140892,31.522097833466297],[-102.18114688310553,31.53203333463798],[-102.18097990695546,31.5319052061351],[-102.18003488107318,31.531150067500583]]],[[[-102.16280628447852,31.529688879096806],[-102.16220191502336,31.527851494465867],[-102.16161118738411,31.52611206059378],[-102.16622669627962,31.524980764465894],[-102.17083618107283,31.523850751041067],[-102.1709249813353,31.523925875880927],[-102.17196334307391,31.524857778924705],[-102.17311072884695,31.525862576872683],[-102.17436784473028,31.52687169951535],[-102.17562233393971,31.527870924391664],[-102.17728760745722,31.529132239908737],[-102.17887130586207,31.530368447472494],[-102.17993735996595,31.531238653314773],[-102.18088398484942,31.53199507221137],[-102.18119042534566,31.532249188731974],[-102.18249672578742,31.536206734680146],[-102.16624021322968,31.54005655144103],[-102.16557823301873,31.5380808359673],[-102.16502937944811,31.536363377436206],[-102.1644608231284,31.53461611478393],[-102.16403853319817,31.533362160180708],[-102.16386578896567,31.53284920066221],[-102.16341242181818,31.53146919349204],[-102.16280628447852,31.529688879096806]]]]}},{"type":"Feature","properties":{"ABSTRACT_L":"A-500","ABSTRACT_N":"500","LEVEL1_SUR":null,"LEVEL2_BLO":"41 T5S","LEVEL3_SUR":"29","Surv_Sect":"29","SHAPE_AREA":637.938801850793,"owner_count":141.0,"top_owner":"MOORE CEIL W ESTATE","top_owner_state":"TX","top_operator":"FIREBIRD ENERGY II","max_propensity_score":8.0,"field_name":"Unknown","production_trend":null},"geometry":{"type":"MultiPolygon","coordinates":[[[[-102.18375720496316,31.534110766690674],[-102.18294914790722,31.533454004100204],[-102.18240758236851,31.533016376236016],[-102.18166202829342,31.532428627648535],[-102.18114688310553,31.53203333463798],[-102.17798497140892,31.522097833466297],[-102.19409802391407,31.518131289667423],[-102.19867300172227,31.53226763920987],[-102.18529422600757,31.535509446510865],[-102.18529342740527,31.535508720675914],[-102.18425531180506,31.53456580734448],[-102.18375720496316,31.534110766690674]]],[[[-102.18154159116327,31.532540391471333],[-102.18226650374977,31.53313549972325],[-102.18282410152135,31.533569090445678],[-102.18362664471807,31.534210457116334],[-102.18414724806965,31.534655164761812],[-102.18511913447722,31.53555093011116],[-102.18249672578742,31.536206734680146],[-102.18119042534566,31.532249188731974],[-102.18154159116327,31.532540391471333]]]]}},{"type":"Feature","properties":{"ABSTRACT_L":"A-487","ABSTRACT_N":"487","LEVEL1_SUR":null,"LEVEL2_BLO":"41 T5S","LEVEL3_SUR":"3","Surv_Sect":"3","SHAPE_AREA":1282.5223924872867,"owner_count":1415.0,"top_owner":"ADELANTE OIL & GAS LLC","top_owner_state":"CO","top_operator":"COG OPERATING LLC","max_propensity_score":10.0,"field_name":"Unknown","production_trend":null},"geometry":{"type":"Polygon","coordinates":[[[-102.18001491511768,31.582588635685834],[-102.18284306226205,31.591254596709803],[-102.18453081072965,31.59636109998942],[-102.16821130381263,31.600416932245828],[-102.1518526402307,31.60446595308397],[-102.14740199554603,31.59033905323088],[-102.16357239470229,31.586359696376455],[-102.18001491511768,31.582588635685834]]]}},{"type":"Feature","properties":{"ABSTRACT_L":"B41-T5S-S30","ABSTRACT_N":"B41-T5S-S30","LEVEL1_SUR":null,"LEVEL2_BLO":"41 T5S","LEVEL3_SUR":"30","Surv_Sect":"30","SHAPE_AREA":668.6136852543061,"owner_count":8.0,"top_owner":"LAMBERT SUSAN K FAMILY TRUST","top_owner_state":"NE","top_operator":"WINN OPERATING LLC","max_propensity_score":5.0,"field_name":"Unknown","production_trend":null},"geometry":{"type":"Polygon","coordinates":[[[-102.19409802391407,31.518131289667423],[-102.19451096417882,31.51802380775855],[-102.2109411875563,31.51402751178374],[-102.21548777141501,31.528208649930285],[-102.1990724214437,31.532169206247087],[-102.19867300172227,31.53226763920987],[-102.19409802391407,31.518131289667423]]]}},{"type":"Feature","properties":{"ABSTRACT_L":"B41-T5S-S31","ABSTRACT_N":"B41-T5S-S31","LEVEL1_SUR":null,"LEVEL2_BLO":"41 T5S","LEVEL3_SUR":"31","Surv_Sect":"31","SHAPE_AREA":598.0616848174553,"owner_count":0.0,"top_owner":"","top_owner_state":"","top_operator":"","max_propensity_score":0.0,"field_name":"Unknown","production_trend":null},"geometry":{"type":"Polygon","coordinates":[[[-102.19037890431471,31.504771660772924],[-102.20646327271453,31.50105358671318],[-102.2109411875563,31.51402751178374],[-102.19451096417882,31.51802380775855],[-102.19037890431471,31.504771660772924]]]}},{"type":"Feature","properties":{"ABSTRACT_L":"A-695","ABSTRACT_N":"695","LEVEL1_SUR":"BLK 41  SEC 32 A-695","LEVEL2_BLO":"41 T5S","LEVEL3_SUR":"32","Surv_Sect":"32","SHAPE_AREA":616.17010557469,"owner_count":5058.0,"top_owner":"HEARD JAMES L LIVING TRUST","top_owner_state":"AZ","top_operator":"FIREBIRD ENERGY II","max_propensity_score":8.0,"field_name":"Unknown","production_trend":null},"geometry":{"type":"Polygon","coordinates":[[[-102.17393684563336,31.508588068614152],[-102.19037890431471,31.504771660772924],[-102.19451096417882,31.51802380775855],[-102.19409802391407,31.518131289667423],[-102.17798497140892,31.522097833466297],[-102.17393684563336,31.508588068614152]]]}},{"type":"Feature","properties":{"ABSTRACT_L":"A-502","ABSTRACT_N":"502","LEVEL1_SUR":"T&P","LEVEL2_BLO":"41 T5S","LEVEL3_SUR":"33","Surv_Sect":"33","SHAPE_AREA":624.3723657677644,"owner_count":1.0,"top_owner":"FIREBIRD ENERGY II LLC","top_owner_state":"TX","top_operator":"FIREBIRD ENERGY II","max_propensity_score":2.0,"field_name":"Unknown","production_trend":null},"geometry":{"type":"MultiPolygon","coordinates":[[[[-102.16986950309727,31.522864075189027],[-102.16940583676507,31.52245504615631],[-102.16842966000368,31.521638635998976],[-102.16767180350077,31.521019322861573],[-102.1668785677487,31.520325698851913],[-102.16634987057644,31.519881593027307],[-102.16566499590212,31.51929305419904],[-102.16484416929443,31.518572528280046],[-102.16383524355106,31.517726066587954],[-102.16292603529581,31.516942152457865],[-102.16204548239979,31.516181711399437],[-102.16084280262605,31.515154109789265],[-102.15974320542948,31.514244677988803],[-102.15892044295232,31.51353802288815],[-102.15802691299373,31.512782960921403],[-102.1577583122322,31.512565248341243],[-102.15752938466687,31.512404904965802],[-102.15750418692315,31.51239190869311],[-102.17393684563336,31.508588068614152],[-102.17798497140892,31.522097833466297],[-102.17099300805681,31.523812301483414],[-102.1701888317229,31.523131957175888],[-102.16986950309727,31.522864075189027]]],[[[-102.16043395149248,31.522513452621073],[-102.15990236354162,31.5210116713129],[-102.15938966626291,31.519410551058954],[-102.15886732467126,31.51783639682549],[-102.15886730670496,31.517836343985753],[-102.15886728873866,31.517836290380213],[-102.15836616804899,31.51632877151853],[-102.15770283677183,31.51446480435383],[-102.15714525427161,31.51277930023025],[-102.15704700013909,31.51246869848792],[-102.15730083080072,31.512429142205306],[-102.15744733524379,31.512504702800776],[-102.15766437450463,31.51265671983648],[-102.15792757639129,31.51287005622678],[-102.15881232352137,31.51363487796787],[-102.1596435957392,31.51433152380546],[-102.1607067132504,31.515258501108033],[-102.16193296122393,31.516277912037804],[-102.16279743427636,31.51703532280815],[-102.16372106678013,31.517828153823505],[-102.16474437814445,31.5186592575036],[-102.16556380338034,31.519378552909636],[-102.1662497811858,31.519968039995888],[-102.16677803548862,31.52041177630727],[-102.16757195575693,31.521105998507355],[-102.16833095581521,31.521726246830944],[-102.16928421475706,31.522548698794818],[-102.16976877680109,31.522949991794885],[-102.17008916723539,31.523218764867718],[-102.17083618107283,31.523850751041067],[-102.16622669627962,31.524980764465894],[-102.16161118738411,31.52611206059378],[-102.16095313909915,31.52407934915484],[-102.16043395149248,31.522513452621073]]]]}},{"type":"Feature","properties":{"ABSTRACT_L":"A-1430","ABSTRACT_N":"1430","LEVEL1_SUR":null,"LEVEL2_BLO":"41 T5S","LEVEL3_SUR":"34","Surv_Sect":"34","SHAPE_AREA":620.0441418151084,"owner_count":1238.0,"top_owner":"BROADMOOR LAND & MINERALS LLC","top_owner_state":"MS","top_operator":"COG OPERATING LLC","max_propensity_score":9.0,"field_name":"Unknown","production_trend":null},"geometry":{"type":"Polygon","coordinates":[[[-102.14075948402598,31.516273759835894],[-102.15678317751656,31.51252995015348],[-102.15688184307749,31.51284185284501],[-102.15744058530274,31.514530878615265],[-102.15810396059733,31.516394988433326],[-102.15860438599097,31.517900424035485],[-102.15912637813797,31.51947353802662],[-102.15963970333908,31.521076630582584],[-102.16017164432783,31.522579420876877],[-102.1606899336192,31.524142624722288],[-102.16134820917794,31.526176055331618],[-102.15420455990024,31.527916168728897],[-102.14522936523414,31.530101770766816],[-102.14075948402598,31.516273759835894]]]}},{"type":"Feature","properties":{"ABSTRACT_L":"B41-T5S-S35","ABSTRACT_N":"B41-T5S-S35","LEVEL1_SUR":null,"LEVEL2_BLO":"41 T5S","LEVEL3_SUR":"35","Surv_Sect":"35","SHAPE_AREA":640.787053125173,"owner_count":0.0,"top_owner":"","top_owner_state":"","top_operator":"","max_propensity_score":0.0,"field_name":"Unknown","production_trend":null},"geometry":{"type":"Polygon","coordinates":[[[-102.12542353083545,31.523717735046034],[-102.12412580930464,31.520127670475194],[-102.12584550725363,31.519733072801113],[-102.14075948402598,31.516273759835894],[-102.14522936523414,31.530101770766816],[-102.12887425359084,31.534044261428964],[-102.12542353083545,31.523717735046034]]]}},{"type":"Feature","properties":{"ABSTRACT_L":"A-872","ABSTRACT_N":"872","LEVEL1_SUR":null,"LEVEL2_BLO":"41 T5S","LEVEL3_SUR":"36","Surv_Sect":"36","SHAPE_AREA":650.0426030276468,"owner_count":145.0,"top_owner":"BROADMOOR LAND & MINERALS LLC","top_owner_state":"MS","top_operator":"COG OPERATING LLC","max_propensity_score":8.0,"field_name":"Unknown","production_trend":null},"geometry":{"type":"Polygon","coordinates":[[[-102.10782285923662,31.52398678693757],[-102.12412580930464,31.520127670475194],[-102.12542353083545,31.523717735046034],[-102.12887425359084,31.534044261428964],[-102.12864058651408,31.534116179141908],[-102.1123968893222,31.538199167460334],[-102.10782285923662,31.52398678693757]]]}},{"type":"Feature","properties":{"ABSTRACT_L":"B41-T5S-S37","ABSTRACT_N":"B41-T5S-S37","LEVEL1_SUR":null,"LEVEL2_BLO":"41 T5S","LEVEL3_SUR":"37","Surv_Sect":"37","SHAPE_AREA":634.3081413412692,"owner_count":0.0,"top_owner":"","top_owner_state":"","top_operator":"","max_propensity_score":0.0,"field_name":"Unknown","production_trend":null},"geometry":{"type":"Polygon","coordinates":[[[-102.11955364591822,31.506223222613535],[-102.12182889437825,31.51317576526803],[-102.12412580930464,31.520127670475194],[-102.10782285923662,31.52398678693757],[-102.10649365534837,31.519602950182477],[-102.10324456484838,31.51004919342179],[-102.11955364591822,31.506223222613535]]]}},{"type":"Feature","properties":{"ABSTRACT_L":"A-1387","ABSTRACT_N":"1387","LEVEL1_SUR":"T&P RR","LEVEL2_BLO":"41 T5S","LEVEL3_SUR":"38","Surv_Sect":"38","SHAPE_AREA":651.0048564938924,"owner_count":343.0,"top_owner":"CAPROCK ENERGY LLC","top_owner_state":"NV","top_operator":"XTO ENERGY INC","max_propensity_score":10.0,"field_name":"Unknown","production_trend":null},"geometry":{"type":"Polygon","coordinates":[[[-102.11955364591822,31.506223222613535],[-102.13626561240983,31.50230020702994],[-102.14075948402598,31.516273759835894],[-102.12584550725363,31.519733072801113],[-102.12412580930464,31.520127670475194],[-102.12182889437825,31.51317576526803],[-102.11955364591822,31.506223222613535]]]}},{"type":"Feature","properties":{"ABSTRACT_L":"A-505","ABSTRACT_N":"505","LEVEL1_SUR":"T&P","LEVEL2_BLO":"41 T5S","LEVEL3_SUR":"39","Surv_Sect":"39","SHAPE_AREA":627.9272600074794,"owner_count":2.0,"top_owner":"COG OPERATING LLC WI","top_owner_state":"TX","top_operator":"COG OPERATING LLC","max_propensity_score":2.0,"field_name":"Unknown","production_trend":null},"geometry":{"type":"Polygon","coordinates":[[[-102.15409527355772,31.504056587963785],[-102.15463469571615,31.505766467684055],[-102.15520228814358,31.507584236762153],[-102.15582480446581,31.509531566615856],[-102.15644195155758,31.511505654364218],[-102.15678317751656,31.51252995015348],[-102.14075948402598,31.516273759835894],[-102.13626561240983,31.50230020702994],[-102.15233653213154,31.498525256224298],[-102.15277689796191,31.49990509437368],[-102.15343212913014,31.50195771034313],[-102.15409527355772,31.504056587963785]]]}},{"type":"Feature","properties":{"ABSTRACT_L":"B41-T5S-S4","ABSTRACT_N":"B41-T5S-S4","LEVEL1_SUR":null,"LEVEL2_BLO":"41 T5S","LEVEL3_SUR":"4","Surv_Sect":"4","SHAPE_AREA":643.5321941969727,"owner_count":0.0,"top_owner":"","top_owner_state":"","top_operator":"","max_propensity_score":0.0,"field_name":"Unknown","production_trend":null},"geometry":{"type":"Polygon","coordinates":[[[-102.18305764013903,31.59120295470928],[-102.18023020625698,31.582539242581092],[-102.19669794507737,31.578480835086477],[-102.20141708991224,31.592331002496195],[-102.18474488375344,31.596307880020497],[-102.18305764013903,31.59120295470928]]]}},{"type":"Feature","properties":{"ABSTRACT_L":"B41-T5S-S40","ABSTRACT_N":"B41-T5S-S40","LEVEL1_SUR":null,"LEVEL2_BLO":"41 T5S","LEVEL3_SUR":"40","Surv_Sect":"40","SHAPE_AREA":659.9359754871247,"owner_count":0.0,"top_owner":"","top_owner_state":"","top_operator":"","max_propensity_score":0.0,"field_name":"Unknown","production_trend":null},"geometry":{"type":"Polygon","coordinates":[[[-102.15675211467234,31.511533920182735],[-102.1563976143084,31.51050659984278],[-102.15581245263066,31.50877961616651],[-102.15541904174017,31.50756852018751],[-102.15496868484722,31.506172861588126],[-102.15461896891047,31.505077548717402],[-102.1542057744225,31.503776642607043],[-102.15401127568875,31.50313272022247],[-102.15383807421377,31.502586107994897],[-102.15336782682378,31.50109381493568],[-102.15299615875645,31.499918996192193],[-102.15254053953255,31.498477320652245],[-102.16914635210703,31.49457420815067],[-102.16982633814956,31.496533126187202],[-102.1705809688023,31.4986242615661],[-102.17128443051813,31.500671124383395],[-102.17262529004721,31.50456200980091],[-102.17393684563336,31.508588068614152],[-102.15750418692315,31.51239190869311],[-102.15675211467234,31.511533920182735]]]}},{"type":"Feature","properties":{"ABSTRACT_L":"A-506","ABSTRACT_N":"506","LEVEL1_SUR":"BLK 41  SEC 41 A-506","LEVEL2_BLO":"41 T5S","LEVEL3_SUR":"41","Surv_Sect":"41","SHAPE_AREA":646.2983990988553,"owner_count":3882.0,"top_owner":"BRALIN INVESTMENTS LLC","top_owner_state":"MO","top_operator":"SUMMIT PETROLEUM LLC","max_propensity_score":8.0,"field_name":"Unknown","production_trend":null},"geometry":{"type":"Polygon","coordinates":[[[-102.17262529004721,31.50456200980091],[-102.17128443051813,31.500671124383395],[-102.1705809688023,31.4986242615661],[-102.16982633814956,31.496533126187202],[-102.16914635210703,31.49457420815067],[-102.18553591863306,31.490719441463547],[-102.19037890431471,31.504771660772924],[-102.17393684563336,31.508588068614152],[-102.17262529004721,31.50456200980091]]]}},{"type":"Feature","properties":{"ABSTRACT_L":"B41-T5S-S42","ABSTRACT_N":"B41-T5S-S42","LEVEL1_SUR":null,"LEVEL2_BLO":"41 T5S","LEVEL3_SUR":"42","Surv_Sect":"42","SHAPE_AREA":640.8617897970386,"owner_count":0.0,"top_owner":"","top_owner_state":"","top_operator":"","max_propensity_score":0.0,"field_name":"Unknown","production_trend":null},"geometry":{"type":"Polygon","coordinates":[[[-102.18553591863306,31.490719441463547],[-102.20181162549346,31.486889017155317],[-102.20201951541314,31.48751982492048],[-102.20646327271453,31.50105358671318],[-102.19037890431471,31.504771660772924],[-102.18553591863306,31.490719441463547]]]}},{"type":"Feature","properties":{"ABSTRACT_L":"B41-T5S-S43","ABSTRACT_N":"B41-T5S-S43","LEVEL1_SUR":null,"LEVEL2_BLO":"41 T5S","LEVEL3_SUR":"43","Surv_Sect":"43","SHAPE_AREA":671.1758677947508,"owner_count":1.0,"top_owner":"SUMMIT PETROLEUM LLC","top_owner_state":"TX","top_operator":"SUMMIT PETROEUM LLC","max_propensity_score":2.0,"field_name":"Unknown","production_trend":null},"geometry":{"type":"Polygon","coordinates":[[[-102.18053536126406,31.476205936687712],[-102.1969652594514,31.47222495102694],[-102.19821023370535,31.476016597068806],[-102.19950851308994,31.47990008334812],[-102.20181162549346,31.486889017155317],[-102.18553591863306,31.490719441463547],[-102.18053536126406,31.476205936687712]]]}},{"type":"Feature","properties":{"ABSTRACT_L":"B41-T5S-S44","ABSTRACT_N":"B41-T5S-S44","LEVEL1_SUR":null,"LEVEL2_BLO":"41 T5S","LEVEL3_SUR":"44","Surv_Sect":"44","SHAPE_AREA":667.1319540760906,"owner_count":0.0,"top_owner":"","top_owner_state":"","top_operator":"","max_propensity_score":0.0,"field_name":"Unknown","production_trend":null},"geometry":{"type":"Polygon","coordinates":[[[-102.16890614349838,31.493882194074],[-102.16780902205873,31.490644461517945],[-102.16699553558522,31.488374865503307],[-102.1660745863492,31.485614843140823],[-102.1652643293191,31.48335426821136],[-102.16431990710471,31.480652138106862],[-102.1641631483927,31.48017046414924],[-102.18053536126406,31.476205936687712],[-102.18553591863306,31.490719441463547],[-102.16914635210703,31.49457420815067],[-102.16890614349838,31.493882194074]]]}},{"type":"Feature","properties":{"ABSTRACT_L":"A-508","ABSTRACT_N":"508","LEVEL1_SUR":"T&P","LEVEL2_BLO":"41 T5S","LEVEL3_SUR":"45","Surv_Sect":"45","SHAPE_AREA":662.7546862878868,"owner_count":267.0,"top_owner":"LAMBERT SUSAN K FAMILY TRUST","top_owner_state":"NE","top_operator":"FIREBIRD ENERGY II","max_propensity_score":6.0,"field_name":"Unknown","production_trend":null},"geometry":{"type":"Polygon","coordinates":[[[-102.15240511580852,31.49804880160398],[-102.1519901848771,31.496757019158064],[-102.15147931566997,31.495133875083063],[-102.15095581255667,31.493444259059764],[-102.15040020545177,31.491667329775954],[-102.1498800296983,31.490029004445073],[-102.14918884705408,31.48781556259323],[-102.14871811996373,31.486346433629762],[-102.14802031673587,31.484113814948003],[-102.14800887309745,31.48407978841944],[-102.1641631483927,31.48017046414924],[-102.16431990710471,31.480652138106862],[-102.1652643293191,31.48335426821136],[-102.1660745863492,31.485614843140823],[-102.16699553558522,31.488374865503307],[-102.16780902205873,31.490644461517945],[-102.16890614349838,31.493882194074],[-102.16914635210703,31.49457420815067],[-102.15254053953255,31.498477320652245],[-102.15240511580852,31.49804880160398]]]}},{"type":"Feature","properties":{"ABSTRACT_L":"B41-T5S-S46","ABSTRACT_N":"B41-T5S-S46","LEVEL1_SUR":null,"LEVEL2_BLO":"41 T5S","LEVEL3_SUR":"46","Surv_Sect":"46","SHAPE_AREA":646.4278298729145,"owner_count":0.0,"top_owner":"","top_owner_state":"","top_operator":"","max_propensity_score":0.0,"field_name":"Unknown","production_trend":null},"geometry":{"type":"Polygon","coordinates":[[[-102.14782048470428,31.484125364215643],[-102.14804699939475,31.484856194160255],[-102.14843617023709,31.486081676657143],[-102.1488093834067,31.487283585723223],[-102.14932848118184,31.488948057028242],[-102.15016308345444,31.491627349514737],[-102.15066909816576,31.493242128505205],[-102.1512595248694,31.495049685466615],[-102.1517344632618,31.496642361598813],[-102.15213833054219,31.49790420361383],[-102.15233653213154,31.498525256224298],[-102.13626561240983,31.50230020702994],[-102.13167744104504,31.48802953173261],[-102.14782048470428,31.484125364215643]]]}},{"type":"Feature","properties":{"ABSTRACT_L":"B41-T5S-S47","ABSTRACT_N":"B41-T5S-S47","LEVEL1_SUR":"CCSD&RGNG RR","LEVEL2_BLO":"41 T5S","LEVEL3_SUR":"47","Surv_Sect":"47","SHAPE_AREA":667.6354545737571,"owner_count":105.0,"top_owner":"KRP LEGACY NBR LLC","top_owner_state":"LA","top_operator":"COG OPERATING LLC","max_propensity_score":7.0,"field_name":"Unknown","production_trend":null},"geometry":{"type":"Polygon","coordinates":[[[-102.11820028004377,31.502156882449636],[-102.11760403495204,31.50032882623382],[-102.11688903168142,31.498187589605507],[-102.11620720139763,31.496135119128606],[-102.11558054204531,31.494185884792696],[-102.11513098285633,31.49282482189862],[-102.11489236696066,31.49208641714567],[-102.13167744104504,31.48802953173261],[-102.13626561240983,31.50230020702994],[-102.11955364591822,31.506223222613535],[-102.11951922786642,31.506118041526573],[-102.11884525604472,31.50411339293083],[-102.11820028004377,31.502156882449636]]]}},{"type":"Feature","properties":{"ABSTRACT_L":"B41-T5S-S5","ABSTRACT_N":"B41-T5S-S5","LEVEL1_SUR":null,"LEVEL2_BLO":"41 T5S","LEVEL3_SUR":"5","Surv_Sect":"5","SHAPE_AREA":658.397957011971,"owner_count":0.0,"top_owner":"","top_owner_state":"","top_operator":"","max_propensity_score":0.0,"field_name":"Unknown","production_trend":null},"geometry":{"type":"Polygon","coordinates":[[[-102.19669794507737,31.578480835086477],[-102.21349508533262,31.574767079344028],[-102.21408116778356,31.57464624644935],[-102.21803461202646,31.588655515222495],[-102.20141708991224,31.592331002496195],[-102.19669794507737,31.578480835086477]]]}},{"type":"Feature","properties":{"ABSTRACT_L":"B41-T5S-S6","ABSTRACT_N":"B41-T5S-S6","LEVEL1_SUR":null,"LEVEL2_BLO":"41 T5S","LEVEL3_SUR":"6","Surv_Sect":"6","SHAPE_AREA":606.9380784725612,"owner_count":0.0,"top_owner":"","top_owner_state":"","top_operator":"","max_propensity_score":0.0,"field_name":"Unknown","production_trend":null},"geometry":{"type":"MultiPolygon","coordinates":[[[[-102.22187990090579,31.58385090438943],[-102.2218634383799,31.583827475432393],[-102.22185260559588,31.583790773931767],[-102.22170901349098,31.583199883904648],[-102.22140339585155,31.581743186867044],[-102.22084985666842,31.57909624128677],[-102.220388688551,31.577190763536045],[-102.22008836109028,31.575613587121072],[-102.21962653540608,31.573513858651257],[-102.22985373454154,31.571492840086567],[-102.23423529698424,31.58533209977748],[-102.22525742354196,31.587069047078177],[-102.22359300252565,31.585440518889207],[-102.22187990090579,31.58385090438943]]],[[[-102.21948792984931,31.573531390985778],[-102.21995097544566,31.575634254574506],[-102.22025150502735,31.57721249288516],[-102.22071288874042,31.579118880122486],[-102.22126609105531,31.581764230239035],[-102.22157205724109,31.583222602095596],[-102.22171614162276,31.583815519897176],[-102.22172608956622,31.583855010731323],[-102.2217432500831,31.58389183617739],[-102.22177086070167,31.583925827117934],[-102.22348921297436,31.585520317203272],[-102.22509916644005,31.58709789301553],[-102.21803461202646,31.588655515222495],[-102.21408116778356,31.57464624644935],[-102.21948792984931,31.573531390985778]]]]}},{"type":"Feature","properties":{"ABSTRACT_L":"B41-T5S-S7","ABSTRACT_N":"B41-T5S-S7","LEVEL1_SUR":null,"LEVEL2_BLO":"41 T5S","LEVEL3_SUR":"7","Surv_Sect":"7","SHAPE_AREA":637.0159133774165,"owner_count":2.0,"top_owner":"CHEVRON USA INC-RI/ORRI","top_owner_state":"TX","top_operator":"FIREBIRD ENERGY II","max_propensity_score":1.0,"field_name":"Unknown","production_trend":null},"geometry":{"type":"MultiPolygon","coordinates":[[[[-102.21947254081019,31.57269413337826],[-102.21943178244912,31.57253123291995],[-102.21938582463918,31.57242522493758],[-102.2193120046824,31.572312608831506],[-102.2192443040493,31.572230126616326],[-102.2191354345251,31.572116747987728],[-102.21890521428406,31.57195572162717],[-102.21864971634928,31.57180217858974],[-102.21839262929474,31.571674530220335],[-102.21814912117405,31.57157570103822],[-102.21801413852282,31.571533669386785],[-102.21788151754248,31.571499605810626],[-102.21771065078892,31.571467676793304],[-102.21753595990721,31.571447540337125],[-102.21737652960553,31.57143961433288],[-102.21720131320934,31.57143728229962],[-102.2170173346459,31.57143772620486],[-102.21660427760017,31.571427835536177],[-102.21610259097187,31.57140978006921],[-102.21565039253257,31.571407043162925],[-102.21475065252042,31.57138267351892],[-102.21401649357468,31.571392830535665],[-102.21366120538822,31.57139694890674],[-102.21338085735772,31.571400324884117],[-102.2130924020318,31.571396403974553],[-102.21297156964292,31.571391898334145],[-102.21280514326182,31.571379348819654],[-102.21268065562806,31.571358798287548],[-102.21253212548403,31.571328804804274],[-102.21238047818599,31.57128685187308],[-102.21231687566723,31.571271483541093],[-102.20881974055438,31.56091209435221],[-102.22491319900656,31.55709999763932],[-102.22985373454154,31.571492840086567],[-102.21962653540608,31.573513858651257],[-102.21950513168868,31.572895860120365],[-102.21947254081019,31.57269413337826]]],[[[-102.21249387701587,31.571446179538064],[-102.21265085671344,31.571477878956678],[-102.21278538930873,31.571500087217892],[-102.21296223255386,31.571513422733954],[-102.21308817815334,31.571518119706777],[-102.21338072889864,31.57152209571667],[-102.21366316910544,31.571518693721654],[-102.21401860461559,31.571514574590584],[-102.21474955208419,31.571504461212236],[-102.21564764189117,31.571528786433912],[-102.21609910011868,31.571531519509918],[-102.21659930362844,31.571549521378603],[-102.21701554699848,31.571559488569644],[-102.21720040680923,31.571559041603585],[-102.21737129961394,31.571561317763003],[-102.2175223297694,31.571568826639634],[-102.21768596059333,31.57158768722679],[-102.21784587059538,31.57161756812001],[-102.21796936559075,31.571649287379497],[-102.21809423770345,31.571688171086862],[-102.21832638393242,31.571782389675185],[-102.21857304693641,31.571904862600054],[-102.2188192589861,31.57205282531022],[-102.21903453395575,31.57220339762089],[-102.21913103457683,31.572303896124296],[-102.21919150736512,31.57237757143632],[-102.219256363932,31.572476514570265],[-102.21929487560656,31.572565345866586],[-102.2193323829646,31.57271525532753],[-102.21948792984931,31.573531390985778],[-102.21408116778356,31.57464624644935],[-102.21349508533262,31.574767079344028],[-102.21236369675816,31.571410165807716],[-102.21249387701587,31.571446179538064]]]]}},{"type":"Feature","properties":{"ABSTRACT_L":"B41-T5S-S8","ABSTRACT_N":"B41-T5S-S8","LEVEL1_SUR":null,"LEVEL2_BLO":"41 T5S","LEVEL3_SUR":"8","Surv_Sect":"8","SHAPE_AREA":642.2978208194795,"owner_count":32.0,"top_owner":"AKA & E PROPERTIES LLC","top_owner_state":"CO","top_operator":"FIREBIRD ENERGY II","max_propensity_score":8.0,"field_name":"Unknown","production_trend":null},"geometry":{"type":"MultiPolygon","coordinates":[[[[-102.21211995956706,31.571178346649955],[-102.21201339871311,31.57111715488649],[-102.2117710063,31.57094118624815],[-102.21160009103741,31.5707955775493],[-102.21154413587668,31.570714283361283],[-102.21143834757387,31.57057074767107],[-102.21129948689558,31.57035493552055],[-102.2109686715124,31.569784570136473],[-102.21060357641801,31.56914827285042],[-102.2102018821623,31.568485522054704],[-102.20961996519935,31.567529670876972],[-102.20918922032567,31.56682049217001],[-102.20894726898536,31.56643041326267],[-102.20858741645895,31.56584816477033],[-102.20838514639969,31.56553251490758],[-102.20803406232878,31.565015779636166],[-102.2077974379981,31.564669197531476],[-102.2075537879436,31.564241990932597],[-102.20728054289205,31.563832765834455],[-102.20673033466198,31.562992588309225],[-102.20638317802548,31.562451225111786],[-102.20590653732563,31.561703342672693],[-102.20584868582134,31.561608196144572],[-102.20881974055438,31.56091209435221],[-102.21231687566723,31.571271483541093],[-102.21218973171517,31.571215809288205],[-102.21211995956706,31.571178346649955]]],[[[-102.20715679906334,31.563892757613676],[-102.20742803907517,31.564298980500933],[-102.20767198916698,31.564726714205506],[-102.2079112195103,31.565077115472874],[-102.20826133160408,31.565592419868402],[-102.20846222634263,31.565905925645],[-102.20882162521984,31.56648744129421],[-102.20906333760827,31.566877134971158],[-102.20949379771601,31.567585847127617],[-102.20949385969975,31.56758594815851],[-102.21007571647559,31.56854170155643],[-102.21047662740037,31.56920316383139],[-102.21084116553929,31.569838490257514],[-102.21117346314267,31.57041141162187],[-102.21131582275902,31.57063266458952],[-102.21142271329467,31.57077769416575],[-102.21148683953122,31.570870860540772],[-102.2116747104948,31.571030914475223],[-102.21192753145006,31.571214455373905],[-102.2120425553323,31.571280505548255],[-102.2121194394425,31.571321787266108],[-102.21226494316234,31.571380665229125],[-102.21233928593864,31.571403412322816],[-102.21236369675816,31.571410165807716],[-102.21349508533262,31.574767079344028],[-102.19669794507737,31.578480835086477],[-102.19205146047423,31.564839748201376],[-102.20570835909248,31.561641071552835],[-102.20578104896863,31.561760622360588],[-102.20625844335503,31.562509686925342],[-102.2066059925553,31.563051663652413],[-102.20715679906334,31.563892757613676]]]]}},{"type":"Feature","properties":{"ABSTRACT_L":"A-490","ABSTRACT_N":"490","LEVEL1_SUR":"T&P RR","LEVEL2_BLO":"41 T5S","LEVEL3_SUR":"9","Surv_Sect":"9","SHAPE_AREA":634.4561636196316,"owner_count":13.0,"top_owner":"MCFADDEN THERESA M ESTATE","top_owner_state":"PA","top_operator":"ENDEAVOR ENERGY RESO","max_propensity_score":8.0,"field_name":"Unknown","production_trend":null},"geometry":{"type":"Polygon","coordinates":[[[-102.19205146047423,31.564839748201376],[-102.19669794507737,31.578480835086477],[-102.18023020625698,31.582539242581092],[-102.17897013671302,31.578699716389234],[-102.17636037450579,31.570843472181792],[-102.17568692101202,31.56869550177183],[-102.19205146047423,31.564839748201376]]]}},{"type":"Feature","properties":{"ABSTRACT_L":"A-1189","ABSTRACT_N":"1189","LEVEL1_SUR":null,"LEVEL2_BLO":"42 T4S","LEVEL3_SUR":"14","Surv_Sect":"14","SHAPE_AREA":128.13610163733125,"owner_count":106.0,"top_owner":"ALAMO ENDEAVORS LLC","top_owner_state":"CO","top_operator":"DISCOVERY OPERATING","max_propensity_score":8.0,"field_name":"Unknown","production_trend":null},"geometry":{"type":"MultiPolygon","coordinates":[[[[-102.27932686059297,31.64964914054144],[-102.29239891284215,31.64680997779967],[-102.29392734239917,31.65133002545306],[-102.28057628510085,31.651345439455685],[-102.27932686059297,31.64964914054144]]],[[[-102.27466584035024,31.65066111018118],[-102.27918456385872,31.64968003792563],[-102.2804018637137,31.651345631394673],[-102.27490335670798,31.651351564680006],[-102.27466584035024,31.65066111018118]]]]}},{"type":"Feature","properties":{"ABSTRACT_L":"B42-T4S-S15","ABSTRACT_N":"B42-T4S-S15","LEVEL1_SUR":null,"LEVEL2_BLO":"42 T4S","LEVEL3_SUR":"15","Surv_Sect":"15","SHAPE_AREA":267.9234364166099,"owner_count":0.0,"top_owner":"","top_owner_state":"","top_operator":"","max_propensity_score":0.0,"field_name":"Unknown","production_trend":null},"geometry":{"type":"Polygon","coordinates":[[[-102.29392734239917,31.65133002545306],[-102.29239891284215,31.64680997779967],[-102.30816880980709,31.643465506514588],[-102.31046461800905,31.651311369895332],[-102.29392734239917,31.65133002545306]]]}},{"type":"Feature","properties":{"ABSTRACT_L":"A-1495","ABSTRACT_N":"1495","LEVEL1_SUR":"T&P","LEVEL2_BLO":"42 T4S","LEVEL3_SUR":"16","Surv_Sect":"16","SHAPE_AREA":203.53162167064337,"owner_count":148.0,"top_owner":"HORSEFLY HOLDINGS LLC","top_owner_state":"GA","top_operator":"OXY USA WTP LP","max_propensity_score":9.0,"field_name":"Unknown","production_trend":null},"geometry":{"type":"Polygon","coordinates":[[[-102.31046461800905,31.651311369895332],[-102.30816880980709,31.643465506514588],[-102.31787656801099,31.64116569337702],[-102.31788222829557,31.651301373004685],[-102.31046461800905,31.651311369895332]]]}},{"type":"Feature","properties":{"ABSTRACT_L":"B42-T4S-S21","ABSTRACT_N":"B42-T4S-S21","LEVEL1_SUR":null,"LEVEL2_BLO":"42 T4S","LEVEL3_SUR":"21","Surv_Sect":"21","SHAPE_AREA":493.1944864653741,"owner_count":0.0,"top_owner":"","top_owner_state":"","top_operator":"","max_propensity_score":0.0,"field_name":"Unknown","production_trend":null},"geometry":{"type":"Polygon","coordinates":[[[-102.30333955577288,31.628751949506405],[-102.3178378137913,31.625636775105765],[-102.31786174131722,31.63001370498128],[-102.31787132544298,31.63177693999992],[-102.31787656801099,31.64116569337702],[-102.30816880980709,31.643465506514588],[-102.30333955577288,31.628751949506405]]]}},{"type":"Feature","properties":{"ABSTRACT_L":"A-1266","ABSTRACT_N":"1266","LEVEL1_SUR":"T&P","LEVEL2_BLO":"42 T4S","LEVEL3_SUR":"22","Surv_Sect":"22","SHAPE_AREA":634.8135508907238,"owner_count":333.0,"top_owner":"ALAMO ENDEAVORS LLC","top_owner_state":"CO","top_operator":"OXY USA WTP LP","max_propensity_score":8.0,"field_name":"Unknown","production_trend":null},"geometry":{"type":"Polygon","coordinates":[[[-102.28784102727886,31.63236954332055],[-102.30333955577288,31.628751949506405],[-102.30816880980709,31.643465506514588],[-102.29239891284215,31.64680997779967],[-102.28784102727886,31.63236954332055]]]}},{"type":"Feature","properties":{"ABSTRACT_L":"B42-T4S-S23","ABSTRACT_N":"B42-T4S-S23","LEVEL1_SUR":null,"LEVEL2_BLO":"42 T4S","LEVEL3_SUR":"23","Surv_Sect":"23","SHAPE_AREA":705.8516047853459,"owner_count":0.0,"top_owner":"","top_owner_state":"","top_operator":"","max_propensity_score":0.0,"field_name":"Unknown","production_trend":null},"geometry":{"type":"MultiPolygon","coordinates":[[[[-102.27825804147469,31.64826030612719],[-102.27804189603754,31.647976650972737],[-102.27629640116854,31.64562471434864],[-102.27423530119076,31.64290314624066],[-102.27344864020824,31.64184500144286],[-102.27326635856238,31.641623722610024],[-102.27313229758262,31.641466053721093],[-102.27303201774916,31.641338749375542],[-102.2729570308808,31.64123674991129],[-102.27291276100529,31.641169930263285],[-102.2728654072134,31.64107669348267],[-102.27280814410561,31.640927254260053],[-102.2727403886753,31.64074136059002],[-102.27267648611927,31.64055554838041],[-102.27260670858126,31.640307030087968],[-102.27254599055289,31.640039959617436],[-102.27208383159372,31.638537153862554],[-102.27207143035123,31.63843734937014],[-102.27204142662072,31.638310973939486],[-102.27202244701542,31.638226745226383],[-102.27199695911585,31.638155474540824],[-102.27196595915372,31.638063131090803],[-102.27193435013382,31.637991730262623],[-102.27190840319516,31.637936168544233],[-102.27188230444119,31.637885839608494],[-102.27184158830093,31.63781162491369],[-102.27179115418595,31.637737332149122],[-102.27176166608842,31.637693476453546],[-102.27173410397889,31.637659059255192],[-102.27169786324536,31.637620696388925],[-102.27165294658286,31.637578390144323],[-102.27159710191489,31.637533969943437],[-102.27155624923073,31.63750302569312],[-102.27146404974322,31.637438825901086],[-102.2703313181874,31.636515635608074],[-102.28784102727886,31.63236954332055],[-102.29239891284215,31.64680997779967],[-102.27932686059297,31.64964914054144],[-102.278930522093,31.649119482500982],[-102.27825804147469,31.64826030612719]]],[[[-102.27017450737308,31.63655275456986],[-102.27137172000002,31.63752850078123],[-102.27146589578113,31.63759407640509],[-102.27150330612113,31.637622413387565],[-102.27155359201411,31.637662411416372],[-102.27159183958396,31.63769843624294],[-102.27162208046968,31.63773044810187],[-102.27164341905093,31.637757093285334],[-102.27167031191561,31.63779709125621],[-102.27171783009919,31.637867085751825],[-102.27175532218588,31.63793542744576],[-102.27177975905656,31.63798254951844],[-102.27180426689414,31.638035032862295],[-102.27183339297059,31.638100823804372],[-102.27186313708798,31.63818942731852],[-102.27188680140749,31.638255598259377],[-102.27190450540512,31.638334161276774],[-102.27193333234258,31.638455585340036],[-102.27194615489496,31.638558780181892],[-102.27240984817664,31.64006657966591],[-102.27247027694749,31.640332386630554],[-102.27254158701135,31.640586366190096],[-102.27260680110771,31.640775989257524],[-102.27267519254526,31.640963629621847],[-102.27273479756099,31.6411191786241],[-102.27278768497501,31.64122331348436],[-102.27283717406233,31.641298011091557],[-102.27291503553958,31.641403920038776],[-102.27301794743686,31.641534564845056],[-102.27315286540939,31.641693242358134],[-102.27333263626403,31.641911474927554],[-102.27411783568758,31.642967653519957],[-102.27617890063105,31.645689182267194],[-102.277924497908,31.64804125949904],[-102.27814156950822,31.648326131129142],[-102.2788137429027,31.649184916889833],[-102.27918456385872,31.64968003792563],[-102.27466584035024,31.65066111018118],[-102.26979173702713,31.636643357263953],[-102.27017450737308,31.63655275456986]]]]}},{"type":"Feature","properties":{"ABSTRACT_L":"B42-T4S-S24","ABSTRACT_N":"B42-T4S-S24","LEVEL1_SUR":null,"LEVEL2_BLO":"42 T4S","LEVEL3_SUR":"24","Surv_Sect":"24","SHAPE_AREA":604.83538511527,"owner_count":7.0,"top_owner":"SM ENERGY COMPANY","top_owner_state":"CO","top_operator":"SM ENERGY COMPANY","max_propensity_score":5.0,"field_name":"Unknown","production_trend":null},"geometry":{"type":"Polygon","coordinates":[[[-102.25641437166743,31.651366858621643],[-102.25283350099366,31.640681805278163],[-102.26979173702713,31.636643357263953],[-102.27466584035024,31.65066111018118],[-102.27161834976631,31.651354465176276],[-102.25641437166743,31.651366858621643]]]}},{"type":"Feature","properties":{"ABSTRACT_L":"B42-T4S-S25","ABSTRACT_N":"B42-T4S-S25","LEVEL1_SUR":null,"LEVEL2_BLO":"42 T4S","LEVEL3_SUR":"25","Surv_Sect":"25","SHAPE_AREA":668.3669226425775,"owner_count":3.0,"top_owner":"SM ENERGY COMPANY","top_owner_state":"CO","top_operator":"SM ENERGY COMPANY","max_propensity_score":5.0,"field_name":"Unknown","production_trend":null},"geometry":{"type":"MultiPolygon","coordinates":[[[[-102.26842997819301,31.634913219313592],[-102.26789578872109,31.63442735905481],[-102.26735013584786,31.633897625005254],[-102.26692301567634,31.633457678411254],[-102.26663131383897,31.63318422627677],[-102.2663584146388,31.63292208315718],[-102.26619361151342,31.63272774636452],[-102.26608523875753,31.632542986641145],[-102.26597127488732,31.63230641766385],[-102.26590528015498,31.632131685885888],[-102.2658431032626,31.631947916997774],[-102.26554995603591,31.631015743938924],[-102.26516454643968,31.62946970607883],[-102.26514358694747,31.629335468518033],[-102.26514234547574,31.629256386960254],[-102.26514430290476,31.629189534228193],[-102.26514581566771,31.629137875787443],[-102.26514741646552,31.629083178448663],[-102.2651521281292,31.629043751155727],[-102.2651535510606,31.6289951315064],[-102.26515515275676,31.62894043408369],[-102.26514982574713,31.628879508195197],[-102.26513712536564,31.628827545923972],[-102.2651071018722,31.62876000907843],[-102.26503352625718,31.628663805875252],[-102.26493546705908,31.628548945507156],[-102.26481219574423,31.628429208851177],[-102.26472870632172,31.628336345565057],[-102.2646201314449,31.62823426911942],[-102.26449622771607,31.62813620287016],[-102.26435230323452,31.628029032044555],[-102.26417681464883,31.627896616667677],[-102.26152902765392,31.625783000279185],[-102.25912482423821,31.62393670501116],[-102.26511520557439,31.622565348538547],[-102.26954359180296,31.635831072504644],[-102.2690968910532,31.635440092475818],[-102.26842997819301,31.634913219313592]]],[[[-102.25896547658155,31.62397317957369],[-102.26143481144861,31.62587109998045],[-102.26408304131294,31.627985073100596],[-102.26426033910562,31.628118853677044],[-102.26440301133569,31.62822509200144],[-102.26452095653922,31.62831844263141],[-102.26462160647858,31.628413067467392],[-102.26470440509664,31.628505162732388],[-102.2648265292629,31.62862378638425],[-102.26491871258072,31.628731762711553],[-102.26498203752003,31.628814562044376],[-102.2650027706368,31.62886120074343],[-102.26501133697136,31.628896256814198],[-102.26501545934019,31.628943401058883],[-102.26501403281551,31.628992140821545],[-102.2650127437331,31.629036171953334],[-102.26500803206943,31.62907560001444],[-102.26500629562597,31.62913488434235],[-102.26500478376136,31.6291865427847],[-102.2650027589587,31.62925569245022],[-102.26500414775413,31.629344207251297],[-102.2650269263348,31.629490096935676],[-102.26541422868134,31.631043731853087],[-102.26570867307527,31.631980035621332],[-102.26577181385996,31.632166656590126],[-102.2658401531952,31.63234759202896],[-102.26595817565385,31.632592587270235],[-102.26607396849398,31.632790001336158],[-102.26624954870783,31.632997045951022],[-102.2665276545434,31.6332641901869],[-102.26681773222673,31.633536120812234],[-102.26724407715214,31.633975268542155],[-102.26779257588822,31.63450776550088],[-102.268331682738,31.634998099605],[-102.26899957925342,31.63552575011571],[-102.26959299016043,31.63604513907397],[-102.26979173702713,31.636643357263953],[-102.25283350099366,31.640681805278163],[-102.24808432817376,31.626463309519018],[-102.25896547658155,31.62397317957369]]]]}},{"type":"Feature","properties":{"ABSTRACT_L":"A-1207","ABSTRACT_N":"1207","LEVEL1_SUR":null,"LEVEL2_BLO":"42 T4S","LEVEL3_SUR":"26","Surv_Sect":"26","SHAPE_AREA":704.5878156192653,"owner_count":224.0,"top_owner":"MITCHELL GLADYS ESTATE","top_owner_state":"TN","top_operator":"SM ENERGY COMPANY","max_propensity_score":10.0,"field_name":"Unknown","production_trend":null},"geometry":{"type":"MultiPolygon","coordinates":[[[[-102.26511520557439,31.622565348538547],[-102.26524312387421,31.62253279983129],[-102.28342849811168,31.618653122880186],[-102.28784102727886,31.63236954332055],[-102.2703313181874,31.636515635608074],[-102.26954359180296,31.635831072504644],[-102.26511520557439,31.622565348538547]]],[[[-102.27017450737308,31.63655275456986],[-102.26979173702713,31.636643357263953],[-102.26959299016043,31.63604513907397],[-102.27017450737308,31.63655275456986]]]]}},{"type":"Feature","properties":{"ABSTRACT_L":"B42-T4S-S27","ABSTRACT_N":"B42-T4S-S27","LEVEL1_SUR":null,"LEVEL2_BLO":"42 T4S","LEVEL3_SUR":"27","Surv_Sect":"27","SHAPE_AREA":585.4333649450764,"owner_count":3.0,"top_owner":"FIREBIRD ENERGY LLC","top_owner_state":"TX","top_operator":"FIREBIRD ENERGY","max_propensity_score":3.0,"field_name":"Unknown","production_trend":null},"geometry":{"type":"Polygon","coordinates":[[[-102.28342849811168,31.618653122880186],[-102.29887281417663,31.615343621291327],[-102.30333955577288,31.628751949506405],[-102.28784102727886,31.63236954332055],[-102.28342849811168,31.618653122880186]]]}},{"type":"Feature","properties":{"ABSTRACT_L":"A-1267","ABSTRACT_N":"1267","LEVEL1_SUR":null,"LEVEL2_BLO":"42 T4S","LEVEL3_SUR":"28","Surv_Sect":"28","SHAPE_AREA":605.1459600390542,"owner_count":501.0,"top_owner":"TURNER NELLE B LIFE ESTATE","top_owner_state":"TX","top_operator":"DIAMONDBACK E&P","max_propensity_score":9.0,"field_name":"Unknown","production_trend":null},"geometry":{"type":"Polygon","coordinates":[[[-102.29887281417663,31.615343621291327],[-102.31554376359237,31.611644585148564],[-102.31779955544165,31.61864710106729],[-102.31783510267577,31.625140737420228],[-102.3178378137913,31.625636775105765],[-102.30333955577288,31.628751949506405],[-102.29887281417663,31.615343621291327]]]}},{"type":"Feature","properties":{"ABSTRACT_L":"B42-T4S-S29","ABSTRACT_N":"B42-T4S-S29","LEVEL1_SUR":null,"LEVEL2_BLO":"42 T4S","LEVEL3_SUR":"29","Surv_Sect":"29","SHAPE_AREA":21.497148698332797,"owner_count":0.0,"top_owner":"","top_owner_state":"","top_operator":"","max_propensity_score":0.0,"field_name":"Unknown","production_trend":null},"geometry":{"type":"Polygon","coordinates":[[[-102.31554376359237,31.611644585148564],[-102.31775873958841,31.611189510487392],[-102.31779955544165,31.61864710106729],[-102.31554376359237,31.611644585148564]]]}},{"type":"Feature","properties":{"ABSTRACT_L":"A-860","ABSTRACT_N":"860","LEVEL1_SUR":null,"LEVEL2_BLO":"42 T4S","LEVEL3_SUR":"32","Surv_Sect":"32","SHAPE_AREA":175.20836108822317,"owner_count":40.0,"top_owner":"COMIN 2020 LLC","top_owner_state":"OK","top_operator":"DIAMONDBACK E&P","max_propensity_score":8.0,"field_name":"Unknown","production_trend":null},"geometry":{"type":"Polygon","coordinates":[[[-102.31775873958841,31.611189510487392],[-102.31554376359237,31.611644585148564],[-102.31097020691894,31.597555172725073],[-102.31767603080189,31.59607508983396],[-102.31775873958841,31.611189510487392]]]}},{"type":"Feature","properties":{"ABSTRACT_L":"B42-T4S-S33","ABSTRACT_N":"B42-T4S-S33","LEVEL1_SUR":null,"LEVEL2_BLO":"42 T4S","LEVEL3_SUR":"33","Surv_Sect":"33","SHAPE_AREA":660.923224392742,"owner_count":0.0,"top_owner":"","top_owner_state":"","top_operator":"","max_propensity_score":0.0,"field_name":"Unknown","production_trend":null},"geometry":{"type":"Polygon","coordinates":[[[-102.29397065377228,31.601340958896436],[-102.31097020691894,31.597555172725073],[-102.31554376359237,31.611644585148564],[-102.29887281417663,31.615343621291327],[-102.29397065377228,31.601340958896436]]]}},{"type":"Feature","properties":{"ABSTRACT_L":"A-1194","ABSTRACT_N":"1194","LEVEL1_SUR":null,"LEVEL2_BLO":"42 T4S","LEVEL3_SUR":"34","Surv_Sect":"34","SHAPE_AREA":595.1414140760376,"owner_count":65.0,"top_owner":"LAMBERT SUSAN K FAMILY TRUST","top_owner_state":"NE","top_operator":"SM ENERGY CO","max_propensity_score":5.0,"field_name":"Unknown","production_trend":null},"geometry":{"type":"Polygon","coordinates":[[[-102.27889654691063,31.60472123709047],[-102.29397065377228,31.601340958896436],[-102.29887281417663,31.615343621291327],[-102.28342849811168,31.618653122880186],[-102.27889654691063,31.60472123709047]]]}},{"type":"Feature","properties":{"ABSTRACT_L":"A-513","ABSTRACT_N":"513","LEVEL1_SUR":null,"LEVEL2_BLO":"42 T4S","LEVEL3_SUR":"35","Surv_Sect":"35","SHAPE_AREA":700.0880142641009,"owner_count":232.0,"top_owner":"ARETE MINERAL HOLDINGS LLC","top_owner_state":"OK","top_operator":"PIONEER NATURAL RES","max_propensity_score":9.0,"field_name":"Unknown","production_trend":null},"geometry":{"type":"Polygon","coordinates":[[[-102.26099362276143,31.608475039771168],[-102.27889654691063,31.60472123709047],[-102.28342849811168,31.618653122880186],[-102.26524312387421,31.62253279983129],[-102.26099362276143,31.608475039771168]]]}},{"type":"Feature","properties":{"ABSTRACT_L":"A-783","ABSTRACT_N":"783","LEVEL1_SUR":"T&P RR","LEVEL2_BLO":"42 T4S","LEVEL3_SUR":"36","Surv_Sect":"36","SHAPE_AREA":674.6280468326726,"owner_count":56.0,"top_owner":"LAMBERT SUSAN K FAMILY TRUST","top_owner_state":"NE","top_operator":"SM ENERGY COMPANY","max_propensity_score":5.0,"field_name":"Unknown","production_trend":null},"geometry":{"type":"MultiPolygon","coordinates":[[[[-102.25786982927728,31.622953347437097],[-102.2576800422072,31.622794567578218],[-102.25755193346453,31.622691258100147],[-102.2574686767057,31.622600513307397],[-102.25739863865624,31.622521657034895],[-102.2573509695557,31.62245101533097],[-102.25731685872773,31.622380665013782],[-102.257282520626,31.62231804661597],[-102.25725315559767,31.622240064426563],[-102.25649883037212,31.62049966450032],[-102.2546794481727,31.616584372390864],[-102.25426290027374,31.61573353829519],[-102.25397408652002,31.615231641513187],[-102.25376200595953,31.614935963914757],[-102.25363792795754,31.614775935669922],[-102.25342585009201,31.61448025738889],[-102.25331992794024,31.61432848502306],[-102.25315908009703,31.61416766395584],[-102.25296122885065,31.614013914309545],[-102.2527911858522,31.613852894562417],[-102.25261976034653,31.61373905402524],[-102.25246741505751,31.613602018322585],[-102.25232403046343,31.613473044079342],[-102.25216387881457,31.613288633214722],[-102.25158704811277,31.6124280486844],[-102.25084516724885,31.61138136691675],[-102.25045393567126,31.61084014324692],[-102.26053236930409,31.608571748887105],[-102.26099362276143,31.608475039771168],[-102.26524312387421,31.62253279983129],[-102.26511520557439,31.622565348538547],[-102.25912482423821,31.62393670501116],[-102.258740192583,31.623609540917293],[-102.25786982927728,31.622953347437097]]],[[[-102.25031282291653,31.610872888066112],[-102.25072599764157,31.611443486226463],[-102.25146685981595,31.612488729829227],[-102.25204695230056,31.61335418384976],[-102.25221709141874,31.61355009571523],[-102.25236631865543,31.61368432544911],[-102.25252590885722,31.613827877349397],[-102.25269591412643,31.61394077452706],[-102.25286232164292,31.61409835237163],[-102.25305877421242,31.6142510171053],[-102.25320620661515,31.61439842450177],[-102.25330648195707,31.61454210688067],[-102.25352029267277,31.61484019929699],[-102.25364436977645,31.615000227431345],[-102.25385176741936,31.615289376369727],[-102.25413583806841,31.615783031607496],[-102.25455025067188,31.616629507909522],[-102.25636855579131,31.620542494089225],[-102.25712125865945,31.622279156501023],[-102.25715241582677,31.62236189732184],[-102.25718917668482,31.622428933954833],[-102.25722556204708,31.62250397634315],[-102.25728219543586,31.622587903376253],[-102.25735823243477,31.622673514716137],[-102.2574486182237,31.622772028089276],[-102.25758339695737,31.622880717239582],[-102.25777485579218,31.623040896008362],[-102.25864444025856,31.623696502173978],[-102.25896547658155,31.62397317957369],[-102.24808432817376,31.626463309519018],[-102.24341794588709,31.612429086047687],[-102.25031282291653,31.610872888066112]]]]}},{"type":"Feature","properties":{"ABSTRACT_L":"B42-T4S-S37","ABSTRACT_N":"B42-T4S-S37","LEVEL1_SUR":null,"LEVEL2_BLO":"42 T4S","LEVEL3_SUR":"37","Surv_Sect":"37","SHAPE_AREA":658.3900115449827,"owner_count":1.0,"top_owner":"SM ENERGY COMPANY","top_owner_state":"CO","top_operator":"SM ENERGY COMPANY","max_propensity_score":4.0,"field_name":"Unknown","production_trend":null},"geometry":{"type":"MultiPolygon","coordinates":[[[[-102.24929472088253,31.609118675379875],[-102.2491571627614,31.60897486298753],[-102.24905525158735,31.608863119597732],[-102.24898876098497,31.608791262577494],[-102.24889495890301,31.608714904726142],[-102.24881863174825,31.608666311177547],[-102.24872192541298,31.608620999661714],[-102.24863334433945,31.608593088393487],[-102.24851983411845,31.608561581386716],[-102.24845398581151,31.60855098545778],[-102.24837710529455,31.60855085692953],[-102.2483038395983,31.608549277103187],[-102.24823383298987,31.608558475287847],[-102.24818970325154,31.608563427449894],[-102.24812381002882,31.608577565553627],[-102.24802837840294,31.60860662210429],[-102.24794025547018,31.60863377520557],[-102.24777808710351,31.608679097425867],[-102.24764728790657,31.608716219078133],[-102.2475218938727,31.608748825405723],[-102.24741361184668,31.60879103153323],[-102.24729347655045,31.608842882585517],[-102.24720912474527,31.608858385489874],[-102.24712195672168,31.608871352262753],[-102.24706102399597,31.608877461923388],[-102.2469656175229,31.608875403948584],[-102.246884668536,31.60887365887772],[-102.24679793619532,31.608871787574188],[-102.24671127392325,31.608867444405526],[-102.24663047046343,31.608860750248713],[-102.24654995715946,31.60884416709889],[-102.24649539079417,31.60883061735653],[-102.24643229582354,31.60881193338253],[-102.246372383584,31.608783421609502],[-102.24632432820788,31.608745264874845],[-102.2462736021404,31.608699629017135],[-102.24623710808198,31.608661722418848],[-102.2461978005001,31.608621281199543],[-102.24615040089412,31.608560868361074],[-102.24611991117507,31.608515666195956],[-102.24610610945905,31.608493097237215],[-102.24607980049933,31.608440822917565],[-102.2460355647598,31.608344219242614],[-102.24596884059544,31.608211892143178],[-102.24586331909227,31.607998180783582],[-102.24574208246152,31.60771868638988],[-102.24546075975893,31.607060677842806],[-102.2452548703874,31.606427085571863],[-102.24519084296553,31.606227405291897],[-102.24512644184448,31.606040307685888],[-102.2450613032066,31.605878374423508],[-102.24500635775225,31.605744989550104],[-102.24492623072385,31.605592175449193],[-102.24483433037534,31.605464287225704],[-102.24473893827533,31.605330028042893],[-102.24434058395583,31.60488142415923],[-102.24306103174999,31.603342617560468],[-102.24189810961408,31.602097528581112],[-102.24036619279714,31.60048921348173],[-102.23958370718407,31.599587393720878],[-102.23914586472132,31.598276836410868],[-102.25569064665372,31.59442887005767],[-102.26053236930409,31.608571748887105],[-102.25045393567126,31.61084014324692],[-102.25002496497027,31.610183503989028],[-102.24929472088253,31.609118675379875]]],[[[-102.24025611414054,31.600562628561562],[-102.241789548212,31.60217253686454],[-102.24294961729855,31.603414572891968],[-102.24422817417107,31.604952186309202],[-102.24462347960849,31.605397356195418],[-102.244715297312,31.60552658492036],[-102.24480264050707,31.605648132134146],[-102.24487669312751,31.605789361427384],[-102.24492954281232,31.605917661577465],[-102.24499349118244,31.60607663318796],[-102.24505663466208,31.606260080582153],[-102.24512038091126,31.606458883261016],[-102.2453278216733,31.607097248531318],[-102.2456111610937,31.60775998103817],[-102.24573358978883,31.608042220319064],[-102.24584051985036,31.608258789044818],[-102.24590651727765,31.608389673957607],[-102.24595073415256,31.608486237802783],[-102.24598004348535,31.60854447412498],[-102.2459976262104,31.608573226196494],[-102.24603192478625,31.608624073626494],[-102.24608595216239,31.60869293484826],[-102.24612962825151,31.608737870690774],[-102.24616907686888,31.608778846627427],[-102.24622623487379,31.608830267730166],[-102.24628984008747,31.608880771513967],[-102.24637514410686,31.608921367924914],[-102.246453110687,31.60894445395079],[-102.24651417187181,31.608959617922945],[-102.24660731099709,31.60897880220714],[-102.24670046988533,31.60898651922126],[-102.24679209804428,31.608991111024192],[-102.24688115253,31.608993032053267],[-102.2469621024152,31.608994777886956],[-102.24706741820415,31.608997049306748],[-102.24714203766153,31.608989567162443],[-102.24723573104737,31.60897562956318],[-102.24734030123464,31.608956410851324],[-102.24747396785396,31.6088987202648],[-102.24757131019649,31.6088607777904],[-102.247689537471,31.60883003515594],[-102.24782170390382,31.60879252567024],[-102.24798555661165,31.608746733000928],[-102.2480753971232,31.60871905051965],[-102.24816425308121,31.608691994604374],[-102.24821582626,31.60868092971585],[-102.24825349261987,31.60867670206049],[-102.24831273830948,31.608668918461515],[-102.24837521254425,31.60867026571121],[-102.24844084795046,31.60867037587812],[-102.24848527862441,31.608677525252205],[-102.2485876973466,31.6087059536674],[-102.24866400024682,31.608729996821253],[-102.24874312565369,31.608767069490224],[-102.24880490728735,31.60880640362321],[-102.24888547628686,31.60887198878138],[-102.24894556010464,31.60893692283929],[-102.2490481656764,31.60904942812531],[-102.24917987576504,31.609187126937396],[-102.24990326031724,31.610241954224364],[-102.25031282291653,31.610872888066112],[-102.24341794588709,31.612429086047687],[-102.23967068835807,31.59992056121944],[-102.24025611414054,31.600562628561562]]]]}},{"type":"Feature","properties":{"ABSTRACT_L":"B42-T4S-S38","ABSTRACT_N":"B42-T4S-S38","LEVEL1_SUR":null,"LEVEL2_BLO":"42 T4S","LEVEL3_SUR":"38","Surv_Sect":"38","SHAPE_AREA":736.5795652362299,"owner_count":7.0,"top_owner":"WOOD PATTI JO TRUST","top_owner_state":"NE","top_operator":"SM ENERGY COMPANY","max_propensity_score":5.0,"field_name":"Unknown","production_trend":null},"geometry":{"type":"Polygon","coordinates":[[[-102.25569064665372,31.59442887005767],[-102.25636493378408,31.594246840166054],[-102.27403888814716,31.590168108454137],[-102.27889654691063,31.60472123709047],[-102.26099362276143,31.608475039771168],[-102.26053236930409,31.608571748887105],[-102.25569064665372,31.59442887005767]]]}},{"type":"Feature","properties":{"ABSTRACT_L":"B42-T4S-S39","ABSTRACT_N":"B42-T4S-S39","LEVEL1_SUR":null,"LEVEL2_BLO":"42 T4S","LEVEL3_SUR":"39","Surv_Sect":"39","SHAPE_AREA":612.3701233099205,"owner_count":0.0,"top_owner":"","top_owner_state":"","top_operator":"","max_propensity_score":0.0,"field_name":"Unknown","production_trend":null},"geometry":{"type":"Polygon","coordinates":[[[-102.27403888814716,31.590168108454137],[-102.28894563348146,31.58672379810328],[-102.29397065377228,31.601340958896436],[-102.27889654691063,31.60472123709047],[-102.27403888814716,31.590168108454137]]]}},{"type":"Feature","properties":{"ABSTRACT_L":"B42-T4S-S40","ABSTRACT_N":"B42-T4S-S40","LEVEL1_SUR":null,"LEVEL2_BLO":"42 T4S","LEVEL3_SUR":"40","Surv_Sect":"40","SHAPE_AREA":703.5514516966124,"owner_count":0.0,"top_owner":"","top_owner_state":"","top_operator":"","max_propensity_score":0.0,"field_name":"Unknown","production_trend":null},"geometry":{"type":"Polygon","coordinates":[[[-102.28894563348146,31.58672379810328],[-102.30613587381012,31.582755263756177],[-102.31097020691894,31.597555172725073],[-102.29397065377228,31.601340958896436],[-102.28894563348146,31.58672379810328]]]}},{"type":"Feature","properties":{"ABSTRACT_L":"B42-T4S-S41","ABSTRACT_N":"B42-T4S-S41","LEVEL1_SUR":null,"LEVEL2_BLO":"42 T4S","LEVEL3_SUR":"41","Surv_Sect":"41","SHAPE_AREA":373.3737123040975,"owner_count":0.0,"top_owner":"","top_owner_state":"","top_operator":"","max_propensity_score":0.0,"field_name":"Unknown","production_trend":null},"geometry":{"type":"Polygon","coordinates":[[[-102.31758225656769,31.580305915150973],[-102.31766069386505,31.593271635607483],[-102.31767603080189,31.59607508983396],[-102.31097020691894,31.597555172725073],[-102.30613587381012,31.582755263756177],[-102.31758225656769,31.580305915150973]]]}},{"type":"Feature","properties":{"ABSTRACT_L":"A-881","ABSTRACT_N":"881","LEVEL1_SUR":"BLK 42  SEC 44 A-881","LEVEL2_BLO":"42 T4S","LEVEL3_SUR":"44","Surv_Sect":"44","SHAPE_AREA":487.0459902927165,"owner_count":73.0,"top_owner":"LAMBERT SUSAN K FAMILY TRUST","top_owner_state":"NE","top_operator":"FIREBIRD ENERGY III","max_propensity_score":5.0,"field_name":"Unknown","production_trend":null},"geometry":{"type":"Polygon","coordinates":[[[-102.30196296844834,31.56991487768004],[-102.31754694738716,31.56636366467363],[-102.31757300122533,31.578775773597556],[-102.31758225656769,31.580305915150973],[-102.30613587381012,31.582755263756177],[-102.30196296844834,31.56991487768004]]]}},{"type":"Feature","properties":{"ABSTRACT_L":"B42-T4S-S45","ABSTRACT_N":"B42-T4S-S45","LEVEL1_SUR":null,"LEVEL2_BLO":"42 T4S","LEVEL3_SUR":"45","Surv_Sect":"45","SHAPE_AREA":622.680395575265,"owner_count":4.0,"top_owner":"TEXAS PACIFIC RESOURCES LLC","top_owner_state":"TX","top_operator":"FIREBIRD ENERGY II","max_propensity_score":2.0,"field_name":"Unknown","production_trend":null},"geometry":{"type":"Polygon","coordinates":[[[-102.2845538994148,31.573838684640407],[-102.30196296844834,31.56991487768004],[-102.30613587381012,31.582755263756177],[-102.28894563348146,31.58672379810328],[-102.2845538994148,31.573838684640407]]]}},{"type":"Feature","properties":{"ABSTRACT_L":"B42-T4S-S46","ABSTRACT_N":"B42-T4S-S46","LEVEL1_SUR":null,"LEVEL2_BLO":"42 T4S","LEVEL3_SUR":"46","Surv_Sect":"46","SHAPE_AREA":544.316920727882,"owner_count":1.0,"top_owner":"SM ENERGY COMPANY","top_owner_state":"CO","top_operator":"SM ENERGY COMPANY","max_propensity_score":4.0,"field_name":"Unknown","production_trend":null},"geometry":{"type":"Polygon","coordinates":[[[-102.26939262363125,31.577279652330198],[-102.2845538994148,31.573838684640407],[-102.28894563348146,31.58672379810328],[-102.27403888814716,31.590168108454137],[-102.26939262363125,31.577279652330198]]]}},{"type":"Feature","properties":{"ABSTRACT_L":"A-517","ABSTRACT_N":"517","LEVEL1_SUR":"A 517 T&P RR","LEVEL2_BLO":"42 T4S","LEVEL3_SUR":"47","Surv_Sect":"47","SHAPE_AREA":637.1060116934167,"owner_count":157.0,"top_owner":"BULL PATH ENERGY PARTNERS LLC","top_owner_state":"NY","top_operator":"DIAMONDBACK E&P LLC","max_propensity_score":8.0,"field_name":"Unknown","production_trend":null},"geometry":{"type":"Polygon","coordinates":[[[-102.25198735267472,31.581277918825435],[-102.26939262363125,31.577279652330198],[-102.27403888814716,31.590168108454137],[-102.25636493378408,31.594246840166054],[-102.25198735267472,31.581277918825435]]]}},{"type":"Feature","properties":{"ABSTRACT_L":"B42-T4S-S48","ABSTRACT_N":"B42-T4S-S48","LEVEL1_SUR":null,"LEVEL2_BLO":"42 T4S","LEVEL3_SUR":"48","Surv_Sect":"48","SHAPE_AREA":633.2418242666108,"owner_count":1.0,"top_owner":"SM ENERGY COMPANY","top_owner_state":"CO","top_operator":"SM ENERGY COMPANY","max_propensity_score":4.0,"field_name":"Unknown","production_trend":null},"geometry":{"type":"Polygon","coordinates":[[[-102.23453477194376,31.585267241090428],[-102.25108263869085,31.581473124480905],[-102.25198735267472,31.581277918825435],[-102.25636493378408,31.594246840166054],[-102.25569064665372,31.59442887005767],[-102.23914586472132,31.598276836410868],[-102.23453477194376,31.585267241090428]]]}},{"type":"Feature","properties":{"ABSTRACT_L":"B42-T5S-S1","ABSTRACT_N":"B42-T5S-S1","LEVEL1_SUR":null,"LEVEL2_BLO":"42 T5S","LEVEL3_SUR":"1","Surv_Sect":"1","SHAPE_AREA":639.020705638554,"owner_count":3.0,"top_owner":"CHEVRON MIDCONTINENT LP -OR/RI","top_owner_state":"TX","top_operator":"FIREBIRD ENERGY II","max_propensity_score":2.0,"field_name":"Unknown","production_trend":null},"geometry":{"type":"Polygon","coordinates":[[[-102.22985373454154,31.571492840086567],[-102.24636878852624,31.56789182937674],[-102.25108263869085,31.581473124480905],[-102.23453477194376,31.585267241090428],[-102.23423529698424,31.58533209977748],[-102.22985373454154,31.571492840086567]]]}},{"type":"Feature","properties":{"ABSTRACT_L":"A-747","ABSTRACT_N":"747","LEVEL1_SUR":"A 747 T&PRR","LEVEL2_BLO":"42 T5S","LEVEL3_SUR":"10","Surv_Sect":"10","SHAPE_AREA":660.0468283936342,"owner_count":31.0,"top_owner":"PBK ROYALTY & INVESTMENTS L","top_owner_state":"OK","top_operator":"PIONEER NATURAL RES","max_propensity_score":6.0,"field_name":"Unknown","production_trend":null},"geometry":{"type":"Polygon","coordinates":[[[-102.25925564768967,31.549025811877787],[-102.27534497838313,31.545296880887612],[-102.27994827378404,31.560053123282092],[-102.26477838405525,31.563670250208517],[-102.264105766893,31.563830305021053],[-102.25925564768967,31.549025811877787]]]}},{"type":"Feature","properties":{"ABSTRACT_L":"B42-T5S-S11","ABSTRACT_N":"B42-T5S-S11","LEVEL1_SUR":null,"LEVEL2_BLO":"42 T5S","LEVEL3_SUR":"11","Surv_Sect":"11","SHAPE_AREA":673.9376278860275,"owner_count":2.0,"top_owner":"FIREBIRD ENERGY II LLC","top_owner_state":"TX","top_operator":"FIREBIRD ENERGY II","max_propensity_score":2.0,"field_name":"Unknown","production_trend":null},"geometry":{"type":"Polygon","coordinates":[[[-102.2431346423993,31.552841918296995],[-102.25042690356771,31.55102430343336],[-102.25925564768967,31.549025811877787],[-102.264105766893,31.563830305021053],[-102.24769507917802,31.56760547314038],[-102.2431346423993,31.552841918296995]]]}},{"type":"Feature","properties":{"ABSTRACT_L":"B42-T5S-S12","ABSTRACT_N":"B42-T5S-S12","LEVEL1_SUR":null,"LEVEL2_BLO":"42 T5S","LEVEL3_SUR":"12","Surv_Sect":"12","SHAPE_AREA":734.1265480317765,"owner_count":17.0,"top_owner":"FRANCO-NEVADA TEXAS LP","top_owner_state":"CO","top_operator":"FIREBIRD ENERGY II","max_propensity_score":7.0,"field_name":"Unknown","production_trend":null},"geometry":{"type":"Polygon","coordinates":[[[-102.22491319900656,31.55709999763932],[-102.24135653239726,31.5532537346146],[-102.2431346423993,31.552841918296995],[-102.24769507917802,31.56760547314038],[-102.24636878852624,31.56789182937674],[-102.22985373454154,31.571492840086567],[-102.22491319900656,31.55709999763932]]]}},{"type":"Feature","properties":{"ABSTRACT_L":"B42-T5S-S13","ABSTRACT_N":"B42-T5S-S13","LEVEL1_SUR":null,"LEVEL2_BLO":"42 T5S","LEVEL3_SUR":"13","Surv_Sect":"13","SHAPE_AREA":742.4140930108252,"owner_count":0.0,"top_owner":"","top_owner_state":"","top_operator":"","max_propensity_score":0.0,"field_name":"Unknown","production_trend":null},"geometry":{"type":"Polygon","coordinates":[[[-102.22011532402352,31.5423242976652],[-102.23815461692443,31.53835346482568],[-102.2431346423993,31.552841918296995],[-102.24135653239726,31.5532537346146],[-102.22491319900656,31.55709999763932],[-102.22011532402352,31.5423242976652]]]}},{"type":"Feature","properties":{"ABSTRACT_L":"B42-T5S-S14","ABSTRACT_N":"B42-T5S-S14","LEVEL1_SUR":null,"LEVEL2_BLO":"42 T5S","LEVEL3_SUR":"14","Surv_Sect":"14","SHAPE_AREA":654.0161601412079,"owner_count":1.0,"top_owner":"FIREBIRD ENERGY II LLC","top_owner_state":"TX","top_operator":"FIREBIRD ENERGY II","max_propensity_score":1.0,"field_name":"Unknown","production_trend":null},"geometry":{"type":"Polygon","coordinates":[[[-102.23815461692443,31.53835346482568],[-102.25042062254725,31.535612776098578],[-102.25450841792573,31.534697347019318],[-102.25925564768967,31.549025811877787],[-102.25042690356771,31.55102430343336],[-102.2431346423993,31.552841918296995],[-102.23815461692443,31.53835346482568]]]}},{"type":"Feature","properties":{"ABSTRACT_L":"B42-T5S-S15","ABSTRACT_N":"B42-T5S-S15","LEVEL1_SUR":null,"LEVEL2_BLO":"42 T5S","LEVEL3_SUR":"15","Surv_Sect":"15","SHAPE_AREA":650.674035373641,"owner_count":0.0,"top_owner":"","top_owner_state":"","top_operator":"","max_propensity_score":0.0,"field_name":"Unknown","production_trend":null},"geometry":{"type":"Polygon","coordinates":[[[-102.25450841792573,31.534697347019318],[-102.27100402248622,31.530997979485143],[-102.27534497838313,31.545296880887612],[-102.25925564768967,31.549025811877787],[-102.25450841792573,31.534697347019318]]]}},{"type":"Feature","properties":{"ABSTRACT_L":"B42-T5S-S16","ABSTRACT_N":"B42-T5S-S16","LEVEL1_SUR":null,"LEVEL2_BLO":"42 T5S","LEVEL3_SUR":"16","Surv_Sect":"16","SHAPE_AREA":709.0977649760835,"owner_count":4.0,"top_owner":"DIAMONDBACK E & P LLC","top_owner_state":"OK","top_operator":"DIAMONDBACK E&P","max_propensity_score":5.0,"field_name":"Unknown","production_trend":null},"geometry":{"type":"Polygon","coordinates":[[[-102.27100402248622,31.530997979485143],[-102.2887031799829,31.52703737043374],[-102.29335420197654,31.54125006607904],[-102.27534497838313,31.545296880887612],[-102.27100402248622,31.530997979485143]]]}},{"type":"Feature","properties":{"ABSTRACT_L":"B42-T5S-S17","ABSTRACT_N":"B42-T5S-S17","LEVEL1_SUR":null,"LEVEL2_BLO":"42 T5S","LEVEL3_SUR":"17","Surv_Sect":"17","SHAPE_AREA":653.3968485718001,"owner_count":0.0,"top_owner":"","top_owner_state":"","top_operator":"","max_propensity_score":0.0,"field_name":"Unknown","production_trend":null},"geometry":{"type":"Polygon","coordinates":[[[-102.2887031799829,31.52703737043374],[-102.30544855481993,31.52360726396504],[-102.31002454053787,31.537463925691856],[-102.30930321851756,31.53762460963765],[-102.29335420197654,31.54125006607904],[-102.2887031799829,31.52703737043374]]]}},{"type":"Feature","properties":{"ABSTRACT_L":"A-1455","ABSTRACT_N":"1455","LEVEL1_SUR":null,"LEVEL2_BLO":"42 T5S","LEVEL3_SUR":"18","Surv_Sect":"18","SHAPE_AREA":355.0728061289979,"owner_count":4.0,"top_owner":"WARREN WILLIAM JOHNSTON TR A","top_owner_state":"CO","top_operator":"DIAMONDBACK E&P","max_propensity_score":6.0,"field_name":"Unknown","production_trend":null},"geometry":{"type":"Polygon","coordinates":[[[-102.30544855481993,31.52360726396504],[-102.31676636889743,31.5210491288232],[-102.31700587502353,31.534946562130393],[-102.31703936152238,31.53590105353603],[-102.31002454053787,31.537463925691856],[-102.30544855481993,31.52360726396504]]]}},{"type":"Feature","properties":{"ABSTRACT_L":"B42-T5S-S19","ABSTRACT_N":"B42-T5S-S19","LEVEL1_SUR":null,"LEVEL2_BLO":"42 T5S","LEVEL3_SUR":"19","Surv_Sect":"19","SHAPE_AREA":530.6940854787499,"owner_count":0.0,"top_owner":"","top_owner_state":"","top_operator":"","max_propensity_score":0.0,"field_name":"Unknown","production_trend":null},"geometry":{"type":"Polygon","coordinates":[[[-102.30086037716694,31.509410376597998],[-102.31640985720556,31.5059909321098],[-102.31675776034207,31.52054958001732],[-102.31676636889743,31.5210491288232],[-102.30544855481993,31.52360726396504],[-102.30086037716694,31.509410376597998]]]}},{"type":"Feature","properties":{"ABSTRACT_L":"B42-T5S-S2","ABSTRACT_N":"B42-T5S-S2","LEVEL1_SUR":null,"LEVEL2_BLO":"42 T5S","LEVEL3_SUR":"2","Surv_Sect":"2","SHAPE_AREA":700.0055537434729,"owner_count":0.0,"top_owner":"","top_owner_state":"","top_operator":"","max_propensity_score":0.0,"field_name":"Unknown","production_trend":null},"geometry":{"type":"Polygon","coordinates":[[[-102.24636878852624,31.56789182937674],[-102.24769507917802,31.56760547314038],[-102.264105766893,31.563830305021053],[-102.26477838405525,31.563670250208517],[-102.26939262363125,31.577279652330198],[-102.25198735267472,31.581277918825435],[-102.25108263869085,31.581473124480905],[-102.24636878852624,31.56789182937674]]]}},{"type":"Feature","properties":{"ABSTRACT_L":"B42-T5S-S20","ABSTRACT_N":"B42-T5S-S20","LEVEL1_SUR":null,"LEVEL2_BLO":"42 T5S","LEVEL3_SUR":"20","Surv_Sect":"20","SHAPE_AREA":660.1406417018204,"owner_count":0.0,"top_owner":"","top_owner_state":"","top_operator":"","max_propensity_score":0.0,"field_name":"Unknown","production_trend":null},"geometry":{"type":"Polygon","coordinates":[[[-102.28389840144692,31.51312273906363],[-102.30086037716694,31.509410376597998],[-102.30544855481993,31.52360726396504],[-102.2887031799829,31.52703737043374],[-102.28389840144692,31.51312273906363]]]}},{"type":"Feature","properties":{"ABSTRACT_L":"B42-T5S-S21","ABSTRACT_N":"B42-T5S-S21","LEVEL1_SUR":null,"LEVEL2_BLO":"42 T5S","LEVEL3_SUR":"21","Surv_Sect":"21","SHAPE_AREA":683.5126115498261,"owner_count":0.0,"top_owner":"","top_owner_state":"","top_operator":"","max_propensity_score":0.0,"field_name":"Unknown","production_trend":null},"geometry":{"type":"Polygon","coordinates":[[[-102.26662900786361,31.516899046282834],[-102.28389840144692,31.51312273906363],[-102.2887031799829,31.52703737043374],[-102.27100402248622,31.530997979485143],[-102.26662900786361,31.516899046282834]]]}},{"type":"Feature","properties":{"ABSTRACT_L":"B42-T5S-S22","ABSTRACT_N":"B42-T5S-S22","LEVEL1_SUR":null,"LEVEL2_BLO":"42 T5S","LEVEL3_SUR":"22","Surv_Sect":"22","SHAPE_AREA":656.604305083871,"owner_count":0.0,"top_owner":"","top_owner_state":"","top_operator":"","max_propensity_score":0.0,"field_name":"Unknown","production_trend":null},"geometry":{"type":"Polygon","coordinates":[[[-102.25042701406049,31.52235464481207],[-102.24978109842176,31.52049277355349],[-102.25042697543293,31.52035731838508],[-102.26662900786361,31.516899046282834],[-102.27100402248622,31.530997979485143],[-102.25450841792573,31.534697347019318],[-102.25042701406049,31.52235464481207]]]}},{"type":"Feature","properties":{"ABSTRACT_L":"B42-T5S-S23","ABSTRACT_N":"B42-T5S-S23","LEVEL1_SUR":null,"LEVEL2_BLO":"42 T5S","LEVEL3_SUR":"23","Surv_Sect":"23","SHAPE_AREA":643.2761237297266,"owner_count":0.0,"top_owner":"","top_owner_state":"","top_operator":"","max_propensity_score":0.0,"field_name":"Unknown","production_trend":null},"geometry":{"type":"Polygon","coordinates":[[[-102.23370722683603,31.52416069010213],[-102.24978109842176,31.52049277355349],[-102.25042701406049,31.52235464481207],[-102.25450841792573,31.534697347019318],[-102.25042062254725,31.535612776098578],[-102.23815461692443,31.53835346482568],[-102.23370722683603,31.52416069010213]]]}},{"type":"Feature","properties":{"ABSTRACT_L":"B42-T5S-S24","ABSTRACT_N":"B42-T5S-S24","LEVEL1_SUR":null,"LEVEL2_BLO":"42 T5S","LEVEL3_SUR":"24","Surv_Sect":"24","SHAPE_AREA":715.4529180282086,"owner_count":1.0,"top_owner":"DISCOVERY OPERATING INC WI","top_owner_state":"TX","top_operator":"DISCOVERY OPERATING,","max_propensity_score":1.0,"field_name":"Unknown","production_trend":null},"geometry":{"type":"Polygon","coordinates":[[[-102.21548777141501,31.528208649930285],[-102.2316038126151,31.52461050789928],[-102.23370722683603,31.52416069010213],[-102.23815461692443,31.53835346482568],[-102.22011532402352,31.5423242976652],[-102.21548777141501,31.528208649930285]]]}},{"type":"Feature","properties":{"ABSTRACT_L":"B42-T5S-S25","ABSTRACT_N":"B42-T5S-S25","LEVEL1_SUR":null,"LEVEL2_BLO":"42 T5S","LEVEL3_SUR":"25","Surv_Sect":"25","SHAPE_AREA":711.0248077880543,"owner_count":0.0,"top_owner":"","top_owner_state":"","top_operator":"","max_propensity_score":0.0,"field_name":"Unknown","production_trend":null},"geometry":{"type":"Polygon","coordinates":[[[-102.2109411875563,31.51402751178374],[-102.22847323325729,31.509972081510323],[-102.23370722683603,31.52416069010213],[-102.2316038126151,31.52461050789928],[-102.21548777141501,31.528208649930285],[-102.2109411875563,31.51402751178374]]]}},{"type":"Feature","properties":{"ABSTRACT_L":"B42-T5S-S26","ABSTRACT_N":"B42-T5S-S26","LEVEL1_SUR":null,"LEVEL2_BLO":"42 T5S","LEVEL3_SUR":"26","Surv_Sect":"26","SHAPE_AREA":651.9848995500693,"owner_count":1.0,"top_owner":"DISCOVERY OPERATING INC WI","top_owner_state":"TX","top_operator":"DISCOVERY OPERATING,","max_propensity_score":1.0,"field_name":"Unknown","production_trend":null},"geometry":{"type":"Polygon","coordinates":[[[-102.22847323325729,31.509972081510323],[-102.24569433969911,31.506564835924284],[-102.24978109842176,31.52049277355349],[-102.23370722683603,31.52416069010213],[-102.22847323325729,31.509972081510323]]]}},{"type":"Feature","properties":{"ABSTRACT_L":"B42-T5S-S27","ABSTRACT_N":"B42-T5S-S27","LEVEL1_SUR":null,"LEVEL2_BLO":"42 T5S","LEVEL3_SUR":"27","Surv_Sect":"27","SHAPE_AREA":647.937209157941,"owner_count":0.0,"top_owner":"","top_owner_state":"","top_operator":"","max_propensity_score":0.0,"field_name":"Unknown","production_trend":null},"geometry":{"type":"Polygon","coordinates":[[[-102.24569433969911,31.506564835924284],[-102.25042710479036,31.505513107821006],[-102.2622485665184,31.502858963000552],[-102.26662900786361,31.516899046282834],[-102.25042697543293,31.52035731838508],[-102.24978109842176,31.52049277355349],[-102.24569433969911,31.506564835924284]]]}},{"type":"Feature","properties":{"ABSTRACT_L":"B42-T5S-S28","ABSTRACT_N":"B42-T5S-S28","LEVEL1_SUR":null,"LEVEL2_BLO":"42 T5S","LEVEL3_SUR":"28","Surv_Sect":"28","SHAPE_AREA":668.9710602051523,"owner_count":0.0,"top_owner":"","top_owner_state":"","top_operator":"","max_propensity_score":0.0,"field_name":"Unknown","production_trend":null},"geometry":{"type":"Polygon","coordinates":[[[-102.2622485665184,31.502858963000552],[-102.26302711032402,31.502657787216638],[-102.27483528327407,31.500143332193645],[-102.27932508731861,31.499213516507183],[-102.2796268287276,31.50014319202692],[-102.28389840144692,31.51312273906363],[-102.26662900786361,31.516899046282834],[-102.2622485665184,31.502858963000552]]]}},{"type":"Feature","properties":{"ABSTRACT_L":"B42-T5S-S29","ABSTRACT_N":"B42-T5S-S29","LEVEL1_SUR":null,"LEVEL2_BLO":"42 T5S","LEVEL3_SUR":"29","Surv_Sect":"29","SHAPE_AREA":644.29839181714,"owner_count":0.0,"top_owner":"","top_owner_state":"","top_operator":"","max_propensity_score":0.0,"field_name":"Unknown","production_trend":null},"geometry":{"type":"Polygon","coordinates":[[[-102.2796268287276,31.50014319202692],[-102.27932508731861,31.499213516507183],[-102.29593385984197,31.49576378926786],[-102.29733392463645,31.499952856877226],[-102.30086037716694,31.509410376597998],[-102.28389840144692,31.51312273906363],[-102.2796268287276,31.50014319202692]]]}},{"type":"Feature","properties":{"ABSTRACT_L":"B42-T5S-S3","ABSTRACT_N":"B42-T5S-S3","LEVEL1_SUR":null,"LEVEL2_BLO":"42 T5S","LEVEL3_SUR":"3","Surv_Sect":"3","SHAPE_AREA":582.6324841397928,"owner_count":1.0,"top_owner":"FIREBIRD ENERGY II LLC","top_owner_state":"TX","top_operator":"FIREBIRD ENERGY II","max_propensity_score":2.0,"field_name":"Unknown","production_trend":null},"geometry":{"type":"Polygon","coordinates":[[[-102.26477838405525,31.563670250208517],[-102.27994827378404,31.560053123282092],[-102.2845538994148,31.573838684640407],[-102.26939262363125,31.577279652330198],[-102.26477838405525,31.563670250208517]]]}},{"type":"Feature","properties":{"ABSTRACT_L":"A-1458","ABSTRACT_N":"1458","LEVEL1_SUR":null,"LEVEL2_BLO":"42 T5S","LEVEL3_SUR":"30","Surv_Sect":"30","SHAPE_AREA":624.1826768279211,"owner_count":8.0,"top_owner":"WARREN WILLIAM JOHNSTON TR A","top_owner_state":"CO","top_operator":"DIAMONDBACK E&P","max_propensity_score":6.0,"field_name":"Unknown","production_trend":null},"geometry":{"type":"Polygon","coordinates":[[[-102.29733392463645,31.499952856877226],[-102.29593385984197,31.49576378926786],[-102.31286161154628,31.492477172849284],[-102.31634605885408,31.50332069218583],[-102.31640985720556,31.5059909321098],[-102.30086037716694,31.509410376597998],[-102.29733392463645,31.499952856877226]]]}},{"type":"Feature","properties":{"ABSTRACT_L":"B42-T5S-S31","ABSTRACT_N":"B42-T5S-S31","LEVEL1_SUR":null,"LEVEL2_BLO":"42 T5S","LEVEL3_SUR":"31","Surv_Sect":"31","SHAPE_AREA":659.7926943962535,"owner_count":7.0,"top_owner":"DIAMONDBACK E & P LLC","top_owner_state":"OK","top_operator":"DIAMONDBACK E&P LLC","max_propensity_score":6.0,"field_name":"Unknown","production_trend":null},"geometry":{"type":"Polygon","coordinates":[[[-102.2577584947759,31.48899067434352],[-102.27475716757361,31.485240524476485],[-102.27932508731861,31.499213516507183],[-102.27483528327407,31.500143332193645],[-102.26302711032402,31.502657787216638],[-102.2622485665184,31.502858963000552],[-102.2577584947759,31.48899067434352]]]}},{"type":"Feature","properties":{"ABSTRACT_L":"B42-T5S-S32","ABSTRACT_N":"B42-T5S-S32","LEVEL1_SUR":null,"LEVEL2_BLO":"42 T5S","LEVEL3_SUR":"32","Surv_Sect":"32","SHAPE_AREA":630.7783115136283,"owner_count":0.0,"top_owner":"","top_owner_state":"","top_operator":"","max_propensity_score":0.0,"field_name":"Unknown","production_trend":null},"geometry":{"type":"Polygon","coordinates":[[[-102.24372491279608,31.500144116514655],[-102.2414468867452,31.492958593476864],[-102.2577584947759,31.48899067434352],[-102.2622485665184,31.502858963000552],[-102.25042710479036,31.505513107821006],[-102.24569433969911,31.506564835924284],[-102.24372491279608,31.500144116514655]]]}},{"type":"Feature","properties":{"ABSTRACT_L":"B42-T5S-S33","ABSTRACT_N":"B42-T5S-S33","LEVEL1_SUR":null,"LEVEL2_BLO":"42 T5S","LEVEL3_SUR":"33","Surv_Sect":"33","SHAPE_AREA":655.2372595288863,"owner_count":0.0,"top_owner":"","top_owner_state":"","top_operator":"","max_propensity_score":0.0,"field_name":"Unknown","production_trend":null},"geometry":{"type":"Polygon","coordinates":[[[-102.22330281884112,31.497158412955912],[-102.2414468867452,31.492958593476864],[-102.24372491279608,31.500144116514655],[-102.24569433969911,31.506564835924284],[-102.22847323325729,31.509972081510323],[-102.22330281884112,31.497158412955912]]]}},{"type":"Feature","properties":{"ABSTRACT_L":"A-1481","ABSTRACT_N":"1481","LEVEL1_SUR":"A 1481 T&PRR","LEVEL2_BLO":"42 T5S","LEVEL3_SUR":"34","Surv_Sect":"34","SHAPE_AREA":626.6649124049276,"owner_count":17.0,"top_owner":"LAMBERT SUSAN K FAMILY TRUST","top_owner_state":"NE","top_operator":"XTO ENERGY INC.","max_propensity_score":7.0,"field_name":"Unknown","production_trend":null},"geometry":{"type":"Polygon","coordinates":[[[-102.20646327271453,31.50105358671318],[-102.22330281884112,31.497158412955912],[-102.22847323325729,31.509972081510323],[-102.2109411875563,31.51402751178374],[-102.20646327271453,31.50105358671318]]]}},{"type":"Feature","properties":{"ABSTRACT_L":"A-534","ABSTRACT_N":"534","LEVEL1_SUR":"T&P RR","LEVEL2_BLO":"42 T5S","LEVEL3_SUR":"35","Surv_Sect":"35","SHAPE_AREA":669.6993975827921,"owner_count":2.0,"top_owner":"CHEVRON USA INC-RI/ORRI","top_owner_state":"TX","top_operator":"FIREBIRD ENERGY II","max_propensity_score":1.0,"field_name":"Unknown","production_trend":null},"geometry":{"type":"Polygon","coordinates":[[[-102.20201951541314,31.48751982492048],[-102.20181162549346,31.486889017155317],[-102.21863412788414,31.48292735298861],[-102.22330281884112,31.497158412955912],[-102.20646327271453,31.50105358671318],[-102.20201951541314,31.48751982492048]]]}},{"type":"Feature","properties":{"ABSTRACT_L":"A-1482","ABSTRACT_N":"1482","LEVEL1_SUR":null,"LEVEL2_BLO":"42 T5S","LEVEL3_SUR":"36","Surv_Sect":"36","SHAPE_AREA":721.7378887375849,"owner_count":8.0,"top_owner":"LAMBERT SUSAN K FAMILY TRUST","top_owner_state":"NE","top_operator":"DIAMONDBACK E&P","max_propensity_score":6.0,"field_name":"Unknown","production_trend":null},"geometry":{"type":"Polygon","coordinates":[[[-102.21863412788414,31.48292735298861],[-102.23659135878555,31.47869559798309],[-102.2414468867452,31.492958593476864],[-102.22330281884112,31.497158412955912],[-102.21863412788414,31.48292735298861]]]}},{"type":"Feature","properties":{"ABSTRACT_L":"A-535","ABSTRACT_N":"535","LEVEL1_SUR":"T&P","LEVEL2_BLO":"42 T5S","LEVEL3_SUR":"37","Surv_Sect":"37","SHAPE_AREA":653.3596311523776,"owner_count":105.0,"top_owner":"AUSTIN ROYALTIES LLC","top_owner_state":"OK","top_operator":"PIONEER NATURAL RES","max_propensity_score":9.0,"field_name":"Unknown","production_trend":null},"geometry":{"type":"Polygon","coordinates":[[[-102.23659135878555,31.47869559798309],[-102.25294654858229,31.4748388032727],[-102.2577584947759,31.48899067434352],[-102.2414468867452,31.492958593476864],[-102.23659135878555,31.47869559798309]]]}},{"type":"Feature","properties":{"ABSTRACT_L":"A-1470","ABSTRACT_N":"1470","LEVEL1_SUR":null,"LEVEL2_BLO":"42 T5S","LEVEL3_SUR":"38","Surv_Sect":"38","SHAPE_AREA":683.3849844925568,"owner_count":1.0,"top_owner":"DIAMONDBACK E & P LLC","top_owner_state":"OK","top_operator":"DIAMONDBACK E&P","max_propensity_score":5.0,"field_name":"Unknown","production_trend":null},"geometry":{"type":"Polygon","coordinates":[[[-102.25294654858229,31.4748388032727],[-102.27007608166235,31.470796775476728],[-102.27045727726158,31.47196568890329],[-102.27475716757361,31.485240524476485],[-102.2577584947759,31.48899067434352],[-102.25294654858229,31.4748388032727]]]}},{"type":"Feature","properties":{"ABSTRACT_L":"B42-T5S-S39","ABSTRACT_N":"B42-T5S-S39","LEVEL1_SUR":null,"LEVEL2_BLO":"42 T5S","LEVEL3_SUR":"39","Surv_Sect":"39","SHAPE_AREA":686.2962641632056,"owner_count":0.0,"top_owner":"","top_owner_state":"","top_operator":"","max_propensity_score":0.0,"field_name":"Unknown","production_trend":null},"geometry":{"type":"Polygon","coordinates":[[[-102.24818643787549,31.4604907934877],[-102.25654328979216,31.458629350105035],[-102.26543676561518,31.45664768261946],[-102.26737806087677,31.46252269294521],[-102.26750466044976,31.462910967653244],[-102.27007608166235,31.470796775476728],[-102.25294654858229,31.4748388032727],[-102.24818643787549,31.4604907934877]]]}},{"type":"Feature","properties":{"ABSTRACT_L":"B42-T5S-S4","ABSTRACT_N":"B42-T5S-S4","LEVEL1_SUR":null,"LEVEL2_BLO":"42 T5S","LEVEL3_SUR":"4","Surv_Sect":"4","SHAPE_AREA":677.0354202091008,"owner_count":0.0,"top_owner":"","top_owner_state":"","top_operator":"","max_propensity_score":0.0,"field_name":"Unknown","production_trend":null},"geometry":{"type":"Polygon","coordinates":[[[-102.27994827378404,31.560053123282092],[-102.2974171176149,31.555954642324714],[-102.30196296844834,31.56991487768004],[-102.2845538994148,31.573838684640407],[-102.27994827378404,31.560053123282092]]]}},{"type":"Feature","properties":{"ABSTRACT_L":"B42-T5S-S40","ABSTRACT_N":"B42-T5S-S40","LEVEL1_SUR":null,"LEVEL2_BLO":"42 T5S","LEVEL3_SUR":"40","Surv_Sect":"40","SHAPE_AREA":665.7795933588515,"owner_count":0.0,"top_owner":"","top_owner_state":"","top_operator":"","max_propensity_score":0.0,"field_name":"Unknown","production_trend":null},"geometry":{"type":"Polygon","coordinates":[[[-102.23164872658269,31.46417262176363],[-102.23959724299877,31.462403333878925],[-102.24818643787549,31.4604907934877],[-102.25294654858229,31.4748388032727],[-102.23659135878555,31.47869559798309],[-102.23164872658269,31.46417262176363]]]}},{"type":"Feature","properties":{"ABSTRACT_L":"A-537","ABSTRACT_N":"537","LEVEL1_SUR":"T&P","LEVEL2_BLO":"42 T5S","LEVEL3_SUR":"41","Surv_Sect":"41","SHAPE_AREA":735.5203958330346,"owner_count":2.0,"top_owner":"CHEVRON USA INC-RI/ORRI","top_owner_state":"TX","top_operator":"FIREBIRD ENERGY II","max_propensity_score":1.0,"field_name":"Unknown","production_trend":null},"geometry":{"type":"Polygon","coordinates":[[[-102.21378646377651,31.468146563712597],[-102.23164872658269,31.46417262176363],[-102.23659135878555,31.47869559798309],[-102.21863412788414,31.48292735298861],[-102.21378646377651,31.468146563712597]]]}},{"type":"Feature","properties":{"ABSTRACT_L":"A-693","ABSTRACT_N":"693","LEVEL1_SUR":"T&P RR","LEVEL2_BLO":"42 T5S","LEVEL3_SUR":"42","Surv_Sect":"42","SHAPE_AREA":695.5006734542314,"owner_count":135.0,"top_owner":"CORRIGAN PATRICK EDWARD FAM LP","top_owner_state":"FL","top_operator":"FIREBIRD ENERGY II","max_propensity_score":8.0,"field_name":"Unknown","production_trend":null},"geometry":{"type":"Polygon","coordinates":[[[-102.19950851308994,31.47990008334812],[-102.19821023370535,31.476016597068806],[-102.1969652594514,31.47222495102694],[-102.21378646377651,31.468146563712597],[-102.21863412788414,31.48292735298861],[-102.20181162549346,31.486889017155317],[-102.19950851308994,31.47990008334812]]]}},{"type":"Feature","properties":{"ABSTRACT_L":"B42-T5S-S5","ABSTRACT_N":"B42-T5S-S5","LEVEL1_SUR":null,"LEVEL2_BLO":"42 T5S","LEVEL3_SUR":"5","Surv_Sect":"5","SHAPE_AREA":644.5008950739286,"owner_count":3.0,"top_owner":"CHEVRON USA INC-RI/ORRI","top_owner_state":"TX","top_operator":"FIREBIRD ENERGY II","max_propensity_score":1.0,"field_name":"Unknown","production_trend":null},"geometry":{"type":"Polygon","coordinates":[[[-102.2974171176149,31.555954642324714],[-102.29814186491141,31.55579466738691],[-102.31394662728916,31.552064829526444],[-102.31754124039014,31.563105631295617],[-102.31754244143768,31.564216923655508],[-102.31754694738716,31.56636366467363],[-102.30196296844834,31.56991487768004],[-102.2974171176149,31.555954642324714]]]}},{"type":"Feature","properties":{"ABSTRACT_L":"B42-T5S-S6","ABSTRACT_N":"B42-T5S-S6","LEVEL1_SUR":null,"LEVEL2_BLO":"42 T5S","LEVEL3_SUR":"6","Surv_Sect":"6","SHAPE_AREA":55.378790283177786,"owner_count":0.0,"top_owner":"","top_owner_state":"","top_operator":"","max_propensity_score":0.0,"field_name":"Unknown","production_trend":null},"geometry":{"type":"Polygon","coordinates":[[[-102.31394662728916,31.552064829526444],[-102.31477047582949,31.55187545293566],[-102.3175283953799,31.551216664216863],[-102.31754124039014,31.563105631295617],[-102.31394662728916,31.552064829526444]]]}},{"type":"Feature","properties":{"ABSTRACT_L":"B42-T5S-S7","ABSTRACT_N":"B42-T5S-S7","LEVEL1_SUR":null,"LEVEL2_BLO":"42 T5S","LEVEL3_SUR":"7","Surv_Sect":"7","SHAPE_AREA":197.40594862391782,"owner_count":0.0,"top_owner":"","top_owner_state":"","top_operator":"","max_propensity_score":0.0,"field_name":"Unknown","production_trend":null},"geometry":{"type":"Polygon","coordinates":[[[-102.31002454053787,31.537463925691856],[-102.31703936152238,31.53590105353603],[-102.31752686015906,31.54979460463028],[-102.3175283953799,31.551216664216863],[-102.31477047582949,31.55187545293566],[-102.31002454053787,31.537463925691856]]]}},{"type":"Feature","properties":{"ABSTRACT_L":"B42-T5S-S8","ABSTRACT_N":"B42-T5S-S8","LEVEL1_SUR":null,"LEVEL2_BLO":"42 T5S","LEVEL3_SUR":"8","Surv_Sect":"8","SHAPE_AREA":674.8782752724134,"owner_count":0.0,"top_owner":"","top_owner_state":"","top_operator":"","max_propensity_score":0.0,"field_name":"Unknown","production_trend":null},"geometry":{"type":"Polygon","coordinates":[[[-102.29335420197654,31.54125006607904],[-102.30930321851756,31.53762460963765],[-102.31002454053787,31.537463925691856],[-102.31477047582949,31.55187545293566],[-102.31394662728916,31.552064829526444],[-102.29814186491141,31.55579466738691],[-102.29335420197654,31.54125006607904]]]}},{"type":"Feature","properties":{"ABSTRACT_L":"B42-T5S-S9","ABSTRACT_N":"B42-T5S-S9","LEVEL1_SUR":null,"LEVEL2_BLO":"42 T5S","LEVEL3_SUR":"9","Surv_Sect":"9","SHAPE_AREA":740.4091122861698,"owner_count":0.0,"top_owner":"","top_owner_state":"","top_operator":"","max_propensity_score":0.0,"field_name":"Unknown","production_trend":null},"geometry":{"type":"Polygon","coordinates":[[[-102.27534497838313,31.545296880887612],[-102.29335420197654,31.54125006607904],[-102.29814186491141,31.55579466738691],[-102.2974171176149,31.555954642324714],[-102.27994827378404,31.560053123282092],[-102.27534497838313,31.545296880887612]]]}},{"type":"Feature","properties":{"ABSTRACT_L":"A-11","ABSTRACT_N":"11","LEVEL1_SUR":"BLK A SEC 1 A-11","LEVEL2_BLO":"A","LEVEL3_SUR":"1","Surv_Sect":"1","SHAPE_AREA":703.322518974103,"owner_count":1050.0,"top_owner":"COBALT ENERGY LLC","top_owner_state":"NV","top_operator":"PIONEER NATURAL RES","max_propensity_score":10.0,"field_name":"Unknown","production_trend":null},"geometry":{"type":"Polygon","coordinates":[[[-101.81053067110167,31.426194284166332],[-101.80901639270533,31.421176320526644],[-101.80901542611808,31.42117311543599],[-101.80651172979307,31.412695449860397],[-101.81462558383215,31.41085329790385],[-101.82273191987062,31.409012255204182],[-101.82315292880325,31.410442962694372],[-101.82403334335869,31.413303104755226],[-101.82505903795348,31.416570352727636],[-101.82533256238108,31.41745416445765],[-101.82601300297112,31.419652734108205],[-101.82686449357108,31.42260366966374],[-101.82745812546364,31.42450360396031],[-101.82201202976486,31.425754171316452],[-101.81989574807581,31.426235357100474],[-101.8111470519305,31.428224144198715],[-101.81053067110167,31.426194284166332]]]}},{"type":"Feature","properties":{"ABSTRACT_L":"A-589","ABSTRACT_N":"589","LEVEL1_SUR":"EL&RR","LEVEL2_BLO":"A","LEVEL3_SUR":"10","Surv_Sect":"10","SHAPE_AREA":1303.994487306381,"owner_count":96.0,"top_owner":"COWDEN JENNIFER","top_owner_state":"WY","top_operator":"DIAMONDBACK E&P LLC","max_propensity_score":6.0,"field_name":"Unknown","production_trend":null},"geometry":{"type":"MultiPolygon","coordinates":[[[[-101.92663150760299,31.307021929153123],[-101.9337203192242,31.307104476254477],[-101.9436418656859,31.30712552997126],[-101.94342953808871,31.319912433789938],[-101.94340988474693,31.321360223675207],[-101.94340980210193,31.32136626464297],[-101.9264393561671,31.32161276219664],[-101.92663150760299,31.307021929153123]]],[[[-101.85300961586061,31.44869645152847],[-101.86902472864361,31.44486683416851],[-101.87005600716618,31.444626119646347],[-101.87468554774642,31.45865765565859],[-101.87330784291768,31.458986041293638],[-101.85775234596329,31.46256260058914],[-101.8572854897135,31.46120067692026],[-101.85300961586061,31.44869645152847]]]]}},{"type":"Feature","properties":{"ABSTRACT_L":"A-829","ABSTRACT_N":"829","LEVEL1_SUR":"G RR","LEVEL2_BLO":"A","LEVEL3_SUR":"11","Surv_Sect":"11","SHAPE_AREA":627.9660826659181,"owner_count":89.0,"top_owner":"SANDY CREEK MINERALS LLC","top_owner_state":"CO","top_operator":"DIAMONDBACK E&P LLC","max_propensity_score":8.0,"field_name":"Unknown","production_trend":null},"geometry":{"type":"Polygon","coordinates":[[[-101.96083906705968,31.29299955097372],[-101.96057081394616,31.307314717717627],[-101.96054431005204,31.30731442222483],[-101.94381082801107,31.307134364072894],[-101.9439801541539,31.293898953172107],[-101.94401541931703,31.292796869452115],[-101.96083906705968,31.29299955097372]]]}},{"type":"Feature","properties":{"ABSTRACT_L":"A-829","ABSTRACT_N":"829","LEVEL1_SUR":"GEORGETOWN RR","LEVEL2_BLO":"A","LEVEL3_SUR":"12","Surv_Sect":"12","SHAPE_AREA":647.1767142174034,"owner_count":89.0,"top_owner":"SANDY CREEK MINERALS LLC","top_owner_state":"CO","top_operator":"DIAMONDBACK E&P LLC","max_propensity_score":8.0,"field_name":"Unknown","production_trend":null},"geometry":{"type":"Polygon","coordinates":[[[-101.94401541931703,31.292796869452115],[-101.94418021974745,31.2910086374108],[-101.944211713783,31.287651828476392],[-101.94426558305565,31.281216761315438],[-101.94436579371886,31.27798750377086],[-101.9610583431256,31.278140627309806],[-101.96083906705968,31.29299955097372],[-101.94401541931703,31.292796869452115]]]}},{"type":"Feature","properties":{"ABSTRACT_L":"BA--S13","ABSTRACT_N":"BA--S13","LEVEL1_SUR":null,"LEVEL2_BLO":"A","LEVEL3_SUR":"13","Surv_Sect":"13","SHAPE_AREA":653.582959621096,"owner_count":3.0,"top_owner":"DIAMONDBACK E & P LLC","top_owner_state":"OK","top_operator":"DIAMONDBACK E&P LLC","max_propensity_score":6.0,"field_name":"Unknown","production_trend":null},"geometry":{"type":"Polygon","coordinates":[[[-101.96083906705968,31.29299955097372],[-101.9610583431256,31.278140627309806],[-101.97799476177578,31.27832843754677],[-101.97797118728778,31.279336407924614],[-101.9778664877431,31.292986406836786],[-101.96083906705968,31.29299955097372]]]}},{"type":"Feature","properties":{"ABSTRACT_L":"A-682","ABSTRACT_N":"682","LEVEL1_SUR":"G RR CO","LEVEL2_BLO":"A","LEVEL3_SUR":"14","Surv_Sect":"14","SHAPE_AREA":640.339946540278,"owner_count":34.0,"top_owner":"DIAMONDBACK E & P LLC","top_owner_state":"OK","top_operator":"DIAMONDBACK E&P LLC","max_propensity_score":6.0,"field_name":"Unknown","production_trend":null},"geometry":{"type":"Polygon","coordinates":[[[-101.9778664877431,31.292986406836786],[-101.97779216293313,31.29412432858518],[-101.97765645983304,31.30750402251351],[-101.96057081394616,31.307314717717627],[-101.96083906705968,31.29299955097372],[-101.9778664877431,31.292986406836786]]]}},{"type":"Feature","properties":{"ABSTRACT_L":"A-720","ABSTRACT_N":"720","LEVEL1_SUR":"CCSD","LEVEL2_BLO":"A","LEVEL3_SUR":"2","Surv_Sect":"2","SHAPE_AREA":635.3229561992144,"owner_count":471.0,"top_owner":"COBALT ENERGY LLC","top_owner_state":"NV","top_operator":"PIONEER NATURAL RES","max_propensity_score":10.0,"field_name":"Unknown","production_trend":null},"geometry":{"type":"Polygon","coordinates":[[[-101.8135357387463,31.436139916067404],[-101.8111470519305,31.428224144198715],[-101.81989574807581,31.426235357100474],[-101.82201202976486,31.425754171316452],[-101.82745812546364,31.42450360396031],[-101.82780645080831,31.425618398832256],[-101.82888323349162,31.429146846630985],[-101.8297746470194,31.432114817720453],[-101.83072481575667,31.435223861072892],[-101.83168931441935,31.438411685267827],[-101.81529676818153,31.442249747897876],[-101.8135357387463,31.436139916067404]]]}},{"type":"Feature","properties":{"ABSTRACT_L":"A-12","ABSTRACT_N":"12","LEVEL1_SUR":"CCSD","LEVEL2_BLO":"A","LEVEL3_SUR":"3","Surv_Sect":"3","SHAPE_AREA":886.2274747080183,"owner_count":91.0,"top_owner":"COBALT ENERGY LLC","top_owner_state":"NV","top_operator":"PIONEER NATURAL RES","max_propensity_score":10.0,"field_name":"Unknown","production_trend":null},"geometry":{"type":"MultiPolygon","coordinates":[[[[-101.99697448298133,31.088213535355788],[-101.98017934237588,31.08814758920804],[-101.98020671583923,31.086032837851125],[-101.98023883061063,31.082554831953207],[-101.99701932688032,31.082768144045158],[-101.99697448298133,31.088213535355788]]],[[[-101.81664640155596,31.4467550638227],[-101.81529676818153,31.442249747897876],[-101.83168931441935,31.438411685267827],[-101.83261433841349,31.44137772518381],[-101.83360407614241,31.44468462146814],[-101.83485131954075,31.448785723190518],[-101.83555306996597,31.451133720978934],[-101.8357314394488,31.451711273432515],[-101.83585099802659,31.452020722060503],[-101.83591704486122,31.452223458161455],[-101.83595798198702,31.452422273283638],[-101.8359670558697,31.4525529269543],[-101.82904397084202,31.454060261540402],[-101.81955605015112,31.456317045832932],[-101.81955440264088,31.45631743817718],[-101.81742375958538,31.44930986678637],[-101.81664640155596,31.4467550638227]]]]}},{"type":"Feature","properties":{"ABSTRACT_L":"A-686","ABSTRACT_N":"686","LEVEL1_SUR":"BLK A SEC 4 A-686","LEVEL2_BLO":"A","LEVEL3_SUR":"4","Surv_Sect":"4","SHAPE_AREA":1296.7322757614184,"owner_count":333.0,"top_owner":"ESSEX DAVID TRUST","top_owner_state":"NE","top_operator":"PIONEER NATURAL RES","max_propensity_score":7.0,"field_name":"Unknown","production_trend":null},"geometry":{"type":"MultiPolygon","coordinates":[[[[-101.99687385190657,31.102599301484997],[-101.98008444884086,31.102624007439235],[-101.98008363406888,31.100962273864923],[-101.98017934237588,31.08814758920804],[-101.99697448298133,31.088213535355788],[-101.99687385190657,31.102599301484997]]],[[[-101.83617644687422,31.452262360937034],[-101.83613681230558,31.452102317274758],[-101.834042986702,31.445464070033506],[-101.83379318947601,31.444642683695914],[-101.83280329454193,31.441335283160154],[-101.83187773515189,31.438367541927832],[-101.84056641125977,31.436318356765863],[-101.8485804750472,31.434453709004202],[-101.84933918764459,31.436796645542167],[-101.85153415546432,31.443922431084342],[-101.852937446109,31.448514731382268],[-101.85300961586061,31.44869645152847],[-101.8453620233866,31.450423120576197],[-101.84034135094177,31.451556394701612],[-101.83618658256559,31.452502919433385],[-101.83619537258063,31.452368869320143],[-101.83617644687422,31.452262360937034]]]]}},{"type":"Feature","properties":{"ABSTRACT_L":"A-13","ABSTRACT_N":"13","LEVEL1_SUR":"CCSD","LEVEL2_BLO":"A","LEVEL3_SUR":"5","Surv_Sect":"5","SHAPE_AREA":1936.7875456246393,"owner_count":112.0,"top_owner":"HHB LP","top_owner_state":"CA","top_operator":"PIONEER NATURAL RES","max_propensity_score":7.0,"field_name":"Unknown","production_trend":null},"geometry":{"type":"MultiPolygon","coordinates":[[[[-101.97996306219144,31.115744437682675],[-101.98008444884086,31.102624007439235],[-101.99687385190657,31.102599301484997],[-101.99678865927828,31.11722827411659],[-101.98556108725927,31.117193301186173],[-101.97997749003324,31.117175542853865],[-101.97996306219144,31.115744437682675]]],[[[-101.9264393561671,31.32161276219664],[-101.92062180530168,31.32161695602294],[-101.90935779671645,31.32154321602057],[-101.90950342081052,31.306835399500233],[-101.92663150760299,31.307021929153123],[-101.9264393561671,31.32161276219664]]],[[[-101.83583046074256,31.422580565149932],[-101.84416700085234,31.420665113699158],[-101.8452526669755,31.424097273948767],[-101.84631360607213,31.42745104402801],[-101.84745979079766,31.43099280066528],[-101.8485804750472,31.434453709004202],[-101.84056641125977,31.436318356765863],[-101.83187773515189,31.438367541927832],[-101.83081989344635,31.434890734289052],[-101.82979576371679,31.43140603993015],[-101.82867498514415,31.42784037166592],[-101.8276467716733,31.42446028042039],[-101.83583046074256,31.422580565149932]]]]}},{"type":"Feature","properties":{"ABSTRACT_L":"A-877","ABSTRACT_N":"877","LEVEL1_SUR":"EL&RR","LEVEL2_BLO":"A","LEVEL3_SUR":"6","Surv_Sect":"6","SHAPE_AREA":2058.1482041428285,"owner_count":1007.0,"top_owner":"BROADMOOR LAND & MINERALS LLC","top_owner_state":"MS","top_operator":"SEM OPERATING CO LLC","max_propensity_score":9.0,"field_name":"Unknown","production_trend":null},"geometry":{"type":"MultiPolygon","coordinates":[[[[-101.97970584937278,31.132697042231953],[-101.97970993580901,31.1309811760436],[-101.97982287380316,31.125157168802694],[-101.97997749003324,31.117175542853865],[-101.98556108725927,31.117193301186173],[-101.99678865927828,31.11722827411659],[-101.99672508011575,31.125156258313798],[-101.99664759143934,31.132368872642047],[-101.99664194013788,31.132894689304344],[-101.98549299945233,31.13276482979322],[-101.97970584937278,31.132697042231953]]],[[[-101.90932416199558,31.292315765557316],[-101.90999644408623,31.292321918927332],[-101.9269016885011,31.292480410287908],[-101.92663150760299,31.307021929153123],[-101.90950342081052,31.306835399500233],[-101.90947704447717,31.30469823054219],[-101.90932416199558,31.292315765557316]]],[[[-101.83085801345543,31.407176300231725],[-101.83578911937487,31.40607689405077],[-101.83947865385868,31.405276150680443],[-101.84050005270974,31.40858516748792],[-101.84155823667341,31.412073047410026],[-101.84246711075536,31.415061475275518],[-101.84371570881318,31.419246143133396],[-101.84416700085234,31.420665113699158],[-101.83583046074256,31.422580565149932],[-101.8276467716733,31.42446028042039],[-101.82292068645452,31.408969376852728],[-101.8284868518725,31.40770488103678],[-101.83085801345543,31.407176300231725]]]]}},{"type":"Feature","properties":{"ABSTRACT_L":"A-14","ABSTRACT_N":"14","LEVEL1_SUR":"BLK A SEC 7 A-14","LEVEL2_BLO":"A","LEVEL3_SUR":"7","Surv_Sect":"7","SHAPE_AREA":699.2675614626995,"owner_count":1887.0,"top_owner":"BROADMOOR LAND & MINERALS LLC","top_owner_state":"MS","top_operator":"PIONEER NATURAL RES","max_propensity_score":10.0,"field_name":"Unknown","production_trend":null},"geometry":{"type":"Polygon","coordinates":[[[-101.84699878707194,31.403648602299125],[-101.85070181694624,31.402848243045458],[-101.85590825200869,31.401722733749214],[-101.85697926121966,31.404971825818237],[-101.86080841905142,31.416586587487487],[-101.8518266927349,31.418788809643967],[-101.84424417961,31.420647377897406],[-101.84416700085234,31.420665113699158],[-101.84371570881318,31.419246143133396],[-101.84246711075536,31.415061475275518],[-101.84155823667341,31.412073047410026],[-101.84050005270974,31.40858516748792],[-101.83947865385868,31.405276150680443],[-101.8420441830213,31.40471928036287],[-101.84699878707194,31.403648602299125]]]}},{"type":"Feature","properties":{"ABSTRACT_L":"A-876","ABSTRACT_N":"876","LEVEL1_SUR":"ELRR","LEVEL2_BLO":"A","LEVEL3_SUR":"8","Surv_Sect":"8","SHAPE_AREA":1297.1082016807427,"owner_count":714.0,"top_owner":"ARETE ACQUISITIONS LLC","top_owner_state":"OK","top_operator":"SAXUM OPCO LLC","max_propensity_score":9.0,"field_name":"Unknown","production_trend":null},"geometry":{"type":"MultiPolygon","coordinates":[[[[-101.92699645896695,31.277683659788526],[-101.94382644432397,31.277978310699936],[-101.94362023425386,31.29265956990842],[-101.9269016885011,31.292480410287908],[-101.92699645896695,31.277683659788526]]],[[[-101.86542007776765,31.43057143919462],[-101.85746679938224,31.43237051482865],[-101.8485804750472,31.434453709004202],[-101.84745979079766,31.43099280066528],[-101.84631360607213,31.42745104402801],[-101.8452526669755,31.424097273948767],[-101.84416700085234,31.420665113699158],[-101.84424417961,31.420647377897406],[-101.8518266927349,31.418788809643967],[-101.86080841905142,31.416586587487487],[-101.86542007776765,31.43057143919462]]]]}},{"type":"Feature","properties":{"ABSTRACT_L":"A-548","ABSTRACT_N":"548","LEVEL1_SUR":"EL&RR","LEVEL2_BLO":"A","LEVEL3_SUR":"9","Surv_Sect":"9","SHAPE_AREA":1311.76664113035,"owner_count":552.0,"top_owner":"ARETE ACQUISITIONS LLC","top_owner_state":"OK","top_operator":"SAXUM OPCO LLC","max_propensity_score":8.0,"field_name":"Unknown","production_trend":null},"geometry":{"type":"MultiPolygon","coordinates":[[[[-101.94371534518119,31.299007446364296],[-101.9436452334699,31.303603658417003],[-101.9436418656859,31.30712552997126],[-101.9337203192242,31.307104476254477],[-101.92663150760299,31.307021929153123],[-101.9269016885011,31.292480410287908],[-101.94362023425386,31.29265956990842],[-101.94371534518119,31.299007446364296]]],[[[-101.85153415546432,31.443922431084342],[-101.84933918764459,31.436796645542167],[-101.8485804750472,31.434453709004202],[-101.85746679938224,31.43237051482865],[-101.86542007776765,31.43057143919462],[-101.8675663524074,31.437078742678214],[-101.86824930289035,31.439149210523322],[-101.86897477422896,31.4413485031356],[-101.87005600716618,31.444626119646347],[-101.86902472864361,31.44486683416851],[-101.85300961586061,31.44869645152847],[-101.852937446109,31.448514731382268],[-101.85153415546432,31.443922431084342]]]]}},{"type":"Feature","properties":{"ABSTRACT_L":"BAB--S1","ABSTRACT_N":"BAB--S1","LEVEL1_SUR":null,"LEVEL2_BLO":"AB","LEVEL3_SUR":"1","Surv_Sect":"1","SHAPE_AREA":597.6247955222925,"owner_count":0.0,"top_owner":"","top_owner_state":"","top_operator":"","max_propensity_score":0.0,"field_name":"Unknown","production_trend":null},"geometry":{"type":"Polygon","coordinates":[[[-102.09056735540425,31.12900082440549],[-102.08706288105552,31.128911643897275],[-102.08711294955619,31.12713901405255],[-102.09371172569831,31.127304660983526],[-102.09479421897187,31.12732370238006],[-102.11432958141832,31.127665775550355],[-102.11415653714852,31.135752578524556],[-102.12542176384927,31.135841575752885],[-102.12664141998525,31.135851090981404],[-102.12667015259962,31.136999282565878],[-102.12542178181558,31.13699367883697],[-102.11411386088432,31.136942494048508],[-102.10964477019358,31.136921989830782],[-102.08693310414137,31.136815395815027],[-102.08696320938148,31.13306492669343],[-102.09055984099689,31.133174631397402],[-102.09735733256471,31.133266727518727],[-102.09751255875088,31.12908584782052],[-102.09056735540425,31.12900082440549]]]}},{"type":"Feature","properties":{"ABSTRACT_L":"BAB--S2","ABSTRACT_N":"BAB--S2","LEVEL1_SUR":null,"LEVEL2_BLO":"AB","LEVEL3_SUR":"2","Surv_Sect":"2","SHAPE_AREA":1330.601798040274,"owner_count":0.0,"top_owner":"","top_owner_state":"","top_operator":"","max_propensity_score":0.0,"field_name":"Unknown","production_trend":null},"geometry":{"type":"MultiPolygon","coordinates":[[[[-102.11168814281754,31.084168084558996],[-102.11327109023082,31.08418669763028],[-102.11692218221036,31.084229555224727],[-102.11693106026031,31.085425444952833],[-102.11693613484334,31.086109010370002],[-102.11695627327539,31.08882186127421],[-102.11541245737419,31.08883614464941],[-102.11172228598485,31.08880171438023],[-102.1077131839236,31.088764187711273],[-102.0991078346431,31.088683218493326],[-102.09923556070348,31.08402097931373],[-102.10774593560052,31.08412164418397],[-102.11168814281754,31.084168084558996]]],[[[-102.0817652660934,31.12000110236249],[-102.06484858253171,31.119845365567194],[-102.0648495104914,31.11759206181322],[-102.07021609899934,31.117589332435887],[-102.07401133285272,31.11758726752231],[-102.08181136673548,31.117582674723707],[-102.0817652660934,31.12000110236249]]],[[[-102.12667015259962,31.136999282565878],[-102.12669557851541,31.147832751163886],[-102.12542194530896,31.147830310960373],[-102.11695757313761,31.147813759244375],[-102.11402496270547,31.14780426751166],[-102.11395272198696,31.147804032255706],[-102.0999736102527,31.14775786210464],[-102.09618565904131,31.147756747328977],[-102.09615103886858,31.142839411359688],[-102.08676185470549,31.14278291388983],[-102.08693310414137,31.136815395815027],[-102.10964477019358,31.136921989830782],[-102.11411386088432,31.136942494048508],[-102.12542178181558,31.13699367883697],[-102.12667015259962,31.136999282565878]]]]}},{"type":"Feature","properties":{"ABSTRACT_L":"BAB--S3","ABSTRACT_N":"BAB--S3","LEVEL1_SUR":null,"LEVEL2_BLO":"AB","LEVEL3_SUR":"3","Surv_Sect":"3","SHAPE_AREA":806.4626707211938,"owner_count":0.0,"top_owner":"","top_owner_state":"","top_operator":"","max_propensity_score":0.0,"field_name":"Unknown","production_trend":null},"geometry":{"type":"Polygon","coordinates":[[[-102.13083847116354,31.121414022833086],[-102.12542169917057,31.12137528706946],[-102.11549254038515,31.121303643937164],[-102.11549349888755,31.117901402269254],[-102.11695809865206,31.11792856597922],[-102.11697728397156,31.110487365325607],[-102.12542149525301,31.110500767885455],[-102.1448901344334,31.110530554079592],[-102.14475177860828,31.121491328203774],[-102.13083847116354,31.121414022833086]]]}},{"type":"Feature","properties":{"ABSTRACT_L":"BAB--S4","ABSTRACT_N":"BAB--S4","LEVEL1_SUR":null,"LEVEL2_BLO":"AB","LEVEL3_SUR":"4","Surv_Sect":"4","SHAPE_AREA":1125.7053207456772,"owner_count":0.0,"top_owner":"","top_owner_state":"","top_operator":"","max_propensity_score":0.0,"field_name":"Unknown","production_trend":null},"geometry":{"type":"Polygon","coordinates":[[[-102.11691657582467,31.095083117243494],[-102.11979475913037,31.09509412272554],[-102.1254213892518,31.09511544983386],[-102.12584623668563,31.095117071386213],[-102.12633497769238,31.09511893447907],[-102.13320431471998,31.095144929312788],[-102.13511626741114,31.095152100141],[-102.14066801307217,31.095172759538727],[-102.14503573606959,31.09518884428093],[-102.14501307067667,31.09757788672218],[-102.14493387340458,31.10592345603565],[-102.1448901344334,31.110530554079592],[-102.12542149525301,31.110500767885455],[-102.11697728397156,31.110487365325607],[-102.11693557159967,31.099898151974692],[-102.11691657582467,31.095083117243494]]]}},{"type":"Feature","properties":{"ABSTRACT_L":"BAB--S5","ABSTRACT_N":"BAB--S5","LEVEL1_SUR":null,"LEVEL2_BLO":"AB","LEVEL3_SUR":"5","Surv_Sect":"5","SHAPE_AREA":580.7642998839473,"owner_count":0.0,"top_owner":"","top_owner_state":"","top_operator":"","max_propensity_score":0.0,"field_name":"Unknown","production_trend":null},"geometry":{"type":"Polygon","coordinates":[[[-102.12542114221509,31.084328920484733],[-102.1298332500724,31.08438028751126],[-102.1301032836468,31.084383427123537],[-102.14225355751495,31.093215536855325],[-102.14503573606959,31.09518884428093],[-102.14066801307217,31.095172759538727],[-102.13511626741114,31.095152100141],[-102.13320431471998,31.095144929312788],[-102.12633497769238,31.09511893447907],[-102.12584623668563,31.095117071386213],[-102.1254213892518,31.09511544983386],[-102.11979475913037,31.09509412272554],[-102.11691657582467,31.095083117243494],[-102.11692177707016,31.094262931007528],[-102.11695627327539,31.08882186127421],[-102.11693613484334,31.086109010370002],[-102.11693106026031,31.085425444952833],[-102.11692218221036,31.084229555224727],[-102.12542114221509,31.084328920484733]]]}},{"type":"Feature","properties":{"ABSTRACT_L":"A-178","ABSTRACT_N":"178","LEVEL1_SUR":"GCSF","LEVEL2_BLO":"B","LEVEL3_SUR":"1","Surv_Sect":"1","SHAPE_AREA":1324.9965225193694,"owner_count":1355.0,"top_owner":"BROADMOOR LAND & MINERALS LLC","top_owner_state":"MS","top_operator":"DIAMONDBACK E&P LLC","max_propensity_score":8.0,"field_name":"Unknown","production_trend":null},"geometry":{"type":"MultiPolygon","coordinates":[[[[-101.89494292481429,31.144843521670833],[-101.90982847260284,31.144970111709366],[-101.91187256926891,31.144987262842868],[-101.91171094348468,31.159842841651358],[-101.89460350716396,31.159936636860184],[-101.89494292481429,31.144843521670833]]],[[[-101.89357457144764,31.21722108683305],[-101.89389174770984,31.2040260921835],[-101.91089703300634,31.204209782416683],[-101.9105896241262,31.219011363230425],[-101.89359461196331,31.218879041263598],[-101.89357457144764,31.21722108683305]]]]}},{"type":"Feature","properties":{"ABSTRACT_L":"BB--S10","ABSTRACT_N":"BB--S10","LEVEL1_SUR":null,"LEVEL2_BLO":"B","LEVEL3_SUR":"10","Surv_Sect":"10","SHAPE_AREA":1285.696744878451,"owner_count":0.0,"top_owner":"","top_owner_state":"","top_operator":"","max_propensity_score":0.0,"field_name":"Unknown","production_trend":null},"geometry":{"type":"MultiPolygon","coordinates":[[[[-101.94580052899173,31.130711712097348],[-101.95453469668394,31.130749029184013],[-101.96297840311219,31.130833502003334],[-101.96288616230218,31.133633850841512],[-101.96248418328052,31.145835110669164],[-101.94544479703754,31.14553849237954],[-101.94567381353608,31.138064154967033],[-101.94568712567028,31.137291883176783],[-101.94572446414506,31.135125727954936],[-101.94580052899173,31.130711712097348]]],[[[-101.97865979176714,31.20015909909175],[-101.97865542146329,31.20016148877059],[-101.97520953523737,31.20204533759181],[-101.97239047994199,31.203628440446927],[-101.96974495041341,31.20503596146148],[-101.96181425387763,31.20508871530683],[-101.96202632814989,31.190451298981174],[-101.97874495564933,31.190339454310873],[-101.97865979176714,31.20015909909175]]],[[[-101.97861233916058,31.204883553017527],[-101.97422936815951,31.204973846054834],[-101.97422855248922,31.204973862958457],[-101.97422773681895,31.204973879862077],[-101.97339839328404,31.204990964810822],[-101.97339192541398,31.204991099271403],[-101.97338978922024,31.204991142298777],[-101.97338759104274,31.20499118225277],[-101.9733722244615,31.20499151187333],[-101.97157143379518,31.205030158913207],[-101.97157442788001,31.205028502359372],[-101.97288095469723,31.204305681992146],[-101.97302244923596,31.204227399971714],[-101.97436219126078,31.203505393321123],[-101.97585731038873,31.202699618669687],[-101.9766997037498,31.20223416437408],[-101.97864632691935,31.201158540511265],[-101.97861233916058,31.204883553017527]]]]}},{"type":"Feature","properties":{"ABSTRACT_L":"A-16","ABSTRACT_N":"16","LEVEL1_SUR":"CCSD","LEVEL2_BLO":"B","LEVEL3_SUR":"11","Surv_Sect":"11","SHAPE_AREA":1899.9579482360696,"owner_count":20.0,"top_owner":"DOHERTY J PATRICK TRUST","top_owner_state":"TX","top_operator":"PIONEER NATURAL RES","max_propensity_score":4.0,"field_name":"Unknown","production_trend":null},"geometry":{"type":"MultiPolygon","coordinates":[[[[-101.96310097913103,31.12515656744935],[-101.96297840311219,31.130833502003334],[-101.95453469668394,31.130749029184013],[-101.94580052899173,31.130711712097348],[-101.94595060872963,31.125157509467012],[-101.94623874874691,31.115644178552536],[-101.96330443496646,31.115707838390335],[-101.96310097913103,31.12515656744935]]],[[[-101.99576682743924,31.192272475067647],[-101.99575780476053,31.192990305654323],[-101.99560995284453,31.203693093082943],[-101.99559364213393,31.20487357756634],[-101.97861233916058,31.204883553017527],[-101.97864632691935,31.201158540511265],[-101.97916660777571,31.200871043994407],[-101.98219540531689,31.1992643406857],[-101.98481894408731,31.19775885057595],[-101.99165505602582,31.19408136956229],[-101.9927220291062,31.19345930182861],[-101.99353136626144,31.19300396012972],[-101.9936966374091,31.192910976102638],[-101.99396326996182,31.192762060689994],[-101.99474747584868,31.19232407336662],[-101.9957731614603,31.191768619803284],[-101.99576682743924,31.192272475067647]]],[[[-101.99565415804135,31.190865375090304],[-101.9939663772344,31.19178651093917],[-101.99211358489292,31.19271734790561],[-101.99091371504937,31.193393211362903],[-101.9896080299536,31.194118306681688],[-101.98787817116043,31.195109964741892],[-101.98608708499411,31.196096779826],[-101.98418150315496,31.197176899572167],[-101.98154780893026,31.198628373667358],[-101.97865979176714,31.20015909909175],[-101.97874495564933,31.190339454310873],[-101.99579248781532,31.19023068644684],[-101.99578620679485,31.190795284507825],[-101.99565415804135,31.190865375090304]]],[[[-101.88621386853603,31.44077369881203],[-101.88750591451087,31.445182097001815],[-101.88730611481864,31.445369094821018],[-101.88703662921655,31.445627096310087],[-101.88691450774526,31.445847650858124],[-101.88680826040334,31.446013372597935],[-101.88659675206969,31.446529213443863],[-101.88602415782275,31.44814562966686],[-101.88565365666699,31.449431497918816],[-101.8854494112124,31.44980491985104],[-101.88514646246767,31.450152477594443],[-101.8839422160321,31.451363817264617],[-101.88186172771552,31.453568771361386],[-101.87948331493163,31.45598704007666],[-101.87757952792641,31.457905554446537],[-101.87468554774642,31.45865765565859],[-101.87005600716618,31.444626119646347],[-101.8755092399799,31.443353101640145],[-101.88435542309647,31.441216375340694],[-101.88621386853603,31.44077369881203]]],[[[-101.88530365326935,31.4502600666265],[-101.88562273036669,31.449894003467502],[-101.88584225077436,31.44949265292023],[-101.88627351846753,31.448229669124043],[-101.88678895381126,31.44658016373181],[-101.88699242042648,31.446083935625456],[-101.88709355815105,31.445926183620617],[-101.88720577749297,31.445723511296556],[-101.88745512017144,31.445484793111433],[-101.8875813235874,31.44536667687033],[-101.88771199791853,31.44576555434605],[-101.88805783223492,31.44682119664421],[-101.88828969729123,31.447528939754154],[-101.89068573412267,31.45483308858737],[-101.87818862790986,31.45776279939968],[-101.87963702565989,31.4560981343563],[-101.88201675627231,31.453678522853302],[-101.88409690502569,31.451473925387727],[-101.88530365326935,31.4502600666265]]]]}},{"type":"Feature","properties":{"ABSTRACT_L":"A-1497","ABSTRACT_N":"1497","LEVEL1_SUR":"CCSD","LEVEL2_BLO":"B","LEVEL3_SUR":"12","Surv_Sect":"12","SHAPE_AREA":1928.011752008588,"owner_count":713.0,"top_owner":"BROADMOOR LAND & MINERALS LLC","top_owner_state":"MS","top_operator":"PIONEER NATURAL RES","max_propensity_score":10.0,"field_name":"Unknown","production_trend":null},"geometry":{"type":"MultiPolygon","coordinates":[[[[-101.94623874874691,31.115644178552536],[-101.9463245118054,31.10079740168776],[-101.95446826177711,31.100822424248328],[-101.96338885234864,31.100849242093968],[-101.96330443496646,31.115707838390335],[-101.94623874874691,31.115644178552536]]],[[[-101.99592441080469,31.18194844789412],[-101.99578573697596,31.189844495314333],[-101.99579248781532,31.19023068644684],[-101.97874495564933,31.190339454310873],[-101.97906470468651,31.176026294271395],[-101.99602600307679,31.17616294872023],[-101.99592441080469,31.18194844789412]]],[[[-101.86542007776765,31.43057143919462],[-101.87091625544183,31.429327837049275],[-101.88173706850355,31.426912775830637],[-101.8855556396897,31.438735940245518],[-101.88621386853603,31.44077369881203],[-101.88435542309647,31.441216375340694],[-101.8755092399799,31.443353101640145],[-101.87005600716618,31.444626119646347],[-101.86897477422896,31.4413485031356],[-101.86824930289035,31.439149210523322],[-101.8675663524074,31.437078742678214],[-101.86542007776765,31.43057143919462]]]]}},{"type":"Feature","properties":{"ABSTRACT_L":"A-17","ABSTRACT_N":"17","LEVEL1_SUR":"CCSD","LEVEL2_BLO":"B","LEVEL3_SUR":"13","Surv_Sect":"13","SHAPE_AREA":1981.1792744482084,"owner_count":59.0,"top_owner":"SOUTHERN ROYALTIES LLC","top_owner_state":"LA","top_operator":"PIONEER NATURAL RES","max_propensity_score":9.0,"field_name":"Unknown","production_trend":null},"geometry":{"type":"MultiPolygon","coordinates":[[[[-101.95448607806414,31.0860017076805],[-101.96348364437407,31.08599113426746],[-101.96338885234864,31.100849242093968],[-101.95446826177711,31.100822424248328],[-101.9463245118054,31.10079740168776],[-101.94647912534052,31.08600827298163],[-101.95448607806414,31.0860017076805]]],[[[-102.01251075149706,31.219903180738516],[-102.00041931368679,31.219935247984765],[-101.99556661452196,31.21994173717969],[-101.99559364213393,31.20487357756634],[-102.01273126993301,31.204629268964148],[-102.01259951313199,31.212242492380266],[-102.01251075149706,31.219903180738516]]],[[[-101.88173706850355,31.426912775830637],[-101.87091625544183,31.429327837049275],[-101.86542007776765,31.43057143919462],[-101.86080841905142,31.416586587487487],[-101.86408241893594,31.415783650019474],[-101.86755589332255,31.414931684703074],[-101.87282847672924,31.413668281213873],[-101.87712780559421,31.41263789789341],[-101.87929161714494,31.41933969824122],[-101.88173706850355,31.426912775830637]]]]}},{"type":"Feature","properties":{"ABSTRACT_L":"A-607","ABSTRACT_N":"607","LEVEL1_SUR":"CCSD&RG","LEVEL2_BLO":"B","LEVEL3_SUR":"14","Surv_Sect":"14","SHAPE_AREA":1513.8079353558417,"owner_count":1841.0,"top_owner":"JUBILEE ROYALTY HOLDINGS LLC","top_owner_state":"NY","top_operator":"PIONEER NAT RES USA","max_propensity_score":10.0,"field_name":"Unknown","production_trend":null},"geometry":{"type":"MultiPolygon","coordinates":[[[[-101.95446324827951,31.08222293004337],[-101.96351340196618,31.08234005148033],[-101.96348364437407,31.08599113426746],[-101.95448607806414,31.0860017076805],[-101.94647912534052,31.08600827298163],[-101.94648184454087,31.08211911347361],[-101.95446324827951,31.08222293004337]]],[[[-101.97834396118122,31.219888442338963],[-101.97834694089302,31.219721884820956],[-101.9784000358179,31.21657923973368],[-101.97861233916058,31.204883553017527],[-101.99559364213393,31.20487357756634],[-101.99556661452196,31.21994173717969],[-101.97834396118122,31.219888442338963]]],[[[-101.86755589332255,31.414931684703074],[-101.86408241893594,31.415783650019474],[-101.86080841905142,31.416586587487487],[-101.85697926121966,31.404971825818237],[-101.85590825200869,31.401722733749214],[-101.85939428214802,31.400969000241986],[-101.86364924052616,31.400048866055077],[-101.86836925942181,31.39900972086902],[-101.8724094943959,31.398120075848407],[-101.87712780559421,31.41263789789341],[-101.87282847672924,31.413668281213873],[-101.86755589332255,31.414931684703074]]]]}},{"type":"Feature","properties":{"ABSTRACT_L":"BB--S15","ABSTRACT_N":"BB--S15","LEVEL1_SUR":null,"LEVEL2_BLO":"B","LEVEL3_SUR":"15","Surv_Sect":"15","SHAPE_AREA":1296.1263087773264,"owner_count":0.0,"top_owner":"","top_owner_state":"","top_operator":"","max_propensity_score":0.0,"field_name":"Unknown","production_trend":null},"geometry":{"type":"MultiPolygon","coordinates":[[[[-101.99365953159797,31.232917395168542],[-101.99332212886884,31.23269835033125],[-101.99260001633105,31.232173133018158],[-101.99171246016911,31.231437357465676],[-101.99051954418418,31.23040250758915],[-101.9893305205994,31.229392976061646],[-101.98789615812736,31.22819514389017],[-101.98677845179297,31.227272535135167],[-101.98496595248524,31.22574535815104],[-101.98351316915999,31.22451852983331],[-101.98185265222192,31.223145314652477],[-101.97946271225629,31.221072200835266],[-101.97916338731541,31.220794709433722],[-101.97903223508055,31.220669048884435],[-101.97890988723381,31.220551841659386],[-101.97884973963566,31.22050355211744],[-101.97867449269677,31.22039802548923],[-101.97845630898223,31.220283233218158],[-101.97833791551938,31.220233728979427],[-101.97834396118122,31.219888442338963],[-101.99556661452196,31.21994173717969],[-101.99535780113418,31.233930685046516],[-101.99452036377853,31.233428804548097],[-101.99365953159797,31.232917395168542]]],[[[-101.97846056789501,31.22072199220921],[-101.97861496403783,31.220811536475875],[-101.97870589690078,31.22089107924033],[-101.97886701962845,31.22100571098435],[-101.97919789519874,31.2212838486026],[-101.98163377860126,31.223336161914084],[-101.98329579842081,31.224710621856342],[-101.98474753700538,31.225936571191735],[-101.98656129844608,31.227464816674292],[-101.98767950334545,31.228387836820055],[-101.98911228657921,31.2295843537869],[-101.99029919642814,31.230592091971555],[-101.9914934194618,31.231628078140144],[-101.99231551628733,31.23233181836671],[-101.99302875167346,31.232884733193636],[-101.99347407530588,31.23317205940553],[-101.99433020480595,31.233689510920154],[-101.9948201630299,31.23397490058192],[-101.97809541171516,31.234076568429128],[-101.97834129857472,31.220651684831793],[-101.97846056789501,31.22072199220921]]],[[[-101.88925658367592,31.394436299931066],[-101.8907945740025,31.399308987556502],[-101.89165186502422,31.401657243850646],[-101.89417684603156,31.40857446222849],[-101.8879037954182,31.410054557214654],[-101.88546619174191,31.410639019791308],[-101.87712780559421,31.41263789789341],[-101.8724094943959,31.398120075848407],[-101.87508325977048,31.397531241347323],[-101.88669150367093,31.394997098988775],[-101.88925658367592,31.394436299931066]]]]}},{"type":"Feature","properties":{"ABSTRACT_L":"A-608","ABSTRACT_N":"608","LEVEL1_SUR":"CCSD","LEVEL2_BLO":"B","LEVEL3_SUR":"16","Surv_Sect":"16","SHAPE_AREA":1303.794220509632,"owner_count":99.0,"top_owner":"COMPOUND PROPERTIES LLC","top_owner_state":"NM","top_operator":"PIONEER NATURAL RES","max_propensity_score":6.0,"field_name":"Unknown","production_trend":null},"geometry":{"type":"MultiPolygon","coordinates":[[[[-101.99542666598384,31.233971956413523],[-101.99535780113418,31.233930685046516],[-101.99556661452196,31.21994173717969],[-102.00041931368679,31.219935247984765],[-102.01251075149706,31.219903180738516],[-102.01230522324826,31.23404882275978],[-102.00041950951952,31.233995124934758],[-101.99542666598384,31.233971956413523]]],[[[-101.89855419268063,31.422947600453107],[-101.89855475861926,31.422949524544343],[-101.88993608193324,31.424981407994803],[-101.88173706850355,31.426912775830637],[-101.87929161714494,31.41933969824122],[-101.87712780559421,31.41263789789341],[-101.88546619174191,31.410639019791308],[-101.8879037954182,31.410054557214654],[-101.89417684603156,31.40857446222849],[-101.89635690091926,31.415481875319742],[-101.89855419268063,31.422947600453107]]]]}},{"type":"Feature","properties":{"ABSTRACT_L":"A-19","ABSTRACT_N":"19","LEVEL1_SUR":"CCSD","LEVEL2_BLO":"B","LEVEL3_SUR":"17","Surv_Sect":"17","SHAPE_AREA":1277.3932293381386,"owner_count":147.0,"top_owner":"FRANCO-NEVADA TEXAS LP","top_owner_state":"CO","top_operator":"PIONEER NATURAL RES","max_propensity_score":7.0,"field_name":"Unknown","production_trend":null},"geometry":{"type":"MultiPolygon","coordinates":[[[[-102.00818669201233,31.241928012718123],[-102.00806159442251,31.241793901030473],[-102.00764320677388,31.241379387385038],[-102.00713510886939,31.240949798861845],[-102.00645335853565,31.24042848000176],[-102.0062643314403,31.240308860231494],[-102.0058795120372,31.24008459051533],[-102.00516678060596,31.23967032436589],[-102.0042816579801,31.239133395128384],[-102.00324127503211,31.238543057930595],[-102.00117285198813,31.237341828544334],[-101.99735835556011,31.235129585909874],[-101.99542666598384,31.233971956413523],[-102.00041950951952,31.233995124934758],[-102.01230522324826,31.23404882275978],[-102.01210065619682,31.246845895493234],[-102.00978744493288,31.243949555867],[-102.00846738499591,31.242306329937854],[-102.00818669201233,31.241928012718123]]],[[[-102.00692194853394,31.241145490370002],[-102.0074022507669,31.241574038064947],[-102.00776076749848,31.241947799118318],[-102.00791176800954,31.242122664571568],[-102.00820748711286,31.24245449683124],[-102.00954207280797,31.244072934366685],[-102.01211142340381,31.24733294217193],[-102.01207603427319,31.24838530499848],[-102.00041970355561,31.24845593887328],[-101.99511736974333,31.248487662353096],[-101.99534901111912,31.234287956641776],[-101.99718192733663,31.23535052692509],[-102.00099831292171,31.237563868887047],[-102.00306803582788,31.23876585353663],[-102.00410576425422,31.239354685467006],[-102.00498946844021,31.239890756288748],[-102.00570462083117,31.24030643009207],[-102.0060679480411,31.240538645603174],[-102.00624789227061,31.240652437070512],[-102.00692194853394,31.241145490370002]]],[[[-101.88993608193324,31.424981407994803],[-101.89855475861926,31.422949524544343],[-101.9008530758158,31.429925977542158],[-101.90186558404052,31.43299892982107],[-101.90129791795124,31.43359522419533],[-101.89925486422919,31.435690440767964],[-101.89737228195627,31.43765537771922],[-101.89657796103931,31.43848169068383],[-101.88621386853603,31.44077369881203],[-101.8855556396897,31.438735940245518],[-101.88173706850355,31.426912775830637],[-101.88993608193324,31.424981407994803]]],[[[-101.90235946071573,31.437057737985267],[-101.89688123497419,31.43847756875217],[-101.89754501540898,31.43778609643634],[-101.89944775857184,31.435848347200867],[-101.90149006579388,31.433740861249255],[-101.90194905639503,31.43325225990862],[-101.90313921006044,31.436864116726575],[-101.90235946071573,31.437057737985267]]]]}},{"type":"Feature","properties":{"ABSTRACT_L":"A-609","ABSTRACT_N":"609","LEVEL1_SUR":"CCSD","LEVEL2_BLO":"B","LEVEL3_SUR":"18","Surv_Sect":"18","SHAPE_AREA":1306.4621664009887,"owner_count":1079.0,"top_owner":"BROADMOOR LAND & MINERALS LLC","top_owner_state":"MS","top_operator":"PIONEER NAT RES USA","max_propensity_score":9.0,"field_name":"Unknown","production_trend":null},"geometry":{"type":"MultiPolygon","coordinates":[[[[-101.99511736974333,31.248487662353096],[-101.97808134769107,31.24851554201998],[-101.97809541171516,31.234076568429128],[-101.9948201630299,31.23397490058192],[-101.99534901111912,31.234287956641776],[-101.99511736974333,31.248487662353096]]],[[[-101.8953353385748,31.43977432119944],[-101.89270241240965,31.442570809762287],[-101.89215129149126,31.443128211031063],[-101.8919725240548,31.443258727448114],[-101.89142777668334,31.44355895046161],[-101.89107708248125,31.443748416262896],[-101.89009968580774,31.44403753796924],[-101.88937187166286,31.444217715613007],[-101.88881770635398,31.444395504057603],[-101.88841892623303,31.4445565096809],[-101.88795211759395,31.44484642057592],[-101.8875680518774,31.445123942664786],[-101.88750591451087,31.445182097001815],[-101.88621386853603,31.44077369881203],[-101.89657796103931,31.43848169068383],[-101.8953353385748,31.43977432119944]]],[[[-101.8875813235874,31.44536667687033],[-101.88770752790167,31.445248558947593],[-101.88807603030592,31.444982284002403],[-101.88852161085653,31.44470555624278],[-101.88889588942808,31.444554442717553],[-101.88943507892287,31.444381459871007],[-101.89016039485294,31.44420190102404],[-101.89116460713602,31.443904846064264],[-101.89153571824788,31.443704349777505],[-101.89209258299418,31.443397448794293],[-101.89229406972252,31.443250345285637],[-101.89292113780829,31.4426444486831],[-101.89552158628264,31.4398938945784],[-101.89688123497419,31.43847756875217],[-101.90235946071573,31.437057737985267],[-101.90313921006044,31.436864116726575],[-101.90550484969933,31.444042573202445],[-101.90772337134581,31.45077370537866],[-101.90712285386657,31.450927973863195],[-101.89068573412267,31.45483308858737],[-101.88828969729123,31.447528939754154],[-101.88805783223492,31.44682119664421],[-101.88771199791853,31.44576555434605],[-101.8875813235874,31.44536667687033]]]]}},{"type":"Feature","properties":{"ABSTRACT_L":"A-20","ABSTRACT_N":"20","LEVEL1_SUR":"BLK B SEC 19 A-20","LEVEL2_BLO":"B","LEVEL3_SUR":"19","Surv_Sect":"19","SHAPE_AREA":1407.8637745085402,"owner_count":1621.0,"top_owner":"BROADMOOR LAND & MINERALS LLC","top_owner_state":"MS","top_operator":"PIONEER NATURAL RES","max_propensity_score":9.0,"field_name":"Unknown","production_trend":null},"geometry":{"type":"MultiPolygon","coordinates":[[[[-101.98023883061063,31.082554831953207],[-101.98020671583923,31.086032837851125],[-101.96348364437407,31.08599113426746],[-101.96351340196618,31.08234005148033],[-101.98023883061063,31.082554831953207]]],[[[-101.9613807269215,31.234299047354973],[-101.97809541171516,31.234076568429128],[-101.97808134769107,31.24851554201998],[-101.96118184710413,31.248523290295736],[-101.9613807269215,31.234299047354973]]],[[[-101.92061184568013,31.43828802254782],[-101.92190778585173,31.44210302502797],[-101.92307992110916,31.445798826885788],[-101.92350668554784,31.447144371061228],[-101.91555971153909,31.448984993161353],[-101.90772337134581,31.45077370537866],[-101.90550484969933,31.444042573202445],[-101.90313921006044,31.436864116726575],[-101.91895379821078,31.43293593214775],[-101.91938753177942,31.434279338584474],[-101.92061184568013,31.43828802254782]]]]}},{"type":"Feature","properties":{"ABSTRACT_L":"BB--S2","ABSTRACT_N":"BB--S2","LEVEL1_SUR":null,"LEVEL2_BLO":"B","LEVEL3_SUR":"2","Surv_Sect":"2","SHAPE_AREA":1313.889701079907,"owner_count":0.0,"top_owner":"","top_owner_state":"","top_operator":"","max_propensity_score":0.0,"field_name":"Unknown","production_trend":null},"geometry":{"type":"MultiPolygon","coordinates":[[[[-101.89460350716396,31.159936636860184],[-101.91171094348468,31.159842841651358],[-101.91150765922745,31.17513844174598],[-101.89435125035071,31.17461777070102],[-101.89460350716396,31.159936636860184]]],[[[-101.89394933690608,31.202550634142426],[-101.89431547494452,31.189425688631935],[-101.9112780947566,31.189810095550172],[-101.91089703300634,31.204209782416683],[-101.89389174770984,31.2040260921835],[-101.89394933690608,31.202550634142426]]]]}},{"type":"Feature","properties":{"ABSTRACT_L":"A-610","ABSTRACT_N":"610","LEVEL1_SUR":"CCSD","LEVEL2_BLO":"B","LEVEL3_SUR":"20","Surv_Sect":"20","SHAPE_AREA":3109.6880135664537,"owner_count":27.0,"top_owner":"BROWN OIL CORP","top_owner_state":"VA","top_operator":"PIONEER NATURAL RES","max_propensity_score":6.0,"field_name":"Unknown","production_trend":null},"geometry":{"type":"MultiPolygon","coordinates":[[[[-101.96338885234864,31.100849242093968],[-101.96348364437407,31.08599113426746],[-101.98020671583923,31.086032837851125],[-101.98017934237588,31.08814758920804],[-101.98008363406888,31.100962273864923],[-101.96338885234864,31.100849242093968]]],[[[-101.99645359935542,31.14664615520543],[-101.99624829029554,31.15969694600829],[-101.99623359295917,31.16075444680128],[-101.9793008888427,31.160259623721178],[-101.9793355844739,31.159495056914686],[-101.97950594817091,31.146065100954015],[-101.97970584937278,31.132697042231953],[-101.98549299945233,31.13276482979322],[-101.99664194013788,31.132894689304344],[-101.99645359935542,31.14664615520543]]],[[[-101.97730780929824,31.219883009450133],[-101.97701929648011,31.219825603032398],[-101.97676816795087,31.219778158168232],[-101.9764415548866,31.219738168149775],[-101.97570672849263,31.219688571438375],[-101.97834694089302,31.219721884820956],[-101.97834396118122,31.219888442338963],[-101.97833791551938,31.220233728979427],[-101.9780377973661,31.220108240534707],[-101.97775437799565,31.22000317516802],[-101.97730780929824,31.219883009450133]]],[[[-101.9614464063452,31.21979998270113],[-101.96374323682994,31.219837986061982],[-101.96589685699375,31.219856868277567],[-101.96822655593643,31.219901022794204],[-101.97062613662169,31.219904989908525],[-101.97569370561594,31.219956456365217],[-101.97640732817597,31.220004621734315],[-101.97671263410001,31.220042002751427],[-101.97695066249746,31.220086972266827],[-101.97722553888956,31.220163738514945],[-101.97759800466088,31.220293542756853],[-101.9778549506799,31.220398301280625],[-101.9781811074,31.22056712078211],[-101.97834129857472,31.220651684831793],[-101.97809541171516,31.234076568429128],[-101.9613807269215,31.234299047354973],[-101.96142052139027,31.225519901594726],[-101.9614464063452,31.21979998270113]]],[[[-101.91341966851247,31.421353571604833],[-101.91412870786792,31.420608205190543],[-101.9146350199216,31.420090041496415],[-101.91475776662034,31.419991051983036],[-101.91640745526598,31.42517923380394],[-101.91674759875507,31.42621395827423],[-101.91875377214309,31.432316380465657],[-101.91895379821078,31.43293593214775],[-101.90313921006044,31.436864116726575],[-101.90194905639503,31.43325225990862],[-101.90408668025862,31.430976636618148],[-101.90630233717765,31.428708530572507],[-101.90637011596415,31.42863778659405],[-101.90856820273454,31.42634341281992],[-101.91040191575772,31.424441109573184],[-101.91221187822308,31.42259252522444],[-101.91341966851247,31.421353571604833]]],[[[-101.91454008147079,31.41940470204058],[-101.91459870732288,31.41967971065781],[-101.91459676157197,31.41973910886851],[-101.9145564379955,31.419829590969194],[-101.9144707099713,31.419921266570853],[-101.91430229831342,31.420093257356385],[-101.91394920560951,31.42047617081681],[-101.91323773900619,31.421206830592457],[-101.91203703462776,31.42242989966314],[-101.91024056126467,31.424319743431873],[-101.9083943571675,31.426222149557844],[-101.90611711265089,31.4285849868938],[-101.90597607894792,31.428729800820125],[-101.90391637764704,31.430844620675458],[-101.90186558404052,31.43299892982107],[-101.9008530758158,31.429925977542158],[-101.89855475861926,31.422949524544343],[-101.90685455493899,31.420992675018294],[-101.9144753228203,31.419197252409205],[-101.91454008147079,31.41940470204058]]]]}},{"type":"Feature","properties":{"ABSTRACT_L":"BB--S21","ABSTRACT_N":"BB--S21","LEVEL1_SUR":null,"LEVEL2_BLO":"B","LEVEL3_SUR":"21","Surv_Sect":"21","SHAPE_AREA":1804.3431358066189,"owner_count":0.0,"top_owner":"","top_owner_state":"","top_operator":"","max_propensity_score":0.0,"field_name":"Unknown","production_trend":null},"geometry":{"type":"MultiPolygon","coordinates":[[[[-101.96330443496646,31.115707838390335],[-101.96338885234864,31.100849242093968],[-101.98008363406888,31.100962273864923],[-101.98008444884086,31.102624007439235],[-101.97996306219144,31.115744437682675],[-101.9739865930641,31.11573155575473],[-101.96330443496646,31.115707838390335]]],[[[-101.95129875931634,31.21966033986627],[-101.9518762628563,31.21967286888058],[-101.95333726037653,31.219695941806382],[-101.95471842551575,31.219721001360384],[-101.95656130854132,31.219754415369167],[-101.96122516566375,31.219796319799816],[-101.9614464063452,31.21979998270113],[-101.96142052139027,31.225519901594726],[-101.9613807269215,31.234299047354973],[-101.95356836815304,31.234224923360266],[-101.95230713888401,31.23421291090785],[-101.95136992385315,31.234203976266148],[-101.94453325765413,31.234138609412327],[-101.94456769097727,31.232393526361847],[-101.9446024692535,31.230630846072685],[-101.94462506637447,31.22986846152523],[-101.94481324096861,31.229873745588304],[-101.94483408547647,31.228859027992847],[-101.94528002984475,31.22887138141733],[-101.9452662020776,31.229879181743595],[-101.94540087570836,31.229896738441404],[-101.94584260607965,31.22990069284591],[-101.94595309167308,31.22990004683694],[-101.94643697009917,31.229901987936408],[-101.94647910557758,31.229902156159948],[-101.9469471449086,31.229904032735288],[-101.94694758148982,31.229753653102744],[-101.94694798124013,31.229615863147195],[-101.94694840793989,31.229468671635747],[-101.94694883553795,31.22932147989509],[-101.94694924516973,31.22918066587224],[-101.94694967186949,31.229033474451068],[-101.9469501668412,31.228863222104348],[-101.94694611903253,31.22878757674335],[-101.94694957574976,31.22862934018996],[-101.94695251952893,31.228494582040142],[-101.9469538157979,31.2284352796671],[-101.94708790552372,31.228433631204876],[-101.94713749432404,31.226900780089135],[-101.94818821777926,31.226913111492753],[-101.94817102492303,31.227583989505188],[-101.94826124272701,31.227606215521092],[-101.94826889547492,31.22736828841468],[-101.94826531299357,31.227154002562067],[-101.94827296753812,31.226914105502285],[-101.94850589350476,31.22691683710804],[-101.9487389658968,31.226919571018254],[-101.94922870493181,31.226925313842514],[-101.9492311007387,31.2268257200383],[-101.94876079765315,31.226813418581866],[-101.94876913312066,31.22648793486046],[-101.94876916546,31.226486685045266],[-101.94877397593837,31.226323021338665],[-101.94924021324893,31.22633398239734],[-101.94924853973329,31.22600537746409],[-101.94924964106784,31.225953540199264],[-101.94925268006843,31.225819265258114],[-101.94926230551673,31.22539829486999],[-101.9492719318633,31.224977323374986],[-101.94927467172491,31.224847639256335],[-101.94927828474898,31.22468802719822],[-101.94928136237714,31.22455205353338],[-101.94928428549507,31.224422923463266],[-101.94928786797644,31.224264659628933],[-101.94929107765695,31.224122822523043],[-101.94929389746862,31.22399820729803],[-101.94929450023818,31.22394146095201],[-101.9492955189277,31.22384550216582],[-101.9493054929223,31.223295684827296],[-101.94931430359861,31.222959391937444],[-101.9483516069564,31.222956975179375],[-101.94835453456591,31.222015730036834],[-101.95066290570709,31.222049171658195],[-101.95073655767895,31.219648141187957],[-101.95129875931634,31.21966033986627]]],[[[-101.89855419268063,31.422947600453107],[-101.89635690091926,31.415481875319742],[-101.89417684603156,31.40857446222849],[-101.90200338650342,31.406727321698064],[-101.909829658379,31.40487968171063],[-101.91217791471881,31.411961467779868],[-101.9144753228203,31.419197252409205],[-101.90685455493899,31.420992675018294],[-101.89855475861926,31.422949524544343],[-101.89855419268063,31.422947600453107]]]]}},{"type":"Feature","properties":{"ABSTRACT_L":"A-957","ABSTRACT_N":"957","LEVEL1_SUR":"HE&WT","LEVEL2_BLO":"B","LEVEL3_SUR":"22","Surv_Sect":"22","SHAPE_AREA":1919.7014182074402,"owner_count":354.0,"top_owner":"MEKUSUKEY OIL CO LLC","top_owner_state":"OK","top_operator":"BCP RESOURCES LLC","max_propensity_score":8.0,"field_name":"Unknown","production_trend":null},"geometry":{"type":"MultiPolygon","coordinates":[[[[-101.96310097913103,31.12515656744935],[-101.96330443496646,31.115707838390335],[-101.9739865930641,31.11573155575473],[-101.97996306219144,31.115744437682675],[-101.97997749003324,31.117175542853865],[-101.97982287380316,31.125157168802694],[-101.97970993580901,31.1309811760436],[-101.97381074515226,31.130929357473832],[-101.96297840311219,31.130833502003334],[-101.96310097913103,31.12515656744935]]],[[[-101.94457357943396,31.24624501946969],[-101.94441398653723,31.245501860743673],[-101.94453325765413,31.234138609412327],[-101.95136992385315,31.234203976266148],[-101.95230713888401,31.23421291090785],[-101.95356836815304,31.234224923360266],[-101.9613807269215,31.234299047354973],[-101.96118184710413,31.248523290295736],[-101.94470383245522,31.248554695036155],[-101.94469031101356,31.247381298643237],[-101.94466729258271,31.24677377969731],[-101.94460943928179,31.24644735019907],[-101.94457357943396,31.24624501946969]]],[[[-101.90530955056666,31.39080681234514],[-101.9067951340779,31.39538028816633],[-101.90749822209457,31.397544655358796],[-101.90758335273911,31.397818943639574],[-101.90913536936054,31.40281922980901],[-101.909829658379,31.40487968171063],[-101.90200338650342,31.406727321698064],[-101.89417684603156,31.40857446222849],[-101.89165186502422,31.401657243850646],[-101.8907945740025,31.399308987556502],[-101.88925658367592,31.394436299931066],[-101.89898385238943,31.392289371430397],[-101.90530955056666,31.39080681234514]]]]}},{"type":"Feature","properties":{"ABSTRACT_L":"A-252","ABSTRACT_N":"252","LEVEL1_SUR":"HEWT","LEVEL2_BLO":"B","LEVEL3_SUR":"23","Surv_Sect":"23","SHAPE_AREA":1916.2283367967432,"owner_count":160.0,"top_owner":"A&S OPERATING INC","top_owner_state":"OK","top_operator":"CRESCENT ENERGY OP","max_propensity_score":8.0,"field_name":"Unknown","production_trend":null},"geometry":{"type":"MultiPolygon","coordinates":[[[[-101.97970993580901,31.1309811760436],[-101.97970584937278,31.132697042231953],[-101.97950594817091,31.146065100954015],[-101.96248418328052,31.145835110669164],[-101.96288616230218,31.133633850841512],[-101.96297840311219,31.130833502003334],[-101.97381074515226,31.130929357473832],[-101.97970993580901,31.1309811760436]]],[[[-101.94180071910375,31.2391571860556],[-101.94189365520978,31.239435887008487],[-101.9421940572307,31.240310649809416],[-101.94234672321828,31.240755202195448],[-101.94273179414965,31.241876484494796],[-101.94308572228675,31.242907060517147],[-101.94333377498448,31.24364771514065],[-101.94348538994319,31.244100408281888],[-101.94357289393669,31.244404890338593],[-101.94380218352309,31.245202722262817],[-101.94386988056289,31.245438282740317],[-101.9439906096455,31.245946847199665],[-101.94408806607404,31.246479270195955],[-101.9441002768737,31.246585889757995],[-101.94410145366672,31.246624850804356],[-101.94412332405064,31.246787141475863],[-101.94414754083405,31.247109785844394],[-101.94417452802182,31.247664769948763],[-101.94418083419511,31.24830740277432],[-101.92734267955892,31.24828985026603],[-101.92742356566373,31.235508797540824],[-101.92743415949587,31.233832772341305],[-101.9300315141724,31.233865878725073],[-101.93065611817934,31.233873831752256],[-101.93407448810979,31.233917306855027],[-101.93468718584595,31.233928342307728],[-101.9346946122184,31.233928475959083],[-101.93477379421913,31.23395625162009],[-101.93494651419712,31.233993616365662],[-101.93512845987307,31.234027231950236],[-101.93530970396479,31.23405500143735],[-101.93536190237101,31.23406195590553],[-101.93546892495901,31.234074767211446],[-101.93557623231297,31.234085676675722],[-101.93673475719555,31.23419271732595],[-101.93674338910712,31.23419331107419],[-101.93766916229622,31.234257009558664],[-101.93830687541809,31.234328946725242],[-101.93860338324224,31.234410667986605],[-101.93899431118926,31.23453753078583],[-101.93922752731174,31.234648773996064],[-101.93942044860384,31.234740797566896],[-101.93983293432106,31.235030824926177],[-101.94015400118676,31.235300931493644],[-101.94032939544934,31.23549543416663],[-101.94048881317462,31.235708059680746],[-101.94053453921921,31.235781438226773],[-101.9406945704938,31.23605308805293],[-101.9407952500776,31.236261862634304],[-101.94088641650252,31.23644844815565],[-101.94092483205733,31.236530452545036],[-101.94095497861996,31.23662086129565],[-101.94112763751252,31.23713866337019],[-101.941621301287,31.23861913405101],[-101.94180071910375,31.2391571860556]]],[[[-101.94453325765413,31.234138609412327],[-101.94441398653723,31.245501860743673],[-101.94421115772585,31.244795126566707],[-101.94386103934386,31.243910727354148],[-101.94356620957268,31.243080047112763],[-101.94279270890907,31.240992233067804],[-101.94218076126616,31.239150382503862],[-101.94103602192993,31.235773148166007],[-101.94055887547857,31.234275729127084],[-101.94048407905306,31.234065706586623],[-101.9414800834294,31.23408365117012],[-101.94299254453391,31.234110885268283],[-101.94453325765413,31.234138609412327]]],[[[-101.940043001757,31.23485181164288],[-101.9398294569426,31.234675714515227],[-101.93971795355796,31.23460550354599],[-101.93952281073216,31.23450399603404],[-101.9392604802113,31.234387768404826],[-101.93910024142586,31.234314154503394],[-101.93892018400864,31.23424430274027],[-101.93881056079789,31.234205734467288],[-101.93869074620024,31.234177500318484],[-101.93859302207375,31.234151900776155],[-101.9383501930794,31.23411861859546],[-101.93801957802054,31.234079508753766],[-101.9375723014507,31.23404095039895],[-101.93733131400268,31.234014448289862],[-101.94014131428,31.234059530214136],[-101.94020633434027,31.234257916694723],[-101.94040931586524,31.23490465945891],[-101.94048436651397,31.235107754931544],[-101.94049327600494,31.235131586045743],[-101.94049411772637,31.23515959562389],[-101.94047663201937,31.23519334521124],[-101.94044031852232,31.235210665882786],[-101.94040716889171,31.235212146780864],[-101.94037166657336,31.235184020466978],[-101.94032468827726,31.235124799870423],[-101.94029259506543,31.23508136756885],[-101.94019792970248,31.234983044353203],[-101.940043001757,31.23485181164288]]],[[[-101.92149581486917,31.387011553530474],[-101.92150475490287,31.38703900878444],[-101.92607663711662,31.40109963821719],[-101.91399759695555,31.403900671431984],[-101.9100429328005,31.404817436466946],[-101.90775049687413,31.397768584108757],[-101.90698133597166,31.395335101665726],[-101.90549912204106,31.390762376673624],[-101.90956789289848,31.389808573989242],[-101.92149581486917,31.387011553530474]]]]}},{"type":"Feature","properties":{"ABSTRACT_L":"A-1486","ABSTRACT_N":"1486","LEVEL1_SUR":"CCSD","LEVEL2_BLO":"B","LEVEL3_SUR":"24","Surv_Sect":"24","SHAPE_AREA":1661.3231260992004,"owner_count":2053.0,"top_owner":"BROADMOOR LAND & MINERALS LLC","top_owner_state":"MS","top_operator":"PIONEER NATURAL RES","max_propensity_score":10.0,"field_name":"Unknown","production_trend":null},"geometry":{"type":"MultiPolygon","coordinates":[[[[-101.97926421422291,31.161376533406244],[-101.96247998545321,31.160986733901428],[-101.96248418328052,31.145835110669164],[-101.97950594817091,31.146065100954015],[-101.9793355844739,31.159495056914686],[-101.9793008888427,31.160259623721178],[-101.97926421422291,31.161376533406244]]],[[[-101.94471563182647,31.223818412602203],[-101.9444072033585,31.223813616771466],[-101.94391775986922,31.223806004743686],[-101.94391727298233,31.223283634112043],[-101.94391694509727,31.222931524700982],[-101.94472306628377,31.222952632543173],[-101.94471843007858,31.223492669670893],[-101.94471563182647,31.223818412602203]]],[[[-101.94453010726242,31.223960459113147],[-101.94471440293115,31.22396146851761],[-101.9447119190894,31.224250615584836],[-101.94470576832465,31.224966873769446],[-101.94470103779636,31.225517712283267],[-101.94391935437885,31.22552073891029],[-101.94391883245765,31.224959137388698],[-101.94391806619473,31.224135587548616],[-101.94391789281988,31.223949239666663],[-101.94434294776455,31.223957097504428],[-101.94453010726242,31.223960459113147]]],[[[-101.94392144026693,31.22776597935573],[-101.94392061651182,31.226879332061916],[-101.94391971280663,31.225905880248813],[-101.94469758646905,31.22591943932781],[-101.94468935430778,31.226877673586372],[-101.94467029654903,31.227764370058033],[-101.94392144026693,31.22776597935573]]],[[[-101.94466675988174,31.22792888853504],[-101.94464825548522,31.228789793632526],[-101.94462506637447,31.22986846152523],[-101.9446024692535,31.230630846072685],[-101.94456769097727,31.232393526361847],[-101.94453325765413,31.234138609412327],[-101.94299254453391,31.234110885268283],[-101.9414800834294,31.23408365117012],[-101.94048407905306,31.234065706586623],[-101.94006203705786,31.232880630666934],[-101.94002575320522,31.232778728792276],[-101.93994032791328,31.23253881759111],[-101.9398613839661,31.232281615300405],[-101.93982428174826,31.232131094275967],[-101.9398158043469,31.232096699137067],[-101.93972604648035,31.231679803986136],[-101.93967046501879,31.231229884194537],[-101.93966407440385,31.231178155797874],[-101.93959729544225,31.23068757764821],[-101.93954175350655,31.23027955368326],[-101.93952196002759,31.230134144526776],[-101.93948795160755,31.229884308336587],[-101.93941706285354,31.22936353064135],[-101.93936169608932,31.228755335825117],[-101.93981162089263,31.228756612495612],[-101.9399001857965,31.2287573353277],[-101.9403409064614,31.228758214094864],[-101.9405073490122,31.228758758715433],[-101.94095004866567,31.22875990403176],[-101.94103425853703,31.228760040762985],[-101.94150742814664,31.22876077281292],[-101.94158275727311,31.2287613112882],[-101.94156921337357,31.229876076905448],[-101.94148564040773,31.22987640797552],[-101.94148016697271,31.230574860325476],[-101.9418319014239,31.230581171349957],[-101.94185158261345,31.22988275899018],[-101.94185467820792,31.228762402833734],[-101.94210564144717,31.228763091098926],[-101.94218305107184,31.228763314631486],[-101.94264783311162,31.22876459821524],[-101.94282592232007,31.228765088296893],[-101.94327466583879,31.22876652858388],[-101.94331762597062,31.228766550860357],[-101.94336592928177,31.22876657544121],[-101.94379918045509,31.228767768382884],[-101.94390855573081,31.22877063359371],[-101.94391960051723,31.227921049463294],[-101.94466675988174,31.22792888853504]]],[[[-101.93746834032116,31.228750222229483],[-101.93758942872991,31.228750557144274],[-101.93792009139946,31.228751471246575],[-101.93811277463801,31.2287520089538],[-101.93828353539038,31.228752486745034],[-101.93855713886973,31.22875324952116],[-101.93866426656061,31.22875354910087],[-101.9391347142749,31.228754860338288],[-101.93912359223337,31.229109533648245],[-101.93913810092353,31.229354233743194],[-101.93915078962691,31.22956823423325],[-101.93918839939292,31.229978420520254],[-101.93920460140737,31.230243774448308],[-101.93922617085566,31.230404329616622],[-101.93923413621728,31.230547940144913],[-101.93925777358737,31.23067049887894],[-101.9392783521939,31.23082108828981],[-101.93929497282328,31.2309749773692],[-101.93932136981789,31.231143643555797],[-101.93934163131914,31.23128884376296],[-101.93906980111416,31.231291519168607],[-101.93881989519201,31.231293977192667],[-101.9385685753216,31.23129644904299],[-101.9383215520932,31.231298877877908],[-101.93807305922098,31.23130132130724],[-101.93782384679824,31.231303770881606],[-101.93757719637068,31.23130619510752],[-101.9373358522915,31.23130856710034],[-101.9370523709373,31.231311350812092],[-101.93664455735787,31.23131535662229],[-101.93632470501444,31.231318496747203],[-101.93632821203731,31.231547585016994],[-101.9363327206817,31.23184209037944],[-101.9363342235632,31.23194025862958],[-101.93633752307522,31.23215587093538],[-101.93634080551927,31.23237023301172],[-101.93634386967271,31.232570390488473],[-101.93633596988809,31.232700481099137],[-101.93633959908185,31.23290638725009],[-101.93634336212457,31.233119862752247],[-101.93634706228521,31.233329771409704],[-101.93635324898258,31.233680759039878],[-101.93635828044648,31.233966194814705],[-101.93596108315711,31.23390648570411],[-101.93558445099951,31.23384682264253],[-101.93540565571524,31.233819888800074],[-101.93518592150855,31.233784710033277],[-101.93506883509441,31.233773040103035],[-101.93495926039267,31.233750420727777],[-101.93487792513024,31.233720600290017],[-101.93477954523357,31.233666339251474],[-101.93465408921594,31.233592664875086],[-101.9344227802168,31.233442054533544],[-101.93430335638631,31.233362307259785],[-101.93415967175491,31.233249133794054],[-101.93406436409653,31.23317015063413],[-101.93395098772453,31.23305770665049],[-101.93387142214317,31.232972101378063],[-101.93380099152996,31.23287183569698],[-101.93367788191185,31.23265870989783],[-101.93360267675288,31.232495854191875],[-101.93353002730092,31.232330430366478],[-101.93348292503732,31.232178639708692],[-101.93347303638267,31.232139614325874],[-101.93343296253784,31.231981450980797],[-101.93342111735251,31.23187886219831],[-101.93341684047343,31.231676012499463],[-101.93340137867077,31.231284383985273],[-101.93629362061066,31.231250346488068],[-101.93630160304026,31.230682418068906],[-101.93632036974488,31.229347093036615],[-101.93632880312876,31.228747013653578],[-101.93676187014745,31.228748228103804],[-101.93687762705495,31.228748553800777],[-101.93699971079702,31.22874885722128],[-101.93733960545276,31.228749702189784],[-101.93746834032116,31.228750222229483]]],[[[-101.93566157945148,31.220046095848637],[-101.93566187948878,31.220120751820566],[-101.93566218401766,31.22019599849677],[-101.93566244632574,31.220261076156593],[-101.93566275444786,31.220337602578205],[-101.93566342998096,31.220456150613877],[-101.9356637084587,31.220525169831728],[-101.93566398334318,31.22059324869854],[-101.93566428248216,31.220667604632958],[-101.93566456904475,31.220738613381805],[-101.93566483853934,31.220805529781458],[-101.93566512061032,31.220875595055997],[-101.93565941630827,31.220997136923753],[-101.93565835090635,31.221065666393205],[-101.93565870663919,31.22114153841252],[-101.93565903272764,31.221211244681857],[-101.93565938666387,31.221286719417787],[-101.93565972173546,31.221358207834857],[-101.93566003884078,31.2214257107104],[-101.93566033797975,31.221489592953716],[-101.93566066496652,31.221559360423324],[-101.93566103507243,31.221638427035934],[-101.93566135307603,31.221706111777216],[-101.93566165940155,31.221771716157626],[-101.93566197111694,31.221838250025836],[-101.93452311215258,31.221830236065458],[-101.93451017371753,31.22200884074797],[-101.93451152568204,31.222068594250175],[-101.93451322080297,31.222130782930854],[-101.93451527614833,31.22220614861543],[-101.93451677543656,31.22226111837478],[-101.93451706559239,31.222271761099083],[-101.93451713925423,31.222274469792843],[-101.93451730634088,31.222280600075084],[-101.93451933653344,31.222355051476097],[-101.93452126521633,31.222425782403704],[-101.93452315976327,31.222495284920136],[-101.93452512078555,31.222567178034605],[-101.93452697131504,31.222635035724732],[-101.93452870326689,31.222698540731578],[-101.93453045767664,31.22276287535379],[-101.9345323719865,31.22283307284449],[-101.93451649246724,31.222986201354257],[-101.93451787677108,31.22303009398941],[-101.93451990876028,31.223094533629247],[-101.93452218329456,31.223166649065497],[-101.93452446321875,31.223238943436865],[-101.93452446501539,31.223238995674343],[-101.93452446591368,31.22323903024327],[-101.93452673505811,31.223310991929836],[-101.93452902306713,31.22338352509999],[-101.93475654387072,31.223383726367576],[-101.9349840646743,31.223383926866962],[-101.93498633831028,31.223456333997],[-101.93498865596372,31.223530120750908],[-101.93499077239453,31.223597526051],[-101.93499253668574,31.22365367494806],[-101.93499452825074,31.223717103219343],[-101.93499697705819,31.223795060292037],[-101.93499786728864,31.22382342199036],[-101.93487270951168,31.223895444687425],[-101.93454676838726,31.223903285629426],[-101.93455015503586,31.223978281168563],[-101.93455219780483,31.224023486950703],[-101.93456475176092,31.224301434396388],[-101.93457486858766,31.224525417402916],[-101.93319495569995,31.22522371264694],[-101.9329150397591,31.225365359896497],[-101.93198781309587,31.22585217856446],[-101.93060878774365,31.226641502987604],[-101.93012602861839,31.22688174564696],[-101.92979981530443,31.227015755597208],[-101.92953611575109,31.227109925177572],[-101.92937991129959,31.227165706340926],[-101.92816326721477,31.227575793977362],[-101.92795050662961,31.227643267063062],[-101.92776506920215,31.227702075236962],[-101.92755311979569,31.227803232861415],[-101.92755310901592,31.22780317294488],[-101.92762730985838,31.224034793962254],[-101.92772246659979,31.21919949315565],[-101.92772245132844,31.21919937254344],[-101.9361908210028,31.219115141375273],[-101.93619258349739,31.219257375488226],[-101.93619431095769,31.219396763097976],[-101.93619615070739,31.219545166426517],[-101.93619780270919,31.21967851611682],[-101.9361920247453,31.219841267153512],[-101.93622369485063,31.220033704395874],[-101.93611733791425,31.2199745365308],[-101.93566126593944,31.219968198678416],[-101.93566157945148,31.220046095848637]]],[[[-101.93488545121568,31.225025148184933],[-101.93489510002014,31.225800739131362],[-101.93329808049793,31.225822274207403],[-101.93488545121568,31.225025148184933]]],[[[-101.9334046135041,31.225961996279384],[-101.9341539997922,31.225967951178323],[-101.93339864419903,31.22636146300797],[-101.9334046135041,31.225961996279384]]],[[[-101.93114635937262,31.22693713441125],[-101.93314083130576,31.225967028599197],[-101.93310890158729,31.226961893228303],[-101.93310889799403,31.226962334156596],[-101.93310886655301,31.226967152104393],[-101.9331088369086,31.226971639739833],[-101.93310883062038,31.226972546945824],[-101.93310878480632,31.22697950731249],[-101.9331087318057,31.226987425583552],[-101.93310872372086,31.226988550180817],[-101.93310831678404,31.22704992674444],[-101.93310796374614,31.227103191429595],[-101.93310759543688,31.227158588513955],[-101.93310588863784,31.22741570872859],[-101.93309804544708,31.22783176158412],[-101.93310381532616,31.228748970907937],[-101.93310395007344,31.228813417402737],[-101.93312403550489,31.232116655816075],[-101.93317187618366,31.232406479228647],[-101.9332273732036,31.232586471123867],[-101.93329059304003,31.232730917123593],[-101.9333861522267,31.232891186165947],[-101.9334917518833,31.233067950273824],[-101.93357392976549,31.23317841096674],[-101.93369774725603,31.233320423438048],[-101.93385141666181,31.23345359392516],[-101.93395304396822,31.233529350767984],[-101.93407527413567,31.233609600247078],[-101.9342463933158,31.23371634571327],[-101.93440720342976,31.23380024740675],[-101.93455966729643,31.233868926591878],[-101.93468718584595,31.233928342307728],[-101.93407448810979,31.233917306855027],[-101.93065611817934,31.233873831752256],[-101.9300315141724,31.233865878725073],[-101.92743415949587,31.233832772341305],[-101.92744673321491,31.233195485442117],[-101.92746004984068,31.232520563160858],[-101.92747312122637,31.231858116601746],[-101.92748531585636,31.231239956722405],[-101.92750081179501,31.230456870360175],[-101.92750080281185,31.230456748994172],[-101.92754071945151,31.22843879244325],[-101.92793759424572,31.228290121932687],[-101.92812069964671,31.228221457896556],[-101.92880925292211,31.22798494575238],[-101.9292384059811,31.227836173130616],[-101.93009099072906,31.227527182322756],[-101.9309038205341,31.227194123872042],[-101.93090412057141,31.22719365068189],[-101.93094507117193,31.227129381297104],[-101.93097724792712,31.22707943741171],[-101.9310000696269,31.22706023324061],[-101.93106448961255,31.227006025221733],[-101.93114635937262,31.22693713441125]]],[[[-101.91399759695555,31.403900671431984],[-101.92607663711662,31.40109963821719],[-101.9306481582076,31.415075843541377],[-101.91464796823811,31.419156571192083],[-101.9100429328005,31.404817436466946],[-101.91399759695555,31.403900671431984]]]]}},{"type":"Feature","properties":{"ABSTRACT_L":"A-23","ABSTRACT_N":"23","LEVEL1_SUR":"CCSD","LEVEL2_BLO":"B","LEVEL3_SUR":"25","Surv_Sect":"25","SHAPE_AREA":1222.1289253890475,"owner_count":392.0,"top_owner":"ARETE MINERAL HOLDINGS LLC","top_owner_state":"OK","top_operator":"PIONEER NATURAL RES","max_propensity_score":9.0,"field_name":"Unknown","production_trend":null},"geometry":{"type":"MultiPolygon","coordinates":[[[[-101.9259190905821,31.21924854544828],[-101.92772245492169,31.219199413259666],[-101.92772246659979,31.21919949315565],[-101.92762730985838,31.224034793962254],[-101.92755310901592,31.22780317294488],[-101.92755311979569,31.227803232861415],[-101.92568958540004,31.228411410760636],[-101.9236749732382,31.229062540507837],[-101.92161282941808,31.229746434075537],[-101.92044949495548,31.230134765953647],[-101.91885699395914,31.230664473607597],[-101.91718995884537,31.231206009848908],[-101.91467390349868,31.231999853763725],[-101.91224909991688,31.232823096186408],[-101.91133843459423,31.23311310792527],[-101.91038429171014,31.233415685908557],[-101.9105896241262,31.219011363230425],[-101.92351997612245,31.219211545928015],[-101.9259190905821,31.21924854544828]]],[[[-101.92504305531365,31.229237825409328],[-101.92588222551946,31.228969036556034],[-101.92754057122949,31.228438840068907],[-101.92754071945151,31.22843879244325],[-101.92750080281185,31.230456748994172],[-101.92750081179501,31.230456870360175],[-101.92748531585636,31.231239956722405],[-101.92691186551495,31.231237995678974],[-101.92685297735483,31.23123779366002],[-101.92635356615914,31.231236083027902],[-101.92629467799901,31.231235881008885],[-101.92581728361263,31.231234244117537],[-101.92570947859201,31.231233874645547],[-101.92494841510351,31.231231260688922],[-101.9241029324362,31.231228350232886],[-101.92398115861292,31.233792706849687],[-101.91147591905352,31.23364683378237],[-101.91155707555122,31.23362109737195],[-101.91247071160252,31.233330138569162],[-101.91471776643736,31.23259537903427],[-101.91741365462246,31.231712371897697],[-101.91908220699075,31.231170343112254],[-101.92066996667901,31.23064221297662],[-101.92183018039434,31.230283579508846],[-101.92390384959955,31.229602705570862],[-101.92418439256448,31.229512850851812],[-101.92504305531365,31.229237825409328]]],[[[-101.92699728541702,31.41964260582613],[-101.92214836905785,31.41931325208093],[-101.91729014705068,31.41897365920082],[-101.91684411374918,31.41896444156951],[-101.91661332128133,31.418972014071382],[-101.91637871726174,31.41900058841637],[-101.91615644441603,31.419050135454484],[-101.91598065040314,31.41910958465958],[-101.91567053579739,31.419199788324814],[-101.91537582280718,31.419317296662054],[-101.91514114243078,31.419430518030754],[-101.9150415327405,31.419492085106313],[-101.91498150731321,31.41953896565671],[-101.91493018117114,31.41954583820819],[-101.91488678715302,31.419541549092166],[-101.91483447106752,31.41952082871109],[-101.91480538002534,31.419484449785365],[-101.91477844314323,31.41944001542479],[-101.91464796823811,31.419156571192083],[-101.9306481582076,31.415075843541377],[-101.93225612639651,31.42000318563804],[-101.930634534358,31.419891308802033],[-101.92699739860474,31.41964261349212],[-101.92699734111255,31.419642609659128],[-101.92699728541702,31.41964260582613]]],[[[-101.91547801425558,31.41946662253505],[-101.91574539959653,31.419360010064764],[-101.91603907682921,31.419274587072856],[-101.9162129780918,31.419234498471546],[-101.91643031649164,31.419190914919604],[-101.91663807615562,31.41916508736443],[-101.91683625977865,31.419157011987814],[-101.91725390541886,31.419180867080815],[-101.92213314710537,31.4194851121265],[-101.92698142027078,31.419814423105432],[-101.93061757955533,31.420063051266133],[-101.93232224509636,31.420194025257093],[-101.93536484704853,31.42910440750077],[-101.91913309834824,31.432891382289224],[-101.91694789791059,31.42616716538032],[-101.91492094918496,31.419860063909855],[-101.91517497747594,31.41965459233965],[-101.91547801425558,31.41946662253505]]]]}},{"type":"Feature","properties":{"ABSTRACT_L":"A-637","ABSTRACT_N":"637","LEVEL1_SUR":"HE&WT","LEVEL2_BLO":"B","LEVEL3_SUR":"26","Surv_Sect":"26","SHAPE_AREA":1277.459060521716,"owner_count":149.0,"top_owner":"ALAMO ENDEAVORS LLC","top_owner_state":"CO","top_operator":"BCP RESOURCES LLC","max_propensity_score":8.0,"field_name":"Unknown","production_trend":null},"geometry":{"type":"MultiPolygon","coordinates":[[[[-101.91147591905352,31.23364683378237],[-101.92398115861292,31.233792706849687],[-101.92568125801735,31.233812445026622],[-101.92625074319508,31.23381905078992],[-101.92630680076377,31.233819700612614],[-101.92679845500697,31.233825403075766],[-101.92687210338555,31.233826257216208],[-101.92743415949587,31.233832772341305],[-101.92742356566373,31.235508797540824],[-101.92734267955892,31.24828985026603],[-101.91028364805898,31.248235690523785],[-101.9103787760543,31.23399475777793],[-101.91147591905352,31.23364683378237]]],[[[-101.93575431433489,31.43030076110639],[-101.93613156543171,31.43145956698381],[-101.93650855242385,31.432617533793326],[-101.93665808778269,31.433076847130604],[-101.93680723147602,31.433534953305156],[-101.93695637696602,31.43399305800739],[-101.93794290501442,31.4370232444447],[-101.9379428978279,31.43702341383129],[-101.93773965579149,31.44067721205356],[-101.93768059784976,31.44203440032961],[-101.93765324594601,31.442662952864147],[-101.93759740397299,31.443688771153294],[-101.92463100977092,31.446872135277744],[-101.92370124357038,31.44709952600547],[-101.9237003919675,31.44709687895405],[-101.91913309834824,31.432891382289224],[-101.93536484704853,31.42910440750077],[-101.93575431433489,31.43030076110639]]],[[[-101.93943626883431,31.44160954687668],[-101.93790262276043,31.441957315128633],[-101.93795794820215,31.44068582514014],[-101.93815099525841,31.43766222748235],[-101.93943626883431,31.44160954687668]]]]}},{"type":"Feature","properties":{"ABSTRACT_L":"A-254","ABSTRACT_N":"254","LEVEL1_SUR":"HEWT","LEVEL2_BLO":"B","LEVEL3_SUR":"27","Surv_Sect":"27","SHAPE_AREA":1264.55839501382,"owner_count":35.0,"top_owner":"BLADINE INVESTMENTS LLC","top_owner_state":"OR","top_operator":"BCP RESOURCES LLC","max_propensity_score":8.0,"field_name":"Unknown","production_trend":null},"geometry":{"type":"MultiPolygon","coordinates":[[[[-101.95260579907158,31.42878196575823],[-101.95274516460307,31.42920530215916],[-101.9528845319312,31.429628638181715],[-101.95302625913358,31.430059135348387],[-101.95376890715875,31.432314892701523],[-101.95562043197737,31.43793837974475],[-101.95610300335473,31.439403955690892],[-101.95532174304371,31.43958959925505],[-101.94992542568978,31.440871364997225],[-101.94664653897011,31.441649681093658],[-101.94513531484574,31.442003955288808],[-101.94510115910202,31.442011955121995],[-101.93995508453845,31.443202842774237],[-101.93788092485308,31.443661977783634],[-101.93787164256123,31.442669278803955],[-101.93790262276043,31.441957315128633],[-101.93943626883431,31.44160954687668],[-101.93815099525841,31.43766222748235],[-101.93819166558458,31.437025209635614],[-101.93823661009488,31.43595876864551],[-101.93833365509502,31.433655993260533],[-101.93835459482429,31.43315908966012],[-101.93837547167148,31.432663648189685],[-101.93839636468839,31.43216783924935],[-101.93843437600133,31.431265745602097],[-101.93845077115355,31.430909989788034],[-101.93850249345266,31.42978762181351],[-101.93856723054361,31.428382755381037],[-101.9412344480981,31.42778163090392],[-101.94168137971488,31.427667602494537],[-101.95146667510421,31.425321657519003],[-101.95195321613681,31.426799649347235],[-101.95223100846033,31.42764349277208],[-101.95260579907158,31.42878196575823]]],[[[-101.89464959433131,31.236544255120144],[-101.89333591153452,31.236359848095066],[-101.89335827509353,31.233371339531814],[-101.90972473066223,31.23362391788502],[-101.90744726156682,31.234337887499972],[-101.9055076515447,31.235003338387585],[-101.90413162836217,31.235467706580245],[-101.90310447580167,31.235795505136323],[-101.90146489050805,31.236332347349393],[-101.90058199750071,31.236617729795917],[-101.90027901821327,31.236714975218412],[-101.9001410819014,31.23676063115203],[-101.89998646117974,31.236807591276506],[-101.89978559967884,31.236854081308163],[-101.8994509592692,31.236917950818203],[-101.8991197656953,31.236966548424636],[-101.89880944447704,31.236995648141082],[-101.89864425777101,31.23700504797898],[-101.89838662004921,31.23700869715583],[-101.89775040352059,31.23698508004312],[-101.89746433771332,31.236950801116176],[-101.89683704774367,31.23685271411273],[-101.89573952206216,31.23670473659905],[-101.89464959433131,31.236544255120144]]],[[[-101.89455769937268,31.2370222907417],[-101.89566561227383,31.23717320952251],[-101.89676219202937,31.237340300826563],[-101.89738481614943,31.237430904663196],[-101.89773994353743,31.23746662741071],[-101.89834865814362,31.237521791835185],[-101.89867228969945,31.237526905724163],[-101.89885770916062,31.237528684601678],[-101.89920709182239,31.23750318581798],[-101.89957243036024,31.237449579053933],[-101.89993599203046,31.23738018892269],[-101.90017374195017,31.23732516036632],[-101.90035944887222,31.237268759980058],[-101.90050260080264,31.237221377638452],[-101.90080325075856,31.237124880852136],[-101.90168808682185,31.236838870874053],[-101.90332643693196,31.236302431715135],[-101.9043565898655,31.235973676336112],[-101.90573275408356,31.235509260704063],[-101.90767468714898,31.234888604565445],[-101.9102034096395,31.23405036819732],[-101.9103787760543,31.23399475777793],[-101.91028364805898,31.248235690523785],[-101.89573943851882,31.24802819501032],[-101.8932220815133,31.247992113762788],[-101.89326012426727,31.246477753378063],[-101.89333217454296,31.236859107671336],[-101.89455769937268,31.2370222907417]]],[[[-101.93536484704853,31.42910440750077],[-101.93834760054149,31.4284038586],[-101.93828209808592,31.42982523849512],[-101.93822969216886,31.43096237963194],[-101.93821603777656,31.431258664654397],[-101.93817041413989,31.43222166480084],[-101.93814686749968,31.43271865155216],[-101.93812333882575,31.433215263922957],[-101.93809974547314,31.433713239534192],[-101.9379429104043,31.43702313024289],[-101.93794290501442,31.4370232444447],[-101.93695637696602,31.43399305800739],[-101.93680723147602,31.433534953305156],[-101.93665808778269,31.433076847130604],[-101.93650855242385,31.432617533793326],[-101.93613156543171,31.43145956698381],[-101.93575431433489,31.43030076110639],[-101.93536484704853,31.42910440750077]]]]}},{"type":"Feature","properties":{"ABSTRACT_L":"A-1488","ABSTRACT_N":"1488","LEVEL1_SUR":"CCSD","LEVEL2_BLO":"B","LEVEL3_SUR":"28","Surv_Sect":"28","SHAPE_AREA":634.8399358849888,"owner_count":244.0,"top_owner":"DUNN F L III INVESTMENTS LLC","top_owner_state":"OK","top_operator":"PIONEER NATURAL RES","max_propensity_score":8.0,"field_name":"Unknown","production_trend":null},"geometry":{"type":"Polygon","coordinates":[[[-101.93871910870872,31.420377786551395],[-101.9386805521184,31.420406938477733],[-101.93861451157198,31.42043328390622],[-101.93853907824092,31.420440072833788],[-101.93834346829118,31.4204418398254],[-101.93782745533073,31.420406897848412],[-101.9359462133442,31.420257693827306],[-101.93225612639651,31.42000318563804],[-101.9306481582076,31.415075843541377],[-101.93672790843982,31.413641154206047],[-101.9371902443671,31.413534681544323],[-101.93908353455821,31.413103287437266],[-101.93930437369272,31.413049663274165],[-101.94687424482666,31.411327796616156],[-101.95146667510421,31.425321657519003],[-101.94168137971488,31.427667602494537],[-101.9412344480981,31.42778163090392],[-101.93856723054361,31.428382755381037],[-101.93834760054149,31.4284038586],[-101.93536484704853,31.42910440750077],[-101.93232224509636,31.420194025257093],[-101.93590863951081,31.420469503013134],[-101.93843222633284,31.420627982426698],[-101.93856484282159,31.420640923984273],[-101.93863278510148,31.420655576566563],[-101.93869207570685,31.42070258915518],[-101.93871696982,31.420755292104158],[-101.93873990560584,31.420350407741992],[-101.93871910870872,31.420377786551395]]]}},{"type":"Feature","properties":{"ABSTRACT_L":"A-25","ABSTRACT_N":"25","LEVEL1_SUR":"CCSD","LEVEL2_BLO":"B","LEVEL3_SUR":"29","Surv_Sect":"29","SHAPE_AREA":1276.084606262964,"owner_count":1447.0,"top_owner":"BROADMOOR LAND & MINERALS LLC","top_owner_state":"MS","top_operator":"APACHE CORP","max_propensity_score":10.0,"field_name":"Unknown","production_trend":null},"geometry":{"type":"MultiPolygon","coordinates":[[[[-101.91028364805898,31.248235690523785],[-101.92734267955892,31.24828985026603],[-101.92704418196642,31.262942183608097],[-101.91011779210807,31.262827390816035],[-101.91028364805898,31.248235690523785]]],[[[-101.93947012094749,31.409091546406856],[-101.93994138612868,31.3998080433714],[-101.94003273311498,31.397703704105737],[-101.9422242801501,31.397216482328524],[-101.94687424482666,31.411327796616156],[-101.93930437369272,31.413049663274165],[-101.93947012094749,31.409091546406856]]],[[[-101.9371902443671,31.413534681544323],[-101.93672790843982,31.413641154206047],[-101.9306481582076,31.415075843541377],[-101.92607663711662,31.40109963821719],[-101.9310238965415,31.3999284559406],[-101.93371203406231,31.399259193929936],[-101.9359102852244,31.398756246917145],[-101.93801805627446,31.39823447832264],[-101.93896030546418,31.39799798785839],[-101.93977492740822,31.397803529916338],[-101.93966843392792,31.399784531461442],[-101.93925184201153,31.40908425524697],[-101.93908353455821,31.413103287437266],[-101.9371902443671,31.413534681544323]]]]}},{"type":"Feature","properties":{"ABSTRACT_L":"A-1269","ABSTRACT_N":"1269","LEVEL1_SUR":"CCSD","LEVEL2_BLO":"B","LEVEL3_SUR":"3","Surv_Sect":"3","SHAPE_AREA":1488.017870489413,"owner_count":4.0,"top_owner":"PIONEER NAT RES USA OR/RI","top_owner_state":"TX","top_operator":"PIONEER NATURAL RES","max_propensity_score":2.0,"field_name":"Unknown","production_trend":null},"geometry":{"type":"MultiPolygon","coordinates":[[[[-101.9294094685674,31.081895392234653],[-101.94648184454087,31.08211911347361],[-101.94647912534052,31.08600827298163],[-101.92939866902104,31.0858261845633],[-101.9294094685674,31.081895392234653]]],[[[-101.9285442032009,31.160209529993047],[-101.92836896973674,31.175521380269764],[-101.91150765922745,31.17513844174598],[-101.91171094348468,31.159842841651358],[-101.9285442032009,31.160209529993047]]],[[[-101.9281353224229,31.190034255543456],[-101.92798748757491,31.201797854454913],[-101.92795315306644,31.20452803736785],[-101.91089703300634,31.204209782416683],[-101.9112780947566,31.189810095550172],[-101.9281353224229,31.190034255543456]]]]}},{"type":"Feature","properties":{"ABSTRACT_L":"A-1498","ABSTRACT_N":"1498","LEVEL1_SUR":"BLK B SEC 30 A-1498","LEVEL2_BLO":"B","LEVEL3_SUR":"30","Surv_Sect":"30","SHAPE_AREA":1283.5527631432963,"owner_count":494.0,"top_owner":"BROADMOOR LAND & MINERALS LLC","top_owner_state":"MS","top_operator":"PERMIAN RES OPER","max_propensity_score":10.0,"field_name":"Unknown","production_trend":null},"geometry":{"type":"MultiPolygon","coordinates":[[[[-101.91028364805898,31.248235690523785],[-101.91011779210807,31.262827390816035],[-101.89303948635539,31.26263832879347],[-101.89302321067908,31.260786374944047],[-101.89316557838023,31.25162861731249],[-101.8932220815133,31.247992113762788],[-101.89573943851882,31.24802819501032],[-101.91028364805898,31.248235690523785]]],[[[-101.93956727464378,31.38923291314735],[-101.9401247286849,31.390908010450172],[-101.93995628109442,31.394429634110864],[-101.93982439673259,31.396883251982814],[-101.93977492740822,31.397803529916338],[-101.93896030546418,31.39799798785839],[-101.93801805627446,31.39823447832264],[-101.9359102852244,31.398756246917145],[-101.93371203406231,31.399259193929936],[-101.9310238965415,31.3999284559406],[-101.92607663711662,31.40109963821719],[-101.92150475490287,31.38703900878444],[-101.92149581486917,31.387011553530474],[-101.92646587173934,31.385845721593697],[-101.92934871191146,31.38516938749919],[-101.9317053037188,31.384616457786613],[-101.93350587160292,31.384193954717826],[-101.93562121634913,31.383697551406907],[-101.93757440440677,31.383239164280308],[-101.9375907276938,31.38329313907418],[-101.93956727464378,31.38923291314735]]],[[[-101.94017451241965,31.394437212426805],[-101.94031584705824,31.391482290702623],[-101.9422242801501,31.397216482328524],[-101.94003273311498,31.397703704105737],[-101.94017451241965,31.394437212426805]]]]}},{"type":"Feature","properties":{"ABSTRACT_L":"A-26","ABSTRACT_N":"26","LEVEL1_SUR":"BLK B SEC 31 A-26","LEVEL2_BLO":"B","LEVEL3_SUR":"31","Surv_Sect":"31","SHAPE_AREA":1300.967726118582,"owner_count":924.0,"top_owner":"BMB MINERALS LLC","top_owner_state":"CA","top_operator":"PIONEER NAT RES","max_propensity_score":8.0,"field_name":"Unknown","production_trend":null},"geometry":{"type":"MultiPolygon","coordinates":[[[[-101.89303948635539,31.26263832879347],[-101.91011779210807,31.262827390816035],[-101.91011755585114,31.277369963728855],[-101.89296208571388,31.277240323914086],[-101.892977591534,31.275295060379474],[-101.89303948635539,31.26263832879347]]],[[[-101.9404510372203,31.384084608864985],[-101.9401247286849,31.390908010450172],[-101.93956727464378,31.38923291314735],[-101.9375907276938,31.38329313907418],[-101.93757440440677,31.383239164280308],[-101.93902798184273,31.382898005992956],[-101.94052951134856,31.382555489053203],[-101.9404510372203,31.384084608864985]]],[[[-101.95894060347084,31.393420133770395],[-101.9422242801501,31.397216482328524],[-101.94031584705824,31.391482290702623],[-101.94066922542639,31.3840925683921],[-101.9407506936395,31.382505033142348],[-101.95431747326846,31.37946085240023],[-101.95894060347084,31.393420133770395]]]]}},{"type":"Feature","properties":{"ABSTRACT_L":"BB--S32","ABSTRACT_N":"BB--S32","LEVEL1_SUR":null,"LEVEL2_BLO":"B","LEVEL3_SUR":"32","Surv_Sect":"32","SHAPE_AREA":1296.6309820715003,"owner_count":0.0,"top_owner":"","top_owner_state":"","top_operator":"","max_propensity_score":0.0,"field_name":"Unknown","production_trend":null},"geometry":{"type":"MultiPolygon","coordinates":[[[[-101.91011779210807,31.262827390816035],[-101.92704418196642,31.262942183608097],[-101.92699645896695,31.277683659788526],[-101.91011755585114,31.277369963728855],[-101.91011779210807,31.262827390816035]]],[[[-101.95894060347084,31.393420133770395],[-101.96107795514487,31.400502930978792],[-101.9631909436101,31.40750406735806],[-101.94687424482666,31.411327796616156],[-101.9422242801501,31.397216482328524],[-101.95894060347084,31.393420133770395]]]]}},{"type":"Feature","properties":{"ABSTRACT_L":"A-27","ABSTRACT_N":"27","LEVEL1_SUR":"CCSD","LEVEL2_BLO":"B","LEVEL3_SUR":"33","Surv_Sect":"33","SHAPE_AREA":1288.925439325493,"owner_count":77.0,"top_owner":"ACS SUPPORT-STOP 813G","top_owner_state":"OH","top_operator":"PIONEER NATURAL RES","max_propensity_score":6.0,"field_name":"Unknown","production_trend":null},"geometry":{"type":"MultiPolygon","coordinates":[[[[-101.92704418196642,31.262942183608097],[-101.94396335296315,31.263174320416077],[-101.94382644432397,31.277978310699936],[-101.92699645896695,31.277683659788526],[-101.92704418196642,31.262942183608097]]],[[[-101.9631909436101,31.40750406735806],[-101.9677966716488,31.42133582596764],[-101.95146667510421,31.425321657519003],[-101.94687424482666,31.411327796616156],[-101.9631909436101,31.40750406735806]]]]}},{"type":"Feature","properties":{"ABSTRACT_L":"A-696","ABSTRACT_N":"696","LEVEL1_SUR":"A 696 CCSD&RGNG","LEVEL2_BLO":"B","LEVEL3_SUR":"34","Surv_Sect":"34","SHAPE_AREA":1297.622197610606,"owner_count":6.0,"top_owner":"MORGAN EMILY RUTH","top_owner_state":"WA","top_operator":"PIONEER NATURAL RES","max_propensity_score":5.0,"field_name":"Unknown","production_trend":null},"geometry":{"type":"MultiPolygon","coordinates":[[[[-101.92734267955892,31.24828985026603],[-101.94418083419511,31.24830740277432],[-101.9441926003287,31.250069992071353],[-101.94396335296315,31.263174320416077],[-101.92704418196642,31.262942183608097],[-101.92734267955892,31.24828985026603]]],[[[-101.95376890715875,31.432314892701523],[-101.95302625913358,31.430059135348387],[-101.9528845319312,31.429628638181715],[-101.95274516460307,31.42920530215916],[-101.95260579907158,31.42878196575823],[-101.95223100846033,31.42764349277208],[-101.95195321613681,31.426799649347235],[-101.95146667510421,31.425321657519003],[-101.9677966716488,31.42133582596764],[-101.96801742993492,31.42199870821204],[-101.97006946950474,31.428411013349756],[-101.97233872710015,31.435502677862484],[-101.97061127848688,31.435925788467173],[-101.96881442513646,31.436365870431427],[-101.96563149465882,31.437126475164252],[-101.96476584840666,31.437333336350584],[-101.9602891858164,31.43840292251568],[-101.95976551202321,31.43852806355227],[-101.95610300335473,31.439403955690892],[-101.95562043197737,31.43793837974475],[-101.95376890715875,31.432314892701523]]]]}},{"type":"Feature","properties":{"ABSTRACT_L":"A-7","ABSTRACT_N":"7","LEVEL1_SUR":"C&M","LEVEL2_BLO":"B","LEVEL3_SUR":"35","Surv_Sect":"35","SHAPE_AREA":636.3607946664658,"owner_count":549.0,"top_owner":"BROADMOOR LAND & MINERALS LLC","top_owner_state":"MS","top_operator":"CRESCENT ENERGY OP","max_propensity_score":10.0,"field_name":"Unknown","production_trend":null},"geometry":{"type":"Polygon","coordinates":[[[-101.94453612507651,31.26318103469929],[-101.94458429723362,31.25753585240384],[-101.94470383245522,31.248554695036155],[-101.96118184710413,31.248523290295736],[-101.96118363654816,31.25015182259079],[-101.96118363654816,31.25015188095722],[-101.96118363654816,31.250151938555653],[-101.96113270207155,31.26336658569336],[-101.94453612507651,31.26318103469929]]]}},{"type":"Feature","properties":{"ABSTRACT_L":"A-828","ABSTRACT_N":"828","LEVEL1_SUR":"C&M RR","LEVEL2_BLO":"B","LEVEL3_SUR":"36","Surv_Sect":"36","SHAPE_AREA":642.2733891746133,"owner_count":1315.0,"top_owner":"GOLDEN JUDAH ESTATE","top_owner_state":"FL","top_operator":"CIVITAS PERMIAN OP","max_propensity_score":10.0,"field_name":"Unknown","production_trend":null},"geometry":{"type":"Polygon","coordinates":[[[-101.94436579371886,31.27798750377086],[-101.94442347094999,31.27341761939494],[-101.94453612507651,31.26318103469929],[-101.96113270207155,31.26336658569336],[-101.9610583431256,31.278140627309806],[-101.94436579371886,31.27798750377086]]]}},{"type":"Feature","properties":{"ABSTRACT_L":"A-361","ABSTRACT_N":"361","LEVEL1_SUR":"TCRR","LEVEL2_BLO":"B","LEVEL3_SUR":"37","Surv_Sect":"37","SHAPE_AREA":657.0472619815617,"owner_count":26.0,"top_owner":"BURTON WILLIAM C TRUSTEE","top_owner_state":"CO","top_operator":"XTO ENERGY INC","max_propensity_score":7.0,"field_name":"Unknown","production_trend":null},"geometry":{"type":"Polygon","coordinates":[[[-101.9610583431256,31.278140627309806],[-101.96113270207155,31.26336658569336],[-101.97814235946854,31.263502035085573],[-101.97817757342767,31.26482365545682],[-101.97806944231861,31.275457155881664],[-101.97799476177578,31.27832843754677],[-101.9610583431256,31.278140627309806]]]}},{"type":"Feature","properties":{"ABSTRACT_L":"A-754","ABSTRACT_N":"754","LEVEL1_SUR":"TCRR","LEVEL2_BLO":"B","LEVEL3_SUR":"38","Surv_Sect":"38","SHAPE_AREA":659.747929796299,"owner_count":173.0,"top_owner":"ARETE MINERAL HOLDINGS LLC","top_owner_state":"OK","top_operator":"CRESCENT ENERGY OP","max_propensity_score":7.0,"field_name":"Unknown","production_trend":null},"geometry":{"type":"Polygon","coordinates":[[[-101.97808761344017,31.25015306671703],[-101.97814235946854,31.263502035085573],[-101.96113270207155,31.26336658569336],[-101.96118363654816,31.250151938555653],[-101.96118363654816,31.25015182259079],[-101.96118184710413,31.248523290295736],[-101.97808134769107,31.24851554201998],[-101.97808761344017,31.25015306671703]]]}},{"type":"Feature","properties":{"ABSTRACT_L":"A-209","ABSTRACT_N":"209","LEVEL1_SUR":"GC&SF","LEVEL2_BLO":"B","LEVEL3_SUR":"39","Surv_Sect":"39","SHAPE_AREA":665.2945580946599,"owner_count":189.0,"top_owner":"GOLDSTEIN RICHARD ESTATE","top_owner_state":"MD","top_operator":"CRESCENT ENERGY OP","max_propensity_score":10.0,"field_name":"Unknown","production_trend":null},"geometry":{"type":"Polygon","coordinates":[[[-101.97808134769107,31.24851554201998],[-101.99511736974333,31.248487662353096],[-101.9951052667415,31.25015160986056],[-101.99500581335808,31.263583000090335],[-101.97814235946854,31.263502035085573],[-101.97808761344017,31.25015306671703],[-101.97808134769107,31.24851554201998]]]}},{"type":"Feature","properties":{"ABSTRACT_L":"BB--S4","ABSTRACT_N":"BB--S4","LEVEL1_SUR":null,"LEVEL2_BLO":"B","LEVEL3_SUR":"4","Surv_Sect":"4","SHAPE_AREA":1977.8428261749718,"owner_count":0.0,"top_owner":"","top_owner_state":"","top_operator":"","max_propensity_score":0.0,"field_name":"Unknown","production_trend":null},"geometry":{"type":"MultiPolygon","coordinates":[[[[-101.94647912534052,31.08600827298163],[-101.9463245118054,31.10079740168776],[-101.92928918594747,31.100694729970684],[-101.92939866902104,31.0858261845633],[-101.94647912534052,31.08600827298163]]],[[[-101.92873126388407,31.145203932873333],[-101.9285442032009,31.160209529993047],[-101.91171094348468,31.159842841651358],[-101.91187256926891,31.144987262842868],[-101.92873126388407,31.145203932873333]]],[[[-101.91089703300634,31.204209782416683],[-101.92795315306644,31.20452803736785],[-101.92772245132844,31.21919937254344],[-101.92772245492169,31.219199413259666],[-101.9259190905821,31.21924854544828],[-101.92351997612245,31.219211545928015],[-101.9105896241262,31.219011363230425],[-101.91089703300634,31.204209782416683]]]]}},{"type":"Feature","properties":{"ABSTRACT_L":"A-1422","ABSTRACT_N":"1422","LEVEL1_SUR":"GC&SF","LEVEL2_BLO":"B","LEVEL3_SUR":"40","Surv_Sect":"40","SHAPE_AREA":668.2426034702657,"owner_count":123.0,"top_owner":"BROADMOOR LAND & MINERALS LLC","top_owner_state":"MS","top_operator":"SAXUM OPCO LLC","max_propensity_score":8.0,"field_name":"Unknown","production_trend":null},"geometry":{"type":"Polygon","coordinates":[[[-101.99511736974333,31.248487662353096],[-102.00041970355561,31.24845593887328],[-102.01207603427319,31.24838530499848],[-102.01208283811316,31.25015214667799],[-102.01208532824313,31.250378522856387],[-102.01200593154506,31.263438113679285],[-101.99500581335808,31.263583000090335],[-101.9951052667415,31.25015160986056],[-101.99511736974333,31.248487662353096]]]}},{"type":"Feature","properties":{"ABSTRACT_L":"BB--S45","ABSTRACT_N":"BB--S45","LEVEL1_SUR":null,"LEVEL2_BLO":"B","LEVEL3_SUR":"45","Surv_Sect":"45","SHAPE_AREA":628.8398954839547,"owner_count":0.0,"top_owner":"","top_owner_state":"","top_operator":"","max_propensity_score":0.0,"field_name":"Unknown","production_trend":null},"geometry":{"type":"Polygon","coordinates":[[[-102.01230522324826,31.23404882275978],[-102.01251075149706,31.219903180738516],[-102.0294677676184,31.219794443792022],[-102.0293195914106,31.234015603527865],[-102.01230522324826,31.23404882275978]]]}},{"type":"Feature","properties":{"ABSTRACT_L":"BB--S46","ABSTRACT_N":"BB--S46","LEVEL1_SUR":null,"LEVEL2_BLO":"B","LEVEL3_SUR":"46","Surv_Sect":"46","SHAPE_AREA":673.764496415941,"owner_count":0.0,"top_owner":"","top_owner_state":"","top_operator":"","max_propensity_score":0.0,"field_name":"Unknown","production_trend":null},"geometry":{"type":"Polygon","coordinates":[[[-102.02956642419616,31.2122305455114],[-102.0294677676184,31.219794443792022],[-102.01251075149706,31.219903180738516],[-102.01259951313199,31.212242492380266],[-102.01273126993301,31.204629268964148],[-102.02971633954236,31.204650697452234],[-102.02956642419616,31.2122305455114]]]}},{"type":"Feature","properties":{"ABSTRACT_L":"A-222","ABSTRACT_N":"222","LEVEL1_SUR":"GC&SF RR","LEVEL2_BLO":"B","LEVEL3_SUR":"5","Surv_Sect":"5","SHAPE_AREA":1330.2530069395411,"owner_count":1434.0,"top_owner":"BROADMOOR LAND & MINERALS LLC","top_owner_state":"MS","top_operator":"CRESCENT ENERGY OP","max_propensity_score":10.0,"field_name":"Unknown","production_trend":null},"geometry":{"type":"MultiPolygon","coordinates":[[[[-101.92917357636368,31.115558510147412],[-101.92928918594747,31.100694729970684],[-101.9463245118054,31.10079740168776],[-101.94623874874691,31.115644178552536],[-101.93766139007235,31.11544453133392],[-101.92917357636368,31.115558510147412]]],[[[-101.93411731978253,31.160322953052862],[-101.94535867644957,31.160551001023038],[-101.94532840861437,31.17569536558527],[-101.93388096045486,31.175578171806244],[-101.92836896973674,31.175521380269764],[-101.9285442032009,31.160209529993047],[-101.93411731978253,31.160322953052862]]]]}},{"type":"Feature","properties":{"ABSTRACT_L":"BB--S51","ABSTRACT_N":"BB--S51","LEVEL1_SUR":null,"LEVEL2_BLO":"B","LEVEL3_SUR":"51","Surv_Sect":"51","SHAPE_AREA":599.8893440161773,"owner_count":0.0,"top_owner":"","top_owner_state":"","top_operator":"","max_propensity_score":0.0,"field_name":"Unknown","production_trend":null},"geometry":{"type":"Polygon","coordinates":[[[-101.87741220951821,31.202493415440486],[-101.87753941006413,31.188054389188697],[-101.89431547494452,31.189425688631935],[-101.89394933690608,31.202550634142426],[-101.87741220951821,31.202493415440486]]]}},{"type":"Feature","properties":{"ABSTRACT_L":"BB--S52","ABSTRACT_N":"BB--S52","LEVEL1_SUR":null,"LEVEL2_BLO":"B","LEVEL3_SUR":"52","Surv_Sect":"52","SHAPE_AREA":656.8433009845915,"owner_count":351.0,"top_owner":"LANE JOHN","top_owner_state":"CO","top_operator":"APACHE CORPORATION","max_propensity_score":7.0,"field_name":"Unknown","production_trend":null},"geometry":{"type":"Polygon","coordinates":[[[-101.89431547494452,31.189425688631935],[-101.89435125035071,31.17461777070102],[-101.91150765922745,31.17513844174598],[-101.9112780947566,31.189810095550172],[-101.89431547494452,31.189425688631935]]]}},{"type":"Feature","properties":{"ABSTRACT_L":"BB--S53","ABSTRACT_N":"BB--S53","LEVEL1_SUR":null,"LEVEL2_BLO":"B","LEVEL3_SUR":"53","Surv_Sect":"53","SHAPE_AREA":642.664154873706,"owner_count":0.0,"top_owner":"","top_owner_state":"","top_operator":"","max_propensity_score":0.0,"field_name":"Unknown","production_trend":null},"geometry":{"type":"Polygon","coordinates":[[[-101.9112780947566,31.189810095550172],[-101.91150765922745,31.17513844174598],[-101.92836896973674,31.175521380269764],[-101.9281353224229,31.190034255543456],[-101.9112780947566,31.189810095550172]]]}},{"type":"Feature","properties":{"ABSTRACT_L":"BB--S54","ABSTRACT_N":"BB--S54","LEVEL1_SUR":null,"LEVEL2_BLO":"B","LEVEL3_SUR":"54","Surv_Sect":"54","SHAPE_AREA":645.5874021744528,"owner_count":0.0,"top_owner":"","top_owner_state":"","top_operator":"","max_propensity_score":0.0,"field_name":"Unknown","production_trend":null},"geometry":{"type":"Polygon","coordinates":[[[-101.9281353224229,31.190034255543456],[-101.92836896973674,31.175521380269764],[-101.93388096045486,31.175578171806244],[-101.94532840861437,31.17569536558527],[-101.94519836400227,31.190242117379704],[-101.9281353224229,31.190034255543456]]]}},{"type":"Feature","properties":{"ABSTRACT_L":"BB--S55","ABSTRACT_N":"BB--S55","LEVEL1_SUR":null,"LEVEL2_BLO":"B","LEVEL3_SUR":"55","Surv_Sect":"55","SHAPE_AREA":632.7355848222816,"owner_count":0.0,"top_owner":"","top_owner_state":"","top_operator":"","max_propensity_score":0.0,"field_name":"Unknown","production_trend":null},"geometry":{"type":"Polygon","coordinates":[[[-101.96224879593001,31.175855633684566],[-101.96807411542598,31.175972690312673],[-101.97906470468651,31.176026294271395],[-101.97874495564933,31.190339454310873],[-101.96202632814989,31.190451298981174],[-101.96211349258022,31.181132404123858],[-101.96224879593001,31.175855633684566]]]}},{"type":"Feature","properties":{"ABSTRACT_L":"A-894","ABSTRACT_N":"894","LEVEL1_SUR":"GC&SF","LEVEL2_BLO":"B","LEVEL3_SUR":"56","Surv_Sect":"56","SHAPE_AREA":641.6463641156129,"owner_count":356.0,"top_owner":"HEWITT RUTLEDGE FAMILY LLC","top_owner_state":"CA","top_operator":"CRESCENT ENERGY OP","max_propensity_score":7.0,"field_name":"Unknown","production_trend":null},"geometry":{"type":"Polygon","coordinates":[[[-101.96224879593001,31.175855633684566],[-101.96211349258022,31.181132404123858],[-101.96202632814989,31.190451298981174],[-101.94519836400227,31.190242117379704],[-101.94532840861437,31.17569536558527],[-101.9558498895487,31.175775887034895],[-101.95645826638835,31.175776305144336],[-101.96224879593001,31.175855633684566]]]}},{"type":"Feature","properties":{"ABSTRACT_L":"BB--S57","ABSTRACT_N":"BB--S57","LEVEL1_SUR":null,"LEVEL2_BLO":"B","LEVEL3_SUR":"57","Surv_Sect":"57","SHAPE_AREA":648.1674780235227,"owner_count":0.0,"top_owner":"","top_owner_state":"","top_operator":"","max_propensity_score":0.0,"field_name":"Unknown","production_trend":null},"geometry":{"type":"Polygon","coordinates":[[[-101.9962430450326,31.16157750681442],[-101.99604596813398,31.175375795455047],[-101.99602600307679,31.17616294872023],[-101.97906470468651,31.176026294271395],[-101.97926421422291,31.161376533406244],[-101.9962430450326,31.16157750681442]]]}},{"type":"Feature","properties":{"ABSTRACT_L":"BB--S58","ABSTRACT_N":"BB--S58","LEVEL1_SUR":null,"LEVEL2_BLO":"B","LEVEL3_SUR":"58","Surv_Sect":"58","SHAPE_AREA":648.43872441597,"owner_count":2.0,"top_owner":"KCS INVESTMENT FUND LLC","top_owner_state":"CO","top_operator":"DIAMONDBACK E&P LLC","max_propensity_score":6.0,"field_name":"Unknown","production_trend":null},"geometry":{"type":"Polygon","coordinates":[[[-101.96247998545321,31.160986733901428],[-101.97926421422291,31.161376533406244],[-101.97906470468651,31.176026294271395],[-101.96807411542598,31.175972690312673],[-101.96224879593001,31.175855633684566],[-101.96236391233873,31.170550963997883],[-101.96247998545321,31.160986733901428]]]}},{"type":"Feature","properties":{"ABSTRACT_L":"BB--S6","ABSTRACT_N":"BB--S6","LEVEL1_SUR":null,"LEVEL2_BLO":"B","LEVEL3_SUR":"6","Surv_Sect":"6","SHAPE_AREA":1964.7678049211172,"owner_count":0.0,"top_owner":"","top_owner_state":"","top_operator":"","max_propensity_score":0.0,"field_name":"Unknown","production_trend":null},"geometry":{"type":"MultiPolygon","coordinates":[[[[-102.1139787389942,31.1032578521893],[-102.11397878121502,31.103257872187758],[-102.09878777658548,31.103259296693206],[-102.09889123915002,31.098547863403116],[-102.0991078346431,31.088683218493326],[-102.1077131839236,31.088764187711273],[-102.11172228598485,31.08880171438023],[-102.11541245737419,31.08883614464941],[-102.11560856858388,31.10325762836041],[-102.1139787389942,31.1032578521893]]],[[[-101.92888973658167,31.130507305245498],[-101.92917357636368,31.115558510147412],[-101.93766139007235,31.11544453133392],[-101.94623874874691,31.115644178552536],[-101.94595060872963,31.125157509467012],[-101.94580052899173,31.130711712097348],[-101.9374817072526,31.130611436483626],[-101.92888973658167,31.130507305245498]]],[[[-101.96236391233873,31.170550963997883],[-101.96224879593001,31.175855633684566],[-101.95645826638835,31.175776305144336],[-101.9558498895487,31.175775887034895],[-101.94532840861437,31.17569536558527],[-101.94535867644957,31.160551001023038],[-101.96247998545321,31.160986733901428],[-101.96236391233873,31.170550963997883]]]]}},{"type":"Feature","properties":{"ABSTRACT_L":"BB--S7","ABSTRACT_N":"BB--S7","LEVEL1_SUR":null,"LEVEL2_BLO":"B","LEVEL3_SUR":"7","Surv_Sect":"7","SHAPE_AREA":1293.0155136557385,"owner_count":0.0,"top_owner":"","top_owner_state":"","top_operator":"","max_propensity_score":0.0,"field_name":"Unknown","production_trend":null},"geometry":{"type":"MultiPolygon","coordinates":[[[[-101.94580052899173,31.130711712097348],[-101.94572446414506,31.135125727954936],[-101.94568712567028,31.137291883176783],[-101.94567381353608,31.138064154967033],[-101.94544479703754,31.14553849237954],[-101.92873126388407,31.145203932873333],[-101.9287912327175,31.13964516672573],[-101.9288341730864,31.134821992914485],[-101.92888973658167,31.130507305245498],[-101.9374817072526,31.130611436483626],[-101.94580052899173,31.130711712097348]]],[[[-101.96202632814989,31.190451298981174],[-101.96181425387763,31.20508871530683],[-101.94494572360841,31.20484568041198],[-101.94519836400227,31.190242117379704],[-101.96202632814989,31.190451298981174]]]]}},{"type":"Feature","properties":{"ABSTRACT_L":"BB--S8","ABSTRACT_N":"BB--S8","LEVEL1_SUR":null,"LEVEL2_BLO":"B","LEVEL3_SUR":"8","Surv_Sect":"8","SHAPE_AREA":1254.9281243762578,"owner_count":0.0,"top_owner":"","top_owner_state":"","top_operator":"","max_propensity_score":0.0,"field_name":"Unknown","production_trend":null},"geometry":{"type":"MultiPolygon","coordinates":[[[[-101.95905625886873,31.21095223104124],[-101.9563157702281,31.212455817875107],[-101.95432097490145,31.213586432504908],[-101.95366035294317,31.213960848203268],[-101.95095373528034,31.215443803942108],[-101.948767324812,31.21661657370541],[-101.94779770215894,31.21715358172333],[-101.94648503805172,31.217880553805415],[-101.94513726778318,31.218600964942706],[-101.94480931802576,31.21879113765096],[-101.94480931443252,31.218791089252186],[-101.94476179355397,31.21705849569063],[-101.94475010287887,31.216632372034063],[-101.94475010018392,31.21663231134213],[-101.94475009748899,31.216632251418517],[-101.94470831235354,31.21510875305979],[-101.94494572360841,31.20484568041198],[-101.96181425387763,31.20508871530683],[-101.96174017430772,31.20948582954784],[-101.96059925101481,31.210106743936393],[-101.95905625886873,31.21095223104124]]],[[[-101.96123956655607,31.21071783384162],[-101.96166976255911,31.210483132581892],[-101.96169326877515,31.210469180991534],[-101.96171609227157,31.210455633525868],[-101.9617161291025,31.210455612013448],[-101.96168908801582,31.2119320546156],[-101.96167595913795,31.2126498543519],[-101.96167518299355,31.21269224441372],[-101.96162728931417,31.215310269273516],[-101.96162632632019,31.2153628913928],[-101.96162211861137,31.215592844217337],[-101.96150344846741,31.218372696497035],[-101.96145169472726,31.219573947315897],[-101.96124791909158,31.21956951233692],[-101.95796083793991,31.219508717842032],[-101.95655960533556,31.219486322448148],[-101.95516389287862,31.219475289918336],[-101.95509972531956,31.21947478211924],[-101.95333723971527,31.219460827246206],[-101.95217376781042,31.219458099266117],[-101.9506118840939,31.21945441945053],[-101.9503030648588,31.219453689633234],[-101.94938851162759,31.219435082363017],[-101.94846260997943,31.219416239242783],[-101.94823245890869,31.219411553045482],[-101.94752420647744,31.219397133384486],[-101.9473555100536,31.219377447509125],[-101.94722886197158,31.21934468789871],[-101.94708216888232,31.21928846730132],[-101.94682202216593,31.219172672677864],[-101.94667581237029,31.219082594474155],[-101.94660404955549,31.219029350620698],[-101.9465352718424,31.218977838333515],[-101.94650525733213,31.218945115459867],[-101.946476363021,31.218909752157487],[-101.9464574489927,31.218873067480356],[-101.94645686149451,31.218839934333605],[-101.94646818386036,31.218809970140452],[-101.94649942816426,31.218786430680343],[-101.94654191757887,31.218756570950045],[-101.94710942556466,31.218440481910953],[-101.94825111512051,31.21781899920129],[-101.94930487757635,31.21724538110117],[-101.94965173327721,31.217054785051698],[-101.95058752537666,31.216540560537247],[-101.95158189302255,31.2159941348183],[-101.95180954138691,31.215870373167398],[-101.9518555854351,31.215845341018202],[-101.95185638313907,31.215844906952434],[-101.95185718174136,31.2158444728866],[-101.95189389229377,31.215824515076303],[-101.9519324039683,31.21580357850062],[-101.95240442732761,31.215546958334244],[-101.95243079198288,31.215532625665496],[-101.95327371355332,31.215074354798933],[-101.95407491466703,31.214638756371823],[-101.95415476591263,31.214595342312883],[-101.95490588145765,31.214178315415218],[-101.95586840831828,31.213643899563618],[-101.95616293984881,31.213480365739596],[-101.95689465088539,31.21307409062142],[-101.95893836936074,31.211957065520426],[-101.95902677256784,31.211908744698334],[-101.95960249025701,31.211594066399517],[-101.9604537904141,31.211138955654473],[-101.96120489607769,31.210737401665348],[-101.96123956655607,31.21071783384162]]],[[[-101.94535867644957,31.160551001023038],[-101.93411731978253,31.160322953052862],[-101.9285442032009,31.160209529993047],[-101.92873126388407,31.145203932873333],[-101.94544479703754,31.14553849237954],[-101.94535867644957,31.160551001023038]]],[[[-101.94622177328297,31.219069806487436],[-101.94628028055742,31.219080796043603],[-101.94631830354847,31.219095994739774],[-101.94634928374767,31.219116310623583],[-101.94637878801485,31.219136591932596],[-101.9464285618681,31.219172600464127],[-101.94667302310133,31.21934442132304],[-101.94685623180858,31.219473902497512],[-101.94692215377738,31.21950418759967],[-101.94537087826608,31.21949383111296],[-101.94580875037322,31.219221240999097],[-101.9460622675228,31.219094771714996],[-101.94611329093263,31.219072635885325],[-101.94616523781056,31.21906394718285],[-101.94622177328297,31.219069806487436]]]]}},{"type":"Feature","properties":{"ABSTRACT_L":"A-164","ABSTRACT_N":"164","LEVEL1_SUR":"GCSFRR","LEVEL2_BLO":"B","LEVEL3_SUR":"9","Surv_Sect":"9","SHAPE_AREA":1292.1807609440616,"owner_count":1.0,"top_owner":"3-T EXPLORATION INC","top_owner_state":"TX","top_operator":"3-T EXPLORATION INC","max_propensity_score":1.0,"field_name":"Unknown","production_trend":null},"geometry":{"type":"MultiPolygon","coordinates":[[[[-101.97422855244301,31.204973862959417],[-101.97422859740499,31.20497383913972],[-101.97422936815951,31.204973846054834],[-101.97861233916058,31.204883553017527],[-101.9784000358179,31.21657923973368],[-101.97834694089302,31.219721884820956],[-101.97570672849263,31.219688571438375],[-101.97469009250915,31.219682541625804],[-101.97061801135995,31.21966604856142],[-101.96823047079445,31.219633106212928],[-101.96573629840809,31.219615715850274],[-101.9637490884557,31.219623919750624],[-101.96145169472726,31.219573947315897],[-101.96150344846741,31.218372696497035],[-101.96162211861137,31.215592844217337],[-101.96162632632019,31.2153628913928],[-101.96162728931417,31.215310269273516],[-101.96167518299355,31.21269224441372],[-101.96167595913795,31.2126498543519],[-101.96168908801582,31.2119320546156],[-101.9617161291025,31.210455612013448],[-101.96253191616147,31.209988432623103],[-101.96255498310134,31.209975413682944],[-101.96332143558323,31.20955408462343],[-101.96386460191977,31.20927439892391],[-101.96387035473084,31.209271318763196],[-101.96465707769711,31.20883658638567],[-101.96492593447849,31.208690466587743],[-101.96582593859533,31.208201318353012],[-101.96685017702106,31.20764463417706],[-101.96837725551187,31.20681925854304],[-101.96856996030999,31.20671510117646],[-101.96924460586814,31.20633174256325],[-101.96929342750721,31.206304119366422],[-101.9703817706099,31.2056883048443],[-101.97093572750963,31.205381847095598],[-101.97156744078373,31.205032367139385],[-101.97157143379518,31.205030158913207],[-101.9733722244615,31.20499151187333],[-101.97338759104274,31.20499118225277],[-101.97338978922024,31.204991142298777],[-101.97339192541398,31.204991099271403],[-101.97339839328404,31.204990964810822],[-101.97422773681895,31.204973879862077],[-101.97422855244301,31.204973862959417]]],[[[-101.96247998545321,31.160986733901428],[-101.94535867644957,31.160551001023038],[-101.94544479703754,31.14553849237954],[-101.96248418328052,31.145835110669164],[-101.96247998545321,31.160986733901428]]],[[[-101.96614790736957,31.20701256822009],[-101.96190864974598,31.209394139419654],[-101.96174017430772,31.20948582954784],[-101.96181425387763,31.20508871530683],[-101.96974495041341,31.20503596146148],[-101.96864402191359,31.20564730080344],[-101.96773345450731,31.206166869945104],[-101.96614790736957,31.20701256822009]]]]}},{"type":"Feature","properties":{"ABSTRACT_L":"BC--S1","ABSTRACT_N":"BC--S1","LEVEL1_SUR":null,"LEVEL2_BLO":"C","LEVEL3_SUR":"1","Surv_Sect":"1","SHAPE_AREA":646.5831695488272,"owner_count":0.0,"top_owner":"","top_owner_state":"","top_operator":"","max_propensity_score":0.0,"field_name":"Unknown","production_trend":null},"geometry":{"type":"Polygon","coordinates":[[[-102.26750466044976,31.462910967653244],[-102.26737806087677,31.46252269294521],[-102.26543676561518,31.45664768261946],[-102.27325474514238,31.454905071072698],[-102.28186240938133,31.45298580095086],[-102.28380329950275,31.458717373229877],[-102.28651675873478,31.466914765685107],[-102.27007608166235,31.470796775476728],[-102.26750466044976,31.462910967653244]]]}},{"type":"Feature","properties":{"ABSTRACT_L":"BC--S17","ABSTRACT_N":"BC--S17","LEVEL1_SUR":null,"LEVEL2_BLO":"C","LEVEL3_SUR":"17","Surv_Sect":"17","SHAPE_AREA":2.098288984503326,"owner_count":0.0,"top_owner":"","top_owner_state":"","top_operator":"","max_propensity_score":0.0,"field_name":"Unknown","production_trend":null},"geometry":{"type":"Polygon","coordinates":[[[-101.77564031118068,31.53970312236544],[-101.77632454355954,31.541901473606387],[-101.77564148707538,31.542064235394776],[-101.77564031118068,31.53970312236544]]]}},{"type":"Feature","properties":{"ABSTRACT_L":"A-623","ABSTRACT_N":"623","LEVEL1_SUR":"L&SV","LEVEL2_BLO":"C","LEVEL3_SUR":"18","Surv_Sect":"18","SHAPE_AREA":571.2780108308372,"owner_count":554.0,"top_owner":"MCMAHON LAURENE K LIFE ESTATE","top_owner_state":"IL","top_operator":"XTO ENERGY INC","max_propensity_score":10.0,"field_name":"Unknown","production_trend":null},"geometry":{"type":"Polygon","coordinates":[[[-101.77572277921871,31.534483268783678],[-101.7758425084764,31.526900970669036],[-101.78813331299095,31.524102975366784],[-101.79043461349255,31.531238645657933],[-101.79262101497773,31.53801700098176],[-101.78445110606494,31.53996471018829],[-101.78441838942229,31.539972508712967],[-101.77632454355954,31.541901473606387],[-101.77564031118068,31.53970312236544],[-101.77572277921871,31.534483268783678]]]}},{"type":"Feature","properties":{"ABSTRACT_L":"A-297","ABSTRACT_N":"297","LEVEL1_SUR":"L&SV","LEVEL2_BLO":"C","LEVEL3_SUR":"19","Surv_Sect":"19","SHAPE_AREA":403.7749992015396,"owner_count":81.0,"top_owner":"BLACK DOG ENERGY LLC","top_owner_state":"OK","top_operator":"XTO ENERGY INC","max_propensity_score":8.0,"field_name":"Unknown","production_trend":null},"geometry":{"type":"Polygon","coordinates":[[[-101.77562638729377,31.51170845920188],[-101.7836840867461,31.509861090241326],[-101.78813331299095,31.524102975366784],[-101.7758425084764,31.526900970669036],[-101.77562638729377,31.51170845920188]]]}},{"type":"Feature","properties":{"ABSTRACT_L":"BC--S2","ABSTRACT_N":"BC--S2","LEVEL1_SUR":null,"LEVEL2_BLO":"C","LEVEL3_SUR":"2","Surv_Sect":"2","SHAPE_AREA":667.1045594936487,"owner_count":0.0,"top_owner":"","top_owner_state":"","top_operator":"","max_propensity_score":0.0,"field_name":"Unknown","production_trend":null},"geometry":{"type":"Polygon","coordinates":[[[-102.27045727726158,31.47196568890329],[-102.27007608166235,31.470796775476728],[-102.28651675873478,31.466914765685107],[-102.28852372353859,31.472976983188367],[-102.29124196540121,31.48136271901863],[-102.27475716757361,31.485240524476485],[-102.27045727726158,31.47196568890329]]]}},{"type":"Feature","properties":{"ABSTRACT_L":"BC--S3","ABSTRACT_N":"BC--S3","LEVEL1_SUR":null,"LEVEL2_BLO":"C","LEVEL3_SUR":"3","Surv_Sect":"3","SHAPE_AREA":665.4073226204185,"owner_count":0.0,"top_owner":"","top_owner_state":"","top_operator":"","max_propensity_score":0.0,"field_name":"Unknown","production_trend":null},"geometry":{"type":"Polygon","coordinates":[[[-102.28852372353859,31.472976983188367],[-102.28651675873478,31.466914765685107],[-102.29455107504027,31.465016783028705],[-102.30288405602491,31.463047620161532],[-102.30535903321028,31.470466449918327],[-102.30770893436538,31.477509359210764],[-102.29124196540121,31.48136271901863],[-102.28852372353859,31.472976983188367]]]}},{"type":"Feature","properties":{"ABSTRACT_L":"A-699","ABSTRACT_N":"699","LEVEL1_SUR":"L&SV","LEVEL2_BLO":"C","LEVEL3_SUR":"30","Surv_Sect":"30","SHAPE_AREA":234.109902546175,"owner_count":362.0,"top_owner":"ALLDALE MINERALS II LP","top_owner_state":"OK","top_operator":"XTO ENERGY INC","max_propensity_score":8.0,"field_name":"Unknown","production_trend":null},"geometry":{"type":"Polygon","coordinates":[[[-101.7755206654663,31.496504117439194],[-101.77928515447907,31.495658457005977],[-101.78333368988639,31.508729920526076],[-101.7836840867461,31.509861090241326],[-101.77562638729377,31.51170845920188],[-101.7755206654663,31.496504117439194]]]}},{"type":"Feature","properties":{"ABSTRACT_L":"BC--S31","ABSTRACT_N":"BC--S31","LEVEL1_SUR":null,"LEVEL2_BLO":"C","LEVEL3_SUR":"31","Surv_Sect":"31","SHAPE_AREA":69.31176411353223,"owner_count":0.0,"top_owner":"","top_owner_state":"","top_operator":"","max_propensity_score":0.0,"field_name":"Unknown","production_trend":null},"geometry":{"type":"Polygon","coordinates":[[[-101.7753928962868,31.483417486315442],[-101.77956922063655,31.49555438312409],[-101.77928515447907,31.495658457005977],[-101.7755206654663,31.496504117439194],[-101.7753928962868,31.483417486315442]]]}},{"type":"Feature","properties":{"ABSTRACT_L":"A-28","ABSTRACT_N":"28","LEVEL1_SUR":"CCSD&RGNG RR","LEVEL2_BLO":"C","LEVEL3_SUR":"35","Surv_Sect":"35","SHAPE_AREA":619.1782752059661,"owner_count":75.0,"top_owner":"BROADMOOR LAND & MINERALS LLC","top_owner_state":"MS","top_operator":"DIAMONDBACK E&P LLC","max_propensity_score":8.0,"field_name":"Unknown","production_trend":null},"geometry":{"type":"Polygon","coordinates":[[[-101.96801742993492,31.42199870821204],[-101.97611676899562,31.42000981897817],[-101.98431978891148,31.41799484887307],[-101.98834639554438,31.430504616546028],[-101.98866742378253,31.431501850214946],[-101.9860064279597,31.43215401091491],[-101.98480610536527,31.43244816515459],[-101.98087474889857,31.433411504898647],[-101.9801792552393,31.43358191344774],[-101.97576270790786,31.434663944744297],[-101.97485225818089,31.43488697704044],[-101.97233872710015,31.435502677862484],[-101.97006946950474,31.428411013349756],[-101.96801742993492,31.42199870821204]]]}},{"type":"Feature","properties":{"ABSTRACT_L":"A-1489","ABSTRACT_N":"1489","LEVEL1_SUR":"BLK C SEC 36 A-1489","LEVEL2_BLO":"C","LEVEL3_SUR":"36","Surv_Sect":"36","SHAPE_AREA":666.4288187716553,"owner_count":345.0,"top_owner":"CIRRUS MINERALS LLC","top_owner_state":"LA","top_operator":"SUMMIT PETROLEUM LLC","max_propensity_score":8.0,"field_name":"Unknown","production_trend":null},"geometry":{"type":"Polygon","coordinates":[[[-101.9677966716488,31.42133582596764],[-101.9631909436101,31.40750406735806],[-101.97136585703736,31.405532611771637],[-101.97961309562474,31.40354308744345],[-101.98431978891148,31.41799484887307],[-101.97611676899562,31.42000981897817],[-101.96801742993492,31.42199870821204],[-101.9677966716488,31.42133582596764]]]}},{"type":"Feature","properties":{"ABSTRACT_L":"A-29","ABSTRACT_N":"29","LEVEL1_SUR":"CCSD&RGNG","LEVEL2_BLO":"C","LEVEL3_SUR":"37","Surv_Sect":"37","SHAPE_AREA":638.0053916870658,"owner_count":5001.0,"top_owner":"AUSTIN ROYALTIES LLC","top_owner_state":"OK","top_operator":"SUMMIT PETROLEUM LLC","max_propensity_score":9.0,"field_name":"Unknown","production_trend":null},"geometry":{"type":"Polygon","coordinates":[[[-101.9668478467912,31.391587477877714],[-101.975137585573,31.38966555880716],[-101.97961309562474,31.40354308744345],[-101.97136585703736,31.405532611771637],[-101.9631909436101,31.40750406735806],[-101.96107795514487,31.400502930978792],[-101.95894060347084,31.393420133770395],[-101.9668478467912,31.391587477877714]]]}},{"type":"Feature","properties":{"ABSTRACT_L":"A-1490","ABSTRACT_N":"1490","LEVEL1_SUR":"CCSD","LEVEL2_BLO":"C","LEVEL3_SUR":"38","Surv_Sect":"38","SHAPE_AREA":643.3825292197491,"owner_count":1.0,"top_owner":"DIAMONDBACK E & P LLC","top_owner_state":"OK","top_operator":"DIAMONDBACK E&P LLC","max_propensity_score":6.0,"field_name":"Unknown","production_trend":null},"geometry":{"type":"Polygon","coordinates":[[[-101.975137585573,31.38966555880716],[-101.9668478467912,31.391587477877714],[-101.95894060347084,31.393420133770395],[-101.95431747326846,31.37946085240023],[-101.97049673071174,31.375368846321287],[-101.975137585573,31.38966555880716]]]}},{"type":"Feature","properties":{"ABSTRACT_L":"A-30","ABSTRACT_N":"30","LEVEL1_SUR":"CCSD","LEVEL2_BLO":"C","LEVEL3_SUR":"39","Surv_Sect":"39","SHAPE_AREA":661.3465426240656,"owner_count":60.0,"top_owner":"BEAN BRYAN SAMUEL","top_owner_state":"NM","top_operator":"COG OPERATING LLC","max_propensity_score":5.0,"field_name":"Unknown","production_trend":null},"geometry":{"type":"Polygon","coordinates":[[[-101.97049673071174,31.375368846321287],[-101.98668387176997,31.371442941192054],[-101.98801800471418,31.375149113884817],[-101.99152745483127,31.386004964238484],[-101.975137585573,31.38966555880716],[-101.97049673071174,31.375368846321287]]]}},{"type":"Feature","properties":{"ABSTRACT_L":"BC--S4","ABSTRACT_N":"BC--S4","LEVEL1_SUR":null,"LEVEL2_BLO":"C","LEVEL3_SUR":"4","Surv_Sect":"4","SHAPE_AREA":677.6148956481993,"owner_count":0.0,"top_owner":"","top_owner_state":"","top_operator":"","max_propensity_score":0.0,"field_name":"Unknown","production_trend":null},"geometry":{"type":"Polygon","coordinates":[[[-102.29124196540121,31.48136271901863],[-102.30770893436538,31.477509359210764],[-102.31221370254593,31.491622775679243],[-102.31256256418483,31.491542353964235],[-102.31268210928789,31.4919147300987],[-102.31286161154628,31.492477172849284],[-102.29593385984197,31.49576378926786],[-102.29124196540121,31.48136271901863]]]}},{"type":"Feature","properties":{"ABSTRACT_L":"A-1293","ABSTRACT_N":"1293","LEVEL1_SUR":"CCSD","LEVEL2_BLO":"C","LEVEL3_SUR":"40","Surv_Sect":"40","SHAPE_AREA":633.5245909291847,"owner_count":87.0,"top_owner":"LANE PATRICIA H LIVING TRUST","top_owner_state":"AZ","top_operator":"COG OPERATING LLC","max_propensity_score":7.0,"field_name":"Unknown","production_trend":null},"geometry":{"type":"Polygon","coordinates":[[[-101.975137585573,31.38966555880716],[-101.99152745483127,31.386004964238484],[-101.99373634743623,31.39262421306314],[-101.99602847973203,31.399688730948736],[-101.97961309562474,31.40354308744345],[-101.975137585573,31.38966555880716]]]}},{"type":"Feature","properties":{"ABSTRACT_L":"A-31","ABSTRACT_N":"31","LEVEL1_SUR":"BLK C SEC 41 A-31","LEVEL2_BLO":"C","LEVEL3_SUR":"41","Surv_Sect":"41","SHAPE_AREA":665.3151618125858,"owner_count":5871.0,"top_owner":"FACTORY POND MINERALS LLC","top_owner_state":"ND","top_operator":"SUMMIT PETROLEUM LLC","max_propensity_score":10.0,"field_name":"Unknown","production_trend":null},"geometry":{"type":"Polygon","coordinates":[[[-101.97961309562474,31.40354308744345],[-101.99602847973203,31.399688730948736],[-102.00094214396192,31.413814498135178],[-101.98431978891148,31.41799484887307],[-101.97961309562474,31.40354308744345]]]}},{"type":"Feature","properties":{"ABSTRACT_L":"BC--S42","ABSTRACT_N":"BC--S42","LEVEL1_SUR":null,"LEVEL2_BLO":"C","LEVEL3_SUR":"42","Surv_Sect":"42","SHAPE_AREA":642.3369279414234,"owner_count":0.0,"top_owner":"","top_owner_state":"","top_operator":"","max_propensity_score":0.0,"field_name":"Unknown","production_trend":null},"geometry":{"type":"Polygon","coordinates":[[[-102.00094214396192,31.413814498135178],[-102.00513153071421,31.426715155278558],[-102.0054649700763,31.427724794168505],[-101.9975363594286,31.429501740672126],[-101.98928821354278,31.431349695952875],[-101.98887460403314,31.431451071090446],[-101.98866742378253,31.431501850214946],[-101.98834639554438,31.430504616546028],[-101.98431978891148,31.41799484887307],[-102.00094214396192,31.413814498135178]]]}},{"type":"Feature","properties":{"ABSTRACT_L":"A-32","ABSTRACT_N":"32","LEVEL1_SUR":"CCSD","LEVEL2_BLO":"C","LEVEL3_SUR":"43","Surv_Sect":"43","SHAPE_AREA":632.1669327192841,"owner_count":1.0,"top_owner":"COG OPERATING LLC WI","top_owner_state":"TX","top_operator":"COG OPERATING LLC","max_propensity_score":3.0,"field_name":"Unknown","production_trend":null},"geometry":{"type":"Polygon","coordinates":[[[-102.0170565313636,31.41001124770096],[-102.0213801129446,31.423053853157157],[-102.02166468575189,31.42391218535734],[-102.01176201918248,31.426313105259432],[-102.0054649700763,31.427724794168505],[-102.00513153071421,31.426715155278558],[-102.00094214396192,31.413814498135178],[-102.0170565313636,31.41001124770096]]]}},{"type":"Feature","properties":{"ABSTRACT_L":"A-1491","ABSTRACT_N":"1491","LEVEL1_SUR":"BLK C SEC 44 A-1491","LEVEL2_BLO":"C","LEVEL3_SUR":"44","Surv_Sect":"44","SHAPE_AREA":655.6100754257935,"owner_count":2146.0,"top_owner":"CONNORS CASEY","top_owner_state":"MD","top_operator":"SUMMIT PETROLEUM LLC","max_propensity_score":7.0,"field_name":"Unknown","production_trend":null},"geometry":{"type":"Polygon","coordinates":[[[-101.99602847973203,31.399688730948736],[-102.0122924240521,31.395454117504734],[-102.0170565313636,31.41001124770096],[-102.00094214396192,31.413814498135178],[-101.99602847973203,31.399688730948736]]]}},{"type":"Feature","properties":{"ABSTRACT_L":"A-33","ABSTRACT_N":"33","LEVEL1_SUR":"CCSD &RGNG","LEVEL2_BLO":"C","LEVEL3_SUR":"45","Surv_Sect":"45","SHAPE_AREA":642.2427891175458,"owner_count":1351.0,"top_owner":"VENCER ENERGY LLC","top_owner_state":"CO","top_operator":"SUMMIT PETROLEUM","max_propensity_score":9.0,"field_name":"Unknown","production_trend":null},"geometry":{"type":"Polygon","coordinates":[[[-101.99373634743623,31.39262421306314],[-101.99152745483127,31.386004964238484],[-101.99962624502136,31.383898768016625],[-102.00767469002963,31.381918670615338],[-102.00826319793183,31.381752486671896],[-102.01043272186946,31.38854280395794],[-102.01260242547012,31.395378317501983],[-102.0122924240521,31.395454117504734],[-101.99602847973203,31.399688730948736],[-101.99373634743623,31.39262421306314]]]}},{"type":"Feature","properties":{"ABSTRACT_L":"A-775","ABSTRACT_N":"775","LEVEL1_SUR":"CCSD","LEVEL2_BLO":"C","LEVEL3_SUR":"46","Surv_Sect":"46","SHAPE_AREA":659.0232366171794,"owner_count":2.0,"top_owner":"COG OPERATING LLC WI","top_owner_state":"TX","top_operator":"ATLAS OPERATING","max_propensity_score":3.0,"field_name":"Unknown","production_trend":null},"geometry":{"type":"Polygon","coordinates":[[[-101.98801800471418,31.375149113884817],[-101.98668387176997,31.371442941192054],[-102.00014339524895,31.368277665983445],[-102.00304436881339,31.36758654991276],[-102.00555453480509,31.37514772338515],[-102.00767469002963,31.381918670615338],[-101.99962624502136,31.383898768016625],[-101.99152745483127,31.386004964238484],[-101.98801800471418,31.375149113884817]]]}},{"type":"Feature","properties":{"ABSTRACT_L":"A-34","ABSTRACT_N":"34","LEVEL1_SUR":"CCSD&RGNG RR","LEVEL2_BLO":"C","LEVEL3_SUR":"47","Surv_Sect":"47","SHAPE_AREA":659.2065475842613,"owner_count":47.0,"top_owner":"BUSBY ROYALTY COMPANY LLC","top_owner_state":"OK","top_operator":"PIONEER EXPLORATION,","max_propensity_score":7.0,"field_name":"Unknown","production_trend":null},"geometry":{"type":"Polygon","coordinates":[[[-102.00555453480509,31.37514772338515],[-102.00304436881339,31.36758654991276],[-102.01964181807259,31.36370239872183],[-102.02341405056312,31.375148701259974],[-102.02424855851261,31.37768113133821],[-102.00826319793183,31.381752486671896],[-102.00767469002963,31.381918670615338],[-102.00555453480509,31.37514772338515]]]}},{"type":"Feature","properties":{"ABSTRACT_L":"A-907","ABSTRACT_N":"907","LEVEL1_SUR":"CCSD","LEVEL2_BLO":"C","LEVEL3_SUR":"48","Surv_Sect":"48","SHAPE_AREA":621.1328087497051,"owner_count":2.0,"top_owner":"COG OPERATING LLC WI","top_owner_state":"TX","top_operator":"COG OPERATING LLC","max_propensity_score":3.0,"field_name":"Unknown","production_trend":null},"geometry":{"type":"Polygon","coordinates":[[[-102.01043272186946,31.38854280395794],[-102.00826319793183,31.381752486671896],[-102.02424855851261,31.37768113133821],[-102.0288004073972,31.39148445852339],[-102.01260242547012,31.395378317501983],[-102.01043272186946,31.38854280395794]]]}},{"type":"Feature","properties":{"ABSTRACT_L":"A-35","ABSTRACT_N":"35","LEVEL1_SUR":"A 35 CCSD&RGNG","LEVEL2_BLO":"C","LEVEL3_SUR":"49","Surv_Sect":"49","SHAPE_AREA":674.2296236824338,"owner_count":92.0,"top_owner":"WESTERVELT LP","top_owner_state":"OK","top_operator":"COG OPERATING LLC","max_propensity_score":8.0,"field_name":"Unknown","production_trend":null},"geometry":{"type":"Polygon","coordinates":[[[-102.0122924240521,31.395454117504734],[-102.01260242547012,31.395378317501983],[-102.0288004073972,31.39148445852339],[-102.03353413997401,31.406008966756914],[-102.0170565313636,31.41001124770096],[-102.0122924240521,31.395454117504734]]]}},{"type":"Feature","properties":{"ABSTRACT_L":"A-293","ABSTRACT_N":"293","LEVEL1_SUR":"L&SV","LEVEL2_BLO":"C","LEVEL3_SUR":"5","Surv_Sect":"5","SHAPE_AREA":928.0592188662667,"owner_count":520.0,"top_owner":"DAVISON HOLDINGS LLC","top_owner_state":"CO","top_operator":"PIONEER NATURAL RES.","max_propensity_score":8.0,"field_name":"Unknown","production_trend":null},"geometry":{"type":"MultiPolygon","coordinates":[[[[-102.29124196540121,31.48136271901863],[-102.29593385984197,31.49576378926786],[-102.27932508731861,31.499213516507183],[-102.27475716757361,31.485240524476485],[-102.29124196540121,31.48136271901863]]],[[[-101.7827053560744,31.562140134901156],[-101.7849002403508,31.56930172917902],[-101.7768933361362,31.57126019301991],[-101.77565616734374,31.571562748207533],[-101.7756522785369,31.56369981216355],[-101.77564887122702,31.556907067225755],[-101.7807266334048,31.555683012547124],[-101.7827053560744,31.562140134901156]]]]}},{"type":"Feature","properties":{"ABSTRACT_L":"BC--S50","ABSTRACT_N":"BC--S50","LEVEL1_SUR":null,"LEVEL2_BLO":"C","LEVEL3_SUR":"50","Surv_Sect":"50","SHAPE_AREA":647.3042798859975,"owner_count":212.0,"top_owner":"LANE JOHN","top_owner_state":"CO","top_operator":"COG OPERATING LLC","max_propensity_score":7.0,"field_name":"Unknown","production_trend":null},"geometry":{"type":"Polygon","coordinates":[[[-102.0170565313636,31.41001124770096],[-102.03353413997401,31.406008966756914],[-102.03817406058735,31.42005399089366],[-102.02519764388164,31.423065612330138],[-102.02166468575189,31.42391218535734],[-102.0213801129446,31.423053853157157],[-102.0170565313636,31.41001124770096]]]}},{"type":"Feature","properties":{"ABSTRACT_L":"A-36","ABSTRACT_N":"36","LEVEL1_SUR":"CCSD","LEVEL2_BLO":"C","LEVEL3_SUR":"51","Surv_Sect":"51","SHAPE_AREA":646.2365748015781,"owner_count":594.0,"top_owner":"PATHFINDER EXPLORATION LLC","top_owner_state":"WI","top_operator":"COG OPERATING LLC","max_propensity_score":9.0,"field_name":"Unknown","production_trend":null},"geometry":{"type":"Polygon","coordinates":[[[-102.03817406058735,31.42005399089366],[-102.0405754684459,31.427374162229494],[-102.04272580706399,31.433921442695826],[-102.04272377687145,31.43392193554279],[-102.02968667268011,31.437089273764933],[-102.02624139012205,31.437926040703196],[-102.02166468575189,31.42391218535734],[-102.02519764388164,31.423065612330138],[-102.03817406058735,31.42005399089366]]]}},{"type":"Feature","properties":{"ABSTRACT_L":"A-1322","ABSTRACT_N":"1322","LEVEL1_SUR":"CCSD","LEVEL2_BLO":"C","LEVEL3_SUR":"52","Surv_Sect":"52","SHAPE_AREA":644.0629333606468,"owner_count":240.0,"top_owner":"PATHFINDER EXPLORATION LLC","top_owner_state":"WI","top_operator":"COG OPERATING","max_propensity_score":9.0,"field_name":"Unknown","production_trend":null},"geometry":{"type":"Polygon","coordinates":[[[-102.02846178565422,31.444468022608895],[-102.02624139012205,31.437926040703196],[-102.02968667268011,31.437089273764933],[-102.04272377687145,31.43392193554279],[-102.04272580706399,31.433921442695826],[-102.04729671550396,31.44785692911007],[-102.04723444788172,31.447872058716936],[-102.04619889068344,31.448125655149017],[-102.03416402337987,31.45107279388548],[-102.03387892685477,31.45114059198068],[-102.03088698000317,31.451824841145623],[-102.0291388135445,31.446462571541314],[-102.02846178565422,31.444468022608895]]]}},{"type":"Feature","properties":{"ABSTRACT_L":"A-37","ABSTRACT_N":"37","LEVEL1_SUR":"BLK C SEC 53 A-37","LEVEL2_BLO":"C","LEVEL3_SUR":"53","Surv_Sect":"53","SHAPE_AREA":651.6486247018895,"owner_count":489.0,"top_owner":"FORTUNE OIL PARTNERS LLC","top_owner_state":"OK","top_operator":"COG OPERATING LLC","max_propensity_score":9.0,"field_name":"Unknown","production_trend":null},"geometry":{"type":"Polygon","coordinates":[[[-102.04619889068344,31.448125655149017],[-102.04723444788172,31.447872058716936],[-102.04729671550396,31.44785692911007],[-102.04957777426726,31.45480653519446],[-102.04960477942133,31.454888801567613],[-102.05187753056488,31.461812158259082],[-102.03868483187811,31.465188038243753],[-102.03534156200374,31.466043287485647],[-102.03492059259698,31.46469976945575],[-102.03088698000317,31.451824841145623],[-102.03387892685477,31.45114059198068],[-102.03416402337987,31.45107279388548],[-102.04619889068344,31.448125655149017]]]}},{"type":"Feature","properties":{"ABSTRACT_L":"A-1250","ABSTRACT_N":"1250","LEVEL1_SUR":"CCSD","LEVEL2_BLO":"C","LEVEL3_SUR":"54","Surv_Sect":"54","SHAPE_AREA":648.8682749828517,"owner_count":1.0,"top_owner":"COG OPERATING LLC WI","top_owner_state":"TX","top_operator":"COG OPERATING LLC","max_propensity_score":3.0,"field_name":"Unknown","production_trend":null},"geometry":{"type":"Polygon","coordinates":[[[-102.03534156200374,31.466043287485647],[-102.03868483187811,31.465188038243753],[-102.05187753056488,31.461812158259082],[-102.05647611250549,31.4758177286124],[-102.05641057771058,31.475833579234433],[-102.03990642747681,31.479858767333916],[-102.03534156200374,31.466043287485647]]]}},{"type":"Feature","properties":{"ABSTRACT_L":"A-38","ABSTRACT_N":"38","LEVEL1_SUR":"BLK C SEC 55 A-38","LEVEL2_BLO":"C","LEVEL3_SUR":"55","Surv_Sect":"55","SHAPE_AREA":656.8200003007014,"owner_count":148.0,"top_owner":"FORTUNE OIL PARTNERS LLC","top_owner_state":"OK","top_operator":"COG OPERATING LLC","max_propensity_score":9.0,"field_name":"Unknown","production_trend":null},"geometry":{"type":"Polygon","coordinates":[[[-102.04101858312104,31.483224125594223],[-102.03990642747681,31.479858767333916],[-102.05641057771058,31.475833579234433],[-102.05647611250549,31.4758177286124],[-102.06113478365377,31.49000243882049],[-102.04454225177246,31.49388522432966],[-102.04101858312104,31.483224125594223]]]}},{"type":"Feature","properties":{"ABSTRACT_L":"BC--S56","ABSTRACT_N":"BC--S56","LEVEL1_SUR":"CCSD&RGNG RR","LEVEL2_BLO":"C","LEVEL3_SUR":"56","Surv_Sect":"56","SHAPE_AREA":650.9940652355841,"owner_count":14.0,"top_owner":"LHAH PROPERTIES LLC","top_owner_state":"TX","top_operator":"COG OPERATING LLC","max_propensity_score":4.0,"field_name":"Unknown","production_trend":null},"geometry":{"type":"Polygon","coordinates":[[[-102.0473796605474,31.502468393905694],[-102.04454225177246,31.49388522432966],[-102.06113478365377,31.49000243882049],[-102.06571893326102,31.503956444108965],[-102.0578461331453,31.505854791891228],[-102.04918921338101,31.507941549359366],[-102.0473796605474,31.502468393905694]]]}},{"type":"Feature","properties":{"ABSTRACT_L":"A-39","ABSTRACT_N":"39","LEVEL1_SUR":"CCSD","LEVEL2_BLO":"C","LEVEL3_SUR":"57","Surv_Sect":"57","SHAPE_AREA":641.272799077893,"owner_count":131.0,"top_owner":"KRP LEGACY NBR LLC","top_owner_state":"LA","top_operator":"COG OPERATING LLC","max_propensity_score":8.0,"field_name":"Unknown","production_trend":null},"geometry":{"type":"Polygon","coordinates":[[[-102.06113478365377,31.49000243882049],[-102.07743082747389,31.486186577692227],[-102.07852335852245,31.489326538769234],[-102.08204436277072,31.49917034241148],[-102.08219804115963,31.499610627330725],[-102.08231728353044,31.499952251018637],[-102.07450577277162,31.50183702137736],[-102.06571893326102,31.503956444108965],[-102.06113478365377,31.49000243882049]]]}},{"type":"Feature","properties":{"ABSTRACT_L":"A-1378","ABSTRACT_N":"1378","LEVEL1_SUR":"BLK C SEC 58 A-1378","LEVEL2_BLO":"C","LEVEL3_SUR":"58","Surv_Sect":"58","SHAPE_AREA":651.6299297535742,"owner_count":1927.0,"top_owner":"BROADMOOR LAND & MINERALS LLC","top_owner_state":"MS","top_operator":"APACHE","max_propensity_score":10.0,"field_name":"Unknown","production_trend":null},"geometry":{"type":"Polygon","coordinates":[[[-102.07277619784607,31.47187401517439],[-102.07279719237258,31.471937152924934],[-102.07314069196754,31.4729701934695],[-102.07414723717541,31.476050410479306],[-102.0750219824631,31.478750268640038],[-102.07601566559275,31.481843081424064],[-102.07691816433113,31.484713107902575],[-102.07743082747389,31.486186577692227],[-102.06113478365377,31.49000243882049],[-102.05647611250549,31.4758177286124],[-102.07277619784607,31.47187401517439]]]}},{"type":"Feature","properties":{"ABSTRACT_L":"A-40","ABSTRACT_N":"40","LEVEL1_SUR":"CCSD","LEVEL2_BLO":"C","LEVEL3_SUR":"59","Surv_Sect":"59","SHAPE_AREA":640.274223536388,"owner_count":88.0,"top_owner":"MK WATSON LLC","top_owner_state":"AZ","top_operator":"COG OPERATING LLC","max_propensity_score":8.0,"field_name":"Unknown","production_trend":null},"geometry":{"type":"Polygon","coordinates":[[[-102.06810004458404,31.45786245477485],[-102.06981735660763,31.463067267376903],[-102.07132124508941,31.46760422472811],[-102.07233957439718,31.470560887873635],[-102.07277619784607,31.47187401517439],[-102.05647611250549,31.4758177286124],[-102.05187753056488,31.461812158259082],[-102.06810004458404,31.45786245477485]]]}},{"type":"Feature","properties":{"ABSTRACT_L":"A-622","ABSTRACT_N":"622","LEVEL1_SUR":"L&SV","LEVEL2_BLO":"C","LEVEL3_SUR":"6","Surv_Sect":"6","SHAPE_AREA":1271.5041727647415,"owner_count":236.0,"top_owner":"BLACK DOG ENERGY LLC","top_owner_state":"OK","top_operator":"PIONEER NATURAL RES.","max_propensity_score":8.0,"field_name":"Unknown","production_trend":null},"geometry":{"type":"MultiPolygon","coordinates":[[[[-102.28186240938133,31.45298580095086],[-102.29830463245437,31.449317783995895],[-102.29858483226285,31.450157975373063],[-102.30288405602491,31.463047620161532],[-102.29455107504027,31.465016783028705],[-102.28651675873478,31.466914765685107],[-102.28380329950275,31.458717373229877],[-102.28186240938133,31.45298580095086]]],[[[-101.8015151941816,31.56562221236542],[-101.7928615478782,31.56753894505812],[-101.7849002403508,31.56930172917902],[-101.7827053560744,31.562140134901156],[-101.7807266334048,31.555683012547124],[-101.7887517877927,31.553726097061226],[-101.79720188303926,31.551664911738186],[-101.7992325948076,31.55823648249454],[-101.8015151941816,31.56562221236542]]]]}},{"type":"Feature","properties":{"ABSTRACT_L":"A-1534","ABSTRACT_N":"1534","LEVEL1_SUR":"CCSD","LEVEL2_BLO":"C","LEVEL3_SUR":"60","Surv_Sect":"60","SHAPE_AREA":635.8340404285485,"owner_count":94.0,"top_owner":"MK WATSON LLC","top_owner_state":"AZ","top_operator":"COG OPERATING LLC","max_propensity_score":8.0,"field_name":"Unknown","production_trend":null},"geometry":{"type":"Polygon","coordinates":[[[-102.06361094392037,31.443965041310374],[-102.06386136906875,31.444743822202923],[-102.0651835373517,31.448896185335816],[-102.06584986810358,31.45096614991905],[-102.06622970275517,31.452146070978813],[-102.06810004458404,31.45786245477485],[-102.05187753056488,31.461812158259082],[-102.04960477942133,31.454888801567613],[-102.04957777426726,31.45480653519446],[-102.04729671550396,31.44785692911007],[-102.06361094392037,31.443965041310374]]]}},{"type":"Feature","properties":{"ABSTRACT_L":"A-41","ABSTRACT_N":"41","LEVEL1_SUR":"CCSD","LEVEL2_BLO":"C","LEVEL3_SUR":"61","Surv_Sect":"61","SHAPE_AREA":640.6309091539791,"owner_count":107.0,"top_owner":"MK WATSON LLC","top_owner_state":"AZ","top_operator":"COG OPERATING LLC","max_propensity_score":8.0,"field_name":"Unknown","production_trend":null},"geometry":{"type":"Polygon","coordinates":[[[-102.04272580706399,31.433921442695826],[-102.0427298683474,31.433920455468904],[-102.05512701093372,31.43090216300392],[-102.05901209518012,31.42996517395126],[-102.05945583148944,31.43131844184791],[-102.06186719357966,31.438541959926216],[-102.06361094392037,31.443965041310374],[-102.04729671550396,31.44785692911007],[-102.04272580706399,31.433921442695826]]]}},{"type":"Feature","properties":{"ABSTRACT_L":"BC--S62","ABSTRACT_N":"BC--S62","LEVEL1_SUR":null,"LEVEL2_BLO":"C","LEVEL3_SUR":"62","Surv_Sect":"62","SHAPE_AREA":640.9447262117463,"owner_count":64.0,"top_owner":"JONES-DAUBE MINERAL COMPANY","top_owner_state":"OK","top_operator":"COG OPERATING LLC","max_propensity_score":6.0,"field_name":"Unknown","production_trend":null},"geometry":{"type":"Polygon","coordinates":[[[-102.03817406058735,31.42005399089366],[-102.0544604735693,31.4158828885275],[-102.05901209518012,31.42996517395126],[-102.05512701093372,31.43090216300392],[-102.0427298683474,31.433920455468904],[-102.04272580706399,31.433921442695826],[-102.0405754684459,31.427374162229494],[-102.03817406058735,31.42005399089366]]]}},{"type":"Feature","properties":{"ABSTRACT_L":"A-42","ABSTRACT_N":"42","LEVEL1_SUR":"CCSD&RGNG","LEVEL2_BLO":"C","LEVEL3_SUR":"63","Surv_Sect":"63","SHAPE_AREA":642.8357303894765,"owner_count":840.0,"top_owner":"MK WATSON LLC","top_owner_state":"AZ","top_operator":"COG OPERATING","max_propensity_score":9.0,"field_name":"Unknown","production_trend":null},"geometry":{"type":"Polygon","coordinates":[[[-102.03353413997401,31.406008966756914],[-102.04982513436389,31.40197004198859],[-102.0544604735693,31.4158828885275],[-102.03817406058735,31.42005399089366],[-102.03353413997401,31.406008966756914]]]}},{"type":"Feature","properties":{"ABSTRACT_L":"A-599","ABSTRACT_N":"599","LEVEL1_SUR":"CCSDRG","LEVEL2_BLO":"C","LEVEL3_SUR":"64","Surv_Sect":"64","SHAPE_AREA":665.633857111276,"owner_count":278.0,"top_owner":"ERDMAN MINERAL RIGHTS LLC","top_owner_state":"CA","top_operator":"COG OPERATING LLC","max_propensity_score":8.0,"field_name":"Unknown","production_trend":null},"geometry":{"type":"Polygon","coordinates":[[[-102.0288004073972,31.39148445852339],[-102.04500221884234,31.38742855550436],[-102.04982513436389,31.40197004198859],[-102.03353413997401,31.406008966756914],[-102.0288004073972,31.39148445852339]]]}},{"type":"Feature","properties":{"ABSTRACT_L":"A-43","ABSTRACT_N":"43","LEVEL1_SUR":"CCSD& RGNG","LEVEL2_BLO":"C","LEVEL3_SUR":"65","Surv_Sect":"65","SHAPE_AREA":635.5211206211836,"owner_count":16.0,"top_owner":"COG OPERATING LLC WI","top_owner_state":"TX","top_operator":"COG OPERATING","max_propensity_score":3.0,"field_name":"Unknown","production_trend":null},"geometry":{"type":"Polygon","coordinates":[[[-102.02424855851261,31.37768113133821],[-102.034055699133,31.375148581614145],[-102.04050606460704,31.37348181176314],[-102.04104270108978,31.37514741660089],[-102.04500221884234,31.38742855550436],[-102.0288004073972,31.39148445852339],[-102.02424855851261,31.37768113133821]]]}},{"type":"Feature","properties":{"ABSTRACT_L":"A-952","ABSTRACT_N":"952","LEVEL1_SUR":"CCSD","LEVEL2_BLO":"C","LEVEL3_SUR":"66","Surv_Sect":"66","SHAPE_AREA":634.9884854229472,"owner_count":1.0,"top_owner":"COG OPERATING LLC WI","top_owner_state":"TX","top_operator":"COG OPERATING LLC","max_propensity_score":3.0,"field_name":"Unknown","production_trend":null},"geometry":{"type":"Polygon","coordinates":[[[-102.02341405056312,31.375148701259974],[-102.01964181807259,31.36370239872183],[-102.03600906954865,31.359841035929424],[-102.04050606460704,31.37348181176314],[-102.034055699133,31.375148581614145],[-102.02424855851261,31.37768113133821],[-102.02341405056312,31.375148701259974]]]}},{"type":"Feature","properties":{"ABSTRACT_L":"BC--S67","ABSTRACT_N":"BC--S67","LEVEL1_SUR":null,"LEVEL2_BLO":"C","LEVEL3_SUR":"67","Surv_Sect":"67","SHAPE_AREA":640.6182850003453,"owner_count":0.0,"top_owner":"","top_owner_state":"","top_operator":"","max_propensity_score":0.0,"field_name":"Unknown","production_trend":null},"geometry":{"type":"Polygon","coordinates":[[[-102.03600906954865,31.359841035929424],[-102.05250259001767,31.355947472816055],[-102.05720608979358,31.36983466638534],[-102.05709824075551,31.369856367227918],[-102.04050606460704,31.37348181176314],[-102.03600906954865,31.359841035929424]]]}},{"type":"Feature","properties":{"ABSTRACT_L":"A-600","ABSTRACT_N":"600","LEVEL1_SUR":"CCSD","LEVEL2_BLO":"C","LEVEL3_SUR":"68","Surv_Sect":"68","SHAPE_AREA":639.8851817898725,"owner_count":1.0,"top_owner":"COG OPERATING LLC WI","top_owner_state":"TX","top_operator":"COG OPERATING LLC","max_propensity_score":3.0,"field_name":"Unknown","production_trend":null},"geometry":{"type":"Polygon","coordinates":[[[-102.04104270108978,31.37514741660089],[-102.04050606460704,31.37348181176314],[-102.05709824075551,31.369856367227918],[-102.05878889706969,31.375148744209753],[-102.0614991268583,31.3835859978616],[-102.04500221884234,31.38742855550436],[-102.04104270108978,31.37514741660089]]]}},{"type":"Feature","properties":{"ABSTRACT_L":"BC--S69","ABSTRACT_N":"BC--S69","LEVEL1_SUR":"BLK C SEC 69 CCSD&RGNG RR CO","LEVEL2_BLO":"C","LEVEL3_SUR":"69","Surv_Sect":"69","SHAPE_AREA":671.801008571617,"owner_count":161.0,"top_owner":"DOORNBOS MINERAL PARTNERS LLC","top_owner_state":"OK","top_operator":"COG OPERATING","max_propensity_score":8.0,"field_name":"Unknown","production_trend":null},"geometry":{"type":"Polygon","coordinates":[[[-102.04500221884234,31.38742855550436],[-102.0614991268583,31.3835859978616],[-102.06614335579174,31.397468635445037],[-102.06632920285098,31.39801434774871],[-102.04982513436389,31.40197004198859],[-102.04500221884234,31.38742855550436]]]}},{"type":"Feature","properties":{"ABSTRACT_L":"BC--S7","ABSTRACT_N":"BC--S7","LEVEL1_SUR":null,"LEVEL2_BLO":"C","LEVEL3_SUR":"7","Surv_Sect":"7","SHAPE_AREA":630.8330992596918,"owner_count":0.0,"top_owner":"","top_owner_state":"","top_operator":"","max_propensity_score":0.0,"field_name":"Unknown","production_trend":null},"geometry":{"type":"Polygon","coordinates":[[[-101.78445110606494,31.53996471018829],[-101.79262101497773,31.53801700098176],[-101.79720188303926,31.551664911738186],[-101.7887517877927,31.553726097061226],[-101.7807266334048,31.555683012547124],[-101.77846061064272,31.548589266759404],[-101.77632454355954,31.541901473606387],[-101.78441838942229,31.539972508712967],[-101.78445110606494,31.53996471018829]]]}},{"type":"Feature","properties":{"ABSTRACT_L":"A-1027","ABSTRACT_N":"1027","LEVEL1_SUR":"CCSD","LEVEL2_BLO":"C","LEVEL3_SUR":"70","Surv_Sect":"70","SHAPE_AREA":644.4563031071935,"owner_count":455.0,"top_owner":"BIG HORN MINERALS LLC","top_owner_state":"WI","top_operator":"COG OPERATING LLC","max_propensity_score":9.0,"field_name":"Unknown","production_trend":null},"geometry":{"type":"Polygon","coordinates":[[[-102.04982513436389,31.40197004198859],[-102.06632920285098,31.39801434774871],[-102.0682029205487,31.403963818952683],[-102.07094180839148,31.411968226654196],[-102.0544604735693,31.4158828885275],[-102.04982513436389,31.40197004198859]]]}},{"type":"Feature","properties":{"ABSTRACT_L":"BC--S71","ABSTRACT_N":"BC--S71","LEVEL1_SUR":null,"LEVEL2_BLO":"C","LEVEL3_SUR":"71","Surv_Sect":"71","SHAPE_AREA":649.4837188835807,"owner_count":1.0,"top_owner":"COG OPERATING LLC WI","top_owner_state":"TX","top_operator":"COG OPERATING LLCP","max_propensity_score":2.0,"field_name":"Unknown","production_trend":null},"geometry":{"type":"Polygon","coordinates":[[[-102.0544604735693,31.4158828885275],[-102.07094180839148,31.411968226654196],[-102.07205070764283,31.41541693549884],[-102.07333796110562,31.41936127572059],[-102.07436865033338,31.422506059569933],[-102.07541201568812,31.42555614741751],[-102.07553815981527,31.4259400918071],[-102.0753808001303,31.425978478110896],[-102.05901740063018,31.42996388237711],[-102.05901209518012,31.42996517395126],[-102.0544604735693,31.4158828885275]]]}},{"type":"Feature","properties":{"ABSTRACT_L":"A-898","ABSTRACT_N":"898","LEVEL1_SUR":"CCSD","LEVEL2_BLO":"C","LEVEL3_SUR":"72","Surv_Sect":"72","SHAPE_AREA":649.9498668389709,"owner_count":203.0,"top_owner":"PATHFINDER EXPLORATION LLC","top_owner_state":"WI","top_operator":"COG OPERATING LLC","max_propensity_score":9.0,"field_name":"Unknown","production_trend":null},"geometry":{"type":"Polygon","coordinates":[[[-102.06186719357966,31.438541959926216],[-102.05945583148944,31.43131844184791],[-102.05901209518012,31.42996517395126],[-102.05901740063018,31.42996388237711],[-102.0753808001303,31.425978478110896],[-102.07553815981527,31.4259400918071],[-102.07730088167646,31.431304993573168],[-102.07873467192167,31.435700950549595],[-102.08010818970287,31.439931936406165],[-102.07912659071044,31.440171857469423],[-102.07216108364179,31.441888008213912],[-102.0658572756114,31.443422228133024],[-102.06365902355101,31.44395356755972],[-102.06361094392037,31.443965041310374],[-102.06186719357966,31.438541959926216]]]}},{"type":"Feature","properties":{"ABSTRACT_L":"A-47","ABSTRACT_N":"47","LEVEL1_SUR":"CCSD&RGNG RR","LEVEL2_BLO":"C","LEVEL3_SUR":"73","Surv_Sect":"73","SHAPE_AREA":647.7105369241411,"owner_count":461.0,"top_owner":"BULL PATH ENERGY PARTNERS LLC","top_owner_state":"NY","top_operator":"ENDEAVOR ENERGY RES","max_propensity_score":8.0,"field_name":"Unknown","production_trend":null},"geometry":{"type":"Polygon","coordinates":[[[-102.06622970275517,31.452146070978813],[-102.06584986810358,31.45096614991905],[-102.0651835373517,31.448896185335816],[-102.06386136906875,31.444743822202923],[-102.06361094392037,31.443965041310374],[-102.06365902355101,31.44395356755972],[-102.0658572756114,31.443422228133024],[-102.07216108364179,31.441888008213912],[-102.07912659071044,31.440171857469423],[-102.08010818970287,31.439931936406165],[-102.08073283682896,31.44185598660862],[-102.08219927185156,31.44630612071948],[-102.08366719268768,31.450846530128082],[-102.0846672637373,31.45392355453626],[-102.06810004458404,31.45786245477485],[-102.06622970275517,31.452146070978813]]]}},{"type":"Feature","properties":{"ABSTRACT_L":"A-811","ABSTRACT_N":"811","LEVEL1_SUR":"CCSD","LEVEL2_BLO":"C","LEVEL3_SUR":"74","Surv_Sect":"74","SHAPE_AREA":655.9086559848068,"owner_count":157.0,"top_owner":"FRANCO-NEVADA TEXAS LP","top_owner_state":"CO","top_operator":"ENDEAVOR ENERGY RES","max_propensity_score":7.0,"field_name":"Unknown","production_trend":null},"geometry":{"type":"Polygon","coordinates":[[[-102.087042103023,31.46068355521859],[-102.08816302981768,31.464140369476976],[-102.08937850070275,31.467871928694958],[-102.07279719237258,31.471937152924934],[-102.07277619784607,31.47187401517439],[-102.07233957439718,31.470560887873635],[-102.07132124508941,31.46760422472811],[-102.06981735660763,31.463067267376903],[-102.06810004458404,31.45786245477485],[-102.0846672637373,31.45392355453626],[-102.087042103023,31.46068355521859]]]}},{"type":"Feature","properties":{"ABSTRACT_L":"BC--S75","ABSTRACT_N":"BC--S75","LEVEL1_SUR":null,"LEVEL2_BLO":"C","LEVEL3_SUR":"75","Surv_Sect":"75","SHAPE_AREA":669.4186978062836,"owner_count":0.0,"top_owner":"","top_owner_state":"","top_operator":"","max_propensity_score":0.0,"field_name":"Unknown","production_trend":null},"geometry":{"type":"Polygon","coordinates":[[[-102.0901781297647,31.47032668451175],[-102.09158965526558,31.474535315598313],[-102.0941233634059,31.482275351165],[-102.07743082747389,31.486186577692227],[-102.07691816433113,31.484713107902575],[-102.07601566559275,31.481843081424064],[-102.0750219824631,31.478750268640038],[-102.07414723717541,31.476050410479306],[-102.07314069196754,31.4729701934695],[-102.07279719237258,31.471937152924934],[-102.08937850070275,31.467871928694958],[-102.0901781297647,31.47032668451175]]]}},{"type":"Feature","properties":{"ABSTRACT_L":"A-1379","ABSTRACT_N":"1379","LEVEL1_SUR":"CCSD&RGNG RR","LEVEL2_BLO":"C","LEVEL3_SUR":"76","Surv_Sect":"76","SHAPE_AREA":639.3572440000299,"owner_count":2.0,"top_owner":"COG OPERATING LLC WI","top_owner_state":"TX","top_operator":"COG OPERATING LLC","max_propensity_score":2.0,"field_name":"Unknown","production_trend":null},"geometry":{"type":"Polygon","coordinates":[[[-102.0941233634059,31.482275351165],[-102.09523987228602,31.485685721053063],[-102.09638566804101,31.48915410514059],[-102.09817480306653,31.494569442197218],[-102.09865829970863,31.496007649153405],[-102.08231728353044,31.499952251018637],[-102.08219804115963,31.499610627330725],[-102.08204436277072,31.49917034241148],[-102.07852335852245,31.489326538769234],[-102.07743082747389,31.486186577692227],[-102.0941233634059,31.482275351165]]]}},{"type":"Feature","properties":{"ABSTRACT_L":"BC--S8","ABSTRACT_N":"BC--S8","LEVEL1_SUR":null,"LEVEL2_BLO":"C","LEVEL3_SUR":"8","Surv_Sect":"8","SHAPE_AREA":111.22187354585294,"owner_count":0.0,"top_owner":"","top_owner_state":"","top_operator":"","max_propensity_score":0.0,"field_name":"Unknown","production_trend":null},"geometry":{"type":"Polygon","coordinates":[[[-101.77632454355954,31.541901473606387],[-101.77846061064272,31.548589266759404],[-101.7807266334048,31.555683012547124],[-101.77564887122702,31.556907067225755],[-101.77564148707538,31.542064235394776],[-101.77632454355954,31.541901473606387]]]}},{"type":"Feature","properties":{"ABSTRACT_L":"BD--S1","ABSTRACT_N":"BD--S1","LEVEL1_SUR":null,"LEVEL2_BLO":"D","LEVEL3_SUR":"1","Surv_Sect":"1","SHAPE_AREA":631.6780296404185,"owner_count":0.0,"top_owner":"","top_owner_state":"","top_operator":"","max_propensity_score":0.0,"field_name":"Unknown","production_trend":null},"geometry":{"type":"Polygon","coordinates":[[[-101.81030028557065,31.54861448292322],[-101.81341850770343,31.547888064209094],[-101.81561536018863,31.554905074015732],[-101.81777737960034,31.561809908597844],[-101.8015151941816,31.56562221236542],[-101.7992325948076,31.55823648249454],[-101.79720188303926,31.551664911738186],[-101.80540618215608,31.54975443106043],[-101.80805874908658,31.549136615751795],[-101.81030028557065,31.54861448292322]]]}},{"type":"Feature","properties":{"ABSTRACT_L":"BD--S10","ABSTRACT_N":"BD--S10","LEVEL1_SUR":null,"LEVEL2_BLO":"D","LEVEL3_SUR":"10","Surv_Sect":"10","SHAPE_AREA":42.542873268831386,"owner_count":0.0,"top_owner":"","top_owner_state":"","top_operator":"","max_propensity_score":0.0,"field_name":"Unknown","production_trend":null},"geometry":{"type":"Polygon","coordinates":[[[-101.77537179036919,31.43344262953642],[-101.77541822428624,31.42541910983909],[-101.77788435665931,31.434008971662006],[-101.77837438046029,31.4356450667342],[-101.7759889392576,31.436183008870756],[-101.77537307496007,31.43632929646163],[-101.77537179036919,31.43344262953642]]]}},{"type":"Feature","properties":{"ABSTRACT_L":"A-1324","ABSTRACT_N":"1324","LEVEL1_SUR":"BLK D SEC 100 A-1324","LEVEL2_BLO":"D","LEVEL3_SUR":"100","Surv_Sect":"100","SHAPE_AREA":640.1010764377958,"owner_count":164.0,"top_owner":"E G ENERGY LLC","top_owner_state":"KS","top_operator":"SUMMIT PETROLEUM LLC","max_propensity_score":8.0,"field_name":"Unknown","production_trend":null},"geometry":{"type":"Polygon","coordinates":[[[-102.11685209116031,31.444002269103507],[-102.11598872123906,31.441400989079174],[-102.11479362055137,31.437671676276373],[-102.11282787853764,31.431959976349923],[-102.11281872290826,31.4319317677401],[-102.12919167688975,31.427923632141187],[-102.1296270696467,31.429214384643053],[-102.13085378384586,31.432905868928724],[-102.13186428523424,31.435961691172107],[-102.1328637535143,31.439027275562886],[-102.13362677982168,31.441276083337623],[-102.13380744270343,31.441832401697976],[-102.13017577769024,31.44269174148155],[-102.12724617212272,31.443427782253963],[-102.12566380591943,31.44382530532511],[-102.11747757102466,31.445861895617245],[-102.11685209116031,31.444002269103507]]]}},{"type":"Feature","properties":{"ABSTRACT_L":"A-61","ABSTRACT_N":"61","LEVEL1_SUR":"BLK D SEC 101 A-61","LEVEL2_BLO":"D","LEVEL3_SUR":"101","Surv_Sect":"101","SHAPE_AREA":641.4591221121315,"owner_count":370.0,"top_owner":"BRALIN INVESTMENTS LLC","top_owner_state":"MO","top_operator":"SUMMIT PETROLEUM LLC","max_propensity_score":8.0,"field_name":"Unknown","production_trend":null},"geometry":{"type":"Polygon","coordinates":[[[-102.11901523885604,31.41533713216484],[-102.1210873872135,31.414823316847052],[-102.12313283314914,31.414321610872413],[-102.1245336543251,31.413991099211962],[-102.12596216067979,31.418154848054755],[-102.12687529726779,31.420940695860512],[-102.12821998182332,31.425042862575868],[-102.12919167688975,31.427923632141187],[-102.11281872290826,31.4319317677401],[-102.10828911361516,31.417974289138574],[-102.10827935521623,31.41794492793794],[-102.10901037365174,31.417766978166814],[-102.11125519168152,31.41722774287725],[-102.11449272445707,31.41642684551614],[-102.1164662656441,31.415947325884876],[-102.11901523885604,31.41533713216484]]]}},{"type":"Feature","properties":{"ABSTRACT_L":"A-1383","ABSTRACT_N":"1383","LEVEL1_SUR":"BLK D SEC 102 A-1383","LEVEL2_BLO":"D","LEVEL3_SUR":"102","Surv_Sect":"102","SHAPE_AREA":642.0179528688979,"owner_count":904.0,"top_owner":"BROADMOOR LAND & MINERALS LLC","top_owner_state":"MS","top_operator":"OVINTIV USA INC","max_propensity_score":10.0,"field_name":"Unknown","production_trend":null},"geometry":{"type":"Polygon","coordinates":[[[-102.10364140011671,31.403987429490034],[-102.12008761979446,31.400005902331905],[-102.1245336543251,31.413991099211962],[-102.12313283314914,31.414321610872413],[-102.1210873872135,31.414823316847052],[-102.11901523885604,31.41533713216484],[-102.1164662656441,31.415947325884876],[-102.11449272445707,31.41642684551614],[-102.11125519168152,31.41722774287725],[-102.10901037365174,31.417766978166814],[-102.10827935521623,31.41794492793794],[-102.10593528233069,31.41089112764744],[-102.10364140011671,31.403987429490034]]]}},{"type":"Feature","properties":{"ABSTRACT_L":"A-62","ABSTRACT_N":"62","LEVEL1_SUR":"CCSD","LEVEL2_BLO":"D","LEVEL3_SUR":"103","Surv_Sect":"103","SHAPE_AREA":656.6086366408587,"owner_count":6.0,"top_owner":"SOUTHWEST ROYALTIES INC","top_owner_state":"TX","top_operator":"SOUTHWEST ROYALTIES","max_propensity_score":2.0,"field_name":"Unknown","production_trend":null},"geometry":{"type":"Polygon","coordinates":[[[-102.11775239621278,31.39290299162312],[-102.12008761979446,31.400005902331905],[-102.10364140011671,31.403987429490034],[-102.1012277158815,31.396869515827813],[-102.10005951434668,31.393302348387373],[-102.09883304898085,31.3898037359895],[-102.11541985320393,31.385930698021554],[-102.11775239621278,31.39290299162312]]]}},{"type":"Feature","properties":{"ABSTRACT_L":"A-601","ABSTRACT_N":"601","LEVEL1_SUR":"CCSD","LEVEL2_BLO":"D","LEVEL3_SUR":"104","Surv_Sect":"104","SHAPE_AREA":641.2827931876467,"owner_count":114.0,"top_owner":"TMT RESERVES LP","top_owner_state":"OK","top_operator":"SOUTHWEST ROYALTIES,","max_propensity_score":8.0,"field_name":"Unknown","production_trend":null},"geometry":{"type":"Polygon","coordinates":[[[-102.09793744840552,31.37514859158463],[-102.11098445472625,31.372216916197054],[-102.11196717930773,31.375148076953998],[-102.11320578181137,31.3788433150915],[-102.11541985320393,31.385930698021554],[-102.09883304898085,31.3898037359895],[-102.09659387776092,31.382818444189173],[-102.09440086467526,31.37597702278805],[-102.09793744840552,31.37514859158463]]]}},{"type":"Feature","properties":{"ABSTRACT_L":"A-63","ABSTRACT_N":"63","LEVEL1_SUR":"CCSD","LEVEL2_BLO":"D","LEVEL3_SUR":"105","Surv_Sect":"105","SHAPE_AREA":656.5053033885117,"owner_count":100.0,"top_owner":"BOAZE GINA","top_owner_state":"CO","top_operator":"CIVITAS PERMIAN OPER","max_propensity_score":8.0,"field_name":"Unknown","production_trend":null},"geometry":{"type":"Polygon","coordinates":[[[-102.09412617423442,31.375176157680556],[-102.08985796121428,31.362024559576],[-102.09778305944923,31.36003870677295],[-102.10638356231873,31.357925932032767],[-102.11085028774531,31.37176627102087],[-102.11098445472625,31.372216916197054],[-102.09793744840552,31.37514859158463],[-102.09440086467526,31.37597702278805],[-102.09412617423442,31.375176157680556]]]}},{"type":"Feature","properties":{"ABSTRACT_L":"A-676","ABSTRACT_N":"676","LEVEL1_SUR":"CCSD","LEVEL2_BLO":"D","LEVEL3_SUR":"106","Surv_Sect":"106","SHAPE_AREA":650.1630623980367,"owner_count":71.0,"top_owner":"BOAZE GINA","top_owner_state":"CO","top_operator":"CIVITAS PERMIAN OPER","max_propensity_score":8.0,"field_name":"Unknown","production_trend":null},"geometry":{"type":"Polygon","coordinates":[[[-102.10638356231873,31.357925932032767],[-102.11517339950741,31.35577416473725],[-102.1186437468585,31.354961810839168],[-102.12289626720896,31.35389432678247],[-102.12542304035529,31.361340823564028],[-102.12754753264605,31.367865148902517],[-102.12542318857732,31.368383117686566],[-102.11085028774531,31.37176627102087],[-102.10638356231873,31.357925932032767]]]}},{"type":"Feature","properties":{"ABSTRACT_L":"A-64","ABSTRACT_N":"64","LEVEL1_SUR":"CCSD&RGNG","LEVEL2_BLO":"D","LEVEL3_SUR":"107","Surv_Sect":"107","SHAPE_AREA":659.3917244939594,"owner_count":255.0,"top_owner":"DRS INVESTMENT LLC","top_owner_state":"CO","top_operator":"SUMMIT PETROLEUM LLC","max_propensity_score":9.0,"field_name":"Unknown","production_trend":null},"geometry":{"type":"Polygon","coordinates":[[[-102.11320578181137,31.3788433150915],[-102.11196717930773,31.375148076953998],[-102.11098445472625,31.372216916197054],[-102.11085028774531,31.37176627102087],[-102.12542318857732,31.368383117686566],[-102.12754753264605,31.367865148902517],[-102.1299083339588,31.375147494063913],[-102.13200087856477,31.381924770580618],[-102.12785754304721,31.382969771456743],[-102.12550097729103,31.383575187754463],[-102.12373126294365,31.384008446915395],[-102.11930155708993,31.38500218935645],[-102.11541985320393,31.385930698021554],[-102.11320578181137,31.3788433150915]]]}},{"type":"Feature","properties":{"ABSTRACT_L":"A-642","ABSTRACT_N":"642","LEVEL1_SUR":"CCSD","LEVEL2_BLO":"D","LEVEL3_SUR":"108","Surv_Sect":"108","SHAPE_AREA":652.0910389648789,"owner_count":317.0,"top_owner":"DRS INVESTMENT LLC","top_owner_state":"CO","top_operator":"SUMMIT PETROLEUM LLC","max_propensity_score":8.0,"field_name":"Unknown","production_trend":null},"geometry":{"type":"Polygon","coordinates":[[[-102.13310528174812,31.385314762309203],[-102.13652210567795,31.396029947238862],[-102.13234265429273,31.397036208234514],[-102.12387443912858,31.399083814954167],[-102.12008761979446,31.400005902331905],[-102.11775239621278,31.39290299162312],[-102.11541985320393,31.385930698021554],[-102.11930155708993,31.38500218935645],[-102.12373126294365,31.384008446915395],[-102.12550097729103,31.383575187754463],[-102.12785754304721,31.382969771456743],[-102.13200087856477,31.381924770580618],[-102.13310528174812,31.385314762309203]]]}},{"type":"Feature","properties":{"ABSTRACT_L":"A-65","ABSTRACT_N":"65","LEVEL1_SUR":"BLK D SEC 109 A-65","LEVEL2_BLO":"D","LEVEL3_SUR":"109","Surv_Sect":"109","SHAPE_AREA":645.921511925994,"owner_count":276.0,"top_owner":"DRS INVESTMENT LLC","top_owner_state":"CO","top_operator":"SUMMIT PETROLEUM","max_propensity_score":9.0,"field_name":"Unknown","production_trend":null},"geometry":{"type":"Polygon","coordinates":[[[-102.12008761979446,31.400005902331905],[-102.12387443912858,31.399083814954167],[-102.13234265429273,31.397036208234514],[-102.13652210567795,31.396029947238862],[-102.1409900105925,31.410012557950143],[-102.13235309541128,31.412114618723294],[-102.1261431622264,31.413611326294646],[-102.1245336543251,31.413991099211962],[-102.12008761979446,31.400005902331905]]]}},{"type":"Feature","properties":{"ABSTRACT_L":"A-126","ABSTRACT_N":"126","LEVEL1_SUR":"D&WRR","LEVEL2_BLO":"D","LEVEL3_SUR":"11","Surv_Sect":"11","SHAPE_AREA":664.4923018916627,"owner_count":111.0,"top_owner":"COBALT ENERGY LLC","top_owner_state":"NV","top_operator":"PIONEER NATURAL RES","max_propensity_score":10.0,"field_name":"Unknown","production_trend":null},"geometry":{"type":"Polygon","coordinates":[[[-101.77788435665931,31.434008971662006],[-101.77541822428624,31.42541910983909],[-101.77536553899314,31.419648080096806],[-101.78942224809995,31.416566260497518],[-101.79036093097801,31.419783463361416],[-101.79153772579683,31.423704567086617],[-101.79275311493521,31.42784767669862],[-101.79399731034981,31.43209383720955],[-101.79400467204357,31.43211899435309],[-101.78650542825389,31.43381104184564],[-101.77837438046029,31.4356450667342],[-101.77788435665931,31.434008971662006]]]}},{"type":"Feature","properties":{"ABSTRACT_L":"A-1558","ABSTRACT_N":"1558","LEVEL1_SUR":"CCSD&RG","LEVEL2_BLO":"D","LEVEL3_SUR":"110","Surv_Sect":"110","SHAPE_AREA":644.6593386352976,"owner_count":332.0,"top_owner":"HELLMAN I W ESTATE","top_owner_state":"GA","top_operator":"SUMMIT PETROLEUM","max_propensity_score":9.0,"field_name":"Unknown","production_trend":null},"geometry":{"type":"Polygon","coordinates":[[[-102.1245336543251,31.413991099211962],[-102.1261431622264,31.413611326294646],[-102.13235309541128,31.412114618723294],[-102.1409900105925,31.410012557950143],[-102.14337824825066,31.41707142801477],[-102.14568450924926,31.423887082737384],[-102.14530758424087,31.42397374795782],[-102.13472664561452,31.426568097642413],[-102.12919167688975,31.427923632141187],[-102.12821998182332,31.425042862575868],[-102.12687529726779,31.420940695860512],[-102.12596216067979,31.418154848054755],[-102.1245336543251,31.413991099211962]]]}},{"type":"Feature","properties":{"ABSTRACT_L":"A-66","ABSTRACT_N":"66","LEVEL1_SUR":"CCSD","LEVEL2_BLO":"D","LEVEL3_SUR":"111","Surv_Sect":"111","SHAPE_AREA":642.4716332513476,"owner_count":126.0,"top_owner":"DRS INVESTMENT LLC","top_owner_state":"CO","top_operator":"SUMMIT PETROLEUM LLC","max_propensity_score":8.0,"field_name":"Unknown","production_trend":null},"geometry":{"type":"Polygon","coordinates":[[[-102.14903030338958,31.434790179165258],[-102.14970009265531,31.436972583279413],[-102.15001419847586,31.43799601045895],[-102.13380744270343,31.441832401697976],[-102.13362677982168,31.441276083337623],[-102.1328637535143,31.439027275562886],[-102.13186428523424,31.435961691172107],[-102.13085378384586,31.432905868928724],[-102.1296270696467,31.429214384643053],[-102.12919167688975,31.427923632141187],[-102.13472664561452,31.426568097642413],[-102.14530758424087,31.42397374795782],[-102.14568450924926,31.423887082737384],[-102.14903030338958,31.434790179165258]]]}},{"type":"Feature","properties":{"ABSTRACT_L":"BD--S112","ABSTRACT_N":"BD--S112","LEVEL1_SUR":null,"LEVEL2_BLO":"D","LEVEL3_SUR":"112","Surv_Sect":"112","SHAPE_AREA":641.2334014962177,"owner_count":0.0,"top_owner":"","top_owner_state":"","top_operator":"","max_propensity_score":0.0,"field_name":"Unknown","production_trend":null},"geometry":{"type":"MultiPolygon","coordinates":[[[[-102.13607943566888,31.448709271958403],[-102.13530851766171,31.446377654528252],[-102.134438402291,31.44377527628468],[-102.13380744270343,31.441832401697976],[-102.15001419847586,31.43799601045895],[-102.150022105447,31.438021773810956],[-102.1510960377759,31.441030846130218],[-102.151465693617,31.442204211494428],[-102.15241979517859,31.44497523244732],[-102.15339092071312,31.447795544663556],[-102.15180098530523,31.449430129977507],[-102.15083178126709,31.450467839126794],[-102.15067107805265,31.450639898787234],[-102.14988070972296,31.45148610554632],[-102.14772745966503,31.45371424250344],[-102.1477244485122,31.4537173591212],[-102.1396702722524,31.45569640271798],[-102.13844900453881,31.455981328076163],[-102.13825780711373,31.45537958824889],[-102.13771843436264,31.453721063505217],[-102.13722998261342,31.452219060188828],[-102.13613519499687,31.448879374504553],[-102.13607943566888,31.448709271958403]]],[[[-102.154031072761,31.449654570939504],[-102.15477434691192,31.45181297599443],[-102.15482656418276,31.451967283383084],[-102.1514505237668,31.452798124042822],[-102.14807442945194,31.453628870739156],[-102.14935718684673,31.452297272648845],[-102.1506437090809,31.450942932079965],[-102.15074279954494,31.450838494264758],[-102.15115030140895,31.45040899299508],[-102.1530275414009,31.448430344252518],[-102.1534541558209,31.447979182884936],[-102.154031072761,31.449654570939504]]]]}},{"type":"Feature","properties":{"ABSTRACT_L":"A-67","ABSTRACT_N":"67","LEVEL1_SUR":"CCSD&RGNG RR","LEVEL2_BLO":"D","LEVEL3_SUR":"113","Surv_Sect":"113","SHAPE_AREA":673.1195483032254,"owner_count":11.0,"top_owner":"WARREN WILLIAM JOHNSTON TR A","top_owner_state":"CO","top_operator":"FIREBIRD ENERGY II","max_propensity_score":6.0,"field_name":"Unknown","production_trend":null},"geometry":{"type":"MultiPolygon","coordinates":[[[[-102.1477244485122,31.4537173591212],[-102.14573515087508,31.455830721638705],[-102.14387264235549,31.45778991134277],[-102.14245436152366,31.459272650107494],[-102.14180571500644,31.459940158220064],[-102.14165564155677,31.46011723638231],[-102.1414861671919,31.460329707973106],[-102.1413793799625,31.46047788195244],[-102.14124151461755,31.46070201215972],[-102.14113560144891,31.46091931982104],[-102.1410418730288,31.461163595420462],[-102.14092956116039,31.461487841387278],[-102.14085881074693,31.461761302076315],[-102.1408139749328,31.46219898616999],[-102.14079581099776,31.462553837030732],[-102.1407791697071,31.462784387228677],[-102.14078101215176,31.462982049724506],[-102.1401893502646,31.461268741238143],[-102.13933139808283,31.458748113986594],[-102.13881440775535,31.457131299864464],[-102.13844900453881,31.455981328076163],[-102.1396702722524,31.45569640271798],[-102.1477244485122,31.4537173591212]]],[[[-102.15979085297046,31.466864015712353],[-102.14358556055362,31.470670868459468],[-102.14306028506428,31.469112415011857],[-102.14217251510327,31.466355720672635],[-102.1417527206929,31.46513532503232],[-102.14134250052683,31.46384083154198],[-102.14124203653871,31.463540301902714],[-102.14115607405424,31.463264444245358],[-102.1411240697756,31.463106067569427],[-102.14110679876596,31.462896343131206],[-102.14108626866846,31.4624966696765],[-102.14107927708059,31.462187899309754],[-102.14108821980925,31.461952547845677],[-102.14109321354393,31.461871694515796],[-102.14113459982737,31.46160339640291],[-102.14116638851033,31.461479728278892],[-102.141202604091,31.461377977978106],[-102.14126777955981,31.4612213413465],[-102.14137185387705,31.46098330784486],[-102.14152251751987,31.460676969199923],[-102.14162704009645,31.460493771952603],[-102.14171186890705,31.46037398732234],[-102.14179472681391,31.460255379521982],[-102.14189369870033,31.46013764741355],[-102.14202677063496,31.459984660737287],[-102.14330650430051,31.458635111752184],[-102.14482321174137,31.457048397906604],[-102.14625894144928,31.45554509158933],[-102.14772118223783,31.453995558411123],[-102.14807442945194,31.453628870739156],[-102.1514505237668,31.452798124042822],[-102.15482656418276,31.451967283383084],[-102.15718289098706,31.458929990524137],[-102.15719078538179,31.458953949670924],[-102.15918287138955,31.46499962645785],[-102.15979085297046,31.466864015712353]]]]}},{"type":"Feature","properties":{"ABSTRACT_L":"A-1463","ABSTRACT_N":"1463","LEVEL1_SUR":"CCSD/RGNG","LEVEL2_BLO":"D","LEVEL3_SUR":"114","Surv_Sect":"114","SHAPE_AREA":606.4577339806715,"owner_count":1.0,"top_owner":"APACHE CORP","top_owner_state":"TX","top_operator":"APACHE CORP","max_propensity_score":1.0,"field_name":"Unknown","production_trend":null},"geometry":{"type":"Polygon","coordinates":[[[-102.14741793345578,31.482322812408004],[-102.14685299734666,31.480607184989015],[-102.14643139283099,31.47931511261941],[-102.14601670174976,31.47804461548907],[-102.14553971879175,31.47657175832369],[-102.14478465604938,31.47426064799266],[-102.14403502272455,31.472004352094554],[-102.14358556055362,31.470670868459468],[-102.15979085297046,31.466864015712353],[-102.16121259860434,31.471223572886142],[-102.16243130252612,31.4750022894368],[-102.16345046187719,31.477980541829364],[-102.1641631483927,31.48017046414924],[-102.14800887309745,31.48407978841944],[-102.14741793345578,31.482322812408004]]]}},{"type":"Feature","properties":{"ABSTRACT_L":"BD--S115","ABSTRACT_N":"BD--S115","LEVEL1_SUR":null,"LEVEL2_BLO":"D","LEVEL3_SUR":"115","Surv_Sect":"115","SHAPE_AREA":609.9314291165483,"owner_count":0.0,"top_owner":"","top_owner_state":"","top_operator":"","max_propensity_score":0.0,"field_name":"Unknown","production_trend":null},"geometry":{"type":"Polygon","coordinates":[[[-102.16345046187719,31.477980541829364],[-102.16243130252612,31.4750022894368],[-102.16121259860434,31.471223572886142],[-102.15979085297046,31.466864015712353],[-102.1761859037113,31.463010136349524],[-102.18042326049975,31.47588053196517],[-102.18053536126406,31.476205936687712],[-102.1641631483927,31.48017046414924],[-102.16345046187719,31.477980541829364]]]}},{"type":"Feature","properties":{"ABSTRACT_L":"A-1579","ABSTRACT_N":"1579","LEVEL1_SUR":"CCSD&RGNG","LEVEL2_BLO":"D","LEVEL3_SUR":"116","Surv_Sect":"116","SHAPE_AREA":689.6575714568918,"owner_count":19.0,"top_owner":"FRANCO-NEVADA TEXAS LP","top_owner_state":"CO","top_operator":"APACHE CORPORATION","max_propensity_score":7.0,"field_name":"Unknown","production_trend":null},"geometry":{"type":"Polygon","coordinates":[[[-102.15994723079682,31.450706889469956],[-102.16880367896213,31.44855524505574],[-102.17123091787666,31.447955948211867],[-102.17354458907803,31.454985869112825],[-102.1761859037113,31.463010136349524],[-102.15979085297046,31.466864015712353],[-102.15918287138955,31.46499962645785],[-102.15719078538179,31.458953949670924],[-102.15718289098706,31.458929990524137],[-102.15482656418276,31.451967283383084],[-102.15994723079682,31.450706889469956]]]}},{"type":"Feature","properties":{"ABSTRACT_L":"BD--S117","ABSTRACT_N":"BD--S117","LEVEL1_SUR":null,"LEVEL2_BLO":"D","LEVEL3_SUR":"117","Surv_Sect":"117","SHAPE_AREA":638.7242461402366,"owner_count":14.0,"top_owner":"WARREN W K & CO LP","top_owner_state":"OK","top_operator":"XTO ENERGY","max_propensity_score":6.0,"field_name":"Unknown","production_trend":null},"geometry":{"type":"MultiPolygon","coordinates":[[[[-102.1669909865166,31.433974755231784],[-102.16681391420106,31.43406403402056],[-102.16658288817125,31.434191862757725],[-102.16635043382011,31.434328163959616],[-102.16615436213631,31.434468451405248],[-102.16595816109509,31.434613117511816],[-102.16571934397682,31.434813813369416],[-102.16537890224708,31.43516126805819],[-102.1643825825621,31.436223831394805],[-102.16193271508553,31.43881841004129],[-102.16023648113178,31.440593748306167],[-102.15827977167822,31.44265296655413],[-102.15613989483992,31.444877286974673],[-102.1537848669995,31.447390522642625],[-102.15339092071312,31.447795544663556],[-102.15241979517859,31.44497523244732],[-102.151465693617,31.442204211494428],[-102.1510960377759,31.441030846130218],[-102.150022105447,31.438021773810956],[-102.15001419847586,31.43799601045895],[-102.16396395865654,31.434691950949272],[-102.16663768989514,31.434058466314493],[-102.1669909865166,31.433974755231784]]],[[[-102.16394329560838,31.43696683409619],[-102.16560874878894,31.435240567048243],[-102.16624549622189,31.434663205862943],[-102.1665467516423,31.43444932705997],[-102.16673150185858,31.434340945732078],[-102.16881133979487,31.440603209833878],[-102.17123091787666,31.447955948211867],[-102.16880367896213,31.44855524505574],[-102.15994723079682,31.450706889469956],[-102.15482656418276,31.451967283383084],[-102.15477434691192,31.45181297599443],[-102.154031072761,31.449654570939504],[-102.1534541558209,31.447979182884936],[-102.1547078895472,31.44665327530032],[-102.15590785461214,31.44539361613242],[-102.15754391581491,31.443687334918522],[-102.1595138224183,31.44161006344217],[-102.1618588861456,31.439147669983388],[-102.16394329560838,31.43696683409619]]]]}},{"type":"Feature","properties":{"ABSTRACT_L":"A-968","ABSTRACT_N":"968","LEVEL1_SUR":"CCSD","LEVEL2_BLO":"D","LEVEL3_SUR":"118","Surv_Sect":"118","SHAPE_AREA":646.4813350338535,"owner_count":232.0,"top_owner":"TMT RESERVES LP","top_owner_state":"OK","top_operator":"APACHE CORPORATION","max_propensity_score":8.0,"field_name":"Unknown","production_trend":null},"geometry":{"type":"Polygon","coordinates":[[[-102.14903030338958,31.434790179165258],[-102.14568450924926,31.423887082737384],[-102.16201314484618,31.42013143524032],[-102.16630989824124,31.433071447993203],[-102.16663768989514,31.434058466314493],[-102.16396395865654,31.434691950949272],[-102.15001419847586,31.43799601045895],[-102.14970009265531,31.436972583279413],[-102.14903030338958,31.434790179165258]]]}},{"type":"Feature","properties":{"ABSTRACT_L":"A-70","ABSTRACT_N":"70","LEVEL1_SUR":"CCSD & RGNG","LEVEL2_BLO":"D","LEVEL3_SUR":"119","Surv_Sect":"119","SHAPE_AREA":640.8051754033806,"owner_count":19.0,"top_owner":"WARREN WILLIAM JOHNSTON TR A","top_owner_state":"CO","top_operator":"APACHE CORPORATION","max_propensity_score":6.0,"field_name":"Unknown","production_trend":null},"geometry":{"type":"Polygon","coordinates":[[[-102.1409900105925,31.410012557950143],[-102.1411194901643,31.409981039897527],[-102.1573170867141,31.40610765667412],[-102.15843837013995,31.409363248661816],[-102.16129868056474,31.417979453795795],[-102.16201314484618,31.42013143524032],[-102.14568450924926,31.423887082737384],[-102.14337824825066,31.41707142801477],[-102.1409900105925,31.410012557950143]]]}},{"type":"Feature","properties":{"ABSTRACT_L":"A-551","ABSTRACT_N":"551","LEVEL1_SUR":"D&WRR","LEVEL2_BLO":"D","LEVEL3_SUR":"12","Surv_Sect":"12","SHAPE_AREA":612.6209611481523,"owner_count":1.0,"top_owner":"DIAMONDBACK E & P LLC","top_owner_state":"OK","top_operator":"DIAMONDBACK E&P LLC","max_propensity_score":6.0,"field_name":"Unknown","production_trend":null},"geometry":{"type":"Polygon","coordinates":[[[-101.78232609185301,31.448752730666225],[-101.78021877804544,31.441802714576955],[-101.77837438046029,31.4356450667342],[-101.78650542825389,31.43381104184564],[-101.79400467204357,31.43211899435309],[-101.79480844413558,31.43486509884385],[-101.79575934679644,31.43800422983812],[-101.79645236380048,31.44003559235669],[-101.79834332735501,31.446205875198814],[-101.79077601641964,31.447873823658778],[-101.782596494635,31.449648259265686],[-101.78232609185301,31.448752730666225]]]}},{"type":"Feature","properties":{"ABSTRACT_L":"BD--S120","ABSTRACT_N":"BD--S120","LEVEL1_SUR":null,"LEVEL2_BLO":"D","LEVEL3_SUR":"120","Surv_Sect":"120","SHAPE_AREA":635.7187084877262,"owner_count":48.0,"top_owner":"TMT RESERVES LP","top_owner_state":"OK","top_operator":"APACHE CORPORATION","max_propensity_score":8.0,"field_name":"Unknown","production_trend":null},"geometry":{"type":"Polygon","coordinates":[[[-102.13652210567795,31.396029947238862],[-102.15260452922517,31.392122947418304],[-102.15293772065228,31.393161294668047],[-102.15381023272818,31.395819565855405],[-102.15470285808328,31.398627218195564],[-102.15493741718713,31.399407515064503],[-102.1552692216154,31.400161241941785],[-102.1573170867141,31.40610765667412],[-102.1411194901643,31.409981039897527],[-102.1409900105925,31.410012557950143],[-102.13652210567795,31.396029947238862]]]}},{"type":"Feature","properties":{"ABSTRACT_L":"A-71","ABSTRACT_N":"71","LEVEL1_SUR":"CCSD&RGNG","LEVEL2_BLO":"D","LEVEL3_SUR":"121","Surv_Sect":"121","SHAPE_AREA":633.6615449106248,"owner_count":12.0,"top_owner":"WARREN W K & CO LP","top_owner_state":"OK","top_operator":"CHEVRON USA INC","max_propensity_score":7.0,"field_name":"Unknown","production_trend":null},"geometry":{"type":"Polygon","coordinates":[[[-102.13310528174812,31.385314762309203],[-102.13200087856477,31.381924770580618],[-102.14016487835963,31.37998431821215],[-102.14794792240544,31.378036921025714],[-102.14820877340101,31.37883803860953],[-102.1488356249928,31.38070547673971],[-102.14931363113186,31.382133609409085],[-102.1497740545459,31.383532678928812],[-102.15028156674884,31.385084991677157],[-102.15080347265754,31.386653385272705],[-102.15162493886574,31.389167145372557],[-102.15207614107338,31.39051924346516],[-102.15260452922517,31.392122947418304],[-102.13652210567795,31.396029947238862],[-102.13310528174812,31.385314762309203]]]}},{"type":"Feature","properties":{"ABSTRACT_L":"A-678","ABSTRACT_N":"678","LEVEL1_SUR":"CCSD&RGNG","LEVEL2_BLO":"D","LEVEL3_SUR":"122","Surv_Sect":"122","SHAPE_AREA":627.9248131368363,"owner_count":224.0,"top_owner":"DRS INVESTMENT LLC","top_owner_state":"CO","top_operator":"SUMMIT PETROLEUM LLC","max_propensity_score":9.0,"field_name":"Unknown","production_trend":null},"geometry":{"type":"Polygon","coordinates":[[[-102.14333603192388,31.364004622144492],[-102.14339067105273,31.364180114184474],[-102.1436527563335,31.36498794494942],[-102.14408562123126,31.366293105805127],[-102.14436261944405,31.367114169556086],[-102.14471801003845,31.368247075816864],[-102.14493065563923,31.36889392126087],[-102.14538108529574,31.370217027855293],[-102.14575456346837,31.371350355373306],[-102.14598808771301,31.372077415402643],[-102.14621112592333,31.372722185877514],[-102.1465920232819,31.3738923422775],[-102.146733564533,31.374303685517827],[-102.14686647656748,31.374697126778237],[-102.14702895664956,31.37517594906727],[-102.14721436083936,31.375730157644657],[-102.14742324339744,31.376425060079512],[-102.14782786077107,31.37764737753647],[-102.14794792240544,31.378036921025714],[-102.14016487835963,31.37998431821215],[-102.13200087856477,31.381924770580618],[-102.1299083339588,31.375147494063913],[-102.12754753264605,31.367865148902517],[-102.13537412522018,31.365898229517374],[-102.14333603192388,31.364004622144492]]]}},{"type":"Feature","properties":{"ABSTRACT_L":"A-72","ABSTRACT_N":"72","LEVEL1_SUR":"CCSD&RGNG","LEVEL2_BLO":"D","LEVEL3_SUR":"123","Surv_Sect":"123","SHAPE_AREA":619.3194770262198,"owner_count":5.0,"top_owner":"WARREN WILLIAM JOHNSTON TR A","top_owner_state":"CO","top_operator":"SUMMIT PETROLEUM","max_propensity_score":6.0,"field_name":"Unknown","production_trend":null},"geometry":{"type":"Polygon","coordinates":[[[-102.12542304035529,31.361340823564028],[-102.12289626720896,31.35389432678247],[-102.12542305023676,31.353242763012],[-102.13144014118126,31.35187788474004],[-102.13873009906932,31.35004367202595],[-102.13923018939134,31.351563313363503],[-102.13969478817481,31.352987164085256],[-102.14012207992455,31.354270780979252],[-102.14057603996012,31.35563797420859],[-102.14104986893314,31.357119632329375],[-102.14125723333838,31.357768536540632],[-102.14167027780769,31.358955928527315],[-102.14180424895592,31.359386462981536],[-102.14210657606647,31.36031193554987],[-102.14241209399292,31.361213209320052],[-102.14271453339289,31.36213934199253],[-102.14295083073678,31.362855278791933],[-102.14330559430711,31.363923885325498],[-102.14333603192388,31.364004622144492],[-102.13537412522018,31.365898229517374],[-102.12754753264605,31.367865148902517],[-102.12542304035529,31.361340823564028]]]}},{"type":"Feature","properties":{"ABSTRACT_L":"BD--S124","ABSTRACT_N":"BD--S124","LEVEL1_SUR":null,"LEVEL2_BLO":"D","LEVEL3_SUR":"124","Surv_Sect":"124","SHAPE_AREA":647.3458177348037,"owner_count":0.0,"top_owner":"","top_owner_state":"","top_operator":"","max_propensity_score":0.0,"field_name":"Unknown","production_trend":null},"geometry":{"type":"Polygon","coordinates":[[[-102.15529010025925,31.346012606517252],[-102.15996446138229,31.360006953326593],[-102.14350802067324,31.363962928277925],[-102.13921246293584,31.350880155661685],[-102.13891095419051,31.349961738713507],[-102.13964773531856,31.349782267685864],[-102.14783682056773,31.347787170294357],[-102.15529010025925,31.346012606517252]]]}},{"type":"Feature","properties":{"ABSTRACT_L":"A-73","ABSTRACT_N":"73","LEVEL1_SUR":"CCSD&RGNG","LEVEL2_BLO":"D","LEVEL3_SUR":"125","Surv_Sect":"125","SHAPE_AREA":644.8956061035075,"owner_count":5.0,"top_owner":"WARREN W K & CO LP","top_owner_state":"OK","top_operator":"SUMMIT PETROLEUM LLC","max_propensity_score":5.0,"field_name":"Unknown","production_trend":null},"geometry":{"type":"Polygon","coordinates":[[[-102.14717621208418,31.375148708929597],[-102.14350802067324,31.363962928277925],[-102.15996446138229,31.360006953326593],[-102.16124004752615,31.363991646698533],[-102.16443022201824,31.37395582367151],[-102.1596177646832,31.375147657426503],[-102.14812413143999,31.37799627872024],[-102.14717621208418,31.375148708929597]]]}},{"type":"Feature","properties":{"ABSTRACT_L":"A-1292","ABSTRACT_N":"1292","LEVEL1_SUR":"A 1292 CCSD&RGNG","LEVEL2_BLO":"D","LEVEL3_SUR":"126","Surv_Sect":"126","SHAPE_AREA":654.836257168713,"owner_count":1.0,"top_owner":"SUMMIT PETROLEUM LLC","top_owner_state":"TX","top_operator":"SUMMIT PETROLEUM","max_propensity_score":1.0,"field_name":"Unknown","production_trend":null},"geometry":{"type":"Polygon","coordinates":[[[-102.14812413143999,31.37799627872024],[-102.1596177646832,31.375147657426503],[-102.16443022201824,31.37395582367151],[-102.16477139497663,31.374932811557457],[-102.16484917650381,31.37512506966526],[-102.16924467810479,31.38824651285249],[-102.15278271275673,31.3920796534014],[-102.14812413143999,31.37799627872024]]]}},{"type":"Feature","properties":{"ABSTRACT_L":"A-74","ABSTRACT_N":"74","LEVEL1_SUR":"CCSD&RGNG","LEVEL2_BLO":"D","LEVEL3_SUR":"127","Surv_Sect":"127","SHAPE_AREA":644.8641320780564,"owner_count":9.0,"top_owner":"WARREN WILLIAM JOHNSTON TR A","top_owner_state":"CO","top_operator":"SUMMIT PETROLEUM LLC","max_propensity_score":6.0,"field_name":"Unknown","production_trend":null},"geometry":{"type":"MultiPolygon","coordinates":[[[[-102.15840688418925,31.403893618320517],[-102.15771312966837,31.40301162788269],[-102.15706864863913,31.402245607760555],[-102.1567465756603,31.401852745780147],[-102.1565098911425,31.401575476681213],[-102.15630115500983,31.40131646301038],[-102.15617727733216,31.40115120052257],[-102.15604431678862,31.400967525015325],[-102.15591135085522,31.40078019557855],[-102.15581829168,31.400634479737942],[-102.15572540857457,31.400480031112398],[-102.15560882342037,31.400268121590408],[-102.15549972752068,31.400068087892596],[-102.15543533178953,31.399941380417847],[-102.15534212439228,31.39972809257888],[-102.15524369059672,31.39950007322859],[-102.15518738868629,31.39936352358545],[-102.15505235213615,31.398945394562396],[-102.15464222359824,31.397735575164862],[-102.15455284032916,31.39745608251491],[-102.15361906225256,31.39463207991266],[-102.15303929316144,31.392819851128255],[-102.15278271275673,31.3920796534014],[-102.16924467810479,31.38824651285249],[-102.17092803381064,31.393361585395894],[-102.17284797521961,31.399096140704074],[-102.17386934262966,31.402219687365417],[-102.15974215799386,31.405537926622735],[-102.15897911461849,31.40457253633203],[-102.15840688418925,31.403893618320517]]],[[[-102.15551068247558,31.400603596473882],[-102.1557078195613,31.400895663660883],[-102.15591386254475,31.401187123441403],[-102.1562434481343,31.401591395069833],[-102.15665498253563,31.40206262829544],[-102.15750073739248,31.40308242032544],[-102.15867774241708,31.40452737419098],[-102.15954251281185,31.405584807245987],[-102.15738631717811,31.406091096550195],[-102.1573170867141,31.40610765667412],[-102.1552692216154,31.400161241941785],[-102.15551068247558,31.400603596473882]]]]}},{"type":"Feature","properties":{"ABSTRACT_L":"A-1306","ABSTRACT_N":"1306","LEVEL1_SUR":"A-1306 SEC 128","LEVEL2_BLO":"D","LEVEL3_SUR":"128","Surv_Sect":"128","SHAPE_AREA":635.8966371423809,"owner_count":1494.0,"top_owner":"ADELANTE OIL & GAS LLC","top_owner_state":"CO","top_operator":"COG OPERATING LLC","max_propensity_score":10.0,"field_name":"Unknown","production_trend":null},"geometry":{"type":"MultiPolygon","coordinates":[[[[-102.1637625195389,31.410500542841287],[-102.16302042846922,31.409572500270272],[-102.16233166319142,31.40874501021374],[-102.16179530069486,31.408080152847567],[-102.1609581436136,31.40703400613777],[-102.16036977584858,31.406307615396877],[-102.15986325538574,31.40569113328672],[-102.15974215799386,31.405537926622735],[-102.17386934262966,31.402219687365417],[-102.17413331257589,31.40302692804094],[-102.17489861880748,31.40531110366022],[-102.17558575633797,31.40739716604837],[-102.17638015540834,31.409692500872264],[-102.1774686027156,31.413006957731096],[-102.17842740336444,31.415971340486006],[-102.17668981277161,31.4163569746568],[-102.1699446480691,31.418092170816877],[-102.16884541558855,31.416714410920275],[-102.16576793924042,31.41295953035998],[-102.1637625195389,31.410500542841287]]],[[[-102.15738631717811,31.406091096550195],[-102.15954251281185,31.405584807245987],[-102.15969843070077,31.405775458450513],[-102.16106040782553,31.407442520782578],[-102.1621388640702,31.408766690565923],[-102.16389970216427,31.41097416703599],[-102.16642019069687,31.41404619402487],[-102.16779238525967,31.415721937150092],[-102.1680511943846,31.416042140784114],[-102.16903555120494,31.41725998064832],[-102.16975086708929,31.41814201424609],[-102.1660288315585,31.419099319863797],[-102.16201314484618,31.42013143524032],[-102.16129868056474,31.417979453795795],[-102.15843837013995,31.409363248661816],[-102.1573170867141,31.40610765667412],[-102.15738631717811,31.406091096550195]]]]}},{"type":"Feature","properties":{"ABSTRACT_L":"A-75","ABSTRACT_N":"75","LEVEL1_SUR":"CCSD","LEVEL2_BLO":"D","LEVEL3_SUR":"129","Surv_Sect":"129","SHAPE_AREA":634.3237867352431,"owner_count":6.0,"top_owner":"WARREN WILLIAM JOHNSTON TR A","top_owner_state":"CO","top_operator":"APACHE CORPORATION","max_propensity_score":6.0,"field_name":"Unknown","production_trend":null},"geometry":{"type":"MultiPolygon","coordinates":[[[[-102.18159819041605,31.430022693057595],[-102.18092469200653,31.42993640748626],[-102.18062867106926,31.42986934983185],[-102.18034831854719,31.429792105155528],[-102.18014157757275,31.429719116106174],[-102.17989303169993,31.42960572089558],[-102.17959347140045,31.429451718549707],[-102.17945081534008,31.429368615034498],[-102.17917062451475,31.429183453297366],[-102.17901046028949,31.429065580961055],[-102.1788367889956,31.428914351002565],[-102.17869618558566,31.42878753837677],[-102.17861557167036,31.428709429704153],[-102.17850559182845,31.428585924352795],[-102.17833311888717,31.428386544317906],[-102.17788448586123,31.4278543347793],[-102.17704924219152,31.42683251162319],[-102.17528501116064,31.42463326630438],[-102.17388952687578,31.42293717203135],[-102.17204438009568,31.42066822604994],[-102.17073694867497,31.419085195226995],[-102.1699446480691,31.418092170816877],[-102.17668981277161,31.4163569746568],[-102.17842740336444,31.415971340486006],[-102.17950126652308,31.419448349887492],[-102.18056580606736,31.422660872858586],[-102.18153366263257,31.425653821026284],[-102.18261075792958,31.428948621403244],[-102.18295726238918,31.429987047159305],[-102.1828849830431,31.4300030381452],[-102.1827199975597,31.43003454180516],[-102.18252804375318,31.430053740636225],[-102.18235701889613,31.4300587612905],[-102.18214527071228,31.43005410166343],[-102.18159819041605,31.430022693057595]]],[[[-102.1789509343255,31.429287062878906],[-102.1792071787603,31.42945979150686],[-102.17941068400307,31.42959225167922],[-102.17973338310763,31.429762887926874],[-102.18008156382356,31.42990681931013],[-102.18025899277026,31.429980164641808],[-102.18059995013299,31.430080068024427],[-102.18079093375903,31.43012672482604],[-102.18110139960605,31.43017648904062],[-102.18120254002558,31.4301861110542],[-102.18123103189144,31.430413099993157],[-102.1803230121073,31.4306353007777],[-102.17836268064653,31.431120999978962],[-102.17445387189348,31.432072881221785],[-102.1699718068351,31.43317071496367],[-102.16748916252878,31.433783072168588],[-102.1673189236976,31.433837632614665],[-102.16710774953724,31.43392251730146],[-102.1669909865166,31.433974755231784],[-102.16663768989514,31.434058466314493],[-102.16630989824124,31.433071447993203],[-102.16201314484618,31.42013143524032],[-102.1660288315585,31.419099319863797],[-102.16975086708929,31.41814201424609],[-102.17056049170539,31.419140314645627],[-102.17077920991751,31.419412782762098],[-102.17121415531346,31.419962940962893],[-102.1719554262213,31.420853994107333],[-102.17251502274439,31.421534230570586],[-102.17408594800423,31.42349730480928],[-102.17629107127824,31.42619238160492],[-102.178210576106,31.428600815615727],[-102.17848067076584,31.428877459085058],[-102.17870703004775,31.429077967160186],[-102.1789509343255,31.429287062878906]]]]}},{"type":"Feature","properties":{"ABSTRACT_L":"A-132","ABSTRACT_N":"132","LEVEL1_SUR":"EL&RR","LEVEL2_BLO":"D","LEVEL3_SUR":"13","Surv_Sect":"13","SHAPE_AREA":618.5793712704819,"owner_count":367.0,"top_owner":"COBALT ENERGY LLC","top_owner_state":"NV","top_operator":"DIAMONDBACK E&P LLC","max_propensity_score":10.0,"field_name":"Unknown","production_trend":null},"geometry":{"type":"Polygon","coordinates":[[[-101.78653895697356,31.46259996811089],[-101.78443653988259,31.455741790031738],[-101.782596494635,31.449648259265686],[-101.79077601641964,31.447873823658778],[-101.79834332735501,31.446205875198814],[-101.79902415781392,31.44843625136941],[-101.79988652072373,31.45106366447396],[-101.8005510278956,31.45323768307047],[-101.80086320772817,31.45425898923576],[-101.80164895063245,31.456849235511218],[-101.80268181647816,31.460221033215294],[-101.79894620740345,31.461085250139078],[-101.7956515112331,31.461835623202045],[-101.79507135137484,31.461966692075656],[-101.79015340307939,31.463077622371905],[-101.78692914111554,31.46378761721986],[-101.78653895697356,31.46259996811089]]]}},{"type":"Feature","properties":{"ABSTRACT_L":"A-1464","ABSTRACT_N":"1464","LEVEL1_SUR":"CCSD&RGNG","LEVEL2_BLO":"D","LEVEL3_SUR":"130","Surv_Sect":"130","SHAPE_AREA":633.9483929551308,"owner_count":14.0,"top_owner":"WARREN WILLIAM JOHNSTON TR A","top_owner_state":"CO","top_operator":"APACHE CORPORATION","max_propensity_score":6.0,"field_name":"Unknown","production_trend":null},"geometry":{"type":"MultiPolygon","coordinates":[[[[-102.18144603467154,31.430209275781486],[-102.18152731513676,31.430220988066527],[-102.18156908859412,31.43023107228148],[-102.18159751757791,31.430246391762516],[-102.18161468258634,31.43027615842838],[-102.18159929983543,31.430307527857313],[-102.18153883064038,31.430337132003675],[-102.18123103189144,31.430413099993157],[-102.18120254002558,31.4301861110542],[-102.18144603467154,31.430209275781486]]],[[[-102.16673150185858,31.434340945732078],[-102.16733222145875,31.434045968867423],[-102.16770136166687,31.43390526765643],[-102.16810049931729,31.433802689497387],[-102.1690189790846,31.43356921205253],[-102.1759096519985,31.431880034559533],[-102.18258494124663,31.43029321021506],[-102.18302454889893,31.430188693429827],[-102.1832948340016,31.43099868128714],[-102.18474376265597,31.435390223972586],[-102.1858933933189,31.438908583250395],[-102.18671515147958,31.44144269377803],[-102.1875581664748,31.443982590298447],[-102.18460736336154,31.44465910595984],[-102.17749934216631,31.446407987789613],[-102.17123091787666,31.447955948211867],[-102.16881133979487,31.440603209833878],[-102.16673150185858,31.434340945732078]]]]}},{"type":"Feature","properties":{"ABSTRACT_L":"BD--S131","ABSTRACT_N":"BD--S131","LEVEL1_SUR":null,"LEVEL2_BLO":"D","LEVEL3_SUR":"131","Surv_Sect":"131","SHAPE_AREA":698.7815017460049,"owner_count":2.0,"top_owner":"EXXON MOBIL CORP","top_owner_state":"TX","top_operator":"APACHE CORPORATION","max_propensity_score":1.0,"field_name":"Unknown","production_trend":null},"geometry":{"type":"Polygon","coordinates":[[[-102.17354458907803,31.454985869112825],[-102.17123091787666,31.447955948211867],[-102.17749934216631,31.446407987789613],[-102.18460736336154,31.44465910595984],[-102.1875581664748,31.443982590298447],[-102.18762440015902,31.44418213719088],[-102.19037188218414,31.452139739548198],[-102.19266741639993,31.45913345035847],[-102.1761859037113,31.463010136349524],[-102.17354458907803,31.454985869112825]]]}},{"type":"Feature","properties":{"ABSTRACT_L":"A-1465","ABSTRACT_N":"1465","LEVEL1_SUR":"CCSD&RGNG","LEVEL2_BLO":"D","LEVEL3_SUR":"132","Surv_Sect":"132","SHAPE_AREA":607.4868796585964,"owner_count":10.0,"top_owner":"WARREN WILLIAM JOHNSTON TR A","top_owner_state":"CO","top_operator":"APACHE CORPORATION","max_propensity_score":6.0,"field_name":"Unknown","production_trend":null},"geometry":{"type":"Polygon","coordinates":[[[-102.18042326049975,31.47588053196517],[-102.1761859037113,31.463010136349524],[-102.19266741639993,31.45913345035847],[-102.1969652594514,31.47222495102694],[-102.18053536126406,31.476205936687712],[-102.18042326049975,31.47588053196517]]]}},{"type":"Feature","properties":{"ABSTRACT_L":"BD--S14","ABSTRACT_N":"BD--S14","LEVEL1_SUR":null,"LEVEL2_BLO":"D","LEVEL3_SUR":"14","Surv_Sect":"14","SHAPE_AREA":615.8880776225824,"owner_count":0.0,"top_owner":"","top_owner_state":"","top_operator":"","max_propensity_score":0.0,"field_name":"Unknown","production_trend":null},"geometry":{"type":"Polygon","coordinates":[[[-101.78899357024976,31.470371484734294],[-101.78722936527,31.464701424509776],[-101.78692914111554,31.46378761721986],[-101.79015340307939,31.463077622371905],[-101.79507135137484,31.461966692075656],[-101.7956515112331,31.461835623202045],[-101.79894620740345,31.461085250139078],[-101.80268181647816,31.460221033215294],[-101.80282467196454,31.460687369668722],[-101.80446121915587,31.465862160334744],[-101.80647843643202,31.472392854871746],[-101.80706075853516,31.474224997472124],[-101.80007692583472,31.47581840204744],[-101.79934965337395,31.47598390986649],[-101.7939184292847,31.47721975704229],[-101.7912209412001,31.477852832599535],[-101.78899357024976,31.470371484734294]]]}},{"type":"Feature","properties":{"ABSTRACT_L":"A-134","ABSTRACT_N":"134","LEVEL1_SUR":"EL&RR","LEVEL2_BLO":"D","LEVEL3_SUR":"15","Surv_Sect":"15","SHAPE_AREA":629.332460280112,"owner_count":59.0,"top_owner":"REED BARRY S","top_owner_state":"CA","top_operator":"PIONEER NATURAL RES","max_propensity_score":5.0,"field_name":"Unknown","production_trend":null},"geometry":{"type":"Polygon","coordinates":[[[-101.79350126693812,31.48481042107556],[-101.7912209412001,31.477852832599535],[-101.7939184292847,31.47721975704229],[-101.79934965337395,31.47598390986649],[-101.80007692583472,31.47581840204744],[-101.80706075853516,31.474224997472124],[-101.80935662153435,31.481466660069675],[-101.81196281922654,31.48841645659345],[-101.79614235609424,31.492008773364084],[-101.79350126693812,31.48481042107556]]]}},{"type":"Feature","properties":{"ABSTRACT_L":"A-655","ABSTRACT_N":"655","LEVEL1_SUR":"EL&RR","LEVEL2_BLO":"D","LEVEL3_SUR":"16","Surv_Sect":"16","SHAPE_AREA":616.6575942433591,"owner_count":1319.0,"top_owner":"HAINES ENERGY PARTNERS LLC","top_owner_state":"FL","top_operator":"PIONEER NAT RES USA","max_propensity_score":8.0,"field_name":"Unknown","production_trend":null},"geometry":{"type":"Polygon","coordinates":[[[-101.80024987667974,31.504890111820945],[-101.79614235609424,31.492008773364084],[-101.81196281922654,31.48841645659345],[-101.81421154582614,31.49538538872668],[-101.81612998345533,31.50133000622867],[-101.81645523647025,31.50233779305611],[-101.80823479552608,31.504214547612328],[-101.80059080888962,31.50595914304875],[-101.80024987667974,31.504890111820945]]]}},{"type":"Feature","properties":{"ABSTRACT_L":"A-140","ABSTRACT_N":"140","LEVEL1_SUR":"BLK D SEC 17 A-140","LEVEL2_BLO":"D","LEVEL3_SUR":"17","Surv_Sect":"17","SHAPE_AREA":630.9536890884086,"owner_count":1692.0,"top_owner":"COTTON FAMILY LIVING TRUST","top_owner_state":"CO","top_operator":"PIONEER NATURAL RES","max_propensity_score":9.0,"field_name":"Unknown","production_trend":null},"geometry":{"type":"Polygon","coordinates":[[[-101.80283514901568,31.51324247071998],[-101.80059080888962,31.50595914304875],[-101.80823479552608,31.504214547612328],[-101.81645523647025,31.50233779305611],[-101.81866199108482,31.509300641443943],[-101.8209597468343,31.516549641930414],[-101.81310140600138,31.5183293421862],[-101.80497021178239,31.520170244478905],[-101.80283514901568,31.51324247071998]]]}},{"type":"Feature","properties":{"ABSTRACT_L":"A-656","ABSTRACT_N":"656","LEVEL1_SUR":"EL&RR","LEVEL2_BLO":"D","LEVEL3_SUR":"18","Surv_Sect":"18","SHAPE_AREA":611.8796802882285,"owner_count":116.0,"top_owner":"HAINES ENERGY PARTNERS LLC","top_owner_state":"FL","top_operator":"PIONEER NATURAL RES","max_propensity_score":8.0,"field_name":"Unknown","production_trend":null},"geometry":{"type":"Polygon","coordinates":[[[-101.82215511162669,31.52040388195895],[-101.82294223973314,31.52294165811961],[-101.82306682977483,31.52334334532349],[-101.82520686561496,31.53024238635035],[-101.80937320533282,31.53402134367116],[-101.80497021178239,31.520170244478905],[-101.81310140600138,31.5183293421862],[-101.8209597468343,31.516549641930414],[-101.82215511162669,31.52040388195895]]]}},{"type":"Feature","properties":{"ABSTRACT_L":"A-141","ABSTRACT_N":"141","LEVEL1_SUR":"EL&RR","LEVEL2_BLO":"D","LEVEL3_SUR":"19","Surv_Sect":"19","SHAPE_AREA":621.3748254870351,"owner_count":285.0,"top_owner":"COTTON FAMILY LIVING TRUST","top_owner_state":"CO","top_operator":"PIONEER NATURAL RES","max_propensity_score":9.0,"field_name":"Unknown","production_trend":null},"geometry":{"type":"Polygon","coordinates":[[[-101.80937320533282,31.53402134367116],[-101.82520686561496,31.53024238635035],[-101.82962025896141,31.544231926324972],[-101.81341850770343,31.547888064209094],[-101.80937320533282,31.53402134367116]]]}},{"type":"Feature","properties":{"ABSTRACT_L":"A-122","ABSTRACT_N":"122","LEVEL1_SUR":"D&W","LEVEL2_BLO":"D","LEVEL3_SUR":"2","Surv_Sect":"2","SHAPE_AREA":633.6380994247465,"owner_count":822.0,"top_owner":"HAINES ENERGY PARTNERS LLC","top_owner_state":"FL","top_operator":"PIONEER NATURAL RES","max_propensity_score":8.0,"field_name":"Unknown","production_trend":null},"geometry":{"type":"Polygon","coordinates":[[[-101.79262101497773,31.53801700098176],[-101.80937320533282,31.53402134367116],[-101.81341850770343,31.547888064209094],[-101.81030028557065,31.54861448292322],[-101.80805874908658,31.549136615751795],[-101.80540618215608,31.54975443106043],[-101.79720188303926,31.551664911738186],[-101.79262101497773,31.53801700098176]]]}},{"type":"Feature","properties":{"ABSTRACT_L":"A-582","ABSTRACT_N":"582","LEVEL1_SUR":"EL&RR","LEVEL2_BLO":"D","LEVEL3_SUR":"20","Surv_Sect":"20","SHAPE_AREA":677.9225762904211,"owner_count":180.0,"top_owner":"KICKCAT ROYALTY LLC","top_owner_state":"TN","top_operator":"PIONEER NATURAL RES","max_propensity_score":7.0,"field_name":"Unknown","production_trend":null},"geometry":{"type":"Polygon","coordinates":[[[-101.81561536018863,31.554905074015732],[-101.81341850770343,31.547888064209094],[-101.82962025896141,31.544231926324972],[-101.83101507220475,31.543906775205706],[-101.83307117036303,31.550630989959807],[-101.83525282694687,31.55776489150999],[-101.82611380921736,31.559871143363747],[-101.81868810690676,31.561581966995025],[-101.81777737960034,31.561809908597844],[-101.81561536018863,31.554905074015732]]]}},{"type":"Feature","properties":{"ABSTRACT_L":"A-146","ABSTRACT_N":"146","LEVEL1_SUR":"EL&RR","LEVEL2_BLO":"D","LEVEL3_SUR":"21","Surv_Sect":"21","SHAPE_AREA":632.5113103344108,"owner_count":15.0,"top_owner":"HARRIS J WYLIE JR EST","top_owner_state":"UT","top_operator":"PIONEER NATURAL RES","max_propensity_score":5.0,"field_name":"Unknown","production_trend":null},"geometry":{"type":"MultiPolygon","coordinates":[[[[-101.84774989543044,31.541261551633077],[-101.8474985602887,31.540944829420624],[-101.84719090437186,31.540624959490152],[-101.84687268067404,31.540349714289036],[-101.84672697483327,31.540209299204115],[-101.84672279407394,31.540205271329235],[-101.84758017133393,31.540017268679463],[-101.84809195053445,31.541727143354343],[-101.84793365300834,31.541490348291745],[-101.84774989543044,31.541261551633077]]],[[[-101.83101507220475,31.543906775205706],[-101.84568711470479,31.5404433329052],[-101.8464532105555,31.540270913953975],[-101.84683252598086,31.540604272029256],[-101.84716292185077,31.54089911901814],[-101.84762565034181,31.541466850505888],[-101.84778535373135,31.541697370022217],[-101.84805028397662,31.5423327766046],[-101.84947920714961,31.546991310248554],[-101.85149332433973,31.553583205803665],[-101.85152998817973,31.553723720186074],[-101.85153352215205,31.553763398300216],[-101.85153212347515,31.553805038370342],[-101.85153065383135,31.553848759811615],[-101.85152682251665,31.55389034013483],[-101.85150596004249,31.553931500181314],[-101.85149045601901,31.553958207621296],[-101.85147272776689,31.5539786065918],[-101.85135340903928,31.55401902636394],[-101.83525282694687,31.55776489150999],[-101.83307117036303,31.550630989959807],[-101.83101507220475,31.543906775205706]]]]}},{"type":"Feature","properties":{"ABSTRACT_L":"A-578","ABSTRACT_N":"578","LEVEL1_SUR":"EL&RR","LEVEL2_BLO":"D","LEVEL3_SUR":"22","Surv_Sect":"22","SHAPE_AREA":632.6731411063735,"owner_count":33.0,"top_owner":"HAINES ENERGY PARTNERS LLC","top_owner_state":"FL","top_operator":"PIONEER NATURAL RES","max_propensity_score":8.0,"field_name":"Unknown","production_trend":null},"geometry":{"type":"Polygon","coordinates":[[[-101.82520686561496,31.53024238635035],[-101.83271904783966,31.528367911039453],[-101.8412423944094,31.526240486488685],[-101.84129403136856,31.526400551900572],[-101.84258405074411,31.530631873068348],[-101.84339305282775,31.53325913743189],[-101.84492494539018,31.53818259853377],[-101.84501229936504,31.538476070453868],[-101.84514822614562,31.53877074194654],[-101.84530136374873,31.53905328968936],[-101.84532920433601,31.539089300599766],[-101.84568711470479,31.5404433329052],[-101.83101507220475,31.543906775205706],[-101.82962025896141,31.544231926324972],[-101.82520686561496,31.53024238635035]]]}},{"type":"Feature","properties":{"ABSTRACT_L":"A-147","ABSTRACT_N":"147","LEVEL1_SUR":"BLK D SEC 23 A-147","LEVEL2_BLO":"D","LEVEL3_SUR":"23","Surv_Sect":"23","SHAPE_AREA":612.7296152470904,"owner_count":1525.0,"top_owner":"DL PERKINS ENERGY LLC","top_owner_state":"OK","top_operator":"PIONEER NATURAL RES","max_propensity_score":9.0,"field_name":"Unknown","production_trend":null},"geometry":{"type":"Polygon","coordinates":[[[-101.82215511162669,31.52040388195895],[-101.8209597468343,31.516549641930414],[-101.83695270446744,31.512659921796683],[-101.83737372867145,31.513955857363083],[-101.83785775891283,31.515467897577576],[-101.83818303977553,31.516505656430823],[-101.83829222460841,31.51685399112301],[-101.83907220931172,31.51931676432587],[-101.83908157424857,31.51934664357993],[-101.83926421701719,31.51992937289118],[-101.83991321208072,31.521833958037448],[-101.84064843642838,31.52439931175692],[-101.8412423944094,31.526240486488685],[-101.83271904783966,31.528367911039453],[-101.82520686561496,31.53024238635035],[-101.82306682977483,31.52334334532349],[-101.82294223973314,31.52294165811961],[-101.82215511162669,31.52040388195895]]]}},{"type":"Feature","properties":{"ABSTRACT_L":"A-579","ABSTRACT_N":"579","LEVEL1_SUR":"EL&RR","LEVEL2_BLO":"D","LEVEL3_SUR":"24","Surv_Sect":"24","SHAPE_AREA":636.4963340102386,"owner_count":115.0,"top_owner":"HAINES ENERGY PARTNERS LLC","top_owner_state":"FL","top_operator":"PIONEER NATURAL RES","max_propensity_score":8.0,"field_name":"Unknown","production_trend":null},"geometry":{"type":"Polygon","coordinates":[[[-101.81866199108482,31.509300641443943],[-101.81645523647025,31.50233779305611],[-101.82440556478825,31.50048718051024],[-101.83263083956695,31.49857195782409],[-101.83362342046374,31.501769753255534],[-101.83413903906377,31.50345778046362],[-101.83471342185643,31.505332469891123],[-101.83585759615235,31.509065939219226],[-101.83666879192191,31.511786006211292],[-101.83695270446744,31.512659921796683],[-101.8209597468343,31.516549641930414],[-101.81866199108482,31.509300641443943]]]}},{"type":"Feature","properties":{"ABSTRACT_L":"A-148","ABSTRACT_N":"148","LEVEL1_SUR":"EL&RR","LEVEL2_BLO":"D","LEVEL3_SUR":"25","Surv_Sect":"25","SHAPE_AREA":637.7519466031462,"owner_count":406.0,"top_owner":"MCAFEE ENTERPRISES LP","top_owner_state":"OK","top_operator":"PIONEER NATURAL RES","max_propensity_score":8.0,"field_name":"Unknown","production_trend":null},"geometry":{"type":"Polygon","coordinates":[[[-101.82930298388453,31.48791885223678],[-101.82950044975365,31.48863763732307],[-101.83048156275751,31.49171578895802],[-101.83152709125545,31.495036029569835],[-101.83228794902975,31.497467221906355],[-101.83263083956695,31.49857195782409],[-101.82440556478825,31.50048718051024],[-101.81645523647025,31.50233779305611],[-101.81612998345533,31.50133000622867],[-101.81421154582614,31.49538538872668],[-101.81196281922654,31.48841645659345],[-101.81989100586941,31.486499693601573],[-101.82832741348598,31.48438223546268],[-101.82920333017681,31.48709658580706],[-101.82924858819914,31.487535092134465],[-101.82930298388453,31.48791885223678]]]}},{"type":"Feature","properties":{"ABSTRACT_L":"A-654","ABSTRACT_N":"654","LEVEL1_SUR":"EL&RR","LEVEL2_BLO":"D","LEVEL3_SUR":"26","Surv_Sect":"26","SHAPE_AREA":662.9915771699333,"owner_count":39.0,"top_owner":"HAINES ENERGY PARTNERS LLC","top_owner_state":"FL","top_operator":"PIONEER NATURAL RES","max_propensity_score":8.0,"field_name":"Unknown","production_trend":null},"geometry":{"type":"Polygon","coordinates":[[[-101.80935662153435,31.481466660069675],[-101.80706075853516,31.474224997472124],[-101.80840353327241,31.473918584166523],[-101.8139847805057,31.472629704756926],[-101.8239412381943,31.47036210129915],[-101.82617651611578,31.477509407476578],[-101.82832741348598,31.48438223546268],[-101.81989100586941,31.486499693601573],[-101.81196281922654,31.48841645659345],[-101.80935662153435,31.481466660069675]]]}},{"type":"Feature","properties":{"ABSTRACT_L":"A-121","ABSTRACT_N":"121","LEVEL1_SUR":"D&W","LEVEL2_BLO":"D","LEVEL3_SUR":"27","Surv_Sect":"27","SHAPE_AREA":659.2980809775967,"owner_count":3618.0,"top_owner":"DIXIE CHICKEN MINERALS LLC","top_owner_state":"FL","top_operator":"PIONEER NAT RES USA","max_propensity_score":10.0,"field_name":"Unknown","production_trend":null},"geometry":{"type":"Polygon","coordinates":[[[-101.80647843643202,31.472392854871746],[-101.80446121915587,31.465862160334744],[-101.80282467196454,31.460687369668722],[-101.80268181647816,31.460221033215294],[-101.80357919302281,31.460013410316147],[-101.81139641167697,31.45822245692264],[-101.81955275602897,31.456317829755115],[-101.81955440264088,31.45631743817718],[-101.82013065931923,31.458205178800597],[-101.82132999286853,31.46208675971363],[-101.82194035857823,31.464031761972965],[-101.82306288886568,31.467608649561637],[-101.82390973248064,31.470263341104012],[-101.8239412381943,31.47036210129915],[-101.8139847805057,31.472629704756926],[-101.80840353327241,31.473918584166523],[-101.80706075853516,31.474224997472124],[-101.80647843643202,31.472392854871746]]]}},{"type":"Feature","properties":{"ABSTRACT_L":"A-553","ABSTRACT_N":"553","LEVEL1_SUR":"D&W","LEVEL2_BLO":"D","LEVEL3_SUR":"28","Surv_Sect":"28","SHAPE_AREA":661.935275211025,"owner_count":251.0,"top_owner":"COBALT ENERGY LLC","top_owner_state":"NV","top_operator":"PIONEER NATURAL RES","max_propensity_score":10.0,"field_name":"Unknown","production_trend":null},"geometry":{"type":"Polygon","coordinates":[[[-101.80164895063245,31.456849235511218],[-101.80086320772817,31.45425898923576],[-101.8005510278956,31.45323768307047],[-101.79988652072373,31.45106366447396],[-101.79902415781392,31.44843625136941],[-101.79834332735501,31.446205875198814],[-101.80711671998412,31.444163499956762],[-101.81529676818153,31.442249747897876],[-101.81664640155596,31.4467550638227],[-101.81742375958538,31.44930986678637],[-101.81955440264088,31.45631743817718],[-101.81955275602897,31.456317829755115],[-101.81139641167697,31.45822245692264],[-101.80357919302281,31.460013410316147],[-101.80268181647816,31.460221033215294],[-101.80164895063245,31.456849235511218]]]}},{"type":"Feature","properties":{"ABSTRACT_L":"A-119","ABSTRACT_N":"119","LEVEL1_SUR":"D&W","LEVEL2_BLO":"D","LEVEL3_SUR":"29","Surv_Sect":"29","SHAPE_AREA":669.1076470038,"owner_count":2648.0,"top_owner":"COBALT ENERGY LLC","top_owner_state":"NV","top_operator":"XTO ENERGY INC","max_propensity_score":10.0,"field_name":"Unknown","production_trend":null},"geometry":{"type":"Polygon","coordinates":[[[-101.79645236380048,31.44003559235669],[-101.79575934679644,31.43800422983812],[-101.79480844413558,31.43486509884385],[-101.79400467204357,31.43211899435309],[-101.80288103945198,31.430102565912673],[-101.8111470519305,31.428224144198715],[-101.8135357387463,31.436139916067404],[-101.81529676818153,31.442249747897876],[-101.80711671998412,31.444163499956762],[-101.79834332735501,31.446205875198814],[-101.79645236380048,31.44003559235669]]]}},{"type":"Feature","properties":{"ABSTRACT_L":"A-122","ABSTRACT_N":"122","LEVEL1_SUR":"D&W","LEVEL2_BLO":"D","LEVEL3_SUR":"3","Surv_Sect":"3","SHAPE_AREA":652.5466170456504,"owner_count":822.0,"top_owner":"HAINES ENERGY PARTNERS LLC","top_owner_state":"FL","top_operator":"PIONEER NATURAL RES","max_propensity_score":8.0,"field_name":"Unknown","production_trend":null},"geometry":{"type":"Polygon","coordinates":[[[-101.79043461349255,31.531238645657933],[-101.78813331299095,31.524102975366784],[-101.7962698818303,31.522202776030117],[-101.80497021178239,31.520170244478905],[-101.80937320533282,31.53402134367116],[-101.79262101497773,31.53801700098176],[-101.79043461349255,31.531238645657933]]]}},{"type":"Feature","properties":{"ABSTRACT_L":"A-723","ABSTRACT_N":"723","LEVEL1_SUR":"BLK D SEC 30 A-723","LEVEL2_BLO":"D","LEVEL3_SUR":"30","Surv_Sect":"30","SHAPE_AREA":738.7776446719481,"owner_count":1952.0,"top_owner":"COBALT ENERGY LLC","top_owner_state":"NV","top_operator":"PIONEER NATURAL RES","max_propensity_score":10.0,"field_name":"Unknown","production_trend":null},"geometry":{"type":"Polygon","coordinates":[[[-101.79399731034981,31.43209383720955],[-101.79275311493521,31.42784767669862],[-101.79153772579683,31.423704567086617],[-101.79036093097801,31.419783463361416],[-101.78942224809995,31.416566260497518],[-101.7982330070516,31.414574416440463],[-101.80651172979307,31.412695449860397],[-101.80901542611808,31.42117311543599],[-101.80901639270533,31.421176320526644],[-101.81053067110167,31.426194284166332],[-101.8111470519305,31.428224144198715],[-101.80288103945198,31.430102565912673],[-101.79400467204357,31.43211899435309],[-101.79399731034981,31.43209383720955]]]}},{"type":"Feature","properties":{"ABSTRACT_L":"A-145","ABSTRACT_N":"145","LEVEL1_SUR":"BLK D SEC 31 A-145","LEVEL2_BLO":"D","LEVEL3_SUR":"31","Surv_Sect":"31","SHAPE_AREA":602.2326444318226,"owner_count":2348.0,"top_owner":"JUBILEE ROYALTY HOLDINGS LLC","top_owner_state":"NY","top_operator":"PIONEER NAT RES USA","max_propensity_score":10.0,"field_name":"Unknown","production_trend":null},"geometry":{"type":"Polygon","coordinates":[[[-101.79737999290894,31.401147084617506],[-101.80186597192701,31.400108174715637],[-101.80263772267244,31.39992598161148],[-101.80364369475515,31.403099723177228],[-101.80633067344925,31.41208232475123],[-101.80651172979307,31.412695449860397],[-101.7982330070516,31.414574416440463],[-101.78942224809995,31.416566260497518],[-101.78625657605558,31.40558855416791],[-101.78577334441646,31.403888164598886],[-101.78752998558151,31.403473013773638],[-101.7910912262697,31.40264005830732],[-101.79411125894865,31.40193116204577],[-101.79441482393767,31.40186121521847],[-101.79737999290894,31.401147084617506]]]}},{"type":"Feature","properties":{"ABSTRACT_L":"BD--S32","ABSTRACT_N":"BD--S32","LEVEL1_SUR":null,"LEVEL2_BLO":"D","LEVEL3_SUR":"32","Surv_Sect":"32","SHAPE_AREA":428.3187425020744,"owner_count":0.0,"top_owner":"","top_owner_state":"","top_operator":"","max_propensity_score":0.0,"field_name":"Unknown","production_trend":null},"geometry":{"type":"Polygon","coordinates":[[[-101.77536354832647,31.415340597343352],[-101.7753592822272,31.40623154507724],[-101.78037718965757,31.405126978564542],[-101.78414123130936,31.40427385993543],[-101.78577334441646,31.403888164598886],[-101.78625657605558,31.40558855416791],[-101.78942224809995,31.416566260497518],[-101.77536553899314,31.419648080096806],[-101.77536354832647,31.415340597343352]]]}},{"type":"Feature","properties":{"ABSTRACT_L":"A-581","ABSTRACT_N":"581","LEVEL1_SUR":"BLK D SEC 4 D&W RR CO","LEVEL2_BLO":"D","LEVEL3_SUR":"4","Surv_Sect":"4","SHAPE_AREA":669.6778374666491,"owner_count":1579.0,"top_owner":"WILLETS TRUST","top_owner_state":"MO","top_operator":"PIONEER NAT RES","max_propensity_score":9.0,"field_name":"Unknown","production_trend":null},"geometry":{"type":"Polygon","coordinates":[[[-101.7836840867461,31.509861090241326],[-101.80059080888962,31.50595914304875],[-101.80283514901568,31.51324247071998],[-101.80497021178239,31.520170244478905],[-101.7962698818303,31.522202776030117],[-101.78813331299095,31.524102975366784],[-101.7836840867461,31.509861090241326]]]}},{"type":"Feature","properties":{"ABSTRACT_L":"A-123","ABSTRACT_N":"123","LEVEL1_SUR":"D&W","LEVEL2_BLO":"D","LEVEL3_SUR":"5","Surv_Sect":"5","SHAPE_AREA":662.4846724827318,"owner_count":5195.0,"top_owner":"KRP LEGACY ISLES LLC","top_owner_state":"LA","top_operator":"PIONEER NATURAL RES","max_propensity_score":10.0,"field_name":"Unknown","production_trend":null},"geometry":{"type":"Polygon","coordinates":[[[-101.78333368988639,31.508729920526076],[-101.77928515447907,31.495658457005977],[-101.77956922063655,31.49555438312409],[-101.78750252767655,31.49387966707363],[-101.79614235609424,31.492008773364084],[-101.80024987667974,31.504890111820945],[-101.80059080888962,31.50595914304875],[-101.7836840867461,31.509861090241326],[-101.78333368988639,31.508729920526076]]]}},{"type":"Feature","properties":{"ABSTRACT_L":"A-653","ABSTRACT_N":"653","LEVEL1_SUR":"D&W","LEVEL2_BLO":"D","LEVEL3_SUR":"6","Surv_Sect":"6","SHAPE_AREA":648.332848090795,"owner_count":65.0,"top_owner":"HAINES ENERGY PARTNERS LLC","top_owner_state":"FL","top_operator":"PIONEER NATURAL RES","max_propensity_score":8.0,"field_name":"Unknown","production_trend":null},"geometry":{"type":"Polygon","coordinates":[[[-101.7753928962868,31.483417486315442],[-101.77539209588788,31.481412440695784],[-101.78013371836781,31.480317918000555],[-101.78752684686792,31.47866652930884],[-101.7912209412001,31.477852832599535],[-101.79350126693812,31.48481042107556],[-101.79614235609424,31.492008773364084],[-101.78750252767655,31.49387966707363],[-101.77956922063655,31.49555438312409],[-101.7753928962868,31.483417486315442]]]}},{"type":"Feature","properties":{"ABSTRACT_L":"BD--S7","ABSTRACT_N":"BD--S7","LEVEL1_SUR":"BLK D SEC 7 D&W RR CO","LEVEL2_BLO":"D","LEVEL3_SUR":"7","Surv_Sect":"7","SHAPE_AREA":535.4024724366637,"owner_count":370.0,"top_owner":"COBALT ENERGY LLC","top_owner_state":"NV","top_operator":"ENDEAVOR ENERGY RES","max_propensity_score":10.0,"field_name":"Unknown","production_trend":null},"geometry":{"type":"Polygon","coordinates":[[[-101.77538949616346,31.474961721315832],[-101.77538599363216,31.466429741626484],[-101.77594303085502,31.466305424762666],[-101.77986374498055,31.465398722223505],[-101.78382937307364,31.464494685047534],[-101.78679784245529,31.46381726672462],[-101.78692914111554,31.46378761721986],[-101.78722936527,31.464701424509776],[-101.78899357024976,31.470371484734294],[-101.7912209412001,31.477852832599535],[-101.78752684686792,31.47866652930884],[-101.78013371836781,31.480317918000555],[-101.77539209588788,31.481412440695784],[-101.77538949616346,31.474961721315832]]]}},{"type":"Feature","properties":{"ABSTRACT_L":"BD--S77","ABSTRACT_N":"BD--S77","LEVEL1_SUR":"CCSD&RGNG RR","LEVEL2_BLO":"D","LEVEL3_SUR":"77","Surv_Sect":"77","SHAPE_AREA":627.4036092446011,"owner_count":12.0,"top_owner":"NEAL ROBERT L MGMT TR","top_owner_state":"LA","top_operator":"COG OPERATING LLC","max_propensity_score":4.0,"field_name":"Unknown","production_trend":null},"geometry":{"type":"Polygon","coordinates":[[[-102.11113042107846,31.48025984523738],[-102.1118824124809,31.482626988049454],[-102.11272928035038,31.485253256402398],[-102.11321551326084,31.48683846492899],[-102.11375982854263,31.48855102885344],[-102.11433255753686,31.490356181555065],[-102.1147176859604,31.491560548973467],[-102.11489236696066,31.49208641714567],[-102.09865829970863,31.496007649153405],[-102.09817480306653,31.494569442197218],[-102.09638566804101,31.48915410514059],[-102.09523987228602,31.485685721053063],[-102.0941233634059,31.482275351165],[-102.11056627908002,31.478420115181805],[-102.11056647042118,31.47842007074704],[-102.11113042107846,31.48025984523738]]]}},{"type":"Feature","properties":{"ABSTRACT_L":"A-1380","ABSTRACT_N":"1380","LEVEL1_SUR":"CCSD","LEVEL2_BLO":"D","LEVEL3_SUR":"78","Surv_Sect":"78","SHAPE_AREA":667.7086753301794,"owner_count":38.0,"top_owner":"NEAL ROBERT L MGMT TR","top_owner_state":"LA","top_operator":"COG OPERATING LLC","max_propensity_score":5.0,"field_name":"Unknown","production_trend":null},"geometry":{"type":"Polygon","coordinates":[[[-102.10930109632545,31.474577646810317],[-102.11040225838723,31.477884448878292],[-102.11056647042118,31.47842007074704],[-102.11056627908002,31.478420115181805],[-102.0941233634059,31.482275351165],[-102.09158965526558,31.474535315598313],[-102.0901781297647,31.47032668451175],[-102.08937850070275,31.467871928694958],[-102.10588032519826,31.463876749602388],[-102.10658003285452,31.46620933514918],[-102.1073800760398,31.468658918297812],[-102.10930109632545,31.474577646810317]]]}},{"type":"Feature","properties":{"ABSTRACT_L":"BD--S79","ABSTRACT_N":"BD--S79","LEVEL1_SUR":"CCSD","LEVEL2_BLO":"D","LEVEL3_SUR":"79","Surv_Sect":"79","SHAPE_AREA":648.8808836389254,"owner_count":128.0,"top_owner":"ALAMO ENDEAVORS LLC","top_owner_state":"CO","top_operator":"DIAMONDBACK E&P LLC","max_propensity_score":8.0,"field_name":"Unknown","production_trend":null},"geometry":{"type":"Polygon","coordinates":[[[-102.08816302981768,31.464140369476976],[-102.087042103023,31.46068355521859],[-102.0846672637373,31.45392355453626],[-102.08981804098136,31.45267935031734],[-102.09297379742165,31.451896875754414],[-102.10056832820845,31.450066638943184],[-102.10125923506988,31.449894887068893],[-102.10588032519826,31.463876749602388],[-102.08937850070275,31.467871928694958],[-102.08816302981768,31.464140369476976]]]}},{"type":"Feature","properties":{"ABSTRACT_L":"A-833","ABSTRACT_N":"833","LEVEL1_SUR":"D&W","LEVEL2_BLO":"D","LEVEL3_SUR":"8","Surv_Sect":"8","SHAPE_AREA":368.5911144468122,"owner_count":200.0,"top_owner":"CAPROCK ENERGY LLC","top_owner_state":"NV","top_operator":"PIONEER NATURAL RES","max_propensity_score":9.0,"field_name":"Unknown","production_trend":null},"geometry":{"type":"Polygon","coordinates":[[[-101.77538488690773,31.46377016618902],[-101.7753813286809,31.45532153603003],[-101.77537961918691,31.451321390492968],[-101.782596494635,31.449648259265686],[-101.78443653988259,31.455741790031738],[-101.78653895697356,31.46259996811089],[-101.78692914111554,31.46378761721986],[-101.78679784245529,31.46381726672462],[-101.78382937307364,31.464494685047534],[-101.77986374498055,31.465398722223505],[-101.77594303085502,31.466305424762666],[-101.77538599363216,31.466429741626484],[-101.77538488690773,31.46377016618902]]]}},{"type":"Feature","properties":{"ABSTRACT_L":"A-813","ABSTRACT_N":"813","LEVEL1_SUR":"CCSD","LEVEL2_BLO":"D","LEVEL3_SUR":"80","Surv_Sect":"80","SHAPE_AREA":648.4885783918712,"owner_count":123.0,"top_owner":"HAINES ENERGY PARTNERS LLC","top_owner_state":"FL","top_operator":"DIAMONDBACK E&P LLC","max_propensity_score":7.0,"field_name":"Unknown","production_trend":null},"geometry":{"type":"Polygon","coordinates":[[[-102.08366719268768,31.450846530128082],[-102.08219927185156,31.44630612071948],[-102.08073283682896,31.44185598660862],[-102.08010818970287,31.439931936406165],[-102.09647035222284,31.435931405882418],[-102.1012530124399,31.44987606091629],[-102.10125923506988,31.449894887068893],[-102.10056832820845,31.450066638943184],[-102.09297379742165,31.451896875754414],[-102.08981804098136,31.45267935031734],[-102.0846672637373,31.45392355453626],[-102.08366719268768,31.450846530128082]]]}},{"type":"Feature","properties":{"ABSTRACT_L":"BD--S81","ABSTRACT_N":"BD--S81","LEVEL1_SUR":null,"LEVEL2_BLO":"D","LEVEL3_SUR":"81","Surv_Sect":"81","SHAPE_AREA":641.2381673250798,"owner_count":63.0,"top_owner":"ERDMAN MINERAL RIGHTS LLC","top_owner_state":"CA","top_operator":"COG OPERATING LLCP","max_propensity_score":8.0,"field_name":"Unknown","production_trend":null},"geometry":{"type":"Polygon","coordinates":[[[-102.07553815981527,31.4259400918071],[-102.09180783538685,31.421969986830806],[-102.0918093562346,31.42196961504037],[-102.09545350064373,31.43296611492927],[-102.09647035222284,31.435931405882418],[-102.08010818970287,31.439931936406165],[-102.07873467192167,31.435700950549595],[-102.07730088167646,31.431304993573168],[-102.07553815981527,31.4259400918071]]]}},{"type":"Feature","properties":{"ABSTRACT_L":"A-901","ABSTRACT_N":"901","LEVEL1_SUR":"CCSD","LEVEL2_BLO":"D","LEVEL3_SUR":"82","Surv_Sect":"82","SHAPE_AREA":639.6970995426186,"owner_count":105.0,"top_owner":"ERDMAN MINERAL RIGHTS LLC","top_owner_state":"CA","top_operator":"COG OPERATING LLC","max_propensity_score":8.0,"field_name":"Unknown","production_trend":null},"geometry":{"type":"Polygon","coordinates":[[[-102.08717401613089,31.408006656984295],[-102.08947868441649,31.414981211657974],[-102.0918093562346,31.42196961504037],[-102.09180783538685,31.421969986830806],[-102.07553815981527,31.4259400918071],[-102.07541201568812,31.42555614741751],[-102.07436865033338,31.422506059569933],[-102.07333796110562,31.41936127572059],[-102.07205070764283,31.41541693549884],[-102.07094180839148,31.411968226654196],[-102.07935776765724,31.409917543754553],[-102.08717401613089,31.408006656984295]]]}},{"type":"Feature","properties":{"ABSTRACT_L":"A-52","ABSTRACT_N":"52","LEVEL1_SUR":"CCSD&RG","LEVEL2_BLO":"D","LEVEL3_SUR":"83","Surv_Sect":"83","SHAPE_AREA":661.3327426651288,"owner_count":199.0,"top_owner":"BIG HORN MINERALS LLC","top_owner_state":"WI","top_operator":"COG OPERATING LLC","max_propensity_score":9.0,"field_name":"Unknown","production_trend":null},"geometry":{"type":"Polygon","coordinates":[[[-102.0682029205487,31.403963818952683],[-102.06632920285098,31.39801434774871],[-102.06614335579174,31.397468635445037],[-102.08247111732791,31.393669433817085],[-102.08363273331338,31.397204637103187],[-102.0849126529302,31.401109053891307],[-102.08717401613089,31.408006656984295],[-102.07935776765724,31.409917543754553],[-102.07094180839148,31.411968226654196],[-102.0682029205487,31.403963818952683]]]}},{"type":"Feature","properties":{"ABSTRACT_L":"A-889","ABSTRACT_N":"889","LEVEL1_SUR":"BLK D SEC 84 A-889","LEVEL2_BLO":"D","LEVEL3_SUR":"84","Surv_Sect":"84","SHAPE_AREA":637.5781171568361,"owner_count":49.0,"top_owner":"DOORNBOS MINERAL PARTNERS LLC","top_owner_state":"OK","top_operator":"COG OPERATING LLC","max_propensity_score":6.0,"field_name":"Unknown","production_trend":null},"geometry":{"type":"Polygon","coordinates":[[[-102.0614991268583,31.3835859978616],[-102.0779218178621,31.379799590492343],[-102.08247111732791,31.393669433817085],[-102.06614335579174,31.397468635445037],[-102.0614991268583,31.3835859978616]]]}},{"type":"Feature","properties":{"ABSTRACT_L":"A-53","ABSTRACT_N":"53","LEVEL1_SUR":"CCSD&RGNG","LEVEL2_BLO":"D","LEVEL3_SUR":"85","Surv_Sect":"85","SHAPE_AREA":631.9108945789275,"owner_count":15.0,"top_owner":"HALFF LAWRENCE A LIVING TRUST","top_owner_state":"TX","top_operator":"TRUE OIL COMPANY LLC","max_propensity_score":3.0,"field_name":"Unknown","production_trend":null},"geometry":{"type":"Polygon","coordinates":[[[-102.05878889706969,31.375148744209753],[-102.05709824075551,31.369856367227918],[-102.05720608979358,31.36983466638534],[-102.07342752134281,31.366001766302016],[-102.07641486073533,31.375148192765074],[-102.0779218178621,31.379799590492343],[-102.0614991268583,31.3835859978616],[-102.05878889706969,31.375148744209753]]]}},{"type":"Feature","properties":{"ABSTRACT_L":"BD--S86","ABSTRACT_N":"BD--S86","LEVEL1_SUR":null,"LEVEL2_BLO":"D","LEVEL3_SUR":"86","Surv_Sect":"86","SHAPE_AREA":636.5656347365814,"owner_count":0.0,"top_owner":"","top_owner_state":"","top_operator":"","max_propensity_score":0.0,"field_name":"Unknown","production_trend":null},"geometry":{"type":"Polygon","coordinates":[[[-102.06890370887827,31.352115024485006],[-102.07342752134281,31.366001766302016],[-102.05720608979358,31.36983466638534],[-102.05250259001767,31.355947472816055],[-102.05986898016334,31.35422618994327],[-102.06882649867958,31.35213246407288],[-102.06890370887827,31.352115024485006]]]}},{"type":"Feature","properties":{"ABSTRACT_L":"A-54","ABSTRACT_N":"54","LEVEL1_SUR":"CCSD","LEVEL2_BLO":"D","LEVEL3_SUR":"87","Surv_Sect":"87","SHAPE_AREA":647.7962859070554,"owner_count":43.0,"top_owner":"STONEWALL OIL & GAS LLC","top_owner_state":"OK","top_operator":"COG OPERATING LLC","max_propensity_score":8.0,"field_name":"Unknown","production_trend":null},"geometry":{"type":"Polygon","coordinates":[[[-102.06890370887827,31.352115024485006],[-102.0854173785591,31.34795354932359],[-102.08985796121428,31.362024559576],[-102.07342752134281,31.366001766302016],[-102.06890370887827,31.352115024485006]]]}},{"type":"Feature","properties":{"ABSTRACT_L":"A-598","ABSTRACT_N":"598","LEVEL1_SUR":"CCSD","LEVEL2_BLO":"D","LEVEL3_SUR":"88","Surv_Sect":"88","SHAPE_AREA":640.6111011795432,"owner_count":32.0,"top_owner":"COG OPERATING LLC WI","top_owner_state":"TX","top_operator":"COG OPERATING LLC","max_propensity_score":3.0,"field_name":"Unknown","production_trend":null},"geometry":{"type":"Polygon","coordinates":[[[-102.07641486073533,31.375148192765074],[-102.07342752134281,31.366001766302016],[-102.08985796121428,31.362024559576],[-102.09412617423442,31.375176157680556],[-102.09440086467526,31.37597702278805],[-102.0779218178621,31.379799590492343],[-102.07641486073533,31.375148192765074]]]}},{"type":"Feature","properties":{"ABSTRACT_L":"BD--S89","ABSTRACT_N":"BD--S89","LEVEL1_SUR":null,"LEVEL2_BLO":"D","LEVEL3_SUR":"89","Surv_Sect":"89","SHAPE_AREA":638.243582404648,"owner_count":7.0,"top_owner":"COG OPERATING LLC WI","top_owner_state":"TX","top_operator":"COG OPERATING LLP","max_propensity_score":2.0,"field_name":"Unknown","production_trend":null},"geometry":{"type":"Polygon","coordinates":[[[-102.0779218178621,31.379799590492343],[-102.09440086467526,31.37597702278805],[-102.09659387776092,31.382818444189173],[-102.09883304898085,31.3898037359895],[-102.09075658372223,31.391742434202257],[-102.08247111732791,31.393669433817085],[-102.0779218178621,31.379799590492343]]]}},{"type":"Feature","properties":{"ABSTRACT_L":"BD--S9","ABSTRACT_N":"BD--S9","LEVEL1_SUR":null,"LEVEL2_BLO":"D","LEVEL3_SUR":"9","Surv_Sect":"9","SHAPE_AREA":199.2116696185773,"owner_count":0.0,"top_owner":"","top_owner_state":"","top_operator":"","max_propensity_score":0.0,"field_name":"Unknown","production_trend":null},"geometry":{"type":"Polygon","coordinates":[[[-101.77537773991132,31.446965311820023],[-101.77537307496007,31.43632929646163],[-101.7759889392576,31.436183008870756],[-101.77837438046029,31.4356450667342],[-101.78021877804544,31.441802714576955],[-101.78232609185301,31.448752730666225],[-101.782596494635,31.449648259265686],[-101.77537961918691,31.451321390492968],[-101.77537773991132,31.446965311820023]]]}},{"type":"Feature","properties":{"ABSTRACT_L":"A-1556","ABSTRACT_N":"1556","LEVEL1_SUR":"CCSD","LEVEL2_BLO":"D","LEVEL3_SUR":"90","Surv_Sect":"90","SHAPE_AREA":658.1538772216976,"owner_count":230.0,"top_owner":"HELLMAN I W ESTATE","top_owner_state":"GA","top_operator":"COG OPERATING LLC","max_propensity_score":9.0,"field_name":"Unknown","production_trend":null},"geometry":{"type":"Polygon","coordinates":[[[-102.10005951434668,31.393302348387373],[-102.1012277158815,31.396869515827813],[-102.10364140011671,31.403987429490034],[-102.099478977196,31.404986362773514],[-102.09547750811969,31.405962189084597],[-102.09127113332707,31.407012014871576],[-102.08717401613089,31.408006656984295],[-102.0849126529302,31.401109053891307],[-102.08363273331338,31.397204637103187],[-102.08247111732791,31.393669433817085],[-102.09075658372223,31.391742434202257],[-102.09883304898085,31.3898037359895],[-102.10005951434668,31.393302348387373]]]}},{"type":"Feature","properties":{"ABSTRACT_L":"A-56","ABSTRACT_N":"56","LEVEL1_SUR":"CCSD","LEVEL2_BLO":"D","LEVEL3_SUR":"91","Surv_Sect":"91","SHAPE_AREA":648.0755728498763,"owner_count":3.0,"top_owner":"COG OPERATING LLC WI","top_owner_state":"TX","top_operator":"COG OPERATING LLC","max_propensity_score":2.0,"field_name":"Unknown","production_trend":null},"geometry":{"type":"Polygon","coordinates":[[[-102.10593528233069,31.41089112764744],[-102.10827935521623,31.41794492793794],[-102.0918093562346,31.42196961504037],[-102.08947868441649,31.414981211657974],[-102.08717401613089,31.408006656984295],[-102.09127113332707,31.407012014871576],[-102.09547750811969,31.405962189084597],[-102.099478977196,31.404986362773514],[-102.10364140011671,31.403987429490034],[-102.10593528233069,31.41089112764744]]]}},{"type":"Feature","properties":{"ABSTRACT_L":"BD--S92","ABSTRACT_N":"BD--S92","LEVEL1_SUR":null,"LEVEL2_BLO":"D","LEVEL3_SUR":"92","Surv_Sect":"92","SHAPE_AREA":645.8958837859135,"owner_count":1.0,"top_owner":"COG OPERATING LLC WI","top_owner_state":"TX","top_operator":"COG OPERATING LLCP","max_propensity_score":3.0,"field_name":"Unknown","production_trend":null},"geometry":{"type":"Polygon","coordinates":[[[-102.10827935521623,31.41794492793794],[-102.10828911361516,31.417974289138574],[-102.11281872290826,31.4319317677401],[-102.09647035222284,31.435931405882418],[-102.09545350064373,31.43296611492927],[-102.0918093562346,31.42196961504037],[-102.10827935521623,31.41794492793794]]]}},{"type":"Feature","properties":{"ABSTRACT_L":"A-57","ABSTRACT_N":"57","LEVEL1_SUR":"CCSD","LEVEL2_BLO":"D","LEVEL3_SUR":"93","Surv_Sect":"93","SHAPE_AREA":641.589956610485,"owner_count":164.0,"top_owner":"TRUMBULL OIL PROPERTIES LLC","top_owner_state":"CA","top_operator":"COG OPERATING LLC","max_propensity_score":8.0,"field_name":"Unknown","production_trend":null},"geometry":{"type":"Polygon","coordinates":[[[-102.1012530124399,31.44987606091629],[-102.09647035222284,31.435931405882418],[-102.11281872290826,31.4319317677401],[-102.11282787853764,31.431959976349923],[-102.11479362055137,31.437671676276373],[-102.11598872123906,31.441400989079174],[-102.11685209116031,31.444002269103507],[-102.11747757102466,31.445861895617245],[-102.10125923506988,31.449894887068893],[-102.1012530124399,31.44987606091629]]]}},{"type":"Feature","properties":{"ABSTRACT_L":"A-812","ABSTRACT_N":"812","LEVEL1_SUR":"CCSD&RGNG RR","LEVEL2_BLO":"D","LEVEL3_SUR":"94","Surv_Sect":"94","SHAPE_AREA":639.5683870972632,"owner_count":164.0,"top_owner":"TRUMBULL OIL PROPERTIES LLC","top_owner_state":"CA","top_operator":"COG OPERATING LLC","max_propensity_score":8.0,"field_name":"Unknown","production_trend":null},"geometry":{"type":"Polygon","coordinates":[[[-102.10125923506988,31.449894887068893],[-102.11747757102466,31.445861895617245],[-102.11842988224387,31.44869310483574],[-102.11973864137457,31.452927949558187],[-102.11975957122236,31.45299567350984],[-102.12052870697201,31.45532464569756],[-102.1220655923708,31.45998014205885],[-102.11706219003727,31.46116325596834],[-102.11110940139912,31.462601863037],[-102.10588032519826,31.463876749602388],[-102.10125923506988,31.449894887068893]]]}},{"type":"Feature","properties":{"ABSTRACT_L":"BD--S95","ABSTRACT_N":"BD--S95","LEVEL1_SUR":"CCSD","LEVEL2_BLO":"D","LEVEL3_SUR":"95","Surv_Sect":"95","SHAPE_AREA":670.4337666136036,"owner_count":165.0,"top_owner":"ELKINS ANITA TRUST","top_owner_state":"OK","top_operator":"DIAMONDBACK E&P LLC","max_propensity_score":7.0,"field_name":"Unknown","production_trend":null},"geometry":{"type":"Polygon","coordinates":[[[-102.11706219003727,31.46116325596834],[-102.1220655923708,31.45998014205885],[-102.1220947741428,31.46006853172202],[-102.12709001707857,31.474543432938333],[-102.1270898248391,31.474543478907258],[-102.11056647042118,31.47842007074704],[-102.11040225838723,31.477884448878292],[-102.10930109632545,31.474577646810317],[-102.1073800760398,31.468658918297812],[-102.10658003285452,31.46620933514918],[-102.10588032519826,31.463876749602388],[-102.11110940139912,31.462601863037],[-102.11706219003727,31.46116325596834]]]}},{"type":"Feature","properties":{"ABSTRACT_L":"BD--S96","ABSTRACT_N":"BD--S96","LEVEL1_SUR":null,"LEVEL2_BLO":"D","LEVEL3_SUR":"96","Surv_Sect":"96","SHAPE_AREA":635.988151304321,"owner_count":0.0,"top_owner":"","top_owner_state":"","top_operator":"","max_propensity_score":0.0,"field_name":"Unknown","production_trend":null},"geometry":{"type":"Polygon","coordinates":[[[-102.1147176859604,31.491560548973467],[-102.11433255753686,31.490356181555065],[-102.11375982854263,31.48855102885344],[-102.11321551326084,31.48683846492899],[-102.11272928035038,31.485253256402398],[-102.1118824124809,31.482626988049454],[-102.11113042107846,31.48025984523738],[-102.11056647042118,31.47842007074704],[-102.1270898248391,31.474543478907258],[-102.12709001707857,31.474543432938333],[-102.13075959099676,31.485174578894597],[-102.13167744104504,31.48802953173261],[-102.11489236696066,31.49208641714567],[-102.1147176859604,31.491560548973467]]]}},{"type":"Feature","properties":{"ABSTRACT_L":"BD--S97","ABSTRACT_N":"BD--S97","LEVEL1_SUR":null,"LEVEL2_BLO":"D","LEVEL3_SUR":"97","Surv_Sect":"97","SHAPE_AREA":612.5689944503036,"owner_count":0.0,"top_owner":"","top_owner_state":"","top_operator":"","max_propensity_score":0.0,"field_name":"Unknown","production_trend":null},"geometry":{"type":"Polygon","coordinates":[[[-102.1352350839805,31.4726315741966],[-102.14340235903288,31.470713891747092],[-102.14416759070428,31.473045224355747],[-102.14462258829403,31.47441713256338],[-102.1450359004613,31.4756745074826],[-102.14548678466532,31.477084427637948],[-102.14626809079043,31.479418551079718],[-102.14677243104208,31.480926733326744],[-102.14722212587668,31.482289290844005],[-102.1476410183785,31.483546327869274],[-102.14782048470428,31.484125364215643],[-102.13167744104504,31.48802953173261],[-102.13075959099676,31.485174578894597],[-102.12709001707857,31.474543432938333],[-102.1352350839805,31.4726315741966]]]}},{"type":"Feature","properties":{"ABSTRACT_L":"BD--S98","ABSTRACT_N":"BD--S98","LEVEL1_SUR":null,"LEVEL2_BLO":"D","LEVEL3_SUR":"98","Surv_Sect":"98","SHAPE_AREA":675.7586252104819,"owner_count":0.0,"top_owner":"","top_owner_state":"","top_operator":"","max_propensity_score":0.0,"field_name":"Unknown","production_trend":null},"geometry":{"type":"Polygon","coordinates":[[[-102.13844900453881,31.455981328076163],[-102.13881440775535,31.457131299864464],[-102.13933139808283,31.458748113986594],[-102.1401893502646,31.461268741238143],[-102.14078101215176,31.462982049724506],[-102.14079231924624,31.463029321528662],[-102.14079270013193,31.463030918377765],[-102.14081328323002,31.463126726977695],[-102.14090434545037,31.463403625593852],[-102.14130387476624,31.464416099658013],[-102.14184376674359,31.465973860471305],[-102.1421759843969,31.46701031133185],[-102.14262536931273,31.468372250867695],[-102.14328962315967,31.470370422805612],[-102.14340235903288,31.470713891747092],[-102.1352350839805,31.4726315741966],[-102.12709001707857,31.474543432938333],[-102.1220947741428,31.46006853172202],[-102.1220655923708,31.45998014205885],[-102.12220230607555,31.459947810935038],[-102.12764314662994,31.458554932948513],[-102.13020787180038,31.457930607342867],[-102.13181165384006,31.45754017097749],[-102.13284599651608,31.45728835100329],[-102.13844900453881,31.455981328076163]]]}},{"type":"Feature","properties":{"ABSTRACT_L":"BD--S99","ABSTRACT_N":"BD--S99","LEVEL1_SUR":null,"LEVEL2_BLO":"D","LEVEL3_SUR":"99","Surv_Sect":"99","SHAPE_AREA":649.7693516266851,"owner_count":0.0,"top_owner":"","top_owner_state":"","top_operator":"","max_propensity_score":0.0,"field_name":"Unknown","production_trend":null},"geometry":{"type":"Polygon","coordinates":[[[-102.134438402291,31.44377527628468],[-102.13530851766171,31.446377654528252],[-102.13607943566888,31.448709271958403],[-102.13613519499687,31.448879374504553],[-102.13722998261342,31.452219060188828],[-102.13771843436264,31.453721063505217],[-102.13825780711373,31.45537958824889],[-102.13844900453881,31.455981328076163],[-102.13284599651608,31.45728835100329],[-102.13181165384006,31.45754017097749],[-102.13020787180038,31.457930607342867],[-102.12764314662994,31.458554932948513],[-102.12220230607555,31.459947810935038],[-102.1220655923708,31.45998014205885],[-102.12052870697201,31.45532464569756],[-102.11975957122236,31.45299567350984],[-102.11973864137457,31.452927949558187],[-102.11842988224387,31.44869310483574],[-102.11747757102466,31.445861895617245],[-102.12566380591943,31.44382530532511],[-102.12724617212272,31.443427782253963],[-102.13017577769024,31.44269174148155],[-102.13380744270343,31.441832401697976],[-102.134438402291,31.44377527628468]]]}},{"type":"Feature","properties":{"ABSTRACT_L":"A-77","ABSTRACT_N":"77","LEVEL1_SUR":"CCSD&RGNG","LEVEL2_BLO":"E","LEVEL3_SUR":"133","Surv_Sect":"133","SHAPE_AREA":616.537206918825,"owner_count":5.0,"top_owner":"WARREN WILLIAM JOHNSTON TR A","top_owner_state":"CO","top_operator":"APACHE CORPORATION","max_propensity_score":6.0,"field_name":"Unknown","production_trend":null},"geometry":{"type":"Polygon","coordinates":[[[-102.19266741639993,31.45913345035847],[-102.20952990549885,31.45516457584892],[-102.21378646377651,31.468146563712597],[-102.1969652594514,31.47222495102694],[-102.19266741639993,31.45913345035847]]]}},{"type":"Feature","properties":{"ABSTRACT_L":"BE--S134","ABSTRACT_N":"BE--S134","LEVEL1_SUR":null,"LEVEL2_BLO":"E","LEVEL3_SUR":"134","Surv_Sect":"134","SHAPE_AREA":716.2124950578049,"owner_count":1.0,"top_owner":"FIREBIRD ENERGY II LLC","top_owner_state":"TX","top_operator":"FIREBIRD ENERGY II","max_propensity_score":2.0,"field_name":"Unknown","production_trend":null},"geometry":{"type":"Polygon","coordinates":[[[-102.19037188218414,31.452139739548198],[-102.18762440015902,31.44418213719088],[-102.1875581664748,31.443982590298447],[-102.19127981573,31.44312923341561],[-102.2046071799627,31.440146763035063],[-102.20952990549885,31.45516457584892],[-102.19266741639993,31.45913345035847],[-102.19037188218414,31.452139739548198]]]}},{"type":"Feature","properties":{"ABSTRACT_L":"A-78","ABSTRACT_N":"78","LEVEL1_SUR":"BLK E SEC 135 A-78","LEVEL2_BLO":"E","LEVEL3_SUR":"135","Surv_Sect":"135","SHAPE_AREA":657.3635548707397,"owner_count":5.0,"top_owner":"WARREN WILLIAM JOHNSTON TR A","top_owner_state":"CO","top_operator":"APACHE CORPORATION","max_propensity_score":6.0,"field_name":"Unknown","production_trend":null},"geometry":{"type":"Polygon","coordinates":[[[-102.18671515147958,31.44144269377803],[-102.1858933933189,31.438908583250395],[-102.18474376265597,31.435390223972586],[-102.1832948340016,31.43099868128714],[-102.18302454889893,31.430188693429827],[-102.18354783821316,31.430064279410846],[-102.18613675052265,31.42948778240315],[-102.18869765605652,31.428913362189906],[-102.19072424006612,31.428482070241547],[-102.19379035452253,31.427768392151307],[-102.19626663606168,31.42721371425548],[-102.1989946569845,31.42660747635883],[-102.20009179369549,31.426367764337456],[-102.2046071799627,31.440146763035063],[-102.19127981573,31.44312923341561],[-102.1875581664748,31.443982590298447],[-102.18671515147958,31.44144269377803]]]}},{"type":"Feature","properties":{"ABSTRACT_L":"BE--S136","ABSTRACT_N":"BE--S136","LEVEL1_SUR":null,"LEVEL2_BLO":"E","LEVEL3_SUR":"136","Surv_Sect":"136","SHAPE_AREA":667.5651609713806,"owner_count":3.0,"top_owner":"FIREBIRD ENERGY II LLC","top_owner_state":"TX","top_operator":"FIREBIRD ENERGY II","max_propensity_score":2.0,"field_name":"Unknown","production_trend":null},"geometry":{"type":"Polygon","coordinates":[[[-102.18261075792958,31.428948621403244],[-102.18153366263257,31.425653821026284],[-102.18056580606736,31.422660872858586],[-102.17950126652308,31.419448349887492],[-102.17842740336444,31.415971340486006],[-102.19544780101896,31.412192465987026],[-102.20003526540961,31.426195242345923],[-102.19635227515265,31.427007271496883],[-102.19013775606827,31.428366065813673],[-102.18476007875645,31.429588167682414],[-102.18295726238918,31.429987047159305],[-102.18261075792958,31.428948621403244]]]}},{"type":"Feature","properties":{"ABSTRACT_L":"A-79","ABSTRACT_N":"79","LEVEL1_SUR":"CCSD&RGNG","LEVEL2_BLO":"E","LEVEL3_SUR":"137","Surv_Sect":"137","SHAPE_AREA":657.8461790348792,"owner_count":6.0,"top_owner":"WARREN WILLIAM JOHNSTON TR A","top_owner_state":"CO","top_operator":"APACHE CORPORATION","max_propensity_score":6.0,"field_name":"Unknown","production_trend":null},"geometry":{"type":"Polygon","coordinates":[[[-102.1774686027156,31.413006957731096],[-102.17638015540834,31.409692500872264],[-102.17558575633797,31.40739716604837],[-102.17489861880748,31.40531110366022],[-102.17413331257589,31.40302692804094],[-102.17386934262966,31.402219687365417],[-102.17394324433315,31.4022023245457],[-102.19090419058382,31.398319793953785],[-102.19544780101896,31.412192465987026],[-102.17842740336444,31.415971340486006],[-102.1774686027156,31.413006957731096]]]}},{"type":"Feature","properties":{"ABSTRACT_L":"A-1307","ABSTRACT_N":"1307","LEVEL1_SUR":"CCSD&RGNG","LEVEL2_BLO":"E","LEVEL3_SUR":"138","Surv_Sect":"138","SHAPE_AREA":668.2548178598192,"owner_count":4.0,"top_owner":"WARREN WILLIAM JOHNSTON TR A","top_owner_state":"CO","top_operator":"APACHE CORPORATION","max_propensity_score":6.0,"field_name":"Unknown","production_trend":null},"geometry":{"type":"Polygon","coordinates":[[[-102.17284797521961,31.399096140704074],[-102.17092803381064,31.393361585395894],[-102.16924467810479,31.38824651285249],[-102.18633100581293,31.384334773436315],[-102.19090419058382,31.398319793953785],[-102.17394324433315,31.4022023245457],[-102.17386934262966,31.402219687365417],[-102.17284797521961,31.399096140704074]]]}},{"type":"Feature","properties":{"ABSTRACT_L":"A-80","ABSTRACT_N":"80","LEVEL1_SUR":"CCSD&RGNG RR","LEVEL2_BLO":"E","LEVEL3_SUR":"139","Surv_Sect":"139","SHAPE_AREA":641.5924889677013,"owner_count":106.0,"top_owner":"MASSA FAMILY TRUST","top_owner_state":"CA","top_operator":"RP OPERATING LLC","max_propensity_score":8.0,"field_name":"Unknown","production_trend":null},"geometry":{"type":"Polygon","coordinates":[[[-102.16484917650381,31.37512506966526],[-102.16477139497663,31.374932811557457],[-102.18193746433593,31.370894670716897],[-102.18326791867905,31.37517073450315],[-102.18633100581293,31.384334773436315],[-102.16924467810479,31.38824651285249],[-102.16484917650381,31.37512506966526]]]}},{"type":"Feature","properties":{"ABSTRACT_L":"A-1053","ABSTRACT_N":"1053","LEVEL1_SUR":"CCSD","LEVEL2_BLO":"E","LEVEL3_SUR":"140","Surv_Sect":"140","SHAPE_AREA":716.7977361310107,"owner_count":92.0,"top_owner":"TMT RESERVES LP","top_owner_state":"OK","top_operator":"XTO ENERGY INC.","max_propensity_score":8.0,"field_name":"Unknown","production_trend":null},"geometry":{"type":"Polygon","coordinates":[[[-102.16443022201824,31.37395582367151],[-102.16124004752615,31.363991646698533],[-102.15996446138229,31.360006953326593],[-102.16441654247309,31.35898768616413],[-102.17669021881012,31.356176796898755],[-102.17716447178796,31.356073619042945],[-102.18172256486208,31.370190544844114],[-102.18193746433593,31.370894670716897],[-102.16477139497663,31.374932811557457],[-102.16443022201824,31.37395582367151]]]}},{"type":"Feature","properties":{"ABSTRACT_L":"BE--S141","ABSTRACT_N":"BE--S141","LEVEL1_SUR":null,"LEVEL2_BLO":"E","LEVEL3_SUR":"141","Surv_Sect":"141","SHAPE_AREA":654.8960371067815,"owner_count":0.0,"top_owner":"","top_owner_state":"","top_operator":"","max_propensity_score":0.0,"field_name":"Unknown","production_trend":null},"geometry":{"type":"Polygon","coordinates":[[[-102.15529010025925,31.346012606517252],[-102.1641417837603,31.344020924596528],[-102.17204157196211,31.342282032664336],[-102.17669021881012,31.356176796898755],[-102.16441654247309,31.35898768616413],[-102.15996446138229,31.360006953326593],[-102.15529010025925,31.346012606517252]]]}},{"type":"Feature","properties":{"ABSTRACT_L":"BE--S142","ABSTRACT_N":"BE--S142","LEVEL1_SUR":null,"LEVEL2_BLO":"E","LEVEL3_SUR":"142","Surv_Sect":"142","SHAPE_AREA":695.9327035108021,"owner_count":0.0,"top_owner":"","top_owner_state":"","top_operator":"","max_propensity_score":0.0,"field_name":"Unknown","production_trend":null},"geometry":{"type":"Polygon","coordinates":[[[-102.19439349598069,31.352336615101716],[-102.17716447178796,31.356073619042945],[-102.17669021881012,31.356176796898755],[-102.17204157196211,31.342282032664336],[-102.17255491782446,31.342168525695698],[-102.18089147679889,31.340324869135916],[-102.19004938520051,31.338302148476576],[-102.19439349598069,31.352336615101716]]]}},{"type":"Feature","properties":{"ABSTRACT_L":"BE--S143","ABSTRACT_N":"BE--S143","LEVEL1_SUR":null,"LEVEL2_BLO":"E","LEVEL3_SUR":"143","Surv_Sect":"143","SHAPE_AREA":672.7338738909596,"owner_count":4.0,"top_owner":"WARREN W K & CO LP","top_owner_state":"OK","top_operator":"XTO ENERGY INC","max_propensity_score":5.0,"field_name":"Unknown","production_trend":null},"geometry":{"type":"Polygon","coordinates":[[[-102.17716447178796,31.356073619042945],[-102.19439349598069,31.352336615101716],[-102.19877202301605,31.366363006257547],[-102.18172256486208,31.370190544844114],[-102.17716447178796,31.356073619042945]]]}},{"type":"Feature","properties":{"ABSTRACT_L":"BE--S144","ABSTRACT_N":"BE--S144","LEVEL1_SUR":null,"LEVEL2_BLO":"E","LEVEL3_SUR":"144","Surv_Sect":"144","SHAPE_AREA":670.5559795609414,"owner_count":1.0,"top_owner":"FIREBIRD ENERGY II LLC","top_owner_state":"TX","top_operator":"FIREBIRD ENERGY II","max_propensity_score":1.0,"field_name":"Unknown","production_trend":null},"geometry":{"type":"Polygon","coordinates":[[[-102.18326791867905,31.37517073450315],[-102.18193746433593,31.370894670716897],[-102.18172256486208,31.370190544844114],[-102.19877202301605,31.366363006257547],[-102.19893975375096,31.366928282865402],[-102.20150005112538,31.37514735524403],[-102.20319125541188,31.380479021718685],[-102.18633100581293,31.384334773436315],[-102.18326791867905,31.37517073450315]]]}},{"type":"Feature","properties":{"ABSTRACT_L":"BE--S145","ABSTRACT_N":"BE--S145","LEVEL1_SUR":null,"LEVEL2_BLO":"E","LEVEL3_SUR":"145","Surv_Sect":"145","SHAPE_AREA":664.5218864078266,"owner_count":1.0,"top_owner":"FIREBIRD ENERGY II LLC","top_owner_state":"TX","top_operator":"FIREBIRD ENERGY II","max_propensity_score":1.0,"field_name":"Unknown","production_trend":null},"geometry":{"type":"Polygon","coordinates":[[[-102.18633100581293,31.384334773436315],[-102.20319125541188,31.380479021718685],[-102.20794335673959,31.39446132454922],[-102.19093943418737,31.398311723683904],[-102.19090419058382,31.398319793953785],[-102.18633100581293,31.384334773436315]]]}},{"type":"Feature","properties":{"ABSTRACT_L":"BE--S146","ABSTRACT_N":"BE--S146","LEVEL1_SUR":"SEC146 BLKE CCSD&RGNG RR CO","LEVEL2_BLO":"E","LEVEL3_SUR":"146","Surv_Sect":"146","SHAPE_AREA":1270.6956988587872,"owner_count":21.0,"top_owner":"WARREN W K & CO LP","top_owner_state":"OK","top_operator":"FIREBIRD ENERGY II","max_propensity_score":5.0,"field_name":"Unknown","production_trend":null},"geometry":{"type":"MultiPolygon","coordinates":[[[[-102.19093943418737,31.398311723683904],[-102.20794335673959,31.39446132454922],[-102.21266916887052,31.408366311660295],[-102.19544780101896,31.412192465987026],[-102.19090419058382,31.398319793953785],[-102.19093943418737,31.398311723683904]]],[[[-102.137886474118,31.615572763260115],[-102.13562266210984,31.608543653227283],[-102.1518526402307,31.60446595308397],[-102.1564954740805,31.61859221549915],[-102.14013073788726,31.62254359917096],[-102.137886474118,31.615572763260115]],[[-102.14652685050801,31.610154079948234],[-102.14438405953494,31.61068993096553],[-102.14466089335606,31.61150071392607],[-102.14493773166873,31.612311495180276],[-102.14549142446377,31.613933055628625],[-102.14763428191218,31.613397185794064],[-102.14977711780104,31.61286128074402],[-102.14922335853066,31.611239738346637],[-102.14866961902322,31.609618192949885],[-102.14652685050801,31.610154079948234]]]]}},{"type":"Feature","properties":{"ABSTRACT_L":"A-84","ABSTRACT_N":"84","LEVEL1_SUR":"CCSD&RGNG","LEVEL2_BLO":"E","LEVEL3_SUR":"147","Surv_Sect":"147","SHAPE_AREA":677.4064729817904,"owner_count":13.0,"top_owner":"QUARTZ ROYALTY LLC","top_owner_state":"OK","top_operator":"FIREBIRD ENERGY II","max_propensity_score":8.0,"field_name":"Unknown","production_trend":null},"geometry":{"type":"Polygon","coordinates":[[[-102.19544780101896,31.412192465987026],[-102.21266916887052,31.408366311660295],[-102.2174171765755,31.42233278919554],[-102.21232790787722,31.42346934738671],[-102.20664519952588,31.424742521996237],[-102.20165433497878,31.4258382308526],[-102.20003526540961,31.426195242345923],[-102.19544780101896,31.412192465987026]]]}},{"type":"Feature","properties":{"ABSTRACT_L":"A-1438","ABSTRACT_N":"1438","LEVEL1_SUR":"CCSD","LEVEL2_BLO":"E","LEVEL3_SUR":"148","Surv_Sect":"148","SHAPE_AREA":671.632227686574,"owner_count":2.0,"top_owner":"FIREBIRD ENERGY II LLC","top_owner_state":"TX","top_operator":"FIREBIRD ENERGY II","max_propensity_score":2.0,"field_name":"Unknown","production_trend":null},"geometry":{"type":"Polygon","coordinates":[[[-102.20009179369549,31.426367764337456],[-102.2024969843597,31.425842218427903],[-102.20630637656028,31.424980128616845],[-102.21051393353581,31.42405809578383],[-102.21433094614494,31.423210414083258],[-102.21726581045012,31.42254710422315],[-102.21747428427473,31.42250074874633],[-102.2221397898057,31.436220774745603],[-102.2046071799627,31.440146763035063],[-102.20009179369549,31.426367764337456]]]}},{"type":"Feature","properties":{"ABSTRACT_L":"BE--S149","ABSTRACT_N":"BE--S149","LEVEL1_SUR":"CCSD&RGNG RR","LEVEL2_BLO":"E","LEVEL3_SUR":"149","Surv_Sect":"149","SHAPE_AREA":734.9806737355609,"owner_count":18.0,"top_owner":"QUARTZ ROYALTY LLC","top_owner_state":"OK","top_operator":"FIREBIRD ENERGY II","max_propensity_score":8.0,"field_name":"Unknown","production_trend":null},"geometry":{"type":"Polygon","coordinates":[[[-102.2046071799627,31.440146763035063],[-102.2221397898057,31.436220774745603],[-102.227170227836,31.451009835183157],[-102.20952990549885,31.45516457584892],[-102.2046071799627,31.440146763035063]]]}},{"type":"Feature","properties":{"ABSTRACT_L":"BE--S150","ABSTRACT_N":"BE--S150","LEVEL1_SUR":null,"LEVEL2_BLO":"E","LEVEL3_SUR":"150","Surv_Sect":"150","SHAPE_AREA":650.4940434235973,"owner_count":0.0,"top_owner":"","top_owner_state":"","top_operator":"","max_propensity_score":0.0,"field_name":"Unknown","production_trend":null},"geometry":{"type":"Polygon","coordinates":[[[-102.20952990549885,31.45516457584892],[-102.227170227836,31.451009835183157],[-102.23164872658269,31.46417262176363],[-102.21378646377651,31.468146563712597],[-102.20952990549885,31.45516457584892]]]}},{"type":"Feature","properties":{"ABSTRACT_L":"BE--S151","ABSTRACT_N":"BE--S151","LEVEL1_SUR":null,"LEVEL2_BLO":"E","LEVEL3_SUR":"151","Surv_Sect":"151","SHAPE_AREA":616.4382031523901,"owner_count":0.0,"top_owner":"","top_owner_state":"","top_operator":"","max_propensity_score":0.0,"field_name":"Unknown","production_trend":null},"geometry":{"type":"Polygon","coordinates":[[[-102.24374615795254,31.44710318696794],[-102.24575707714025,31.453166615059885],[-102.24818643787549,31.4604907934877],[-102.23959724299877,31.462403333878925],[-102.23164872658269,31.46417262176363],[-102.227170227836,31.451009835183157],[-102.24374615795254,31.44710318696794]]]}},{"type":"Feature","properties":{"ABSTRACT_L":"BE--S152","ABSTRACT_N":"BE--S152","LEVEL1_SUR":null,"LEVEL2_BLO":"E","LEVEL3_SUR":"152","Surv_Sect":"152","SHAPE_AREA":687.8813783971208,"owner_count":11.0,"top_owner":"QUARTZ ROYALTY LLC","top_owner_state":"OK","top_operator":"FIREBIRD ENERGY II","max_propensity_score":8.0,"field_name":"Unknown","production_trend":null},"geometry":{"type":"Polygon","coordinates":[[[-102.2221397898057,31.436220774745603],[-102.23889299435874,31.432466716571824],[-102.24374615795254,31.44710318696794],[-102.227170227836,31.451009835183157],[-102.2221397898057,31.436220774745603]]]}},{"type":"Feature","properties":{"ABSTRACT_L":"BE--S153","ABSTRACT_N":"BE--S153","LEVEL1_SUR":null,"LEVEL2_BLO":"E","LEVEL3_SUR":"153","Surv_Sect":"153","SHAPE_AREA":645.4596253021152,"owner_count":11.0,"top_owner":"QUARTZ ROYALTY LLC","top_owner_state":"OK","top_operator":"FIREBIRD ENERGY II","max_propensity_score":8.0,"field_name":"Unknown","production_trend":null},"geometry":{"type":"Polygon","coordinates":[[[-102.21747428427473,31.42250074874633],[-102.22066200367115,31.421791895213175],[-102.22323502029167,31.42123199678973],[-102.22402111982713,31.421049752709134],[-102.22454895641336,31.420935995917837],[-102.22935624214728,31.41987339653701],[-102.2343496713845,31.41876088684819],[-102.23889299435874,31.432466716571824],[-102.2221397898057,31.436220774745603],[-102.21747428427473,31.42250074874633]]]}},{"type":"Feature","properties":{"ABSTRACT_L":"BE--S154","ABSTRACT_N":"BE--S154","LEVEL1_SUR":null,"LEVEL2_BLO":"E","LEVEL3_SUR":"154","Surv_Sect":"154","SHAPE_AREA":662.2232891310392,"owner_count":0.0,"top_owner":"","top_owner_state":"","top_operator":"","max_propensity_score":0.0,"field_name":"Unknown","production_trend":null},"geometry":{"type":"Polygon","coordinates":[[[-102.21266916887052,31.408366311660295],[-102.22965353060741,31.404590195433986],[-102.23428603652643,31.4185688936376],[-102.23146076938085,31.419192991641435],[-102.2272114057103,31.420148348585325],[-102.22251830573045,31.421197940512258],[-102.21780198160555,31.42224684304005],[-102.2174171765755,31.42233278919554],[-102.21266916887052,31.408366311660295]]]}},{"type":"Feature","properties":{"ABSTRACT_L":"BE--S155","ABSTRACT_N":"BE--S155","LEVEL1_SUR":null,"LEVEL2_BLO":"E","LEVEL3_SUR":"155","Surv_Sect":"155","SHAPE_AREA":665.6541184745984,"owner_count":0.0,"top_owner":"","top_owner_state":"","top_operator":"","max_propensity_score":0.0,"field_name":"Unknown","production_trend":null},"geometry":{"type":"Polygon","coordinates":[[[-102.20794335673959,31.39446132454922],[-102.22501606419142,31.390592713146415],[-102.22965353060741,31.404590195433986],[-102.21266916887052,31.408366311660295],[-102.20794335673959,31.39446132454922]]]}},{"type":"Feature","properties":{"ABSTRACT_L":"BE--S156","ABSTRACT_N":"BE--S156","LEVEL1_SUR":null,"LEVEL2_BLO":"E","LEVEL3_SUR":"156","Surv_Sect":"156","SHAPE_AREA":670.6309853277662,"owner_count":0.0,"top_owner":"","top_owner_state":"","top_operator":"","max_propensity_score":0.0,"field_name":"Unknown","production_trend":null},"geometry":{"type":"Polygon","coordinates":[[[-102.20319125541188,31.380479021718685],[-102.20319247173077,31.380478750996918],[-102.220398327474,31.37665098800907],[-102.22501606419142,31.390592713146415],[-102.20794335673959,31.39446132454922],[-102.20319125541188,31.380479021718685]]]}},{"type":"Feature","properties":{"ABSTRACT_L":"A-89","ABSTRACT_N":"89","LEVEL1_SUR":"BLK E SEC 157 A-89","LEVEL2_BLO":"E","LEVEL3_SUR":"157","Surv_Sect":"157","SHAPE_AREA":651.5713641088764,"owner_count":1.0,"top_owner":"TS OIL COMPANY LLC","top_owner_state":"TX","top_operator":"TS OIL COMPANY LLC","max_propensity_score":1.0,"field_name":"Unknown","production_trend":null},"geometry":{"type":"Polygon","coordinates":[[[-102.20150005112538,31.37514735524403],[-102.19893975375096,31.366928282865402],[-102.21599078395666,31.3629794359687],[-102.2198964647759,31.375147909756603],[-102.220398327474,31.37665098800907],[-102.20319247173077,31.380478750996918],[-102.20319125541188,31.380479021718685],[-102.20150005112538,31.37514735524403]]]}},{"type":"Feature","properties":{"ABSTRACT_L":"BE--S158","ABSTRACT_N":"BE--S158","LEVEL1_SUR":"BLK E SEC 158","LEVEL2_BLO":"E","LEVEL3_SUR":"158","Surv_Sect":"158","SHAPE_AREA":690.7413670440576,"owner_count":30.0,"top_owner":"TMT RESERVES LP","top_owner_state":"OK","top_operator":"QP INC","max_propensity_score":8.0,"field_name":"Unknown","production_trend":null},"geometry":{"type":"Polygon","coordinates":[[[-102.19877202301605,31.366363006257547],[-102.19439349598069,31.352336615101716],[-102.21095259077052,31.348654629589788],[-102.21144755171228,31.34853682184002],[-102.21587332204675,31.36263272882251],[-102.21599078395666,31.3629794359687],[-102.19893975375096,31.366928282865402],[-102.19877202301605,31.366363006257547]]]}},{"type":"Feature","properties":{"ABSTRACT_L":"BE--S159","ABSTRACT_N":"BE--S159","LEVEL1_SUR":null,"LEVEL2_BLO":"E","LEVEL3_SUR":"159","Surv_Sect":"159","SHAPE_AREA":641.9302967263926,"owner_count":0.0,"top_owner":"","top_owner_state":"","top_operator":"","max_propensity_score":0.0,"field_name":"Unknown","production_trend":null},"geometry":{"type":"Polygon","coordinates":[[[-102.19004938520051,31.338302148476576],[-102.19756824280608,31.336617622016433],[-102.20624509349159,31.334634857390174],[-102.21095259077052,31.348654629589788],[-102.19439349598069,31.352336615101716],[-102.19004938520051,31.338302148476576]]]}},{"type":"Feature","properties":{"ABSTRACT_L":"BE--S160","ABSTRACT_N":"BE--S160","LEVEL1_SUR":null,"LEVEL2_BLO":"E","LEVEL3_SUR":"160","Surv_Sect":"160","SHAPE_AREA":688.0885016364497,"owner_count":0.0,"top_owner":"","top_owner_state":"","top_operator":"","max_propensity_score":0.0,"field_name":"Unknown","production_trend":null},"geometry":{"type":"Polygon","coordinates":[[[-102.20624509349159,31.334634857390174],[-102.21368896422884,31.332951481458743],[-102.22378027880451,31.33073225069219],[-102.2283554677168,31.344866577757703],[-102.21144755171228,31.34853682184002],[-102.21095259077052,31.348654629589788],[-102.20624509349159,31.334634857390174]]]}},{"type":"Feature","properties":{"ABSTRACT_L":"BE--S161","ABSTRACT_N":"BE--S161","LEVEL1_SUR":null,"LEVEL2_BLO":"E","LEVEL3_SUR":"161","Surv_Sect":"161","SHAPE_AREA":664.5672238656396,"owner_count":0.0,"top_owner":"","top_owner_state":"","top_operator":"","max_propensity_score":0.0,"field_name":"Unknown","production_trend":null},"geometry":{"type":"Polygon","coordinates":[[[-102.21144755171228,31.34853682184002],[-102.2283554677168,31.344866577757703],[-102.23295929851363,31.358764933731024],[-102.21587332204675,31.36263272882251],[-102.21144755171228,31.34853682184002]]]}},{"type":"Feature","properties":{"ABSTRACT_L":"A-1290","ABSTRACT_N":"1290","LEVEL1_SUR":"BLK E SEC 162 A-1290","LEVEL2_BLO":"E","LEVEL3_SUR":"162","Surv_Sect":"162","SHAPE_AREA":674.85944727002,"owner_count":1.0,"top_owner":"QP INC","top_owner_state":"TX","top_operator":"QP INC","max_propensity_score":2.0,"field_name":"Unknown","production_trend":null},"geometry":{"type":"Polygon","coordinates":[[[-102.2198964647759,31.375147909756603],[-102.21599078395666,31.3629794359687],[-102.21587332204675,31.36263272882251],[-102.23295929851363,31.358764933731024],[-102.23305026371592,31.359072878656743],[-102.23774180511877,31.372759971929465],[-102.22711016288285,31.37511758412704],[-102.220398327474,31.37665098800907],[-102.2198964647759,31.375147909756603]]]}},{"type":"Feature","properties":{"ABSTRACT_L":"BE--S163","ABSTRACT_N":"BE--S163","LEVEL1_SUR":null,"LEVEL2_BLO":"E","LEVEL3_SUR":"163","Surv_Sect":"163","SHAPE_AREA":676.3532652280506,"owner_count":0.0,"top_owner":"","top_owner_state":"","top_operator":"","max_propensity_score":0.0,"field_name":"Unknown","production_trend":null},"geometry":{"type":"Polygon","coordinates":[[[-102.220398327474,31.37665098800907],[-102.22711016288285,31.37511758412704],[-102.23774180511877,31.372759971929465],[-102.24232990551666,31.3866667647956],[-102.22501606419142,31.390592713146415],[-102.220398327474,31.37665098800907]]]}},{"type":"Feature","properties":{"ABSTRACT_L":"BE--S164","ABSTRACT_N":"BE--S164","LEVEL1_SUR":null,"LEVEL2_BLO":"E","LEVEL3_SUR":"164","Surv_Sect":"164","SHAPE_AREA":678.8094965407926,"owner_count":0.0,"top_owner":"","top_owner_state":"","top_operator":"","max_propensity_score":0.0,"field_name":"Unknown","production_trend":null},"geometry":{"type":"Polygon","coordinates":[[[-102.22501606419142,31.390592713146415],[-102.24232990551666,31.3866667647956],[-102.24695303661733,31.400675925770802],[-102.22965353060741,31.404590195433986],[-102.22501606419142,31.390592713146415]]]}},{"type":"Feature","properties":{"ABSTRACT_L":"BE--S165","ABSTRACT_N":"BE--S165","LEVEL1_SUR":null,"LEVEL2_BLO":"E","LEVEL3_SUR":"165","Surv_Sect":"165","SHAPE_AREA":679.0716653002249,"owner_count":0.0,"top_owner":"","top_owner_state":"","top_operator":"","max_propensity_score":0.0,"field_name":"Unknown","production_trend":null},"geometry":{"type":"Polygon","coordinates":[[[-102.22965353060741,31.404590195433986],[-102.24695303661733,31.400675925770802],[-102.25159434602612,31.41473632348352],[-102.24670810017535,31.415822735045683],[-102.24167912639896,31.416945004148694],[-102.23690989150381,31.417989223483612],[-102.23428603652643,31.4185688936376],[-102.22965353060741,31.404590195433986]]]}},{"type":"Feature","properties":{"ABSTRACT_L":"BE--S166","ABSTRACT_N":"BE--S166","LEVEL1_SUR":null,"LEVEL2_BLO":"E","LEVEL3_SUR":"166","Surv_Sect":"166","SHAPE_AREA":662.1887957319238,"owner_count":0.0,"top_owner":"","top_owner_state":"","top_operator":"","max_propensity_score":0.0,"field_name":"Unknown","production_trend":null},"geometry":{"type":"Polygon","coordinates":[[[-102.2343496713845,31.41876088684819],[-102.234408027742,31.41874788370289],[-102.23866330951363,31.41780316687223],[-102.24149931601842,31.417171568235794],[-102.244388371634,31.41652927632722],[-102.24848350714667,31.415623682824812],[-102.25165461310023,31.414918871152604],[-102.25616956368451,31.42859272572108],[-102.23889299435874,31.432466716571824],[-102.2343496713845,31.41876088684819]]]}},{"type":"Feature","properties":{"ABSTRACT_L":"BE--S167","ABSTRACT_N":"BE--S167","LEVEL1_SUR":null,"LEVEL2_BLO":"E","LEVEL3_SUR":"167","Surv_Sect":"167","SHAPE_AREA":702.7484116733542,"owner_count":0.0,"top_owner":"","top_owner_state":"","top_operator":"","max_propensity_score":0.0,"field_name":"Unknown","production_trend":null},"geometry":{"type":"Polygon","coordinates":[[[-102.25616956368451,31.42859272572108],[-102.25845711457237,31.435519348530672],[-102.2609436378041,31.44304738820207],[-102.25206949372598,31.4451405763677],[-102.24374615795254,31.44710318696794],[-102.23889299435874,31.432466716571824],[-102.25616956368451,31.42859272572108]]]}},{"type":"Feature","properties":{"ABSTRACT_L":"BE--S168","ABSTRACT_N":"BE--S168","LEVEL1_SUR":null,"LEVEL2_BLO":"E","LEVEL3_SUR":"168","Surv_Sect":"168","SHAPE_AREA":651.2154898907745,"owner_count":22.0,"top_owner":"WARREN W K & CO LP","top_owner_state":"OK","top_operator":"SCOUT ENERGY","max_propensity_score":7.0,"field_name":"Unknown","production_trend":null},"geometry":{"type":"Polygon","coordinates":[[[-102.24575707714025,31.453166615059885],[-102.24374615795254,31.44710318696794],[-102.25206949372598,31.4451405763677],[-102.2609436378041,31.44304738820207],[-102.26297217025956,31.449188022449174],[-102.26543676561518,31.45664768261946],[-102.25654328979216,31.458629350105035],[-102.24818643787549,31.4604907934877],[-102.24575707714025,31.453166615059885]]]}},{"type":"Feature","properties":{"ABSTRACT_L":"BE--S169","ABSTRACT_N":"BE--S169","LEVEL1_SUR":null,"LEVEL2_BLO":"E","LEVEL3_SUR":"169","Surv_Sect":"169","SHAPE_AREA":626.1076624864072,"owner_count":0.0,"top_owner":"","top_owner_state":"","top_operator":"","max_propensity_score":0.0,"field_name":"Unknown","production_trend":null},"geometry":{"type":"Polygon","coordinates":[[[-102.26297217025956,31.449188022449174],[-102.2609436378041,31.44304738820207],[-102.26891115987664,31.441167434758416],[-102.27710833714987,31.439232686287273],[-102.2772397463029,31.43963544120318],[-102.27979329912617,31.446874878898694],[-102.28186240938133,31.45298580095086],[-102.27325474514238,31.454905071072698],[-102.26543676561518,31.45664768261946],[-102.26297217025956,31.449188022449174]]]}},{"type":"Feature","properties":{"ABSTRACT_L":"BE--S170","ABSTRACT_N":"BE--S170","LEVEL1_SUR":null,"LEVEL2_BLO":"E","LEVEL3_SUR":"170","Surv_Sect":"170","SHAPE_AREA":653.1569391567707,"owner_count":0.0,"top_owner":"","top_owner_state":"","top_operator":"","max_propensity_score":0.0,"field_name":"Unknown","production_trend":null},"geometry":{"type":"Polygon","coordinates":[[[-102.25845711457237,31.435519348530672],[-102.25616956368451,31.42859272572108],[-102.27244584456837,31.42494056524411],[-102.27710833714987,31.439232686287273],[-102.26891115987664,31.441167434758416],[-102.2609436378041,31.44304738820207],[-102.25845711457237,31.435519348530672]]]}},{"type":"Feature","properties":{"ABSTRACT_L":"BE--S171","ABSTRACT_N":"BE--S171","LEVEL1_SUR":null,"LEVEL2_BLO":"E","LEVEL3_SUR":"171","Surv_Sect":"171","SHAPE_AREA":623.6443693211235,"owner_count":0.0,"top_owner":"","top_owner_state":"","top_operator":"","max_propensity_score":0.0,"field_name":"Unknown","production_trend":null},"geometry":{"type":"Polygon","coordinates":[[[-102.25165461310023,31.414918871152604],[-102.25183899051565,31.41487788909194],[-102.25907719466355,31.41324473667927],[-102.26317838212627,31.412346986569183],[-102.26638413789696,31.411623291144068],[-102.26798714019898,31.41126939894465],[-102.27244584456837,31.42494056524411],[-102.25616956368451,31.42859272572108],[-102.25165461310023,31.414918871152604]]]}},{"type":"Feature","properties":{"ABSTRACT_L":"BE--S172","ABSTRACT_N":"BE--S172","LEVEL1_SUR":null,"LEVEL2_BLO":"E","LEVEL3_SUR":"172","Surv_Sect":"172","SHAPE_AREA":644.6349856289646,"owner_count":0.0,"top_owner":"","top_owner_state":"","top_operator":"","max_propensity_score":0.0,"field_name":"Unknown","production_trend":null},"geometry":{"type":"Polygon","coordinates":[[[-102.24695303661733,31.400675925770802],[-102.2632990294622,31.396974641759087],[-102.26703388215545,31.408357298459553],[-102.2676123900119,31.41012018385491],[-102.26793157760203,31.4110990111812],[-102.26549086036495,31.411629046481238],[-102.25559720479619,31.413871783354793],[-102.25209222559425,31.414625611788807],[-102.25159434602612,31.41473632348352],[-102.24695303661733,31.400675925770802]]]}},{"type":"Feature","properties":{"ABSTRACT_L":"BE--S173","ABSTRACT_N":"BE--S173","LEVEL1_SUR":null,"LEVEL2_BLO":"E","LEVEL3_SUR":"173","Surv_Sect":"173","SHAPE_AREA":641.3116885584699,"owner_count":0.0,"top_owner":"","top_owner_state":"","top_operator":"","max_propensity_score":0.0,"field_name":"Unknown","production_trend":null},"geometry":{"type":"Polygon","coordinates":[[[-102.24232990551666,31.3866667647956],[-102.25866219096858,31.38296089769336],[-102.25882942224018,31.383474791586185],[-102.26268056633853,31.39508951964388],[-102.2632990294622,31.396974641759087],[-102.24695303661733,31.400675925770802],[-102.24232990551666,31.3866667647956]]]}},{"type":"Feature","properties":{"ABSTRACT_L":"A-1289","ABSTRACT_N":"1289","LEVEL1_SUR":"CCSD","LEVEL2_BLO":"E","LEVEL3_SUR":"174","Surv_Sect":"174","SHAPE_AREA":636.8696878017704,"owner_count":2.0,"top_owner":"WATCH TOWER BIBLE TRACT","top_owner_state":"NY","top_operator":"A & G PRODUCERS INC","max_propensity_score":3.0,"field_name":"Unknown","production_trend":null},"geometry":{"type":"Polygon","coordinates":[[[-102.23774180511877,31.372759971929465],[-102.2514891497131,31.36965806584213],[-102.25414878189333,31.36908944768253],[-102.25866219096858,31.38296089769336],[-102.24232990551666,31.3866667647956],[-102.23774180511877,31.372759971929465]]]}},{"type":"Feature","properties":{"ABSTRACT_L":"BE--S175","ABSTRACT_N":"BE--S175","LEVEL1_SUR":null,"LEVEL2_BLO":"E","LEVEL3_SUR":"175","Surv_Sect":"175","SHAPE_AREA":626.8340332113144,"owner_count":0.0,"top_owner":"","top_owner_state":"","top_operator":"","max_propensity_score":0.0,"field_name":"Unknown","production_trend":null},"geometry":{"type":"Polygon","coordinates":[[[-102.23305026371592,31.359072878656743],[-102.249242621291,31.355363433110895],[-102.25042663856472,31.35884981114996],[-102.25414878189333,31.36908944768253],[-102.2514891497131,31.36965806584213],[-102.23774180511877,31.372759971929465],[-102.23305026371592,31.359072878656743]]]}},{"type":"Feature","properties":{"ABSTRACT_L":"BE--S176","ABSTRACT_N":"BE--S176","LEVEL1_SUR":null,"LEVEL2_BLO":"E","LEVEL3_SUR":"176","Surv_Sect":"176","SHAPE_AREA":649.4807434330115,"owner_count":0.0,"top_owner":"","top_owner_state":"","top_operator":"","max_propensity_score":0.0,"field_name":"Unknown","production_trend":null},"geometry":{"type":"Polygon","coordinates":[[[-102.23295929851363,31.358764933731024],[-102.2283554677168,31.344866577757703],[-102.24485062222134,31.341141085142155],[-102.249242621291,31.355363433110895],[-102.23305026371592,31.359072878656743],[-102.23295929851363,31.358764933731024]]]}},{"type":"Feature","properties":{"ABSTRACT_L":"BE--S177","ABSTRACT_N":"BE--S177","LEVEL1_SUR":null,"LEVEL2_BLO":"E","LEVEL3_SUR":"177","Surv_Sect":"177","SHAPE_AREA":648.9587338897304,"owner_count":0.0,"top_owner":"","top_owner_state":"","top_operator":"","max_propensity_score":0.0,"field_name":"Unknown","production_trend":null},"geometry":{"type":"Polygon","coordinates":[[[-102.24485062222134,31.341141085142155],[-102.25042658736075,31.339933845858422],[-102.2612338780825,31.33754263577956],[-102.2635894808447,31.344686458689896],[-102.2646341487566,31.347854301932],[-102.26583865031374,31.351487604526252],[-102.25042662868324,31.35509247675073],[-102.249242621291,31.355363433110895],[-102.24485062222134,31.341141085142155]]]}},{"type":"Feature","properties":{"ABSTRACT_L":"BE--S178","ABSTRACT_N":"BE--S178","LEVEL1_SUR":null,"LEVEL2_BLO":"E","LEVEL3_SUR":"178","Surv_Sect":"178","SHAPE_AREA":641.7171714559124,"owner_count":0.0,"top_owner":"","top_owner_state":"","top_operator":"","max_propensity_score":0.0,"field_name":"Unknown","production_trend":null},"geometry":{"type":"Polygon","coordinates":[[[-102.25042663856472,31.35884981114996],[-102.249242621291,31.355363433110895],[-102.25042662868324,31.35509247675073],[-102.26583865031374,31.351487604526252],[-102.27048891772253,31.3654251411347],[-102.25414878189333,31.36908944768253],[-102.25042663856472,31.35884981114996]]]}},{"type":"Feature","properties":{"ABSTRACT_L":"BE--S179","ABSTRACT_N":"BE--S179","LEVEL1_SUR":null,"LEVEL2_BLO":"E","LEVEL3_SUR":"179","Surv_Sect":"179","SHAPE_AREA":635.3630316335576,"owner_count":0.0,"top_owner":"","top_owner_state":"","top_operator":"","max_propensity_score":0.0,"field_name":"Unknown","production_trend":null},"geometry":{"type":"Polygon","coordinates":[[[-102.25414878189333,31.36908944768253],[-102.27048891772253,31.3654251411347],[-102.27241584083788,31.371060215018943],[-102.27496806415455,31.378963371081653],[-102.27505901947538,31.37923795445528],[-102.25866219096858,31.38296089769336],[-102.25414878189333,31.36908944768253]]]}},{"type":"Feature","properties":{"ABSTRACT_L":"BE--S180","ABSTRACT_N":"BE--S180","LEVEL1_SUR":null,"LEVEL2_BLO":"E","LEVEL3_SUR":"180","Surv_Sect":"180","SHAPE_AREA":644.3785656795229,"owner_count":0.0,"top_owner":"","top_owner_state":"","top_operator":"","max_propensity_score":0.0,"field_name":"Unknown","production_trend":null},"geometry":{"type":"Polygon","coordinates":[[[-102.26268056633853,31.39508951964388],[-102.25882942224018,31.383474791586185],[-102.25866219096858,31.38296089769336],[-102.27505901947538,31.37923795445528],[-102.27700377055585,31.3851085709193],[-102.27881086380222,31.390483034268666],[-102.27972552033967,31.39325269420197],[-102.2632990294622,31.396974641759087],[-102.26268056633853,31.39508951964388]]]}},{"type":"Feature","properties":{"ABSTRACT_L":"BE--S181","ABSTRACT_N":"BE--S181","LEVEL1_SUR":null,"LEVEL2_BLO":"E","LEVEL3_SUR":"181","Surv_Sect":"181","SHAPE_AREA":651.282461007237,"owner_count":0.0,"top_owner":"","top_owner_state":"","top_operator":"","max_propensity_score":0.0,"field_name":"Unknown","production_trend":null},"geometry":{"type":"Polygon","coordinates":[[[-102.2676123900119,31.41012018385491],[-102.26703388215545,31.408357298459553],[-102.2632990294622,31.396974641759087],[-102.27972552033967,31.39325269420197],[-102.28069121465998,31.39617673683066],[-102.28323742465412,31.403896310295167],[-102.28440118940975,31.407421337710883],[-102.28221339733251,31.407908475848394],[-102.27687446076565,31.40911141270636],[-102.27549650261199,31.40941775968152],[-102.27306974699107,31.40995723306566],[-102.26835512337702,31.411007027190312],[-102.26793157760203,31.4110990111812],[-102.2676123900119,31.41012018385491]]]}},{"type":"Feature","properties":{"ABSTRACT_L":"BE--S182","ABSTRACT_N":"BE--S182","LEVEL1_SUR":null,"LEVEL2_BLO":"E","LEVEL3_SUR":"182","Surv_Sect":"182","SHAPE_AREA":629.8009270846735,"owner_count":0.0,"top_owner":"","top_owner_state":"","top_operator":"","max_propensity_score":0.0,"field_name":"Unknown","production_trend":null},"geometry":{"type":"Polygon","coordinates":[[[-102.26798714019898,31.41126939894465],[-102.26931577455532,31.4109760591728],[-102.27307777074321,31.41013005556226],[-102.27720595886842,31.40921852750094],[-102.28105712632299,31.40837155428214],[-102.28367944697789,31.407777431802472],[-102.28446150948444,31.407604038384687],[-102.28575444119815,31.411520009346244],[-102.28897831958137,31.42122846666924],[-102.27244584456837,31.42494056524411],[-102.26798714019898,31.41126939894465]]]}},{"type":"Feature","properties":{"ABSTRACT_L":"BE--S183","ABSTRACT_N":"BE--S183","LEVEL1_SUR":null,"LEVEL2_BLO":"E","LEVEL3_SUR":"183","Surv_Sect":"183","SHAPE_AREA":660.0579196533681,"owner_count":0.0,"top_owner":"","top_owner_state":"","top_operator":"","max_propensity_score":0.0,"field_name":"Unknown","production_trend":null},"geometry":{"type":"Polygon","coordinates":[[[-102.27244584456837,31.42494056524411],[-102.28897831958137,31.42122846666924],[-102.2891852824397,31.421851659277614],[-102.29152691190767,31.428585500464976],[-102.29368463827065,31.43531836369188],[-102.27710833714987,31.439232686287273],[-102.27244584456837,31.42494056524411]]]}},{"type":"Feature","properties":{"ABSTRACT_L":"BE--S184","ABSTRACT_N":"BE--S184","LEVEL1_SUR":null,"LEVEL2_BLO":"E","LEVEL3_SUR":"184","Surv_Sect":"184","SHAPE_AREA":641.6035713648922,"owner_count":145.0,"top_owner":"HEALEY LP","top_owner_state":"OK","top_operator":"SCOUT ENERGY","max_propensity_score":8.0,"field_name":"Unknown","production_trend":null},"geometry":{"type":"Polygon","coordinates":[[[-102.27979329912617,31.446874878898694],[-102.2772397463029,31.43963544120318],[-102.27710833714987,31.439232686287273],[-102.29368463827065,31.43531836369188],[-102.29487872565869,31.439043954035],[-102.29824415697112,31.449136445167472],[-102.29830463245437,31.449317783995895],[-102.28186240938133,31.45298580095086],[-102.27979329912617,31.446874878898694]]]}},{"type":"Feature","properties":{"ABSTRACT_L":"BF--S185","ABSTRACT_N":"BF--S185","LEVEL1_SUR":null,"LEVEL2_BLO":"F","LEVEL3_SUR":"185","Surv_Sect":"185","SHAPE_AREA":647.5093811381782,"owner_count":0.0,"top_owner":"","top_owner_state":"","top_operator":"","max_propensity_score":0.0,"field_name":"Unknown","production_trend":null},"geometry":{"type":"Polygon","coordinates":[[[-102.29487872565869,31.439043954035],[-102.29368463827065,31.43531836369188],[-102.31033651555458,31.431383658096344],[-102.31493832514201,31.44519367866278],[-102.29824415697112,31.449136445167472],[-102.29487872565869,31.439043954035]]]}},{"type":"Feature","properties":{"ABSTRACT_L":"BF--S186","ABSTRACT_N":"BF--S186","LEVEL1_SUR":null,"LEVEL2_BLO":"F","LEVEL3_SUR":"186","Surv_Sect":"186","SHAPE_AREA":653.8412968490885,"owner_count":46.0,"top_owner":"HEALEY LP","top_owner_state":"OK","top_operator":"SCOUT ENERGY","max_propensity_score":8.0,"field_name":"Unknown","production_trend":null},"geometry":{"type":"Polygon","coordinates":[[[-102.29152691190767,31.428585500464976],[-102.2891852824397,31.421851659277614],[-102.28897831958137,31.42122846666924],[-102.30570175845749,31.41747097709225],[-102.31033651555458,31.431383658096344],[-102.29368463827065,31.43531836369188],[-102.29152691190767,31.428585500464976]]]}},{"type":"Feature","properties":{"ABSTRACT_L":"BF--S187","ABSTRACT_N":"BF--S187","LEVEL1_SUR":null,"LEVEL2_BLO":"F","LEVEL3_SUR":"187","Surv_Sect":"187","SHAPE_AREA":636.6220173658901,"owner_count":1.0,"top_owner":"SCOUT ENERGY MANAGEMENT LLC","top_owner_state":"TX","top_operator":"SCOUT ENERGY MANAG","max_propensity_score":1.0,"field_name":"Unknown","production_trend":null},"geometry":{"type":"Polygon","coordinates":[[[-102.28575444119815,31.411520009346244],[-102.28446150948444,31.407604038384687],[-102.28643791090734,31.40716582175453],[-102.28905173529628,31.40658869253469],[-102.29055614030935,31.40623921597866],[-102.29357489468565,31.405565187847884],[-102.29693280620083,31.404816424398696],[-102.29949940166371,31.404248199252823],[-102.29998138284795,31.404170740260763],[-102.30021546764131,31.404144222352674],[-102.30045046781795,31.404122973364895],[-102.3006995454934,31.40411583976411],[-102.30104660690849,31.404123152778332],[-102.30125865602793,31.404130044093794],[-102.30570175845749,31.41747097709225],[-102.28897831958137,31.42122846666924],[-102.28575444119815,31.411520009346244]]]}},{"type":"Feature","properties":{"ABSTRACT_L":"BF--S188","ABSTRACT_N":"BF--S188","LEVEL1_SUR":null,"LEVEL2_BLO":"F","LEVEL3_SUR":"188","Surv_Sect":"188","SHAPE_AREA":662.9524265104025,"owner_count":0.0,"top_owner":"","top_owner_state":"","top_operator":"","max_propensity_score":0.0,"field_name":"Unknown","production_trend":null},"geometry":{"type":"Polygon","coordinates":[[[-102.28323742465412,31.403896310295167],[-102.28069121465998,31.39617673683066],[-102.27972552033967,31.39325269420197],[-102.28896547636776,31.391158011148015],[-102.29502520315229,31.389791793206903],[-102.29638545730833,31.389493689389894],[-102.30111606823951,31.40370185000466],[-102.30008156925663,31.403930891160233],[-102.29993398234366,31.403958776199982],[-102.2984978070714,31.404276238309617],[-102.29229364376559,31.405665831812613],[-102.2868660560566,31.406872453052983],[-102.28440118940975,31.407421337710883],[-102.28323742465412,31.403896310295167]]]}},{"type":"Feature","properties":{"ABSTRACT_L":"BF--S189","ABSTRACT_N":"BF--S189","LEVEL1_SUR":null,"LEVEL2_BLO":"F","LEVEL3_SUR":"189","Surv_Sect":"189","SHAPE_AREA":657.6079965856992,"owner_count":0.0,"top_owner":"","top_owner_state":"","top_operator":"","max_propensity_score":0.0,"field_name":"Unknown","production_trend":null},"geometry":{"type":"Polygon","coordinates":[[[-102.27881086380222,31.390483034268666],[-102.27700377055585,31.3851085709193],[-102.27505901947538,31.37923795445528],[-102.27792808847418,31.37858627414916],[-102.28489674413792,31.377021598216544],[-102.29166667449451,31.375537970568175],[-102.29194208628252,31.375476696781206],[-102.29636928134501,31.38944509910345],[-102.29638545730833,31.389493689389894],[-102.29502520315229,31.389791793206903],[-102.28896547636776,31.391158011148015],[-102.27972552033967,31.39325269420197],[-102.27881086380222,31.390483034268666]]]}},{"type":"Feature","properties":{"ABSTRACT_L":"BF--S190","ABSTRACT_N":"BF--S190","LEVEL1_SUR":null,"LEVEL2_BLO":"F","LEVEL3_SUR":"190","Surv_Sect":"190","SHAPE_AREA":643.9841559983449,"owner_count":0.0,"top_owner":"","top_owner_state":"","top_operator":"","max_propensity_score":0.0,"field_name":"Unknown","production_trend":null},"geometry":{"type":"Polygon","coordinates":[[[-102.27496806415455,31.378963371081653],[-102.27241584083788,31.371060215018943],[-102.27048891772253,31.3654251411347],[-102.28706117013631,31.361766276764794],[-102.29194208628252,31.375476696781206],[-102.29166667449451,31.375537970568175],[-102.28489674413792,31.377021598216544],[-102.27792808847418,31.37858627414916],[-102.27505901947538,31.37923795445528],[-102.27496806415455,31.378963371081653]]]}},{"type":"Feature","properties":{"ABSTRACT_L":"BF--S191","ABSTRACT_N":"BF--S191","LEVEL1_SUR":null,"LEVEL2_BLO":"F","LEVEL3_SUR":"191","Surv_Sect":"191","SHAPE_AREA":647.3777917639028,"owner_count":0.0,"top_owner":"","top_owner_state":"","top_operator":"","max_propensity_score":0.0,"field_name":"Unknown","production_trend":null},"geometry":{"type":"Polygon","coordinates":[[[-102.26583865031374,31.351487604526252],[-102.27408565084757,31.349613189922263],[-102.28230461765635,31.347744533271193],[-102.28706117013631,31.361766276764794],[-102.27048891772253,31.3654251411347],[-102.26583865031374,31.351487604526252]]]}},{"type":"Feature","properties":{"ABSTRACT_L":"BF--S192","ABSTRACT_N":"BF--S192","LEVEL1_SUR":null,"LEVEL2_BLO":"F","LEVEL3_SUR":"192","Surv_Sect":"192","SHAPE_AREA":637.9983429325649,"owner_count":0.0,"top_owner":"","top_owner_state":"","top_operator":"","max_propensity_score":0.0,"field_name":"Unknown","production_trend":null},"geometry":{"type":"Polygon","coordinates":[[[-102.27855685527418,31.33708159513905],[-102.27988257549572,31.34085372487158],[-102.28230461765635,31.347744533271193],[-102.27408565084757,31.349613189922263],[-102.26583865031374,31.351487604526252],[-102.2646341487566,31.347854301932],[-102.2635894808447,31.344686458689896],[-102.2612338780825,31.33754263577956],[-102.26958120156895,31.335649111109706],[-102.27748816730988,31.3338927526913],[-102.27855685527418,31.33708159513905]]]}},{"type":"Feature","properties":{"ABSTRACT_L":"BF--S193","ABSTRACT_N":"BF--S193","LEVEL1_SUR":null,"LEVEL2_BLO":"F","LEVEL3_SUR":"193","Surv_Sect":"193","SHAPE_AREA":640.2809302101645,"owner_count":0.0,"top_owner":"","top_owner_state":"","top_operator":"","max_propensity_score":0.0,"field_name":"Unknown","production_trend":null},"geometry":{"type":"Polygon","coordinates":[[[-102.27988257549572,31.34085372487158],[-102.27855685527418,31.33708159513905],[-102.27748816730988,31.3338927526913],[-102.29393145758148,31.330186393180853],[-102.29859214454926,31.344217399620327],[-102.28230461765635,31.347744533271193],[-102.27988257549572,31.34085372487158]]]}},{"type":"Feature","properties":{"ABSTRACT_L":"BF--S194","ABSTRACT_N":"BF--S194","LEVEL1_SUR":null,"LEVEL2_BLO":"F","LEVEL3_SUR":"194","Surv_Sect":"194","SHAPE_AREA":634.2677954119905,"owner_count":0.0,"top_owner":"","top_owner_state":"","top_operator":"","max_propensity_score":0.0,"field_name":"Unknown","production_trend":null},"geometry":{"type":"Polygon","coordinates":[[[-102.28230461765635,31.347744533271193],[-102.29859214454926,31.344217399620327],[-102.3032327227294,31.35809368617831],[-102.28706117013631,31.361766276764794],[-102.28230461765635,31.347744533271193]]]}},{"type":"Feature","properties":{"ABSTRACT_L":"BF--S195","ABSTRACT_N":"BF--S195","LEVEL1_SUR":null,"LEVEL2_BLO":"F","LEVEL3_SUR":"195","Surv_Sect":"195","SHAPE_AREA":621.033533239686,"owner_count":0.0,"top_owner":"","top_owner_state":"","top_operator":"","max_propensity_score":0.0,"field_name":"Unknown","production_trend":null},"geometry":{"type":"Polygon","coordinates":[[[-102.28706117013631,31.361766276764794],[-102.3032327227294,31.35809368617831],[-102.30478693303677,31.362834280494976],[-102.30584870756661,31.366039603379313],[-102.30661373981201,31.368379947609885],[-102.30779198271509,31.37211033672523],[-102.29893143553713,31.373921473362206],[-102.29194208628252,31.375476696781206],[-102.28706117013631,31.361766276764794]]]}},{"type":"Feature","properties":{"ABSTRACT_L":"BF--S196","ABSTRACT_N":"BF--S196","LEVEL1_SUR":null,"LEVEL2_BLO":"F","LEVEL3_SUR":"196","Surv_Sect":"196","SHAPE_AREA":617.7135560297295,"owner_count":0.0,"top_owner":"","top_owner_state":"","top_operator":"","max_propensity_score":0.0,"field_name":"Unknown","production_trend":null},"geometry":{"type":"Polygon","coordinates":[[[-102.29636928134501,31.38944509910345],[-102.29194208628252,31.375476696781206],[-102.29893143553713,31.373921473362206],[-102.30779198271509,31.37211033672523],[-102.31045430984116,31.380186119499804],[-102.31152927523263,31.383347853889493],[-102.31235116095408,31.38576072438336],[-102.30195544775279,31.388272835869635],[-102.29638545730833,31.389493689389894],[-102.29636928134501,31.38944509910345]]]}},{"type":"Feature","properties":{"ABSTRACT_L":"BF--S197","ABSTRACT_N":"BF--S197","LEVEL1_SUR":null,"LEVEL2_BLO":"F","LEVEL3_SUR":"197","Surv_Sect":"197","SHAPE_AREA":589.1673661676505,"owner_count":0.0,"top_owner":"","top_owner_state":"","top_operator":"","max_propensity_score":0.0,"field_name":"Unknown","production_trend":null},"geometry":{"type":"Polygon","coordinates":[[[-102.29638545730833,31.389493689389894],[-102.30195544775279,31.388272835869635],[-102.31235116095408,31.38576072438336],[-102.31243850774241,31.386017149067296],[-102.31332390165949,31.38877552463523],[-102.3135503256201,31.389623384780876],[-102.31382340627995,31.40083294422312],[-102.31382473039669,31.400887329850335],[-102.30111606823951,31.40370185000466],[-102.29638545730833,31.389493689389894]]]}},{"type":"Feature","properties":{"ABSTRACT_L":"BF--S198","ABSTRACT_N":"BF--S198","LEVEL1_SUR":null,"LEVEL2_BLO":"F","LEVEL3_SUR":"198","Surv_Sect":"198","SHAPE_AREA":407.8027870754278,"owner_count":0.0,"top_owner":"","top_owner_state":"","top_operator":"","max_propensity_score":0.0,"field_name":"Unknown","production_trend":null},"geometry":{"type":"Polygon","coordinates":[[[-102.30111606823951,31.40370185000466],[-102.31382473039669,31.400887329850335],[-102.31394683659661,31.40589786830947],[-102.31395281039327,31.40614298579763],[-102.31417977424138,31.415457237321974],[-102.31418239103378,31.41556454726215],[-102.30570175845749,31.41747097709225],[-102.30125865602793,31.404130044093794],[-102.30119780235395,31.403904711310417],[-102.30111606823951,31.40370185000466]]]}},{"type":"Feature","properties":{"ABSTRACT_L":"BF--S199","ABSTRACT_N":"BF--S199","LEVEL1_SUR":null,"LEVEL2_BLO":"F","LEVEL3_SUR":"199","Surv_Sect":"199","SHAPE_AREA":246.9008017145082,"owner_count":0.0,"top_owner":"","top_owner_state":"","top_operator":"","max_propensity_score":0.0,"field_name":"Unknown","production_trend":null},"geometry":{"type":"Polygon","coordinates":[[[-102.30570175845749,31.41747097709225],[-102.31418239103378,31.41556454726215],[-102.31454375452651,31.430389118983804],[-102.31033651555458,31.431383658096344],[-102.30570175845749,31.41747097709225]]]}},{"type":"Feature","properties":{"ABSTRACT_L":"BF--S200","ABSTRACT_N":"BF--S200","LEVEL1_SUR":null,"LEVEL2_BLO":"F","LEVEL3_SUR":"200","Surv_Sect":"200","SHAPE_AREA":81.63371239972993,"owner_count":0.0,"top_owner":"","top_owner_state":"","top_operator":"","max_propensity_score":0.0,"field_name":"Unknown","production_trend":null},"geometry":{"type":"Polygon","coordinates":[[[-102.31033651555458,31.431383658096344],[-102.31454375452651,31.430389118983804],[-102.31493832514201,31.44519367866278],[-102.31033651555458,31.431383658096344]]]}},{"type":"Feature","properties":{"ABSTRACT_L":"BF--S204","ABSTRACT_N":"BF--S204","LEVEL1_SUR":null,"LEVEL2_BLO":"F","LEVEL3_SUR":"204","Surv_Sect":"204","SHAPE_AREA":5.703811507106588,"owner_count":0.0,"top_owner":"","top_owner_state":"","top_operator":"","max_propensity_score":0.0,"field_name":"Unknown","production_trend":null},"geometry":{"type":"Polygon","coordinates":[[[-102.31332390165949,31.38877552463523],[-102.31243850774241,31.386017149067296],[-102.31235116095408,31.38576072438336],[-102.31344289609527,31.38549684956449],[-102.3135503256201,31.389623384780876],[-102.31332390165949,31.38877552463523]]]}},{"type":"Feature","properties":{"ABSTRACT_L":"BF--S205","ABSTRACT_N":"BF--S205","LEVEL1_SUR":null,"LEVEL2_BLO":"F","LEVEL3_SUR":"205","Surv_Sect":"205","SHAPE_AREA":121.56515604483111,"owner_count":0.0,"top_owner":"","top_owner_state":"","top_operator":"","max_propensity_score":0.0,"field_name":"Unknown","production_trend":null},"geometry":{"type":"Polygon","coordinates":[[[-102.31152927523263,31.383347853889493],[-102.31045430984116,31.380186119499804],[-102.30779198271509,31.37211033672523],[-102.31306628100566,31.371031916770008],[-102.31344289609527,31.38549684956449],[-102.31235116095408,31.38576072438336],[-102.31152927523263,31.383347853889493]]]}},{"type":"Feature","properties":{"ABSTRACT_L":"BF--S206","ABSTRACT_N":"BF--S206","LEVEL1_SUR":null,"LEVEL2_BLO":"F","LEVEL3_SUR":"206","Surv_Sect":"206","SHAPE_AREA":288.4534194796064,"owner_count":0.0,"top_owner":"","top_owner_state":"","top_operator":"","max_propensity_score":0.0,"field_name":"Unknown","production_trend":null},"geometry":{"type":"Polygon","coordinates":[[[-102.30661373981201,31.368379947609885],[-102.30584870756661,31.366039603379313],[-102.30478693303677,31.362834280494976],[-102.3032327227294,31.35809368617831],[-102.31267427148704,31.35597789284974],[-102.31306628100566,31.371031916770008],[-102.30779198271509,31.37211033672523],[-102.30661373981201,31.368379947609885]]]}},{"type":"Feature","properties":{"ABSTRACT_L":"BF--S207","ABSTRACT_N":"BF--S207","LEVEL1_SUR":null,"LEVEL2_BLO":"F","LEVEL3_SUR":"207","Surv_Sect":"207","SHAPE_AREA":447.5148674563765,"owner_count":0.0,"top_owner":"","top_owner_state":"","top_operator":"","max_propensity_score":0.0,"field_name":"Unknown","production_trend":null},"geometry":{"type":"Polygon","coordinates":[[[-102.29859214454926,31.344217399620327],[-102.31223544177581,31.341273996777076],[-102.31241774677788,31.34606168572002],[-102.31267427148704,31.35597789284974],[-102.3032327227294,31.35809368617831],[-102.29859214454926,31.344217399620327]]]}},{"type":"Feature","properties":{"ABSTRACT_L":"BF--S208","ABSTRACT_N":"BF--S208","LEVEL1_SUR":null,"LEVEL2_BLO":"F","LEVEL3_SUR":"208","Surv_Sect":"208","SHAPE_AREA":620.1499290542343,"owner_count":0.0,"top_owner":"","top_owner_state":"","top_operator":"","max_propensity_score":0.0,"field_name":"Unknown","production_trend":null},"geometry":{"type":"Polygon","coordinates":[[[-102.31178493666083,31.326228449599242],[-102.3119310018277,31.3312652486148],[-102.31213117701571,31.337846408755116],[-102.31214003260779,31.338137539331978],[-102.31217369607475,31.339244203263288],[-102.31223544177581,31.341273996777076],[-102.29859214454926,31.344217399620327],[-102.29393145758148,31.330186393180853],[-102.30811545257417,31.327032101223054],[-102.30842655622506,31.326962897453193],[-102.30850839903565,31.32694469121708],[-102.31031478979945,31.326542846322045],[-102.31178493666083,31.326228449599242]]]}},{"type":"Feature","properties":{"ABSTRACT_L":"A-178","ABSTRACT_N":"178","LEVEL1_SUR":"GC&SF","LEVEL2_BLO":"G","LEVEL3_SUR":"1","Surv_Sect":"1","SHAPE_AREA":655.4651999603891,"owner_count":1355.0,"top_owner":"BROADMOOR LAND & MINERALS LLC","top_owner_state":"MS","top_operator":"DIAMONDBACK E&P LLC","max_propensity_score":8.0,"field_name":"Unknown","production_trend":null},"geometry":{"type":"Polygon","coordinates":[[[-101.90999644408623,31.292321918927332],[-101.91004853738954,31.28639609661936],[-101.91011755585114,31.277369963728855],[-101.92699645896695,31.277683659788526],[-101.9269016885011,31.292480410287908],[-101.90999644408623,31.292321918927332]]]}},{"type":"Feature","properties":{"ABSTRACT_L":"BG--S10","ABSTRACT_N":"BG--S10","LEVEL1_SUR":null,"LEVEL2_BLO":"G","LEVEL3_SUR":"10","Surv_Sect":"10","SHAPE_AREA":657.2180170840339,"owner_count":0.0,"top_owner":"","top_owner_state":"","top_operator":"","max_propensity_score":0.0,"field_name":"Unknown","production_trend":null},"geometry":{"type":"Polygon","coordinates":[[[-101.92928918594747,31.100694729970684],[-101.92917357636368,31.115558510147412],[-101.92092171055425,31.115540879944263],[-101.91214418387823,31.115521545474152],[-101.91222143629768,31.100788102933077],[-101.92091305079491,31.100837868066947],[-101.92928918594747,31.100694729970684]]]}},{"type":"Feature","properties":{"ABSTRACT_L":"BG--S11","ABSTRACT_N":"BG--S11","LEVEL1_SUR":null,"LEVEL2_BLO":"G","LEVEL3_SUR":"11","Surv_Sect":"11","SHAPE_AREA":656.8891348753771,"owner_count":0.0,"top_owner":"","top_owner_state":"","top_operator":"","max_propensity_score":0.0,"field_name":"Unknown","production_trend":null},"geometry":{"type":"Polygon","coordinates":[[[-101.8950744282904,31.115441662692664],[-101.89518626045844,31.100697797509063],[-101.91222143629768,31.100788102933077],[-101.91214418387823,31.115521545474152],[-101.8950744282904,31.115441662692664]]]}},{"type":"Feature","properties":{"ABSTRACT_L":"BG--S12","ABSTRACT_N":"BG--S12","LEVEL1_SUR":null,"LEVEL2_BLO":"G","LEVEL3_SUR":"12","Surv_Sect":"12","SHAPE_AREA":654.8669695181676,"owner_count":0.0,"top_owner":"","top_owner_state":"","top_operator":"","max_propensity_score":0.0,"field_name":"Unknown","production_trend":null},"geometry":{"type":"Polygon","coordinates":[[[-101.89506912104372,31.130190200238122],[-101.8950744282904,31.115441662692664],[-101.91214418387823,31.115521545474152],[-101.91188295648854,31.13035506827623],[-101.89506912104372,31.130190200238122]]]}},{"type":"Feature","properties":{"ABSTRACT_L":"BG--S13","ABSTRACT_N":"BG--S13","LEVEL1_SUR":null,"LEVEL2_BLO":"G","LEVEL3_SUR":"13","Surv_Sect":"13","SHAPE_AREA":662.2935309941407,"owner_count":0.0,"top_owner":"","top_owner_state":"","top_operator":"","max_propensity_score":0.0,"field_name":"Unknown","production_trend":null},"geometry":{"type":"Polygon","coordinates":[[[-101.91188295648854,31.13035506827623],[-101.91214418387823,31.115521545474152],[-101.92092171055425,31.115540879944263],[-101.92917357636368,31.115558510147412],[-101.92888973658167,31.130507305245498],[-101.91188295648854,31.13035506827623]]]}},{"type":"Feature","properties":{"ABSTRACT_L":"BG--S14","ABSTRACT_N":"BG--S14","LEVEL1_SUR":null,"LEVEL2_BLO":"G","LEVEL3_SUR":"14","Surv_Sect":"14","SHAPE_AREA":648.7045067859173,"owner_count":0.0,"top_owner":"","top_owner_state":"","top_operator":"","max_propensity_score":0.0,"field_name":"Unknown","production_trend":null},"geometry":{"type":"Polygon","coordinates":[[[-101.92888973658167,31.130507305245498],[-101.9288341730864,31.134821992914485],[-101.9287912327175,31.13964516672573],[-101.92873126388407,31.145203932873333],[-101.91187256926891,31.144987262842868],[-101.91187434883149,31.142500875814914],[-101.91188295648854,31.13035506827623],[-101.92888973658167,31.130507305245498]]]}},{"type":"Feature","properties":{"ABSTRACT_L":"BG--S2","ABSTRACT_N":"BG--S2","LEVEL1_SUR":null,"LEVEL2_BLO":"G","LEVEL3_SUR":"2","Surv_Sect":"2","SHAPE_AREA":859.0424478240506,"owner_count":0.0,"top_owner":"","top_owner_state":"","top_operator":"","max_propensity_score":0.0,"field_name":"Unknown","production_trend":null},"geometry":{"type":"MultiPolygon","coordinates":[[[[-101.87823363530222,31.08121124950336],[-101.8952213756029,31.081440598595215],[-101.89526623297661,31.085731353663096],[-101.87825408365303,31.085624403662408],[-101.87823363530222,31.08121124950336]]],[[[-101.89276524237725,31.291953829089387],[-101.89279360937729,31.289916734323754],[-101.89296208571388,31.277240323914086],[-101.91011755585114,31.277369963728855],[-101.91004853738954,31.28639609661936],[-101.90999644408623,31.292321918927332],[-101.90932416199558,31.292315765557316],[-101.89276524237725,31.291953829089387]]]]}},{"type":"Feature","properties":{"ABSTRACT_L":"A-179","ABSTRACT_N":"179","LEVEL1_SUR":"GC&SF","LEVEL2_BLO":"G","LEVEL3_SUR":"3","Surv_Sect":"3","SHAPE_AREA":1205.2766152788022,"owner_count":1842.0,"top_owner":"CAPROCK ENERGY LLC","top_owner_state":"NV","top_operator":"SEM OPERATING CO LLC","max_propensity_score":10.0,"field_name":"Unknown","production_trend":null},"geometry":{"type":"MultiPolygon","coordinates":[[[[-101.89526623297661,31.085731353663096],[-101.89518626045844,31.100697797509063],[-101.8781350990987,31.100575131279584],[-101.8781667961535,31.095902340244166],[-101.87823116763015,31.086411581930555],[-101.87825408365303,31.085624403662408],[-101.89526623297661,31.085731353663096]]],[[[-101.90932416199558,31.292315765557316],[-101.90947704447717,31.30469823054219],[-101.89297771909476,31.304577943890866],[-101.89276524237725,31.291953829089387],[-101.90932416199558,31.292315765557316]]]]}},{"type":"Feature","properties":{"ABSTRACT_L":"BG--S4","ABSTRACT_N":"BG--S4","LEVEL1_SUR":null,"LEVEL2_BLO":"G","LEVEL3_SUR":"4","Surv_Sect":"4","SHAPE_AREA":1385.7416621187756,"owner_count":0.0,"top_owner":"","top_owner_state":"","top_operator":"","max_propensity_score":0.0,"field_name":"Unknown","production_trend":null},"geometry":{"type":"MultiPolygon","coordinates":[[[[-101.89526623297661,31.085731353663096],[-101.91231728204694,31.08580109804633],[-101.91222143629768,31.100788102933077],[-101.89518626045844,31.100697797509063],[-101.89526623297661,31.085731353663096]]],[[[-101.89322090741524,31.319033655627404],[-101.89297771909476,31.304577943890866],[-101.90947704447717,31.30469823054219],[-101.90950342081052,31.306835399500233],[-101.90935779671645,31.32154321602057],[-101.89326238712347,31.321500040670237],[-101.89322090741524,31.319033655627404]]]]}},{"type":"Feature","properties":{"ABSTRACT_L":"A-180","ABSTRACT_N":"180","LEVEL1_SUR":"BLK G SEC 5 A-180","LEVEL2_BLO":"G","LEVEL3_SUR":"5","Surv_Sect":"5","SHAPE_AREA":753.1408775737042,"owner_count":126.0,"top_owner":"DENISE FAMILY TRUST","top_owner_state":"WA","top_operator":"PIONEER NATURAL RES","max_propensity_score":6.0,"field_name":"Unknown","production_trend":null},"geometry":{"type":"MultiPolygon","coordinates":[[[[-101.8952213756029,31.081440598595215],[-101.91227168356313,31.081668544615486],[-101.91231728204694,31.08580109804633],[-101.89526623297661,31.085731353663096],[-101.8952213756029,31.081440598595215]]],[[[-101.90935808058408,31.328719932306296],[-101.90514941778244,31.329609622835463],[-101.89828408454605,31.331076403633105],[-101.89588026560929,31.331579091393483],[-101.89560607732669,31.331621705050114],[-101.89523098218655,31.331676651746967],[-101.89480399676233,31.3317377300245],[-101.89448183934189,31.3317545549345],[-101.89391625464911,31.33179995386265],[-101.89328555916622,31.331856092093815],[-101.89263425183914,31.33190475665901],[-101.89326238712347,31.321500040670237],[-101.90935779671645,31.32154321602057],[-101.90935808058408,31.328719932306296]]],[[[-101.89488252299289,31.331928127488666],[-101.89529609746823,31.331877926006317],[-101.89579036580892,31.3317935444862],[-101.89616184073847,31.331742319334168],[-101.89658621565846,31.331648217339882],[-101.89708608409663,31.33153586616628],[-101.90013421967093,31.330865990390883],[-101.90375975547893,31.330089092174184],[-101.90936700444811,31.32890244457239],[-101.90951379006385,31.335014415619355],[-101.89520516280865,31.3354286697056],[-101.89411189244662,31.33198812752858],[-101.89421611947748,31.33198023571659],[-101.89488252299289,31.331928127488666]]]]}},{"type":"Feature","properties":{"ABSTRACT_L":"BG--S6","ABSTRACT_N":"BG--S6","LEVEL1_SUR":null,"LEVEL2_BLO":"G","LEVEL3_SUR":"6","Surv_Sect":"6","SHAPE_AREA":688.8395626054015,"owner_count":0.0,"top_owner":"","top_owner_state":"","top_operator":"","max_propensity_score":0.0,"field_name":"Unknown","production_trend":null},"geometry":{"type":"MultiPolygon","coordinates":[[[[-101.87560507584767,31.318839299823118],[-101.89322090741524,31.319033655627404],[-101.89326238712347,31.321500040670237],[-101.89263425183914,31.33190475665901],[-101.89230416319306,31.33193744574024],[-101.89064798332117,31.33212200586073],[-101.8865484218091,31.33251420872665],[-101.8825475653838,31.332942053582993],[-101.87876213843839,31.333304866903386],[-101.87716570731268,31.333445779511678],[-101.87656426636534,31.33352911985876],[-101.87568142007042,31.333687392270516],[-101.87534903622876,31.33374633001513],[-101.87476917101792,31.333904102551156],[-101.87467701644619,31.333932460314312],[-101.87504988466274,31.318839072666808],[-101.87560507584767,31.318839299823118]]],[[[-101.87478947833324,31.334135001924942],[-101.8752179540625,31.334017582659506],[-101.87543668215609,31.333970100056323],[-101.88011974795424,31.33336662778987],[-101.88783875918826,31.33258795701623],[-101.89177725276988,31.332203839613943],[-101.89240457867214,31.332144514945647],[-101.89252393602732,31.33214125540642],[-101.89262907844142,31.332153641347954],[-101.89271038855105,31.332193001345495],[-101.89275730666002,31.332231528794424],[-101.89278136533997,31.332267532543508],[-101.89278675523167,31.332312924318355],[-101.88761200195266,31.333474969166843],[-101.88503874458364,31.334052731724913],[-101.87649024967752,31.334194933035974],[-101.87466978410983,31.3342251429605],[-101.87467117829516,31.334168697689798],[-101.87478947833324,31.334135001924942]]]]}},{"type":"Feature","properties":{"ABSTRACT_L":"BG--S7","ABSTRACT_N":"BG--S7","LEVEL1_SUR":null,"LEVEL2_BLO":"G","LEVEL3_SUR":"7","Surv_Sect":"7","SHAPE_AREA":657.235955876278,"owner_count":22.0,"top_owner":"DENISE FAMILY TRUST","top_owner_state":"WA","top_operator":"CRESCENT ENERGY OP","max_propensity_score":6.0,"field_name":"Unknown","production_trend":null},"geometry":{"type":"MultiPolygon","coordinates":[[[[-101.85832553938651,31.326376585204777],[-101.85833660124092,31.31894819511381],[-101.87504988466274,31.318839072666808],[-101.87467701644619,31.333932460314312],[-101.87375504223242,31.334216171752576],[-101.85831403556098,31.334063749326415],[-101.85832553938651,31.326376585204777]]],[[[-101.87467117829516,31.334168697689798],[-101.87466978410983,31.3342251429605],[-101.87447955686525,31.3342232784348],[-101.87467117829516,31.334168697689798]]]]}},{"type":"Feature","properties":{"ABSTRACT_L":"A-922","ABSTRACT_N":"922","LEVEL1_SUR":"GC&SF","LEVEL2_BLO":"G","LEVEL3_SUR":"8","Surv_Sect":"8","SHAPE_AREA":863.5941121779484,"owner_count":267.0,"top_owner":"HDB LLC","top_owner_state":"MT","top_operator":"RP OPERATING LLC","max_propensity_score":8.0,"field_name":"Unknown","production_trend":null},"geometry":{"type":"MultiPolygon","coordinates":[[[[-101.9294094685674,31.081895392234653],[-101.92939866902104,31.0858261845633],[-101.91231728204694,31.08580109804633],[-101.91227168356313,31.081668544615486],[-101.9294094685674,31.081895392234653]]],[[[-101.85833660124092,31.31894819511381],[-101.85832553938651,31.326376585204777],[-101.85831403556098,31.334063749326415],[-101.85657542178706,31.33404778036425],[-101.84972694274204,31.333984647231357],[-101.84675462767267,31.33395713197568],[-101.84608661347794,31.333950939123824],[-101.8454185992832,31.33394474243506],[-101.84195566752477,31.333912843599702],[-101.84058915031457,31.333873815026596],[-101.84078495789367,31.325572105369375],[-101.84093761040656,31.319097070453957],[-101.8422288829319,31.31912959208121],[-101.84639186640138,31.3191197883213],[-101.85833660124092,31.31894819511381]]]]}},{"type":"Feature","properties":{"ABSTRACT_L":"BG--S9","ABSTRACT_N":"BG--S9","LEVEL1_SUR":null,"LEVEL2_BLO":"G","LEVEL3_SUR":"9","Surv_Sect":"9","SHAPE_AREA":668.4153349315084,"owner_count":0.0,"top_owner":"","top_owner_state":"","top_operator":"","max_propensity_score":0.0,"field_name":"Unknown","production_trend":null},"geometry":{"type":"Polygon","coordinates":[[[-101.91222143629768,31.100788102933077],[-101.91231728204694,31.08580109804633],[-101.92939866902104,31.0858261845633],[-101.92928918594747,31.100694729970684],[-101.92091305079491,31.100837868066947],[-101.91222143629768,31.100788102933077]]]}},{"type":"Feature","properties":{"ABSTRACT_L":"BJE--S11","ABSTRACT_N":"BJE--S11","LEVEL1_SUR":null,"LEVEL2_BLO":"JE","LEVEL3_SUR":"11","Surv_Sect":"11","SHAPE_AREA":49.20408234460468,"owner_count":0.0,"top_owner":"","top_owner_state":"","top_operator":"","max_propensity_score":0.0,"field_name":"Unknown","production_trend":null},"geometry":{"type":"Polygon","coordinates":[[[-102.30770893436538,31.477509359210764],[-102.30535903321028,31.470466449918327],[-102.30288405602491,31.463047620161532],[-102.29858483226285,31.450157975373063],[-102.29919225688829,31.45001708070816],[-102.30336263528915,31.462944673160337],[-102.30446336795625,31.466356248594924],[-102.30575934675541,31.47037267078454],[-102.30729657531062,31.47513635311868],[-102.30811453629256,31.477685025887883],[-102.31256256418483,31.491542353964235],[-102.31221370254593,31.491622775679243],[-102.30770893436538,31.477509359210764]]]}},{"type":"Feature","properties":{"ABSTRACT_L":"A-903","ABSTRACT_N":"903","LEVEL1_SUR":"J T PRIEST","LEVEL2_BLO":"K","LEVEL3_SUR":"1","Surv_Sect":"1","SHAPE_AREA":633.3041182589584,"owner_count":148.0,"top_owner":"BROADMOOR LAND & MINERALS LLC","top_owner_state":"MS","top_operator":"PIONEER NATURAL RES","max_propensity_score":9.0,"field_name":"Unknown","production_trend":null},"geometry":{"type":"Polygon","coordinates":[[[-101.92350668554784,31.447144371061228],[-101.92431903205927,31.449669674966437],[-101.92431936982581,31.449670730999074],[-101.92570137578814,31.454020538787013],[-101.92695998826473,31.457860613392764],[-101.92789651877935,31.460717794079063],[-101.92628895213738,31.461118708035766],[-101.92031766449259,31.46260684976513],[-101.91134689133432,31.464841458065912],[-101.90919235668552,31.457745128088327],[-101.90712285386657,31.450927973863195],[-101.90772337134581,31.45077370537866],[-101.91555971153909,31.448984993161353],[-101.92350668554784,31.447144371061228]]]}},{"type":"Feature","properties":{"ABSTRACT_L":"A-143","ABSTRACT_N":"143","LEVEL1_SUR":"EL&RR","LEVEL2_BLO":"M","LEVEL3_SUR":"1","Surv_Sect":"1","SHAPE_AREA":573.309369915051,"owner_count":194.0,"top_owner":"BROADMOOR LAND & MINERALS LLC","top_owner_state":"MS","top_operator":"PIONEER NATURAL RES","max_propensity_score":10.0,"field_name":"Unknown","production_trend":null},"geometry":{"type":"Polygon","coordinates":[[[-101.85190433232827,31.553807732925296],[-101.85183617624936,31.553773702680676],[-101.85175321144298,31.553617984776952],[-101.85162697478937,31.553156548586276],[-101.85091538960843,31.550887480162988],[-101.84971566439366,31.54693376196944],[-101.84963538824492,31.54666715554549],[-101.84910501122307,31.545043250035754],[-101.84809195053445,31.541727143354343],[-101.84758017133393,31.540017268679463],[-101.86221894562573,31.536601041488794],[-101.8645990840733,31.543563167055826],[-101.86666606801617,31.550535805345273],[-101.85951275286601,31.552132195399214],[-101.85199102424478,31.553810302703965],[-101.85190433232827,31.553807732925296]]]}},{"type":"Feature","properties":{"ABSTRACT_L":"A-1576","ABSTRACT_N":"1576","LEVEL1_SUR":"ELRR","LEVEL2_BLO":"M","LEVEL3_SUR":"2","Surv_Sect":"2","SHAPE_AREA":629.6724410666059,"owner_count":96.0,"top_owner":"ALLDALE MINERALS II LP","top_owner_state":"OK","top_operator":"PIONEER NATURAL RES","max_propensity_score":7.0,"field_name":"Unknown","production_trend":null},"geometry":{"type":"Polygon","coordinates":[[[-101.87054295783058,31.53475404301212],[-101.87849645091332,31.532834056464885],[-101.87980867035448,31.536962902015773],[-101.88071069837568,31.539800905036092],[-101.88181533961257,31.543276177259],[-101.88293675329415,31.546803975051517],[-101.87463024566091,31.54870971313336],[-101.86805492003928,31.550226710172403],[-101.86666606801617,31.550535805345273],[-101.8645990840733,31.543563167055826],[-101.86221894562573,31.536601041488794],[-101.87054295783058,31.53475404301212]]]}},{"type":"Feature","properties":{"ABSTRACT_L":"A-144","ABSTRACT_N":"144","LEVEL1_SUR":"EL&RR","LEVEL2_BLO":"M","LEVEL3_SUR":"3","Surv_Sect":"3","SHAPE_AREA":648.2345167102692,"owner_count":221.0,"top_owner":"BROADMOOR LAND & MINERALS LLC","top_owner_state":"MS","top_operator":"CRESCENT ENERGY OP","max_propensity_score":10.0,"field_name":"Unknown","production_trend":null},"geometry":{"type":"Polygon","coordinates":[[[-101.89501911093352,31.528848708077046],[-101.89949034680114,31.54290333281408],[-101.8897389735936,31.545188441126005],[-101.88444955665678,31.546427581021355],[-101.88293675329415,31.546803975051517],[-101.88181533961257,31.543276177259],[-101.88071069837568,31.539800905036092],[-101.87980867035448,31.536962902015773],[-101.87849645091332,31.532834056464885],[-101.8855268459899,31.531138600610394],[-101.89501911093352,31.528848708077046]]]}},{"type":"Feature","properties":{"ABSTRACT_L":"A-709","ABSTRACT_N":"709","LEVEL1_SUR":"EL&RR","LEVEL2_BLO":"M","LEVEL3_SUR":"4","Surv_Sect":"4","SHAPE_AREA":635.3270126179441,"owner_count":124.0,"top_owner":"ALLDALE MINERALS II LP","top_owner_state":"OK","top_operator":"PIONEER NATURAL RES.","max_propensity_score":7.0,"field_name":"Unknown","production_trend":null},"geometry":{"type":"Polygon","coordinates":[[[-101.91345524718761,31.532073427016485],[-101.91564519791648,31.539088854243744],[-101.90760843100689,31.540983563619584],[-101.90690973126036,31.541148257092104],[-101.90147483575655,31.542429189939206],[-101.89949034680114,31.54290333281408],[-101.89501911093352,31.528848708077046],[-101.90279556224347,31.527041378967947],[-101.9056069028072,31.526387855441115],[-101.91126972784805,31.525071262810123],[-101.91345524718761,31.532073427016485]]]}},{"type":"Feature","properties":{"ABSTRACT_L":"BN--S1","ABSTRACT_N":"BN--S1","LEVEL1_SUR":null,"LEVEL2_BLO":"N","LEVEL3_SUR":"1","Surv_Sect":"1","SHAPE_AREA":642.0067805946145,"owner_count":0.0,"top_owner":"","top_owner_state":"","top_operator":"","max_propensity_score":0.0,"field_name":"Unknown","production_trend":null},"geometry":{"type":"Polygon","coordinates":[[[-101.93211846317249,31.535145303302752],[-101.91824419112008,31.53846014852906],[-101.91564519791648,31.539088854243744],[-101.91345524718761,31.532073427016485],[-101.91126972784805,31.525071262810123],[-101.9277137861792,31.521246861958538],[-101.92995158567169,31.528308437010388],[-101.93211846317249,31.535145303302752]]]}},{"type":"Feature","properties":{"ABSTRACT_L":"A-632","ABSTRACT_N":"632","LEVEL1_SUR":"HE&WT","LEVEL2_BLO":"N","LEVEL3_SUR":"10","Surv_Sect":"10","SHAPE_AREA":645.1190017737624,"owner_count":748.0,"top_owner":"A & G REED ENTERPRISES LLC","top_owner_state":"CA","top_operator":"PIONEER NATURAL RES","max_propensity_score":8.0,"field_name":"Unknown","production_trend":null},"geometry":{"type":"Polygon","coordinates":[[[-101.86970110345868,31.504890941290245],[-101.87283859714924,31.5150702161928],[-101.87404304660407,31.51897859311403],[-101.86876989725876,31.520150256233176],[-101.85751852617292,31.522649423078704],[-101.85519840237286,31.515401646310004],[-101.8530776830063,31.508834688169117],[-101.86150466909217,31.50683577379836],[-101.86970110345868,31.504890941290245]]]}},{"type":"Feature","properties":{"ABSTRACT_L":"A-242","ABSTRACT_N":"242","LEVEL1_SUR":"HE&WT","LEVEL2_BLO":"N","LEVEL3_SUR":"11","Surv_Sect":"11","SHAPE_AREA":653.6167666102003,"owner_count":42.0,"top_owner":"HDB LLC","top_owner_state":"MT","top_operator":"PIONEER NATURAL RES","max_propensity_score":8.0,"field_name":"Unknown","production_trend":null},"geometry":{"type":"Polygon","coordinates":[[[-101.88637599917345,31.500966063729948],[-101.89069310749451,31.514934717935226],[-101.87404304660407,31.51897859311403],[-101.87283859714924,31.5150702161928],[-101.86970110345868,31.504890941290245],[-101.87814387743568,31.50288699859545],[-101.88637599917345,31.500966063729948]]]}},{"type":"Feature","properties":{"ABSTRACT_L":"A-659","ABSTRACT_N":"659","LEVEL1_SUR":"HE&WT","LEVEL2_BLO":"N","LEVEL3_SUR":"12","Surv_Sect":"12","SHAPE_AREA":633.0919962906077,"owner_count":34.0,"top_owner":"FRANCO-NEVADA TEXAS LP","top_owner_state":"CO","top_operator":"PIONEER NATURAL RES","max_propensity_score":7.0,"field_name":"Unknown","production_trend":null},"geometry":{"type":"Polygon","coordinates":[[[-101.88637599917345,31.500966063729948],[-101.89460641860379,31.49899410714987],[-101.90251058160105,31.497099730982516],[-101.90696136552458,31.51106441990732],[-101.9011523558409,31.512446682188052],[-101.89069310749451,31.514934717935226],[-101.88637599917345,31.500966063729948]]]}},{"type":"Feature","properties":{"ABSTRACT_L":"A-243","ABSTRACT_N":"243","LEVEL1_SUR":"BLK N SEC 13 A-243","LEVEL2_BLO":"N","LEVEL3_SUR":"13","Surv_Sect":"13","SHAPE_AREA":643.6410276543317,"owner_count":5264.0,"top_owner":"BROADMOOR LAND & MINERALS LLC","top_owner_state":"MS","top_operator":"PIONEER NATURAL RES","max_propensity_score":10.0,"field_name":"Unknown","production_trend":null},"geometry":{"type":"Polygon","coordinates":[[[-101.90251058160105,31.497099730982516],[-101.91903106141005,31.49317288405936],[-101.92334089068237,31.50719750532508],[-101.91490429621622,31.50918954445415],[-101.90696136552458,31.51106441990732],[-101.90251058160105,31.497099730982516]]]}},{"type":"Feature","properties":{"ABSTRACT_L":"A-660","ABSTRACT_N":"660","LEVEL1_SUR":"BLK N SEC 14 A-660","LEVEL2_BLO":"N","LEVEL3_SUR":"14","Surv_Sect":"14","SHAPE_AREA":647.7646588581135,"owner_count":2199.0,"top_owner":"BROADMOOR LAND & MINERALS LLC","top_owner_state":"MS","top_operator":"PIONEER NAT RES","max_propensity_score":9.0,"field_name":"Unknown","production_trend":null},"geometry":{"type":"Polygon","coordinates":[[[-101.91903106141005,31.49317288405936],[-101.9354026023416,31.489213082424378],[-101.93995442517503,31.503239186041178],[-101.9332819216026,31.504829263373313],[-101.92334089068237,31.50719750532508],[-101.91903106141005,31.49317288405936]]]}},{"type":"Feature","properties":{"ABSTRACT_L":"A-244","ABSTRACT_N":"244","LEVEL1_SUR":"HE&WT","LEVEL2_BLO":"N","LEVEL3_SUR":"15","Surv_Sect":"15","SHAPE_AREA":636.380398650057,"owner_count":219.0,"top_owner":"ESSEX DAVID TRUST","top_owner_state":"NE","top_operator":"PIONEER NATURAL RES","max_propensity_score":8.0,"field_name":"Unknown","production_trend":null},"geometry":{"type":"Polygon","coordinates":[[[-101.91465574585185,31.47921600486416],[-101.93089711550881,31.47532603851613],[-101.9354026023416,31.489213082424378],[-101.91903106141005,31.49317288405936],[-101.91465574585185,31.47921600486416]]]}},{"type":"Feature","properties":{"ABSTRACT_L":"A-658","ABSTRACT_N":"658","LEVEL1_SUR":"HEWT","LEVEL2_BLO":"N","LEVEL3_SUR":"16","Surv_Sect":"16","SHAPE_AREA":644.9888803534903,"owner_count":109.0,"top_owner":"801 LLC","top_owner_state":"NM","top_operator":"PIONEER NATURAL RES","max_propensity_score":8.0,"field_name":"Unknown","production_trend":null},"geometry":{"type":"Polygon","coordinates":[[[-101.89817630557657,31.483081291178376],[-101.89817875258743,31.483080717385754],[-101.90630174249293,31.481175764724433],[-101.91465574585185,31.47921600486416],[-101.91903106141005,31.49317288405936],[-101.90251058160105,31.497099730982516],[-101.89817630557657,31.483081291178376]]]}},{"type":"Feature","properties":{"ABSTRACT_L":"A-245","ABSTRACT_N":"245","LEVEL1_SUR":"HE&WT","LEVEL2_BLO":"N","LEVEL3_SUR":"17","Surv_Sect":"17","SHAPE_AREA":636.0561486103538,"owner_count":50.0,"top_owner":"NORTHGATE ROYALTY FUND B","top_owner_state":"IN","top_operator":"PIONEER NATURAL RES","max_propensity_score":6.0,"field_name":"Unknown","production_trend":null},"geometry":{"type":"Polygon","coordinates":[[[-101.89817140975828,31.483082438763617],[-101.89817630557657,31.483081291178376],[-101.90251058160105,31.497099730982516],[-101.89460641860379,31.49899410714987],[-101.88637599917345,31.500966063729948],[-101.88426441926661,31.494385687008936],[-101.88367447226332,31.492435584330835],[-101.88196594935647,31.486881108484926],[-101.89011620762244,31.484970924389458],[-101.89817140975828,31.483082438763617]]]}},{"type":"Feature","properties":{"ABSTRACT_L":"A-1591","ABSTRACT_N":"1591","LEVEL1_SUR":"BLK N SEC 18 A-1591","LEVEL2_BLO":"N","LEVEL3_SUR":"18","Surv_Sect":"18","SHAPE_AREA":653.1965181701429,"owner_count":784.0,"top_owner":"KIMBELL ROYALTY OPERATING LLC","top_owner_state":"LA","top_operator":"PIONEER NATURAL RES","max_propensity_score":9.0,"field_name":"Unknown","production_trend":null},"geometry":{"type":"Polygon","coordinates":[[[-101.88367447226332,31.492435584330835],[-101.88426441926661,31.494385687008936],[-101.88637599917345,31.500966063729948],[-101.87814387743568,31.50288699859545],[-101.86970110345868,31.504890941290245],[-101.86862377100643,31.501345818827346],[-101.86647862285405,31.494286186948102],[-101.86540717975679,31.490759741541265],[-101.87358048699632,31.48884580113098],[-101.88196594935647,31.486881108484926],[-101.88367447226332,31.492435584330835]]]}},{"type":"Feature","properties":{"ABSTRACT_L":"A-246","ABSTRACT_N":"246","LEVEL1_SUR":"HE&WT","LEVEL2_BLO":"N","LEVEL3_SUR":"19","Surv_Sect":"19","SHAPE_AREA":664.7265885156779,"owner_count":413.0,"top_owner":"A & G REED ENTERPRISES LLC","top_owner_state":"CA","top_operator":"PIONEER NATURAL RES","max_propensity_score":10.0,"field_name":"Unknown","production_trend":null},"geometry":{"type":"Polygon","coordinates":[[[-101.86540717975679,31.490759741541265],[-101.86647862285405,31.494286186948102],[-101.86862377100643,31.501345818827346],[-101.86970110345868,31.504890941290245],[-101.86150466909217,31.50683577379836],[-101.8530776830063,31.508834688169117],[-101.8507169787116,31.501847674622606],[-101.84839768944644,31.494742317005947],[-101.85680086388908,31.49277514228904],[-101.86540717975679,31.490759741541265]]]}},{"type":"Feature","properties":{"ABSTRACT_L":"A-708","ABSTRACT_N":"708","LEVEL1_SUR":"HE&WT","LEVEL2_BLO":"N","LEVEL3_SUR":"2","Surv_Sect":"2","SHAPE_AREA":652.4671056804289,"owner_count":28.0,"top_owner":"PEP II MANAGEMENT LLC","top_owner_state":"LA","top_operator":"PIONEER NATURAL RES.","max_propensity_score":7.0,"field_name":"Unknown","production_trend":null},"geometry":{"type":"Polygon","coordinates":[[[-101.94451004608548,31.51727320988374],[-101.94481890933807,31.518224557618854],[-101.94678071673084,31.524266813418116],[-101.9489835385211,31.531050542258374],[-101.9404355691294,31.533121178665724],[-101.93434279871548,31.534596660994836],[-101.93211846317249,31.535145303302752],[-101.92995158567169,31.528308437010388],[-101.9277137861792,31.521246861958538],[-101.93588897359261,31.519313104656476],[-101.93631090778999,31.519213283461596],[-101.94451004608548,31.51727320988374]]]}},{"type":"Feature","properties":{"ABSTRACT_L":"A-1347","ABSTRACT_N":"1347","LEVEL1_SUR":"HE&WT","LEVEL2_BLO":"N","LEVEL3_SUR":"20","Surv_Sect":"20","SHAPE_AREA":620.1281977312838,"owner_count":195.0,"top_owner":"ARETE MINERAL HOLDINGS LLC","top_owner_state":"OK","top_operator":"PIONEER NATURAL RES","max_propensity_score":7.0,"field_name":"Unknown","production_trend":null},"geometry":{"type":"Polygon","coordinates":[[[-101.84839768944644,31.494742317005947],[-101.8507169787116,31.501847674622606],[-101.8530776830063,31.508834688169117],[-101.84497346878857,31.51075641253156],[-101.83722870824523,31.512592333685205],[-101.83720378538598,31.512507366382593],[-101.83672387751344,31.511040163933476],[-101.83619204701746,31.50932569513296],[-101.83552635406943,31.507250231602697],[-101.83502109304462,31.505688482950625],[-101.83445440971224,31.50376520069549],[-101.83366439891203,31.50117601535152],[-101.83280929977961,31.498529655085207],[-101.84839768944644,31.494742317005947]]]}},{"type":"Feature","properties":{"ABSTRACT_L":"BN--S3","ABSTRACT_N":"BN--S3","LEVEL1_SUR":null,"LEVEL2_BLO":"N","LEVEL3_SUR":"3","Surv_Sect":"3","SHAPE_AREA":656.5578206218032,"owner_count":0.0,"top_owner":"","top_owner_state":"","top_operator":"","max_propensity_score":0.0,"field_name":"Unknown","production_trend":null},"geometry":{"type":"Polygon","coordinates":[[[-101.93995442517503,31.503239186041178],[-101.94183314559056,31.50902728981311],[-101.94451004608548,31.51727320988374],[-101.93631090778999,31.519213283461596],[-101.93588897359261,31.519313104656476],[-101.9277137861792,31.521246861958538],[-101.92334089068237,31.50719750532508],[-101.9332819216026,31.504829263373313],[-101.93995442517503,31.503239186041178]]]}},{"type":"Feature","properties":{"ABSTRACT_L":"A-897","ABSTRACT_N":"897","LEVEL1_SUR":"HE&WT","LEVEL2_BLO":"N","LEVEL3_SUR":"4","Surv_Sect":"4","SHAPE_AREA":642.6037228789163,"owner_count":19.0,"top_owner":"GREGG XYLINA T REV TRUST","top_owner_state":"UT","top_operator":"PIONEER NATURAL RES","max_propensity_score":5.0,"field_name":"Unknown","production_trend":null},"geometry":{"type":"Polygon","coordinates":[[[-101.9277137861792,31.521246861958538],[-101.91126972784805,31.525071262810123],[-101.91106850881765,31.524417165743007],[-101.90696136552458,31.51106441990732],[-101.91490429621622,31.50918954445415],[-101.92334089068237,31.50719750532508],[-101.9277137861792,31.521246861958538]]]}},{"type":"Feature","properties":{"ABSTRACT_L":"A-239","ABSTRACT_N":"239","LEVEL1_SUR":"HE&WT","LEVEL2_BLO":"N","LEVEL3_SUR":"5","Surv_Sect":"5","SHAPE_AREA":633.6709592825587,"owner_count":79.0,"top_owner":"LADD LLC","top_owner_state":"OK","top_operator":"PIONEER NATURAL RES","max_propensity_score":8.0,"field_name":"Unknown","production_trend":null},"geometry":{"type":"Polygon","coordinates":[[[-101.90696136552458,31.51106441990732],[-101.91106850881765,31.524417165743007],[-101.91126972784805,31.525071262810123],[-101.9056069028072,31.526387855441115],[-101.90279556224347,31.527041378967947],[-101.89501911093352,31.528848708077046],[-101.89311767392108,31.522733460723188],[-101.89285596952601,31.521891723949157],[-101.89069310749451,31.514934717935226],[-101.9011523558409,31.512446682188052],[-101.90696136552458,31.51106441990732]]]}},{"type":"Feature","properties":{"ABSTRACT_L":"BN--S6","ABSTRACT_N":"BN--S6","LEVEL1_SUR":null,"LEVEL2_BLO":"N","LEVEL3_SUR":"6","Surv_Sect":"6","SHAPE_AREA":645.1552781097606,"owner_count":2078.0,"top_owner":"ALAMO ENDEAVORS LLC","top_owner_state":"CO","top_operator":"PIONEER NATURAL RES.","max_propensity_score":8.0,"field_name":"Unknown","production_trend":null},"geometry":{"type":"Polygon","coordinates":[[[-101.89285596952601,31.521891723949157],[-101.89311767392108,31.522733460723188],[-101.89501911093352,31.528848708077046],[-101.8855268459899,31.531138600610394],[-101.87849645091332,31.532834056464885],[-101.87650015450181,31.52662362139081],[-101.87629531166759,31.525986313800214],[-101.87606113434775,31.525257740350437],[-101.87404304660407,31.51897859311403],[-101.89069310749451,31.514934717935226],[-101.89285596952601,31.521891723949157]]]}},{"type":"Feature","properties":{"ABSTRACT_L":"A-240","ABSTRACT_N":"240","LEVEL1_SUR":"HE&WT","LEVEL2_BLO":"N","LEVEL3_SUR":"7","Surv_Sect":"7","SHAPE_AREA":639.3460033507275,"owner_count":192.0,"top_owner":"LYRA PROPERTIES LLC","top_owner_state":"GA","top_operator":"PIONEER NATURAL RES","max_propensity_score":8.0,"field_name":"Unknown","production_trend":null},"geometry":{"type":"Polygon","coordinates":[[[-101.85751852617292,31.522649423078704],[-101.86876989725876,31.520150256233176],[-101.87404304660407,31.51897859311403],[-101.87606113434775,31.525257740350437],[-101.87629531166759,31.525986313800214],[-101.87650015450181,31.52662362139081],[-101.87849645091332,31.532834056464885],[-101.87054295783058,31.53475404301212],[-101.86221894562573,31.536601041488794],[-101.85751852617292,31.522649423078704]]]}},{"type":"Feature","properties":{"ABSTRACT_L":"A-633","ABSTRACT_N":"633","LEVEL1_SUR":"HE&WT","LEVEL2_BLO":"N","LEVEL3_SUR":"8","Surv_Sect":"8","SHAPE_AREA":637.5647467556719,"owner_count":26.0,"top_owner":"CEDAR RESOURCES LLC","top_owner_state":"FL","top_operator":"PIONEER NATURAL RES","max_propensity_score":6.0,"field_name":"Unknown","production_trend":null},"geometry":{"type":"MultiPolygon","coordinates":[[[[-101.84611159293104,31.53961069736641],[-101.84584847009612,31.539322518663706],[-101.84561210268362,31.539010475466604],[-101.84537706747265,31.538645383525363],[-101.84525546882087,31.538366364080296],[-101.84506043738617,31.53787420434375],[-101.84486074908502,31.537207426926557],[-101.84464562862561,31.536563825266928],[-101.84427273166298,31.535358025585847],[-101.84363776738587,31.533257238577427],[-101.84307383289827,31.531594011789615],[-101.84261288756305,31.530010928140484],[-101.84217384944266,31.528527573872665],[-101.84146880759025,31.526190352951033],[-101.8493669294172,31.524448139904546],[-101.85751852617292,31.522649423078704],[-101.86221894562573,31.536601041488794],[-101.84758017133393,31.540017268679463],[-101.84672279407394,31.540205271329235],[-101.84671652293495,31.54019922760262],[-101.84639442749824,31.53988938234768],[-101.84611159293104,31.53961069736641]]],[[[-101.84565853839727,31.539515265702605],[-101.84600294439238,31.539875195542695],[-101.8464532105555,31.540270913953975],[-101.84568711470479,31.5404433329052],[-101.84532920433601,31.539089300599766],[-101.84565853839727,31.539515265702605]]]]}},{"type":"Feature","properties":{"ABSTRACT_L":"A-241","ABSTRACT_N":"241","LEVEL1_SUR":"HE&WT","LEVEL2_BLO":"N","LEVEL3_SUR":"9","Surv_Sect":"9","SHAPE_AREA":610.5314195976797,"owner_count":1230.0,"top_owner":"BROADMOOR LAND & MINERALS LLC","top_owner_state":"MS","top_operator":"PIONEER NAT RES USA","max_propensity_score":10.0,"field_name":"Unknown","production_trend":null},"geometry":{"type":"Polygon","coordinates":[[[-101.84134789345468,31.525789512633988],[-101.84087705407492,31.52435726727543],[-101.84037771923605,31.52277342844753],[-101.83987471567754,31.52104661557522],[-101.83947441920041,31.51976238907539],[-101.83930790208944,31.51926112875873],[-101.83902598649878,31.51841246706764],[-101.83860976648492,31.516998571288113],[-101.83813128693367,31.515492552922304],[-101.83752036516684,31.51358661777403],[-101.83722870824523,31.512592333685205],[-101.84497346878857,31.51075641253156],[-101.8530776830063,31.508834688169117],[-101.85519840237286,31.515401646310004],[-101.85751852617292,31.522649423078704],[-101.8493669294172,31.524448139904546],[-101.84146880759025,31.526190352951033],[-101.84134789345468,31.525789512633988]]]}},{"type":"Feature","properties":{"ABSTRACT_L":"A-138","ABSTRACT_N":"138","LEVEL1_SUR":"EL&RR","LEVEL2_BLO":"O","LEVEL3_SUR":"1","Surv_Sect":"1","SHAPE_AREA":613.1020537952141,"owner_count":152.0,"top_owner":"COTTONWOOD 3 TRUST","top_owner_state":"AX","top_operator":"PIONEER NATURAL RES","max_propensity_score":7.0,"field_name":"Unknown","production_trend":null},"geometry":{"type":"MultiPolygon","coordinates":[[[[-101.83172919871966,31.483548544122645],[-101.83144957832454,31.48369506876603],[-101.83105880578604,31.483916589303515],[-101.83060957178718,31.484270756472416],[-101.83023538214884,31.484640654222805],[-101.82989766141611,31.485031027357994],[-101.82959616434887,31.48551680075104],[-101.82934455342432,31.48618143364736],[-101.82926674854092,31.486610805296298],[-101.82920333017681,31.48709658580706],[-101.82832741348598,31.48438223546268],[-101.83172919871966,31.483548544122645]]],[[[-101.82993456869954,31.489241852135223],[-101.82974622073054,31.488691383697923],[-101.82957569354018,31.48807474326895],[-101.82950494402503,31.487784033168552],[-101.82945431856886,31.487493823922275],[-101.82944824595755,31.4872262825618],[-101.82949040928372,31.48667934217491],[-101.82961144828512,31.486138599791207],[-101.82971878348684,31.485780807821254],[-101.82984395294189,31.485503581647873],[-101.83016800760421,31.48500270832898],[-101.83042037041868,31.484709692019134],[-101.83059723971495,31.484541565131583],[-101.83084599669186,31.48433209249419],[-101.83109358945217,31.484157092519332],[-101.83136677251996,31.48396978605366],[-101.83177191900131,31.48375124719742],[-101.83213620381531,31.48358682255586],[-101.83244643340542,31.483495313425685],[-101.83293864550242,31.48338243452422],[-101.83529042772972,31.482814979014993],[-101.83729131543065,31.482354867674847],[-101.83929152041193,31.481915924144662],[-101.84229913118713,31.481218094464975],[-101.84423373938975,31.480783978908303],[-101.84624496490295,31.48755164553],[-101.84817023152493,31.494029263234818],[-101.84839768944644,31.494742317005947],[-101.83280929977961,31.498529655085207],[-101.83274714893837,31.498337306023572],[-101.83221693720654,31.49657550183031],[-101.83176217497541,31.49510745338065],[-101.83073099167424,31.491770878672614],[-101.82993456869954,31.489241852135223]]]]}},{"type":"Feature","properties":{"ABSTRACT_L":"BO--S2","ABSTRACT_N":"BO--S2","LEVEL1_SUR":null,"LEVEL2_BLO":"O","LEVEL3_SUR":"2","Surv_Sect":"2","SHAPE_AREA":630.5724976868327,"owner_count":0.0,"top_owner":"","top_owner_state":"","top_operator":"","max_propensity_score":0.0,"field_name":"Unknown","production_trend":null},"geometry":{"type":"Polygon","coordinates":[[[-101.86120769055083,31.476720698009622],[-101.86120783877286,31.476720658936934],[-101.8651856129869,31.490045751968633],[-101.86518544140868,31.49004579486581],[-101.85697481994889,31.491968332879487],[-101.85657341225576,31.49206230715053],[-101.84817023152493,31.494029263234818],[-101.84624496490295,31.48755164553],[-101.84423373938975,31.480783978908303],[-101.8445440417434,31.480714345255617],[-101.84830452965991,31.479829714343072],[-101.85032618551189,31.47928655896306],[-101.85074592781996,31.479117299212096],[-101.86101883772864,31.476773542600505],[-101.86120769055083,31.476720698009622]]]}},{"type":"Feature","properties":{"ABSTRACT_L":"A-139","ABSTRACT_N":"139","LEVEL1_SUR":"BLK O SEC 3 A-139","LEVEL2_BLO":"O","LEVEL3_SUR":"3","Surv_Sect":"3","SHAPE_AREA":611.3940042825118,"owner_count":567.0,"top_owner":"HDB LLC","top_owner_state":"MT","top_operator":"PIONEER NAT RES","max_propensity_score":8.0,"field_name":"Unknown","production_trend":null},"geometry":{"type":"Polygon","coordinates":[[[-101.86120783877286,31.476720658936934],[-101.86120798789318,31.476720618332028],[-101.86902682620979,31.47483177694983],[-101.86902697622844,31.474831740940996],[-101.86902712534878,31.47483170493216],[-101.8775629297549,31.472769014688687],[-101.8775631004348,31.472768974082065],[-101.88174299199454,31.486167001210127],[-101.881742819518,31.486167040278808],[-101.87330828488881,31.48802118728317],[-101.87330816541288,31.488021215626596],[-101.87330798485151,31.488021259290743],[-101.86518574054767,31.490045720561742],[-101.8651856129869,31.490045751968633],[-101.86120783877286,31.476720658936934]]]}},{"type":"Feature","properties":{"ABSTRACT_L":"A-663","ABSTRACT_N":"663","LEVEL1_SUR":"EL&RR","LEVEL2_BLO":"O","LEVEL3_SUR":"4","Surv_Sect":"4","SHAPE_AREA":601.7988352040059,"owner_count":15.0,"top_owner":"CAPROCK MINERALS LLC","top_owner_state":"TX","top_operator":"PIONEER NATURAL RES","max_propensity_score":3.0,"field_name":"Unknown","production_trend":null},"geometry":{"type":"Polygon","coordinates":[[[-101.8775631004348,31.472768974082065],[-101.87756322799558,31.47276894266943],[-101.8936813865248,31.46910681184514],[-101.8959239821226,31.476087578018987],[-101.8979424076328,31.482369751157588],[-101.88988726119248,31.48425822282461],[-101.88174312045362,31.486166972866144],[-101.88174299199454,31.486167001210127],[-101.8775631004348,31.472768974082065]]]}},{"type":"Feature","properties":{"ABSTRACT_L":"BR--S11","ABSTRACT_N":"BR--S11","LEVEL1_SUR":null,"LEVEL2_BLO":"R","LEVEL3_SUR":"11","Surv_Sect":"11","SHAPE_AREA":547.8709171624706,"owner_count":0.0,"top_owner":"","top_owner_state":"","top_operator":"","max_propensity_score":0.0,"field_name":"Unknown","production_trend":null},"geometry":{"type":"Polygon","coordinates":[[[-102.21663066830658,31.14737227119544],[-102.22030839713092,31.150082359892977],[-102.22101591384194,31.150616461201402],[-102.21716111000711,31.15405175551751],[-102.22035909624891,31.155408974188695],[-102.2202844219943,31.15548612731636],[-102.20877588839544,31.16737470269049],[-102.20241148271096,31.16272548676764],[-102.20001026529526,31.16097119379075],[-102.211579772044,31.1491806649273],[-102.21472883154384,31.145970720779868],[-102.21663066830658,31.14737227119544]]]}},{"type":"Feature","properties":{"ABSTRACT_L":"BR--S12","ABSTRACT_N":"BR--S12","LEVEL1_SUR":null,"LEVEL2_BLO":"R","LEVEL3_SUR":"12","Surv_Sect":"12","SHAPE_AREA":579.853018050347,"owner_count":0.0,"top_owner":"","top_owner_state":"","top_operator":"","max_propensity_score":0.0,"field_name":"Unknown","production_trend":null},"geometry":{"type":"MultiPolygon","coordinates":[[[[-102.20470741757536,31.143030525144333],[-102.20468772560601,31.142951313662884],[-102.20466006288515,31.14287388507925],[-102.20462464051687,31.14279883218203],[-102.20458172979238,31.142726727002326],[-102.2045488586395,31.142680216083892],[-102.20388000362168,31.142135086182456],[-102.20380462418954,31.142077531883693],[-102.20372469029894,31.142024719092827],[-102.20364060529339,31.141976913842605],[-102.20355279138111,31.141934355255373],[-102.20346168963489,31.14189725938743],[-102.20336776089047,31.14186581077121],[-102.20327147676336,31.141840169334966],[-102.20317332054722,31.141820463482844],[-102.20307378631543,31.141806792401383],[-102.20297806094042,31.141796099109364],[-102.20288363902092,31.14177883591398],[-102.20279113320791,31.141755114296302],[-102.20270113638948,31.14172508725452],[-102.20261422977563,31.14168894930427],[-102.20253097301679,31.141646931865466],[-102.20245190240716,31.141599305569326],[-102.20237752818984,31.14154637948955],[-102.20230832826857,31.14148849191636],[-102.20224475000433,31.141426017276512],[-102.20239570829456,31.141381804618874],[-102.20632853440507,31.140201629507235],[-102.20687850368327,31.14004678239486],[-102.20694610011176,31.140097485731236],[-102.20704747409326,31.14017352492314],[-102.20743225397047,31.140453939915993],[-102.20785582220336,31.140770012620436],[-102.20979182189635,31.14223194358311],[-102.209819942758,31.142253035596074],[-102.20985895569247,31.142411232078683],[-102.20468323762286,31.143431902741437],[-102.20470440732085,31.14335297453079],[-102.20471747870654,31.143272756128923],[-102.20472235206695,31.14319186261085],[-102.20471898967284,31.143110913666657],[-102.20470741757536,31.143030525144333]]],[[[-102.21029275663476,31.142609312530503],[-102.21238562732918,31.144195218291333],[-102.21346445727302,31.145012687385986],[-102.21349917087053,31.14503887691096],[-102.21398129219197,31.145404303985863],[-102.21472883154384,31.145970720779868],[-102.211579772044,31.1491806649273],[-102.20001026529526,31.16097119379075],[-102.19529292337913,31.157447974440764],[-102.1921620305093,31.155109381576388],[-102.19985899888287,31.147449660740076],[-102.1985574460374,31.144736943478694],[-102.20000006941677,31.144472444554985],[-102.20030652518437,31.14441625482451],[-102.20093942423465,31.14430020713372],[-102.20176859439472,31.14414640157299],[-102.20321548477172,31.14387799758993],[-102.20355553663263,31.143821034820252],[-102.20455600922917,31.1436534400339],[-102.20479218709715,31.14361045933473],[-102.20568037207981,31.143448820424148],[-102.21029275663476,31.142609312530503]]],[[[-102.20292679318887,31.141891512940322],[-102.20302225625576,31.141903212657066],[-102.20313105032152,31.141919841521847],[-102.20323816633432,31.141943183282486],[-102.2033430419488,31.14197311876113],[-102.20344513098927,31.142009490335735],[-102.20354389805979,31.142052108860074],[-102.2036388311207,31.142100750588437],[-102.20372943070869,31.14215516102018],[-102.20381522610653,31.142215058744128],[-102.2044496424113,31.14270720970316],[-102.20449234921824,31.142784137131923],[-102.20452798448724,31.142863683971886],[-102.20455633621593,31.142945369685236],[-102.20457723102945,31.14302870143424],[-102.20459054406194,31.143113176387626],[-102.20459619446508,31.143198285565163],[-102.20459414900118,31.14328351460644],[-102.2045844175517,31.143368350690594],[-102.20456706120211,31.14345228099864],[-102.20427123070768,31.143504170380105],[-102.20345235254582,31.143637275086196],[-102.2018237868858,31.143901972394445],[-102.19963673771527,31.14434763909486],[-102.1980802744332,31.144610346209305],[-102.20094418979723,31.141806921569714],[-102.20213116971475,31.141459282859152],[-102.20219046840496,31.141524684532175],[-102.20225541839665,31.14158598582537],[-102.20232563700746,31.141642826151205],[-102.20240071460564,31.14169487260145],[-102.20248020652515,31.14174181764],[-102.2025636465403,31.141783387560682],[-102.20265054506932,31.141819335566783],[-102.20274039007245,31.14184945099747],[-102.20283265334034,31.1418735577897],[-102.20292679318887,31.141891512940322]]]]}},{"type":"Feature","properties":{"ABSTRACT_L":"BR--S13","ABSTRACT_N":"BR--S13","LEVEL1_SUR":null,"LEVEL2_BLO":"R","LEVEL3_SUR":"13","Surv_Sect":"13","SHAPE_AREA":101.04933280389521,"owner_count":0.0,"top_owner":"","top_owner_state":"","top_operator":"","max_propensity_score":0.0,"field_name":"Unknown","production_trend":null},"geometry":{"type":"Polygon","coordinates":[[[-102.1921620305093,31.155109381576388],[-102.1893878784017,31.153117665561982],[-102.19525526510411,31.147375446396822],[-102.19534237294059,31.14729018951246],[-102.19780958508862,31.144875306817617],[-102.1985574460374,31.144736943478694],[-102.19985899888287,31.147449660740076],[-102.1921620305093,31.155109381576388]]]}},{"type":"Feature","properties":{"ABSTRACT_L":"BR--S3","ABSTRACT_N":"BR--S3","LEVEL1_SUR":null,"LEVEL2_BLO":"R","LEVEL3_SUR":"3","Surv_Sect":"3","SHAPE_AREA":496.4266091511428,"owner_count":0.0,"top_owner":"","top_owner_state":"","top_operator":"","max_propensity_score":0.0,"field_name":"Unknown","production_trend":null},"geometry":{"type":"Polygon","coordinates":[[[-102.29231170888595,31.228187837173866],[-102.29184239754049,31.227842004237644],[-102.30688496724743,31.212614389586204],[-102.30784520699736,31.213306582795546],[-102.30842098307703,31.230218861326563],[-102.3028564597794,31.230210894933347],[-102.30292457094255,31.23596345069401],[-102.29231170888595,31.228187837173866]]]}},{"type":"Feature","properties":{"ABSTRACT_L":"BR--S6","ABSTRACT_N":"BR--S6","LEVEL1_SUR":null,"LEVEL2_BLO":"R","LEVEL3_SUR":"6","Surv_Sect":"6","SHAPE_AREA":1241.1636580685415,"owner_count":0.0,"top_owner":"","top_owner_state":"","top_operator":"","max_propensity_score":0.0,"field_name":"Unknown","production_trend":null},"geometry":{"type":"Polygon","coordinates":[[[-102.27281153704246,31.213982992912474],[-102.2645073731138,31.207830752199097],[-102.25755924844589,31.20277274315689],[-102.25526387502855,31.201095323009657],[-102.27005650827061,31.186130027036352],[-102.271901060366,31.18747363959387],[-102.27530427122603,31.189874278104188],[-102.27871242910832,31.1922672419261],[-102.28203384476848,31.1946202621704],[-102.28512869812742,31.196934685761743],[-102.28847469708366,31.19934418434406],[-102.27359240838294,31.214561442471528],[-102.27281153704246,31.213982992912474]]]}},{"type":"Feature","properties":{"ABSTRACT_L":"A-789","ABSTRACT_N":"789","LEVEL1_SUR":"M S DENTON","LEVEL2_BLO":"R","LEVEL3_SUR":"7","Surv_Sect":"7","SHAPE_AREA":691.7562584133335,"owner_count":365.0,"top_owner":"BISHARA ELIAS ESTATE","top_owner_state":"CA","top_operator":"PLATFORM OPERATING","max_propensity_score":10.0,"field_name":"Unknown","production_trend":null},"geometry":{"type":"Polygon","coordinates":[[[-102.19193295023038,31.12924434078551],[-102.19478502939222,31.131299624828326],[-102.1957859807908,31.132024108228855],[-102.19327426790024,31.134578669241275],[-102.19309359154376,31.134762435764316],[-102.19280298654935,31.135057970530703],[-102.1924259294886,31.135441438575608],[-102.18468643217454,31.143311393765547],[-102.18096039015758,31.147099917710555],[-102.17376250060303,31.141906813989],[-102.17325066391034,31.141537499142906],[-102.16586169730495,31.13620545663547],[-102.18131250459614,31.136348704194464],[-102.18161121059778,31.12180499553728],[-102.19191667635067,31.129232613362497],[-102.19192644013951,31.1292396493551],[-102.19193295023038,31.12924434078551]]]}},{"type":"Feature","properties":{"ABSTRACT_L":"BR--S8","ABSTRACT_N":"BR--S8","LEVEL1_SUR":null,"LEVEL2_BLO":"R","LEVEL3_SUR":"8","Surv_Sect":"8","SHAPE_AREA":1767.0662649633282,"owner_count":106.0,"top_owner":"COOPER SHERYL","top_owner_state":"NM","top_operator":"XOG OPERATING LLC","max_propensity_score":8.0,"field_name":"Unknown","production_trend":null},"geometry":{"type":"MultiPolygon","coordinates":[[[[-102.19885969679115,31.13861717011914],[-102.1986408878492,31.138840570130746],[-102.19867187972648,31.138863906498354],[-102.19919962558286,31.139225360733118],[-102.20019602611623,31.138225726936454],[-102.20045633363105,31.137964506851386],[-102.20051349073763,31.137907149164043],[-102.20061460600434,31.13780567861063],[-102.20010964771176,31.13743671532415],[-102.20145180261147,31.136077379366462],[-102.20196264397083,31.13644258185671],[-102.20387334980036,31.137815284371342],[-102.2037712966925,31.137931596808],[-102.20370910273212,31.13799505254685],[-102.20342553334301,31.138284374624526],[-102.2031668832199,31.13854827031884],[-102.20293853147466,31.138781250013523],[-102.20267381502842,31.139051329207145],[-102.20252567026166,31.139202458871758],[-102.20252444765455,31.139203715221928],[-102.20252363288259,31.139204553301255],[-102.20242081980001,31.139312683927997],[-102.20217126332253,31.139566213065688],[-102.20177494278884,31.139968951625118],[-102.20133298604209,31.140415628653823],[-102.20121140894985,31.140538654743803],[-102.20113060549006,31.140637329842537],[-102.20163105423988,31.140918809112488],[-102.20179410205722,31.140974914033727],[-102.20131339648069,31.141445494089695],[-102.19985450820478,31.141889453168762],[-102.19945114398095,31.14203195557716],[-102.19755020912676,31.142611058594568],[-102.19458256978844,31.14350623626728],[-102.18768503194913,31.14551971604139],[-102.18133418094395,31.147366855670192],[-102.18096039015758,31.147099917710555],[-102.18468643217454,31.143311393765547],[-102.1924259294886,31.135441438575608],[-102.19280298654935,31.135057970530703],[-102.19309359154376,31.134762435764316],[-102.19327426790024,31.134578669241275],[-102.1957859807908,31.132024108228855],[-102.19623362746657,31.132344179811593],[-102.19696506451699,31.132867155408853],[-102.19869211787152,31.134101953719675],[-102.19892492346392,31.134268194401955],[-102.20075151733846,31.135574300858714],[-102.20079991676936,31.135608898707094],[-102.20141384429914,31.136047797261202],[-102.19967480202881,31.137815479669733],[-102.19936191971368,31.138121547928332],[-102.19885969679115,31.13861717011914]],[[-102.2008517351882,31.138696569753332],[-102.20033847376746,31.139198444548413],[-102.20004628234825,31.139484151535555],[-102.19986675673366,31.139667618687504],[-102.20016722073832,31.139855963226644],[-102.20033004397685,31.13968957548766],[-102.20155325205144,31.138493497210057],[-102.20126664545836,31.138283479639338],[-102.2008517351882,31.138696569753332]]],[[[-102.23273358691702,31.15928907781524],[-102.23339233319297,31.15979782582187],[-102.2412898890813,31.165449377554996],[-102.243108328948,31.166750508611507],[-102.24632040167175,31.16904866974776],[-102.24986189289841,31.171575049436758],[-102.25128978390715,31.17261868106308],[-102.24404783198788,31.179949679789814],[-102.24134431710604,31.182695913575888],[-102.23664318618755,31.18747079080691],[-102.2263892864269,31.18002853909317],[-102.2189116165771,31.17460006385693],[-102.21813710171554,31.17403773494702],[-102.22587915832987,31.16621578568239],[-102.23273358691702,31.15928907781524]]],[[[-102.1966871976333,31.14484792017237],[-102.19323362901508,31.145499564264284],[-102.18913572219977,31.146215299927487],[-102.18534692657201,31.146949201955618],[-102.18168120732473,31.147614867805473],[-102.18147748918122,31.147469196283385],[-102.18183910060894,31.147373876478877],[-102.18354309510845,31.146875433903812],[-102.18603329334799,31.14618200218518],[-102.18923973722818,31.145247582502076],[-102.19227436842881,31.144341621396265],[-102.19493917221013,31.14356044983711],[-102.19584179401774,31.14329583537974],[-102.19905365743404,31.142360584568074],[-102.20094418979723,31.141806921569714],[-102.1980802744332,31.144610346209305],[-102.19681065220448,31.144824623719146],[-102.1966871976333,31.14484792017237]]],[[[-102.1893878784017,31.153117665561982],[-102.18874910257284,31.152661584804214],[-102.18415952444632,31.149384448784314],[-102.18399813222405,31.149269202112432],[-102.18333224703655,31.14938533290155],[-102.18138624909444,31.147943419785335],[-102.18129194126097,31.147873539609748],[-102.18189799865054,31.14776949190451],[-102.19674578575614,31.1452115773645],[-102.19447953212703,31.147440750962616],[-102.19534237294059,31.14729018951246],[-102.19525526510411,31.147375446396822],[-102.1893878784017,31.153117665561982]]]]}},{"type":"Feature","properties":{"ABSTRACT_L":"BW--S1","ABSTRACT_N":"BW--S1","LEVEL1_SUR":null,"LEVEL2_BLO":"W","LEVEL3_SUR":"1","Surv_Sect":"1","SHAPE_AREA":638.2197602854909,"owner_count":0.0,"top_owner":"","top_owner_state":"","top_operator":"","max_propensity_score":0.0,"field_name":"Unknown","production_trend":null},"geometry":{"type":"Polygon","coordinates":[[[-102.06511770611273,31.103129831980308],[-102.08210675795372,31.103276060782655],[-102.08181136673548,31.117582674723707],[-102.07401133285272,31.11758726752231],[-102.07021609899934,31.117589332435887],[-102.0648495104914,31.11759206181322],[-102.06511770611273,31.103129831980308]]]}},{"type":"Feature","properties":{"ABSTRACT_L":"BW--S2","ABSTRACT_N":"BW--S2","LEVEL1_SUR":null,"LEVEL2_BLO":"W","LEVEL3_SUR":"2","Surv_Sect":"2","SHAPE_AREA":638.7065877934014,"owner_count":0.0,"top_owner":"","top_owner_state":"","top_operator":"","max_propensity_score":0.0,"field_name":"Unknown","production_trend":null},"geometry":{"type":"Polygon","coordinates":[[[-102.04803051422526,31.11760658926679],[-102.04830203540976,31.103006849685027],[-102.06511770611273,31.103129831980308],[-102.0648495104914,31.11759206181322],[-102.04803051422526,31.11760658926679]]]}},{"type":"Feature","properties":{"ABSTRACT_L":"BW--S3","ABSTRACT_N":"BW--S3","LEVEL1_SUR":null,"LEVEL2_BLO":"W","LEVEL3_SUR":"3","Surv_Sect":"3","SHAPE_AREA":641.6864061742264,"owner_count":0.0,"top_owner":"","top_owner_state":"","top_operator":"","max_propensity_score":0.0,"field_name":"Unknown","production_trend":null},"geometry":{"type":"Polygon","coordinates":[[[-102.04830203540976,31.103006849685027],[-102.04822694793012,31.08860234998332],[-102.06532397008175,31.08857913434393],[-102.06511770611273,31.103129831980308],[-102.04830203540976,31.103006849685027]]]}},{"type":"Feature","properties":{"ABSTRACT_L":"BW--S4","ABSTRACT_N":"BW--S4","LEVEL1_SUR":null,"LEVEL2_BLO":"W","LEVEL3_SUR":"4","Surv_Sect":"4","SHAPE_AREA":227.05758458051858,"owner_count":0.0,"top_owner":"","top_owner_state":"","top_operator":"","max_propensity_score":0.0,"field_name":"Unknown","production_trend":null},"geometry":{"type":"Polygon","coordinates":[[[-102.04822694793012,31.08860234998332],[-102.04829382211312,31.08340670188266],[-102.06539105177559,31.08361510681178],[-102.06532397008175,31.08857913434393],[-102.04822694793012,31.08860234998332]]]}},{"type":"Feature","properties":{"ABSTRACT_L":"A-117","ABSTRACT_N":"117","LEVEL1_SUR":"DEWITT","LEVEL2_BLO":"X","LEVEL3_SUR":"1","Surv_Sect":"1","SHAPE_AREA":2287.852187826629,"owner_count":251.0,"top_owner":"COONROD JESSIE NEAL ESTATE","top_owner_state":"TX","top_operator":"PIONEER NAT RES USA","max_propensity_score":7.0,"field_name":"Unknown","production_trend":null},"geometry":{"type":"MultiPolygon","coordinates":[[[[-102.24027720478678,31.32715803683681],[-102.24485062222134,31.341141085142155],[-102.2283554677168,31.344866577757703],[-102.22378027880451,31.33073225069219],[-102.23062875964617,31.32931572956124],[-102.24027720478678,31.32715803683681]]],[[[-101.83550002894003,31.458883443080502],[-101.83551237269035,31.45865414993594],[-101.83596095810556,31.454578957035736],[-101.83615342664676,31.453245540941243],[-101.83616885790671,31.453172989335172],[-101.83619798667812,31.453036025850082],[-101.83620851403494,31.45284708767051],[-101.83620025582253,31.452597000006556],[-101.83618658256559,31.452502919433385],[-101.84034135094177,31.451556394701612],[-101.84474315242781,31.46429659971999],[-101.84563276303685,31.466871032672543],[-101.84749071080974,31.472247307781267],[-101.8498875174974,31.479182037843216],[-101.84986496798712,31.479216567954943],[-101.84979508265128,31.479253188000982],[-101.84938174892443,31.479383585126765],[-101.84861363186434,31.47958958995204],[-101.84714110446745,31.479930254062904],[-101.84530804631612,31.480335670088557],[-101.84364289137625,31.480716893296297],[-101.84250151982401,31.4810058005188],[-101.84245617466512,31.481004681253637],[-101.84241462668491,31.48098700053944],[-101.84235429762705,31.480949427382793],[-101.84230720075332,31.480903852337782],[-101.84225807997528,31.480822145090265],[-101.84202960336425,31.480013239183624],[-101.84137061094991,31.47804480242225],[-101.84090044889987,31.476504709530772],[-101.8405703144397,31.475481027331575],[-101.8401657419818,31.474179252897294],[-101.83943378211191,31.471912853090206],[-101.83887433021758,31.470150666136025],[-101.83846293595343,31.46891555463852],[-101.83835893080648,31.468584500684088],[-101.83776198233386,31.466684330628773],[-101.83715923074452,31.464772620156005],[-101.83668695765357,31.463274683516236],[-101.83618095372202,31.461727976971005],[-101.8357644651119,31.460426328511296],[-101.8356183397579,31.460027561735426],[-101.83556625004782,31.459819428838664],[-101.83552457899843,31.45960715072281],[-101.83550608538167,31.4593932460962],[-101.83549929411814,31.459134279467218],[-101.83550002894003,31.458883443080502]]],[[[-101.82390973248064,31.470263341104012],[-101.82306288886568,31.467608649561637],[-101.82194035857823,31.464031761972965],[-101.82132999286853,31.46208675971363],[-101.82013065931923,31.458205178800597],[-101.81955440264088,31.45631743817718],[-101.81955605015112,31.456317045832932],[-101.82904397084202,31.454060261540402],[-101.8359670558697,31.4525529269543],[-101.83596960079693,31.45258957045868],[-101.83598071116036,31.452791311403466],[-101.8359658323643,31.453005548366793],[-101.83596023586009,31.453220218578743],[-101.83576673066304,31.454560805412516],[-101.83531786946503,31.458638416710656],[-101.8353046732135,31.458879369555504],[-101.8353039204253,31.459135950711353],[-101.8353108796738,31.459401321838076],[-101.83533041353965,31.459627277578964],[-101.83537431241095,31.45985090255246],[-101.83542922283101,31.46007031022686],[-101.83557699839018,31.4604735855141],[-101.8359926866014,31.461772733800718],[-101.83649858812501,31.4633191384743],[-101.83757334151409,31.466727948030503],[-101.83827464996818,31.46896031569435],[-101.83868611070767,31.47019563883415],[-101.83924535419284,31.471957176762434],[-101.83997716943401,31.474223143387274],[-101.84038172931547,31.475524887331563],[-101.84071174699466,31.476548212799766],[-101.84137068640838,31.47865305258943],[-101.84139123716714,31.478851746475783],[-101.84139121470925,31.478933352784814],[-101.84137874519479,31.47906128271225],[-101.8413585025582,31.47917736303875],[-101.84132348263516,31.47932805143499],[-101.84127533024098,31.479464426396337],[-101.84114620460541,31.47982195140199],[-101.84099212916115,31.48013129180898],[-101.84069708918416,31.480595763225608],[-101.84035268947729,31.480997325972744],[-101.84005555013749,31.48128821880832],[-101.83960447638894,31.481613319741],[-101.83942018072018,31.481702932342024],[-101.83928288131384,31.481766404371267],[-101.83629226396889,31.482431660690125],[-101.83173617413783,31.48354683730879],[-101.83172919871966,31.483548544122645],[-101.82832741348598,31.48438223546268],[-101.82617651611578,31.477509407476578],[-101.8239412381943,31.47036210129915],[-101.82390973248064,31.470263341104012]]],[[[-101.84008590690588,31.48146180841224],[-101.84047420458576,31.4811379158497],[-101.84075621000795,31.480821363671584],[-101.84109914725758,31.480334477269658],[-101.84126366741364,31.480038550469633],[-101.8414137094223,31.479689869453864],[-101.84147459094405,31.479496642758964],[-101.84155835704765,31.47921855294571],[-101.84166557277344,31.479533125562217],[-101.84184063825265,31.480056050562695],[-101.84198446481784,31.48056525794019],[-101.84203315260793,31.480827586675343],[-101.84205398364105,31.480982265303606],[-101.84205179893827,31.481047219449316],[-101.84204404917232,31.481084177392702],[-101.84202818941598,31.481104216893335],[-101.8419950775146,31.48112613025631],[-101.83995555057838,31.481620673441267],[-101.83991364506868,31.481615900699072],[-101.8399078383587,31.481587893967337],[-101.83993238482384,31.48156607187736],[-101.84008590690588,31.48146180841224]]]]}},{"type":"Feature","properties":{"ABSTRACT_L":"BX--S2","ABSTRACT_N":"BX--S2","LEVEL1_SUR":null,"LEVEL2_BLO":"X","LEVEL3_SUR":"2","Surv_Sect":"2","SHAPE_AREA":643.1073787189241,"owner_count":0.0,"top_owner":"","top_owner_state":"","top_operator":"","max_propensity_score":0.0,"field_name":"Unknown","production_trend":null},"geometry":{"type":"Polygon","coordinates":[[[-102.24027720478678,31.32715803683681],[-102.24745252955972,31.325531542443702],[-102.25664692573156,31.32346999582604],[-102.2612338780825,31.33754263577956],[-102.25042658736075,31.339933845858422],[-102.24485062222134,31.341141085142155],[-102.24027720478678,31.32715803683681]]]}},{"type":"Feature","properties":{"ABSTRACT_L":"BX--S4","ABSTRACT_N":"BX--S4","LEVEL1_SUR":null,"LEVEL2_BLO":"X","LEVEL3_SUR":"4","Surv_Sect":"4","SHAPE_AREA":1289.1550036361702,"owner_count":0.0,"top_owner":"","top_owner_state":"","top_operator":"","max_propensity_score":0.0,"field_name":"Unknown","production_trend":null},"geometry":{"type":"Polygon","coordinates":[[[-102.28085115520476,31.318078402187336],[-102.28942528982572,31.316148885098773],[-102.29393145758148,31.330186393180853],[-102.27748816730988,31.3338927526913],[-102.26958120156895,31.335649111109706],[-102.2612338780825,31.33754263577956],[-102.25664692573156,31.32346999582604],[-102.26403923945968,31.321751924227737],[-102.27294182958956,31.319772530789496],[-102.28085115520476,31.318078402187336]]]}},{"type":"Feature","properties":{"ABSTRACT_L":"A-151","ABSTRACT_N":"151","LEVEL1_SUR":"BLK X SEC 5 A-151","LEVEL2_BLO":"X","LEVEL3_SUR":"5","Surv_Sect":"5","SHAPE_AREA":638.8218245924238,"owner_count":1.0,"top_owner":"WG OIL LLC","top_owner_state":"TX","top_operator":"WG OIL LLC","max_propensity_score":2.0,"field_name":"Unknown","production_trend":null},"geometry":{"type":"Polygon","coordinates":[[[-102.28942528982572,31.316148885098773],[-102.29728977872844,31.314444169488382],[-102.30571871595511,31.312586545247356],[-102.31031478979945,31.326542846322045],[-102.30850839903565,31.32694469121708],[-102.30842655622506,31.326962897453193],[-102.30811545257417,31.327032101223054],[-102.29393145758148,31.330186393180853],[-102.28942528982572,31.316148885098773]]]}},{"type":"Feature","properties":{"ABSTRACT_L":"BX--S6","ABSTRACT_N":"BX--S6","LEVEL1_SUR":null,"LEVEL2_BLO":"X","LEVEL3_SUR":"6","Surv_Sect":"6","SHAPE_AREA":136.99308871852642,"owner_count":0.0,"top_owner":"","top_owner_state":"","top_operator":"","max_propensity_score":0.0,"field_name":"Unknown","production_trend":null},"geometry":{"type":"Polygon","coordinates":[[[-102.30571871595511,31.312586545247356],[-102.31123163373461,31.311286275583743],[-102.31178493666083,31.326228449599242],[-102.31031478979945,31.326542846322045],[-102.30571871595511,31.312586545247356]]]}},{"type":"Feature","properties":{"ABSTRACT_L":"A-184","ABSTRACT_N":"184","LEVEL1_SUR":"A-839","LEVEL2_BLO":"Y","LEVEL3_SUR":"1","Surv_Sect":"1","SHAPE_AREA":321.3906467950582,"owner_count":860.0,"top_owner":"VENNING CHARLES G LIFE ESTATE","top_owner_state":"NC","top_operator":"PIONEER NAT RES USA","max_propensity_score":9.0,"field_name":"Unknown","production_trend":null},"geometry":{"type":"Polygon","coordinates":[[[-101.77536582286078,31.39141116974438],[-101.77750311973757,31.390875206905697],[-101.7810744547946,31.390014882355405],[-101.78146503329698,31.389918318836198],[-101.78189398962493,31.391305155730468],[-101.78357002495954,31.396681807855693],[-101.78561212197579,31.403320843175273],[-101.78577334441646,31.403888164598886],[-101.78414123130936,31.40427385993543],[-101.78037718965757,31.405126978564542],[-101.7753592822272,31.40623154507724],[-101.77536582286078,31.39141116974438]]]}},{"type":"Feature","properties":{"ABSTRACT_L":"A-803","ABSTRACT_N":"803","LEVEL1_SUR":"GC&SF","LEVEL2_BLO":"Y","LEVEL3_SUR":"10","Surv_Sect":"10","SHAPE_AREA":622.7219250725122,"owner_count":1775.0,"top_owner":"BROADMOOR LAND & MINERALS LLC","top_owner_state":"MS","top_operator":"PIONEER NATURAL RES","max_propensity_score":10.0,"field_name":"Unknown","production_trend":null},"geometry":{"type":"Polygon","coordinates":[[[-101.9038747919376,31.385191361643074],[-101.90121129340838,31.376566118228435],[-101.90119551539874,31.37651563762596],[-101.90897078542406,31.374818289426138],[-101.91698216953698,31.37314749552363],[-101.9192178660734,31.380015093220297],[-101.92149581486917,31.387011553530474],[-101.90956789289848,31.389808573989242],[-101.90549912204106,31.390762376673624],[-101.9038747919376,31.385191361643074]]]}},{"type":"Feature","properties":{"ABSTRACT_L":"A-189","ABSTRACT_N":"189","LEVEL1_SUR":"GC&SF","LEVEL2_BLO":"Y","LEVEL3_SUR":"11","Surv_Sect":"11","SHAPE_AREA":634.4588581872629,"owner_count":1154.0,"top_owner":"BROADMOOR LAND & MINERALS LLC","top_owner_state":"MS","top_operator":"CRESCENT ENERGY OP","max_propensity_score":9.0,"field_name":"Unknown","production_trend":null},"geometry":{"type":"Polygon","coordinates":[[[-101.93429742211552,31.37240141339156],[-101.93541447178144,31.376096680557787],[-101.93757440440677,31.383239164280308],[-101.93562121634913,31.383697551406907],[-101.93350587160292,31.384193954717826],[-101.9317053037188,31.384616457786613],[-101.92934871191146,31.38516938749919],[-101.92646587173934,31.385845721593697],[-101.92149581486917,31.387011553530474],[-101.9192178660734,31.380015093220297],[-101.91698216953698,31.37314749552363],[-101.93322883925414,31.36916527733982],[-101.93429742211552,31.37240141339156]]]}},{"type":"Feature","properties":{"ABSTRACT_L":"A-559","ABSTRACT_N":"559","LEVEL1_SUR":"GC&SF","LEVEL2_BLO":"Y","LEVEL3_SUR":"12","Surv_Sect":"12","SHAPE_AREA":654.6040816876408,"owner_count":1.0,"top_owner":"PIONEER NAT RES USA WI","top_owner_state":"TX","top_operator":"PIONEER NATURAL RES","max_propensity_score":2.0,"field_name":"Unknown","production_trend":null},"geometry":{"type":"Polygon","coordinates":[[[-101.94147529361231,31.36714398999731],[-101.94959330146123,31.36515924173405],[-101.951811692852,31.372142063073348],[-101.95431747326846,31.37946085240023],[-101.9407506936395,31.382505033142348],[-101.94052951134856,31.382555489053203],[-101.93902798184273,31.382898005992956],[-101.93757440440677,31.383239164280308],[-101.93541447178144,31.376096680557787],[-101.93429742211552,31.37240141339156],[-101.93322883925414,31.36916527733982],[-101.93708026991506,31.368238716865353],[-101.9412541490506,31.367199545673436],[-101.94133624608442,31.36717933531534],[-101.94145311780119,31.367614210269753],[-101.94147529361231,31.36714398999731]]]}},{"type":"Feature","properties":{"ABSTRACT_L":"BY--S13","ABSTRACT_N":"BY--S13","LEVEL1_SUR":null,"LEVEL2_BLO":"Y","LEVEL3_SUR":"13","Surv_Sect":"13","SHAPE_AREA":650.648318356586,"owner_count":0.0,"top_owner":"","top_owner_state":"","top_operator":"","max_propensity_score":0.0,"field_name":"Unknown","production_trend":null},"geometry":{"type":"Polygon","coordinates":[[[-101.951811692852,31.372142063073348],[-101.94959330146123,31.36515924173405],[-101.9658367677861,31.361263533221784],[-101.97042452682416,31.375149081672443],[-101.97049673071174,31.375368846321287],[-101.95431747326846,31.37946085240023],[-101.951811692852,31.372142063073348]]]}},{"type":"Feature","properties":{"ABSTRACT_L":"A-557","ABSTRACT_N":"557","LEVEL1_SUR":"GC&SF RR/SHAW M","LEVEL2_BLO":"Y","LEVEL3_SUR":"14","Surv_Sect":"14","SHAPE_AREA":645.2909349739481,"owner_count":65.0,"top_owner":"FLOYD ARDEN SUE FAMILY TRUST","top_owner_state":"OK","top_operator":"COG OPERATING LLC","max_propensity_score":7.0,"field_name":"Unknown","production_trend":null},"geometry":{"type":"Polygon","coordinates":[[[-101.98224655988074,31.35735549619944],[-101.98668387176997,31.371442941192054],[-101.97049673071174,31.375368846321287],[-101.97042452682416,31.375149081672443],[-101.9658367677861,31.361263533221784],[-101.98224655988074,31.35735549619944]]]}},{"type":"Feature","properties":{"ABSTRACT_L":"A-191","ABSTRACT_N":"191","LEVEL1_SUR":"GC&SFRR","LEVEL2_BLO":"Y","LEVEL3_SUR":"15","Surv_Sect":"15","SHAPE_AREA":650.4250465585104,"owner_count":119.0,"top_owner":"E G ENERGY LLC","top_owner_state":"KS","top_operator":"COG OPERATING LLC","max_propensity_score":9.0,"field_name":"Unknown","production_trend":null},"geometry":{"type":"Polygon","coordinates":[[[-101.99862160064862,31.353368444145733],[-102.00041992903274,31.358950441512366],[-102.00304436881339,31.36758654991276],[-102.00014339524895,31.368277665983445],[-101.98668387176997,31.371442941192054],[-101.98224655988074,31.35735549619944],[-101.99862160064862,31.353368444145733]]]}},{"type":"Feature","properties":{"ABSTRACT_L":"BY--S16","ABSTRACT_N":"BY--S16","LEVEL1_SUR":null,"LEVEL2_BLO":"Y","LEVEL3_SUR":"16","Surv_Sect":"16","SHAPE_AREA":651.5475278885226,"owner_count":137.0,"top_owner":"INFINITY RESOURCES CO LLC","top_owner_state":"OK","top_operator":"COG OPERATING LLC","max_propensity_score":8.0,"field_name":"Unknown","production_trend":null},"geometry":{"type":"Polygon","coordinates":[[[-102.00041992903274,31.358950441512366],[-101.99862160064862,31.353368444145733],[-102.000419966762,31.352943133988454],[-102.0147989240191,31.349542113219673],[-102.01964181807259,31.36370239872183],[-102.00304436881339,31.36758654991276],[-102.00041992903274,31.358950441512366]]]}},{"type":"Feature","properties":{"ABSTRACT_L":"A-192","ABSTRACT_N":"192","LEVEL1_SUR":"GC&SF RR","LEVEL2_BLO":"Y","LEVEL3_SUR":"17","Surv_Sect":"17","SHAPE_AREA":658.2754683367639,"owner_count":737.0,"top_owner":"SMISER GCHILDRENS TRUST","top_owner_state":"SC","top_operator":"COG OPERATING LLC","max_propensity_score":9.0,"field_name":"Unknown","production_trend":null},"geometry":{"type":"Polygon","coordinates":[[[-102.0147989240191,31.349542113219673],[-102.0314167803066,31.345609231917663],[-102.03600906954865,31.359841035929424],[-102.01964181807259,31.36370239872183],[-102.0147989240191,31.349542113219673]]]}},{"type":"Feature","properties":{"ABSTRACT_L":"A-584","ABSTRACT_N":"584","LEVEL1_SUR":"GC&SF","LEVEL2_BLO":"Y","LEVEL3_SUR":"18","Surv_Sect":"18","SHAPE_AREA":653.6692731974482,"owner_count":116.0,"top_owner":"DOORNBOS MINERAL PARTNERS LLC","top_owner_state":"OK","top_operator":"COG OPERATING LLC","max_propensity_score":8.0,"field_name":"Unknown","production_trend":null},"geometry":{"type":"Polygon","coordinates":[[[-102.04784733875567,31.34186273581065],[-102.05250259001767,31.355947472816055],[-102.03600906954865,31.359841035929424],[-102.0314167803066,31.345609231917663],[-102.04784733875567,31.34186273581065]]]}},{"type":"Feature","properties":{"ABSTRACT_L":"A-193","ABSTRACT_N":"193","LEVEL1_SUR":"GCSFRR","LEVEL2_BLO":"Y","LEVEL3_SUR":"19","Surv_Sect":"19","SHAPE_AREA":650.5775411780784,"owner_count":144.0,"top_owner":"HALFF LAWRENCE A LIVING TRUST","top_owner_state":"TX","top_operator":"SUMMIT PETROLEUM LLC","max_propensity_score":4.0,"field_name":"Unknown","production_trend":null},"geometry":{"type":"Polygon","coordinates":[[[-102.06433222731313,31.337948889982],[-102.06882649867958,31.35213246407288],[-102.05986898016334,31.35422618994327],[-102.05250259001767,31.355947472816055],[-102.04784733875567,31.34186273581065],[-102.05403859147422,31.340393094051336],[-102.06433222731313,31.337948889982]]]}},{"type":"Feature","properties":{"ABSTRACT_L":"A-725","ABSTRACT_N":"725","LEVEL1_SUR":"GC&SF","LEVEL2_BLO":"Y","LEVEL3_SUR":"2","Surv_Sect":"2","SHAPE_AREA":1249.6669742275524,"owner_count":404.0,"top_owner":"PINSKI GEORGE LIFE ESTATE","top_owner_state":"NV","top_operator":"PIONEER NATURAL RES","max_propensity_score":10.0,"field_name":"Unknown","production_trend":null},"geometry":{"type":"MultiPolygon","coordinates":[[[[-101.78357002495954,31.396681807855693],[-101.78189398962493,31.391305155730468],[-101.78146503329698,31.389918318836198],[-101.78705312479441,31.388536611633437],[-101.79446732238118,31.38677018973928],[-101.79819430673085,31.385925040801975],[-101.79840946132624,31.386649944341652],[-101.80037051233755,31.3927893111276],[-101.80205257985929,31.398079827920608],[-101.80263772267244,31.39992598161148],[-101.80186597192701,31.400108174715637],[-101.79737999290894,31.401147084617506],[-101.79441482393767,31.40186121521847],[-101.79411125894865,31.40193116204577],[-101.7910912262697,31.40264005830732],[-101.78752998558151,31.403473013773638],[-101.78577334441646,31.403888164598886],[-101.78561212197579,31.403320843175273],[-101.78357002495954,31.396681807855693]]],[[[-101.85070181694624,31.402848243045458],[-101.84699878707194,31.403648602299125],[-101.8420441830213,31.40471928036287],[-101.83947865385868,31.405276150680443],[-101.83901989681947,31.4037898526441],[-101.837398270645,31.398646323775324],[-101.83564353390834,31.393067118410382],[-101.8354188589676,31.3923315312233],[-101.83546133311084,31.392321783402345],[-101.84168930716157,31.390917046031042],[-101.84374686508218,31.39045288075998],[-101.84667217221106,31.38979289285703],[-101.85160922228272,31.388678853249345],[-101.85590825200869,31.401722733749214],[-101.85070181694624,31.402848243045458]]]]}},{"type":"Feature","properties":{"ABSTRACT_L":"A-641","ABSTRACT_N":"641","LEVEL1_SUR":"BLK Y SEC 20 A-641","LEVEL2_BLO":"Y","LEVEL3_SUR":"20","Surv_Sect":"20","SHAPE_AREA":988.3125749096604,"owner_count":97.0,"top_owner":"STONEWALL OIL & GAS LLC","top_owner_state":"OK","top_operator":"SUMMIT PETROLEUM","max_propensity_score":8.0,"field_name":"Unknown","production_trend":null},"geometry":{"type":"Polygon","coordinates":[[[-102.06433222731313,31.337948889982],[-102.088809545531,31.33132297781555],[-102.09312355017278,31.345377530586646],[-102.0854173785591,31.34795354932359],[-102.06890370887827,31.352115024485006],[-102.06882649867958,31.35213246407288],[-102.06433222731313,31.337948889982]]]}},{"type":"Feature","properties":{"ABSTRACT_L":"A-173","ABSTRACT_N":"173","LEVEL1_SUR":"GC&SF","LEVEL2_BLO":"Y","LEVEL3_SUR":"21","Surv_Sect":"21","SHAPE_AREA":649.4447630511901,"owner_count":1.0,"top_owner":"EOG RESOURCES INC","top_owner_state":"TX","top_operator":"EOG RESOURCES, INC.","max_propensity_score":1.0,"field_name":"Unknown","production_trend":null},"geometry":{"type":"Polygon","coordinates":[[[-102.08557034368569,31.320844010342174],[-102.088809545531,31.33132297781555],[-102.06433222731313,31.337948889982],[-102.06822905523526,31.324444770287183],[-102.08557034368569,31.320844010342174]]]}},{"type":"Feature","properties":{"ABSTRACT_L":"A-704","ABSTRACT_N":"704","LEVEL1_SUR":"A 704 GC&SF RR","LEVEL2_BLO":"Y","LEVEL3_SUR":"22","Surv_Sect":"22","SHAPE_AREA":702.0527126209868,"owner_count":51.0,"top_owner":"COWDEN JENNIFER","top_owner_state":"WY","top_operator":"EOG RESOURCES, INC.","max_propensity_score":6.0,"field_name":"Unknown","production_trend":null},"geometry":{"type":"Polygon","coordinates":[[[-102.06822905523526,31.324444770287183],[-102.06362382037166,31.309951230550574],[-102.06717800299664,31.309123671371555],[-102.06910378255665,31.308702075496534],[-102.0807555444427,31.306039190880117],[-102.08126432776174,31.3076842557189],[-102.08273607901423,31.3126311583194],[-102.08343560790574,31.3145661979434],[-102.08557034368569,31.320844010342174],[-102.06822905523526,31.324444770287183]]]}},{"type":"Feature","properties":{"ABSTRACT_L":"A-172","ABSTRACT_N":"172","LEVEL1_SUR":"GC&SF","LEVEL2_BLO":"Y","LEVEL3_SUR":"23","Surv_Sect":"23","SHAPE_AREA":663.8512514448802,"owner_count":50.0,"top_owner":"COWDEN JENNIFER","top_owner_state":"WY","top_operator":"COG OPERATING LLC","max_propensity_score":6.0,"field_name":"Unknown","production_trend":null},"geometry":{"type":"Polygon","coordinates":[[[-102.04715973410123,31.313507866516847],[-102.06362382037166,31.309951230550574],[-102.06822905523526,31.324444770287183],[-102.05134428162907,31.327740895759035],[-102.04715973410123,31.313507866516847]]]}},{"type":"Feature","properties":{"ABSTRACT_L":"A-585","ABSTRACT_N":"585","LEVEL1_SUR":"GC&SF","LEVEL2_BLO":"Y","LEVEL3_SUR":"24","Surv_Sect":"24","SHAPE_AREA":566.1865967521178,"owner_count":49.0,"top_owner":"COWDEN JENNIFER","top_owner_state":"WY","top_operator":"COG OPERATING LLC","max_propensity_score":6.0,"field_name":"Unknown","production_trend":null},"geometry":{"type":"Polygon","coordinates":[[[-102.05045674882332,31.331325524544546],[-102.05134428162907,31.327740895759035],[-102.06822905523526,31.324444770287183],[-102.06433222731313,31.337948889982],[-102.05403859147422,31.340393094051336],[-102.04784733875567,31.34186273581065],[-102.0497527005076,31.334168850381513],[-102.05045674882332,31.331325524544546]]]}},{"type":"Feature","properties":{"ABSTRACT_L":"BY--S25","ABSTRACT_N":"BY--S25","LEVEL1_SUR":null,"LEVEL2_BLO":"Y","LEVEL3_SUR":"25","Surv_Sect":"25","SHAPE_AREA":585.382908603539,"owner_count":24.0,"top_owner":"COG OPERATING LLC WI","top_owner_state":"TX","top_operator":"COG OPERATING LLC","max_propensity_score":3.0,"field_name":"Unknown","production_trend":null},"geometry":{"type":"Polygon","coordinates":[[[-102.05134428162907,31.327740895759035],[-102.05045674882332,31.331325524544546],[-102.0497527005076,31.334168850381513],[-102.04784733875567,31.34186273581065],[-102.0314167803066,31.345609231917663],[-102.03481686502944,31.331014053475997],[-102.04903917855887,31.32819754921511],[-102.05134428162907,31.327740895759035]]]}},{"type":"Feature","properties":{"ABSTRACT_L":"A-586","ABSTRACT_N":"586","LEVEL1_SUR":"TCRR","LEVEL2_BLO":"Y","LEVEL3_SUR":"26","Surv_Sect":"26","SHAPE_AREA":758.3305946275972,"owner_count":83.0,"top_owner":"BUSBY ROYALTY COMPANY LLC","top_owner_state":"OK","top_operator":"PIONEER NATURAL RES","max_propensity_score":7.0,"field_name":"Unknown","production_trend":null},"geometry":{"type":"Polygon","coordinates":[[[-102.01024846303163,31.33614262157646],[-102.01996587363324,31.334114786762118],[-102.03481686502944,31.331014053475997],[-102.0314167803066,31.345609231917663],[-102.0147989240191,31.349542113219673],[-102.01024846303163,31.33614262157646]]]}},{"type":"Feature","properties":{"ABSTRACT_L":"A-372","ABSTRACT_N":"372","LEVEL1_SUR":"TC RR","LEVEL2_BLO":"Y","LEVEL3_SUR":"27","Surv_Sect":"27","SHAPE_AREA":610.8723239746874,"owner_count":67.0,"top_owner":"DOORNBOS MINERAL PARTNERS LLC","top_owner_state":"OK","top_operator":"COG OPERATING LLC","max_propensity_score":8.0,"field_name":"Unknown","production_trend":null},"geometry":{"type":"Polygon","coordinates":[[[-101.99431318622288,31.339588530699622],[-102.01024846303163,31.33614262157646],[-102.0147989240191,31.349542113219673],[-102.000419966762,31.352943133988454],[-101.99862160064862,31.353368444145733],[-101.99431318622288,31.339588530699622]]]}},{"type":"Feature","properties":{"ABSTRACT_L":"A-1521","ABSTRACT_N":"1521","LEVEL1_SUR":"TCRR","LEVEL2_BLO":"Y","LEVEL3_SUR":"28","Surv_Sect":"28","SHAPE_AREA":634.518147676822,"owner_count":101.0,"top_owner":"DOORNBOS MINERAL PARTNERS LLC","top_owner_state":"OK","top_operator":"COG OPERATING LLC","max_propensity_score":8.0,"field_name":"Unknown","production_trend":null},"geometry":{"type":"Polygon","coordinates":[[[-101.97800624673668,31.3433824456425],[-101.99431318622288,31.339588530699622],[-101.99862160064862,31.353368444145733],[-101.98224655988074,31.35735549619944],[-101.97800624673668,31.3433824456425]]]}},{"type":"Feature","properties":{"ABSTRACT_L":"A-373","ABSTRACT_N":"373","LEVEL1_SUR":"BLK Y SEC 29 A-373","LEVEL2_BLO":"Y","LEVEL3_SUR":"29","Surv_Sect":"29","SHAPE_AREA":633.5683622387438,"owner_count":1072.0,"top_owner":"LAZY J BAR CANE LLC","top_owner_state":"NM","top_operator":"COG OPERATING","max_propensity_score":9.0,"field_name":"Unknown","production_trend":null},"geometry":{"type":"Polygon","coordinates":[[[-101.96154515185617,31.347831802742583],[-101.97800624673668,31.3433824456425],[-101.98224655988074,31.35735549619944],[-101.9658367677861,31.361263533221784],[-101.96154515185617,31.347831802742583]]]}},{"type":"Feature","properties":{"ABSTRACT_L":"A-185","ABSTRACT_N":"185","LEVEL1_SUR":"GC&SF","LEVEL2_BLO":"Y","LEVEL3_SUR":"3","Surv_Sect":"3","SHAPE_AREA":632.4575100971534,"owner_count":702.0,"top_owner":"SHURDEN MARGARET LIFE ESTATE","top_owner_state":"OK","top_operator":"PIONEER NATURAL RES","max_propensity_score":10.0,"field_name":"Unknown","production_trend":null},"geometry":{"type":"Polygon","coordinates":[[[-101.80205257985929,31.398079827920608],[-101.80037051233755,31.3927893111276],[-101.79840946132624,31.386649944341652],[-101.79819430673085,31.385925040801975],[-101.80319235510527,31.38479146117381],[-101.80650249960354,31.384040581831492],[-101.81452227128628,31.38222094665511],[-101.8161138128819,31.387449333584616],[-101.81661298782066,31.389106002404354],[-101.81804768446597,31.393867213699057],[-101.81874132849407,31.39615771816224],[-101.81804105130591,31.396318321237494],[-101.81075807512428,31.39801389995274],[-101.80263772267244,31.39992598161148],[-101.80205257985929,31.398079827920608]]]}},{"type":"Feature","properties":{"ABSTRACT_L":"A-558","ABSTRACT_N":"558","LEVEL1_SUR":"BLK Y SEC 30 A-558","LEVEL2_BLO":"Y","LEVEL3_SUR":"30","Surv_Sect":"30","SHAPE_AREA":615.0078690709416,"owner_count":3661.0,"top_owner":"A & G REED ENTERPRISES LLC","top_owner_state":"CA","top_operator":"DIAMONDBACK E&P LLC","max_propensity_score":9.0,"field_name":"Unknown","production_trend":null},"geometry":{"type":"Polygon","coordinates":[[[-101.94959330146123,31.36515924173405],[-101.94523540872797,31.351652197983068],[-101.96154515185617,31.347831802742583],[-101.9658367677861,31.361263533221784],[-101.94959330146123,31.36515924173405]]]}},{"type":"Feature","properties":{"ABSTRACT_L":"BY--S31","ABSTRACT_N":"BY--S31","LEVEL1_SUR":null,"LEVEL2_BLO":"Y","LEVEL3_SUR":"31","Surv_Sect":"31","SHAPE_AREA":615.7288401349609,"owner_count":0.0,"top_owner":"","top_owner_state":"","top_operator":"","max_propensity_score":0.0,"field_name":"Unknown","production_trend":null},"geometry":{"type":"MultiPolygon","coordinates":[[[[-101.94523540872797,31.351652197983068],[-101.94959330146123,31.36515924173405],[-101.94147529361231,31.36714398999731],[-101.94193929681275,31.35730284587368],[-101.94213992654831,31.353022576864586],[-101.94217346065786,31.352373359125234],[-101.94523540872797,31.351652197983068]]],[[[-101.92887433316949,31.355504623364588],[-101.94195224423093,31.352425457564493],[-101.94192180661416,31.35301466380267],[-101.94172115172577,31.357295294479048],[-101.9412541490506,31.367199545673436],[-101.93708026991506,31.368238716865353],[-101.93322883925414,31.36916527733982],[-101.92887433316949,31.355504623364588]]]]}},{"type":"Feature","properties":{"ABSTRACT_L":"A-802","ABSTRACT_N":"802","LEVEL1_SUR":"TC RR CO","LEVEL2_BLO":"Y","LEVEL3_SUR":"32","Surv_Sect":"32","SHAPE_AREA":626.4216712286833,"owner_count":1562.0,"top_owner":"BROADMOOR LAND & MINERALS LLC","top_owner_state":"MS","top_operator":"CRESCENT ENERGY OP","max_propensity_score":9.0,"field_name":"Unknown","production_trend":null},"geometry":{"type":"Polygon","coordinates":[[[-101.9126348975853,31.3592859228354],[-101.91814540248997,31.358012780890387],[-101.92716445739981,31.35590709328429],[-101.92887433316949,31.355504623364588],[-101.93322883925414,31.36916527733982],[-101.91698216953698,31.37314749552363],[-101.9126348975853,31.3592859228354]]]}},{"type":"Feature","properties":{"ABSTRACT_L":"A-375","ABSTRACT_N":"375","LEVEL1_SUR":"TC RR","LEVEL2_BLO":"Y","LEVEL3_SUR":"33","Surv_Sect":"33","SHAPE_AREA":603.7114265486701,"owner_count":1282.0,"top_owner":"OLIVIA ROYALTIES LLC","top_owner_state":"AR","top_operator":"CRESCENT ENERGY OP","max_propensity_score":10.0,"field_name":"Unknown","production_trend":null},"geometry":{"type":"Polygon","coordinates":[[[-101.89690671568722,31.362792016949633],[-101.89690622880035,31.362790459047737],[-101.90464508112404,31.36109635850466],[-101.91072066586828,31.359728119329464],[-101.9126348975853,31.3592859228354],[-101.91698216953698,31.37314749552363],[-101.90897078542406,31.374818289426138],[-101.90119551539874,31.37651563762596],[-101.90004118834348,31.372822287512445],[-101.89690671568722,31.362792016949633]]]}},{"type":"Feature","properties":{"ABSTRACT_L":"BY--S34","ABSTRACT_N":"BY--S34","LEVEL1_SUR":"TC RR","LEVEL2_BLO":"Y","LEVEL3_SUR":"34","Surv_Sect":"34","SHAPE_AREA":636.1925467543474,"owner_count":1.0,"top_owner":"PERMIAN RESOURCES OPERATING","top_owner_state":"TX","top_operator":"PERMIAN RES OPER","max_propensity_score":1.0,"field_name":"Unknown","production_trend":null},"geometry":{"type":"Polygon","coordinates":[[[-101.88847351864949,31.364732489940454],[-101.89662438687151,31.362853872002027],[-101.8987884607303,31.369922049580005],[-101.90093341304997,31.37663149754752],[-101.88474600878537,31.380681371055122],[-101.88248564810453,31.37374820072153],[-101.8821979329904,31.372874752740508],[-101.8811940494907,31.369863939089655],[-101.88017911761135,31.366688686868294],[-101.88336505385193,31.36590958471993],[-101.88847351864949,31.364732489940454]]]}},{"type":"Feature","properties":{"ABSTRACT_L":"A-381","ABSTRACT_N":"381","LEVEL1_SUR":"BLK Y SEC 35 A-381","LEVEL2_BLO":"Y","LEVEL3_SUR":"35","Surv_Sect":"35","SHAPE_AREA":499.7520158163068,"owner_count":776.0,"top_owner":"RSJD LLC","top_owner_state":"NM","top_operator":"CRESCENT ENERGY OP","max_propensity_score":9.0,"field_name":"Unknown","production_trend":null},"geometry":{"type":"Polygon","coordinates":[[[-101.88608223570252,31.3574288184506],[-101.87797620958281,31.3593413565861],[-101.87584475175537,31.35224180031123],[-101.88284917204551,31.350424083317918],[-101.88629101854758,31.34953071998319],[-101.88732390235958,31.349280817958267],[-101.89217692312127,31.348102137891857],[-101.89217735700755,31.348106413393435],[-101.8921949397326,31.34827993276877],[-101.89222612205275,31.348584588619495],[-101.89251190578902,31.349679036783705],[-101.89300725929458,31.351241199794053],[-101.89411472573303,31.354785826739533],[-101.8959238410871,31.360495187364048],[-101.89662438687151,31.362853872002027],[-101.88847351864949,31.364732489940454],[-101.88608223570252,31.3574288184506]]]}},{"type":"Feature","properties":{"ABSTRACT_L":"A-618","ABSTRACT_N":"618","LEVEL1_SUR":"TCRR","LEVEL2_BLO":"Y","LEVEL3_SUR":"36","Surv_Sect":"36","SHAPE_AREA":649.053625480745,"owner_count":52.0,"top_owner":"DAUBE RANCH & MINERALS LP","top_owner_state":"OK","top_operator":"PIONEER NATURAL RES","max_propensity_score":8.0,"field_name":"Unknown","production_trend":null},"geometry":{"type":"Polygon","coordinates":[[[-101.86315820971375,31.367841336760293],[-101.86173426949564,31.36319869673885],[-101.85965199892158,31.356398509887782],[-101.86663965934345,31.35461233471024],[-101.86786677688617,31.35429861402318],[-101.87134013179684,31.353410548526902],[-101.87584475175537,31.35224180031123],[-101.87797620958281,31.3593413565861],[-101.88017911761135,31.366688686868294],[-101.87380085990519,31.368248170350117],[-101.87239302288685,31.36857484231403],[-101.86714596061736,31.369792201964497],[-101.8640153552084,31.37053323725486],[-101.86315820971375,31.367841336760293]]]}},{"type":"Feature","properties":{"ABSTRACT_L":"A-382","ABSTRACT_N":"382","LEVEL1_SUR":"BLK Y SEC 37 A-382","LEVEL2_BLO":"Y","LEVEL3_SUR":"37","Surv_Sect":"37","SHAPE_AREA":674.315984675368,"owner_count":2205.0,"top_owner":"BROADMOOR LAND & MINERALS LLC","top_owner_state":"MS","top_operator":"APACHE CORP","max_propensity_score":9.0,"field_name":"Unknown","production_trend":null},"geometry":{"type":"Polygon","coordinates":[[[-101.85965199892158,31.356398509887782],[-101.86173426949564,31.36319869673885],[-101.86315820971375,31.367841336760293],[-101.8640153552084,31.37053323725486],[-101.85499961418364,31.372666817541496],[-101.84899111292988,31.37408831694678],[-101.846905033499,31.37458176990141],[-101.84688589309525,31.374524591088086],[-101.84467936665276,31.367178065887792],[-101.84262239892529,31.36032859119428],[-101.85035939622793,31.358587998646804],[-101.85195803810755,31.358226932860507],[-101.85660445533705,31.357177374816192],[-101.85853285797768,31.35668454005893],[-101.85965199892158,31.356398509887782]]]}},{"type":"Feature","properties":{"ABSTRACT_L":"A-1305","ABSTRACT_N":"1305","LEVEL1_SUR":"TC RR","LEVEL2_BLO":"Y","LEVEL3_SUR":"38","Surv_Sect":"38","SHAPE_AREA":634.8655584200108,"owner_count":4606.0,"top_owner":"BROADMOOR LAND & MINERALS LLC","top_owner_state":"MS","top_operator":"PIONEER NAT RES USA","max_propensity_score":10.0,"field_name":"Unknown","production_trend":null},"geometry":{"type":"Polygon","coordinates":[[[-101.83823386375934,31.361324599194234],[-101.8406252392328,31.36077780461584],[-101.84262239892529,31.36032859119428],[-101.84467936665276,31.367178065887792],[-101.84688589309525,31.374524591088086],[-101.846905033499,31.37458176990141],[-101.8311245894143,31.378313251116996],[-101.82944374270303,31.37300105802635],[-101.82876226545716,31.370783568302432],[-101.82775806215723,31.367539887327705],[-101.82657169848399,31.363990141743063],[-101.82889011728165,31.363434717945513],[-101.83085965288083,31.362992528147455],[-101.83527132146195,31.36200192033514],[-101.8361188451016,31.36180816030483],[-101.83823386375934,31.361324599194234]]]}},{"type":"Feature","properties":{"ABSTRACT_L":"A-383","ABSTRACT_N":"383","LEVEL1_SUR":"TCRR","LEVEL2_BLO":"Y","LEVEL3_SUR":"39","Surv_Sect":"39","SHAPE_AREA":656.8113923018313,"owner_count":87.0,"top_owner":"HUNTER ROYALTY LLC","top_owner_state":"OK","top_operator":"PIONEER NATURAL RES","max_propensity_score":8.0,"field_name":"Unknown","production_trend":null},"geometry":{"type":"Polygon","coordinates":[[[-101.81381540046394,31.366953840993606],[-101.81809887675905,31.36595204015657],[-101.81845889996538,31.365875746150795],[-101.81901913159737,31.36574184452139],[-101.82138624537163,31.365201132199743],[-101.82657169848399,31.363990141743063],[-101.82775806215723,31.367539887327705],[-101.82876226545716,31.370783568302432],[-101.82944374270303,31.37300105802635],[-101.8311245894143,31.378313251116996],[-101.82484508799888,31.379797479921116],[-101.82484481131777,31.37979754510951],[-101.82484453463665,31.379797610297956],[-101.82287102578898,31.38026399707858],[-101.81471098756454,31.382178121252387],[-101.81241561235055,31.37462519316494],[-101.81033590287335,31.36778099141882],[-101.81381540046394,31.366953840993606]]]}},{"type":"Feature","properties":{"ABSTRACT_L":"A-724","ABSTRACT_N":"724","LEVEL1_SUR":"EL&RR","LEVEL2_BLO":"Y","LEVEL3_SUR":"4","Surv_Sect":"4","SHAPE_AREA":641.183425475826,"owner_count":771.0,"top_owner":"BAUER ESTEL DODGEN ESTATE","top_owner_state":"MO","top_operator":"PIONEER NATURAL RES","max_propensity_score":9.0,"field_name":"Unknown","production_trend":null},"geometry":{"type":"Polygon","coordinates":[[[-101.82484453463665,31.379797610297956],[-101.82484481131777,31.37979754510951],[-101.82484508799888,31.379797479921116],[-101.8311245894143,31.378313251116996],[-101.83326213961602,31.385274432971233],[-101.83368795094216,31.38666422723393],[-101.83368881871473,31.38666706157297],[-101.83368957150293,31.386669530883484],[-101.83369194575022,31.386677303842998],[-101.8354188589676,31.3923315312233],[-101.83152653070671,31.393224740802584],[-101.83152144803883,31.393225907125288],[-101.83151636626927,31.393227072681082],[-101.82720674091453,31.394215882100664],[-101.81895186485059,31.396109431905867],[-101.81677882041537,31.388971419944706],[-101.8167788105339,31.38897138773712],[-101.81471098756454,31.382178121252387],[-101.82287102578898,31.38026399707858],[-101.82484453463665,31.379797610297956]]]}},{"type":"Feature","properties":{"ABSTRACT_L":"A-719","ABSTRACT_N":"719","LEVEL1_SUR":"TCRR","LEVEL2_BLO":"Y","LEVEL3_SUR":"40","Surv_Sect":"40","SHAPE_AREA":649.4181371550809,"owner_count":138.0,"top_owner":"KRP LEGACY ISLES LLC","top_owner_state":"LA","top_operator":"PIONEER NATURAL RES","max_propensity_score":8.0,"field_name":"Unknown","production_trend":null},"geometry":{"type":"Polygon","coordinates":[[[-101.79604939303876,31.378618793619417],[-101.79540148044514,31.376388699728672],[-101.79475973927751,31.374179985074328],[-101.79417573732479,31.372169900030027],[-101.79401249097978,31.371609397245837],[-101.79629126622562,31.37107694085628],[-101.80038970304697,31.37013984758997],[-101.80131523458925,31.369917037213195],[-101.80209500190027,31.369729312953474],[-101.80556831998003,31.368893060673738],[-101.8101477983478,31.36782570411828],[-101.81156003172113,31.372408106085672],[-101.81225921565958,31.374728673550266],[-101.81397802068318,31.38043290391185],[-101.81452227128628,31.38222094665511],[-101.80650249960354,31.384040581831492],[-101.80319235510527,31.38479146117381],[-101.79819430673085,31.385925040801975],[-101.79714413843448,31.382386660425993],[-101.79604939303876,31.378618793619417]]]}},{"type":"Feature","properties":{"ABSTRACT_L":"A-384","ABSTRACT_N":"384","LEVEL1_SUR":"TC","LEVEL2_BLO":"Y","LEVEL3_SUR":"41","Surv_Sect":"41","SHAPE_AREA":651.0845540272708,"owner_count":1092.0,"top_owner":"STACK LOUIS WAYNE ESTATE","top_owner_state":"OK","top_operator":"PIONEER NAT RES USA","max_propensity_score":10.0,"field_name":"Unknown","production_trend":null},"geometry":{"type":"Polygon","coordinates":[[[-101.78365808411189,31.374030708330068],[-101.791730644394,31.37214290292212],[-101.7919054224123,31.372693282214296],[-101.79253128675556,31.37466404760028],[-101.79475973927751,31.374179985074328],[-101.79540148044514,31.376388699728672],[-101.79604939303876,31.378618793619417],[-101.79714413843448,31.382386660425993],[-101.79819430673085,31.385925040801975],[-101.79446732238118,31.38677018973928],[-101.78705312479441,31.388536611633437],[-101.78146503329698,31.389918318836198],[-101.77986433517368,31.384742865386855],[-101.779336736641,31.3827398854215],[-101.77756129283875,31.37599904126484],[-101.77743157072182,31.3755064953949],[-101.77992979361179,31.374914418262932],[-101.78159603730981,31.374519486930875],[-101.78365808411189,31.374030708330068]]]}},{"type":"Feature","properties":{"ABSTRACT_L":"BY--S42","ABSTRACT_N":"BY--S42","LEVEL1_SUR":null,"LEVEL2_BLO":"Y","LEVEL3_SUR":"42","Surv_Sect":"42","SHAPE_AREA":161.52948980640167,"owner_count":0.0,"top_owner":"","top_owner_state":"","top_operator":"","max_propensity_score":0.0,"field_name":"Unknown","production_trend":null},"geometry":{"type":"Polygon","coordinates":[[[-101.77743157072182,31.3755064953949],[-101.77756129283875,31.37599904126484],[-101.779336736641,31.3827398854215],[-101.77986433517368,31.384742865386855],[-101.78146503329698,31.389918318836198],[-101.7810744547946,31.390014882355405],[-101.77750311973757,31.390875206905697],[-101.77536582286078,31.39141116974438],[-101.77535519579097,31.383673692662136],[-101.77534451212728,31.37593620779373],[-101.77743157072182,31.3755064953949]]]}},{"type":"Feature","properties":{"ABSTRACT_L":"A-849","ABSTRACT_N":"849","LEVEL1_SUR":"BLK Y SEC 45 A-849","LEVEL2_BLO":"Y","LEVEL3_SUR":"45","Surv_Sect":"45","SHAPE_AREA":21.05845019019688,"owner_count":360.0,"top_owner":"KRP LEGACY ISLES LLC","top_owner_state":"LA","top_operator":"PIONEER NATURAL RES","max_propensity_score":8.0,"field_name":"Unknown","production_trend":null},"geometry":{"type":"Polygon","coordinates":[[[-101.7753406987789,31.368397914188765],[-101.77538608166705,31.36854637610749],[-101.77692006730412,31.373564295207125],[-101.77743157072182,31.3755064953949],[-101.77534451212728,31.37593620779373],[-101.7753406987789,31.368397914188765]]]}},{"type":"Feature","properties":{"ABSTRACT_L":"BY--S46","ABSTRACT_N":"BY--S46","LEVEL1_SUR":null,"LEVEL2_BLO":"Y","LEVEL3_SUR":"46","Surv_Sect":"46","SHAPE_AREA":638.1573497465339,"owner_count":0.0,"top_owner":"","top_owner_state":"","top_operator":"","max_propensity_score":0.0,"field_name":"Unknown","production_trend":null},"geometry":{"type":"Polygon","coordinates":[[[-101.77539677880546,31.360953328760576],[-101.77539563884338,31.360604391145795],[-101.77733312973973,31.360159642852842],[-101.7813398216211,31.3592398076677],[-101.78842044959005,31.35761889160124],[-101.78964538602327,31.357338171111888],[-101.79006050560089,31.358650230040723],[-101.79036633883602,31.35961684646217],[-101.79162840533486,31.363533945058094],[-101.79199953081978,31.36477607116427],[-101.79240378796898,31.366129046521497],[-101.79290233318874,31.367797548328205],[-101.79401249097978,31.371609397245837],[-101.79317863251225,31.37180422389356],[-101.791730644394,31.37214290292212],[-101.78365808411189,31.374030708330068],[-101.78159603730981,31.374519486930875],[-101.77992979361179,31.374914418262932],[-101.77743157072182,31.3755064953949],[-101.77692006730412,31.373564295207125],[-101.77538608166705,31.36854637610749],[-101.7753406987789,31.368397914188765],[-101.77541160729587,31.365492707364528],[-101.7754090408091,31.364707118367427],[-101.77539677880546,31.360953328760576]]]}},{"type":"Feature","properties":{"ABSTRACT_L":"A-365","ABSTRACT_N":"365","LEVEL1_SUR":"BLK Y SEC 47 A-365","LEVEL2_BLO":"Y","LEVEL3_SUR":"47","Surv_Sect":"47","SHAPE_AREA":638.1495315688818,"owner_count":892.0,"top_owner":"BROADMOOR LAND & MINERALS LLC","top_owner_state":"MS","top_operator":"APACHE CORP","max_propensity_score":10.0,"field_name":"Unknown","production_trend":null},"geometry":{"type":"Polygon","coordinates":[[[-101.8057565493714,31.353769399678228],[-101.8057870938877,31.353821907761155],[-101.80608543786828,31.35479634097925],[-101.80794892195827,31.360785503776835],[-101.80814396956265,31.361412337784945],[-101.80988906737629,31.36698613208064],[-101.8101477983478,31.36782570411828],[-101.80556831998003,31.368893060673738],[-101.80209500190027,31.369729312953474],[-101.80131523458925,31.369917037213195],[-101.80038970304697,31.37013984758997],[-101.79629126622562,31.37107694085628],[-101.79401249097978,31.371609397245837],[-101.79290233318874,31.367797548328205],[-101.79240378796898,31.366129046521497],[-101.79199953081978,31.36477607116427],[-101.79162840533486,31.363533945058094],[-101.79036633883602,31.35961684646217],[-101.78964538602327,31.357338171111888],[-101.79551361624375,31.355993146972093],[-101.7977024845027,31.35549543862487],[-101.80128504850077,31.35468073414094],[-101.8052816055891,31.353782073516673],[-101.80551419378921,31.35375110657238],[-101.8056429672852,31.35374696174039],[-101.805688665482,31.35374810093633],[-101.80571714387314,31.353751260766547],[-101.8057565493714,31.353769399678228]]]}},{"type":"Feature","properties":{"ABSTRACT_L":"A-652","ABSTRACT_N":"652","LEVEL1_SUR":"TCRR","LEVEL2_BLO":"Y","LEVEL3_SUR":"48","Surv_Sect":"48","SHAPE_AREA":637.5478264909553,"owner_count":2668.0,"top_owner":"BROADMOOR LAND & MINERALS LLC","top_owner_state":"MS","top_operator":"APACHE CORPORATION","max_propensity_score":10.0,"field_name":"Unknown","production_trend":null},"geometry":{"type":"Polygon","coordinates":[[[-101.81975132053769,31.35048782835529],[-101.82207698604473,31.349987014534253],[-101.82265041931814,31.351754467779905],[-101.82434035877672,31.35693784295],[-101.82545471798835,31.360459988346197],[-101.82657169848399,31.363990141743063],[-101.82138624537163,31.365201132199743],[-101.81901913159737,31.36574184452139],[-101.81845889996538,31.365875746150795],[-101.81809887675905,31.36595204015657],[-101.81381540046394,31.366953840993606],[-101.81033590287335,31.36778099141882],[-101.80785820379268,31.35984478007409],[-101.80599489846742,31.353687436624856],[-101.80601739587539,31.353650172229365],[-101.80605480891035,31.353626537530513],[-101.80773765527142,31.353228738168102],[-101.8197421056195,31.350489872841678],[-101.81974670409544,31.35048882336424],[-101.81975132053769,31.35048782835529]],[[-101.8226446745919,31.351755834844024],[-101.82033497214744,31.35230579804223],[-101.82265041931814,31.351754467779905],[-101.8226446745919,31.351755834844024]]]}},{"type":"Feature","properties":{"ABSTRACT_L":"A-186","ABSTRACT_N":"186","LEVEL1_SUR":"GC&SF","LEVEL2_BLO":"Y","LEVEL3_SUR":"5","Surv_Sect":"5","SHAPE_AREA":629.042299898269,"owner_count":94.0,"top_owner":"FRANCO-NEVADA TEXAS LP","top_owner_state":"CO","top_operator":"APACHE CORPORATION","max_propensity_score":7.0,"field_name":"Unknown","production_trend":null},"geometry":{"type":"Polygon","coordinates":[[[-101.83368957150293,31.386669530883484],[-101.83368881871473,31.38666706157297],[-101.83368795094216,31.38666422723393],[-101.83326213961602,31.385274432971233],[-101.8311245894143,31.378313251116996],[-101.846905033499,31.37458176990141],[-101.84916963871954,31.381346542881328],[-101.85065361783968,31.385778971382],[-101.85160922228272,31.388678853249345],[-101.84667217221106,31.38979289285703],[-101.84374686508218,31.39045288075998],[-101.84168930716157,31.390917046031042],[-101.83546133311084,31.392321783402345],[-101.8354188589676,31.3923315312233],[-101.83369194575022,31.386677303842998],[-101.83368957150293,31.386669530883484]]]}},{"type":"Feature","properties":{"ABSTRACT_L":"BY--S51","ABSTRACT_N":"BY--S51","LEVEL1_SUR":null,"LEVEL2_BLO":"Y","LEVEL3_SUR":"51","Surv_Sect":"51","SHAPE_AREA":678.3309560434402,"owner_count":0.0,"top_owner":"","top_owner_state":"","top_operator":"","max_propensity_score":0.0,"field_name":"Unknown","production_trend":null},"geometry":{"type":"Polygon","coordinates":[[[-101.9125998138819,31.359174043442795],[-101.90792436489906,31.3443111990391],[-101.91463638176758,31.3428172952312],[-101.92311102347925,31.34093156368632],[-101.92427162167351,31.34067205519707],[-101.92887433316949,31.355504623364588],[-101.92716445739981,31.35590709328429],[-101.91814540248997,31.358012780890387],[-101.9126348975853,31.3592859228354],[-101.9125998138819,31.359174043442795]]]}},{"type":"Feature","properties":{"ABSTRACT_L":"BY--S52","ABSTRACT_N":"BY--S52","LEVEL1_SUR":null,"LEVEL2_BLO":"Y","LEVEL3_SUR":"52","Surv_Sect":"52","SHAPE_AREA":654.999608292865,"owner_count":0.0,"top_owner":"","top_owner_state":"","top_operator":"","max_propensity_score":0.0,"field_name":"Unknown","production_trend":null},"geometry":{"type":"Polygon","coordinates":[[[-101.89558072417442,31.358851636832867],[-101.89489942748992,31.35667215427849],[-101.89391614235969,31.35356640936922],[-101.89310288854983,31.351025601165148],[-101.89274417688384,31.34981643809371],[-101.89252928190157,31.34917574759306],[-101.89242155683101,31.348744100779367],[-101.89238789156742,31.348534618505308],[-101.89236969080146,31.348303379317915],[-101.89237258696993,31.34805916805469],[-101.89681330347409,31.346984436250825],[-101.89873025978137,31.34652044061423],[-101.9070756240422,31.344500075769048],[-101.90792436489906,31.3443111990391],[-101.9125998138819,31.359174043442795],[-101.9126348975853,31.3592859228354],[-101.91072066586828,31.359728119329464],[-101.90464508112404,31.36109635850466],[-101.89690622880035,31.362790459047737],[-101.89558072417442,31.358851636832867]]]}},{"type":"Feature","properties":{"ABSTRACT_L":"A-377","ABSTRACT_N":"377","LEVEL1_SUR":"BLK Y SEC 53 A-377","LEVEL2_BLO":"Y","LEVEL3_SUR":"53","Surv_Sect":"53","SHAPE_AREA":660.6573898494909,"owner_count":417.0,"top_owner":"STACKROCK ENERGY LLC","top_owner_state":"OK","top_operator":"DIAMONDBACK E&P LLC","max_propensity_score":9.0,"field_name":"Unknown","production_trend":null},"geometry":{"type":"MultiPolygon","coordinates":[[[[-101.94274304734522,31.336360650523467],[-101.94244831908365,31.341641158879682],[-101.94097719844851,31.336752635466382],[-101.94274304734522,31.336360650523467]]],[[[-101.95692068316401,31.333105480960768],[-101.96154515185617,31.347831802742583],[-101.94523540872797,31.351652197983068],[-101.94263232998645,31.342277408576173],[-101.94263448234989,31.34222105406541],[-101.94293777425105,31.33631818863174],[-101.94688825225688,31.335442455508854],[-101.95692068316401,31.333105480960768]]]]}},{"type":"Feature","properties":{"ABSTRACT_L":"A-1525","ABSTRACT_N":"1525","LEVEL1_SUR":"BLK Y SEC 54 A-1525","LEVEL2_BLO":"Y","LEVEL3_SUR":"54","Surv_Sect":"54","SHAPE_AREA":682.8217948650886,"owner_count":93.0,"top_owner":"STACKROCK ENERGY LLC","top_owner_state":"OK","top_operator":"DIAMONDBACK E&P LLC","max_propensity_score":8.0,"field_name":"Unknown","production_trend":null},"geometry":{"type":"MultiPolygon","coordinates":[[[[-101.94195224423093,31.352425457564493],[-101.92887433316949,31.355504623364588],[-101.92427162167351,31.34067205519707],[-101.93143205237904,31.338920768490834],[-101.94097719844851,31.336752635466382],[-101.94244831908365,31.341641158879682],[-101.94241635433089,31.342213796843033],[-101.94223620708213,31.346927666440777],[-101.94195224423093,31.352425457564493]]],[[[-101.94523540872797,31.351652197983068],[-101.94217346065786,31.352373359125234],[-101.94245434767753,31.346934886474344],[-101.94263232998645,31.342277408576173],[-101.94523540872797,31.351652197983068]]]]}},{"type":"Feature","properties":{"ABSTRACT_L":"A-378","ABSTRACT_N":"378","LEVEL1_SUR":"TCRR","LEVEL2_BLO":"Y","LEVEL3_SUR":"55","Surv_Sect":"55","SHAPE_AREA":635.3727304556718,"owner_count":292.0,"top_owner":"MK WATSON LLC","top_owner_state":"AZ","top_operator":"COG OPERATING LLC","max_propensity_score":9.0,"field_name":"Unknown","production_trend":null},"geometry":{"type":"Polygon","coordinates":[[[-101.99431318622288,31.339588530699622],[-101.97800624673668,31.3433824456425],[-101.9786483059079,31.328037670726594],[-101.97893744934336,31.327968574356998],[-101.99396592089023,31.32533190905683],[-101.99533785224666,31.3250911166531],[-101.99437528945342,31.339025840336294],[-101.99431318622288,31.339588530699622]]]}},{"type":"Feature","properties":{"ABSTRACT_L":"A-814","ABSTRACT_N":"814","LEVEL1_SUR":"BLK Y SEC 56 A-814","LEVEL2_BLO":"Y","LEVEL3_SUR":"56","Surv_Sect":"56","SHAPE_AREA":772.5472925229296,"owner_count":756.0,"top_owner":"LAZY J BAR CANE LLC","top_owner_state":"NM","top_operator":"COG OPERATING","max_propensity_score":9.0,"field_name":"Unknown","production_trend":null},"geometry":{"type":"Polygon","coordinates":[[[-101.96244116026662,31.331823808126224],[-101.97370397229591,31.329219086795597],[-101.97822411334592,31.328139036941142],[-101.9786483059079,31.328037670726594],[-101.97800624673668,31.3433824456425],[-101.96154515185617,31.347831802742583],[-101.95692068316401,31.333105480960768],[-101.96244116026662,31.331823808126224]]]}},{"type":"Feature","properties":{"ABSTRACT_L":"A-379","ABSTRACT_N":"379","LEVEL1_SUR":"A 379 TC RR","LEVEL2_BLO":"Y","LEVEL3_SUR":"57","Surv_Sect":"57","SHAPE_AREA":812.6328536683391,"owner_count":119.0,"top_owner":"COWDEN JENNIFER","top_owner_state":"WY","top_operator":"COG OPERATING LLC","max_propensity_score":6.0,"field_name":"Unknown","production_trend":null},"geometry":{"type":"Polygon","coordinates":[[[-102.02173172971646,31.31945188004841],[-102.0308073183021,31.317277732353592],[-102.03481686502944,31.331014053475997],[-102.01996587363324,31.334114786762118],[-102.01024846303163,31.33614262157646],[-102.01167379833338,31.321991424438675],[-102.01726387061602,31.3205812624957],[-102.02173172971646,31.31945188004841]]]}},{"type":"Feature","properties":{"ABSTRACT_L":"A-588","ABSTRACT_N":"588","LEVEL1_SUR":"A 588 TC RR","LEVEL2_BLO":"Y","LEVEL3_SUR":"58","Surv_Sect":"58","SHAPE_AREA":591.8080809387882,"owner_count":183.0,"top_owner":"GPCHUCK HERITAGE LLC","top_owner_state":"UT","top_operator":"DIAMONDBACK E&P LLC","max_propensity_score":8.0,"field_name":"Unknown","production_trend":null},"geometry":{"type":"Polygon","coordinates":[[[-101.99533785224666,31.3250911166531],[-102.01167379833338,31.321991424438675],[-102.01024846303163,31.33614262157646],[-101.99431318622288,31.339588530699622],[-101.99437528945342,31.339025840336294],[-101.99533785224666,31.3250911166531]]]}},{"type":"Feature","properties":{"ABSTRACT_L":"A-380","ABSTRACT_N":"380","LEVEL1_SUR":"A 380 TC RR","LEVEL2_BLO":"Y","LEVEL3_SUR":"59","Surv_Sect":"59","SHAPE_AREA":732.6977297446956,"owner_count":36.0,"top_owner":"COWDEN JENNIFER","top_owner_state":"WY","top_operator":"COG OPERATING LLC","max_propensity_score":6.0,"field_name":"Unknown","production_trend":null},"geometry":{"type":"Polygon","coordinates":[[[-102.04495267765272,31.306467515246588],[-102.04715973410123,31.313507866516847],[-102.03489390454821,31.31634743054017],[-102.0308073183021,31.317277732353592],[-102.02173172971646,31.31945188004841],[-102.01726387061602,31.3205812624957],[-102.01167379833338,31.321991424438675],[-102.0096266869212,31.313951981178306],[-102.04495267765272,31.306467515246588]]]}},{"type":"Feature","properties":{"ABSTRACT_L":"A-616","ABSTRACT_N":"616","LEVEL1_SUR":"GC&SF","LEVEL2_BLO":"Y","LEVEL3_SUR":"6","Surv_Sect":"6","SHAPE_AREA":672.2113083443317,"owner_count":78.0,"top_owner":"CIRRUS MINERALS LLC","top_owner_state":"LA","top_operator":"PIONEER NATURAL RES","max_propensity_score":8.0,"field_name":"Unknown","production_trend":null},"geometry":{"type":"Polygon","coordinates":[[[-101.85499961418364,31.372666817541496],[-101.8640153552084,31.37053323725486],[-101.86461843468282,31.372427150272333],[-101.86590546177015,31.376838233671133],[-101.86610347291666,31.37747176415853],[-101.86837779072208,31.384773993902385],[-101.8682959847424,31.384794442043844],[-101.85971650424719,31.386801934142742],[-101.85609072769067,31.387650118083673],[-101.85398209066469,31.38814333952926],[-101.85160922228272,31.388678853249345],[-101.85065361783968,31.385778971382],[-101.84916963871954,31.381346542881328],[-101.846905033499,31.37458176990141],[-101.84899111292988,31.37408831694678],[-101.85499961418364,31.372666817541496]]]}},{"type":"Feature","properties":{"ABSTRACT_L":"A-583","ABSTRACT_N":"583","LEVEL1_SUR":"A 583 TC RR","LEVEL2_BLO":"Y","LEVEL3_SUR":"60","Surv_Sect":"60","SHAPE_AREA":636.919769897863,"owner_count":30.0,"top_owner":"MCCALLUM LAURA A","top_owner_state":"OR","top_operator":"COG OPERATING LLC","max_propensity_score":4.0,"field_name":"Unknown","production_trend":null},"geometry":{"type":"Polygon","coordinates":[[[-102.0308073183021,31.317277732353592],[-102.03489390454821,31.31634743054017],[-102.04715973410123,31.313507866516847],[-102.05134428162907,31.327740895759035],[-102.04903917855887,31.32819754921511],[-102.03481686502944,31.331014053475997],[-102.0308073183021,31.317277732353592]]]}},{"type":"Feature","properties":{"ABSTRACT_L":"A-362","ABSTRACT_N":"362","LEVEL1_SUR":"TCRR","LEVEL2_BLO":"Y","LEVEL3_SUR":"61","Surv_Sect":"61","SHAPE_AREA":651.9279949830859,"owner_count":6.0,"top_owner":"CIVITAS RESOURCES INC","top_owner_state":"CO","top_operator":"CIVITAS PERMIAN OPER","max_propensity_score":3.0,"field_name":"Unknown","production_trend":null},"geometry":{"type":"Polygon","coordinates":[[[-102.09749140252761,31.329424670284936],[-102.1054918110244,31.327679877810382],[-102.10979498198382,31.341726911822448],[-102.09312355017278,31.345377530586646],[-102.088809545531,31.33132297781555],[-102.09356001192494,31.33028581190846],[-102.09463778455168,31.33006004572669],[-102.09749140252761,31.329424670284936]]]}},{"type":"Feature","properties":{"ABSTRACT_L":"A-639","ABSTRACT_N":"639","LEVEL1_SUR":"H EARNEST","LEVEL2_BLO":"Y","LEVEL3_SUR":"62","Surv_Sect":"62","SHAPE_AREA":689.0087956367496,"owner_count":12.0,"top_owner":"AMACKER ROBERT KENT","top_owner_state":"TX","top_operator":"CIVITAS PERMIAN OPER","max_propensity_score":3.0,"field_name":"Unknown","production_trend":null},"geometry":{"type":"Polygon","coordinates":[[[-102.09312355017278,31.345377530586646],[-102.10979498198382,31.341726911822448],[-102.11517339950741,31.35577416473725],[-102.10638356231873,31.357925932032767],[-102.09778305944923,31.36003870677295],[-102.09312355017278,31.345377530586646]]]}},{"type":"Feature","properties":{"ABSTRACT_L":"A-363","ABSTRACT_N":"363","LEVEL1_SUR":"TCRR","LEVEL2_BLO":"Y","LEVEL3_SUR":"63","Surv_Sect":"63","SHAPE_AREA":654.2743994995799,"owner_count":1.0,"top_owner":"CIVITAS RESOURCES INC","top_owner_state":"CO","top_operator":"CIVITAS PERMIAN OPER","max_propensity_score":4.0,"field_name":"Unknown","production_trend":null},"geometry":{"type":"Polygon","coordinates":[[[-102.10979498198382,31.341726911822448],[-102.12677512792708,31.337993490269433],[-102.13144014118126,31.35187788474004],[-102.12542305023676,31.353242763012],[-102.12289626720896,31.35389432678247],[-102.1186437468585,31.354961810839168],[-102.11517339950741,31.35577416473725],[-102.10979498198382,31.341726911822448]]]}},{"type":"Feature","properties":{"ABSTRACT_L":"A-577","ABSTRACT_N":"577","LEVEL1_SUR":"BLK Y SEC 64 A-577","LEVEL2_BLO":"Y","LEVEL3_SUR":"64","Surv_Sect":"64","SHAPE_AREA":634.8762326443523,"owner_count":6.0,"top_owner":"AMACKER ROBERT KENT","top_owner_state":"TX","top_operator":"CIVITAS PERMIAN OPER","max_propensity_score":3.0,"field_name":"Unknown","production_trend":null},"geometry":{"type":"MultiPolygon","coordinates":[[[[-102.14344949004258,31.334018888597686],[-102.14783682056773,31.347787170294357],[-102.13964773531856,31.349782267685864],[-102.13891095419051,31.349961738713507],[-102.13859010920869,31.348980921609925],[-102.13790170505364,31.346857640295497],[-102.13714667375228,31.344607223591158],[-102.13642837635952,31.34237554860401],[-102.1359773106958,31.34101635669244],[-102.13526043264119,31.338873326724567],[-102.13480197833425,31.337481994775896],[-102.13437765461823,31.336197161278076],[-102.13505842938156,31.336033724690992],[-102.14344949004258,31.334018888597686]]],[[[-102.13437262225601,31.336794902274608],[-102.13495000901497,31.3385436843169],[-102.13541184098739,31.339963127872526],[-102.1360269929209,31.341862197980834],[-102.13677636932755,31.344106060064576],[-102.13765482465736,31.346792817961695],[-102.13835319382386,31.348883068492217],[-102.13873009906932,31.35004367202595],[-102.13144014118126,31.35187788474004],[-102.12677512792708,31.337993490269433],[-102.13419337422084,31.336240959822888],[-102.13437262225601,31.336794902274608]]]]}},{"type":"Feature","properties":{"ABSTRACT_L":"A-364","ABSTRACT_N":"364","LEVEL1_SUR":"BLK Y SEC 65 A-364","LEVEL2_BLO":"Y","LEVEL3_SUR":"65","Surv_Sect":"65","SHAPE_AREA":630.3421653923953,"owner_count":260.0,"top_owner":"COMIN 2020 LLC","top_owner_state":"OK","top_operator":"CIVITAS PERMIAN OP","max_propensity_score":8.0,"field_name":"Unknown","production_trend":null},"geometry":{"type":"Polygon","coordinates":[[[-102.14344949004258,31.334018888597686],[-102.15992071252963,31.33021911585395],[-102.16208940372897,31.33731065140811],[-102.1641417837603,31.344020924596528],[-102.15529010025925,31.346012606517252],[-102.14783682056773,31.347787170294357],[-102.14344949004258,31.334018888597686]]]}},{"type":"Feature","properties":{"ABSTRACT_L":"BY--S66","ABSTRACT_N":"BY--S66","LEVEL1_SUR":null,"LEVEL2_BLO":"Y","LEVEL3_SUR":"66","Surv_Sect":"66","SHAPE_AREA":520.2476189420323,"owner_count":99.0,"top_owner":"COMIN 2020 LLC","top_owner_state":"OK","top_operator":"CIVITAS PERMIAN OPER","max_propensity_score":8.0,"field_name":"Unknown","production_trend":null},"geometry":{"type":"MultiPolygon","coordinates":[[[[-102.17663330424867,31.326471391532312],[-102.17773022177074,31.330040491125864],[-102.17371999951031,31.330898233251695],[-102.17262625214286,31.327392672107173],[-102.17663330424867,31.326471391532312]]],[[[-102.17204157196211,31.342282032664336],[-102.1641417837603,31.344020924596528],[-102.16208940372897,31.33731065140811],[-102.15992071252963,31.33021911585395],[-102.168281959903,31.328389429439486],[-102.17045833439298,31.33525223702656],[-102.1788272264294,31.3336095911991],[-102.18089147679889,31.340324869135916],[-102.17255491782446,31.342168525695698],[-102.17204157196211,31.342282032664336]]]]}},{"type":"Feature","properties":{"ABSTRACT_L":"BY--S67","ABSTRACT_N":"BY--S67","LEVEL1_SUR":null,"LEVEL2_BLO":"Y","LEVEL3_SUR":"67","Surv_Sect":"67","SHAPE_AREA":635.1159129063772,"owner_count":0.0,"top_owner":"","top_owner_state":"","top_operator":"","max_propensity_score":0.0,"field_name":"Unknown","production_trend":null},"geometry":{"type":"Polygon","coordinates":[[[-102.17663330424867,31.326471391532312],[-102.19305855814598,31.322962454782687],[-102.19756824280608,31.336617622016433],[-102.19004938520051,31.338302148476576],[-102.18089147679889,31.340324869135916],[-102.1788272264294,31.3336095911991],[-102.17773022177074,31.330040491125864],[-102.17663330424867,31.326471391532312]]]}},{"type":"Feature","properties":{"ABSTRACT_L":"BY--S68","ABSTRACT_N":"BY--S68","LEVEL1_SUR":null,"LEVEL2_BLO":"Y","LEVEL3_SUR":"68","Surv_Sect":"68","SHAPE_AREA":618.6975774160018,"owner_count":0.0,"top_owner":"","top_owner_state":"","top_operator":"","max_propensity_score":0.0,"field_name":"Unknown","production_trend":null},"geometry":{"type":"Polygon","coordinates":[[[-102.19305855814598,31.322962454782687],[-102.20944942812751,31.319361112467718],[-102.21368896422884,31.332951481458743],[-102.20624509349159,31.334634857390174],[-102.19756824280608,31.336617622016433],[-102.19305855814598,31.322962454782687]]]}},{"type":"Feature","properties":{"ABSTRACT_L":"BY--S69","ABSTRACT_N":"BY--S69","LEVEL1_SUR":null,"LEVEL2_BLO":"Y","LEVEL3_SUR":"69","Surv_Sect":"69","SHAPE_AREA":640.3095283490948,"owner_count":0.0,"top_owner":"","top_owner_state":"","top_operator":"","max_propensity_score":0.0,"field_name":"Unknown","production_trend":null},"geometry":{"type":"Polygon","coordinates":[[[-102.20944942812751,31.319361112467718],[-102.22646505393122,31.315726292291227],[-102.23062875964617,31.32931572956124],[-102.22378027880451,31.33073225069219],[-102.21368896422884,31.332951481458743],[-102.20944942812751,31.319361112467718]]]}},{"type":"Feature","properties":{"ABSTRACT_L":"A-187","ABSTRACT_N":"187","LEVEL1_SUR":"GC&SF","LEVEL2_BLO":"Y","LEVEL3_SUR":"7","Surv_Sect":"7","SHAPE_AREA":644.2129195839289,"owner_count":130.0,"top_owner":"ENDERSON STEVEN R ESTATE","top_owner_state":"CA","top_operator":"PIONEER NATURAL RES","max_propensity_score":9.0,"field_name":"Unknown","production_trend":null},"geometry":{"type":"Polygon","coordinates":[[[-101.86461843468282,31.372427150272333],[-101.8640153552084,31.37053323725486],[-101.86714596061736,31.369792201964497],[-101.87239302288685,31.36857484231403],[-101.87380085990519,31.368248170350117],[-101.88017911761135,31.366688686868294],[-101.8811940494907,31.369863939089655],[-101.8821979329904,31.372874752740508],[-101.88248564810453,31.37374820072153],[-101.88474600878537,31.380681371055122],[-101.86837779072208,31.384773993902385],[-101.86610347291666,31.37747176415853],[-101.86590546177015,31.376838233671133],[-101.86461843468282,31.372427150272333]]]}},{"type":"Feature","properties":{"ABSTRACT_L":"BY--S70","ABSTRACT_N":"BY--S70","LEVEL1_SUR":null,"LEVEL2_BLO":"Y","LEVEL3_SUR":"70","Surv_Sect":"70","SHAPE_AREA":646.0928746822822,"owner_count":0.0,"top_owner":"","top_owner_state":"","top_operator":"","max_propensity_score":0.0,"field_name":"Unknown","production_trend":null},"geometry":{"type":"Polygon","coordinates":[[[-102.22646505393122,31.315726292291227],[-102.243136564794,31.311559497059974],[-102.24745252955972,31.325531542443702],[-102.24027720478678,31.32715803683681],[-102.23062875964617,31.32931572956124],[-102.22646505393122,31.315726292291227]]]}},{"type":"Feature","properties":{"ABSTRACT_L":"BY--S71","ABSTRACT_N":"BY--S71","LEVEL1_SUR":null,"LEVEL2_BLO":"Y","LEVEL3_SUR":"71","Surv_Sect":"71","SHAPE_AREA":668.7618818297142,"owner_count":2.0,"top_owner":"EXTEX OPERATING COMPANY","top_owner_state":"TX","top_operator":"EXTEX OPERATING CO","max_propensity_score":0.0,"field_name":"Unknown","production_trend":null},"geometry":{"type":"Polygon","coordinates":[[[-102.22205560418884,31.301196304738653],[-102.23038382859406,31.29934276835646],[-102.23880693575452,31.29746747951587],[-102.243136564794,31.311559497059974],[-102.22646505393122,31.315726292291227],[-102.22205560418884,31.301196304738653]]]}},{"type":"Feature","properties":{"ABSTRACT_L":"BY--S72","ABSTRACT_N":"BY--S72","LEVEL1_SUR":null,"LEVEL2_BLO":"Y","LEVEL3_SUR":"72","Surv_Sect":"72","SHAPE_AREA":683.4520500766423,"owner_count":0.0,"top_owner":"","top_owner_state":"","top_operator":"","max_propensity_score":0.0,"field_name":"Unknown","production_trend":null},"geometry":{"type":"Polygon","coordinates":[[[-102.20498422444702,31.30510399480379],[-102.22205560418884,31.301196304738653],[-102.22646505393122,31.315726292291227],[-102.20944942812751,31.319361112467718],[-102.20498422444702,31.30510399480379]]]}},{"type":"Feature","properties":{"ABSTRACT_L":"BY--S73","ABSTRACT_N":"BY--S73","LEVEL1_SUR":null,"LEVEL2_BLO":"Y","LEVEL3_SUR":"73","Surv_Sect":"73","SHAPE_AREA":647.7180987644512,"owner_count":0.0,"top_owner":"","top_owner_state":"","top_operator":"","max_propensity_score":0.0,"field_name":"Unknown","production_trend":null},"geometry":{"type":"Polygon","coordinates":[[[-102.18867584226648,31.308817960633277],[-102.20498422444702,31.30510399480379],[-102.20944942812751,31.319361112467718],[-102.19305855814598,31.322962454782687],[-102.18867584226648,31.308817960633277]]]}},{"type":"Feature","properties":{"ABSTRACT_L":"BY--S74","ABSTRACT_N":"BY--S74","LEVEL1_SUR":null,"LEVEL2_BLO":"Y","LEVEL3_SUR":"74","Surv_Sect":"74","SHAPE_AREA":642.7696544615233,"owner_count":0.0,"top_owner":"","top_owner_state":"","top_operator":"","max_propensity_score":0.0,"field_name":"Unknown","production_trend":null},"geometry":{"type":"Polygon","coordinates":[[[-102.17226451764596,31.312511497309313],[-102.18867584226648,31.308817960633277],[-102.19305855814598,31.322962454782687],[-102.17663330424867,31.326471391532312],[-102.17226451764596,31.312511497309313]]]}},{"type":"Feature","properties":{"ABSTRACT_L":"BY--S75","ABSTRACT_N":"BY--S75","LEVEL1_SUR":null,"LEVEL2_BLO":"Y","LEVEL3_SUR":"75","Surv_Sect":"75","SHAPE_AREA":650.6773901156771,"owner_count":0.0,"top_owner":"","top_owner_state":"","top_operator":"","max_propensity_score":0.0,"field_name":"Unknown","production_trend":null},"geometry":{"type":"Polygon","coordinates":[[[-102.15553035737692,31.316379118142372],[-102.17226451764596,31.312511497309313],[-102.17663330424867,31.326471391532312],[-102.17262625214286,31.327392672107173],[-102.16861907427293,31.328313839307],[-102.168281959903,31.328389429439486],[-102.15992071252963,31.33021911585395],[-102.15553035737692,31.316379118142372]]]}},{"type":"Feature","properties":{"ABSTRACT_L":"A-869","ABSTRACT_N":"869","LEVEL1_SUR":"TC RR","LEVEL2_BLO":"Y","LEVEL3_SUR":"76","Surv_Sect":"76","SHAPE_AREA":637.8701641492694,"owner_count":1.0,"top_owner":"CIVITAS RESOURCES INC","top_owner_state":"CO","top_operator":"CIVITAS PERMIAN OPER","max_propensity_score":4.0,"field_name":"Unknown","production_trend":null},"geometry":{"type":"Polygon","coordinates":[[[-102.13903648387,31.32021735492263],[-102.15553035737692,31.316379118142372],[-102.15992071252963,31.33021911585395],[-102.14344949004258,31.334018888597686],[-102.13903648387,31.32021735492263]]]}},{"type":"Feature","properties":{"ABSTRACT_L":"BY--S77","ABSTRACT_N":"BY--S77","LEVEL1_SUR":"GC&SF","LEVEL2_BLO":"Y","LEVEL3_SUR":"77","Surv_Sect":"77","SHAPE_AREA":634.5538080558148,"owner_count":68.0,"top_owner":"SAMMO LLC","top_owner_state":"LA","top_operator":"CIVITAS PERMIAN OPER","max_propensity_score":8.0,"field_name":"Unknown","production_trend":null},"geometry":{"type":"MultiPolygon","coordinates":[[[[-102.12832202235477,31.33028075138922],[-102.12395196014432,31.32763283246773],[-102.1234145834498,31.327307746350918],[-102.12237422206138,31.323990594906896],[-102.12542325325602,31.323289257961783],[-102.13152318593771,31.321885855488215],[-102.1314954028426,31.323618222486157],[-102.13150616735466,31.324595671242356],[-102.1315113075147,31.324996970408225],[-102.13149090767291,31.325288735443927],[-102.13147561205858,31.3254243874799],[-102.1314457197192,31.32556536099765],[-102.13139610307108,31.325797028240107],[-102.13132276101805,31.326056690551848],[-102.13116857508099,31.326541657685826],[-102.13087355486697,31.327267487276842],[-102.13066118954053,31.327665030395156],[-102.13002696637352,31.328601346066424],[-102.12901711087383,31.329763374586413],[-102.12866117410375,31.330211533893824],[-102.1285867612589,31.330272131240957],[-102.12852565336168,31.330302654726527],[-102.12846680562573,31.33031653949844],[-102.12840993598005,31.33031526573663],[-102.1283615042098,31.330301413959617],[-102.12832202235477,31.33028075138922]]],[[[-102.13369024220324,31.334312220872835],[-102.13341042956866,31.333861328028178],[-102.13294864880022,31.33329351313475],[-102.13265581778055,31.332993898831337],[-102.1322882702854,31.332681043690968],[-102.13153031676443,31.332205568365595],[-102.13074215200213,31.331760818523886],[-102.12882208932061,31.33058383112538],[-102.12877787064906,31.330540534079958],[-102.12876136051246,31.330501110470685],[-102.12876027175433,31.33044354420616],[-102.12877290925374,31.330400751996496],[-102.12882348620087,31.330335190131642],[-102.12924449872676,31.329842764908918],[-102.13014107666912,31.32877785643761],[-102.13039187282172,31.328444953529527],[-102.13053452259389,31.32824910932328],[-102.13084370923997,31.327764694267593],[-102.13097076875037,31.32753651179553],[-102.13118415186801,31.327064000855707],[-102.13126534878991,31.326845453893],[-102.13151221571147,31.32622461510269],[-102.13166571713228,31.325676235982773],[-102.13171575598854,31.32539575013403],[-102.13174684398558,31.3251902998087],[-102.13176777832496,31.324909983635802],[-102.13183189288341,31.32361655573467],[-102.13184599912832,31.321862360916796],[-102.13903648387,31.32021735492263],[-102.14344949004258,31.334018888597686],[-102.13505842938156,31.336033724690992],[-102.13437765461823,31.336197161278076],[-102.13402891425187,31.33505910476839],[-102.1339137466392,31.334761865478058],[-102.13377831572865,31.334486982616866],[-102.13369024220324,31.334312220872835]]],[[[-102.1331040411747,31.333889147928843],[-102.13334332092536,31.33422944518074],[-102.13346197939123,31.334428817232737],[-102.1336024534438,31.334682348865424],[-102.13373202105048,31.33494218155719],[-102.1337932538135,31.335069055722215],[-102.1339605551537,31.335521454329765],[-102.13419337422084,31.336240959822888],[-102.12677512792708,31.337993490269433],[-102.12572498927511,31.33465221504951],[-102.12447896309398,31.330687749784747],[-102.12352681446983,31.3276581695365],[-102.1237433201314,31.32779431616633],[-102.12548549033552,31.32881551282048],[-102.12751572060688,31.330041538529446],[-102.13120405404312,31.3322984797045],[-102.13185128391714,31.332709846093373],[-102.13208745459859,31.332880786562566],[-102.13236215581921,31.333107805890744],[-102.13261559661201,31.333352769556225],[-102.13283625698178,31.333580047860508],[-102.1331040411747,31.333889147928843]]]]}},{"type":"Feature","properties":{"ABSTRACT_L":"A-1010","ABSTRACT_N":"1010","LEVEL1_SUR":"GC&SF","LEVEL2_BLO":"Y","LEVEL3_SUR":"78","Surv_Sect":"78","SHAPE_AREA":658.4257919943069,"owner_count":1.0,"top_owner":"CIVITAS RESOURCES INC","top_owner_state":"CO","top_operator":"CIVITAS PERMIAN OPER","max_propensity_score":4.0,"field_name":"Unknown","production_trend":null},"geometry":{"type":"MultiPolygon","coordinates":[[[[-102.12237422206138,31.323990594906896],[-102.1234145834498,31.327307746350918],[-102.11989314082366,31.325159598937915],[-102.11913937614683,31.324697697266465],[-102.12237422206138,31.323990594906896]]],[[[-102.12572498927511,31.33465221504951],[-102.12677512792708,31.337993490269433],[-102.10979498198382,31.341726911822448],[-102.1054918110244,31.327679877810382],[-102.1188535762409,31.32476016517847],[-102.12043361760423,31.32571298351278],[-102.12352681446983,31.3276581695365],[-102.12447896309398,31.330687749784747],[-102.12572498927511,31.33465221504951]]]]}},{"type":"Feature","properties":{"ABSTRACT_L":"BY--S79","ABSTRACT_N":"BY--S79","LEVEL1_SUR":null,"LEVEL2_BLO":"Y","LEVEL3_SUR":"79","Surv_Sect":"79","SHAPE_AREA":629.7604301545006,"owner_count":43.0,"top_owner":"HALFF LAWRENCE A LIVING TRUST","top_owner_state":"TX","top_operator":"SUMMIT PETROLEUM","max_propensity_score":4.0,"field_name":"Unknown","production_trend":null},"geometry":{"type":"MultiPolygon","coordinates":[[[[-102.11035940874818,31.319295966528053],[-102.10686327346023,31.317201372005563],[-102.1032831798292,31.315021553075194],[-102.10148747991558,31.31388482689035],[-102.11748655238087,31.310134364026883],[-102.12237422206138,31.323990594906896],[-102.11913937614683,31.324697697266465],[-102.11365350843717,31.32133573825974],[-102.11035940874818,31.319295966528053]]],[[[-102.10451412778829,31.316060900918377],[-102.1106063565181,31.319740421484806],[-102.11426509316071,31.322003765672083],[-102.11717704952781,31.323749121476013],[-102.1188535762409,31.32476016517847],[-102.1054918110244,31.327679877810382],[-102.10113226718764,31.313969042574694],[-102.10451412778829,31.316060900918377]]]]}},{"type":"Feature","properties":{"ABSTRACT_L":"BY--S8","ABSTRACT_N":"BY--S8","LEVEL1_SUR":null,"LEVEL2_BLO":"Y","LEVEL3_SUR":"8","Surv_Sect":"8","SHAPE_AREA":629.2852768717335,"owner_count":0.0,"top_owner":"","top_owner_state":"","top_operator":"","max_propensity_score":0.0,"field_name":"Unknown","production_trend":null},"geometry":{"type":"Polygon","coordinates":[[[-101.88925658367592,31.394436299931066],[-101.88669150367093,31.394997098988775],[-101.87508325977048,31.397531241347323],[-101.8724094943959,31.398120075848407],[-101.87211396663373,31.397210644061897],[-101.87044636827628,31.391544218121066],[-101.86936296500933,31.38794398090355],[-101.86837779072208,31.384773993902385],[-101.88474600878537,31.380681371055122],[-101.88925658367592,31.394436299931066]]]}},{"type":"Feature","properties":{"ABSTRACT_L":"A-701","ABSTRACT_N":"701","LEVEL1_SUR":"GC&SF","LEVEL2_BLO":"Y","LEVEL3_SUR":"80","Surv_Sect":"80","SHAPE_AREA":560.6086344996307,"owner_count":103.0,"top_owner":"LANE JOHN","top_owner_state":"CO","top_operator":"EOG RESOURCES, INC.","max_propensity_score":7.0,"field_name":"Unknown","production_trend":null},"geometry":{"type":"Polygon","coordinates":[[[-102.088809545531,31.33132297781555],[-102.08557034368569,31.320844010342174],[-102.09661221237587,31.31596622531743],[-102.10113226718764,31.313969042574694],[-102.1054918110244,31.327679877810382],[-102.09749140252761,31.329424670284936],[-102.09463778455168,31.33006004572669],[-102.09356001192494,31.33028581190846],[-102.088809545531,31.33132297781555]]]}},{"type":"Feature","properties":{"ABSTRACT_L":"BY--S81","ABSTRACT_N":"BY--S81","LEVEL1_SUR":null,"LEVEL2_BLO":"Y","LEVEL3_SUR":"81","Surv_Sect":"81","SHAPE_AREA":650.9813652888683,"owner_count":0.0,"top_owner":"","top_owner_state":"","top_operator":"","max_propensity_score":0.0,"field_name":"Unknown","production_trend":null},"geometry":{"type":"Polygon","coordinates":[[[-102.13438717406528,31.306224581570657],[-102.1351859425412,31.30604285734332],[-102.15112926196669,31.30241446571472],[-102.15553035737692,31.316379118142372],[-102.13903648387,31.32021735492263],[-102.13438717406528,31.306224581570657]]]}},{"type":"Feature","properties":{"ABSTRACT_L":"A-866","ABSTRACT_N":"866","LEVEL1_SUR":"BLK Y SEC 82 A-866","LEVEL2_BLO":"Y","LEVEL3_SUR":"82","Surv_Sect":"82","SHAPE_AREA":645.6926035332227,"owner_count":13.0,"top_owner":"HALFF LAWRENCE A LIVING TRUST","top_owner_state":"TX","top_operator":"CIVITAS PERMIAN OPER","max_propensity_score":4.0,"field_name":"Unknown","production_trend":null},"geometry":{"type":"MultiPolygon","coordinates":[[[[-102.13184182016562,31.316510387892443],[-102.13188862239193,31.314308618286425],[-102.1318926064202,31.312430025569657],[-102.13191715108871,31.310524518736248],[-102.1319326542139,31.30835114044791],[-102.13195273695038,31.306822035480305],[-102.13438717406528,31.306224581570657],[-102.13903648387,31.32021735492263],[-102.13184599912832,31.321862360916796],[-102.13181992103563,31.31898030622351],[-102.13184182016562,31.316510387892443]]],[[[-102.11851041980235,31.30989852990549],[-102.13168978659198,31.306874737846503],[-102.13167464548788,31.30817782298746],[-102.1316679593272,31.310063427121822],[-102.13165273467979,31.31065270137278],[-102.13164444502634,31.312587332672432],[-102.13161370827058,31.314428508017617],[-102.13154286712727,31.316913968570443],[-102.13155347892572,31.31941840923985],[-102.13152793083904,31.32158999658471],[-102.13152318593771,31.321885855488215],[-102.12542325325602,31.323289257961783],[-102.12237422206138,31.323990594906896],[-102.11748655238087,31.310134364026883],[-102.11851041980235,31.30989852990549]]]]}},{"type":"Feature","properties":{"ABSTRACT_L":"A-176","ABSTRACT_N":"176","LEVEL1_SUR":"GC&SF","LEVEL2_BLO":"Y","LEVEL3_SUR":"83","Surv_Sect":"83","SHAPE_AREA":651.5397167852892,"owner_count":41.0,"top_owner":"BOAZE GINA","top_owner_state":"CO","top_operator":"PETX OPERATING LLC","max_propensity_score":7.0,"field_name":"Unknown","production_trend":null},"geometry":{"type":"Polygon","coordinates":[[[-102.16781837441916,31.298470903057805],[-102.18447152461584,31.294614400533746],[-102.18867584226648,31.308817960633277],[-102.17226451764596,31.312511497309313],[-102.16781837441916,31.298470903057805]]]}},{"type":"Feature","properties":{"ABSTRACT_L":"BY--S84","ABSTRACT_N":"BY--S84","LEVEL1_SUR":null,"LEVEL2_BLO":"Y","LEVEL3_SUR":"84","Surv_Sect":"84","SHAPE_AREA":655.3901409091552,"owner_count":1.0,"top_owner":"CIVITAS RESOURCES INC","top_owner_state":"CO","top_operator":"CIVITAS PERMIAN OPER","max_propensity_score":4.0,"field_name":"Unknown","production_trend":null},"geometry":{"type":"Polygon","coordinates":[[[-102.15112926196669,31.30241446571472],[-102.16781837441916,31.298470903057805],[-102.17226451764596,31.312511497309313],[-102.15553035737692,31.316379118142372],[-102.15112926196669,31.30241446571472]]]}},{"type":"Feature","properties":{"ABSTRACT_L":"BY--S85","ABSTRACT_N":"BY--S85","LEVEL1_SUR":null,"LEVEL2_BLO":"Y","LEVEL3_SUR":"85","Surv_Sect":"85","SHAPE_AREA":671.5852545692344,"owner_count":0.0,"top_owner":"","top_owner_state":"","top_operator":"","max_propensity_score":0.0,"field_name":"Unknown","production_trend":null},"geometry":{"type":"Polygon","coordinates":[[[-102.20072375939618,31.290895338837647],[-102.2177023979664,31.287106746894136],[-102.21985123100811,31.294062121303583],[-102.22205560418884,31.301196304738653],[-102.20498422444702,31.30510399480379],[-102.20072375939618,31.290895338837647]]]}},{"type":"Feature","properties":{"ABSTRACT_L":"BY--S86","ABSTRACT_N":"BY--S86","LEVEL1_SUR":null,"LEVEL2_BLO":"Y","LEVEL3_SUR":"86","Surv_Sect":"86","SHAPE_AREA":644.2945091804734,"owner_count":0.0,"top_owner":"","top_owner_state":"","top_operator":"","max_propensity_score":0.0,"field_name":"Unknown","production_trend":null},"geometry":{"type":"Polygon","coordinates":[[[-102.18447152461584,31.294614400533746],[-102.1946863808993,31.29227717495186],[-102.20072375939618,31.290895338837647],[-102.20498422444702,31.30510399480379],[-102.18867584226648,31.308817960633277],[-102.18447152461584,31.294614400533746]]]}},{"type":"Feature","properties":{"ABSTRACT_L":"BY--S87","ABSTRACT_N":"BY--S87","LEVEL1_SUR":null,"LEVEL2_BLO":"Y","LEVEL3_SUR":"87","Surv_Sect":"87","SHAPE_AREA":663.8388672266954,"owner_count":16.0,"top_owner":"HEALEY LP","top_owner_state":"OK","top_operator":"RAIDER OIL & GAS COM","max_propensity_score":8.0,"field_name":"Unknown","production_trend":null},"geometry":{"type":"MultiPolygon","coordinates":[[[[-102.31061043703754,31.295790872620636],[-102.31088407914444,31.30264442300534],[-102.3088220763598,31.296194023165366],[-102.31061043703754,31.295790872620636]]],[[[-102.25044474321095,31.309878796128853],[-102.2596820572938,31.307759555408776],[-102.26403923945968,31.321751924227737],[-102.25664692573156,31.32346999582604],[-102.24745252955972,31.325531542443702],[-102.243136564794,31.311559497059974],[-102.25044474321095,31.309878796128853]]]]}},{"type":"Feature","properties":{"ABSTRACT_L":"BY--S88","ABSTRACT_N":"BY--S88","LEVEL1_SUR":null,"LEVEL2_BLO":"Y","LEVEL3_SUR":"88","Surv_Sect":"88","SHAPE_AREA":661.0520997146673,"owner_count":0.0,"top_owner":"","top_owner_state":"","top_operator":"","max_propensity_score":0.0,"field_name":"Unknown","production_trend":null},"geometry":{"type":"Polygon","coordinates":[[[-102.2596820572938,31.307759555408776],[-102.26419792236304,31.306699276292246],[-102.27644247801352,31.3038234628268],[-102.28085115520476,31.318078402187336],[-102.27294182958956,31.319772530789496],[-102.26403923945968,31.321751924227737],[-102.2596820572938,31.307759555408776]]]}},{"type":"Feature","properties":{"ABSTRACT_L":"A-171","ABSTRACT_N":"171","LEVEL1_SUR":"GC&SF","LEVEL2_BLO":"Y","LEVEL3_SUR":"89","Surv_Sect":"89","SHAPE_AREA":653.3382625599914,"owner_count":48.0,"top_owner":"ALAMO ENDEAVORS LLC","top_owner_state":"CO","top_operator":"GREAT AMERICAN RES","max_propensity_score":7.0,"field_name":"Unknown","production_trend":null},"geometry":{"type":"Polygon","coordinates":[[[-102.27644247801352,31.3038234628268],[-102.29270071443827,31.300056134185105],[-102.29728977872844,31.314444169488382],[-102.28942528982572,31.316148885098773],[-102.28085115520476,31.318078402187336],[-102.27644247801352,31.3038234628268]]]}},{"type":"Feature","properties":{"ABSTRACT_L":"A-188","ABSTRACT_N":"188","LEVEL1_SUR":"GC&SF","LEVEL2_BLO":"Y","LEVEL3_SUR":"9","Surv_Sect":"9","SHAPE_AREA":633.4388372187962,"owner_count":2316.0,"top_owner":"CORLEY JOHN ROBERT ESTATE TR","top_owner_state":"NE","top_operator":"PERMIAN RESOURCES OP","max_propensity_score":10.0,"field_name":"Unknown","production_trend":null},"geometry":{"type":"Polygon","coordinates":[[[-101.90093341304997,31.37663149754752],[-101.90103046074506,31.376913581568765],[-101.90397385994376,31.38629375476227],[-101.90416834789771,31.386925458458432],[-101.90530955056666,31.39080681234514],[-101.89898385238943,31.392289371430397],[-101.88925658367592,31.394436299931066],[-101.88474600878537,31.380681371055122],[-101.90093341304997,31.37663149754752]]]}},{"type":"Feature","properties":{"ABSTRACT_L":"A-1396","ABSTRACT_N":"1396","LEVEL1_SUR":"GC&SF","LEVEL2_BLO":"Y","LEVEL3_SUR":"90","Surv_Sect":"90","SHAPE_AREA":630.9832626326529,"owner_count":1.0,"top_owner":"TXP INCORPORATED","top_owner_state":"TX","top_operator":"TXP INCORPORATED","max_propensity_score":2.0,"field_name":"Unknown","production_trend":null},"geometry":{"type":"Polygon","coordinates":[[[-102.29728977872844,31.314444169488382],[-102.29270071443827,31.300056134185105],[-102.30057582681754,31.298179511655018],[-102.3088220763598,31.296194023165366],[-102.31088407914444,31.30264442300534],[-102.31123163373461,31.311286275583743],[-102.30571871595511,31.312586545247356],[-102.29728977872844,31.314444169488382]]]}},{"type":"Feature","properties":{"ABSTRACT_L":"BY--S91","ABSTRACT_N":"BY--S91","LEVEL1_SUR":null,"LEVEL2_BLO":"Y","LEVEL3_SUR":"91","Surv_Sect":"91","SHAPE_AREA":633.6420536834675,"owner_count":0.0,"top_owner":"","top_owner_state":"","top_operator":"","max_propensity_score":0.0,"field_name":"Unknown","production_trend":null},"geometry":{"type":"Polygon","coordinates":[[[-102.30434886150361,31.28223104294298],[-102.30468169450292,31.28327010454494],[-102.30704458260206,31.290646093319204],[-102.3088220763598,31.296194023165366],[-102.30057582681754,31.298179511655018],[-102.29270071443827,31.300056134185105],[-102.28820643049539,31.286048592204654],[-102.30274638920763,31.282610120662074],[-102.30434886150361,31.28223104294298]]]}},{"type":"Feature","properties":{"ABSTRACT_L":"BY--S92","ABSTRACT_N":"BY--S92","LEVEL1_SUR":null,"LEVEL2_BLO":"Y","LEVEL3_SUR":"92","Surv_Sect":"92","SHAPE_AREA":146.62908250553798,"owner_count":0.0,"top_owner":"","top_owner_state":"","top_operator":"","max_propensity_score":0.0,"field_name":"Unknown","production_trend":null},"geometry":{"type":"Polygon","coordinates":[[[-102.31007565288093,31.280869746817345],[-102.31015969027574,31.28362311674826],[-102.31027514984089,31.287405727227938],[-102.31061043703754,31.295790872620636],[-102.3088220763598,31.296194023165366],[-102.30704458260206,31.290646093319204],[-102.30468169450292,31.28327010454494],[-102.30434886150361,31.28223104294298],[-102.30932388246404,31.281052207467084],[-102.31007565288093,31.280869746817345]]]}},{"type":"Feature","properties":{"ABSTRACT_L":"BY--S93","ABSTRACT_N":"BY--S93","LEVEL1_SUR":null,"LEVEL2_BLO":"Y","LEVEL3_SUR":"93","Surv_Sect":"93","SHAPE_AREA":303.8489059900843,"owner_count":0.0,"top_owner":"","top_owner_state":"","top_operator":"","max_propensity_score":0.0,"field_name":"Unknown","production_trend":null},"geometry":{"type":"Polygon","coordinates":[[[-102.30962153474186,31.26598837257375],[-102.31007565288093,31.280869746817345],[-102.30932388246404,31.281052207467084],[-102.30434886150361,31.28223104294298],[-102.30151027683397,31.27347869705899],[-102.29978147984944,31.268309547882954],[-102.30718646970456,31.26657074839266],[-102.30962153474186,31.26598837257375]]]}},{"type":"Feature","properties":{"ABSTRACT_L":"BY--S94","ABSTRACT_N":"BY--S94","LEVEL1_SUR":null,"LEVEL2_BLO":"Y","LEVEL3_SUR":"94","Surv_Sect":"94","SHAPE_AREA":629.2674477493064,"owner_count":0.0,"top_owner":"","top_owner_state":"","top_operator":"","max_propensity_score":0.0,"field_name":"Unknown","production_trend":null},"geometry":{"type":"Polygon","coordinates":[[[-102.28595522185068,31.279018521639593],[-102.2837571835893,31.272153573132872],[-102.28569806472754,31.271688105426033],[-102.29978147984944,31.268309547882954],[-102.30151027683397,31.27347869705899],[-102.30434886150361,31.28223104294298],[-102.30274638920763,31.282610120662074],[-102.28820643049539,31.286048592204654],[-102.28595522185068,31.279018521639593]]]}},{"type":"Feature","properties":{"ABSTRACT_L":"A-354","ABSTRACT_N":"354","LEVEL1_SUR":"ROONEY F","LEVEL2_BLO":"Y","LEVEL3_SUR":"95","Surv_Sect":"95","SHAPE_AREA":630.0087385572625,"owner_count":67.0,"top_owner":"BAROVETTO PAULA STARR LIV TR","top_owner_state":"ID","top_operator":"GREAT AMERICAN RES","max_propensity_score":6.0,"field_name":"Unknown","production_trend":null},"geometry":{"type":"Polygon","coordinates":[[[-102.26885708668642,31.27966350523913],[-102.2676898140096,31.275901871374074],[-102.2837571835893,31.272153573132872],[-102.28595522185068,31.279018521639593],[-102.28820643049539,31.286048592204654],[-102.27207332399983,31.289908971790524],[-102.26885708668642,31.27966350523913]]]}},{"type":"Feature","properties":{"ABSTRACT_L":"BY--S96","ABSTRACT_N":"BY--S96","LEVEL1_SUR":null,"LEVEL2_BLO":"Y","LEVEL3_SUR":"96","Surv_Sect":"96","SHAPE_AREA":633.8934116059568,"owner_count":0.0,"top_owner":"","top_owner_state":"","top_operator":"","max_propensity_score":0.0,"field_name":"Unknown","production_trend":null},"geometry":{"type":"Polygon","coordinates":[[[-102.27207332399983,31.289908971790524],[-102.28820643049539,31.286048592204654],[-102.29270071443827,31.300056134185105],[-102.27644247801352,31.3038234628268],[-102.27207332399983,31.289908971790524]]]}}]}